# sigma_xx, sigma_yy, sigma_xy, epsilon_xx, epsilon_yy, epsilon_xy, vonMises, epsPlastic, hardening, epsilonP__xx, epsilonP__yy, epsilonP__xy, yieldValue, iteration
   0.00000,   0.00000,   0.00000,   0.00000,   0.00000,   0.00000,   0.00000,   0.00000,54928027.16531,   0.00000,   0.00000,   0.00000,-55428027.16531,   0.00000
   0.00000,   0.00000,   0.00000,   0.00000,   0.00000,   0.00000,   0.00000,   0.00000,54928027.16531,   0.00000,   0.00000,   0.00000,-55428027.16531,   0.00000
-142784.24473,449703.64930,-138780.94815,  -0.00061,   0.00093,  -0.00072,587036.42422,   0.00000,54928027.16531,   0.00000,   0.00000,   0.00000,-54840990.74108,   0.00000
-285568.48947,899407.29860,-276227.46411,  -0.00122,   0.00186,  -0.00144,1173128.32649,   0.00000,54928027.16531,   0.00000,   0.00000,   0.00000,-54254898.83882,   0.00000
-421680.57323,1355783.10886,-413673.98007,  -0.00182,   0.00280,  -0.00215,1760979.33775,   0.00000,54928027.16531,   0.00000,   0.00000,   0.00000,-53667047.82755,   0.00000
-557792.65699,1812158.91913,-549786.06383,  -0.00243,   0.00373,  -0.00286,2347904.53016,   0.00000,54928027.16531,   0.00000,   0.00000,   0.00000,-53080122.63515,   0.00000
-687232.57979,2275206.89037,-685898.14759,  -0.00303,   0.00468,  -0.00357,2936634.14816,   0.00000,54928027.16531,   0.00000,   0.00000,   0.00000,-52491393.01715,   0.00000
-816672.50258,2738254.86160,-820675.79916,  -0.00362,   0.00562,  -0.00427,3524454.20117,   0.00000,54928027.16531,   0.00000,   0.00000,   0.00000,-51903572.96414,   0.00000
-941441.91270,3203304.48113,-955453.45073,  -0.00421,   0.00656,  -0.00497,4111188.57036,   0.00000,54928027.16531,   0.00000,   0.00000,   0.00000,-51316838.59495,   0.00000
-1062208.02624,3677695.12601,-1088896.67011,  -0.00480,   0.00752,  -0.00566,4702902.55973,   0.00000,54928027.16531,   0.00000,   0.00000,   0.00000,-50725124.60557,   0.00000
-1184975.78806,4147415.25822,-1222339.88949,  -0.00539,   0.00847,  -0.00636,5291705.96526,   0.00000,54928027.16531,   0.00000,   0.00000,   0.00000,-50136321.20005,   0.00000
-1296400.87624,4625809.19968,-1354448.67667,  -0.00597,   0.00943,  -0.00704,5880413.48349,   0.00000,54928027.16531,   0.00000,   0.00000,   0.00000,-49547613.68182,   0.00000
-1410494.82881,5106872.00553,-1486557.46385,  -0.00655,   0.01039,  -0.00773,6473207.33317,   0.00000,54928027.16531,   0.00000,   0.00000,   0.00000,-48954819.83214,   0.00000
-1517249.40431,5587267.59529,-1618666.25104,  -0.00712,   0.01135,  -0.00842,7060957.77240,   0.00000,54928027.16531,   0.00000,   0.00000,   0.00000,-48367069.39290,   0.00000
-1620000.68323,6077004.21040,-1749440.60602,  -0.00769,   0.01232,  -0.00910,7653806.93915,   0.00000,54928027.16531,   0.00000,   0.00000,   0.00000,-47774220.22616,   0.00000
-1722751.96215,6566740.82551,-1878880.52882,  -0.00826,   0.01330,  -0.00977,8245811.12804,   0.00000,54928027.16531,   0.00000,   0.00000,   0.00000,-47182216.03726,   0.00000
-1820832.72839,7058479.08891,-2008320.45161,  -0.00882,   0.01427,  -0.01044,8836850.21488,   0.00000,54928027.16531,   0.00000,   0.00000,   0.00000,-46591176.95042,   0.00000
-1916911.84634,7554887.86499,-2136425.94222,  -0.00938,   0.01525,  -0.01111,9430052.12844,   0.00000,54928027.16531,   0.00000,   0.00000,   0.00000,-45997975.03686,   0.00000
-2008320.45161,8053298.28936,-2264531.43282,  -0.00994,   0.01622,  -0.01178,10022318.88646,   0.00000,54928027.16531,   0.00000,   0.00000,   0.00000,-45405708.27884,   0.00000
-2099729.05689,8551708.71374,-2392636.92342,  -0.01049,   0.01720,  -0.01244,10614659.18676,   0.00000,54928027.16531,   0.00000,   0.00000,   0.00000,-44813367.97854,   0.00000
-2184465.50119,9056791.29908,-2519407.98183,  -0.01104,   0.01819,  -0.01310,11208204.85367,   0.00000,54928027.16531,   0.00000,   0.00000,   0.00000,-44219822.31163,   0.00000
-2262529.78453,9568546.04538,-2644844.60804,  -0.01158,   0.01918,  -0.01375,11803001.47729,   0.00000,54928027.16531,   0.00000,   0.00000,   0.00000,-43625025.68802,   0.00000
-2340594.06786,10080300.79169,-2770281.23425,  -0.01212,   0.02017,  -0.01441,12397907.53423,   0.00000,54928027.16531,   0.00000,   0.00000,   0.00000,-43030119.63107,   0.00000
-2418658.35120,10592055.53800,-2895717.86047,  -0.01266,   0.02116,  -0.01506,12992907.99265,   0.00000,54928027.16531,   0.00000,   0.00000,   0.00000,-42435119.17265,   0.00000
-2490050.47356,11110482.44528,-3019820.05449,  -0.01320,   0.02216,  -0.01570,13589215.32269,   0.00000,54928027.16531,   0.00000,   0.00000,   0.00000,-41838811.84261,   0.00000
-2556772.08325,11630911.00085,-3142587.81631,  -0.01373,   0.02316,  -0.01634,14183805.45886,   0.00000,54928027.16531,   0.00000,   0.00000,   0.00000,-41244221.70645,   0.00000
-2623493.69294,12151339.55641,-3265355.57814,  -0.01425,   0.02416,  -0.01698,14778510.61556,   0.00000,54928027.16531,   0.00000,   0.00000,   0.00000,-40649516.54975,   0.00000
-2688213.65434,12676438.62466,-3388123.33997,  -0.01478,   0.02517,  -0.01762,15376400.86482,   0.00000,54928027.16531,   0.00000,   0.00000,   0.00000,-40051626.30048,   0.00000
-2748263.10306,13203539.34120,-3509556.66960,  -0.01530,   0.02617,  -0.01825,15972606.71496,   0.00000,54928027.16531,   0.00000,   0.00000,   0.00000,-39455420.45035,   0.00000
-2801640.39081,13737312.21870,-3629655.56704,  -0.01581,   0.02719,  -0.01887,16570248.73840,   0.00000,54928027.16531,   0.00000,   0.00000,   0.00000,-38857778.42690,   0.00000
-2855017.67856,14271085.09621,-3749754.46448,  -0.01633,   0.02820,  -0.01950,17168027.59904,   0.00000,54928027.16531,   0.00000,   0.00000,   0.00000,-38259999.56626,   0.00000
-2901722.80534,14811530.13468,-3869853.36192,  -0.01683,   0.02922,  -0.02012,17768164.51048,   0.00000,54928027.16531,   0.00000,   0.00000,   0.00000,-37659862.65482,   0.00000
-2948427.93212,15351975.17316,-3988617.82716,  -0.01734,   0.03024,  -0.02074,18367574.08901,   0.00000,54928027.16531,   0.00000,   0.00000,   0.00000,-37060453.07630,   0.00000
-2990462.54622,15894421.85992,-4106047.86021,  -0.01784,   0.03126,  -0.02135,18965391.45018,   0.00000,54928027.16531,   0.00000,   0.00000,   0.00000,-36462635.71513,   0.00000
-3030495.51204,16441539.05936,-4223477.89326,  -0.01834,   0.03229,  -0.02196,19566487.07776,   0.00000,54928027.16531,   0.00000,   0.00000,   0.00000,-35861540.08755,   0.00000
-3065857.96517,16990657.90710,-4340907.92631,  -0.01883,   0.03331,  -0.02257,20166886.96678,   0.00000,54928027.16531,   0.00000,   0.00000,   0.00000,-35261140.19853,   0.00000
-3101220.41831,17539776.75483,-4457003.52717,  -0.01933,   0.03434,  -0.02318,20766576.31437,   0.00000,54928027.16531,   0.00000,   0.00000,   0.00000,-34661450.85094,   0.00000
-3129910.71047,18095567.76353,-4571764.69583,  -0.01981,   0.03538,  -0.02377,21367885.30477,   0.00000,54928027.16531,   0.00000,   0.00000,   0.00000,-34060141.86054,   0.00000
-3156599.35435,18656029.28492,-4686525.86450,  -0.02030,   0.03642,  -0.02437,21972522.20831,   0.00000,54928027.16531,   0.00000,   0.00000,   0.00000,-33455504.95699,   0.00000
-3180619.13384,19213821.94191,-4799952.60097,  -0.02078,   0.03745,  -0.02496,22572500.44428,   0.00000,54928027.16531,   0.00000,   0.00000,   0.00000,-32855526.72102,   0.00000
-3197966.75236,19778286.75987,-4913379.33744,  -0.02125,   0.03849,  -0.02555,23175025.59917,   0.00000,54928027.16531,   0.00000,   0.00000,   0.00000,-32253001.56614,   0.00000
-3215314.37087,20342751.57783,-5026806.07391,  -0.02172,   0.03953,  -0.02614,23777730.49865,   0.00000,54928027.16531,   0.00000,   0.00000,   0.00000,-31650296.66666,   0.00000
-3230660.34110,20911886.90847,-5137563.94599,  -0.02219,   0.04058,  -0.02672,24382105.60847,   0.00000,54928027.16531,   0.00000,   0.00000,   0.00000,-31045921.55684,   0.00000
-3236665.28597,21485025.53569,-5249656.25027,  -0.02265,   0.04163,  -0.02730,24985972.72472,   0.00000,54928027.16531,   0.00000,   0.00000,   0.00000,-30442054.44059,   0.00000
-3245339.09523,22060833.02730,-5360414.12235,  -0.02311,   0.04268,  -0.02787,25593154.98894,   0.00000,54928027.16531,   0.00000,   0.00000,   0.00000,-29834872.17637,   0.00000
-3251344.04011,22633971.65453,-5469837.56224,  -0.02357,   0.04373,  -0.02844,26195726.91566,   0.00000,54928027.16531,   0.00000,   0.00000,   0.00000,-29232300.24965,   0.00000
-3250676.82401,23213782.44272,-5579261.00213,  -0.02402,   0.04478,  -0.02901,26800961.91717,   0.00000,54928027.16531,   0.00000,   0.00000,   0.00000,-28627065.24814,   0.00000
-3248007.95962,23798263.74358,-5687350.00982,  -0.02447,   0.04585,  -0.02957,27408788.98058,   0.00000,54928027.16531,   0.00000,   0.00000,   0.00000,-28019238.18473,   0.00000
-3240668.58256,24384746.69274,-5795439.01752,  -0.02492,   0.04691,  -0.03014,28016102.99184,   0.00000,54928027.16531,   0.00000,   0.00000,   0.00000,-27411924.17347,   0.00000
-3233329.20549,24971229.64190,-5902193.59302,  -0.02536,   0.04797,  -0.03069,28622798.62813,   0.00000,54928027.16531,   0.00000,   0.00000,   0.00000,-26805228.53718,   0.00000
-3221319.31575,25559714.23935,-6008948.16852,  -0.02580,   0.04903,  -0.03125,29228996.99941,   0.00000,54928027.16531,   0.00000,   0.00000,   0.00000,-26199030.16590,   0.00000
-3202637.26503,26154870.99777,-6114368.31183,  -0.02623,   0.05010,  -0.03179,29837145.07856,   0.00000,54928027.16531,   0.00000,   0.00000,   0.00000,-25590882.08675,   0.00000
-3183955.21432,26750027.75619,-6219788.45513,  -0.02666,   0.05117,  -0.03234,30445521.04007,   0.00000,54928027.16531,   0.00000,   0.00000,   0.00000,-24982506.12524,   0.00000
-3163271.51532,27349855.02729,-6323874.16625,  -0.02709,   0.05224,  -0.03288,31056561.74564,   0.00000,54928027.16531,   0.00000,   0.00000,   0.00000,-24371465.41967,   0.00000
-3139918.95193,27947013.43400,-6427959.87736,  -0.02751,   0.05331,  -0.03343,31663891.30525,   0.00000,54928027.16531,   0.00000,   0.00000,   0.00000,-23764135.86006,   0.00000
-3109894.22757,28550844.00167,-6530711.15628,  -0.02793,   0.05439,  -0.03396,32273252.15853,   0.00000,54928027.16531,   0.00000,   0.00000,   0.00000,-23154775.00678,   0.00000
-3077867.85492,29159345.08203,-6632128.00301,  -0.02835,   0.05547,  -0.03449,32885325.79417,   0.00000,54928027.16531,   0.00000,   0.00000,   0.00000,-22542701.37114,   0.00000
-3043172.61788,29765177.29800,-6733544.84973,  -0.02876,   0.05655,  -0.03501,33493717.77533,   0.00000,54928027.16531,   0.00000,   0.00000,   0.00000,-21934309.38998,   0.00000
-3006475.73255,30375680.02665,-6834961.69646,  -0.02916,   0.05763,  -0.03554,34105640.03867,   0.00000,54928027.16531,   0.00000,   0.00000,   0.00000,-21322387.12663,   0.00000
-2967777.19893,30990853.26797,-6935044.11099,  -0.02957,   0.05872,  -0.03606,34720298.75948,   0.00000,54928027.16531,   0.00000,   0.00000,   0.00000,-20707728.40582,   0.00000
-2921739.28825,31605359.29320,-7033792.09333,  -0.02997,   0.05980,  -0.03658,35329882.67916,   0.00000,54928027.16531,   0.00000,   0.00000,   0.00000,-20098144.48614,   0.00000
-2878370.24195,32222534.18282,-7132540.07567,  -0.03037,   0.06089,  -0.03709,35943629.36206,   0.00000,54928027.16531,   0.00000,   0.00000,   0.00000,-19484397.80324,   0.00000
-2825660.17029,32843712.36901,-7231288.05801,  -0.03076,   0.06198,  -0.03760,36556443.32256,   0.00000,54928027.16531,   0.00000,   0.00000,   0.00000,-18871583.84274,   0.00000
-2770948.45035,33469561.06789,-7328701.60815,  -0.03115,   0.06308,  -0.03811,37172055.41197,   0.00000,54928027.16531,   0.00000,   0.00000,   0.00000,-18255971.75334,   0.00000
-2716236.73041,34095409.76676,-7424780.72610,  -0.03154,   0.06417,  -0.03861,37787143.58056,   0.00000,54928027.16531,   0.00000,   0.00000,   0.00000,-17640883.58475,   0.00000
-2656854.49778,34723260.11393,-7520859.84405,  -0.03192,   0.06527,  -0.03911,38401931.16179,   0.00000,54928027.16531,   0.00000,   0.00000,   0.00000,-17026096.00351,   0.00000
-2592801.75248,35353112.10939,-7615604.52981,  -0.03229,   0.06637,  -0.03960,39015651.53682,   0.00000,54928027.16531,   0.00000,   0.00000,   0.00000,-16412375.62848,   0.00000
-2526747.35889,35987634.61752,-7710349.21557,  -0.03267,   0.06747,  -0.04009,39632996.52285,   0.00000,54928027.16531,   0.00000,   0.00000,   0.00000,-15795030.64245,   0.00000
-2462694.61359,36617486.61298,-7805093.90132,  -0.03304,   0.06856,  -0.04059,40247252.70229,   0.00000,54928027.16531,   0.00000,   0.00000,   0.00000,-15180774.46302,   0.00000
-2389968.05903,37258681.28208,-7897169.72269,  -0.03341,   0.06967,  -0.04107,40866419.04150,   0.00000,54928027.16531,   0.00000,   0.00000,   0.00000,-14561608.12380,   0.00000
-2314572.64008,37897207.08680,-7990579.97626,  -0.03377,   0.07078,  -0.04155,41482761.42225,   0.00000,54928027.16531,   0.00000,   0.00000,   0.00000,-13945265.74306,   0.00000
-2237175.57285,38540403.40419,-8081321.36543,  -0.03413,   0.07189,  -0.04202,42101218.07263,   0.00000,54928027.16531,   0.00000,   0.00000,   0.00000,-13326809.09268,   0.00000
-2155107.99293,39185601.36987,-8172062.75461,  -0.03449,   0.07300,  -0.04249,42719467.18881,   0.00000,54928027.16531,   0.00000,   0.00000,   0.00000,-12708559.97650,   0.00000
-2073040.41301,39830799.33556,-8262804.14379,  -0.03484,   0.07411,  -0.04297,43338005.56007,   0.00000,54928027.16531,   0.00000,   0.00000,   0.00000,-12090021.60524,   0.00000
-1986302.32042,40477998.94953,-8352211.10077,  -0.03519,   0.07522,  -0.04343,43955587.01600,   0.00000,54928027.16531,   0.00000,   0.00000,   0.00000,-11472440.14930,   0.00000
-1897562.57953,41129869.07619,-8441618.05775,  -0.03553,   0.07634,  -0.04390,44576856.33517,   0.00000,54928027.16531,   0.00000,   0.00000,   0.00000,-10851170.83013,   0.00000
-1804152.32597,41783740.85113,-8529690.58254,  -0.03587,   0.07745,  -0.04435,45197201.93414,   0.00000,54928027.16531,   0.00000,   0.00000,   0.00000,-10230825.23116,   0.00000
-1710742.07241,42437612.62608,-8616428.67513,  -0.03621,   0.07857,  -0.04481,45817092.25335,   0.00000,54928027.16531,   0.00000,   0.00000,   0.00000,-9610934.91195,   0.00000
-1612661.30616,43093486.04931,-8703166.76773,  -0.03655,   0.07969,  -0.04526,46436836.12425,   0.00000,54928027.16531,   0.00000,   0.00000,   0.00000,-8991191.04105,   0.00000
-1507908.37895,43756031.63352,-8789904.86032,  -0.03687,   0.08081,  -0.04571,47059871.02705,   0.00000,54928027.16531,   0.00000,   0.00000,   0.00000,-8368156.13825,   0.00000
-1403155.45174,44418577.21772,-8875308.52072,  -0.03720,   0.08194,  -0.04615,47682473.92978,   0.00000,54928027.16531,   0.00000,   0.00000,   0.00000,-7745553.23553,   0.00000
-1298402.52453,45081122.80192,-8959377.74893,  -0.03753,   0.08306,  -0.04659,48304640.30294,   0.00000,54928027.16531,   0.00000,   0.00000,   0.00000,-7123386.86236,   0.00000
-1188979.08464,45745670.03442,-9043446.97714,  -0.03785,   0.08418,  -0.04703,48926704.80147,   0.00000,54928027.16531,   0.00000,   0.00000,   0.00000,-6501322.36383,   0.00000
-1074885.13208,46412218.91520,-9126181.77315,  -0.03816,   0.08531,  -0.04746,49547944.74051,   0.00000,54928027.16531,   0.00000,   0.00000,   0.00000,-5880082.42480,   0.00000
-958789.53122,47083438.30867,-9208916.56916,  -0.03847,   0.08644,  -0.04789,50172950.69267,   0.00000,54928027.16531,   0.00000,   0.00000,   0.00000,-5255076.47264,   0.00000
-838023.41768,47756659.35042,-9290316.93298,  -0.03878,   0.08757,  -0.04831,50797164.88735,   0.00000,54928027.16531,   0.00000,   0.00000,   0.00000,-4630862.27796,   0.00000
-717257.30415,48429880.39217,-9371717.29680,  -0.03908,   0.08870,  -0.04873,51421704.69330,   0.00000,54928027.16531,   0.00000,   0.00000,   0.00000,-4006322.47201,   0.00000
-591820.67793,49105103.08222,-9451783.22843,  -0.03938,   0.08983,  -0.04915,52045474.67761,   0.00000,54928027.16531,   0.00000,   0.00000,   0.00000,-3382552.48769,   0.00000
-464382.40343,49784996.28494,-9531849.16005,  -0.03968,   0.09097,  -0.04957,52673040.80427,   0.00000,54928027.16531,   0.00000,   0.00000,   0.00000,-2754986.36104,   0.00000
-332273.61625,50466891.13595,-9610580.65949,  -0.03997,   0.09211,  -0.04998,53299869.65219,   0.00000,54928027.16531,   0.00000,   0.00000,   0.00000,-2128157.51312,   0.00000
-200164.82906,51148785.98697,-9689312.15892,  -0.04026,   0.09325,  -0.05038,53927032.85220,   0.00000,54928027.16531,   0.00000,   0.00000,   0.00000,-1500994.31311,   0.00000
-63385.52920,51832682.48627,-9766709.22616,  -0.04054,   0.09438,  -0.05079,54553480.73938,   0.00000,54928027.16531,   0.00000,   0.00000,   0.00000,-874546.42592,   0.00000
73393.77066,52516578.98558,-9842771.86120,  -0.04083,   0.09552,  -0.05118,55179548.19473,   0.00000,54928027.16531,   0.00000,   0.00000,   0.00000,-248478.97057,   0.00000
236708.77678,52950870.65089,-9867642.92360,  -0.04111,   0.09666,  -0.05158,55528622.60595,   0.00046,55028622.60559,  -0.00024,   0.00047,  -0.00027,   0.00036,   2.00000
420114.96304,53222331.60702,-9857171.11490,  -0.04138,   0.09781,  -0.05197,55694928.38274,   0.00123,55194928.38013,  -0.00063,   0.00127,  -0.00071,   0.00261,   2.00000
597703.94403,53488996.04533,-9846626.94154,  -0.04166,   0.09895,  -0.05236,55859892.14473,   0.00200,55359892.14227,  -0.00102,   0.00207,  -0.00115,   0.00247,   2.00000
783374.38672,53757434.56808,-9836126.74768,  -0.04192,   0.10010,  -0.05274,56023311.37682,   0.00277,55523311.37450,  -0.00141,   0.00287,  -0.00160,   0.00231,   2.00000
967784.68368,54023760.11918,-9824367.52590,  -0.04218,   0.10124,  -0.05313,56185180.33131,   0.00354,55685180.32914,  -0.00181,   0.00367,  -0.00204,   0.00217,   2.00000
1150941.29908,54288003.77466,-9811363.43299,  -0.04245,   0.10239,  -0.05350,56345525.74397,   0.00432,55845525.74194,  -0.00220,   0.00448,  -0.00248,   0.00204,   2.00000
1339658.48628,54554094.05157,-9797915.62498,  -0.04270,   0.10354,  -0.05387,56505375.49094,   0.00510,56005375.48898,  -0.00259,   0.00529,  -0.00293,   0.00196,   2.00000
1529559.38877,54818026.10088,-9783742.12271,  -0.04295,   0.10468,  -0.05424,56662800.32610,   0.00588,56162800.32430,  -0.00298,   0.00611,  -0.00337,   0.00180,   2.00000
1720295.55744,55082099.16736,-9767872.76645,  -0.04320,   0.10583,  -0.05460,56819658.48314,   0.00666,56319658.48141,  -0.00337,   0.00693,  -0.00381,   0.00173,   2.00000
1914396.56478,55345288.19406,-9753286.82045,  -0.04345,   0.10699,  -0.05497,56975370.30420,   0.00745,56475370.30256,  -0.00376,   0.00775,  -0.00425,   0.00164,   2.00000
2107124.83846,55606898.54391,-9736253.17013,  -0.04369,   0.10814,  -0.05533,57129504.99544,   0.00824,56629504.99391,  -0.00415,   0.00858,  -0.00470,   0.00154,   2.00000
2298540.02457,55866005.34585,-9719259.37754,  -0.04393,   0.10929,  -0.05568,57282419.63108,   0.00903,56782419.62962,  -0.00454,   0.00941,  -0.00514,   0.00145,   2.00000
2493275.84045,56124744.61945,-9702330.64571,  -0.04417,   0.11044,  -0.05603,57434088.94620,   0.00982,56934088.94483,  -0.00493,   0.01024,  -0.00558,   0.00137,   2.00000
2693382.72680,56385693.23192,-9683756.05825,  -0.04440,   0.11160,  -0.05638,57585222.52935,   0.01062,57085222.52803,  -0.00532,   0.01108,  -0.00602,   0.00132,   2.00000
2892081.76386,56644604.07873,-9664003.12618,  -0.04463,   0.11276,  -0.05672,57735027.07158,   0.01142,57235027.07033,  -0.00571,   0.01192,  -0.00647,   0.00125,   2.00000
3091945.74859,56901032.85278,-9644811.63900,  -0.04485,   0.11391,  -0.05706,57882812.09704,   0.01222,57382812.09588,  -0.00609,   0.01276,  -0.00691,   0.00115,   2.00000
3292482.51114,57157550.09515,-9623974.91565,  -0.04507,   0.11507,  -0.05739,58030150.95128,   0.01302,57530150.95017,  -0.00648,   0.01361,  -0.00735,   0.00111,   2.00000
3496248.07627,57413673.14594,-9603233.46059,  -0.04528,   0.11623,  -0.05773,58176347.84969,   0.01382,57676347.84864,  -0.00686,   0.01446,  -0.00779,   0.00105,   2.00000
3698580.86622,57667338.89985,-9582572.99995,  -0.04550,   0.11739,  -0.05806,58321447.82026,   0.01463,57821447.81926,  -0.00725,   0.01532,  -0.00823,   0.00100,   2.00000
3904096.57567,57921576.00447,-9559533.71360,  -0.04571,   0.11855,  -0.05838,58465148.29231,   0.01544,57965148.29136,  -0.00763,   0.01617,  -0.00867,   0.00094,   2.00000
4110214.93311,58174896.23360,-9537359.36497,  -0.04592,   0.11971,  -0.05870,58608743.05362,   0.01625,58108743.05270,  -0.00802,   0.01704,  -0.00911,   0.00092,   2.00000
4312808.72138,58424749.61490,-9513283.75995,  -0.04612,   0.12087,  -0.05902,58750188.26046,   0.01706,58250188.25962,  -0.00840,   0.01790,  -0.00955,   0.00085,   2.00000
4525260.76723,58678230.67541,-9488863.57864,  -0.04632,   0.12204,  -0.05933,58891374.92947,   0.01788,58391374.92865,  -0.00879,   0.01877,  -0.00999,   0.00082,   2.00000
4729533.63732,58925299.16015,-9465030.61975,  -0.04652,   0.12320,  -0.05964,59030759.76956,   0.01869,58530759.76880,  -0.00917,   0.01964,  -0.01042,   0.00076,   2.00000
4943622.26149,59176433.57370,-9439609.40225,  -0.04671,   0.12436,  -0.05995,59169776.35750,   0.01951,58669776.35676,  -0.00955,   0.02052,  -0.01086,   0.00074,   2.00000
5151528.31531,59423616.78085,-9413075.09349,  -0.04690,   0.12553,  -0.06024,59307672.17656,   0.02033,58807672.17586,  -0.00993,   0.02139,  -0.01130,   0.00070,   2.00000
5367201.63127,59672406.28451,-9386684.77913,  -0.04708,   0.12669,  -0.06054,59444584.63318,   0.02116,58944584.63251,  -0.01031,   0.02228,  -0.01173,   0.00067,   2.00000
5576674.68992,59916812.65477,-9360435.70796,  -0.04727,   0.12786,  -0.06084,59580537.39771,   0.02198,59080537.39708,  -0.01068,   0.02316,  -0.01217,   0.00063,   2.00000
5793895.54605,60163291.11626,-9333083.43451,  -0.04744,   0.12902,  -0.06113,59715411.22935,   0.02281,59215411.22875,  -0.01106,   0.02405,  -0.01260,   0.00060,   2.00000
6004900.38545,60405897.15649,-9304643.52639,  -0.04762,   0.13019,  -0.06142,59849219.02799,   0.02363,59349219.02742,  -0.01144,   0.02494,  -0.01303,   0.00057,   2.00000
6218999.14493,60648131.38020,-9276363.38681,  -0.04780,   0.13136,  -0.06170,59982112.88485,   0.02446,59482112.88431,  -0.01181,   0.02583,  -0.01346,   0.00055,   2.00000
6436169.35070,60890450.83119,-9246995.87137,  -0.04796,   0.13252,  -0.06198,60113981.92502,   0.02529,59613981.92450,  -0.01218,   0.02672,  -0.01390,   0.00052,   2.00000
6653683.67775,61132240.50028,-9217331.14920,  -0.04813,   0.13369,  -0.06226,60245707.93682,   0.02613,59745707.93631,  -0.01256,   0.02762,  -0.01433,   0.00051,   2.00000
6872298.54379,61372289.66340,-9187058.15242,  -0.04829,   0.13486,  -0.06253,60375689.15886,   0.02696,59875689.15839,  -0.01293,   0.02852,  -0.01476,   0.00047,   2.00000
7091220.14320,61611799.01305,-9156499.54204,  -0.04845,   0.13603,  -0.06280,60505543.56515,   0.02780,60005543.56469,  -0.01330,   0.02943,  -0.01518,   0.00046,   2.00000
7311244.48684,61849598.54284,-9125336.95898,  -0.04860,   0.13720,  -0.06306,60633694.62058,   0.02863,60133694.62016,  -0.01366,   0.03034,  -0.01561,   0.00043,   2.00000
7531552.14765,62087313.41098,-9092653.06536,  -0.04875,   0.13837,  -0.06332,60761615.72066,   0.02947,60261615.72024,  -0.01403,   0.03125,  -0.01604,   0.00042,   2.00000
7754843.75427,62324606.88044,-9060161.10257,  -0.04890,   0.13954,  -0.06358,60888719.75715,   0.03031,60388719.75675,  -0.01440,   0.03216,  -0.01646,   0.00040,   2.00000
7974577.34404,62557872.54014,-9028340.62540,  -0.04905,   0.14071,  -0.06383,61014273.00934,   0.03115,60514273.00897,  -0.01476,   0.03307,  -0.01688,   0.00037,   2.00000
8194560.75329,62791056.36905,-8995010.67287,  -0.04919,   0.14188,  -0.06408,61139619.81168,   0.03199,60639619.81132,  -0.01513,   0.03399,  -0.01731,   0.00036,   2.00000
8422164.78410,63026158.75346,-8960608.83242,  -0.04932,   0.14306,  -0.06432,61264103.55240,   0.03284,60764103.55206,  -0.01549,   0.03492,  -0.01773,   0.00035,   2.00000
8643421.20549,63257109.55440,-8926453.20982,  -0.04946,   0.14423,  -0.06457,61387763.42166,   0.03369,60887763.42133,  -0.01585,   0.03584,  -0.01815,   0.00033,   2.00000
8867653.75528,63488119.17798,-8891251.58224,  -0.04959,   0.14540,  -0.06480,61510559.78882,   0.03453,61010559.78850,  -0.01621,   0.03677,  -0.01857,   0.00032,   2.00000
9092977.76055,63717061.91503,-8856721.54676,  -0.04972,   0.14657,  -0.06504,61631914.99822,   0.03538,61131914.99792,  -0.01657,   0.03769,  -0.01898,   0.00030,   2.00000
9318446.52117,63945866.91767,-8820710.25782,  -0.04984,   0.14774,  -0.06527,61753105.09323,   0.03623,61253105.09294,  -0.01692,   0.03863,  -0.01940,   0.00029,   2.00000
9542198.18742,64172438.75065,-8784944.66684,  -0.04997,   0.14891,  -0.06550,61873540.96157,   0.03708,61373540.96130,  -0.01728,   0.03956,  -0.01982,   0.00028,   2.00000
9768892.45480,64399060.05091,-8748142.92891,  -0.05009,   0.15008,  -0.06572,61993166.70021,   0.03793,61493166.69995,  -0.01763,   0.04050,  -0.02023,   0.00026,   2.00000
9998501.89299,64625705.68843,-8710310.89047,  -0.05020,   0.15126,  -0.06593,62111997.09071,   0.03878,61611997.09046,  -0.01799,   0.04144,  -0.02064,   0.00025,   2.00000
10226319.15492,64849669.03121,-8673996.56387,  -0.05031,   0.15243,  -0.06616,62230204.99309,   0.03964,61730204.99285,  -0.01834,   0.04238,  -0.02105,   0.00024,   2.00000
10452447.26976,65072344.21959,-8635423.18290,  -0.05042,   0.15360,  -0.06637,62347493.85603,   0.04049,61847493.85580,  -0.01869,   0.04332,  -0.02146,   0.00023,   2.00000
10681452.38433,65294597.91808,-8597089.95215,  -0.05052,   0.15478,  -0.06657,62464123.06790,   0.04135,61964123.06768,  -0.01903,   0.04427,  -0.02187,   0.00022,   2.00000
10910476.07052,65516645.91472,-8557321.44868,  -0.05063,   0.15596,  -0.06677,62580626.66397,   0.04221,62080626.66376,  -0.01938,   0.04522,  -0.02228,   0.00022,   2.00000
11140590.65819,65736722.81685,-8518251.90259,  -0.05072,   0.15713,  -0.06698,62695816.55284,   0.04307,62195816.55264,  -0.01973,   0.04618,  -0.02268,   0.00021,   2.00000
11368920.57177,65954633.03244,-8479462.36878,  -0.05082,   0.15830,  -0.06718,62810324.27328,   0.04393,62310324.27309,  -0.02007,   0.04713,  -0.02308,   0.00020,   2.00000
11600162.47354,66173008.69485,-8438395.45002,  -0.05091,   0.15947,  -0.06736,62924023.63351,   0.04479,62424023.63333,  -0.02041,   0.04809,  -0.02348,   0.00019,   2.00000
11829565.17292,66388781.96545,-8398887.27085,  -0.05100,   0.16065,  -0.06756,63037151.60277,   0.04565,62537151.60259,  -0.02075,   0.04905,  -0.02388,   0.00018,   2.00000
12061864.70666,66605008.74550,-8357104.66705,  -0.05109,   0.16182,  -0.06774,63149495.33578,   0.04651,62649495.33561,  -0.02109,   0.05001,  -0.02428,   0.00017,   2.00000
12292347.55303,66819090.84489,-8315628.70964,  -0.05117,   0.16299,  -0.06792,63261190.82320,   0.04738,62761190.82303,  -0.02142,   0.05097,  -0.02468,   0.00017,   2.00000
12521025.46416,67031058.22495,-8274459.60179,  -0.05125,   0.16416,  -0.06810,63372243.95278,   0.04824,62872243.95262,  -0.02176,   0.05193,  -0.02507,   0.00016,   2.00000
12752554.17670,67243037.26846,-8232289.89073,  -0.05133,   0.16534,  -0.06827,63482635.53035,   0.04911,62982635.53020,  -0.02209,   0.05290,  -0.02547,   0.00015,   2.00000
12986860.03398,67454565.94945,-8190389.18648,  -0.05140,   0.16651,  -0.06845,63592463.54255,   0.04997,63092463.54240,  -0.02242,   0.05387,  -0.02586,   0.00015,   2.00000
13219361.66855,67664420.87688,-8147536.20885,  -0.05147,   0.16768,  -0.06861,63701585.24469,   0.05084,63201585.24455,  -0.02275,   0.05484,  -0.02625,   0.00014,   2.00000
13450073.06884,67872621.05630,-8103740.66686,  -0.05154,   0.16885,  -0.06877,63810009.24946,   0.05171,63310009.24932,  -0.02307,   0.05582,  -0.02663,   0.00014,   2.00000
13683552.06851,68080373.38000,-8060229.04227,  -0.05160,   0.17003,  -0.06893,63917895.61167,   0.05258,63417895.61154,  -0.02340,   0.05679,  -0.02702,   0.00013,   2.00000
13915226.99993,68286481.46991,-8015781.04357,  -0.05166,   0.17120,  -0.06909,64025100.08220,   0.05345,63525100.08207,  -0.02372,   0.05777,  -0.02740,   0.00013,   2.00000
14149649.03376,68492133.82102,-7971622.44757,  -0.05172,   0.17237,  -0.06924,64131783.08245,   0.05432,63631783.08232,  -0.02405,   0.05875,  -0.02779,   0.00012,   2.00000
14380661.41352,68694824.74481,-7926958.13280,  -0.05177,   0.17354,  -0.06938,64237180.43012,   0.05519,63737180.43001,  -0.02436,   0.05973,  -0.02816,   0.00012,   2.00000
14616004.99323,68898393.17558,-7882160.78641,  -0.05182,   0.17471,  -0.06953,64342694.23523,   0.05606,63842694.23511,  -0.02468,   0.06072,  -0.02854,   0.00011,   2.00000
14849517.02666,69100337.35085,-7836439.22803,  -0.05187,   0.17588,  -0.06967,64447556.05305,   0.05693,63947556.05294,  -0.02500,   0.06170,  -0.02892,   0.00011,   2.00000
15081158.19334,69300257.76804,-7791072.77632,  -0.05192,   0.17706,  -0.06981,64551850.12026,   0.05781,64051850.12015,  -0.02531,   0.06269,  -0.02929,   0.00011,   2.00000
15314022.45460,69498862.35330,-7745151.36205,  -0.05196,   0.17822,  -0.06994,64654977.55284,   0.05868,64154977.55274,  -0.02562,   0.06368,  -0.02966,   0.00010,   2.00000
15551187.12085,69698689.16609,-7697844.40757,  -0.05199,   0.17940,  -0.07006,64758163.65994,   0.05956,64258163.65984,  -0.02593,   0.06467,  -0.03003,   0.00010,   2.00000
15781868.43073,69894971.89126,-7650964.99585,  -0.05204,   0.18057,  -0.07019,64860720.10539,   0.06043,64360720.10530,  -0.02624,   0.06567,  -0.03040,   0.00009,   2.00000
16018307.12577,70091066.20514,-7604751.08414,  -0.05206,   0.18173,  -0.07031,64962298.42653,   0.06131,64462298.42644,  -0.02655,   0.06666,  -0.03077,   0.00009,   2.00000
16248334.21522,70284093.78006,-7557684.18243,  -0.05210,   0.18290,  -0.07043,65063188.73300,   0.06218,64563188.73291,  -0.02685,   0.06766,  -0.03113,   0.00009,   2.00000
16482620.53396,70478302.07809,-7509250.28685,  -0.05213,   0.18407,  -0.07054,65164156.20613,   0.06306,64664156.20605,  -0.02715,   0.06866,  -0.03149,   0.00009,   2.00000
16718079.32599,70670814.56497,-7461546.03847,  -0.05215,   0.18524,  -0.07065,65264093.73882,   0.06394,64764093.73874,  -0.02745,   0.06966,  -0.03185,   0.00008,   2.00000
16951689.70711,70861780.65608,-7412944.41665,  -0.05217,   0.18640,  -0.07076,65363445.89045,   0.06482,64863445.89038,  -0.02775,   0.07066,  -0.03221,   0.00008,   2.00000
17184863.05508,71051998.28805,-7364330.98237,  -0.05219,   0.18758,  -0.07086,65462869.10174,   0.06570,64962869.10166,  -0.02804,   0.07167,  -0.03257,   0.00008,   2.00000
17419294.06299,71240959.30585,-7315167.43872,  -0.05220,   0.18874,  -0.07096,65561222.47916,   0.06658,65061222.47909,  -0.02834,   0.07267,  -0.03292,   0.00007,   2.00000
17651877.52832,71428398.16778,-7265121.01922,  -0.05222,   0.18991,  -0.07105,65659008.96952,   0.06746,65159008.96945,  -0.02863,   0.07368,  -0.03327,   0.00007,   2.00000
17887104.84746,71615356.01936,-7215414.32713,  -0.05222,   0.19107,  -0.07114,65756391.07748,   0.06834,65256391.07741,  -0.02892,   0.07469,  -0.03362,   0.00007,   2.00000
18120406.88233,71800409.73938,-7166108.80757,  -0.05223,   0.19224,  -0.07123,65853281.55722,   0.06922,65353281.55716,  -0.02921,   0.07570,  -0.03397,   0.00007,   2.00000
18350461.20100,71982852.52235,-7116311.88107,  -0.05224,   0.19340,  -0.07131,65949053.25751,   0.07009,65449053.25744,  -0.02949,   0.07670,  -0.03431,   0.00006,   2.00000
18584626.61393,72166338.00324,-7065186.92287,  -0.05224,   0.19456,  -0.07139,66044945.60568,   0.07098,65544945.60562,  -0.02977,   0.07772,  -0.03465,   0.00006,   2.00000
18821391.67198,72349320.17537,-7014412.34279,  -0.05223,   0.19573,  -0.07147,66140456.33068,   0.07186,65640456.33062,  -0.03005,   0.07873,  -0.03499,   0.00006,   2.00000
19050311.84241,72527974.01132,-6964500.38662,  -0.05223,   0.19689,  -0.07154,66234837.28501,   0.07274,65734837.28495,  -0.03033,   0.07975,  -0.03533,   0.00006,   2.00000
19287885.10706,72709359.51741,-6911918.96698,  -0.05222,   0.19805,  -0.07160,66329386.94255,   0.07362,65829386.94249,  -0.03061,   0.08077,  -0.03566,   0.00006,   2.00000
19517560.87075,72886088.80045,-6861496.28756,  -0.05221,   0.19921,  -0.07167,66422878.90546,   0.07450,65922878.90541,  -0.03088,   0.08178,  -0.03599,   0.00005,   2.00000
19749995.14978,73063102.65121,-6808853.09557,  -0.05220,   0.20037,  -0.07173,66515898.82035,   0.07538,66015898.82030,  -0.03115,   0.08280,  -0.03632,   0.00005,   2.00000
19980510.27882,73238305.07370,-6756643.83030,  -0.05218,   0.20153,  -0.07178,66608468.84061,   0.07627,66108468.84057,  -0.03142,   0.08382,  -0.03665,   0.00005,   2.00000
20214934.58311,73414059.69044,-6704428.65717,  -0.05216,   0.20270,  -0.07184,66701239.99721,   0.07715,66201239.99716,  -0.03169,   0.08485,  -0.03698,   0.00005,   2.00000
20444875.17474,73586320.12123,-6652094.27110,  -0.05214,   0.20385,  -0.07189,66792420.04167,   0.07803,66292420.04163,  -0.03195,   0.08587,  -0.03730,   0.00005,   2.00000
20678701.61933,73759120.50821,-6599758.75571,  -0.05211,   0.20501,  -0.07194,66883810.90378,   0.07892,66383810.90373,  -0.03222,   0.08690,  -0.03762,   0.00005,   2.00000
20910720.92278,73930859.22341,-6545285.92324,  -0.05208,   0.20617,  -0.07197,66974658.89178,   0.07980,66474658.89174,  -0.03248,   0.08792,  -0.03794,   0.00004,   2.00000
21140735.04740,74100468.98703,-6492555.76727,  -0.05206,   0.20732,  -0.07201,67065129.85056,   0.08069,66565129.85052,  -0.03273,   0.08895,  -0.03825,   0.00004,   2.00000
21372131.88952,74268960.44107,-6439263.40304,  -0.05202,   0.20848,  -0.07205,67154693.26992,   0.08157,66654693.26988,  -0.03299,   0.08998,  -0.03856,   0.00004,   2.00000
21602915.60115,74437042.80442,-6384775.59032,  -0.05199,   0.20964,  -0.07208,67244317.44505,   0.08246,66744317.44501,  -0.03324,   0.09101,  -0.03888,   0.00004,   2.00000
21835009.76313,74603650.98222,-6331024.12435,  -0.05195,   0.21079,  -0.07210,67333101.39196,   0.08334,66833101.39192,  -0.03349,   0.09204,  -0.03918,   0.00004,   2.00000
22065235.17838,74768883.19037,-6276434.17423,  -0.05190,   0.21194,  -0.07212,67421423.77036,   0.08422,66921423.77032,  -0.03374,   0.09307,  -0.03949,   0.00004,   2.00000
22293534.14828,74932410.52966,-6222304.26574,  -0.05186,   0.21309,  -0.07215,67509338.39683,   0.08511,67009338.39679,  -0.03399,   0.09410,  -0.03979,   0.00004,   2.00000
22524456.05330,75095787.61584,-6167267.84587,  -0.05181,   0.21424,  -0.07216,67596910.04955,   0.08599,67096910.04952,  -0.03423,   0.09514,  -0.04009,   0.00003,   2.00000
22753509.93212,75257807.17677,-6111406.08969,  -0.05177,   0.21539,  -0.07217,67684033.16441,   0.08688,67184033.16437,  -0.03448,   0.09617,  -0.04039,   0.00003,   2.00000
22979464.24798,75417235.67777,-6056354.62039,  -0.05172,   0.21654,  -0.07217,67770243.00772,   0.08776,67270243.00769,  -0.03471,   0.09720,  -0.04068,   0.00003,   2.00000
23209138.08285,75577087.78907,-6001362.92793,  -0.05166,   0.21769,  -0.07218,67856689.38143,   0.08864,67356689.38140,  -0.03495,   0.09824,  -0.04097,   0.00003,   2.00000
23435795.22036,75734715.99346,-5945877.46453,  -0.05161,   0.21884,  -0.07218,67942187.08281,   0.08953,67442187.08278,  -0.03519,   0.09928,  -0.04126,   0.00003,   2.00000
23666198.92172,75893061.54845,-5889169.35304,  -0.05154,   0.21999,  -0.07217,68027879.71282,   0.09042,67527879.71279,  -0.03542,   0.10032,  -0.04155,   0.00003,   2.00000
23893519.48834,76048873.10960,-5833271.54211,  -0.05148,   0.22113,  -0.07217,68112681.00524,   0.09130,67612681.00521,  -0.03565,   0.10136,  -0.04183,   0.00003,   2.00000
24118995.37168,76203389.99221,-5776557.18111,  -0.05142,   0.22228,  -0.07215,68197061.60910,   0.09218,67697061.60907,  -0.03588,   0.10240,  -0.04211,   0.00003,   2.00000
24346990.89202,76357404.92543,-5720254.66727,  -0.05135,   0.22342,  -0.07214,68281184.45486,   0.09307,67781184.45484,  -0.03610,   0.10344,  -0.04239,   0.00003,   2.00000
24572033.80492,76509280.29333,-5663455.15341,  -0.05128,   0.22456,  -0.07212,68364394.00287,   0.09395,67864394.00284,  -0.03632,   0.10448,  -0.04267,   0.00003,   2.00000
24796260.74248,76660422.56562,-5606830.29651,  -0.05121,   0.22571,  -0.07210,68447737.33371,   0.09484,67947737.33368,  -0.03654,   0.10553,  -0.04294,   0.00003,   2.00000
25021997.56501,76810540.99421,-5549632.25020,  -0.05113,   0.22684,  -0.07207,68530297.34782,   0.09572,68030297.34779,  -0.03676,   0.10657,  -0.04321,   0.00002,   2.00000
25246881.06853,76959917.71471,-5492620.41064,  -0.05106,   0.22799,  -0.07204,68612992.10560,   0.09661,68112992.10557,  -0.03698,   0.10761,  -0.04348,   0.00002,   2.00000
25473272.61344,77108268.33471,-5435033.73029,  -0.05097,   0.22913,  -0.07201,68694916.10100,   0.09749,68194916.10098,  -0.03719,   0.10866,  -0.04374,   0.00002,   2.00000
25697810.94011,77255363.24056,-5376646.23675,  -0.05089,   0.23027,  -0.07196,68776448.67355,   0.09837,68276448.67353,  -0.03740,   0.10970,  -0.04401,   0.00002,   2.00000
25919410.65710,77400121.97331,-5319061.92823,  -0.05081,   0.23140,  -0.07192,68857145.18732,   0.09925,68357145.18730,  -0.03761,   0.11075,  -0.04426,   0.00002,   2.00000
26144606.14345,77545469.99565,-5260306.98403,  -0.05072,   0.23253,  -0.07187,68938066.87670,   0.10014,68438066.87668,  -0.03782,   0.11179,  -0.04452,   0.00002,   2.00000
26366870.93589,77688507.22498,-5202354.36358,  -0.05063,   0.23367,  -0.07183,69018161.86603,   0.10102,68518161.86601,  -0.03802,   0.11284,  -0.04477,   0.00002,   2.00000
26588236.56717,77830826.18676,-5144617.30564,  -0.05054,   0.23480,  -0.07178,69098398.47246,   0.10190,68598398.47244,  -0.03822,   0.11389,  -0.04503,   0.00002,   2.00000
26811242.31952,77972440.14558,-5084993.60995,  -0.05044,   0.23593,  -0.07172,69177869.51059,   0.10279,68677869.51057,  -0.03842,   0.11494,  -0.04527,   0.00002,   2.00000
27032340.38280,78112562.46540,-5025889.67224,  -0.05034,   0.23707,  -0.07165,69257008.06227,   0.10367,68757008.06225,  -0.03861,   0.11599,  -0.04552,   0.00002,   2.00000
27251547.18953,78251217.52936,-4967302.49465,  -0.05025,   0.23820,  -0.07159,69335816.17123,   0.10455,68835816.17121,  -0.03881,   0.11704,  -0.04576,   0.00002,   2.00000
27472356.70139,78388902.71557,-4908127.17200,  -0.05014,   0.23932,  -0.07152,69413915.69316,   0.10543,68913915.69314,  -0.03900,   0.11808,  -0.04600,   0.00002,   2.00000
27692215.87035,78525876.39708,-4849196.49116,  -0.05004,   0.24045,  -0.07145,69492162.74497,   0.10631,68992162.74495,  -0.03919,   0.11913,  -0.04624,   0.00002,   2.00000
27909332.88609,78660957.38862,-4789749.49112,  -0.04993,   0.24158,  -0.07138,69569586.27954,   0.10719,69069586.27952,  -0.03937,   0.12018,  -0.04647,   0.00002,   2.00000
28129002.19613,78795802.95756,-4729446.59141,  -0.04982,   0.24270,  -0.07129,69646787.49964,   0.10807,69146787.49962,  -0.03956,   0.12123,  -0.04670,   0.00002,   2.00000
28346784.38540,78929226.19896,-4669673.42586,  -0.04971,   0.24382,  -0.07121,69723674.07347,   0.10895,69223674.07345,  -0.03974,   0.12228,  -0.04693,   0.00002,   2.00000
28567092.50670,79062393.44852,-4609049.08802,  -0.04959,   0.24495,  -0.07112,69800344.73509,   0.10984,69300344.73508,  -0.03992,   0.12334,  -0.04715,   0.00002,   2.00000
28785498.96470,79194146.65996,-4548959.54228,  -0.04948,   0.24607,  -0.07103,69876704.90162,   0.11072,69376704.90160,  -0.04009,   0.12439,  -0.04737,   0.00002,   2.00000
29001221.21199,79324071.87299,-4488347.57726,  -0.04936,   0.24719,  -0.07093,69952269.77301,   0.11160,69452269.77300,  -0.04027,   0.12544,  -0.04759,   0.00001,   2.00000
29215951.12069,79453315.66519,-4428020.95557,  -0.04924,   0.24831,  -0.07083,70027987.91895,   0.11248,69527987.91894,  -0.04044,   0.12650,  -0.04781,   0.00001,   2.00000
29432351.09531,79581616.82032,-4367098.01751,  -0.04911,   0.24943,  -0.07073,70103049.68423,   0.11336,69603049.68422,  -0.04061,   0.12755,  -0.04802,   0.00001,   2.00000
29646046.10121,79707893.87154,-4306956.16524,  -0.04899,   0.25054,  -0.07063,70177361.82526,   0.11423,69677361.82524,  -0.04077,   0.12860,  -0.04823,   0.00001,   2.00000
29858805.36851,79833750.10830,-4245797.87639,  -0.04886,   0.25166,  -0.07051,70251803.58460,   0.11511,69751803.58458,  -0.04094,   0.12965,  -0.04844,   0.00001,   2.00000
30074013.73730,79959095.40526,-4185113.43486,  -0.04873,   0.25278,  -0.07040,70326082.14629,   0.11599,69826082.14627,  -0.04110,   0.13071,  -0.04864,   0.00001,   2.00000
30286620.05650,80082698.37386,-4123892.88598,  -0.04860,   0.25389,  -0.07029,70399596.24985,   0.11687,69899596.24984,  -0.04126,   0.13176,  -0.04884,   0.00001,   2.00000
30501734.75864,80206016.43242,-4061837.50730,  -0.04846,   0.25500,  -0.07016,70472929.75166,   0.11775,69972929.75164,  -0.04141,   0.13281,  -0.04904,   0.00001,   2.00000
30710717.74815,80327242.93487,-4000401.72812,  -0.04833,   0.25611,  -0.07004,70545846.78649,   0.11862,70045846.78648,  -0.04157,   0.13387,  -0.04923,   0.00001,   2.00000
30922227.57285,80448191.70395,-3938135.75108,  -0.04819,   0.25722,  -0.06990,70618589.29766,   0.11950,70118589.29765,  -0.04172,   0.13492,  -0.04943,   0.00001,   2.00000
31135396.64409,80567992.98094,-3876576.61704,  -0.04805,   0.25832,  -0.06977,70690745.77117,   0.12037,70190745.77116,  -0.04187,   0.13597,  -0.04961,   0.00001,   2.00000
31343288.87464,80686606.90999,-3814105.55712,  -0.04791,   0.25943,  -0.06963,70762906.01038,   0.12125,70262906.01037,  -0.04202,   0.13703,  -0.04980,   0.00001,   2.00000
31552880.92166,80804099.28307,-3752339.84457,  -0.04776,   0.26053,  -0.06949,70834488.74433,   0.12212,70334488.74432,  -0.04216,   0.13808,  -0.04998,   0.00001,   2.00000
31760723.02901,80920559.65791,-3689813.96468,  -0.04762,   0.26164,  -0.06935,70905776.92480,   0.12300,70405776.92479,  -0.04230,   0.13913,  -0.05016,   0.00001,   2.00000
31970996.59636,81036506.29275,-3627782.48328,  -0.04746,   0.26274,  -0.06920,70976929.53257,   0.12387,70476929.53256,  -0.04244,   0.14019,  -0.05034,   0.00001,   2.00000
32178793.65970,81150827.83552,-3565195.76931,  -0.04731,   0.26384,  -0.06905,71047362.64050,   0.12474,70547362.64049,  -0.04258,   0.14124,  -0.05051,   0.00001,   2.00000
32385554.64411,81264724.47971,-3501657.41204,  -0.04716,   0.26494,  -0.06889,71117938.89721,   0.12562,70617938.89720,  -0.04271,   0.14230,  -0.05068,   0.00001,   2.00000
32589825.28187,81376831.53476,-3438884.45975,  -0.04701,   0.26604,  -0.06873,71187825.36229,   0.12649,70687825.36228,  -0.04284,   0.14335,  -0.05085,   0.00001,   2.00000
32796535.39831,81488434.08343,-3376611.83634,  -0.04685,   0.26713,  -0.06857,71257587.89779,   0.12736,70757587.89778,  -0.04297,   0.14440,  -0.05101,   0.00001,   2.00000
33000839.59496,81598470.45678,-3313771.63665,  -0.04669,   0.26822,  -0.06841,71326650.05101,   0.12823,70826650.05100,  -0.04310,   0.14545,  -0.05117,   0.00001,   2.00000
33208290.23829,81708746.76627,-3249935.29194,  -0.04652,   0.26932,  -0.06823,71395996.38110,   0.12911,70895996.38109,  -0.04323,   0.14651,  -0.05133,   0.00001,   2.00000
33409088.60204,81816638.04756,-3186913.49819,  -0.04636,   0.27041,  -0.06806,71464532.50324,   0.12997,70964532.50324,  -0.04335,   0.14756,  -0.05149,   0.00001,   2.00000
33612391.45019,81924208.34878,-3123083.62358,  -0.04619,   0.27150,  -0.06788,71532937.63204,   0.13084,71032937.63203,  -0.04347,   0.14861,  -0.05164,   0.00001,   2.00000
33813925.77885,82030636.86700,-3059827.32417,  -0.04603,   0.27259,  -0.06770,71601094.43669,   0.13171,71101094.43669,  -0.04358,   0.14967,  -0.05179,   0.00001,   2.00000
34017935.40291,82136723.46584,-2995768.39025,  -0.04585,   0.27368,  -0.06751,71669124.47112,   0.13258,71169124.47111,  -0.04370,   0.15072,  -0.05193,   0.00001,   2.00000
34219553.42035,82241134.61711,-2932453.02192,  -0.04568,   0.27476,  -0.06732,71736497.00254,   0.13345,71236497.00253,  -0.04381,   0.15177,  -0.05207,   0.00001,   2.00000
34420072.37847,82345137.02588,-2868228.65232,  -0.04551,   0.27585,  -0.06713,71804022.20427,   0.13432,71304022.20426,  -0.04392,   0.15283,  -0.05221,   0.00001,   2.00000
34618250.61941,82447505.42140,-2804744.13122,  -0.04533,   0.27693,  -0.06693,71870896.67913,   0.13518,71370896.67912,  -0.04403,   0.15388,  -0.05235,   0.00001,   2.00000
34818327.80754,82548997.83746,-2740616.82708,  -0.04515,   0.27801,  -0.06673,71937249.53160,   0.13605,71437249.53160,  -0.04413,   0.15493,  -0.05248,   0.00001,   2.00000
35017286.41304,82650082.35201,-2675597.36854,  -0.04497,   0.27909,  -0.06652,72003759.05868,   0.13692,71503759.05867,  -0.04424,   0.15598,  -0.05261,   0.00001,   2.00000
35213947.32287,82749572.44909,-2611313.62921,  -0.04479,   0.28016,  -0.06632,72069630.34429,   0.13778,71569630.34428,  -0.04434,   0.15703,  -0.05274,   0.00001,   2.00000
35408949.63612,82848156.29723,-2546291.62529,  -0.04461,   0.28124,  -0.06610,72135257.15995,   0.13864,71635257.15995,  -0.04443,   0.15807,  -0.05286,   0.00001,   2.00000
35606377.48407,82946232.41809,-2481806.43001,  -0.04442,   0.28232,  -0.06589,72200795.12722,   0.13950,71700795.12721,  -0.04453,   0.15913,  -0.05298,   0.00001,   2.00000
35802081.29680,83043264.94535,-2417904.26176,  -0.04424,   0.28339,  -0.06567,72266105.04447,   0.14037,71766105.04446,  -0.04462,   0.16018,  -0.05310,   0.00001,   2.00000
35995605.11251,83138905.85651,-2353395.92200,  -0.04405,   0.28446,  -0.06545,72330778.00517,   0.14123,71830778.00517,  -0.04471,   0.16122,  -0.05321,   0.00001,   2.00000
36192106.11345,83234667.40781,-2287975.00744,  -0.04385,   0.28553,  -0.06522,72395752.48023,   0.14210,71895752.48022,  -0.04480,   0.16228,  -0.05332,   0.00001,   2.00000
36386381.42396,83328910.37715,-2223274.42999,  -0.04366,   0.28660,  -0.06499,72460108.94775,   0.14296,71960108.94775,  -0.04489,   0.16333,  -0.05343,   0.00001,   2.00000
36578514.34215,83421786.48560,-2157962.63929,  -0.04347,   0.28767,  -0.06476,72523841.36803,   0.14381,72023841.36802,  -0.04497,   0.16437,  -0.05353,   0.00001,   2.00000
36769502.29593,83514280.98007,-2091801.79001,  -0.04327,   0.28873,  -0.06451,72587738.52832,   0.14467,72087738.52831,  -0.04505,   0.16542,  -0.05363,   0.00001,   2.00000
36962425.93130,83605779.23336,-2026313.57565,  -0.04307,   0.28980,  -0.06427,72651171.15177,   0.14553,72151171.15176,  -0.04513,   0.16646,  -0.05373,   0.00001,   2.00000
37153664.99561,83696299.77566,-1961417.36611,  -0.04287,   0.29086,  -0.06403,72714390.66483,   0.14639,72214390.66483,  -0.04521,   0.16751,  -0.05383,   0.00000,   2.00000
37343275.28458,83785968.02360,-1895789.24915,  -0.04267,   0.29192,  -0.06378,72777388.16675,   0.14725,72277388.16674,  -0.04528,   0.16856,  -0.05392,   0.00000,   2.00000
37531230.76097,83874686.93868,-1830755.98951,  -0.04247,   0.29298,  -0.06353,72840175.47668,   0.14811,72340175.47668,  -0.04535,   0.16960,  -0.05401,   0.00000,   2.00000
37721200.66935,83962535.13252,-1765055.58436,  -0.04226,   0.29404,  -0.06327,72902502.78984,   0.14896,72402502.78984,  -0.04542,   0.17065,  -0.05409,   0.00000,   2.00000
37905504.24604,84049123.60067,-1698665.53962,  -0.04206,   0.29509,  -0.06301,72964473.63281,   0.14981,72464473.63280,  -0.04549,   0.17169,  -0.05417,   0.00000,   2.00000
38096282.96912,84135623.10706,-1632805.85780,  -0.04184,   0.29614,  -0.06274,73026526.07727,   0.15067,72526526.07727,  -0.04555,   0.17273,  -0.05425,   0.00000,   2.00000
38281390.34331,84220879.61745,-1566257.66131,  -0.04163,   0.29720,  -0.06247,73088224.30218,   0.15153,72588224.30218,  -0.04561,   0.17378,  -0.05433,   0.00000,   2.00000
38464484.18321,84304782.39968,-1500398.28139,  -0.04143,   0.29825,  -0.06220,73149343.77536,   0.15238,72649343.77535,  -0.04567,   0.17481,  -0.05440,   0.00000,   2.00000
38650008.34458,84388188.89255,-1435102.58923,  -0.04121,   0.29929,  -0.06193,73210408.57039,   0.15323,72710408.57039,  -0.04573,   0.17586,  -0.05447,   0.00000,   2.00000
38833974.90981,84470867.92697,-1367756.80151,  -0.04100,   0.30034,  -0.06165,73271262.07423,   0.15408,72771262.07422,  -0.04579,   0.17690,  -0.05453,   0.00000,   2.00000
39020311.76490,84552956.45959,-1302314.05366,  -0.04077,   0.30139,  -0.06137,73332070.20310,   0.15493,72832070.20310,  -0.04584,   0.17794,  -0.05460,   0.00000,   2.00000
39200709.34178,84633512.44567,-1234921.44713,  -0.04056,   0.30243,  -0.06108,73392154.98114,   0.15578,72892154.98114,  -0.04589,   0.17898,  -0.05466,   0.00000,   2.00000
39383860.25737,84713937.24363,-1169366.82896,  -0.04034,   0.30348,  -0.06079,73452569.74522,   0.15663,72952569.74522,  -0.04594,   0.18002,  -0.05471,   0.00000,   2.00000
39565112.11414,84793200.92857,-1101829.53981,  -0.04011,   0.30452,  -0.06049,73512411.22468,   0.15748,73012411.22467,  -0.04598,   0.18106,  -0.05477,   0.00000,   2.00000
39744445.63797,84871187.24735,-1034963.11143,  -0.03989,   0.30555,  -0.06020,73571696.60941,   0.15833,73071696.60941,  -0.04603,   0.18209,  -0.05481,   0.00000,   2.00000
39922549.94024,84948780.99851,-968645.27782,  -0.03967,   0.30659,  -0.05990,73631163.62052,   0.15918,73131163.62051,  -0.04607,   0.18313,  -0.05486,   0.00000,   2.00000
40102771.62055,85025497.85115,-901639.11502,  -0.03944,   0.30763,  -0.05959,73690218.57424,   0.16002,73190218.57424,  -0.04611,   0.18416,  -0.05490,   0.00000,   2.00000
40281420.98368,85101396.80837,-835239.98572,  -0.03921,   0.30866,  -0.05929,73749090.17448,   0.16087,73249090.17448,  -0.04615,   0.18520,  -0.05494,   0.00000,   2.00000
40458531.09975,85176537.62510,-768121.21252,  -0.03898,   0.30970,  -0.05897,73807775.57051,   0.16171,73307775.57050,  -0.04618,   0.18623,  -0.05498,   0.00000,   2.00000
40633820.19961,85250503.81780,-700329.32368,  -0.03875,   0.31072,  -0.05866,73865915.58107,   0.16256,73365915.58106,  -0.04621,   0.18726,  -0.05501,   0.00000,   2.00000
40811528.69569,85323966.23858,-633135.07716,  -0.03852,   0.31175,  -0.05834,73924022.97402,   0.16340,73424022.97401,  -0.04624,   0.18829,  -0.05504,   0.00000,   2.00000
40987687.12537,85396644.72582,-566549.55371,  -0.03828,   0.31278,  -0.05802,73981953.24488,   0.16424,73481953.24487,  -0.04627,   0.18933,  -0.05507,   0.00000,   2.00000
41162322.56346,85468583.46063,-499245.73348,  -0.03805,   0.31380,  -0.05769,74039704.85519,   0.16508,73539704.85518,  -0.04630,   0.19036,  -0.05510,   0.00000,   2.00000
41335186.57739,85539374.05639,-431254.93925,  -0.03781,   0.31482,  -0.05736,74096923.81928,   0.16592,73596923.81928,  -0.04632,   0.19138,  -0.05512,   0.00000,   2.00000
41506550.07797,85609416.14215,-363877.97550,  -0.03757,   0.31584,  -0.05703,74153971.80777,   0.16676,73653971.80777,  -0.04634,   0.19241,  -0.05513,   0.00000,   2.00000
41680337.24341,85678961.12397,-297102.90596,  -0.03733,   0.31686,  -0.05669,74210994.52309,   0.16760,73710994.52308,  -0.04636,   0.19344,  -0.05515,   0.00000,   2.00000
41848713.74499,85747555.53425,-229616.36354,  -0.03710,   0.31788,  -0.05635,74267700.83520,   0.16844,73767700.83520,  -0.04638,   0.19447,  -0.05516,   0.00000,   2.00000
42019305.30795,85815263.30959,-161423.64427,  -0.03685,   0.31890,  -0.05601,74324032.85040,   0.16927,73824032.85040,  -0.04639,   0.19549,  -0.05517,   0.00000,   2.00000
42192524.65040,85882868.99797,-93838.91750,  -0.03660,   0.31992,  -0.05566,74380694.22693,   0.17012,73880694.22693,  -0.04641,   0.19652,  -0.05517,   0.00000,   2.00000
42359922.51056,85948745.40518,-25551.27451,  -0.03636,   0.32092,  -0.05530,74436346.19717,   0.17095,73936346.19717,  -0.04642,   0.19754,  -0.05517,   0.00000,   2.00000
42529955.14407,86014526.08378,42119.42960,  -0.03611,   0.32194,  -0.05495,74492329.59192,   0.17179,73992329.59192,  -0.04642,   0.19856,  -0.05517,   0.00000,   2.00000
42694438.07966,86079016.17799,110507.42355,  -0.03587,   0.32294,  -0.05459,74547659.10886,   0.17262,74047659.10886,  -0.04643,   0.19958,  -0.05516,   0.00000,   2.00000
42861554.03943,86143414.01818,178265.67857,  -0.03562,   0.32396,  -0.05423,74603319.86083,   0.17345,74103319.86083,  -0.04643,   0.20061,  -0.05516,   0.00000,   2.00000
43030714.27874,86206516.16795,245429.97738,  -0.03536,   0.32496,  -0.05387,74658278.45983,   0.17428,74158278.45983,  -0.04644,   0.20162,  -0.05514,   0.00000,   2.00000
43194713.12091,86269141.00982,314624.02459,  -0.03511,   0.32596,  -0.05349,74713279.27413,   0.17512,74213279.27413,  -0.04644,   0.20264,  -0.05513,   0.00000,   2.00000
43357133.92057,86330734.66709,381891.44994,  -0.03486,   0.32696,  -0.05313,74767781.22147,   0.17594,74267781.22147,  -0.04643,   0.20366,  -0.05511,   0.00000,   2.00000
43521985.15856,86391817.92775,449865.18993,  -0.03461,   0.32796,  -0.05275,74822276.86591,   0.17677,74322276.86591,  -0.04643,   0.20467,  -0.05509,   0.00000,   2.00000
43685395.06359,86452227.83307,518547.57017,  -0.03435,   0.32896,  -0.05237,74876621.09695,   0.17761,74376621.09694,  -0.04642,   0.20569,  -0.05507,   0.00000,   2.00000
43847387.74571,86512000.31631,586609.50917,  -0.03409,   0.32996,  -0.05199,74930812.89079,   0.17844,74430812.89079,  -0.04641,   0.20671,  -0.05504,   0.00000,   2.00000
44007827.85936,86570722.82144,655415.09000,  -0.03383,   0.33095,  -0.05160,74984519.74881,   0.17926,74484519.74881,  -0.04640,   0.20772,  -0.05501,   0.00000,   2.00000
44170697.55171,86628950.07100,723584.18720,  -0.03357,   0.33194,  -0.05121,75038224.13962,   0.18009,74538224.13962,  -0.04639,   0.20873,  -0.05497,   0.00000,   2.00000
44328209.37422,86686015.47453,792524.26492,  -0.03331,   0.33293,  -0.05081,75091303.52800,   0.18091,74591303.52800,  -0.04638,   0.20974,  -0.05494,   0.00000,   2.00000
44488282.77352,86742980.31541,860777.82771,  -0.03305,   0.33392,  -0.05042,75144717.15731,   0.18174,74644717.15731,  -0.04636,   0.21075,  -0.05490,   0.00000,   2.00000
44646842.29948,86798909.77861,929788.63576,  -0.03279,   0.33491,  -0.05002,75197656.54686,   0.18256,74697656.54686,  -0.04634,   0.21176,  -0.05485,   0.00000,   2.00000
44804033.56890,86854250.48342,998179.28905,  -0.03252,   0.33589,  -0.04961,75250452.37405,   0.18338,74750452.37404,  -0.04632,   0.21276,  -0.05480,   0.00000,   2.00000
44963536.25619,86908654.14516,1067309.65473,  -0.03225,   0.33687,  -0.04920,75302926.80932,   0.18420,74802926.80931,  -0.04630,   0.21377,  -0.05475,   0.00000,   2.00000
45117967.77402,86962783.66292,1135784.87535,  -0.03199,   0.33786,  -0.04880,75355442.46746,   0.18503,74855442.46746,  -0.04627,   0.21478,  -0.05470,   0.00000,   2.00000
45274733.96602,87015974.81527,1205002.09186,  -0.03172,   0.33883,  -0.04838,75407641.44512,   0.18585,74907641.44511,  -0.04625,   0.21578,  -0.05465,   0.00000,   2.00000
45426383.07646,87068539.97485,1273629.89680,  -0.03145,   0.33981,  -0.04796,75459555.26836,   0.18667,74959555.26836,  -0.04622,   0.21678,  -0.05459,   0.00000,   2.00000
45580395.60939,87120165.87676,1343005.15953,  -0.03118,   0.34078,  -0.04754,75511158.96779,   0.18748,75011158.96779,  -0.04619,   0.21778,  -0.05452,   0.00000,   2.00000
45733085.37477,87171248.10708,1411760.34457,  -0.03091,   0.34176,  -0.04712,75562627.43147,   0.18830,75062627.43147,  -0.04615,   0.21878,  -0.05446,   0.00000,   2.00000
45888211.57637,87221841.47310,1479862.83012,  -0.03064,   0.34273,  -0.04669,75614107.53309,   0.18912,75114107.53309,  -0.04612,   0.21978,  -0.05439,   0.00000,   2.00000
46038222.90653,87271780.95412,1548714.59031,  -0.03037,   0.34370,  -0.04626,75665312.82514,   0.18993,75165312.82514,  -0.04608,   0.22077,  -0.05432,   0.00000,   2.00000
46190606.22413,87320763.01184,1618319.37856,  -0.03009,   0.34466,  -0.04583,75716217.87758,   0.19075,75216217.87758,  -0.04604,   0.22177,  -0.05424,   0.00000,   2.00000
46337952.89875,87369202.96514,1687345.93561,  -0.02982,   0.34563,  -0.04539,75766845.66965,   0.19156,75266845.66965,  -0.04600,   0.22276,  -0.05416,   0.00000,   2.00000
46487720.20171,87417066.28477,1757032.57231,  -0.02954,   0.34659,  -0.04494,75817497.84494,   0.19237,75317497.84494,  -0.04596,   0.22375,  -0.05408,   0.00000,   2.00000
46636201.78655,87464427.43788,1826096.01060,  -0.02926,   0.34756,  -0.04450,75868020.77881,   0.19318,75368020.77881,  -0.04592,   0.22475,  -0.05400,   0.00000,   2.00000
46783402.23171,87510915.11268,1894647.23725,  -0.02898,   0.34851,  -0.04406,75918098.70718,   0.19399,75418098.70717,  -0.04587,   0.22573,  -0.05391,   0.00000,   2.00000
46933000.79773,87556811.80651,1963857.21749,  -0.02870,   0.34947,  -0.04360,75968204.82775,   0.19480,75468204.82775,  -0.04582,   0.22673,  -0.05382,   0.00000,   2.00000
47077565.58224,87602120.58092,2033821.89288,  -0.02842,   0.35043,  -0.04315,76018046.73305,   0.19561,75518046.73305,  -0.04577,   0.22771,  -0.05372,   0.00000,   2.00000
47224597.96864,87646561.30718,2103225.29012,  -0.02814,   0.35138,  -0.04269,76067597.64229,   0.19642,75567597.64229,  -0.04572,   0.22870,  -0.05363,   0.00000,   2.00000
47366689.51577,87690556.87047,2172069.09953,  -0.02786,   0.35233,  -0.04223,76116879.28251,   0.19723,75616879.28250,  -0.04567,   0.22968,  -0.05353,   0.00000,   2.00000
47511198.55808,87733954.78336,2241562.95060,  -0.02758,   0.35328,  -0.04177,76166195.11135,   0.19803,75666195.11135,  -0.04561,   0.23066,  -0.05342,   0.00000,   2.00000
47654474.64792,87776901.27777,2310438.61906,  -0.02729,   0.35423,  -0.04130,76215389.62126,   0.19884,75715389.62125,  -0.04556,   0.23165,  -0.05332,   0.00000,   2.00000
47796503.04341,87818890.00537,2380152.31431,  -0.02701,   0.35518,  -0.04083,76264163.77737,   0.19964,75764163.77737,  -0.04550,   0.23263,  -0.05321,   0.00000,   2.00000
47937260.60341,87860307.66790,2450567.43500,  -0.02672,   0.35612,  -0.04035,76312829.81613,   0.20045,75812829.81613,  -0.04544,   0.23360,  -0.05309,   0.00000,   2.00000
48080544.10065,87901381.10842,2518973.59470,  -0.02643,   0.35706,  -0.03988,76361515.01118,   0.20125,75861515.01118,  -0.04537,   0.23458,  -0.05298,   0.00000,   2.00000
48218942.38730,87941558.23270,2588302.62633,  -0.02615,   0.35800,  -0.03940,76409639.90839,   0.20205,75909639.90839,  -0.04531,   0.23556,  -0.05286,   0.00000,   2.00000
48359746.61823,87981114.17044,2658267.48271,  -0.02585,   0.35894,  -0.03891,76457807.40519,   0.20285,75957807.40519,  -0.04524,   0.23653,  -0.05274,   0.00000,   2.00000
48495715.96351,88020325.61859,2727686.88762,  -0.02557,   0.35987,  -0.03843,76505714.20405,   0.20365,76005714.20405,  -0.04518,   0.23750,  -0.05261,   0.00000,   2.00000
48634168.08734,88058522.18011,2797891.26369,  -0.02528,   0.36080,  -0.03794,76553362.11711,   0.20444,76053362.11711,  -0.04511,   0.23847,  -0.05248,   0.00000,   2.00000
48771372.39174,88096708.74312,2867319.02379,  -0.02499,   0.36174,  -0.03744,76601201.18444,   0.20525,76101201.18444,  -0.04504,   0.23945,  -0.05235,   0.00000,   2.00000
48907578.43482,88133722.65777,2936457.29215,  -0.02470,   0.36266,  -0.03695,76648324.76006,   0.20604,76148324.76005,  -0.04496,   0.24041,  -0.05222,   0.00000,   2.00000
49042472.18583,88170582.71097,3006140.62001,  -0.02440,   0.36359,  -0.03645,76695651.94821,   0.20683,76195651.94821,  -0.04489,   0.24137,  -0.05208,   0.00000,   2.00000
49179847.77771,88206404.85182,3076612.61361,  -0.02411,   0.36452,  -0.03594,76742728.36050,   0.20763,76242728.36050,  -0.04481,   0.24234,  -0.05194,   0.00000,   2.00000
49312455.74009,88241949.82406,3146550.70070,  -0.02381,   0.36544,  -0.03544,76789550.71290,   0.20842,76289550.71290,  -0.04473,   0.24330,  -0.05180,   0.00000,   2.00000
49443950.59800,88277133.23091,3215876.03651,  -0.02352,   0.36636,  -0.03493,76836266.59234,   0.20921,76336266.59234,  -0.04466,   0.24426,  -0.05165,   0.00000,   2.00000
49577847.20591,88311668.35983,3285818.95226,  -0.02322,   0.36728,  -0.03442,76883035.32111,   0.21001,76383035.32111,  -0.04457,   0.24523,  -0.05150,   0.00000,   2.00000
49710728.32491,88345448.09810,3355331.41112,  -0.02293,   0.36820,  -0.03390,76929401.97178,   0.21080,76429401.97178,  -0.04449,   0.24619,  -0.05135,   0.00000,   2.00000
49838912.27483,88379005.79559,3424329.90678,  -0.02264,   0.36912,  -0.03339,76975518.38931,   0.21158,76475518.38931,  -0.04441,   0.24714,  -0.05120,   0.00000,   2.00000
49969635.87768,88411510.11173,3494137.39210,  -0.02234,   0.37002,  -0.03287,77021397.35587,   0.21237,76521397.35586,  -0.04432,   0.24809,  -0.05104,   0.00000,   2.00000
50099168.38617,88443482.63591,3564651.05264,  -0.02204,   0.37093,  -0.03234,77067188.71154,   0.21316,76567188.71153,  -0.04423,   0.24904,  -0.05088,   0.00000,   2.00000
50227616.51603,88475123.30894,3634550.48924,  -0.02174,   0.37184,  -0.03182,77112879.67921,   0.21394,76612879.67921,  -0.04414,   0.25000,  -0.05072,   0.00000,   2.00000
50358551.20762,88506294.50921,3703738.08379,  -0.02143,   0.37275,  -0.03129,77158616.56758,   0.21473,76658616.56758,  -0.04405,   0.25095,  -0.05055,   0.00000,   2.00000
50484875.37711,88536682.86118,3773946.00316,  -0.02114,   0.37365,  -0.03075,77203830.59576,   0.21551,76703830.59575,  -0.04396,   0.25190,  -0.05038,   0.00000,   2.00000
50610149.04057,88566760.80109,3843545.57256,  -0.02084,   0.37456,  -0.03022,77248947.36000,   0.21629,76748947.35999,  -0.04387,   0.25284,  -0.05021,   0.00000,   2.00000
50737926.57766,88596375.29059,3912432.62738,  -0.02053,   0.37546,  -0.02969,77294113.04027,   0.21708,76794113.04026,  -0.04377,   0.25379,  -0.05003,   0.00000,   2.00000
50861151.70350,88625227.19929,3982362.34650,  -0.02023,   0.37635,  -0.02914,77338762.29271,   0.21786,76838762.29271,  -0.04367,   0.25473,  -0.04985,   0.00000,   2.00000
50986778.04097,88653395.23737,4052886.89709,  -0.01993,   0.37725,  -0.02860,77383478.29587,   0.21864,76883478.29587,  -0.04358,   0.25567,  -0.04967,   0.00000,   2.00000
51111357.49972,88681268.33842,4122800.62998,  -0.01962,   0.37814,  -0.02805,77428099.97091,   0.21942,76928099.97091,  -0.04347,   0.25661,  -0.04949,   0.00000,   2.00000
51231555.50178,88708621.40264,4192456.98540,  -0.01933,   0.37903,  -0.02750,77472196.40707,   0.22019,76972196.40707,  -0.04337,   0.25754,  -0.04930,   0.00000,   2.00000
51353983.51637,88735702.10576,4262472.42714,  -0.01902,   0.37993,  -0.02694,77516647.77018,   0.22097,77016647.77018,  -0.04327,   0.25848,  -0.04911,   0.00000,   2.00000
51475765.32328,88761670.96272,4332355.67698,  -0.01871,   0.38081,  -0.02639,77560438.50229,   0.22174,77060438.50229,  -0.04317,   0.25941,  -0.04892,   0.00000,   2.00000
51596354.39576,88787792.36941,4401399.53068,  -0.01841,   0.38170,  -0.02583,77604422.63907,   0.22252,77104422.63907,  -0.04306,   0.26035,  -0.04872,   0.00000,   2.00000
51716018.14102,88812988.91621,4471402.22558,  -0.01810,   0.38258,  -0.02527,77648050.20239,   0.22329,77148050.20239,  -0.04295,   0.26128,  -0.04852,   0.00000,   2.00000
51834697.45483,88837928.87933,4540805.09999,  -0.01780,   0.38346,  -0.02471,77691589.21464,   0.22406,77191589.21464,  -0.04284,   0.26220,  -0.04832,   0.00000,   2.00000
51952475.42872,88861942.71621,4611173.42157,  -0.01749,   0.38433,  -0.02414,77734776.20686,   0.22483,77234776.20685,  -0.04273,   0.26313,  -0.04812,   0.00000,   2.00000
52072565.81828,88885925.01228,4680552.61243,  -0.01718,   0.38521,  -0.02357,77778302.33388,   0.22561,77278302.33388,  -0.04262,   0.26406,  -0.04791,   0.00000,   2.00000
52188396.59995,88909450.22740,4749729.65805,  -0.01688,   0.38609,  -0.02300,77821316.00619,   0.22637,77321316.00619,  -0.04251,   0.26498,  -0.04770,   0.00000,   2.00000
52303361.96821,88932049.93514,4819886.95931,  -0.01657,   0.38696,  -0.02243,77863983.40319,   0.22714,77363983.40319,  -0.04240,   0.26590,  -0.04749,   0.00000,   2.00000
52420861.35278,88954193.84869,4889309.02975,  -0.01626,   0.38782,  -0.02185,77906712.63834,   0.22790,77406712.63834,  -0.04228,   0.26681,  -0.04728,   0.00000,   2.00000
52533791.70308,88976070.12263,4959588.77728,  -0.01595,   0.38869,  -0.02127,77949230.61396,   0.22867,77449230.61396,  -0.04216,   0.26773,  -0.04706,   0.00000,   2.00000
52649263.68195,88997493.15422,5029127.45791,  -0.01564,   0.38956,  -0.02069,77991811.35761,   0.22943,77491811.35761,  -0.04204,   0.26865,  -0.04684,   0.00000,   2.00000
52764024.94923,89018257.20622,5098351.14985,  -0.01533,   0.39042,  -0.02010,78034033.94706,   0.23020,77534033.94706,  -0.04192,   0.26956,  -0.04661,   0.00000,   2.00000
52874253.42584,89038771.76420,5168442.83929,  -0.01502,   0.39128,  -0.01951,78076048.65629,   0.23096,77576048.65629,  -0.04180,   0.27047,  -0.04639,   0.00000,   2.00000
52987036.37415,89058836.94659,5237791.54869,  -0.01471,   0.39214,  -0.01892,78118128.56302,   0.23172,77618128.56302,  -0.04168,   0.27138,  -0.04616,   0.00000,   2.00000
53098995.00293,89077965.14753,5308144.51686,  -0.01440,   0.39299,  -0.01833,78159874.06298,   0.23248,77659874.06298,  -0.04156,   0.27229,  -0.04593,   0.00000,   2.00000
53210044.39215,89096892.55622,5377904.54062,  -0.01409,   0.39385,  -0.01773,78201541.23170,   0.23324,77701541.23170,  -0.04143,   0.27319,  -0.04569,   0.00000,   2.00000
53320194.48853,89115626.59525,5447076.76391,  -0.01377,   0.39470,  -0.01713,78243130.28981,   0.23399,77743130.28981,  -0.04131,   0.27410,  -0.04546,   0.00000,   2.00000
53429712.19970,89133719.33803,5515965.15750,  -0.01346,   0.39555,  -0.01654,78284370.80357,   0.23475,77784370.80357,  -0.04118,   0.27500,  -0.04522,   0.00000,   2.00000
53538187.44256,89151329.25603,5585578.31021,  -0.01315,   0.39639,  -0.01593,78325554.58768,   0.23550,77825554.58768,  -0.04105,   0.27590,  -0.04498,   0.00000,   2.00000
53645624.71787,89168455.52290,5655909.20632,  -0.01284,   0.39724,  -0.01532,78366682.56923,   0.23626,77866682.56923,  -0.04092,   0.27680,  -0.04473,   0.00000,   2.00000
53752630.81697,89185252.17299,5724659.39175,  -0.01252,   0.39808,  -0.01472,78407447.13346,   0.23701,77907447.13346,  -0.04079,   0.27769,  -0.04449,   0.00000,   2.00000
53858612.86410,89201569.70462,5794137.16234,  -0.01221,   0.39892,  -0.01411,78448157.94007,   0.23776,77948157.94007,  -0.04066,   0.27858,  -0.04424,   0.00000,   2.00000
53963850.67867,89216939.44563,5864652.17899,  -0.01190,   0.39975,  -0.01349,78488548.85526,   0.23851,77988548.85526,  -0.04053,   0.27947,  -0.04399,   0.00000,   2.00000
54068140.86947,89232934.77487,5932963.33910,  -0.01159,   0.40059,  -0.01288,78529114.21863,   0.23926,78029114.21863,  -0.04039,   0.28036,  -0.04373,   0.00000,   2.00000
54171707.84982,89247983.53850,6002327.74063,  -0.01128,   0.40142,  -0.01226,78569361.85015,   0.24000,78069361.85014,  -0.04026,   0.28125,  -0.04347,   0.00000,   2.00000
54274558.23877,89262079.59997,6072742.51495,  -0.01096,   0.40225,  -0.01164,78609294.57591,   0.24075,78109294.57591,  -0.04012,   0.28213,  -0.04322,   0.00000,   2.00000
54380155.55522,89276060.19587,6141097.64160,  -0.01064,   0.40308,  -0.01102,78649281.25691,   0.24149,78149281.25691,  -0.03998,   0.28301,  -0.04295,   0.00000,   2.00000
54481349.08559,89289860.36092,6210367.94858,  -0.01033,   0.40390,  -0.01039,78689074.96916,   0.24223,78189074.96916,  -0.03984,   0.28389,  -0.04269,   0.00000,   2.00000
54581556.50701,89303185.87882,6280363.70246,  -0.01002,   0.40473,  -0.00976,78728821.51562,   0.24298,78228821.51562,  -0.03970,   0.28477,  -0.04242,   0.00000,   2.00000
54684828.06842,89315925.15129,6348639.22994,  -0.00970,   0.40555,  -0.00914,78768360.12035,   0.24372,78268360.12035,  -0.03956,   0.28564,  -0.04215,   0.00000,   2.00000
54783725.19142,89328496.11852,6417839.00053,  -0.00939,   0.40636,  -0.00851,78807708.72089,   0.24446,78307708.72089,  -0.03942,   0.28652,  -0.04188,   0.00000,   2.00000
54881957.65657,89340102.13218,6488114.47085,  -0.00908,   0.40718,  -0.00787,78846752.06446,   0.24519,78346752.06446,  -0.03928,   0.28739,  -0.04161,   0.00000,   2.00000
54982969.51928,89351618.92898,6556327.39927,  -0.00876,   0.40799,  -0.00724,78885852.27540,   0.24593,78385852.27540,  -0.03913,   0.28826,  -0.04133,   0.00000,   2.00000
55079635.13697,89362978.59986,6625473.44892,  -0.00844,   0.40880,  -0.00660,78924765.38004,   0.24666,78424765.38004,  -0.03899,   0.28912,  -0.04105,   0.00000,   2.00000
55178694.72734,89373546.69259,6695148.64204,  -0.00813,   0.40961,  -0.00595,78963780.28307,   0.24740,78463780.28307,  -0.03884,   0.28999,  -0.04077,   0.00000,   2.00000
55274145.44125,89384179.55584,6763525.25845,  -0.00781,   0.41042,  -0.00532,79002306.23203,   0.24813,78502306.23203,  -0.03869,   0.29085,  -0.04049,   0.00000,   2.00000
55368972.03169,89393836.50216,6833005.33469,  -0.00750,   0.41121,  -0.00467,79040534.67076,   0.24886,78540534.67076,  -0.03855,   0.29171,  -0.04020,   0.00000,   2.00000
55466074.03056,89403568.90526,6901349.67783,  -0.00718,   0.41202,  -0.00402,79079102.24574,   0.24960,78579102.24574,  -0.03840,   0.29257,  -0.03991,   0.00000,   2.00000
55559201.81256,89412648.56138,6971009.77112,  -0.00687,   0.41282,  -0.00337,79117230.57893,   0.25032,78617230.57893,  -0.03825,   0.29342,  -0.03962,   0.00000,   2.00000
55655475.67782,89421154.58505,7038982.47342,  -0.00655,   0.41361,  -0.00273,79155162.74344,   0.25105,78655162.74344,  -0.03809,   0.29427,  -0.03933,   0.00000,   2.00000
55747464.34785,89429525.59554,7107911.85136,  -0.00624,   0.41440,  -0.00207,79192914.91248,   0.25177,78692914.91248,  -0.03794,   0.29512,  -0.03904,   0.00000,   2.00000
55841848.58540,89437085.70615,7177361.22540,  -0.00592,   0.41519,  -0.00142,79230774.94005,   0.25250,78730774.94005,  -0.03779,   0.29597,  -0.03874,   0.00000,   2.00000
55932397.84364,89445283.13835,7245182.21585,  -0.00561,   0.41598,  -0.00076,79268408.83057,   0.25322,78768408.83057,  -0.03764,   0.29682,  -0.03844,   0.00000,   2.00000
56025686.85617,89452139.95381,7313915.77592,  -0.00529,   0.41677,  -0.00010,79305897.89093,   0.25394,78805897.89093,  -0.03748,   0.29766,  -0.03814,   0.00000,   2.00000
56114944.71344,89459262.80093,7382322.72011,  -0.00498,   0.41755,   0.00056,79343186.23001,   0.25466,78843186.23001,  -0.03733,   0.29850,  -0.03783,   0.00000,   2.00000
56206945.85200,89465031.13911,7451641.13494,  -0.00466,   0.41833,   0.00122,79380332.98406,   0.25538,78880332.98406,  -0.03717,   0.29934,  -0.03753,   0.00000,   2.00000
56295161.64146,89471473.34298,7519350.51206,  -0.00434,   0.41910,   0.00188,79417256.36554,   0.25610,78917256.36554,  -0.03701,   0.30018,  -0.03722,   0.00000,   2.00000
56385774.78216,89477091.62114,7587578.67478,  -0.00402,   0.41988,   0.00255,79454291.49447,   0.25682,78954291.49447,  -0.03685,   0.30101,  -0.03691,   0.00000,   2.00000
56472520.71860,89482051.67095,7657186.62608,  -0.00371,   0.42065,   0.00322,79490903.07516,   0.25753,78990903.07516,  -0.03670,   0.30184,  -0.03660,   0.00000,   2.00000
56562127.49431,89486993.27133,7724727.80764,  -0.00339,   0.42142,   0.00389,79527578.66323,   0.25824,79027578.66323,  -0.03654,   0.30267,  -0.03628,   0.00000,   2.00000
56647887.51583,89491275.57413,7793667.69913,  -0.00308,   0.42219,   0.00456,79563833.61888,   0.25895,79063833.61888,  -0.03638,   0.30350,  -0.03597,   0.00000,   2.00000
56736278.81137,89495133.68737,7861828.21581,  -0.00276,   0.42295,   0.00523,79600178.75997,   0.25966,79100178.75997,  -0.03622,   0.30432,  -0.03565,   0.00000,   2.00000
56820718.29155,89499303.73628,7929694.93091,  -0.00245,   0.42371,   0.00591,79636328.74919,   0.26037,79136328.74919,  -0.03605,   0.30514,  -0.03533,   0.00000,   2.00000
56904887.28999,89502863.60748,7997453.37687,  -0.00214,   0.42447,   0.00658,79672179.63164,   0.26107,79172179.63164,  -0.03589,   0.30596,  -0.03501,   0.00000,   2.00000
56991449.42180,89505579.50283,8065718.36867,  -0.00182,   0.42522,   0.00726,79708147.64212,   0.26178,79208147.64212,  -0.03573,   0.30678,  -0.03468,   0.00000,   2.00000
57074087.25650,89508622.54450,8133698.68863,  -0.00151,   0.42598,   0.00794,79743922.50030,   0.26249,79243922.50030,  -0.03556,   0.30759,  -0.03436,   0.00000,   2.00000
57156477.21647,89511053.27014,8201582.59809,  -0.00119,   0.42673,   0.00862,79779401.72632,   0.26319,79279401.72632,  -0.03540,   0.30840,  -0.03403,   0.00000,   2.00000
57241510.82932,89513066.00669,8268688.18385,  -0.00087,   0.42748,   0.00930,79814973.68037,   0.26389,79314973.68037,  -0.03523,   0.30921,  -0.03370,   0.00000,   2.00000
57322770.84397,89514407.35533,8337244.38106,  -0.00056,   0.42822,   0.00999,79850136.21123,   0.26459,79350136.21123,  -0.03507,   0.31002,  -0.03337,   0.00000,   2.00000
57403422.82913,89515712.95036,8405273.48796,  -0.00025,   0.42896,   0.01067,79885251.23196,   0.26528,79385251.23196,  -0.03490,   0.31082,  -0.03304,   0.00000,   2.00000
57486722.89988,89516602.07869,8472519.07226,   0.00007,   0.42971,   0.01136,79920460.44121,   0.26598,79420460.44121,  -0.03473,   0.31163,  -0.03270,   0.00000,   2.00000
57566536.32433,89517260.38585,8539956.63574,   0.00038,   0.43044,   0.01205,79955237.27520,   0.26667,79455237.27520,  -0.03457,   0.31242,  -0.03236,   0.00000,   2.00000
57646143.48729,89517300.43021,8607330.76567,   0.00069,   0.43117,   0.01273,79989725.70777,   0.26736,79489725.70777,  -0.03440,   0.31321,  -0.03202,   0.00000,   2.00000
57724509.44928,89517459.29027,8675012.67673,   0.00101,   0.43191,   0.01343,80024437.63685,   0.26806,79524437.63684,  -0.03423,   0.31401,  -0.03168,   0.00000,   2.00000
57802683.63758,89516998.37971,8742635.38231,   0.00132,   0.43264,   0.01412,80058862.82839,   0.26874,79558862.82839,  -0.03406,   0.31480,  -0.03134,   0.00000,   2.00000
57880671.01679,89515915.38866,8810205.62800,   0.00163,   0.43336,   0.01481,80093002.84962,   0.26943,79593002.84962,  -0.03389,   0.31559,  -0.03100,   0.00000,   2.00000
57958084.13890,89514815.16157,8877266.02667,   0.00194,   0.43408,   0.01551,80127099.14863,   0.27011,79627099.14863,  -0.03372,   0.31637,  -0.03065,   0.00000,   2.00000
58034929.27959,89513701.71970,8943820.72859,   0.00226,   0.43480,   0.01620,80161151.75613,   0.27080,79661151.75613,  -0.03355,   0.31715,  -0.03031,   0.00000,   2.00000
58111330.32663,89511495.36627,9011613.87520,   0.00257,   0.43552,   0.01690,80194949.92631,   0.27148,79694949.92631,  -0.03338,   0.31793,  -0.02996,   0.00000,   2.00000
58187450.64466,89509750.58946,9077629.28001,   0.00288,   0.43623,   0.01760,80228677.71880,   0.27216,79728677.71880,  -0.03320,   0.31871,  -0.02961,   0.00000,   2.00000
58263134.53942,89506904.24314,9144895.21643,   0.00319,   0.43694,   0.01830,80262153.44098,   0.27284,79762153.44098,  -0.03303,   0.31948,  -0.02926,   0.00000,   2.00000
58338265.93673,89504052.17333,9211659.71509,   0.00350,   0.43765,   0.01900,80295588.01060,   0.27351,79795588.01060,  -0.03286,   0.32025,  -0.02890,   0.00000,   2.00000
58412563.51761,89500716.69720,9279193.52185,   0.00382,   0.43835,   0.01971,80329010.10415,   0.27419,79829010.10415,  -0.03268,   0.32102,  -0.02854,   0.00000,   2.00000
58487012.32959,89497232.01160,9345443.45881,   0.00413,   0.43905,   0.02041,80362126.50981,   0.27487,79862126.50981,  -0.03251,   0.32179,  -0.02819,   0.00000,   2.00000
58557719.59666,89494159.70552,9411496.24815,   0.00443,   0.43976,   0.02111,80395062.16846,   0.27554,79895062.16846,  -0.03234,   0.32255,  -0.02783,   0.00000,   2.00000
58631234.84828,89489552.00078,9478524.21472,   0.00475,   0.44045,   0.02182,80427892.80577,   0.27621,79927892.80577,  -0.03216,   0.32331,  -0.02747,   0.00000,   2.00000
58704217.65777,89484949.16230,9545058.51020,   0.00506,   0.44114,   0.02252,80460684.75077,   0.27688,79960684.75077,  -0.03198,   0.32407,  -0.02711,   0.00000,   2.00000
58773889.83790,89480120.29655,9611901.13333,   0.00536,   0.44183,   0.02323,80493063.37916,   0.27754,79993063.37916,  -0.03181,   0.32482,  -0.02675,   0.00000,   2.00000
58846255.23011,89474885.94393,9677955.20588,   0.00568,   0.44252,   0.02394,80525545.29617,   0.27820,80025545.29617,  -0.03163,   0.32557,  -0.02639,   0.00000,   2.00000
58914913.38250,89470081.09382,9743830.91984,   0.00598,   0.44320,   0.02465,80557849.24399,   0.27887,80057849.24399,  -0.03146,   0.32632,  -0.02602,   0.00000,   2.00000
58986378.32946,89463708.92309,9810688.71396,   0.00629,   0.44388,   0.02536,80590053.35979,   0.27953,80090053.35979,  -0.03128,   0.32707,  -0.02565,   0.00000,   2.00000
59054870.78923,89457615.60106,9876619.58888,   0.00660,   0.44456,   0.02607,80621818.79638,   0.28018,80121818.79638,  -0.03110,   0.32781,  -0.02529,   0.00000,   2.00000
59122152.07333,89451696.19701,9942823.09527,   0.00690,   0.44524,   0.02678,80653810.98149,   0.28084,80153810.98149,  -0.03093,   0.32855,  -0.02492,   0.00000,   2.00000
59193281.91363,89444547.73066,10008008.53189,   0.00722,   0.44590,   0.02749,80685414.52651,   0.28149,80185414.52651,  -0.03075,   0.32928,  -0.02455,   0.00000,   2.00000
59260000.37767,89438001.66246,10073780.80986,   0.00752,   0.44658,   0.02821,80717104.46526,   0.28215,80217104.46526,  -0.03057,   0.33002,  -0.02418,   0.00000,   2.00000
59327089.96740,89430121.45887,10140124.96485,   0.00783,   0.44724,   0.02892,80748298.86425,   0.28280,80248298.86425,  -0.03039,   0.33075,  -0.02381,   0.00000,   2.00000
59393284.57661,89422948.09458,10205473.43075,   0.00813,   0.44790,   0.02964,80779690.26123,   0.28345,80279690.26123,  -0.03021,   0.33148,  -0.02343,   0.00000,   2.00000
59459438.15926,89415115.98390,10270883.85793,   0.00844,   0.44856,   0.03035,80810818.32868,   0.28410,80310818.32868,  -0.03003,   0.33220,  -0.02306,   0.00000,   2.00000
59525552.80907,89406621.42208,10336361.55719,   0.00874,   0.44921,   0.03107,80841684.40302,   0.28474,80341684.40302,  -0.02986,   0.33292,  -0.02268,   0.00000,   2.00000
59590879.20240,89397623.96061,10402631.25738,   0.00905,   0.44987,   0.03179,80872549.45116,   0.28538,80372549.45116,  -0.02968,   0.33364,  -0.02231,   0.00000,   2.00000
59653344.14988,89388922.54832,10468047.46815,   0.00935,   0.45051,   0.03250,80902984.09848,   0.28602,80402984.09848,  -0.02950,   0.33435,  -0.02193,   0.00000,   2.00000
59718201.47493,89379284.85201,10533928.41837,   0.00965,   0.45116,   0.03322,80933558.86991,   0.28666,80433558.86991,  -0.02932,   0.33507,  -0.02155,   0.00000,   2.00000
59782938.23425,89370222.29250,10598097.11477,   0.00996,   0.45180,   0.03394,80964071.31932,   0.28730,80464071.31932,  -0.02914,   0.33578,  -0.02117,   0.00000,   2.00000
59844173.31433,89360375.10102,10663949.00560,   0.01026,   0.45244,   0.03466,80994218.11508,   0.28793,80494218.11508,  -0.02896,   0.33648,  -0.02079,   0.00000,   2.00000
59908468.88829,89350678.06495,10727757.72329,   0.01056,   0.45308,   0.03538,81024442.95095,   0.28856,80524442.95095,  -0.02878,   0.33719,  -0.02041,   0.00000,   2.00000
59969270.61269,89340187.30758,10793263.63862,   0.01086,   0.45371,   0.03610,81054304.24507,   0.28919,80554304.24507,  -0.02860,   0.33789,  -0.02003,   0.00000,   2.00000
60033227.20283,89328576.49626,10858530.24334,   0.01116,   0.45433,   0.03682,81084050.56400,   0.28982,80584050.56400,  -0.02842,   0.33858,  -0.01965,   0.00000,   2.00000
60093602.61148,89317441.94282,10923693.75226,   0.01146,   0.45496,   0.03754,81113629.57746,   0.29044,80613629.57746,  -0.02824,   0.33927,  -0.01926,   0.00000,   2.00000
60153910.73527,89306908.18489,10987166.92349,   0.01176,   0.45558,   0.03825,81143148.53583,   0.29107,80643148.53583,  -0.02806,   0.33996,  -0.01888,   0.00000,   2.00000
60213897.35085,89295123.46750,11052015.32668,   0.01206,   0.45620,   0.03898,81172447.53729,   0.29169,80672447.53729,  -0.02788,   0.34065,  -0.01849,   0.00000,   2.00000
60276605.86473,89282945.14401,11116072.07538,   0.01237,   0.45682,   0.03970,81201858.28186,   0.29231,80701858.28186,  -0.02770,   0.34134,  -0.01811,   0.00000,   2.00000
60336193.34038,89270509.35525,11180614.39946,   0.01266,   0.45743,   0.04042,81230879.41386,   0.29292,80730879.41386,  -0.02752,   0.34202,  -0.01772,   0.00000,   2.00000
60392249.77506,89258561.31970,11245078.65663,   0.01296,   0.45804,   0.04114,81259735.74874,   0.29354,80759735.74874,  -0.02734,   0.34269,  -0.01733,   0.00000,   2.00000
60451490.65643,89245468.62577,11309326.70606,   0.01325,   0.45864,   0.04186,81288482.52791,   0.29415,80788482.52791,  -0.02716,   0.34337,  -0.01695,   0.00000,   2.00000
60510330.73816,89232425.89381,11373145.07025,   0.01355,   0.45925,   0.04258,81317203.83719,   0.29476,80817203.83719,  -0.02698,   0.34404,  -0.01656,   0.00000,   2.00000
60569213.24773,89218673.76143,11437115.96686,   0.01385,   0.45984,   0.04331,81345678.00061,   0.29537,80845678.00061,  -0.02680,   0.34471,  -0.01617,   0.00000,   2.00000
60625021.89756,89204650.51031,11501609.12900,   0.01414,   0.46043,   0.04403,81373767.88538,   0.29597,80873767.88538,  -0.02662,   0.34537,  -0.01578,   0.00000,   2.00000
60683570.81298,89190235.13942,11565311.59347,   0.01444,   0.46102,   0.04475,81401972.68919,   0.29657,80901972.68919,  -0.02644,   0.34603,  -0.01539,   0.00000,   2.00000
60738614.72285,89176318.20221,11628963.52771,   0.01473,   0.46161,   0.04547,81430015.29566,   0.29717,80930015.29566,  -0.02626,   0.34669,  -0.01500,   0.00000,   2.00000
60793733.88215,89161678.43523,11692788.46461,   0.01502,   0.46220,   0.04619,81457814.45434,   0.29777,80957814.45434,  -0.02608,   0.34734,  -0.01461,   0.00000,   2.00000
60851593.68067,89146649.37145,11755823.62549,   0.01532,   0.46278,   0.04691,81485728.99244,   0.29837,80985728.99244,  -0.02589,   0.34800,  -0.01422,   0.00000,   2.00000
60906405.42137,89131337.23454,11819417.68730,   0.01561,   0.46335,   0.04764,81513262.97367,   0.29896,81013262.97367,  -0.02571,   0.34864,  -0.01382,   0.00000,   2.00000
60961296.64508,89115290.85934,11883198.57057,   0.01590,   0.46392,   0.04836,81540556.14667,   0.29955,81040556.14667,  -0.02554,   0.34928,  -0.01343,   0.00000,   2.00000
61015823.53673,89099301.66068,11946569.47458,   0.01620,   0.46449,   0.04908,81567828.07912,   0.30014,81067828.07912,  -0.02536,   0.34992,  -0.01304,   0.00000,   2.00000
61069989.91363,89083371.95607,12009533.30603,   0.01649,   0.46506,   0.04980,81595078.71784,   0.30073,81095078.71784,  -0.02518,   0.35056,  -0.01265,   0.00000,   2.00000
61124243.98336,89066699.11483,12072699.04052,   0.01678,   0.46562,   0.05052,81622090.34710,   0.30131,81122090.34710,  -0.02500,   0.35120,  -0.01225,   0.00000,   2.00000
61175877.18629,89050333.52218,12135228.05109,   0.01706,   0.46618,   0.05124,81648691.73801,   0.30189,81148691.73801,  -0.02482,   0.35182,  -0.01187,   0.00000,   2.00000
61229878.94801,89032970.68476,12198203.64341,   0.01735,   0.46673,   0.05196,81675445.78336,   0.30247,81175445.78336,  -0.02464,   0.35245,  -0.01147,   0.00000,   2.00000
61280881.55162,89015301.20103,12261785.82744,   0.01764,   0.46728,   0.05268,81701825.79052,   0.30304,81201825.79052,  -0.02446,   0.35307,  -0.01108,   0.00000,   2.00000
61335030.04178,88997859.38609,12323349.35262,   0.01793,   0.46783,   0.05340,81728289.62013,   0.30362,81228289.62013,  -0.02428,   0.35370,  -0.01069,   0.00000,   2.00000
61385793.83020,88979487.76607,12386767.69919,   0.01821,   0.46837,   0.05412,81754415.64987,   0.30419,81254415.64987,  -0.02410,   0.35431,  -0.01029,   0.00000,   2.00000
61436622.39549,88961799.32479,12448566.76744,   0.01850,   0.46891,   0.05483,81780488.39069,   0.30476,81280488.39069,  -0.02392,   0.35492,  -0.00990,   0.00000,   2.00000
61487171.72684,88942718.20064,12511831.81519,   0.01878,   0.46945,   0.05555,81806362.99301,   0.30532,81306362.99301,  -0.02375,   0.35553,  -0.00951,   0.00000,   2.00000
61538239.50377,88923486.69392,12574110.05809,   0.01907,   0.46997,   0.05627,81831970.01542,   0.30588,81331970.01542,  -0.02357,   0.35613,  -0.00912,   0.00000,   2.00000
61588977.51925,88904319.72698,12636007.36405,   0.01935,   0.47050,   0.05698,81857559.91518,   0.30644,81357559.91518,  -0.02339,   0.35674,  -0.00872,   0.00000,   2.00000
61639389.13591,88885219.33687,12697526.30974,   0.01964,   0.47103,   0.05770,81883132.63204,   0.30700,81383132.63204,  -0.02322,   0.35734,  -0.00833,   0.00000,   2.00000
61689925.69864,88865334.09647,12759304.03940,   0.01992,   0.47155,   0.05841,81908474.51817,   0.30756,81408474.51817,  -0.02304,   0.35793,  -0.00794,   0.00000,   2.00000
61737514.68758,88845109.59377,12821754.90092,   0.02020,   0.47206,   0.05913,81933449.55683,   0.30811,81433449.55683,  -0.02286,   0.35852,  -0.00755,   0.00000,   2.00000
61787867.53948,88824499.68624,12883418.37954,   0.02048,   0.47258,   0.05984,81958546.26663,   0.30866,81458546.26663,  -0.02269,   0.35911,  -0.00715,   0.00000,   2.00000
61835278.92338,88803542.89730,12945767.55480,   0.02076,   0.47308,   0.06056,81983277.55680,   0.30921,81483277.55680,  -0.02251,   0.35969,  -0.00676,   0.00000,   2.00000
61886316.74980,88781973.37006,13006756.07946,   0.02105,   0.47358,   0.06126,82007882.43711,   0.30975,81507882.43711,  -0.02234,   0.36027,  -0.00637,   0.00000,   2.00000
61933548.63948,88760277.61945,13069017.93396,   0.02132,   0.47408,   0.06198,82032371.95301,   0.31029,81532371.95301,  -0.02216,   0.36085,  -0.00598,   0.00000,   2.00000
61980898.52176,88739297.94796,13129696.86241,   0.02160,   0.47458,   0.06269,82056810.68598,   0.31083,81556810.68598,  -0.02199,   0.36142,  -0.00559,   0.00000,   2.00000
62028399.54284,88717503.91243,13190670.57973,   0.02188,   0.47507,   0.06340,82081023.64252,   0.31136,81581023.64252,  -0.02181,   0.36199,  -0.00520,   0.00000,   2.00000
62076050.07645,88694889.91650,13251942.04045,   0.02216,   0.47556,   0.06410,82105011.81988,   0.31190,81605011.81988,  -0.02164,   0.36256,  -0.00481,   0.00000,   2.00000
62123848.49568,88671450.25307,13313514.20166,   0.02243,   0.47604,   0.06481,82128776.20954,   0.31242,81628776.20954,  -0.02147,   0.36311,  -0.00442,   0.00000,   2.00000
62168289.75264,88648530.00673,13375160.73602,   0.02270,   0.47652,   0.06552,82152391.30824,   0.31295,81652391.30824,  -0.02130,   0.36367,  -0.00403,   0.00000,   2.00000
62215502.08029,88625225.95641,13436021.43775,   0.02298,   0.47700,   0.06623,82176130.72722,   0.31348,81676130.72722,  -0.02112,   0.36423,  -0.00364,   0.00000,   2.00000
62260249.49742,88602200.01259,13496420.34808,   0.02325,   0.47747,   0.06693,82199473.97875,   0.31400,81699473.97875,  -0.02095,   0.36478,  -0.00325,   0.00000,   2.00000
62308216.04340,88577879.34190,13556706.60344,   0.02353,   0.47793,   0.06763,82222732.46684,   0.31451,81722732.46684,  -0.02078,   0.36532,  -0.00287,   0.00000,   2.00000
62352848.59309,88552495.14985,13618965.43042,   0.02380,   0.47839,   0.06834,82245671.37852,   0.31503,81745671.37852,  -0.02061,   0.36586,  -0.00248,   0.00000,   2.00000
62398076.17679,88528517.93594,13678461.33421,   0.02407,   0.47885,   0.06903,82268524.39377,   0.31554,81768524.39377,  -0.02044,   0.36640,  -0.00210,   0.00000,   2.00000
62442583.70545,88503938.28414,13738830.41728,   0.02434,   0.47931,   0.06973,82291403.92987,   0.31605,81791403.92987,  -0.02027,   0.36694,  -0.00171,   0.00000,   2.00000
62487712.81597,88477566.75985,13800214.17514,   0.02461,   0.47975,   0.07043,82313856.81772,   0.31655,81813856.81772,  -0.02010,   0.36746,  -0.00133,   0.00000,   2.00000
62532554.51030,88452875.34076,13859376.12829,   0.02488,   0.48020,   0.07113,82336469.44574,   0.31706,81836469.44574,  -0.01993,   0.36799,  -0.00094,   0.00000,   2.00000
62574982.18408,88426826.38103,13920021.35238,   0.02515,   0.48064,   0.07182,82358520.61034,   0.31755,81858520.61034,  -0.01977,   0.36851,  -0.00056,   0.00000,   2.00000
62620181.83565,88400392.62052,13979885.77146,   0.02542,   0.48108,   0.07251,82380698.87359,   0.31805,81880698.87359,  -0.01960,   0.36903,  -0.00018,   0.00000,   2.00000
62665551.32033,88373078.28974,14040108.21904,   0.02569,   0.48151,   0.07321,82402660.95334,   0.31854,81902660.95334,  -0.01943,   0.36955,   0.00020,   0.00000,   2.00000
62707607.49653,88346283.39459,14100458.55461,   0.02595,   0.48194,   0.07390,82424477.91185,   0.31904,81924477.91185,  -0.01927,   0.37006,   0.00058,   0.00000,   2.00000
62750307.96929,88319286.46102,14159975.16636,   0.02622,   0.48236,   0.07459,82446041.60481,   0.31952,81946041.60481,  -0.01910,   0.37057,   0.00096,   0.00000,   2.00000
62793195.46220,88291393.18657,14219866.58391,   0.02648,   0.48278,   0.07527,82467391.21724,   0.32000,81967391.21724,  -0.01894,   0.37107,   0.00133,   0.00000,   2.00000
62835819.03799,88263566.53228,14279440.14522,   0.02674,   0.48319,   0.07596,82488732.98510,   0.32049,81988732.98510,  -0.01877,   0.37157,   0.00171,   0.00000,   2.00000
62879092.08888,88235530.14881,14338199.26792,   0.02701,   0.48360,   0.07664,82509822.75805,   0.32096,82009822.75805,  -0.01861,   0.37206,   0.00208,   0.00000,   2.00000
62922086.44004,88205884.31432,14398543.98931,   0.02727,   0.48401,   0.07733,82530739.23896,   0.32144,82030739.23896,  -0.01845,   0.37255,   0.00246,   0.00000,   2.00000
62965281.52276,88177004.11209,14457378.97638,   0.02753,   0.48441,   0.07801,82551609.70129,   0.32191,82051609.70129,  -0.01828,   0.37304,   0.00283,   0.00000,   2.00000
63005642.53663,88147653.01395,14517081.09948,   0.02779,   0.48480,   0.07869,82572132.93859,   0.32237,82072132.93859,  -0.01812,   0.37352,   0.00320,   0.00000,   2.00000
63049245.10485,88118622.02332,14574812.56784,   0.02805,   0.48520,   0.07936,82592746.30071,   0.32284,82092746.30071,  -0.01796,   0.37400,   0.00357,   0.00000,   2.00000
63089992.71454,88087405.39417,14635327.85453,   0.02831,   0.48558,   0.08004,82612849.30001,   0.32330,82112849.30001,  -0.01780,   0.37447,   0.00394,   0.00000,   2.00000
63130963.02641,88056959.50605,14694346.34815,   0.02857,   0.48596,   0.08071,82632907.48301,   0.32375,82132907.48301,  -0.01765,   0.37494,   0.00430,   0.00000,   2.00000
63174697.67394,88026128.55614,14752588.32866,   0.02883,   0.48634,   0.08139,82653095.90704,   0.32421,82153095.90704,  -0.01749,   0.37541,   0.00467,   0.00000,   2.00000
63216084.33205,87995514.11812,14810541.28680,   0.02909,   0.48672,   0.08205,82672899.92180,   0.32466,82172899.92180,  -0.01733,   0.37588,   0.00504,   0.00000,   2.00000
63254179.43680,87963678.69972,14870591.00331,   0.02934,   0.48709,   0.08273,82692400.50077,   0.32511,82192400.50077,  -0.01717,   0.37633,   0.00540,   0.00000,   2.00000
63295976.86353,87931151.08658,14929393.32473,   0.02960,   0.48745,   0.08339,82711790.38621,   0.32555,82211790.38621,  -0.01702,   0.37678,   0.00576,   0.00000,   2.00000
63338007.47344,87899404.93560,14986720.67228,   0.02985,   0.48781,   0.08405,82731135.62343,   0.32599,82231135.62343,  -0.01686,   0.37723,   0.00612,   0.00000,   2.00000
63379747.81758,87865966.77694,15045673.82387,   0.03011,   0.48816,   0.08472,82750315.02924,   0.32643,82250315.02924,  -0.01671,   0.37768,   0.00648,   0.00000,   2.00000
63419168.03496,87832723.36763,15104372.05474,   0.03036,   0.48851,   0.08538,82769113.15041,   0.32686,82269113.15041,  -0.01656,   0.37812,   0.00684,   0.00000,   2.00000
63458842.19704,87800265.20930,15161606.35587,   0.03061,   0.48886,   0.08603,82787867.29291,   0.32729,82287867.29291,  -0.01640,   0.37856,   0.00719,   0.00000,   2.00000
63501232.62442,87765644.33446,15219982.94538,   0.03086,   0.48920,   0.08669,82806593.43024,   0.32772,82306593.43024,  -0.01625,   0.37899,   0.00755,   0.00000,   2.00000
63541312.09696,87731207.04931,15278127.85451,   0.03111,   0.48953,   0.08734,82824939.46744,   0.32814,82324939.46744,  -0.01610,   0.37942,   0.00790,   0.00000,   2.00000
63581152.36504,87696826.30414,15335998.06279,   0.03136,   0.48986,   0.08799,82843282.85659,   0.32857,82343282.85659,  -0.01595,   0.37985,   0.00825,   0.00000,   2.00000
63618704.91342,87662621.79458,15393654.91331,   0.03161,   0.49019,   0.08864,82861246.92306,   0.32898,82361246.92306,  -0.01580,   0.38026,   0.00859,   0.00000,   2.00000
63659470.22058,87626959.88934,15451280.72351,   0.03186,   0.49051,   0.08928,82879144.73864,   0.32939,82379144.73864,  -0.01565,   0.38068,   0.00894,   0.00000,   2.00000
63700437.75657,87590279.54658,15509379.87129,   0.03211,   0.49082,   0.08993,82896841.21284,   0.32980,82396841.21284,  -0.01551,   0.38109,   0.00928,   0.00000,   2.00000
63738172.86251,87554095.89449,15567718.17796,   0.03235,   0.49113,   0.09058,82914400.65884,   0.33020,82414400.65884,  -0.01536,   0.38150,   0.00962,   0.00000,   2.00000
63779618.98998,87517181.44937,15624852.52469,   0.03260,   0.49144,   0.09121,82931854.00488,   0.33061,82431854.00488,  -0.01522,   0.38190,   0.00996,   0.00000,   2.00000
63818795.93973,87480430.39141,15681813.97794,   0.03284,   0.49174,   0.09185,82948939.41281,   0.33100,82448929.61254,  -0.01507,   0.38230,   0.01030,   9.80027,   1.00000
63857225.24374,87442971.70002,15739690.41439,   0.03309,   0.49203,   0.09248,82966056.54575,   0.33140,82466046.69235,  -0.01493,   0.38270,   0.01064,   9.85340,   1.00000
63896381.10292,87405214.31952,15796887.97022,   0.03333,   0.49233,   0.09312,82982932.77765,   0.33179,82482923.19411,  -0.01479,   0.38309,   0.01097,   9.58354,   1.00000
63936264.33408,87367154.11489,15853415.51443,   0.03357,   0.49261,   0.09374,82999568.70940,   0.33217,82499559.39193,  -0.01465,   0.38347,   0.01130,   9.31747,   1.00000
63976357.25036,87328032.34488,15910450.17844,   0.03381,   0.49289,   0.09436,83016006.88800,   0.33255,82515997.78596,  -0.01451,   0.38385,   0.01163,   9.10204,   1.00000
64016216.82762,87288955.83100,15967236.23783,   0.03406,   0.49317,   0.09499,83032445.48415,   0.33293,82532436.37702,  -0.01437,   0.38423,   0.01196,   9.10712,   1.00000
64056284.23148,87248805.73878,16024533.97658,   0.03430,   0.49344,   0.09561,83048687.04939,   0.33331,82548678.15428,  -0.01423,   0.38461,   0.01229,   8.89511,   1.00000
64094107.65199,87208774.95548,16081705.17317,   0.03454,   0.49370,   0.09623,83064554.28506,   0.33368,82564545.79046,  -0.01409,   0.38497,   0.01261,   8.49460,   1.00000
64135207.91882,87169107.78165,16136942.46055,   0.03478,   0.49396,   0.09684,83080515.94984,   0.33405,82580507.34995,  -0.01396,   0.38534,   0.01293,   8.59988,   1.00000
64173454.35161,87126888.99969,16195167.27045,   0.03501,   0.49421,   0.09746,83095992.23138,   0.33441,82595984.14154,  -0.01382,   0.38570,   0.01324,   8.08984,   1.00000
64212535.33779,87086238.36838,16250824.60194,   0.03525,   0.49446,   0.09806,83111385.19918,   0.33477,82611377.19246,  -0.01369,   0.38605,   0.01356,   8.00671,   1.00000
64251298.89735,87043712.44651,16308181.66584,   0.03549,   0.49471,   0.09867,83126626.71293,   0.33512,82626618.85870,  -0.01356,   0.38640,   0.01387,   7.85422,   1.00000
64290370.77048,87001991.83611,16364141.82633,   0.03572,   0.49495,   0.09928,83141827.36433,   0.33548,82641819.54816,  -0.01342,   0.38675,   0.01418,   7.81617,   1.00000
64330192.77654,86959923.59581,16419485.77321,   0.03596,   0.49518,   0.09987,83156791.09293,   0.33583,82656783.51443,  -0.01329,   0.38709,   0.01449,   7.57851,   1.00000
64369687.77414,86915954.93756,16476537.52420,   0.03619,   0.49541,   0.10048,83171605.19844,   0.33617,82671597.76688,  -0.01316,   0.38743,   0.01480,   7.43156,   1.00000
64410471.70295,86872401.23752,16531820.89429,   0.03643,   0.49564,   0.10107,83186140.22982,   0.33651,82686133.07188,  -0.01304,   0.38777,   0.01510,   7.15793,   1.00000
64448505.91654,86828141.53542,16588206.25961,   0.03666,   0.49585,   0.10166,83200347.62329,   0.33684,82700340.78078,  -0.01291,   0.38809,   0.01540,   6.84251,   1.00000
64489277.55285,86783473.19072,16643824.77728,   0.03689,   0.49607,   0.10225,83214694.36576,   0.33718,82714687.38523,  -0.01278,   0.38842,   0.01570,   6.98054,   1.00000
64527300.83145,86738084.51916,16700553.32592,   0.03712,   0.49627,   0.10284,83228713.97246,   0.33751,82728707.30268,  -0.01266,   0.38874,   0.01599,   6.66978,   1.00000
64566637.28492,86693097.51032,16755540.32002,   0.03735,   0.49647,   0.10341,83242455.62457,   0.33783,82742449.21345,  -0.01254,   0.38906,   0.01628,   6.41112,   1.00000
64605637.22613,86646153.92416,16812254.77835,   0.03758,   0.49667,   0.10400,83256051.40755,   0.33815,82756045.12864,  -0.01242,   0.38937,   0.01657,   6.27890,   1.00000
64644967.40080,86600017.11247,16867602.32624,   0.03781,   0.49686,   0.10457,83269607.39486,   0.33847,82769601.14956,  -0.01229,   0.38967,   0.01686,   6.24531,   1.00000
64685497.79733,86552277.11675,16923169.85499,   0.03804,   0.49704,   0.10514,83282736.52094,   0.33878,82782730.65953,  -0.01218,   0.38997,   0.01714,   5.86141,   1.00000
64725803.23723,86504552.68222,16978530.31343,   0.03827,   0.49722,   0.10571,83295870.59533,   0.33908,82795864.72689,  -0.01206,   0.39027,   0.01742,   5.86844,   1.00000
64765884.89540,86456844.81562,17033684.37541,   0.03850,   0.49740,   0.10628,83309009.18996,   0.33939,82809003.31450,  -0.01194,   0.39057,   0.01770,   5.87546,   1.00000
64807167.77690,86407500.65841,17089077.13085,   0.03873,   0.49757,   0.10684,83321722.52478,   0.33969,82821717.02049,  -0.01182,   0.39086,   0.01798,   5.50429,   1.00000
64845849.42299,86359395.06113,17143686.88831,   0.03895,   0.49774,   0.10740,83334260.50966,   0.33999,82834255.15366,  -0.01171,   0.39114,   0.01825,   5.35600,   1.00000
64888114.53890,86308399.74995,17199131.46996,   0.03918,   0.49789,   0.10795,83346555.52048,   0.34028,82846550.36751,  -0.01160,   0.39142,   0.01852,   5.15297,   1.00000
64927214.73379,86257839.09236,17254946.04281,   0.03940,   0.49804,   0.10851,83358720.39307,   0.34056,82858715.34612,  -0.01149,   0.39170,   0.01878,   5.04694,   1.00000
64967095.78123,86206837.48791,17310223.67438,   0.03962,   0.49819,   0.10905,83370654.47033,   0.34084,82870649.61060,  -0.01138,   0.39197,   0.01904,   4.85973,   1.00000
65007330.04240,86156641.80296,17364167.23258,   0.03984,   0.49833,   0.10960,83382549.42144,   0.34112,82882544.59131,  -0.01127,   0.39224,   0.01930,   4.83013,   1.00000
65048204.22123,86103933.15936,17419534.87980,   0.04007,   0.49847,   0.11014,83394067.74946,   0.34140,82894063.21795,  -0.01116,   0.39249,   0.01955,   4.53152,   1.00000
65089432.08146,86052027.15592,17473574.07571,   0.04029,   0.49860,   0.11067,83405547.43079,   0.34167,82905542.92769,  -0.01105,   0.39275,   0.01981,   4.50310,   1.00000
65130867.19136,85998848.67812,17528238.16274,   0.04051,   0.49872,   0.11121,83416842.67860,   0.34193,82916838.31685,  -0.01095,   0.39301,   0.02006,   4.36174,   1.00000
65172506.16763,85944387.43566,17583528.15937,   0.04073,   0.49884,   0.11174,83427954.30328,   0.34220,82927950.08017,  -0.01085,   0.39326,   0.02031,   4.22312,   1.00000
65215085.38476,85891539.95921,17636361.47697,   0.04095,   0.49896,   0.11226,83438981.44439,   0.34246,82938977.28340,  -0.01074,   0.39350,   0.02055,   4.16099,   1.00000
65254793.51076,85835721.53570,17692367.62343,   0.04117,   0.49906,   0.11279,83449544.63264,   0.34271,82949540.81235,  -0.01064,   0.39374,   0.02079,   3.82029,   1.00000
65298372.29235,85781090.26367,17745337.87839,   0.04139,   0.49917,   0.11330,83460160.27080,   0.34296,82960156.41101,  -0.01054,   0.39398,   0.02103,   3.85979,   1.00000
65339239.25484,85725569.91798,17799542.66141,   0.04161,   0.49926,   0.11381,83470456.79701,   0.34320,82970453.16389,  -0.01044,   0.39421,   0.02126,   3.63312,   1.00000
65380314.10692,85668724.41818,17854394.08802,   0.04182,   0.49935,   0.11433,83480571.80751,   0.34344,82980568.29976,  -0.01035,   0.39443,   0.02148,   3.50775,   1.00000
65425094.82451,85610938.89276,17908168.93188,   0.04204,   0.49944,   0.11483,83490596.11298,   0.34368,82990592.66636,  -0.01025,   0.39466,   0.02171,   3.44662,   1.00000
65467758.22500,85553053.37984,17962062.97343,   0.04226,   0.49951,   0.11533,83500256.37280,   0.34391,83000253.17041,  -0.01016,   0.39487,   0.02193,   3.20239,   1.00000
65510201.19404,85495138.64078,18015790.72434,   0.04247,   0.49959,   0.11583,83509925.18551,   0.34414,83009921.97614,  -0.01007,   0.39509,   0.02215,   3.20937,   1.00000
65553868.27037,85435356.97921,18069877.84703,   0.04269,   0.49965,   0.11633,83519178.55527,   0.34436,83019175.61429,  -0.00998,   0.39529,   0.02236,   2.94098,   1.00000
65597311.20868,85375537.47749,18123801.44765,   0.04290,   0.49972,   0.11682,83528441.10003,   0.34458,83028438.15206,  -0.00989,   0.39550,   0.02258,   2.94797,   1.00000
65641555.95536,85315165.00571,18177266.62039,   0.04312,   0.49977,   0.11730,83537477.43375,   0.34479,83037474.62669,  -0.00980,   0.39570,   0.02278,   2.80706,   1.00000
65683103.25433,85253822.24983,18232009.87489,   0.04333,   0.49982,   0.11779,83546198.02180,   0.34500,83046195.40624,  -0.00972,   0.39589,   0.02298,   2.61555,   1.00000
65728353.20488,85191487.73260,18285694.87315,   0.04354,   0.49986,   0.11827,83554830.57468,   0.34521,83054828.01064,  -0.00963,   0.39608,   0.02318,   2.56404,   1.00000
65773986.41178,85129936.96802,18338101.64780,   0.04376,   0.49990,   0.11874,83563425.34531,   0.34541,83063422.80260,  -0.00955,   0.39627,   0.02338,   2.54271,   1.00000
65817346.53228,85066018.44250,18392639.83792,   0.04397,   0.49993,   0.11921,83571517.78495,   0.34560,83071515.52964,  -0.00947,   0.39645,   0.02357,   2.25531,   1.00000
65863984.13190,85002458.76671,18445290.19189,   0.04418,   0.49996,   0.11968,83579710.44171,   0.34580,83079708.12941,  -0.00939,   0.39663,   0.02376,   2.31229,   1.00000
65908547.82608,84938715.70336,18498128.69106,   0.04439,   0.49998,   0.12014,83587540.88303,   0.34599,83087538.76965,  -0.00931,   0.39680,   0.02395,   2.11338,   1.00000
65953309.82005,84873523.17130,18551661.07636,   0.04460,   0.49999,   0.12059,83595195.00886,   0.34617,83095192.98877,  -0.00924,   0.39697,   0.02413,   2.02009,   1.00000
65998888.12607,84807709.16377,18604772.72155,   0.04481,   0.50000,   0.12104,83602625.33090,   0.34635,83102623.42641,  -0.00916,   0.39713,   0.02430,   1.90449,   1.00000
66048157.29243,84740847.70756,18656844.59650,   0.04502,   0.50000,   0.12149,83609969.88597,   0.34652,83109968.02450,  -0.00909,   0.39729,   0.02447,   1.86147,   1.00000
66094323.67086,84674327.87581,18709400.80117,   0.04523,   0.50000,   0.12193,83617187.37502,   0.34669,83117185.57665,  -0.00902,   0.39745,   0.02464,   1.79837,   1.00000
66141097.75898,84604901.55605,18763507.82201,   0.04544,   0.49999,   0.12238,83624044.34566,   0.34686,83124042.72173,  -0.00895,   0.39760,   0.02481,   1.62393,   1.00000
66188903.77464,84537081.56261,18815250.92605,   0.04565,   0.49997,   0.12281,83630816.01483,   0.34702,83130814.43050,  -0.00888,   0.39774,   0.02497,   1.58434,   1.00000
66234038.12039,84468164.00392,18868341.04141,   0.04585,   0.49995,   0.12324,83637275.31607,   0.34717,83137273.87389,  -0.00881,   0.39788,   0.02512,   1.44218,   1.00000
66283276.21525,84396719.57895,18921252.87127,   0.04605,   0.49992,   0.12366,83643465.59450,   0.34732,83143464.26944,  -0.00875,   0.39802,   0.02527,   1.32506,   1.00000
66332283.27911,84325173.93782,18974030.72428,   0.04626,   0.49988,   0.12408,83649668.05217,   0.34747,83149666.72141,  -0.00869,   0.39815,   0.02542,   1.33075,   1.00000
66381699.65536,84254380.58910,19025568.46923,   0.04647,   0.49985,   0.12450,83655833.49298,   0.34762,83155832.17755,  -0.00863,   0.39828,   0.02557,   1.31543,   1.00000
66429504.31355,84181839.93210,19078221.37862,   0.04667,   0.49980,   0.12491,83661454.15734,   0.34775,83161453.06360,  -0.00857,   0.39840,   0.02570,   1.09374,   1.00000
66480345.28517,84107312.99913,19130958.23762,   0.04688,   0.49974,   0.12532,83667041.83397,   0.34788,83167040.75269,  -0.00851,   0.39852,   0.02584,   1.08127,   1.00000
66528753.67273,84033936.17339,19183109.88208,   0.04708,   0.49969,   0.12572,83672454.06019,   0.34801,83172453.04534,  -0.00845,   0.39864,   0.02597,   1.01485,   1.00000
66581250.31184,83957933.83467,19235102.57257,   0.04729,   0.49962,   0.12612,83677600.65570,   0.34814,83177599.73768,  -0.00840,   0.39875,   0.02609,   0.91802,   1.00000
66630673.28829,83882213.47216,19287622.29098,   0.04749,   0.49955,   0.12651,83682621.37502,   0.34826,83182620.50104,  -0.00835,   0.39886,   0.02622,   0.87398,   1.00000
66684421.09185,83806183.99822,19338027.59511,   0.04770,   0.49947,   0.12689,83687511.39010,   0.34837,83187510.56074,  -0.00830,   0.39896,   0.02634,   0.82935,   1.00000
66734857.75100,83728070.18089,19390929.96435,   0.04790,   0.49939,   0.12728,83692141.90485,   0.34848,83192141.16089,  -0.00825,   0.39906,   0.02645,   0.74396,   1.00000
66786788.29505,83650033.62244,19442380.65813,   0.04810,   0.49930,   0.12766,83696503.07124,   0.34859,83196502.41108,  -0.00820,   0.39915,   0.02656,   0.66017,   1.00000
66841724.02683,83569929.93167,19493919.20565,   0.04831,   0.49920,   0.12803,83700834.66859,   0.34869,83200834.01714,  -0.00816,   0.39924,   0.02666,   0.65145,   1.00000
66894668.38151,83489422.51495,19545773.25296,   0.04851,   0.49910,   0.12840,83704807.82738,   0.34879,83204807.27906,  -0.00812,   0.39933,   0.02676,   0.54831,   1.00000
66948452.79793,83408092.94795,19597286.36536,   0.04871,   0.49899,   0.12876,83708562.44266,   0.34888,83208561.95285,  -0.00808,   0.39940,   0.02686,   0.48981,   1.00000
67002005.06208,83326600.10961,19648687.21659,   0.04891,   0.49888,   0.12912,83712331.31279,   0.34897,83212330.81909,  -0.00804,   0.39948,   0.02695,   0.49370,   1.00000
67056806.17180,83242720.35206,19700623.08150,   0.04911,   0.49875,   0.12948,83715700.02759,   0.34905,83215699.63300,  -0.00800,   0.39955,   0.02703,   0.39459,   1.00000
67112043.51398,83159532.22428,19751357.93422,   0.04932,   0.49863,   0.12982,83719032.84129,   0.34913,83219032.45497,  -0.00796,   0.39962,   0.02712,   0.38633,   1.00000
67168127.31858,83075478.18953,19801767.01960,   0.04952,   0.49849,   0.13016,83722147.84102,   0.34920,83222147.50342,  -0.00793,   0.39969,   0.02719,   0.33760,   1.00000
67224785.69584,82988102.28585,19853814.81043,   0.04972,   0.49835,   0.13050,83724915.22222,   0.34927,83224914.95567,  -0.00790,   0.39975,   0.02726,   0.26655,   1.00000
67281882.93484,82901398.47379,19904668.09373,   0.04992,   0.49820,   0.13084,83727647.09870,   0.34934,83227646.83887,  -0.00787,   0.39980,   0.02733,   0.25983,   1.00000
67339827.69644,82813785.47760,19955205.27214,   0.05012,   0.49805,   0.13116,83730162.22798,   0.34940,83230162.00767,  -0.00784,   0.39985,   0.02739,   0.22031,   1.00000
67398621.57074,82725249.31331,20005430.25787,   0.05032,   0.49789,   0.13148,83732460.91081,   0.34945,83232460.72673,  -0.00782,   0.39990,   0.02745,   0.18408,   1.00000
67457579.12584,82634898.92925,20056429.83066,   0.05052,   0.49772,   0.13180,83734595.01393,   0.34950,83234594.85522,  -0.00779,   0.39995,   0.02751,   0.15871,   1.00000
67516984.18084,82545204.27590,20106244.48947,   0.05072,   0.49756,   0.13211,83736693.58732,   0.34955,83236693.43381,  -0.00777,   0.39999,   0.02756,   0.15352,   1.00000
67574865.58831,82453333.71286,20157327.52784,   0.05092,   0.49738,   0.13242,83738254.79362,   0.34959,83238254.70862,  -0.00775,   0.40002,   0.02760,   0.08500,   1.00000
67635685.34637,82359200.84451,20208498.80458,   0.05112,   0.49719,   0.13272,83739794.44760,   0.34963,83239794.36491,  -0.00774,   0.40005,   0.02764,   0.08268,   1.00000
67697651.94602,82266581.60539,20257412.72084,   0.05132,   0.49700,   0.13301,83741246.88681,   0.34966,83241246.81321,  -0.00772,   0.40008,   0.02768,   0.07360,   1.00000
67760176.41951,82170433.81084,20307993.52221,   0.05152,   0.49680,   0.13331,83742357.33647,   0.34969,83242357.29343,  -0.00771,   0.40010,   0.02770,   0.04304,   1.00000
67823155.02640,82074904.34455,20357400.19961,   0.05172,   0.49660,   0.13359,83743432.86745,   0.34971,83243432.82707,  -0.00770,   0.40013,   0.02773,   0.04038,   1.00000
67884234.04136,81978734.90843,20407223.91787,   0.05192,   0.49639,   0.13387,83744151.71062,   0.34973,83244151.69258,  -0.00769,   0.40014,   0.02775,   0.01805,   1.00000
67948225.42064,81880232.49882,20457133.06016,   0.05212,   0.49618,   0.13415,83744851.75623,   0.34975,83244851.73912,  -0.00768,   0.40015,   0.02777,   0.01712,   1.00000
68013469.62273,81778979.27603,20507644.66612,   0.05232,   0.49595,   0.13442,83745160.14695,   0.34976,83245160.14363,  -0.00768,   0.40016,   0.02778,   0.00332,   1.00000
68077139.98085,81679592.10988,20556630.57479,   0.05251,   0.49572,   0.13467,83745238.14123,   0.34976,83245238.14101,  -0.00768,   0.40016,   0.02778,   0.00021,   1.00000
68142991.41798,81576934.07102,20606769.87895,   0.05272,   0.49548,   0.13494,83745352.27727,   0.34976,83245352.27682,  -0.00767,   0.40016,   0.02778,   0.00046,   1.00000
68208378.59547,81471513.92772,20654809.43793,   0.05292,   0.49524,   0.13519,83742546.44039,   0.34976,83245352.27682,  -0.00767,   0.40016,   0.02778,-2805.83643,   0.00000
68273765.77296,81366093.78441,20701514.56471,   0.05312,   0.49500,   0.13543,83739099.57407,   0.34976,83245352.27682,  -0.00767,   0.40016,   0.02778,-6252.70275,   0.00000
68330479.14120,81249330.96745,20748219.69149,   0.05331,   0.49474,   0.13567,83726747.86779,   0.34976,83245352.27682,  -0.00767,   0.40016,   0.02778,-18604.40903,   0.00000
68389861.37382,81129899.28611,20793590.38608,   0.05351,   0.49448,   0.13591,83713149.11582,   0.34976,83245352.27682,  -0.00767,   0.40016,   0.02778,-32203.16099,   0.00000
68447241.95815,81005797.09209,20837626.64848,   0.05372,   0.49421,   0.13614,83695643.57630,   0.34976,83245352.27682,  -0.00767,   0.40016,   0.02778,-49708.70051,   0.00000
68504622.54249,80881694.89807,20880328.47868,   0.05392,   0.49394,   0.13636,83677513.41798,   0.34976,83245352.27682,  -0.00767,   0.40016,   0.02778,-67838.85883,   0.00000
68557999.83024,80748251.67870,20923030.30888,   0.05412,   0.49365,   0.13658,83653215.46078,   0.34976,83245352.27682,  -0.00767,   0.40016,   0.02778,-92136.81604,   0.00000
68606706.60531,80612806.81103,20963063.27469,   0.05431,   0.49337,   0.13679,83624611.76735,   0.34976,83245352.27682,  -0.00767,   0.40016,   0.02778,-120740.50946,   0.00000
68658082.24477,80474693.07897,21003096.24050,   0.05451,   0.49307,   0.13700,83595816.53832,   0.34976,83245352.27682,  -0.00767,   0.40016,   0.02778,-149535.73849,   0.00000
68705454.58765,80327238.32156,21041794.77412,   0.05471,   0.49277,   0.13720,83559898.65815,   0.34976,83245352.27682,  -0.00767,   0.40016,   0.02778,-185453.61867,   0.00000
68752826.93053,80179783.56415,21079158.87555,   0.05492,   0.49246,   0.13739,83523379.58513,   0.34976,83245352.27682,  -0.00767,   0.40016,   0.02778,-221972.69169,   0.00000
68798197.62511,80027658.29406,21115188.54478,   0.05512,   0.49215,   0.13758,83483010.24490,   0.34976,83245352.27682,  -0.00767,   0.40016,   0.02778,-262342.03192,   0.00000
68841566.67141,79870862.51130,21151218.21401,   0.05532,   0.49183,   0.13777,83439815.25152,   0.34976,83245352.27682,  -0.00767,   0.40016,   0.02778,-305537.02529,   0.00000
68882934.06942,79709396.21585,21184579.01885,   0.05552,   0.49151,   0.13794,83391777.36130,   0.34976,83245352.27682,  -0.00767,   0.40016,   0.02778,-353574.91552,   0.00000
68922299.81913,79543259.40773,21217939.82370,   0.05572,   0.49117,   0.13811,83340938.72257,   0.34976,83245352.27682,  -0.00767,   0.40016,   0.02778,-404413.55425,   0.00000
68959663.92056,79372452.08693,21249966.19635,   0.05592,   0.49083,   0.13828,83286295.19855,   0.34976,83245352.27682,  -0.00767,   0.40016,   0.02778,-459057.07826,   0.00000
68995026.37369,79196974.25345,21280658.13680,   0.05612,   0.49049,   0.13844,83227857.71652,   0.34976,83245352.27682,  -0.00767,   0.40016,   0.02778,-517494.56030,   0.00000
69028387.17854,79016825.90729,21310015.64507,   0.05632,   0.49013,   0.13859,83165637.50110,   0.34976,83245352.27682,  -0.00767,   0.40016,   0.02778,-579714.77572,   0.00000
69059746.33509,78832007.04845,21338038.72114,   0.05653,   0.48977,   0.13874,83099646.08045,   0.34976,83245352.27682,  -0.00767,   0.40016,   0.02778,-645706.19637,   0.00000
69091105.49164,78647188.18961,21366061.79721,   0.05673,   0.48941,   0.13889,83034123.60305,   0.34976,83245352.27682,  -0.00767,   0.40016,   0.02778,-711228.67377,   0.00000
69123131.86429,78455029.95371,21391416.00889,   0.05693,   0.48904,   0.13902,82963363.83883,   0.34976,83245352.27682,  -0.00767,   0.40016,   0.02778,-781988.43798,   0.00000
69150487.72427,78260870.06952,21416770.22057,   0.05714,   0.48866,   0.13915,82890352.52399,   0.34976,83245352.27682,  -0.00767,   0.40016,   0.02778,-854999.75283,   0.00000
69173840.28766,78057369.15997,21440790.00006,   0.05734,   0.48827,   0.13927,82810431.10775,   0.34976,83245352.27682,  -0.00767,   0.40016,   0.02778,-934921.16907,   0.00000
69201863.36373,77855869.89871,21463475.34735,   0.05755,   0.48788,   0.13939,82732734.88687,   0.34976,83245352.27682,  -0.00767,   0.40016,   0.02778,-1012617.38994,   0.00000
69221212.63054,77643027.96381,21484826.26245,   0.05775,   0.48748,   0.13950,82645416.08615,   0.34976,83245352.27682,  -0.00767,   0.40016,   0.02778,-1099936.19067,   0.00000
69245232.41002,77432187.67719,21504842.74536,   0.05795,   0.48708,   0.13961,82560346.73364,   0.34976,83245352.27682,  -0.00767,   0.40016,   0.02778,-1185005.54318,   0.00000
69267250.54122,77216676.87790,21523524.79607,   0.05816,   0.48667,   0.13970,82471611.12338,   0.34976,83245352.27682,  -0.00767,   0.40016,   0.02778,-1273741.15344,   0.00000
69282596.51145,76994493.91764,21542206.84678,   0.05836,   0.48625,   0.13980,82377495.98520,   0.34976,83245352.27682,  -0.00767,   0.40016,   0.02778,-1367856.29162,   0.00000
69300611.34607,76769642.09299,21558220.03311,   0.05857,   0.48583,   0.13988,82281468.77122,   0.34976,83245352.27682,  -0.00767,   0.40016,   0.02778,-1463883.50560,   0.00000
69316624.53239,76540119.75566,21574233.21943,   0.05878,   0.48540,   0.13997,82182870.73976,   0.34976,83245352.27682,  -0.00767,   0.40016,   0.02778,-1562481.53706,   0.00000
69330636.07043,76305926.90566,21587577.54137,   0.05899,   0.48496,   0.14004,82079617.70661,   0.34976,83245352.27682,  -0.00767,   0.40016,   0.02778,-1665734.57021,   0.00000
69342645.96017,76067063.54297,21600921.86331,   0.05920,   0.48452,   0.14011,81973829.50889,   0.34976,83245352.27682,  -0.00767,   0.40016,   0.02778,-1771522.76793,   0.00000
69352654.20162,75823529.66761,21612931.75305,   0.05941,   0.48407,   0.14017,81864471.65631,   0.34976,83245352.27682,  -0.00767,   0.40016,   0.02778,-1880880.62051,   0.00000
69360660.79478,75575325.27957,21623607.21060,   0.05961,   0.48361,   0.14022,81751560.97730,   0.34976,83245352.27682,  -0.00767,   0.40016,   0.02778,-1993791.29951,   0.00000
69368667.38795,75327120.89153,21632948.23596,   0.05982,   0.48315,   0.14027,81638217.21908,   0.34976,83245352.27682,  -0.00767,   0.40016,   0.02778,-2107135.05774,   0.00000
69377341.19721,75071577.12642,21640954.82912,   0.06004,   0.48268,   0.14031,81521061.82502,   0.34976,83245352.27682,  -0.00767,   0.40016,   0.02778,-2224290.45180,   0.00000
69381344.49379,74814031.71303,21648961.42228,   0.06024,   0.48221,   0.14036,81401749.30346,   0.34976,83245352.27682,  -0.00767,   0.40016,   0.02778,-2343602.97336,   0.00000
69386015.00647,74549146.92257,21654299.15106,   0.06046,   0.48172,   0.14038,81277624.06371,   0.34976,83245352.27682,  -0.00767,   0.40016,   0.02778,-2467728.21310,   0.00000
69390685.51914,74284262.13210,21658302.44764,   0.06068,   0.48124,   0.14040,81153121.68634,   0.34976,83245352.27682,  -0.00767,   0.40016,   0.02778,-2592230.59048,   0.00000
69388683.87085,74012705.18067,21662305.74422,   0.06088,   0.48074,   0.14043,81023405.54278,   0.34976,83245352.27682,  -0.00767,   0.40016,   0.02778,-2721946.73403,   0.00000
69387349.43866,73733808.85218,21663640.17641,   0.06110,   0.48024,   0.14043,80888968.26380,   0.34976,83245352.27682,  -0.00767,   0.40016,   0.02778,-2856384.01302,   0.00000
69386015.00647,73454912.52368,21664974.60861,   0.06131,   0.47973,   0.14044,80755265.85955,   0.34976,83245352.27682,  -0.00767,   0.40016,   0.02778,-2990086.41726,   0.00000
69382678.92598,73171345.68250,21664974.60861,   0.06153,   0.47922,   0.14044,80618182.52875,   0.34976,83245352.27682,  -0.00767,   0.40016,   0.02778,-3127169.74807,   0.00000
69382011.70988,72885109.97694,21663640.17641,   0.06175,   0.47870,   0.14043,80480601.19336,   0.34976,83245352.27682,  -0.00767,   0.40016,   0.02778,-3264751.08346,   0.00000
69374672.33282,72592202.11041,21659636.87983,   0.06197,   0.47817,   0.14041,80335747.60028,   0.34976,83245352.27682,  -0.00767,   0.40016,   0.02778,-3409604.67654,   0.00000
69365331.30746,72294623.73120,21655633.58325,   0.06218,   0.47764,   0.14039,80188656.79535,   0.34976,83245352.27682,  -0.00767,   0.40016,   0.02778,-3556695.48146,   0.00000
69360660.79478,71999047.00028,21650295.85448,   0.06240,   0.47710,   0.14036,80044165.87149,   0.34976,83245352.27682,  -0.00767,   0.40016,   0.02778,-3701186.40532,   0.00000
69351986.98553,71694129.24401,21643623.69351,   0.06262,   0.47655,   0.14033,79893399.52954,   0.34976,83245352.27682,  -0.00767,   0.40016,   0.02778,-3851952.74728,   0.00000
69341311.52798,71384540.97505,21635617.10035,   0.06285,   0.47600,   0.14029,79739402.19581,   0.34976,83245352.27682,  -0.00767,   0.40016,   0.02778,-4005950.08101,   0.00000
69330636.07043,71074952.70610,21626276.07499,   0.06307,   0.47544,   0.14024,79585185.62478,   0.34976,83245352.27682,  -0.00767,   0.40016,   0.02778,-4160166.65204,   0.00000
69315957.31629,70756023.41179,21616935.04963,   0.06329,   0.47487,   0.14019,79425883.26145,   0.34976,83245352.27682,  -0.00767,   0.40016,   0.02778,-4319469.01536,   0.00000
69301278.56216,70437094.11748,21604925.15989,   0.06351,   0.47430,   0.14013,79265308.49630,   0.34976,83245352.27682,  -0.00767,   0.40016,   0.02778,-4480043.78051,   0.00000
69289268.67242,70115495.95879,21591580.83795,   0.06374,   0.47373,   0.14006,79104507.95222,   0.34976,83245352.27682,  -0.00767,   0.40016,   0.02778,-4640844.32460,   0.00000
69270586.62171,69787225.63912,21576902.08382,   0.06396,   0.47315,   0.13998,78937678.48880,   0.34976,83245352.27682,  -0.00767,   0.40016,   0.02778,-4807673.78801,   0.00000
69254573.43538,69456286.45507,21562223.32969,   0.06419,   0.47256,   0.13991,78771788.12082,   0.34976,83245352.27682,  -0.00767,   0.40016,   0.02778,-4973564.15599,   0.00000
69236558.60076,69120676.75833,21544875.71117,   0.06442,   0.47196,   0.13981,78601757.12879,   0.34976,83245352.27682,  -0.00767,   0.40016,   0.02778,-5143595.14802,   0.00000
69216542.11786,68780396.54892,21527528.09265,   0.06465,   0.47136,   0.13972,78429808.33145,   0.34976,83245352.27682,  -0.00767,   0.40016,   0.02778,-5315543.94536,   0.00000
69194523.98666,68435445.82684,21507511.60974,   0.06488,   0.47074,   0.13962,78253776.03915,   0.34976,83245352.27682,  -0.00767,   0.40016,   0.02778,-5491576.23767,   0.00000
69175174.71985,68087826.24036,21487495.12684,   0.06512,   0.47013,   0.13952,78078850.80907,   0.34976,83245352.27682,  -0.00767,   0.40016,   0.02778,-5666501.46774,   0.00000
69151154.94036,67738205.00560,21464809.77954,   0.06535,   0.46951,   0.13940,77899844.11960,   0.34976,83245352.27682,  -0.00767,   0.40016,   0.02778,-5845508.15721,   0.00000
69127802.37697,67381244.39376,21442124.43225,   0.06558,   0.46888,   0.13928,77719121.91771,   0.34976,83245352.27682,  -0.00767,   0.40016,   0.02778,-6026230.35911,   0.00000
69104449.81358,67024283.78193,21418104.65276,   0.06582,   0.46825,   0.13916,77538435.41347,   0.34976,83245352.27682,  -0.00767,   0.40016,   0.02778,-6206916.86334,   0.00000
69079095.60190,66662652.65742,21391416.00889,   0.06605,   0.46761,   0.13902,77353816.90064,   0.34976,83245352.27682,  -0.00767,   0.40016,   0.02778,-6391535.37617,   0.00000
69051739.74193,66296351.02023,21364727.36501,   0.06629,   0.46696,   0.13888,77167514.34146,   0.34976,83245352.27682,  -0.00767,   0.40016,   0.02778,-6577837.93535,   0.00000
69027052.74634,65927380.51866,21336704.28894,   0.06653,   0.46631,   0.13873,76981462.63972,   0.34976,83245352.27682,  -0.00767,   0.40016,   0.02778,-6763889.63710,   0.00000
68995693.58979,65551737.85611,21306012.34849,   0.06677,   0.46565,   0.13857,76788585.98174,   0.34976,83245352.27682,  -0.00767,   0.40016,   0.02778,-6956766.29507,   0.00000
68967003.29762,65173426.32918,21275320.40803,   0.06701,   0.46499,   0.13841,76597159.93541,   0.34976,83245352.27682,  -0.00767,   0.40016,   0.02778,-7148192.34141,   0.00000
68936311.35717,64790444.28957,21243294.03538,   0.06725,   0.46431,   0.13825,76403109.09039,   0.34976,83245352.27682,  -0.00767,   0.40016,   0.02778,-7342243.18643,   0.00000
68910289.92939,64409463.89825,21209933.23054,   0.06750,   0.46364,   0.13807,76212309.17194,   0.34976,83245352.27682,  -0.00767,   0.40016,   0.02778,-7533043.10488,   0.00000
68875594.69235,64017140.83328,21175237.99350,   0.06775,   0.46295,   0.13789,76013126.04768,   0.34976,83245352.27682,  -0.00767,   0.40016,   0.02778,-7732226.22913,   0.00000
68845569.96799,63626819.41661,21137873.89207,   0.06800,   0.46227,   0.13770,75816153.57782,   0.34976,83245352.27682,  -0.00767,   0.40016,   0.02778,-7929198.69899,   0.00000
68813543.59534,63231827.48725,21100509.79065,   0.06825,   0.46157,   0.13750,75617829.98998,   0.34976,83245352.27682,  -0.00767,   0.40016,   0.02778,-8127522.28683,   0.00000
68779515.57440,62832165.04522,21061811.25703,   0.06850,   0.46087,   0.13730,75417083.82653,   0.34976,83245352.27682,  -0.00767,   0.40016,   0.02778,-8328268.45028,   0.00000
68743485.90517,62427832.09051,21021778.29121,   0.06875,   0.46016,   0.13709,75213959.91494,   0.34976,83245352.27682,  -0.00767,   0.40016,   0.02778,-8531392.36188,   0.00000
68710125.10032,62020830.27141,20980410.89321,   0.06900,   0.45945,   0.13688,75011589.74336,   0.34976,83245352.27682,  -0.00767,   0.40016,   0.02778,-8733762.53345,   0.00000
68672093.78280,61611826.80403,20937709.06301,   0.06925,   0.45873,   0.13666,74806573.91332,   0.34976,83245352.27682,  -0.00767,   0.40016,   0.02778,-8938778.36350,   0.00000
68634729.68138,61195483.95957,20893672.80061,   0.06951,   0.45800,   0.13643,74599695.47855,   0.34976,83245352.27682,  -0.00767,   0.40016,   0.02778,-9145656.79826,   0.00000
68602036.09263,60781142.76341,20848302.10603,   0.06977,   0.45728,   0.13619,74396449.00253,   0.34976,83245352.27682,  -0.00767,   0.40016,   0.02778,-9348903.27429,   0.00000
68562670.34291,60360129.40628,20801596.97924,   0.07003,   0.45654,   0.13595,74187954.83646,   0.34976,83245352.27682,  -0.00767,   0.40016,   0.02778,-9557397.44036,   0.00000
68525973.45759,59936447.18476,20753557.42027,   0.07029,   0.45580,   0.13570,73980495.99256,   0.34976,83245352.27682,  -0.00767,   0.40016,   0.02778,-9764856.28426,   0.00000
68487274.92397,59508094.45056,20704183.42910,   0.07056,   0.45505,   0.13544,73771014.23464,   0.34976,83245352.27682,  -0.00767,   0.40016,   0.02778,-9974338.04217,   0.00000
68446574.74206,59075071.20368,20653475.00574,   0.07082,   0.45429,   0.13518,73559563.92300,   0.34976,83245352.27682,  -0.00767,   0.40016,   0.02778,-10185788.35381,   0.00000
68410545.07282,58644049.60509,20601432.15018,   0.07109,   0.45354,   0.13491,73351979.19892,   0.34976,83245352.27682,  -0.00767,   0.40016,   0.02778,-10393373.07790,   0.00000
68365841.59433,58201685.33286,20548054.86243,   0.07135,   0.45277,   0.13463,73136755.11250,   0.34976,83245352.27682,  -0.00767,   0.40016,   0.02778,-10608597.16432,   0.00000
68325808.62852,57761322.70892,20493343.14248,   0.07162,   0.45200,   0.13435,72925501.60096,   0.34976,83245352.27682,  -0.00767,   0.40016,   0.02778,-10819850.67585,   0.00000
68288444.52710,57318291.22059,20437296.99035,   0.07190,   0.45122,   0.13406,72715682.89433,   0.34976,83245352.27682,  -0.00767,   0.40016,   0.02778,-11029669.38249,   0.00000
68246409.91299,56873258.08397,20379916.40601,   0.07217,   0.45044,   0.13376,72503567.11887,   0.34976,83245352.27682,  -0.00767,   0.40016,   0.02778,-11241785.15795,   0.00000
68205042.51499,56420885.57028,20321201.38949,   0.07245,   0.44965,   0.13345,72290448.41255,   0.34976,83245352.27682,  -0.00767,   0.40016,   0.02778,-11454903.86426,   0.00000
68161673.46869,55963842.54392,20261151.94077,   0.07273,   0.44885,   0.13314,72075787.02104,   0.34976,83245352.27682,  -0.00767,   0.40016,   0.02778,-11669565.25578,   0.00000
68122974.93507,55508801.16585,20199768.05986,   0.07301,   0.44805,   0.13282,71865387.63127,   0.34976,83245352.27682,  -0.00767,   0.40016,   0.02778,-11879964.64555,   0.00000
68077604.24048,55047087.62680,20137049.74675,   0.07329,   0.44725,   0.13249,71650335.14770,   0.34976,83245352.27682,  -0.00767,   0.40016,   0.02778,-12095017.12912,   0.00000
68034902.41028,54582705.22337,20072997.00145,   0.07357,   0.44644,   0.13216,71437149.00650,   0.34976,83245352.27682,  -0.00767,   0.40016,   0.02778,-12308203.27031,   0.00000
67992200.58008,54118322.81994,20007609.82395,   0.07386,   0.44563,   0.13182,71225147.92499,   0.34976,83245352.27682,  -0.00767,   0.40016,   0.02778,-12520204.35182,   0.00000
67950165.96598,53646601.03945,19940888.21427,   0.07415,   0.44480,   0.13147,71012706.48321,   0.34976,83245352.27682,  -0.00767,   0.40016,   0.02778,-12732645.79361,   0.00000
67908131.35187,53174879.25895,19872832.17238,   0.07444,   0.44397,   0.13112,70801580.33706,   0.34976,83245352.27682,  -0.00767,   0.40016,   0.02778,-12943771.93975,   0.00000
67864095.08948,52698486.96578,19803441.69831,   0.07473,   0.44314,   0.13076,70589373.91402,   0.34976,83245352.27682,  -0.00767,   0.40016,   0.02778,-13155978.36279,   0.00000
67822727.69147,52219425.80822,19732716.79204,   0.07503,   0.44230,   0.13039,70379451.99020,   0.34976,83245352.27682,  -0.00767,   0.40016,   0.02778,-13365900.28662,   0.00000
67774688.13250,51733692.48969,19660657.45358,   0.07532,   0.44146,   0.13002,70165324.55682,   0.34976,83245352.27682,  -0.00767,   0.40016,   0.02778,-13580027.71999,   0.00000
67731319.08620,51249960.81945,19587263.68292,   0.07562,   0.44061,   0.12964,69956024.15437,   0.34976,83245352.27682,  -0.00767,   0.40016,   0.02778,-13789328.12245,   0.00000
67690618.90429,50763560.28482,19512535.48007,   0.07593,   0.43976,   0.12925,69749259.84951,   0.34976,83245352.27682,  -0.00767,   0.40016,   0.02778,-13996092.42731,   0.00000
67647917.07409,50272489.23752,19436472.84502,   0.07623,   0.43889,   0.12885,69541815.51784,   0.34976,83245352.27682,  -0.00767,   0.40016,   0.02778,-14203536.75897,   0.00000
67603213.59560,49776747.67753,19359075.77778,   0.07654,   0.43803,   0.12845,69333775.58864,   0.34976,83245352.27682,  -0.00767,   0.40016,   0.02778,-14411576.68817,   0.00000
67558510.11711,49281006.11755,19280344.27835,   0.07684,   0.43716,   0.12804,69127516.44102,   0.34976,83245352.27682,  -0.00767,   0.40016,   0.02778,-14617835.83580,   0.00000
67514473.85471,48777925.18050,19200278.34673,   0.07716,   0.43628,   0.12762,68921885.32159,   0.34976,83245352.27682,  -0.00767,   0.40016,   0.02778,-14823466.95523,   0.00000
67470437.59232,48274844.24345,19118877.98291,   0.07747,   0.43540,   0.12720,68718193.77572,   0.34976,83245352.27682,  -0.00767,   0.40016,   0.02778,-15027158.50109,   0.00000
67426401.32992,47771763.30640,19036143.18689,   0.07778,   0.43452,   0.12677,68516473.37004,   0.34976,83245352.27682,  -0.00767,   0.40016,   0.02778,-15228878.90678,   0.00000
67383032.28363,47261342.99229,18952073.95869,   0.07810,   0.43362,   0.12633,68315725.14847,   0.34976,83245352.27682,  -0.00767,   0.40016,   0.02778,-15429627.12835,   0.00000
67339663.23733,46750922.67817,18866670.29829,   0.07842,   0.43273,   0.12589,68117115.11381,   0.34976,83245352.27682,  -0.00767,   0.40016,   0.02778,-15628237.16301,   0.00000
67298963.05542,46237833.49967,18779932.20569,   0.07874,   0.43182,   0.12544,67921918.31487,   0.34976,83245352.27682,  -0.00767,   0.40016,   0.02778,-15823433.96194,   0.00000
67256261.22522,45720073.80849,18691859.68090,   0.07907,   0.43091,   0.12498,67726844.38788,   0.34976,83245352.27682,  -0.00767,   0.40016,   0.02778,-16018507.88893,   0.00000
67213559.39502,45202314.11731,18602452.72392,   0.07940,   0.43001,   0.12451,67534117.93626,   0.34976,83245352.27682,  -0.00767,   0.40016,   0.02778,-16211234.34056,   0.00000
67168855.91653,44679883.91345,18511711.33474,   0.07972,   0.42909,   0.12404,67341672.95463,   0.34976,83245352.27682,  -0.00767,   0.40016,   0.02778,-16403679.32219,   0.00000
67126821.30242,44154784.84521,18419635.51338,   0.08006,   0.42817,   0.12356,67153061.94270,   0.34976,83245352.27682,  -0.00767,   0.40016,   0.02778,-16592290.33412,   0.00000
67087455.55271,43627016.91257,18326225.25981,   0.08040,   0.42724,   0.12308,66968420.43850,   0.34976,83245352.27682,  -0.00767,   0.40016,   0.02778,-16776931.83832,   0.00000
67043419.29031,43097247.33165,18231480.57405,   0.08073,   0.42631,   0.12259,66782981.56233,   0.34976,83245352.27682,  -0.00767,   0.40016,   0.02778,-16962370.71449,   0.00000
67002051.89231,42564808.88634,18135401.45610,   0.08107,   0.42537,   0.12209,66601702.21131,   0.34976,83245352.27682,  -0.00767,   0.40016,   0.02778,-17143650.06551,   0.00000
66965355.00698,42034372.08932,18036653.47376,   0.08142,   0.42443,   0.12157,66425621.29401,   0.34976,83245352.27682,  -0.00767,   0.40016,   0.02778,-17319730.98281,   0.00000
66924654.82507,41494594.26694,17937905.49143,   0.08176,   0.42348,   0.12106,66249564.06399,   0.34976,83245352.27682,  -0.00767,   0.40016,   0.02778,-17495788.21282,   0.00000
66883954.64316,40954816.44456,17837823.07689,   0.08211,   0.42253,   0.12054,66076501.79592,   0.34976,83245352.27682,  -0.00767,   0.40016,   0.02778,-17668850.48089,   0.00000
66847924.97393,40417040.27047,17736406.23017,   0.08246,   0.42158,   0.12001,65909993.62586,   0.34976,83245352.27682,  -0.00767,   0.40016,   0.02778,-17835358.65096,   0.00000
66807892.00811,39869923.07103,17633654.95125,   0.08282,   0.42062,   0.11948,65742809.84393,   0.34976,83245352.27682,  -0.00767,   0.40016,   0.02778,-18002542.43288,   0.00000
66767859.04230,39322805.87159,17529569.24013,   0.08317,   0.41965,   0.11894,65578867.75753,   0.34976,83245352.27682,  -0.00767,   0.40016,   0.02778,-18166484.51929,   0.00000
66732496.58917,38777690.32044,17424149.09683,   0.08353,   0.41869,   0.11839,65421756.28804,   0.34976,83245352.27682,  -0.00767,   0.40016,   0.02778,-18323595.98877,   0.00000
66697801.35213,38225235.39222,17317394.52133,   0.08390,   0.41771,   0.11783,65267929.55343,   0.34976,83245352.27682,  -0.00767,   0.40016,   0.02778,-18477422.72338,   0.00000
66658435.60241,37670778.81571,17209305.51363,   0.08426,   0.41673,   0.11727,65114053.92500,   0.34976,83245352.27682,  -0.00767,   0.40016,   0.02778,-18631298.35182,   0.00000
66628410.87805,37120325.53578,17099882.07374,   0.08464,   0.41575,   0.11670,64970865.03272,   0.34976,83245352.27682,  -0.00767,   0.40016,   0.02778,-18774487.24410,   0.00000
66589712.34443,36558529.58221,16989124.20166,   0.08500,   0.41476,   0.11612,64824261.89423,   0.34976,83245352.27682,  -0.00767,   0.40016,   0.02778,-18921090.38259,   0.00000
66555684.32349,35998735.27692,16877031.89738,   0.08538,   0.41377,   0.11554,64685007.63830,   0.34976,83245352.27682,  -0.00767,   0.40016,   0.02778,-19060344.63852,   0.00000
66526326.81523,35440942.61993,16763605.16091,   0.08576,   0.41278,   0.11495,64553173.55418,   0.34976,83245352.27682,  -0.00767,   0.40016,   0.02778,-19192178.72264,   0.00000
66494967.65868,34878479.45026,16648843.99225,   0.08614,   0.41178,   0.11436,64423580.37626,   0.34976,83245352.27682,  -0.00767,   0.40016,   0.02778,-19321771.90055,   0.00000
66461606.85383,34311345.76791,16532748.39139,   0.08652,   0.41077,   0.11375,64296358.90986,   0.34976,83245352.27682,  -0.00767,   0.40016,   0.02778,-19448993.36696,   0.00000
66432916.56167,33746213.73385,16415318.35834,   0.08691,   0.40976,   0.11314,64176849.20144,   0.34976,83245352.27682,  -0.00767,   0.40016,   0.02778,-19568503.07538,   0.00000
66400222.97292,33171740.67443,16296553.89310,   0.08730,   0.40874,   0.11252,64058379.77513,   0.34976,83245352.27682,  -0.00767,   0.40016,   0.02778,-19686972.50169,   0.00000
66374201.54514,32603939.77599,16176454.99566,   0.08770,   0.40773,   0.11190,63949387.31914,   0.34976,83245352.27682,  -0.00767,   0.40016,   0.02778,-19795964.95767,   0.00000
66346178.46907,32031468.36486,16055021.66603,   0.08809,   0.40671,   0.11127,63843214.27049,   0.34976,83245352.27682,  -0.00767,   0.40016,   0.02778,-19902138.00633,   0.00000
66320824.25739,31456328.08935,15932253.90420,   0.08849,   0.40568,   0.11063,63743649.43625,   0.34976,83245352.27682,  -0.00767,   0.40016,   0.02778,-20001702.84057,   0.00000
66293468.39742,30876517.30116,15808151.71018,   0.08890,   0.40465,   0.10998,63647190.27858,   0.34976,83245352.27682,  -0.00767,   0.40016,   0.02778,-20098161.99824,   0.00000
66272784.69842,30303378.67394,15682715.08397,   0.08931,   0.40362,   0.10933,63560444.59773,   0.34976,83245352.27682,  -0.00767,   0.40016,   0.02778,-20184907.67909,   0.00000
66248097.70283,29720899.02136,15555944.02556,   0.08971,   0.40258,   0.10867,63475597.27389,   0.34976,83245352.27682,  -0.00767,   0.40016,   0.02778,-20269755.00292,   0.00000
66228081.21992,29140421.01707,15427838.53496,   0.09013,   0.40154,   0.10801,63399237.49388,   0.34976,83245352.27682,  -0.00767,   0.40016,   0.02778,-20346114.78293,   0.00000
66206063.08873,28555272.50011,15299733.04436,   0.09055,   0.40049,   0.10734,63327400.84901,   0.34976,83245352.27682,  -0.00767,   0.40016,   0.02778,-20417951.42780,   0.00000
66184044.95753,27970123.98314,15168958.68937,   0.09096,   0.39945,   0.10666,63259557.55903,   0.34976,83245352.27682,  -0.00767,   0.40016,   0.02778,-20485794.71779,   0.00000
66169366.20340,27384308.25008,15036849.90218,   0.09139,   0.39839,   0.10597,63202876.56595,   0.34976,83245352.27682,  -0.00767,   0.40016,   0.02778,-20542475.71086,   0.00000
66150016.93659,26796490.86873,14903406.68281,   0.09182,   0.39734,   0.10528,63147628.07138,   0.34976,83245352.27682,  -0.00767,   0.40016,   0.02778,-20597724.20544,   0.00000
66133336.53417,26206004.62299,14768629.03124,   0.09225,   0.39628,   0.10458,63100075.80725,   0.34976,83245352.27682,  -0.00767,   0.40016,   0.02778,-20645276.46957,   0.00000
66121326.64442,25617520.02554,14633851.37967,   0.09268,   0.39521,   0.10388,63062441.90210,   0.34976,83245352.27682,  -0.00767,   0.40016,   0.02778,-20682910.37472,   0.00000
66107315.10639,25024364.91541,14496404.86371,   0.09312,   0.39414,   0.10316,63028086.08162,   0.34976,83245352.27682,  -0.00767,   0.40016,   0.02778,-20717266.19519,   0.00000
66095972.43274,24428540.94089,14357623.91556,   0.09357,   0.39307,   0.10244,63001802.42843,   0.34976,83245352.27682,  -0.00767,   0.40016,   0.02778,-20743549.84839,   0.00000
66086631.40739,23837387.47906,14218842.96741,   0.09401,   0.39200,   0.10172,62982995.63020,   0.34976,83245352.27682,  -0.00767,   0.40016,   0.02778,-20762356.64661,   0.00000
66077957.59813,23238894.64015,14077393.15487,   0.09446,   0.39092,   0.10098,62970493.12088,   0.34976,83245352.27682,  -0.00767,   0.40016,   0.02778,-20774859.15594,   0.00000
66069283.78887,22640401.80125,13934608.91013,   0.09491,   0.38984,   0.10024,62963663.32124,   0.34976,83245352.27682,  -0.00767,   0.40016,   0.02778,-20781688.95558,   0.00000
66065280.49228,22043910.61064,13791824.66540,   0.09537,   0.38875,   0.09950,62967145.61340,   0.34976,83245352.27682,  -0.00767,   0.40016,   0.02778,-20778206.66342,   0.00000
66059275.54741,21442748.90735,13646371.55628,   0.09583,   0.38766,   0.09874,62974576.44117,   0.34976,83245352.27682,  -0.00767,   0.40016,   0.02778,-20770775.83565,   0.00000
66057941.11522,20843588.85235,13500918.44716,   0.09629,   0.38657,   0.09799,62992432.97683,   0.34976,83245352.27682,  -0.00767,   0.40016,   0.02778,-20752919.29999,   0.00000
66054605.03473,20239758.28467,13352796.47365,   0.09676,   0.38548,   0.09722,63014450.27313,   0.34976,83245352.27682,  -0.00767,   0.40016,   0.02778,-20730902.00369,   0.00000
66053937.81864,19633258.85260,13204674.50015,   0.09723,   0.38437,   0.09645,63046203.54200,   0.34976,83245352.27682,  -0.00767,   0.40016,   0.02778,-20699148.73482,   0.00000
66059942.76351,19033431.58151,13055218.09444,   0.09771,   0.38328,   0.09567,63088480.03637,   0.34976,83245352.27682,  -0.00767,   0.40016,   0.02778,-20656872.24045,   0.00000
66063946.06009,18428933.79773,12903092.82436,   0.09819,   0.38217,   0.09488,63135187.45435,   0.34976,83245352.27682,  -0.00767,   0.40016,   0.02778,-20610164.82247,   0.00000
66070618.22106,17821767.14957,12750967.55427,   0.09867,   0.38106,   0.09409,63191837.47758,   0.34976,83245352.27682,  -0.00767,   0.40016,   0.02778,-20553514.79924,   0.00000
66077290.38203,17214600.50141,12597507.85198,   0.09916,   0.37995,   0.09329,63254630.11317,   0.34976,83245352.27682,  -0.00767,   0.40016,   0.02778,-20490722.16364,   0.00000
66086631.40739,16604764.98886,12442713.71751,   0.09965,   0.37884,   0.09248,63326704.17489,   0.34976,83245352.27682,  -0.00767,   0.40016,   0.02778,-20418648.10193,   0.00000
66095972.43274,15994929.47631,12286585.15084,   0.10014,   0.37772,   0.09167,63405011.21409,   0.34976,83245352.27682,  -0.00767,   0.40016,   0.02778,-20340341.06273,   0.00000
66109983.97078,15387095.61205,12129122.15197,   0.10064,   0.37660,   0.09085,63493297.75853,   0.34976,83245352.27682,  -0.00767,   0.40016,   0.02778,-20252054.51828,   0.00000
66126664.37320,14776592.88340,11970324.72091,   0.10115,   0.37548,   0.09003,63591058.03460,   0.34976,83245352.27682,  -0.00767,   0.40016,   0.02778,-20154294.24222,   0.00000
66143344.77562,14166090.15475,11810192.85766,   0.10166,   0.37435,   0.08919,63695129.71300,   0.34976,83245352.27682,  -0.00767,   0.40016,   0.02778,-20050222.56381,   0.00000
66164695.69072,13557589.07440,11648726.56222,   0.10217,   0.37323,   0.08835,63809246.30108,   0.34976,83245352.27682,  -0.00767,   0.40016,   0.02778,-19936105.97573,   0.00000
66184044.95753,12944417.48136,11485925.83458,   0.10268,   0.37210,   0.08751,63929268.09505,   0.34976,83245352.27682,  -0.00767,   0.40016,   0.02778,-19816084.18177,   0.00000
66206063.08873,12328577.02394,11321790.67475,   0.10320,   0.37096,   0.08665,64059026.57043,   0.34976,83245352.27682,  -0.00767,   0.40016,   0.02778,-19686325.70639,   0.00000
66234753.38089,11719408.72749,11157655.51491,   0.10373,   0.36983,   0.08580,64199959.34020,   0.34976,83245352.27682,  -0.00767,   0.40016,   0.02778,-19545392.93662,   0.00000
66261442.02477,11105569.91836,10990851.49069,   0.10426,   0.36869,   0.08493,64346233.41414,   0.34976,83245352.27682,  -0.00767,   0.40016,   0.02778,-19399118.86267,   0.00000
66290799.53303,10489062.24484,10824047.46647,   0.10479,   0.36755,   0.08407,64503040.37495,   0.34976,83245352.27682,  -0.00767,   0.40016,   0.02778,-19242311.90187,   0.00000
66322158.68958,9877225.08400,10654574.57786,   0.10533,   0.36641,   0.08319,64665827.89603,   0.34976,83245352.27682,  -0.00767,   0.40016,   0.02778,-19079524.38079,   0.00000
66356186.71053,9262719.05877,10485101.68926,   0.10587,   0.36526,   0.08230,64839145.86201,   0.34976,83245352.27682,  -0.00767,   0.40016,   0.02778,-18906206.41481,   0.00000
66392883.59585,8645544.16915,10314294.36845,   0.10642,   0.36411,   0.08142,65022394.78415,   0.34976,83245352.27682,  -0.00767,   0.40016,   0.02778,-18722957.49267,   0.00000
66429580.48118,8028369.27954,10142152.61546,   0.10697,   0.36296,   0.08052,65212057.56632,   0.34976,83245352.27682,  -0.00767,   0.40016,   0.02778,-18533294.71050,   0.00000
66470947.87919,7413196.03821,9967341.99808,   0.10752,   0.36181,   0.07961,65411191.24052,   0.34976,83245352.27682,  -0.00767,   0.40016,   0.02778,-18334161.03629,   0.00000
66512315.27720,6798022.79689,9792531.38069,   0.10808,   0.36066,   0.07870,65617299.35373,   0.34976,83245352.27682,  -0.00767,   0.40016,   0.02778,-18128052.92308,   0.00000
66561022.05227,6182182.33946,9616386.33112,   0.10864,   0.35950,   0.07779,65837081.63566,   0.34976,83245352.27682,  -0.00767,   0.40016,   0.02778,-17908270.64116,   0.00000
66605058.31466,5564340.23375,9440241.28154,   0.10921,   0.35834,   0.07687,66060100.93805,   0.34976,83245352.27682,  -0.00767,   0.40016,   0.02778,-17685251.33876,   0.00000
66658435.60241,4950501.42462,9261427.36757,   0.10978,   0.35718,   0.07594,66296183.38606,   0.34976,83245352.27682,  -0.00767,   0.40016,   0.02778,-17449168.89076,   0.00000
66711812.89016,4336662.61549,9081279.02142,   0.11036,   0.35602,   0.07500,66538521.79569,   0.34976,83245352.27682,  -0.00767,   0.40016,   0.02778,-17206830.48113,   0.00000
66767859.04230,3720154.94197,8901130.67526,   0.11094,   0.35486,   0.07407,66791392.82122,   0.34976,83245352.27682,  -0.00767,   0.40016,   0.02778,-16953959.45560,   0.00000
66823905.19444,3103647.26845,8718313.46471,   0.11152,   0.35369,   0.07312,67049952.05058,   0.34976,83245352.27682,  -0.00767,   0.40016,   0.02778,-16695400.22623,   0.00000
66887290.72364,2486472.37883,8535496.25417,   0.11212,   0.35252,   0.07217,67322677.40721,   0.34976,83245352.27682,  -0.00767,   0.40016,   0.02778,-16422674.86961,   0.00000
66948007.38846,1871966.35361,8351344.61143,   0.11271,   0.35135,   0.07121,67597710.05366,   0.34976,83245352.27682,  -0.00767,   0.40016,   0.02778,-16147642.22316,   0.00000
67016063.43034,1256793.11228,8165858.53649,   0.11331,   0.35018,   0.07024,67886307.13634,   0.34976,83245352.27682,  -0.00767,   0.40016,   0.02778,-15859045.14048,   0.00000
67084119.47222,641619.87096,7979038.02937,   0.11392,   0.34901,   0.06927,68180960.69260,   0.34976,83245352.27682,  -0.00767,   0.40016,   0.02778,-15564391.58422,   0.00000
67156846.02678,28448.27792,7790883.09005,   0.11453,   0.34783,   0.06829,68485223.65385,   0.34976,83245352.27682,  -0.00767,   0.40016,   0.02778,-15260128.62297,   0.00000
67232241.44573,-587392.17950,7601393.71853,   0.11515,   0.34665,   0.06731,68799379.15140,   0.34976,83245352.27682,  -0.00767,   0.40016,   0.02778,-14945973.12542,   0.00000
67307636.86468,-1203232.63692,7411904.34702,   0.11576,   0.34547,   0.06632,69119906.48593,   0.34976,83245352.27682,  -0.00767,   0.40016,   0.02778,-14625445.79089,   0.00000
67387702.79630,-1817071.44605,7219746.11112,   0.11639,   0.34429,   0.06532,69449454.34700,   0.34976,83245352.27682,  -0.00767,   0.40016,   0.02778,-14295897.92981,   0.00000
67467768.72793,-2430910.25518,7027587.87521,   0.11701,   0.34312,   0.06432,69785229.14429,   0.34976,83245352.27682,  -0.00767,   0.40016,   0.02778,-13960123.13253,   0.00000
67557175.68491,-3040745.76773,6834095.20712,   0.11765,   0.34194,   0.06332,70133849.81084,   0.34976,83245352.27682,  -0.00767,   0.40016,   0.02778,-13611502.46597,   0.00000
67646582.64190,-3650581.28028,6639268.10683,   0.11829,   0.34076,   0.06231,70488125.79479,   0.34976,83245352.27682,  -0.00767,   0.40016,   0.02778,-13257226.48203,   0.00000
67733987.95059,-4265087.30551,6443106.57434,   0.11893,   0.33957,   0.06129,70848545.02782,   0.34976,83245352.27682,  -0.00767,   0.40016,   0.02778,-12896807.24900,   0.00000
67830734.28463,-4875590.03416,6245610.60967,   0.11958,   0.33838,   0.06026,71221609.77909,   0.34976,83245352.27682,  -0.00767,   0.40016,   0.02778,-12523742.49773,   0.00000
67927480.61868,-5486092.76281,6046780.21280,   0.12023,   0.33720,   0.05922,71600188.19561,   0.34976,83245352.27682,  -0.00767,   0.40016,   0.02778,-12145164.08120,   0.00000
68028897.46541,-6094593.84316,5847949.81593,   0.12089,   0.33601,   0.05819,71988047.72510,   0.34976,83245352.27682,  -0.00767,   0.40016,   0.02778,-11757304.55172,   0.00000
68134984.82481,-6701093.27523,5646450.55467,   0.12156,   0.33482,   0.05714,72384438.30256,   0.34976,83245352.27682,  -0.00767,   0.40016,   0.02778,-11360913.97426,   0.00000
68239070.53593,-7312263.21997,5444951.29341,   0.12222,   0.33363,   0.05610,72787117.47564,   0.34976,83245352.27682,  -0.00767,   0.40016,   0.02778,-10958234.80117,   0.00000
68349828.40801,-7916761.00375,5242117.59996,   0.12290,   0.33244,   0.05504,73197833.26809,   0.34976,83245352.27682,  -0.00767,   0.40016,   0.02778,-10547519.00872,   0.00000
68463255.14448,-8523927.65191,5037949.47431,   0.12358,   0.33125,   0.05398,73617886.99749,   0.34976,83245352.27682,  -0.00767,   0.40016,   0.02778,-10127465.27932,   0.00000
68576681.88095,-9131094.30007,4833781.34867,   0.12426,   0.33006,   0.05292,74043329.58707,   0.34976,83245352.27682,  -0.00767,   0.40016,   0.02778,-9702022.68975,   0.00000
68699449.64277,-9734257.65165,4626944.35863,   0.12495,   0.32886,   0.05184,74480427.89144,   0.34976,83245352.27682,  -0.00767,   0.40016,   0.02778,-9264924.38537,   0.00000
68824219.05289,-10332750.49056,4420107.36860,   0.12565,   0.32768,   0.05077,74921921.96928,   0.34976,83245352.27682,  -0.00767,   0.40016,   0.02778,-8823430.30753,   0.00000
68944985.16643,-10940584.35482,4211935.94637,   0.12634,   0.32648,   0.04968,75369934.35666,   0.34976,83245352.27682,  -0.00767,   0.40016,   0.02778,-8375417.92015,   0.00000
69077093.95361,-11539744.40982,4002430.09195,   0.12705,   0.32528,   0.04859,75828760.76292,   0.34976,83245352.27682,  -0.00767,   0.40016,   0.02778,-7916591.51390,   0.00000
69209202.74079,-12138904.46482,3791589.80534,   0.12775,   0.32409,   0.04750,76292326.64911,   0.34976,83245352.27682,  -0.00767,   0.40016,   0.02778,-7453025.62771,   0.00000
69345982.04065,-12736062.87153,3579415.08653,   0.12847,   0.32289,   0.04639,76763949.52641,   0.34976,83245352.27682,  -0.00767,   0.40016,   0.02778,-6981402.75041,   0.00000
69487431.85319,-13331219.62994,3367240.36772,   0.12919,   0.32170,   0.04529,77243716.51475,   0.34976,83245352.27682,  -0.00767,   0.40016,   0.02778,-6501635.76206,   0.00000
69631550.53012,-13929045.25275,3153731.21672,   0.12992,   0.32050,   0.04418,77732298.37717,   0.34976,83245352.27682,  -0.00767,   0.40016,   0.02778,-6013053.89965,   0.00000
69777670.85534,-14522200.36288,2937553.20133,   0.13065,   0.31931,   0.04306,78224232.98968,   0.34976,83245352.27682,  -0.00767,   0.40016,   0.02778,-5521119.28714,   0.00000
69928461.69323,-15113353.82472,2722709.61813,   0.13138,   0.31811,   0.04194,78724178.27831,   0.34976,83245352.27682,  -0.00767,   0.40016,   0.02778,-5021173.99851,   0.00000
70081921.39551,-15707176.15094,2505197.17055,   0.13213,   0.31691,   0.04081,79232620.88351,   0.34976,83245352.27682,  -0.00767,   0.40016,   0.02778,-4512731.39331,   0.00000
70242053.25877,-16294326.31620,2286350.29077,   0.13288,   0.31572,   0.03967,79747603.38706,   0.34976,83245352.27682,  -0.00767,   0.40016,   0.02778,-3997748.88975,   0.00000
70400183.47373,-16886146.99413,2067503.41099,   0.13363,   0.31452,   0.03853,80267922.30435,   0.34976,83245352.27682,  -0.00767,   0.40016,   0.02778,-3477429.97247,   0.00000
70564985.84966,-17471295.51110,1847322.09902,   0.13438,   0.31333,   0.03739,80794572.29373,   0.34976,83245352.27682,  -0.00767,   0.40016,   0.02778,-2950779.98309,   0.00000
70732457.08997,-18059112.89245,1625806.35486,   0.13514,   0.31213,   0.03624,81329620.74857,   0.34976,83245352.27682,  -0.00767,   0.40016,   0.02778,-2415731.52825,   0.00000
70906600.49126,-18640258.11283,1404290.61069,   0.13592,   0.31093,   0.03508,81870865.67979,   0.34976,83245352.27682,  -0.00767,   0.40016,   0.02778,-1874486.59702,   0.00000
71085414.40522,-19219401.68493,1180106.00214,   0.13669,   0.30974,   0.03392,82419164.19263,   0.34976,83245352.27682,  -0.00767,   0.40016,   0.02778,-1326188.08419,   0.00000
71262226.67090,-19803215.76970,955921.39359,   0.13747,   0.30854,   0.03275,82972494.91874,   0.34976,83245352.27682,  -0.00767,   0.40016,   0.02778,-772857.35807,   0.00000
71445711.09754,-20380357.69350,730402.35284,   0.13825,   0.30734,   0.03158,83531660.01328,   0.34976,83245352.27682,  -0.00767,   0.40016,   0.02778,-213692.26354,   0.00000
71366066.30132,-20855471.55093,502877.58186,   0.13904,   0.30615,   0.03041,83768715.73549,   0.35032,83268715.73549,  -0.00711,   0.39977,   0.02779,   0.00000,   2.00000
71125185.56081,-21263794.02643,272921.61214,   0.13984,   0.30496,   0.02922,83806656.72805,   0.35123,83306656.72805,  -0.00619,   0.39914,   0.02780,   0.00000,   2.00000
70885480.55610,-21666039.94948,44442.66538,   0.14065,   0.30376,   0.02803,83844989.23478,   0.35216,83344989.23478,  -0.00526,   0.39849,   0.02780,   0.00000,   2.00000
70644761.28583,-22065143.08770,-183869.37927,   0.14145,   0.30257,   0.02684,83883496.74773,   0.35309,83383496.74773,  -0.00433,   0.39783,   0.02780,   0.00000,   2.00000
70405360.65367,-22458178.08971,-410660.27342,   0.14226,   0.30138,   0.02565,83922384.53175,   0.35403,83422384.53175,  -0.00339,   0.39717,   0.02778,   0.00000,   2.00000
70167317.35103,-22845141.92333,-638560.30584,   0.14308,   0.30018,   0.02444,83961649.19053,   0.35498,83461649.19053,  -0.00244,   0.39649,   0.02776,   0.00000,   2.00000
69930727.22156,-23226056.65819,-864881.00462,   0.14391,   0.29899,   0.02323,84001282.17878,   0.35594,83501282.17878,  -0.00148,   0.39581,   0.02773,   0.00000,   2.00000
69698585.64459,-23596683.10250,-1090944.40304,   0.14474,   0.29780,   0.02202,84041193.53934,   0.35691,83541193.53934,  -0.00052,   0.39511,   0.02769,   0.00000,   2.00000
69462687.69646,-23968505.74323,-1316737.18421,   0.14557,   0.29661,   0.02080,84081344.35777,   0.35789,83581344.35777,   0.00046,   0.39441,   0.02764,   0.00000,   2.00000
69233770.68155,-24327119.20252,-1540854.83372,   0.14642,   0.29542,   0.01958,84121962.79537,   0.35889,83621962.79537,   0.00144,   0.39370,   0.02759,   0.00000,   2.00000
69004148.86460,-24682740.32377,-1764693.28186,   0.14727,   0.29424,   0.01835,84162724.20283,   0.35988,83662724.20283,   0.00243,   0.39298,   0.02752,   0.00000,   2.00000
68776243.44933,-25032392.48597,-1988172.77551,   0.14812,   0.29305,   0.01711,84203828.59029,   0.36089,83703828.59029,   0.00342,   0.39225,   0.02745,   0.00000,   2.00000
68547772.19057,-25379112.79933,-2210021.93387,   0.14897,   0.29186,   0.01588,84245063.19176,   0.36190,83745063.19176,   0.00442,   0.39152,   0.02737,   0.00000,   2.00000
68323464.10048,-25716854.12743,-2432718.11897,   0.14984,   0.29068,   0.01463,84286839.09718,   0.36293,83786839.09718,   0.00543,   0.39077,   0.02728,   0.00000,   2.00000
68104199.67099,-26044577.14326,-2652381.39205,   0.15072,   0.28950,   0.01339,84328835.36879,   0.36397,83828835.36879,   0.00645,   0.39002,   0.02718,   0.00000,   2.00000
67881317.70214,-26373580.93073,-2872987.44238,   0.15159,   0.28831,   0.01213,84371053.45272,   0.36501,83871053.45272,   0.00748,   0.38926,   0.02707,   0.00000,   2.00000
67663513.15469,-26692577.08342,-3091861.86058,   0.15247,   0.28713,   0.01087,84413488.57677,   0.36606,83913488.57677,   0.00850,   0.38849,   0.02695,   0.00000,   2.00000
67447726.05129,-27005744.66132,-3310268.09314,   0.15336,   0.28595,   0.00961,84456235.33213,   0.36712,83956235.33213,   0.00954,   0.38771,   0.02682,   0.00000,   2.00000
67233999.10230,-27313104.68750,-3528184.89927,   0.15426,   0.28477,   0.00834,84499289.02096,   0.36819,83999289.02096,   0.01058,   0.38692,   0.02669,   0.00000,   2.00000
67025396.69488,-27610540.01319,-3745652.25341,   0.15516,   0.28360,   0.00706,84542550.53924,   0.36927,84042550.53924,   0.01163,   0.38613,   0.02654,   0.00000,   2.00000
66813511.86259,-27909475.95635,-3961344.46259,   0.15606,   0.28242,   0.00579,84585998.06299,   0.37036,84085998.06299,   0.01269,   0.38533,   0.02639,   0.00000,   2.00000
66609521.15137,-28195572.70528,-4175118.11030,   0.15698,   0.28125,   0.00451,84629823.69346,   0.37145,84129823.69346,   0.01375,   0.38452,   0.02622,   0.00000,   2.00000
66405072.67034,-28478971.73457,-4389809.17587,   0.15789,   0.28007,   0.00322,84673756.08076,   0.37256,84173756.08076,   0.01482,   0.38370,   0.02605,   0.00000,   2.00000
66206070.06211,-28752675.10397,-4602696.63793,   0.15881,   0.27891,   0.00193,84717861.81280,   0.37366,84217861.81280,   0.01589,   0.38288,   0.02586,   0.00000,   2.00000
66006317.25544,-29024886.29939,-4814934.12365,   0.15974,   0.27774,   0.00063,84762341.68276,   0.37478,84262341.68276,   0.01697,   0.38205,   0.02567,   0.00000,   2.00000
65812110.97770,-29287483.70483,-5025354.55167,   0.16068,   0.27657,  -0.00067,84806982.88497,   0.37591,84306982.88497,   0.01806,   0.38121,   0.02547,   0.00000,   2.00000
65623323.91881,-29540460.63074,-5235271.73660,   0.16162,   0.27541,  -0.00197,84851793.63797,   0.37704,84351793.63797,   0.01915,   0.38036,   0.02525,   0.00000,   2.00000
65431262.45072,-29795104.68792,-5444668.71951,   0.16257,   0.27425,  -0.00328,84896778.12636,   0.37818,84396778.12636,   0.02024,   0.37951,   0.02503,   0.00000,   2.00000
65247307.21660,-30037119.62220,-5653359.61486,   0.16353,   0.27309,  -0.00460,84942111.17527,   0.37933,84442111.17527,   0.02135,   0.37865,   0.02480,   0.00000,   2.00000
65063352.19201,-30276884.97870,-5860297.70982,   0.16448,   0.27193,  -0.00592,84987495.90889,   0.38049,84487495.90889,   0.02245,   0.37778,   0.02455,   0.00000,   2.00000
64884720.63838,-30508296.33017,-6065101.73187,   0.16545,   0.27077,  -0.00724,85033298.05952,   0.38166,84533298.05952,   0.02357,   0.37690,   0.02430,   0.00000,   2.00000
64708813.88790,-30733271.25272,-6270878.42689,   0.16643,   0.26962,  -0.00857,85079079.89080,   0.38283,84579079.89080,   0.02468,   0.37602,   0.02404,   0.00000,   2.00000
64535633.29486,-30953059.61570,-6474693.53718,   0.16740,   0.26846,  -0.00990,85125085.24669,   0.38401,84625085.24669,   0.02581,   0.37514,   0.02377,   0.00000,   2.00000
64362538.91725,-31170772.42874,-6676759.64751,   0.16838,   0.26731,  -0.01123,85171127.04066,   0.38519,84671127.04066,   0.02693,   0.37425,   0.02348,   0.00000,   2.00000
64197790.73606,-31376129.32230,-6878070.73550,   0.16938,   0.26617,  -0.01257,85217484.01654,   0.38638,84717484.01654,   0.02806,   0.37335,   0.02319,   0.00000,   2.00000
64035633.57616,-31576328.89155,-7078711.27881,   0.17037,   0.26502,  -0.01392,85264069.80934,   0.38758,84764069.80934,   0.02920,   0.37244,   0.02289,   0.00000,   2.00000
63873375.88066,-31774477.88457,-7278898.01066,   0.17137,   0.26388,  -0.01527,85310701.72792,   0.38879,84810701.72792,   0.03034,   0.37153,   0.02258,   0.00000,   2.00000
63719778.77369,-31960545.77199,-7476996.13625,   0.17239,   0.26274,  -0.01663,85357612.50618,   0.39000,84857612.50618,   0.03149,   0.37061,   0.02225,   0.00000,   2.00000
63566329.71318,-32144809.05264,-7673350.73337,   0.17340,   0.26160,  -0.01798,85404540.20411,   0.39122,84904540.20411,   0.03264,   0.36969,   0.02192,   0.00000,   2.00000
63415547.71782,-32324068.44310,-7869019.40769,   0.17442,   0.26046,  -0.01934,85451682.23721,   0.39245,84951682.23721,   0.03379,   0.36876,   0.02158,   0.00000,   2.00000
63270525.65639,-32494349.70791,-8064135.79598,   0.17545,   0.25933,  -0.02071,85498933.47326,   0.39368,84998933.47326,   0.03495,   0.36782,   0.02123,   0.00000,   2.00000
63128181.89794,-32659727.61090,-8258547.63100,   0.17648,   0.25820,  -0.02208,85546392.14857,   0.39492,85046392.14857,   0.03611,   0.36688,   0.02086,   0.00000,   2.00000
62991869.76688,-32816389.60104,-8451110.21782,   0.17752,   0.25708,  -0.02345,85593928.60994,   0.39616,85093928.60993,   0.03728,   0.36594,   0.02049,   0.00000,   2.00000
62858516.52065,-32968411.34065,-8641678.98677,   0.17857,   0.25595,  -0.02483,85641640.11479,   0.39741,85141640.11479,   0.03845,   0.36499,   0.02011,   0.00000,   2.00000
62725089.56923,-33118758.57250,-8831813.95435,   0.17962,   0.25483,  -0.02621,85689374.73168,   0.39867,85189374.73168,   0.03962,   0.36403,   0.01972,   0.00000,   2.00000
62600264.53878,-33257287.18547,-9021123.91380,   0.18068,   0.25371,  -0.02760,85737373.86298,   0.39994,85237373.86298,   0.04081,   0.36307,   0.01931,   0.00000,   2.00000
62475628.40767,-33394410.97837,-9208714.22513,   0.18174,   0.25260,  -0.02898,85785365.26555,   0.40120,85285365.26555,   0.04199,   0.36210,   0.01890,   0.00000,   2.00000
62356806.29481,-33522913.04346,-9395761.33422,   0.18281,   0.25148,  -0.03038,85833442.07502,   0.40248,85333442.07502,   0.04317,   0.36113,   0.01848,   0.00000,   2.00000
62243519.37420,-33643755.89813,-9581796.53043,   0.18389,   0.25037,  -0.03178,85881873.88114,   0.40376,85381873.88114,   0.04437,   0.36016,   0.01804,   0.00000,   2.00000
62133501.14608,-33759371.95623,-9766300.84501,   0.18497,   0.24927,  -0.03318,85930186.96750,   0.40505,85430186.96749,   0.04556,   0.35918,   0.01760,   0.00000,   2.00000
62026498.23637,-33870701.11166,-9948810.85812,   0.18606,   0.24817,  -0.03458,85978650.67853,   0.40634,85478650.67853,   0.04676,   0.35819,   0.01715,   0.00000,   2.00000
61925302.88998,-33973631.29727,-10130790.94865,   0.18716,   0.24707,  -0.03599,86027187.24700,   0.40764,85527187.24700,   0.04796,   0.35721,   0.01669,   0.00000,   2.00000
61823968.46647,-34075280.74553,-10312359.61211,   0.18826,   0.24598,  -0.03741,86075729.44469,   0.40894,85575729.44469,   0.04916,   0.35622,   0.01622,   0.00000,   2.00000
61728518.62058,-34169683.60365,-10491618.43561,   0.18937,   0.24488,  -0.03882,86124580.76210,   0.41025,85624580.76210,   0.05037,   0.35522,   0.01573,   0.00000,   2.00000
61639184.24370,-34256029.25966,-10669085.75690,   0.19048,   0.24379,  -0.04024,86173467.18408,   0.41156,85673467.18408,   0.05158,   0.35421,   0.01524,   0.00000,   2.00000
61552441.69259,-34337075.61232,-10847626.15544,   0.19160,   0.24271,  -0.04167,86222280.55481,   0.41288,85722280.55481,   0.05279,   0.35321,   0.01474,   0.00000,   2.00000
61471906.46371,-34411259.84648,-11022582.71624,   0.19273,   0.24162,  -0.04309,86271361.55350,   0.41421,85771361.55350,   0.05401,   0.35220,   0.01423,   0.00000,   2.00000
61391174.81578,-34484405.96233,-11197159.93177,   0.19386,   0.24054,  -0.04452,86320437.70916,   0.41554,85820437.70916,   0.05523,   0.35119,   0.01370,   0.00000,   2.00000
61319289.21368,-34545530.11857,-11371438.62717,   0.19500,   0.23947,  -0.04596,86369468.46299,   0.41687,85869468.46299,   0.05645,   0.35018,   0.01317,   0.00000,   2.00000
61247306.55845,-34606805.36512,-11543526.63039,   0.19615,   0.23840,  -0.04739,86418725.84486,   0.41821,85918725.84486,   0.05768,   0.34916,   0.01263,   0.00000,   2.00000
61181064.98107,-34660117.58069,-11715115.22881,   0.19730,   0.23733,  -0.04884,86468035.38507,   0.41955,85968035.38507,   0.05891,   0.34813,   0.01208,   0.00000,   2.00000
61120884.82556,-34705751.00032,-11884950.60418,   0.19846,   0.23627,  -0.05028,86517362.86216,   0.42090,86017362.86216,   0.06015,   0.34711,   0.01152,   0.00000,   2.00000
61063316.25896,-34747505.64630,-12054074.22363,   0.19962,   0.23521,  -0.05173,86566839.97835,   0.42226,86066839.97835,   0.06138,   0.34608,   0.01095,   0.00000,   2.00000
61011784.70281,-34781688.56295,-12221457.57702,   0.20080,   0.23415,  -0.05318,86616330.45816,   0.42362,86116330.45816,   0.06262,   0.34504,   0.01037,   0.00000,   2.00000
60962993.75177,-34811214.50360,-12388723.76550,   0.20197,   0.23310,  -0.05464,86665705.69886,   0.42498,86165705.69886,   0.06386,   0.34401,   0.00978,   0.00000,   2.00000
60920045.28763,-34834156.00316,-12553664.98223,   0.20315,   0.23206,  -0.05610,86715351.68023,   0.42635,86215351.68023,   0.06511,   0.34297,   0.00918,   0.00000,   2.00000
60877092.88127,-34856721.08119,-12717030.49532,   0.20434,   0.23101,  -0.05755,86764946.16410,   0.42772,86264946.16410,   0.06636,   0.34193,   0.00858,   0.00000,   2.00000
60842684.29491,-34868592.68317,-12879560.56110,   0.20554,   0.22997,  -0.05902,86814739.56124,   0.42910,86314739.56124,   0.06761,   0.34089,   0.00796,   0.00000,   2.00000
60810919.81279,-34875995.61742,-13042008.08002,   0.20674,   0.22893,  -0.06049,86864413.51868,   0.43048,86364413.51868,   0.06886,   0.33984,   0.00733,   0.00000,   2.00000
60782022.49466,-34880090.95953,-13202512.49494,   0.20795,   0.22790,  -0.06196,86914190.35889,   0.43186,86414190.35889,   0.07012,   0.33879,   0.00669,   0.00000,   2.00000
60759053.48272,-34876962.82865,-13361329.82890,   0.20916,   0.22687,  -0.06343,86963968.23097,   0.43325,86463968.23097,   0.07138,   0.33774,   0.00605,   0.00000,   2.00000
60741590.12767,-34866428.30358,-13519705.26846,   0.21038,   0.22585,  -0.06491,87013781.56796,   0.43465,86513781.56796,   0.07264,   0.33669,   0.00539,   0.00000,   2.00000
60726928.63638,-34852751.85632,-13676155.98268,   0.21161,   0.22483,  -0.06639,87063692.06342,   0.43605,86563692.06342,   0.07391,   0.33563,   0.00473,   0.00000,   2.00000
60714784.10057,-34834819.25104,-13832573.54159,   0.21284,   0.22382,  -0.06787,87113480.25989,   0.43745,86613480.25989,   0.07517,   0.33458,   0.00406,   0.00000,   2.00000
60711416.41529,-34806800.74838,-13986924.56292,   0.21408,   0.22281,  -0.06936,87163420.14856,   0.43885,86663420.14856,   0.07644,   0.33352,   0.00338,   0.00000,   2.00000
60710369.92250,-34775544.46006,-14140592.53787,   0.21533,   0.22181,  -0.07085,87213489.48995,   0.44027,86713489.48995,   0.07771,   0.33245,   0.00268,   0.00000,   2.00000
60712149.91800,-34740432.16033,-14293022.73747,   0.21658,   0.22081,  -0.07234,87263397.80692,   0.44168,86763397.80692,   0.07899,   0.33139,   0.00198,   0.00000,   2.00000
60716635.21329,-34702408.36767,-14443553.73988,   0.21784,   0.21981,  -0.07383,87313396.11957,   0.44310,86813396.11957,   0.08027,   0.33033,   0.00128,   0.00000,   2.00000
60729393.16813,-34654229.06656,-14593258.14926,   0.21911,   0.21882,  -0.07533,87363577.30153,   0.44453,86863577.30153,   0.08155,   0.32926,   0.00055,   0.00000,   2.00000
60744886.25459,-34602338.18027,-14741761.07332,   0.22038,   0.21783,  -0.07683,87413595.44806,   0.44595,86913595.44806,   0.08283,   0.32819,  -0.00017,   0.00000,   2.00000
60766044.86989,-34543721.19689,-14888650.51939,   0.22165,   0.21685,  -0.07833,87463603.50652,   0.44738,86963603.50652,   0.08412,   0.32712,  -0.00091,   0.00000,   2.00000
60789358.08152,-34482138.74744,-15034879.67153,   0.22294,   0.21587,  -0.07983,87513735.19916,   0.44881,87013735.19915,   0.08541,   0.32605,  -0.00165,   0.00000,   2.00000
60814897.27126,-34416684.06915,-15181151.05616,   0.22422,   0.21490,  -0.08135,87563742.61464,   0.45025,87063742.61464,   0.08669,   0.32498,  -0.00240,   0.00000,   2.00000
60846380.16141,-34345834.20283,-15323896.69599,   0.22552,   0.21393,  -0.08285,87613945.35432,   0.45169,87113945.35432,   0.08799,   0.32390,  -0.00317,   0.00000,   2.00000
60885567.46144,-34263898.61583,-15467750.46141,   0.22682,   0.21297,  -0.08437,87664119.78189,   0.45314,87164119.78189,   0.08929,   0.32282,  -0.00394,   0.00000,   2.00000
60924701.24609,-34182784.08773,-15608974.85785,   0.22813,   0.21202,  -0.08588,87714184.40912,   0.45459,87214184.40912,   0.09058,   0.32175,  -0.00472,   0.00000,   2.00000
60965850.14790,-34098907.99812,-15749551.92535,   0.22944,   0.21106,  -0.08740,87764369.10096,   0.45604,87264369.10096,   0.09188,   0.32067,  -0.00551,   0.00000,   2.00000
61018449.32334,-34001571.34814,-15888383.90366,   0.23076,   0.21011,  -0.08892,87814596.73310,   0.45750,87314596.73310,   0.09319,   0.31959,  -0.00630,   0.00000,   2.00000
61069997.99365,-33904635.49003,-16027028.05832,   0.23209,   0.20917,  -0.09045,87864793.11508,   0.45896,87364793.11508,   0.09450,   0.31851,  -0.00711,   0.00000,   2.00000
61127393.88802,-33801646.97126,-16162914.17013,   0.23342,   0.20823,  -0.09197,87914933.84744,   0.46042,87414933.84744,   0.09581,   0.31743,  -0.00792,   0.00000,   2.00000
61189200.44751,-33691805.96420,-16299647.13066,   0.23476,   0.20730,  -0.09350,87965141.95333,   0.46189,87465141.95333,   0.09712,   0.31635,  -0.00875,   0.00000,   2.00000
61250809.57822,-33583041.06251,-16433816.60538,   0.23610,   0.20637,  -0.09503,88015235.94712,   0.46336,87515235.94712,   0.09843,   0.31527,  -0.00957,   0.00000,   2.00000
61320192.76685,-33464744.65828,-16567170.41105,   0.23745,   0.20545,  -0.09656,88065505.02684,   0.46483,87565505.02684,   0.09975,   0.31419,  -0.01041,   0.00000,   2.00000
61394804.33505,-33340294.49367,-16698989.98530,   0.23881,   0.20454,  -0.09810,88115758.48147,   0.46631,87615758.48147,   0.10107,   0.31310,  -0.01126,   0.00000,   2.00000
61471175.30502,-33212457.33236,-16830950.94721,   0.24017,   0.20363,  -0.09964,88165890.40998,   0.46779,87665890.40998,   0.10239,   0.31202,  -0.01212,   0.00000,   2.00000
61552702.76037,-33078540.45686,-16961381.67426,   0.24154,   0.20272,  -0.10118,88216007.78345,   0.46927,87716007.78345,   0.10371,   0.31094,  -0.01298,   0.00000,   2.00000
61636341.08572,-32942621.85753,-17090000.15537,   0.24292,   0.20182,  -0.10272,88266198.91150,   0.47076,87766198.91150,   0.10504,   0.30985,  -0.01385,   0.00000,   2.00000
61724577.97756,-32800404.72123,-17218288.66043,   0.24430,   0.20093,  -0.10427,88316417.54779,   0.47225,87816417.54779,   0.10637,   0.30877,  -0.01473,   0.00000,   2.00000
61818350.17738,-32652524.46216,-17343886.72234,   0.24568,   0.20004,  -0.10581,88366578.43152,   0.47374,87866578.43151,   0.10771,   0.30768,  -0.01562,   0.00000,   2.00000
61916613.78064,-32498441.85102,-17469168.38979,   0.24708,   0.19916,  -0.10735,88416767.58432,   0.47524,87916767.58432,   0.10904,   0.30660,  -0.01651,   0.00000,   2.00000
62013403.82572,-32345237.74419,-17594335.27658,   0.24847,   0.19828,  -0.10891,88466925.17729,   0.47674,87966925.17729,   0.11038,   0.30552,  -0.01742,   0.00000,   2.00000
62121549.71149,-32179430.63822,-17716618.88311,   0.24988,   0.19741,  -0.11046,88517086.19687,   0.47824,88017086.19687,   0.11172,   0.30443,  -0.01833,   0.00000,   2.00000
62228125.57642,-32014599.36766,-17838806.37836,   0.25129,   0.19654,  -0.11201,88567215.91069,   0.47975,88067215.91069,   0.11306,   0.30335,  -0.01925,   0.00000,   2.00000
62339030.61822,-31843702.41818,-17960676.47443,   0.25271,   0.19568,  -0.11357,88617376.17657,   0.48126,88117376.17657,   0.11441,   0.30226,  -0.02018,   0.00000,   2.00000
62455244.44955,-31667380.73031,-18079891.21019,   0.25413,   0.19483,  -0.11513,88667479.74696,   0.48277,88167479.74696,   0.11576,   0.30118,  -0.02111,   0.00000,   2.00000
62572710.58351,-31489159.96960,-18198503.16374,   0.25556,   0.19397,  -0.11669,88717698.07010,   0.48429,88217698.07010,   0.11711,   0.30009,  -0.02205,   0.00000,   2.00000
62697855.95745,-31301205.31139,-18315940.53004,   0.25699,   0.19313,  -0.11825,88767821.25306,   0.48581,88267821.25306,   0.11847,   0.29901,  -0.02301,   0.00000,   2.00000
62821776.49762,-31114712.12243,-18432141.98647,   0.25843,   0.19229,  -0.11981,88817869.70059,   0.48733,88317869.70059,   0.11983,   0.29792,  -0.02396,   0.00000,   2.00000
62952700.14186,-30919375.97553,-18547508.01704,   0.25988,   0.19146,  -0.12138,88868096.81295,   0.48886,88368096.81295,   0.12119,   0.29684,  -0.02493,   0.00000,   2.00000
63088775.30370,-30717675.06091,-18661088.69194,   0.26133,   0.19064,  -0.12294,88918042.73455,   0.49039,88418042.73455,   0.12255,   0.29576,  -0.02590,   0.00000,   2.00000
63222919.74368,-30518407.77496,-18773777.82933,   0.26279,   0.18982,  -0.12451,88968184.43382,   0.49192,88468184.43382,   0.12392,   0.29468,  -0.02688,   0.00000,   2.00000
63364516.55329,-30309552.04290,-18885315.70840,   0.26425,   0.18901,  -0.12608,89018236.69022,   0.49346,88518236.69022,   0.12529,   0.29359,  -0.02787,   0.00000,   2.00000
63507111.85770,-30097927.62927,-18997104.49274,   0.26572,   0.18820,  -0.12765,89068181.17624,   0.49499,88568181.17624,   0.12666,   0.29251,  -0.02887,   0.00000,   2.00000
63656974.81957,-29877978.70598,-19106883.69153,   0.26719,   0.18740,  -0.12923,89118263.03337,   0.49653,88618263.03337,   0.12803,   0.29143,  -0.02987,   0.00000,   2.00000
63805912.34683,-29660064.35890,-19214327.07310,   0.26867,   0.18660,  -0.13079,89168225.44767,   0.49808,88668225.44767,   0.12941,   0.29035,  -0.03088,   0.00000,   2.00000
63958612.61755,-29436523.04652,-19321488.40187,   0.27016,   0.18581,  -0.13237,89218226.46501,   0.49962,88718226.46501,   0.13079,   0.28928,  -0.03190,   0.00000,   2.00000
64117932.29416,-29203260.80966,-19428652.39535,   0.27165,   0.18504,  -0.13395,89268191.33743,   0.50117,88768191.33743,   0.13218,   0.28820,  -0.03292,   0.00000,   2.00000
64279078.46107,-28969227.74308,-19532931.33912,   0.27315,   0.18426,  -0.13553,89318181.61486,   0.50273,88818181.61486,   0.13356,   0.28712,  -0.03396,   0.00000,   2.00000
64440964.42033,-28732612.49881,-19637495.38917,   0.27465,   0.18349,  -0.13711,89368069.53071,   0.50428,88868069.53071,   0.13495,   0.28605,  -0.03499,   0.00000,   2.00000
64606977.57900,-28490817.41942,-19740624.15869,   0.27615,   0.18273,  -0.13869,89417954.33731,   0.50584,88917954.33731,   0.13635,   0.28497,  -0.03604,   0.00000,   2.00000
64776991.34369,-28245151.75126,-19841450.49116,   0.27767,   0.18196,  -0.14027,89468053.67428,   0.50740,88968053.67428,   0.13775,   0.28389,  -0.03710,   0.00000,   2.00000
64948269.03775,-27996012.99924,-19942315.34007,   0.27919,   0.18121,  -0.14185,89517790.42448,   0.50896,89017790.42448,   0.13914,   0.28283,  -0.03815,   0.00000,   2.00000
65126350.32561,-27738905.22816,-20041170.58415,   0.28071,   0.18047,  -0.14344,89567670.42118,   0.51053,89067670.42118,   0.14055,   0.28175,  -0.03922,   0.00000,   2.00000
65307738.09978,-27476499.06664,-20139737.48701,   0.28225,   0.17974,  -0.14503,89617597.26610,   0.51210,89117597.26610,   0.14195,   0.28068,  -0.04030,   0.00000,   2.00000
65487284.60191,-27216204.66090,-20237180.61804,   0.28378,   0.17900,  -0.14662,89667452.39600,   0.51368,89167452.39600,   0.14336,   0.27961,  -0.04138,   0.00000,   2.00000
65674150.31820,-26947025.78223,-20332366.73436,   0.28532,   0.17828,  -0.14820,89717192.61901,   0.51525,89217192.61901,   0.14477,   0.27855,  -0.04247,   0.00000,   2.00000
65858516.34219,-26679728.04366,-20427583.44930,   0.28686,   0.17756,  -0.14979,89766908.52080,   0.51683,89266908.52080,   0.14619,   0.27748,  -0.04356,   0.00000,   2.00000
66048825.11156,-26404364.45656,-20521905.14422,   0.28841,   0.17684,  -0.15138,89816817.93178,   0.51842,89316817.93178,   0.14761,   0.27642,  -0.04467,   0.00000,   2.00000
66243498.70912,-26123081.99420,-20614576.57745,   0.28997,   0.17614,  -0.15297,89866474.19847,   0.52000,89366474.19847,   0.14903,   0.27535,  -0.04578,   0.00000,   2.00000
66438934.13875,-25841223.49394,-20705550.97603,   0.29153,   0.17544,  -0.15456,89916203.60423,   0.52159,89416203.60423,   0.15046,   0.27429,  -0.04689,   0.00000,   2.00000
66637343.74494,-25554294.87328,-20796240.06639,   0.29310,   0.17475,  -0.15616,89965986.36250,   0.52318,89465986.36250,   0.15189,   0.27323,  -0.04802,   0.00000,   2.00000
66839283.50509,-25262625.29541,-20885514.78310,   0.29467,   0.17406,  -0.15775,90015776.47145,   0.52478,89515776.47145,   0.15332,   0.27217,  -0.04915,   0.00000,   2.00000
67045408.03584,-24965122.55241,-20973165.57458,   0.29625,   0.17339,  -0.15934,90065320.37136,   0.52637,89565320.37136,   0.15475,   0.27112,  -0.05028,   0.00000,   2.00000
67251487.32487,-24666936.67749,-21060248.25526,   0.29783,   0.17271,  -0.16094,90114985.77644,   0.52797,89614985.77644,   0.15619,   0.27006,  -0.05142,   0.00000,   2.00000
67460952.42534,-24364109.86650,-21145923.16012,   0.29942,   0.17205,  -0.16253,90164661.63188,   0.52957,89664661.63188,   0.15764,   0.26901,  -0.05257,   0.00000,   2.00000
67671028.66237,-24059500.87682,-21230827.48132,   0.30101,   0.17139,  -0.16413,90214206.10263,   0.53117,89714206.10263,   0.15908,   0.26796,  -0.05373,   0.00000,   2.00000
67883768.24967,-23750035.39655,-21315436.02134,   0.30260,   0.17074,  -0.16573,90263810.63434,   0.53278,89763810.63434,   0.16053,   0.26691,  -0.05489,   0.00000,   2.00000
68100390.44188,-23436304.98970,-21397521.33307,   0.30421,   0.17009,  -0.16733,90313381.33310,   0.53439,89813381.33310,   0.16198,   0.26586,  -0.05606,   0.00000,   2.00000
68320191.95922,-23118077.83362,-21478206.46582,   0.30582,   0.16945,  -0.16892,90362966.56459,   0.53601,89862966.56459,   0.16344,   0.26482,  -0.05724,   0.00000,   2.00000
68539784.57926,-22797919.63069,-21559247.22720,   0.30743,   0.16882,  -0.17053,90412472.22044,   0.53762,89912472.22044,   0.16490,   0.26377,  -0.05842,   0.00000,   2.00000
68763124.87272,-22473592.23851,-21637773.58825,   0.30904,   0.16820,  -0.17212,90461947.01292,   0.53924,89961947.01292,   0.16637,   0.26273,  -0.05961,   0.00000,   2.00000
68988841.64887,-22144606.78850,-21716005.21055,   0.31067,   0.16758,  -0.17373,90511487.11568,   0.54087,90011487.11568,   0.16784,   0.26169,  -0.06080,   0.00000,   2.00000
69215540.76345,-21814304.55303,-21792389.45781,   0.31229,   0.16697,  -0.17532,90560855.60091,   0.54249,90060855.60091,   0.16930,   0.26066,  -0.06200,   0.00000,   2.00000
69444523.49892,-21479407.19532,-21868477.79188,   0.31392,   0.16636,  -0.17692,90610291.56765,   0.54412,90110291.56765,   0.17078,   0.25962,  -0.06321,   0.00000,   2.00000
69676392.97154,-21140222.61210,-21943159.60432,   0.31556,   0.16577,  -0.17853,90659748.33465,   0.54575,90159748.33465,   0.17226,   0.25859,  -0.06442,   0.00000,   2.00000
69908466.96465,-20799542.29473,-22017108.06683,   0.31720,   0.16518,  -0.18013,90709084.28205,   0.54738,90209084.28205,   0.17374,   0.25756,  -0.06564,   0.00000,   2.00000
70143342.10261,-20454634.33948,-22089651.21352,   0.31884,   0.16459,  -0.18173,90758443.09787,   0.54902,90258443.09787,   0.17523,   0.25653,  -0.06687,   0.00000,   2.00000
70381634.48040,-20105793.21364,-22159697.26276,   0.32049,   0.16402,  -0.18333,90807777.91641,   0.55066,90307777.91641,   0.17672,   0.25551,  -0.06810,   0.00000,   2.00000
70619330.60774,-19755287.03840,-22230128.51300,   0.32215,   0.16345,  -0.18493,90857042.70547,   0.55230,90357042.70547,   0.17821,   0.25449,  -0.06934,   0.00000,   2.00000
70859680.11990,-19400658.84968,-22299156.41567,   0.32380,   0.16289,  -0.18654,90906333.33961,   0.55394,90406333.33961,   0.17971,   0.25347,  -0.07058,   0.00000,   2.00000
71105325.66341,-19037579.82511,-22367023.06795,   0.32547,   0.16234,  -0.18814,90955600.48382,   0.55559,90455600.48382,   0.18121,   0.25245,  -0.07183,   0.00000,   2.00000
71348202.69236,-18677581.78637,-22433934.78731,   0.32713,   0.16179,  -0.18974,91004803.55475,   0.55724,90504803.55475,   0.18271,   0.25144,  -0.07308,   0.00000,   2.00000
71593585.25435,-18313568.99965,-22499444.69855,   0.32881,   0.16125,  -0.19134,91054035.37348,   0.55889,90554035.37348,   0.18422,   0.25042,  -0.07435,   0.00000,   2.00000
71838874.27801,-17948272.06163,-22564254.48554,   0.33048,   0.16072,  -0.19295,91103154.33143,   0.56054,90603154.33143,   0.18573,   0.24942,  -0.07561,   0.00000,   2.00000
72086582.99346,-17579022.91276,-22627662.51533,   0.33216,   0.16019,  -0.19455,91152303.98135,   0.56220,90652303.98135,   0.18725,   0.24841,  -0.07689,   0.00000,   2.00000
72339312.44899,-17201460.69558,-22689896.85290,   0.33384,   0.15967,  -0.19615,91201438.98578,   0.56386,90701438.98578,   0.18877,   0.24741,  -0.07817,   0.00000,   2.00000
