sig 640
-129617.47864398648 4669.002979566844 4669.002979566844 -224712.5194096943
-96185.33112291906 2460.821716827709 2460.821716827709 -188887.70295202784
-134217.02710695678 17350.98447931964 17350.98447931964 -225180.71570358024
-100003.32845503582 11368.391898743943 11368.391898743943 -189434.53585295702
-120692.22677247878 2814.5193105729504 2814.5193105729504 -255742.95946430278
-88785.31510807286 2469.2515616422697 2469.2515616422697 -189708.58723199693
-122405.58097435562 15413.38029333592 15413.38029333592 -245337.1400840286
-86256.2362283263 8352.844493801022 8352.844493801022 -183064.17009372305
-140969.776468319 919.4176930592068 919.4176930592068 -264026.44879207783
-108894.74852077979 3958.265520984728 3958.265520984728 -211972.24665303275
-126459.25305700071 11239.05164974691 11239.05164974691 -230209.388983116
-95282.88521899508 6658.16181496015 6658.16181496015 -177859.95789966953
-133848.14191765213 3267.0326260063275 3267.0326260063275 -259557.69315447134
-121536.12049387964 5067.7953218636885 5067.7953218636885 -234744.10373521087
-116495.44974598516 6814.0462998226885 6814.0462998226885 -223462.3328910898
-103159.96950787443 5644.181281182987 5644.181281182987 -195217.21628189096
-134936.83909033422 6178.3233480678255 6178.3233480678255 -261052.08794977807
-131975.56329689274 7147.485309965921 7147.485309965921 -248027.8038932335
-120691.25604935568 6842.478104203687 6842.478104203687 -231932.6795260917
-117363.49182554777 7012.166330598956 7012.166330598956 -221194.83958190403
-139471.95782025432 8328.06753035033 8328.06753035033 -260300.55370228353
-142005.41783222303 9526.06394210382 9526.06394210382 -269313.71970601525
-128193.68721592918 6803.010958819772 6803.010958819772 -243356.29165514727
-131542.55564164635 8484.276124226903 8484.276124226903 -249160.51056818498
-136855.1664216678 9886.08341894911 9886.08341894911 -262666.33520846197
-150122.89975871373 12123.243094870864 12123.243094870864 -289768.059004541
-133381.0355271243 7148.3979405034315 7148.3979405034315 -260134.1266097017
-145464.40049787707 9544.53135654258 9544.53135654258 -285295.2805481921
-131418.59157476109 11421.480222863791 11421.480222863791 -250692.25619128405
-171753.72262591263 12757.454456478717 12757.454456478717 -315351.4368657424
-145054.212561615 -894.646189626892 -894.646189626892 -273485.7598795644
-188586.86416020192 -2114.5274208105566 -2114.5274208105566 -344457.0883148551
-106757.07296568509 4420.077565379713 4420.077565379713 -224383.6097673761
-157869.2595853872 -2650.1136013847236 -2650.1136013847236 -314553.0470728045
-157235.9336705149 -10521.93582435645 -10521.93582435645 -308804.2266681364
-208042.03006597538 -26188.183805773886 -26188.183805773886 -407015.46539859567
-149651.1676016195 1796.7336461693706 1796.7336461693706 -267879.9074006982
-160571.74697463424 -346.0398954752774 -346.0398954752774 -279198.32770903007
-155545.12554003808 -1749.8850553998263 -1749.8850553998263 -281563.44217743474
-166483.33235598102 -4136.086393942023 -4136.086393942023 -292581.43205969513
-134208.8212742678 25846.941054031453 25846.941054031453 -216162.44597743757
-95995.97216902656 16970.484005667575 16970.484005667575 -174031.09592273016
-134025.68848810534 33511.023869098666 33511.023869098666 -200711.6681041384
-97253.48557552313 23114.535828763735 23114.535828763735 -160987.2749330212
-121543.88705439604 23344.26696334636 23344.26696334636 -229310.25717402148
-105294.95416559179 20854.596275250206 20854.596275250206 -202551.41839831462
-109251.16921534132 26202.94116839538 26202.94116839538 -193259.45953360194
-92621.5843987537 22308.08208682449 22308.08208682449 -168860.9956859225
-134175.38916976107 20450.47453355165 20450.47453355165 -268287.66699933226
-123699.5739392024 21269.308573872073 21269.308573872073 -242203.20745305484
-98339.13996133527 20674.64982987105 20674.64982987105 -188849.89016137028
-88763.9030895722 19689.130676913184 19689.130676913184 -167553.64246550557
-148651.1128033673 22460.88602741964 22460.88602741964 -291663.78614371555
-135676.56169599207 21274.029177955665 21274.029177955665 -264850.41896387306
-98079.95268560163 17616.348229766718 17616.348229766718 -191821.23929701946
-90005.10802459823 16931.893120394852 16931.893120394852 -167499.95100597315
-155979.93764615088 22440.25599436408 22440.25599436408 -294473.23868015053
-144076.6526571045 21799.67668457237 21799.67668457237 -271348.26247354975
-106008.76420428568 16834.641548065294 16834.641548065294 -202545.61412134717
-98535.79284134172 16004.870696027612 16004.870696027612 -182261.8146286158
-156617.9794734738 20491.62318352107 20491.62318352107 -284117.06233205466
-147306.27858332027 19480.247121902386 19480.247121902386 -270128.2241535237
-118295.77324991273 16828.651784558635 16828.651784558635 -224316.24664934046
-113292.55200667375 15781.470238791764 15781.470238791764 -207607.95505406565
-152868.16245044585 20466.740072284556 20466.740072284556 -267653.0769370909
-147796.98317715188 19199.407683500438 19199.407683500438 -253705.28424795033
-137484.65186914703 18966.478096927356 18966.478096927356 -252221.6254318807
-132997.36775749028 15893.586597238409 15893.586597238409 -233667.77301075123
-133958.90209520294 19882.065458423 19882.065458423 -239665.96155866102
-133594.90685135897 19335.515953284747 19335.515953284747 -237334.42783162592
-151246.47926536683 20661.98617105995 20661.98617105995 -277637.0105332579
-151134.6814370192 19826.776775292732 19826.776775292732 -275550.5205073961
-107030.61587918072 12494.077976819655 12494.077976819655 -195601.02197256184
-117321.48932501138 11007.077834825974 11007.077834825974 -227435.5129445271
-176085.9004543949 12619.14843526576 12619.14843526576 -336807.9076114867
-183533.85085935213 9163.377747966406 9163.377747966406 -355532.9622717346
-89654.01448637858 12998.278848958715 12998.278848958715 -165194.9713702044
-169220.71482862366 -6719.613931973616 -6719.613931973616 -340421.7008279447
-223024.11945431787 -12922.239371371805 -12922.239371371805 -405759.6377563577
-331909.4611488288 -50448.65124874104 -50448.65124874104 -619461.4531198499
-132955.55596244472 36801.8124276007 36801.8124276007 -185314.70898691946
-109492.16204747418 30186.84719441692 30186.84719441692 -160290.4664861731
-117369.604891241 33408.477901256454 33408.477901256454 -146502.99949252896
-92742.1144629331 27323.513074169434 27323.513074169434 -122248.14291962615
-122365.56756869047 34291.20418558101 34291.20418558101 -185710.54899874944
-121769.82417572338 34352.798535676986 34352.798535676986 -180782.91757030415
-91036.71307978682 26712.7301546101 26712.7301546101 -126704.6242085899
-90150.03865526278 26206.505566635096 26206.505566635096 -121597.26342468646
-128553.34580625086 35219.362570474084 35219.362570474084 -193685.7900233826
-137046.91263012937 39516.91372715946 39516.91372715946 -195715.11582178948
-86484.78364327863 24915.41872511279 24915.41872511279 -117353.60454526803
-92274.8900070231 27041.90124111538 27041.90124111538 -118556.95851203222
-146086.3217897841 39974.6483552282 39974.6483552282 -217477.24809516477
-149230.1393653246 43750.19758996229 43750.19758996229 -211113.99215286062
-88726.01930893748 25711.354853456636 25711.354853456636 -112815.25911727746
-93939.16542373238 29109.04242171276 29109.04242171276 -113687.15086022169
-167133.0950103747 47677.36043397754 47677.36043397754 -244499.56647993939
-167961.36005905454 47536.586514380615 47536.586514380615 -230574.1413228195
-90795.11364488954 28043.46005813041 28043.46005813041 -108803.48935964222
-89568.75597026732 28199.68168484723 28199.68168484723 -105289.85343307476
-190702.32245018205 52928.91641426839 52928.91641426839 -269811.58116316004
-193759.91630267646 55950.22144793677 55950.22144793677 -251031.8504347765
-87250.78667428326 29800.824639204948 29800.824639204948 -101566.88304199484
-83977.26692209434 25839.46517843552 25839.46517843552 -93229.44017561601
-216062.54488233026 59260.3070722853 59260.3070722853 -288184.18510879594
-219134.18790119456 60233.43987268253 60233.43987268253 -288041.0606223806
-78825.03580483906 26102.216502745337 26102.216502745337 -84594.79704439484
-83617.59010843548 24827.35386551637 24827.35386551637 -85802.30930087205
-234154.6803825766 69920.10162118479 69920.10162118479 -325789.54344874277
-225595.865641887 68485.99992993282 68485.99992993282 -305343.77161840827
-68119.41718152467 20057.17089006563 20057.17089006563 -68609.79689718511
-62849.4730572099 16619.296188964436 16619.296188964436 -59106.18937785271
-237128.0248782107 65184.7777468728 65184.7777468728 -324835.8150398519
-237563.64217335975 76127.24916123916 76127.24916123916 -302585.65876972297
-38246.32279443284 11346.29782756997 11346.29782756997 -39042.47699557577
-38258.65454903544 11410.569466258807 11410.569466258807 -39728.05883262208
-198633.6225789782 44177.67307874472 44177.67307874472 -245346.71614802236
-178756.54024189312 34682.04661957211 34682.04661957211 -216584.45146375016
-28932.541953111464 10022.769970057008 10022.769970057008 -31170.99446284896
-4723.09612952598 1226.9424468658233 1226.9424468658233 -5456.340939764722
-116212.53489046035 33135.27284458166 33135.27284458166 -133632.21337389693
-107590.34382337666 30600.55043456567 30600.55043456567 -126344.94306966978
-111023.11580414727 31508.97601862596 31508.97601862596 -121466.97198723193
-101834.14134181166 28759.40061252397 28759.40061252397 -114014.30947713488
-107017.54010477671 30500.176484541433 30500.176484541433 -132235.8928641573
-117041.35413105365 33531.0440835574 33531.0440835574 -138966.63790760556
-93811.22564777176 26924.2980104156 26924.2980104156 -110984.80791954708
-103886.8423047918 29552.85593717104 29552.85593717104 -117342.28769595333
-114327.57877306912 31937.332696971036 31937.332696971036 -133643.25913787508
-128131.26985674545 36391.010941583816 36391.010941583816 -142854.56892296224
-98488.79459093811 27819.77582368707 27819.77582368707 -108872.72788466005
-111826.10390199356 31567.997033743428 31567.997033743428 -118175.75771418506
-124123.70798730338 34651.42326847771 34651.42326847771 -133024.94409593072
-135781.48114836222 38154.90049787848 38154.90049787848 -140604.15418965855
-108779.94486320812 30054.44104021359 30054.44104021359 -108330.23457786349
-120282.48449253825 33284.038115923184 33284.038115923184 -115972.75295463593
-131950.74203749865 35855.767421226905 35855.767421226905 -128144.4767471668
-144466.49499368668 39053.1099296492 39053.1099296492 -135796.93221144498
-115920.5962595837 30587.498503144117 30587.498503144117 -103286.93552171318
-128187.48686507189 33739.26276133098 33739.26276133098 -111048.76293211916
-139926.54496469666 35431.82940713153 35431.82940713153 -121288.7424435765
-153734.3585074921 39217.023720018115 39217.023720018115 -129409.92416053152
-121742.03071353472 29010.63297163049 29010.63297163049 -95941.18116427369
-135203.7602357022 32619.688171793954 32619.688171793954 -104335.33546398267
-142732.64851704575 31052.946137430125 31052.946137430125 -107646.42909448894
-155145.045332904 33909.82328739797 33909.82328739797 -114936.98209467439
-126502.65674308543 25692.945629244117 25692.945629244117 -88278.7849330625
-138441.49522482706 28535.40452369127 28535.40452369127 -95598.53752763361
-138848.45638059458 21397.792016678577 21397.792016678577 -91562.36128625883
-137475.68047021204 22177.58805635685 22177.58805635685 -91832.4074493162
-130532.05768926383 20265.601671172248 20265.601671172248 -83160.55367701738
-129060.66271337794 20876.887495347022 20876.887495347022 -83402.4076434663
-123503.35199283397 11185.383883921448 11185.383883921448 -76120.44144818168
-107660.39028363928 9837.23060346815 9837.23060346815 -68520.65484508433
-124595.06410906458 15295.790277244523 15295.790277244523 -78282.43170810211
-108539.5033616334 13836.02980506789 13836.02980506789 -70883.5066668808
-99855.64329884063 -6472.08739951206 -6472.08739951206 -84462.81146555279
-48255.876321548014 -3076.0376831539897 -3076.0376831539897 -55660.95260429277
-102923.55312542152 9461.386818670391 9461.386818670391 -76328.49732246767
-48971.32558149384 7918.183842159431 7918.183842159431 -51219.33606296056
-109812.95590427128 31352.377328982555 31352.377328982555 -115941.52465135227
-110485.71442927458 31420.36236888665 31420.36236888665 -116061.34993922802
-102478.01568930602 29521.82890376333 29521.82890376333 -104095.49459547485
-103006.79157539943 29750.005643096338 29750.005643096338 -104381.00951202631
-103032.75181340541 28962.097071768316 28962.097071768316 -111328.3182090159
-117384.09021874877 33488.2512245461 33488.2512245461 -122781.50758021233
-91641.43513029338 25645.235780928422 25645.235780928422 -96400.04625895753
-106643.81246588616 30057.244940790813 30057.244940790813 -107182.85753621494
-113794.58904589589 30582.950056393427 30582.950056393427 -111815.25821241083
-125133.80510162406 33279.687866251945 33279.687866251945 -118548.03402699827
-104159.28728951969 27088.397209767 27088.397209767 -96109.69817702702
-115316.47652246286 29641.150736008876 29641.150736008876 -103025.05735699898
-122693.43543168395 30050.533123679706 30050.533123679706 -106790.81684013782
-132975.11855305365 32561.507060919554 32561.507060919554 -113071.21791456574
-112703.56843900899 26270.153552468135 26270.153552468135 -91809.8960716686
-122488.76898397366 28512.546880629794 28512.546880629794 -98254.7767209722
-128358.76525109506 28288.352446013945 28288.352446013945 -100060.24486309093
-139703.24917288264 30826.326990496415 30826.326990496415 -106842.37520283613
-118016.32496220579 24575.46858259709 24575.46858259709 -86803.0869224397
-129056.34276633782 26958.456350073193 26958.456350073193 -93435.29461015169
-132664.3380584848 24654.49730319416 24654.49730319416 -91619.09514648061
-141950.43959016423 26684.472406984438 26684.472406984438 -97216.73241998092
-123984.32110549997 21785.851300711925 21785.851300711925 -81788.27203760826
-133004.0019154897 23592.35021997011 23592.35021997011 -87234.84681240754
-133795.83010072738 18252.05832476904 18252.05832476904 -82723.99200734684
-136237.14031496746 19118.51064874453 19118.51064874453 -84370.4834726289
-128294.84959416064 17056.57779603458 17056.57779603458 -77685.21607243632
-130736.98889963316 18011.39525633423 18011.39525633423 -79440.4381333439
-130241.8360436444 9307.753864608374 9307.753864608374 -75409.67499784562
-120961.92661278119 9320.149507942253 9320.149507942253 -71286.54109758261
-128247.8534344903 10874.108341421017 10874.108341421017 -74069.67043736303
-118834.02733375244 10902.790146596759 10902.790146596759 -70087.81808078327
-117300.93471179223 -773.5037494686286 -773.5037494686286 -70169.63440648628
-95862.22396929539 -863.367941988565 -863.367941988565 -58496.65591802202
-117810.24624033114 4692.005899687443 4692.005899687443 -71178.93377246935
-96445.03826206455 4208.714681041733 4208.714681041733 -59688.64867185738
-90311.2160473245 -10372.112798398395 -10372.112798398395 -69783.12219832925
-48490.593313440455 -7218.574106475071 -7218.574106475071 -49950.99158943865
-92708.77949364427 1538.4184967091126 1538.4184967091126 -69425.82731175209
-46366.49260579066 1054.8993624986772 1054.8993624986772 -50004.68907197284
-100408.93908339388 28897.322632138174 28897.322632138174 -98722.5757587883
-109702.80584322763 31643.36757173558 31643.36757173558 -105606.68808846164
-93241.30779400919 26776.339815638697 26776.339815638697 -89668.44264772709
-102302.50870649831 29465.4953205423 29465.4953205423 -96563.79700862078
-100123.71843932335 27261.268984029128 27261.268984029128 -97456.51381278898
-114505.90613827105 30187.553044062188 30187.553044062188 -105931.95165943737
-92865.80594858754 24463.13960636886 24463.13960636886 -86244.81036362781
-107405.38776820454 27091.16660296975 27091.16660296975 -94600.91705725927
-112862.48131712039 26124.027107487243 26124.027107487243 -93882.91380313493
-122455.27486792624 27986.155987887578 27986.155987887578 -99722.31035250556
-105861.13008292158 23502.027486123025 23502.027486123025 -84160.67954497779
-115400.33344075804 25324.81538123982 25324.81538123982 -90238.76508671677
-118943.26746873456 24339.398237769463 24339.398237769463 -89146.76080321193
-128481.88154808516 26090.503290166547 26090.503290166547 -94907.49595505667
-112834.28940850409 21761.863190541277 21761.863190541277 -80800.20948102779
-122149.86891721055 23474.900786447637 23474.900786447637 -86602.11036063633
-123949.26631207253 21478.342016886294 21478.342016886294 -83667.4818434637
-132204.06292274507 22893.427980807435 22893.427980807435 -88375.15511478664
-118443.27029118112 19361.46838185488 19361.46838185488 -77383.95972153489
-126635.73271594083 20743.74739280587 20743.74739280587 -81941.60229214632
-126590.55404954754 16671.003743670968 16671.003743670968 -77536.2138066157
-131282.61615977783 17472.36667458537 17472.36667458537 -80345.96440579365
-122634.03262950224 15496.250080766275 15496.250080766275 -73657.26573267284
-127324.5624113449 16264.64709827385 16264.64709827385 -76400.2916576588
-126762.3115284672 10143.714779071906 10143.714779071906 -71826.22096255128
-124679.18004643348 10352.165897331142 10352.165897331142 -71010.81718414389
-124941.97908194273 10352.723157641103 10352.723157641103 -70512.71589970725
-122888.1662637911 10574.861600436974 10574.861600436974 -69730.84001616259
-121053.19069039893 1725.8480317646586 1725.8480317646586 -67610.73830483746
-109641.69367978102 1482.3279331933154 1482.3279331933154 -62243.01738604735
-121263.50090719486 4146.498463799888 4146.498463799888 -67793.07798023413
-109759.18591325145 3905.8580791139716 3905.8580791139716 -62428.001158479055
-110038.99545960153 -6033.612356546808 -6033.612356546808 -66497.13662114296
-88205.55221481173 -6168.813304639329 -6168.813304639329 -55170.205137753066
-111547.4224704352 -958.0357119260838 -958.0357119260838 -67013.90292346472
-90043.06417306374 -1327.2997864108709 -1327.2997864108709 -55412.91536671146
-88036.11507775486 -9171.379799839538 -9171.379799839538 -68500.58471107273
-57100.85066007369 -7826.150367348719 -7826.150367348719 -55099.42839179446
-88239.0912832159 -681.0005915452332 -681.0005915452332 -65765.01529641025
-56015.82171005244 -207.8395193774923 -207.8395193774923 -52076.08681242853
-90168.73543903278 25651.68136123205 25651.68136123205 -85597.72258692235
-104734.99694730893 29986.908537994925 29986.908537994925 -96901.00622662484
-84241.2939574775 23635.971257997342 23635.971257997342 -78609.49576075305
-98078.73076677292 27728.867831184405 27728.867831184405 -90287.91018248643
-99342.03764969921 23834.625809329573 23834.625809329573 -84979.6956558738
-111491.08045794221 25795.499238099525 25795.499238099525 -91899.24566507878
-94752.68615426189 21800.340083924217 21800.340083924217 -78050.37865380324
-106582.12692604077 23745.956801801207 23745.956801801207 -85077.32001439463
-109101.46706658805 22028.58056657092 22028.58056657092 -82039.2516912329
-118559.90236890248 23546.61298054576 23546.61298054576 -87520.77292948018
-105175.1821974206 20288.598818779974 20288.598818779974 -76506.01170526024
-114522.93849241464 21542.811548674013 21542.811548674013 -81981.41595196827
-115535.31540597146 19603.155249612217 19603.155249612217 -78478.80639053762
-123037.05832719518 20621.39050323215 20621.39050323215 -82716.09564060086
-112206.27162796177 18005.191030198228 18005.191030198228 -74048.3098712421
-119564.13471574962 18955.296855182412 18955.296855182412 -78320.41421575012
-119364.88501817975 15663.599148776604 15663.599148776604 -73826.86787460209
-124898.62451186232 16371.514189206315 16371.514189206315 -76817.67991738912
-116741.21661741707 14533.049017500492 14533.049017500492 -71109.98034966929
-122277.44354509962 15259.903616705411 15259.903616705411 -74088.96519024431
-120654.85481587487 10835.202266214903 10835.202266214903 -69220.32013639364
-122758.11430034398 11047.119049160985 11047.119049160985 -70288.7788255209
-119639.78859303292 10395.653717132514 10395.653717132514 -68241.99610603918
-121753.40581442932 10638.378526653229 10638.378526653229 -69300.39084604499
-119247.257966927 4379.925915108377 4379.925915108377 -65615.72417685446
-115342.61545638848 4240.6575941692445 4240.6575941692445 -63685.42753602195
-119397.4492097042 5156.758348698299 5156.758348698299 -65788.74175211292
-115494.05844115191 4983.295442271559 4983.295442271559 -63934.14595899619
-113418.03121921931 -2552.04730185491 -2552.04730185491 -63809.61916277407
-102131.3794824822 -2732.706059846245 -2732.706059846245 -58141.73096879517
-114592.35807868374 46.28814846492542 46.28814846492542 -64445.248256382256
-103082.22918039351 -357.5402372703885 -357.5402372703885 -58817.01620043357
-105358.91953733192 -7183.785160333688 -7183.785160333688 -64674.89292064368
-87012.1992937919 -7074.652851620192 -7074.652851620192 -55329.8746593687
-106568.12343090112 -3133.132532139791 -3133.132532139791 -64483.55013229007
-88088.60760752638 -3506.5500469060917 -3506.5500469060917 -54796.172507207215
-88582.51280918407 -7418.380235552596 -7418.380235552596 -65851.574320954
-66774.859376976 -7129.392665915868 -7129.392665915868 -56192.24571074056
-88145.1401383894 -1427.8985708907026 -1427.8985708907026 -63545.76670018711
-66339.19409713268 -984.620811998285 -984.620811998285 -53564.929949808284
-81216.39065128498 22463.341511844883 22463.341511844883 -75427.9815600158
-98684.30431654412 27219.697854580205 27219.697854580205 -88824.92344655287
-76953.48722906958 21074.791313188136 21074.791313188136 -71627.68256115138
-94640.74689483385 24979.88526233272 24979.88526233272 -84016.1617246621
-97692.51024053157 20910.797983423363 20910.797983423363 -76785.70111790557
-107664.84142431527 22300.94936573015 22300.94936573015 -82707.67154250234
-94775.36863694007 19567.669227809758 19567.669227809758 -72742.78668176026
-104994.75232849577 20890.558714464263 20890.558714464263 -78697.37851096253
-106037.5322923023 18756.7921753829 18756.7921753829 -74135.14630196145
-113911.27232206576 19646.555296689832 19646.555296689832 -78640.4428648782
-104190.9115483477 17468.192086985397 17468.192086985397 -71356.39075463438
-112147.7128573705 18301.890885276764 18301.890885276764 -75847.65496896581
-111500.39295050483 15350.080235389098 15350.080235389098 -71053.37414531912
-117627.5884340542 15922.996380898905 15922.996380898905 -74230.10185602706
-109989.0942825188 14245.378941989187 14245.378941989187 -69060.26091147642
-116074.61285992869 14850.14901793447 14850.14901793447 -72285.35168302727
-114196.39349860957 11260.631281597674 11260.631281597674 -67519.648122327
-118220.79362345263 11538.146869418655 11538.146869418655 -69584.2809973846
-113603.5282727239 10581.718085078743 10581.718085078743 -66706.87643203542
-117679.68479024766 10874.447485454239 10874.447485454239 -68688.47643469158
-115163.1860066461 6260.95830202773 6260.95830202773 -64375.4561049877
-115510.43118994197 6238.989419646023 6238.989419646023 -64520.06426533823
-115444.09155302719 6260.406841494218 6260.406841494218 -64570.01072216106
-115757.55406809443 6224.067699470823 6224.067699470823 -64722.91438035993
-112613.57909644864 716.1786584199208 716.1786584199208 -62188.72144099471
-107949.83080459961 367.6489995673677 367.6489995673677 -59887.263849842646
-113956.22241622492 1623.9759152204456 1623.9759152204456 -63220.48438370274
-109294.36688382272 1256.1630945990469 1256.1630945990469 -60922.195831971665
-108154.62301803767 -4171.881187767781 -4171.881187767781 -61916.014549552005
-98124.48038778282 -4411.60883161405 -4411.60883161405 -56593.52846981544
-109690.03871015614 -2252.6916519347105 -2252.6916519347105 -62879.44364070171
-99903.23304913676 -2562.7541960198805 -2562.7541960198805 -57520.40130119253
-102036.06724904936 -6905.154490977272 -6905.154490977272 -63088.60251398233
-88025.41992088815 -6815.311043204536 -6815.311043204536 -55820.85051566393
-102806.67303140018 -3827.4330797916423 -3827.4330797916423 -62692.38533224185
-88524.01880067469 -4032.6277555701226 -4032.6277555701226 -55328.92300796475
-90794.98618640561 -5945.668322671943 -5945.668322671943 -64474.40945229718
-76342.53671446053 -5593.4780702017815 -5593.4780702017815 -57406.42341840485
-89653.42853223575 -1753.793335899675 -1753.793335899675 -61965.87980927241
-75173.11431788669 -1216.6307632628107 -1216.6307632628107 -54865.16296773515
-74986.74247819695 20507.412683347116 20507.412683347116 -69779.54943970629
-93802.45674646794 24087.623064060266 24087.623064060266 -81353.98787134897
-72606.96153176394 19525.719898376337 19525.719898376337 -67647.4340856515
-92409.50907304353 22779.496731787425 22779.496731787425 -78822.25637477008
-94043.84501734353 18588.03515785269 18588.03515785269 -70688.64474427703
-103487.03305058983 19665.147450722925 19665.147450722925 -75793.1615222324
-93202.96950173742 17613.81374975571 17613.81374975571 -68759.26735056736
-102656.37716823097 18588.066776325595 18588.066776325595 -73908.23659997593
-102577.68653963707 15544.718895303198 15544.718895303198 -68612.93476438735
-109459.22122658385 16127.419186534102 16127.419186534102 -72374.36050309845
-101932.45974811645 14525.898748653159 14525.898748653159 -67278.03236712897
-108844.85546747588 15046.80031396016 15046.80031396016 -71021.27762600782
-106774.14316585548 11846.845205887836 11846.845205887836 -65947.0158598392
-112150.67331729278 12235.899030999413 12235.899030999413 -68678.51442196056
-106554.44883509263 11075.770454155423 11075.770454155423 -65323.27392736564
-111926.11254071849 11424.454667549619 11424.454667549619 -68120.18730977837
-109616.95860288758 7789.480797865572 7789.480797865572 -63433.03455831736
-112438.23609491235 7786.009589376209 7786.009589376209 -64744.22682811211
-110200.5221459262 7431.87121426274 7431.87121426274 -63681.63922099787
-112994.6620016784 7422.121280615149 7422.121280615149 -65017.34851618292
-109540.61687616979 3177.2051518735366 3177.2051518735366 -61366.895070593455
-109066.12334601104 2859.848225774871 2859.848225774871 -61129.04469284043
-110824.70064623296 3359.8114146758335 3359.8114146758335 -62386.19910230121
-110355.21267575453 3033.5838739456613 3033.5838739456613 -62108.85928689252
-107598.7283510514 -1393.1580199108957 -1393.1580199108957 -60248.4147808783
-102855.88102849392 -1872.8477470066202 -1872.8477470066202 -58002.381992557726
-109525.42422416902 -366.1313454560253 -366.1313454560253 -61651.73733485728
-104670.90745535806 -942.9573901083281 -942.9573901083281 -59345.934925156915
-104646.43128392406 -4635.238524447288 -4635.238524447288 -60597.281812899535
-96473.26986253302 -4921.809927190828 -4921.809927190828 -56329.93707188223
-106285.58272667279 -3182.2601083975387 -3182.2601083975387 -61651.535352266874
-98260.26157862374 -3525.900822675312 -3525.900822675312 -57328.39028365931
-100164.88873121727 -6141.747284439642 -6141.747284439642 -61942.77056665533
-90241.60841975511 -6092.186868079736 -6092.186868079736 -56795.26467785007
-100384.76107180356 -3916.771099442088 -3916.771099442088 -61402.23594528556
-90354.18582123559 -3966.535708233176 -3966.535708233176 -56211.0760304064
-93365.0707443447 -4517.973633373233 -4517.973633373233 -63364.743531430344
-84405.46452029521 -4006.6061434630274 -4006.6061434630274 -58457.90720968236
-91677.0754345469 -1781.2003513116294 -1781.2003513116294 -60865.487000247864
-82766.68823598424 -1199.823185103544 -1199.823185103544 -55926.70204235899
-70852.51731557153 18600.23320793712 18600.23320793712 -65830.49137085082
-89728.5848640081 21388.374381714333 21388.374381714333 -76026.87860542088
-69997.96807988506 17712.234203687898 17712.234203687898 -64154.42573801758
-89011.1497260785 20374.114092181208 20374.114092181208 -74529.63453873339
-90259.01095305997 16407.373413462643 16407.373413462643 -66126.78931984046
-99141.32785531199 17089.997039272563 17089.997039272563 -70692.84051990173
-90537.8423590088 15416.183806233927 15416.183806233927 -65457.098122555915
-99351.54993281714 16009.85689581884 16009.85689581884 -70070.78876313695
-98123.1184123558 13015.234681444446 13015.234681444446 -64313.57035598126
-104773.54837022397 13221.29187942615 13221.29187942615 -67736.38494819924
-98673.61702857325 12102.565970698546 12102.565970698546 -64111.60839647059
-105292.43754189138 12281.604836809085 12281.604836809085 -67568.64915458753
-102279.85705433566 9250.314233796118 9250.314233796118 -62473.342484489775
-106981.44590556546 9333.041556661989 9333.041556661989 -64759.606807928605
-103198.2322003927 8634.765564984467 8634.765564984467 -62894.5634440522
-107914.49251720587 8696.295684858349 8696.295684858349 -65187.8823433742
-104991.99299878492 5239.527852791609 5239.527852791609 -60794.71154101813
-106955.70099076878 5014.45115370764 5014.45115370764 -61722.1126371153
-106371.51996443351 5011.237568380886 5011.237568380886 -61810.5429903287
-108296.02261932674 4758.503272656479 4758.503272656479 -62766.68262469025
-104869.05757311128 1165.4393677525904 1165.4393677525904 -59443.63150903056
-104007.10326988983 714.902458539415 714.902458539415 -58937.31736875818
-106781.09583970658 1464.0393449437906 1464.0393449437906 -61031.560012522
-105913.41741536913 963.4189597376164 963.4189597376164 -60526.56764337558
-103740.33410759945 -2346.6489205420567 -2346.6489205420567 -59227.84516464663
-99929.47247212683 -2804.3982176414866 -2804.3982176414866 -57178.66939168788
-105804.70189929685 -1557.5687652950724 -1557.5687652950724 -60679.06790737083
-102004.24979267218 -2066.1289681800295 -2066.1289681800295 -58602.32931408241
-101977.37914246577 -4570.120959451408 -4570.120959451408 -59741.78996269801
-96212.29654442349 -4793.387340993926 -4793.387340993926 -56736.55118949084
-103236.58831616318 -3489.3779510626587 -3489.3779510626587 -60552.91679634689
-97467.66176703805 -3771.2483275545774 -3771.2483275545774 -57537.82255551866
-99400.74189905231 -5163.214166762895 -5163.214166762895 -61034.525432683666
-93047.43339706962 -5127.854978436695 -5127.854978436695 -57784.36135448009
-99187.03688068953 -3669.525086089044 -3669.525086089044 -60460.7122206991
-92858.04813612536 -3633.1508539360916 -3633.1508539360916 -57197.284118590076
-95853.03235914365 -3225.1922018069345 -3225.1922018069345 -62336.86114254841
-90759.64920498226 -2625.6778040547833 -2625.6778040547833 -59530.438994249685
-93939.06747300466 -1716.6596296148132 -1716.6596296148132 -60106.92379172857
-88790.5047025705 -1133.067184055481 -1133.067184055481 -57298.926493529485
-68499.58434441753 16762.6749511968 16762.6749511968 -62834.914222563864
-85330.99589237734 19208.745223206704 19208.745223206704 -71888.45951153038
-67845.43172421555 15660.604562638096 15660.604562638096 -62192.08024658809
-84915.76500284004 18117.75411379904 18117.75411379904 -71212.1064611418
-86273.56698529038 14218.968593573522 14218.968593573522 -62863.13555332819
-94746.54701311604 14646.605337213912 14646.605337213912 -67088.37342020414
-87110.31277667958 13290.299210469577 13290.299210469577 -63009.18467743575
-95723.6141452352 13639.780829179645 13639.780829179645 -67248.48481292537
-93964.83945543107 10861.174078114309 10861.174078114309 -61286.4824246453
-100144.24216791814 10893.121743596872 10893.121743596872 -64386.94592966311
-95218.28585155099 10069.469309165954 10069.469309165954 -61889.073512703515
-101390.87957406812 10081.849424922251 10081.849424922251 -65018.40915733222
-98125.82841079072 7284.140423690029 7284.140423690029 -59840.316876079196
-102147.57856954049 7033.680276715253 7033.680276715253 -61805.286344025415
-99872.58928678535 6729.468207983076 6729.468207983076 -61009.841989101646
-103943.67267569648 6430.927079927749 6430.927079927749 -62958.915108727364
-100469.09811291168 3545.8796783424505 3545.8796783424505 -58654.33331900381
-102147.86588249948 3077.7088934260396 3077.7088934260396 -59473.04307061781
-102620.4039115539 3371.872060805321 3371.872060805321 -60275.65543779407
-104328.95739480769 2866.399847132937 2866.399847132937 -61110.362535927154
-100994.8617087782 91.62946446904918 91.62946446904918 -58152.86298165521
-100444.6904050198 -475.6596326392437 -475.6596326392437 -57777.48628192306
-103229.54920468095 306.1151372461929 306.1151372461929 -59775.326607163166
-102660.9800143339 -302.1158623810712 -302.1158623810712 -59427.01613674947
-100823.39077637122 -2591.529166801433 -2591.529166801433 -58338.52004729415
-98476.78473674528 -2977.1017304571087 -2977.1017304571087 -57060.33403661285
-102460.92573354935 -2142.1394257411675 -2142.1394257411675 -59576.182762983815
-100097.9852266258 -2558.6943781571335 -2558.6943781571335 -58313.26662052188
-100159.98172309385 -4072.0158578554033 -4072.0158578554033 -59207.89267701899
-96638.96736583498 -4233.557803701953 -4233.557803701953 -57340.62908451302
-100953.10475041116 -3392.801144551094 -3392.801144551094 -59720.475200278684
-97432.25231462938 -3576.1302268242925 -3576.1302268242925 -57852.357895147696
-99237.72567003948 -4073.223085624195 -4073.223085624195 -60375.30246062704
-95852.84651932522 -3967.04484553591 -3967.04484553591 -58561.334954336
-98796.53907535621 -3225.040302094287 -3225.040302094287 -59735.37022748915
-95378.00222824057 -3136.4921172718273 -3136.4921172718273 -57946.550595575805
-97958.00996062395 -2213.517229183801 -2213.517229183801 -61394.2798058591
-95657.97101295817 -1708.4828546886056 -1708.4828546886056 -60188.303436741764
-96140.16077354603 -1567.7367792907435 -1567.7367792907435 -59492.73269021559
-93811.91404220906 -1021.7512510934419 -1021.7512510934419 -58287.61175890699
-66272.65465459322 14711.993565687611 14711.993565687611 -61472.33302484302
-80972.8452872052 16649.36124084011 16649.36124084011 -68893.43107622743
-65868.43440448256 13608.191149688228 13608.191149688228 -61514.709118064035
-81054.38607827606 15186.443944039169 15186.443944039169 -69054.49089340007
-82292.09454866283 12303.459834250047 12303.459834250047 -60669.990916737384
-90703.01239075765 12439.734949336835 12439.734949336835 -64532.129801539966
-83578.7815634893 11299.656691012231 11299.656691012231 -61603.181605593054
-92177.09169919461 11447.696627503872 11447.696627503872 -65399.84333862777
-90065.55475982939 9014.28275114434 9014.28275114434 -59332.06676737018
-95878.32843731939 8881.613264892887 8881.613264892887 -62028.724923464455
-91698.32875579948 8247.450256670516 8247.450256670516 -60507.590761355474
-97414.99225139753 8066.636667438566 8066.636667438566 -63297.6744942891
-94402.0881306102 5695.990551003667 5695.990551003667 -58130.15891473828
-98000.56688522293 5285.851406591752 5285.851406591752 -59863.07959148407
-96421.19577756475 5231.380215927983 5231.380215927983 -59652.56412000456
-100041.09179582953 4782.873213423973 4782.873213423973 -61412.71067465139
-96818.20325428904 2460.1279946458085 2460.1279946458085 -57374.887971272
-98642.7985130758 1961.9675252264528 1961.9675252264528 -58258.577934102774
-98977.19647168145 2174.886113529413 2174.886113529413 -59033.4705829086
-100845.71564809865 1586.4515997179155 1586.4515997179155 -59995.60863884134
-97881.69176324877 -317.90335247774465 -317.90335247774465 -57260.04660918321
-98212.5141194315 -855.6655908358176 -855.6655908358176 -57429.36105088136
-99779.76576671553 -457.02012925668566 -457.02012925668566 -58795.212235509054
-100110.19177906425 -1005.0857957759396 -1005.0857957759396 -58994.747846672246
-98440.89843512245 -2393.268828313679 -2393.268828313679 -57797.71281844261
-97594.45718639366 -2713.1226084186287 -2713.1226084186287 -57346.92031016205
-99781.99919455232 -2252.852978869479 -2252.852978869479 -58876.29839130354
-98948.32122753334 -2582.470002646315 -2582.470002646315 -58424.408911756596
-99068.81051415403 -3339.252642636345 -3339.252642636345 -58782.98551745275
-97459.20905480594 -3443.7001147744804 -3443.7001147744804 -57948.003481786865
-99510.2622855573 -2998.367141074397 -2998.367141074397 -59101.088921613795
-97932.6731772741 -3105.3202757339704 -3105.3202757339704 -58246.83172186452
-99444.21356698302 -3005.9271388746565 -3005.9271388746565 -59848.10405575159
-98192.5694287086 -2844.5517150829373 -2844.5517150829373 -59204.45060213765
-98820.78209292045 -2679.0584635266846 -2679.0584635266846 -59210.724161445265
-97569.73717112311 -2508.8344688445227 -2508.8344688445227 -58564.1403420606
-99636.7924414108 -1459.5656429320281 -1459.5656429320281 -60706.31403762895
-99413.24835481733 -950.1652739916734 -950.1652739916734 -60589.76929773671
-97981.11427931357 -1353.1416420270752 -1353.1416420270752 -59074.82408390434
-97765.82831366711 -842.737807168345 -842.737807168345 -58949.393357015884
-64689.52244808666 12420.894954459454 12420.894954459454 -61240.42500742752
-77038.60342751259 13586.720190514015 13586.720190514015 -67030.25940924589
-65122.96863424967 11216.701114325206 11216.701114325206 -61878.00061384511
-77890.48380123547 11923.993219047756 11923.993219047756 -67474.71061884657
-78780.3366093548 10324.992741968716 10324.992741968716 -59574.03615395618
-86871.80553771651 10261.747542601981 10261.747542601981 -63228.78695726816
-80624.49382020917 9296.498977347139 9296.498977347139 -60987.18362759546
-88680.84351582114 9070.507796967277 9070.507796967277 -64587.404251880325
-86592.96311006871 7359.848824389873 7359.848824389873 -58212.17369447792
-92065.77704461722 7132.138025819522 7132.138025819522 -60830.910872531604
-88449.58253979874 6601.828138051789 6601.828138051789 -59781.363476443694
-94036.42034919854 6177.6136663912075 6177.6136663912075 -62443.5526484132
-91216.39501790635 4445.23820917981 4445.23820917981 -57252.94674193259
-94814.19095803844 4106.218414357301 4106.218414357301 -59007.16068213097
-92948.10449417423 3767.7872765345164 3767.7872765345164 -58824.875109412824
-96593.73060238949 3284.005532150275 3284.005532150275 -60679.437022164384
-93800.09649869226 1770.3104037595358 1770.3104037595358 -56686.85080420287
-96125.98970082891 1347.7781977456957 1347.7781977456957 -57848.09964627438
-95432.21301911706 1215.1741949356174 1215.1741949356174 -58224.51843514198
-97756.55983388942 758.577039096639 758.577039096639 -59416.79789591977
-95456.04341579476 -407.1951517703693 -407.1951517703693 -56735.7176542892
-96640.51012500317 -844.418982909493 -844.418982909493 -57383.74369277471
-96969.33538916043 -773.504797410671 -773.504797410671 -58102.42675319429
-98222.04228805359 -1215.388275662619 -1215.388275662619 -58739.16591245017
-96755.24545603132 -1840.6156806672545 -1840.6156806672545 -57380.924960759134
-97249.71413520318 -2164.0584303992264 -2164.0584303992264 -57704.01579103853
-97889.24995417992 -2018.0067740152383 -2018.0067740152383 -58327.850377919596
-98383.75780809548 -2327.1234286515923 -2327.1234286515923 -58632.03618904718
-98288.83839792862 -2419.5760893404095 -2419.5760893404095 -58500.04012949949
-98386.05551363472 -2497.251351347877 -2497.251351347877 -58540.0507696974
-98600.29170564837 -2448.117472202717 -2448.117472202717 -58748.002884764945
-98702.32162607092 -2528.3512076435536 -2528.3512076435536 -58790.830141904975
-99713.55904513018 -2030.3585334857612 -2030.3585334857612 -59546.2541865039
-100098.42737451445 -1847.223846780479 -1847.223846780479 -59764.59120822933
-99046.50161140894 -2110.0410344567845 -2110.0410344567845 -58969.50878035087
-99428.75442900322 -1924.8671769856005 -1924.8671769856005 -59196.52246376895
-100889.24858076785 -827.2921199665602 -827.2921199665602 -60240.32376386926
-102120.29043674421 -370.9662440082317 -370.9662440082317 -60939.12645778509
-99301.07874753706 -1109.287324521573 -1109.287324521573 -58926.554984646
-100556.29662763314 -655.998275179968 -655.998275179968 -59614.58190928645
-64341.50298190106 10028.070232187638 10028.070232187638 -61976.783894357126
-74361.55601075494 10446.928265776703 10446.928265776703 -66107.86578226088
-64750.25750722961 8373.338247183838 8373.338247183838 -63058.37660131422
-75263.20912764058 8503.504561702812 8503.504561702812 -66940.48893636862
-76348.63355857324 8341.737803073436 8341.737803073436 -59421.68470840909
-83929.40195978721 8097.7371456190685 8097.7371456190685 -62915.941195238
-77736.87258888283 6880.499599545287 6880.499599545287 -60869.85945771801
-85407.13512055307 6470.093092205349 6470.093092205349 -64380.2616987828
-83829.85904857778 5882.706680459203 5882.706680459203 -57850.472244572025
-89273.84911218646 5516.032622389456 5516.032622389456 -60621.9452154653
-85415.15076420673 4603.878895867976 4603.878895867976 -59276.572487466095
-90934.21871032016 4175.058167298694 4175.058167298694 -62080.51239987952
-88348.38248980424 3408.9269925771046 3408.9269925771046 -56927.47878466161
-92368.25466136387 3076.146540449729 3076.146540449729 -58973.969147133896
-89702.0671397619 2413.1906826182358 2413.1906826182358 -58236.475227472016
-93784.74951304392 2014.1957852550436 2014.1957852550436 -60349.822434304915
-91409.04540284265 1295.9797619118926 1295.9797619118926 -56582.22093771614
-94231.07566690164 932.5573065114304 932.5573065114304 -58110.021959914426
-92669.69101648375 519.1764966935193 519.1764966935193 -57771.67231782635
-95491.29196988228 166.8694600427542 166.8694600427542 -59312.017340841434
-93780.42618328093 -304.2178332945025 -304.2178332945025 -56812.55124132656
-95689.9370833455 -615.2448636964043 -615.2448636964043 -57829.7218053134
-94813.79209185438 -845.6322231961929 -845.6322231961929 -57802.11674987564
-96717.28066631067 -1154.6982564714224 -1154.6982564714224 -58838.82772971532
-95822.05077606234 -1225.6846049574874 -1225.6846049574874 -57418.62539472472
-97303.9823401565 -1433.894611930839 -1433.894611930839 -58182.00624281497
-96548.17508711739 -1648.0791046673517 -1648.0791046673517 -58146.8481429275
-98039.6194743962 -1847.246437492591 -1847.246437492591 -58909.58770041373
-97860.0304937288 -1449.1755856311443 -1449.1755856311443 -58322.322005444075
-99223.41378940933 -1516.1645254532941 -1516.1645254532941 -59097.31541173439
-98107.90234768654 -1826.3103539494446 -1826.3103539494446 -58555.70202596469
-99472.20526571809 -1895.3540441711577 -1895.3540441711577 -59332.31841538345
-99821.591709179 -1137.8757322813854 -1137.8757322813854 -59281.635684470086
-101470.33018521732 -981.7776607339924 -981.7776607339924 -60189.740574169045
-99293.28971644367 -1550.1019334334078 -1550.1019334334078 -58868.21119833612
-100964.6665638653 -1411.4156558381392 -1411.4156558381392 -59776.62604495002
-101537.55300563025 -336.42427928364833 -336.42427928364833 -59881.20650464017
-103758.53832463904 -10.42786774238016 -10.42786774238016 -61042.433520145896
-100395.33011465736 -871.6032031753143 -871.6032031753143 -58954.10541703984
-102607.19976319917 -544.5124621371438 -544.5124621371438 -60079.29639395245
-64208.73187663342 6901.33976803364 6901.33976803364 -63430.283399777625
-72762.21745114042 7002.430625569901 7002.430625569901 -66507.05181403726
-64440.62938063172 4806.03610646618 4806.03610646618 -64136.941319118596
-73275.62525873538 4702.903020606044 4702.903020606044 -67258.49876660814
-74685.52214492405 5809.1625651803315 5809.1625651803315 -60164.92395833735
-81945.63448355807 5545.480292681537 5545.480292681537 -63360.11352806077
-75571.64711316874 3846.962984966177 3846.962984966177 -61068.58561070661
-82841.27153744212 3477.313381229481 3477.313381229481 -64314.63095732325
-81804.21149926538 4066.314561295989 4066.314561295989 -58085.934319099426
-87506.37861890487 3805.249086088157 3805.249086088157 -60845.38379923018
-82788.31992408236 2413.9378497594835 2413.9378497594835 -59084.96175731403
-88539.23692599856 2124.2007363091675 2124.2007363091675 -61891.67856394947
-86309.9931784142 2381.0990552757858 2381.0990552757858 -56964.69071404691
-90691.93588544107 2128.6895593399367 2128.6895593399367 -59256.013191961414
-87291.16149858513 1090.9830257402123 1090.9830257402123 -57885.08859757734
-91633.91718615228 830.5294608163708 830.5294608163708 -60208.96842886226
-89895.4768100226 946.3673200995067 946.3673200995067 -56664.97902147761
-93166.94315691532 721.3694739805535 721.3694739805535 -58375.24682284465
-90650.96948979175 25.820069682540165 25.820069682540165 -57502.52615143837
-93913.96919357328 -191.09790110353327 -191.09790110353327 -59239.7176733914
-92649.81797834937 -57.43766735485417 -57.43766735485417 -56998.60708733949
-95191.89175881266 -220.2220008782445 -220.2220008782445 -58276.788589556854
-93328.4785430601 -745.0732684617158 -745.0732684617158 -57657.2071325344
-95858.89847296293 -926.1271723456168 -926.1271723456168 -58961.30648774853
-95230.35261677805 -573.3635039724497 -573.3635039724497 -57652.6509524835
-97419.65504702576 -693.1825573026117 -693.1825573026117 -58759.547960664466
-95687.88989755473 -1157.8276079718148 -1157.8276079718148 -58104.20295656302
-97873.3549017109 -1281.284317254214 -1281.284317254214 -59211.268919396076
-97742.63174422589 -646.1735142702082 -646.1735142702082 -58364.99377328473
-99871.16949129732 -691.7746693654955 -691.7746693654955 -59574.78843709966
-97886.00106039664 -1230.8349837289743 -1230.8349837289743 -58527.25292934369
-100010.77333267682 -1267.0247405367074 -1267.0247405367074 -59727.77592059425
-99814.4808891225 -400.79840113472807 -400.79840113472807 -59061.53015953906
-102264.7090767179 -317.39922651070594 -317.39922651070594 -60413.36737592355
-99533.67974850276 -1039.496244946919 -1039.496244946919 -58877.2795625555
-102019.75465466233 -967.132665312922 -967.132665312922 -60238.237899996915
-101803.12911353684 48.713887926885036 48.713887926885036 -59517.04635649949
-104565.4632874287 231.10905183200236 231.10905183200236 -61030.04827255756
-101237.59647532838 -652.5959134613836 -652.5959134613836 -59005.33392975359
-103975.60527269165 -463.3151278736665 -463.3151278736665 -60491.25546533916
-64164.95865155201 3114.486427645571 3114.486427645571 -64262.778577675606
-72107.78744336688 3181.8453949686564 3181.8453949686564 -67045.01706915388
-64094.8811800348 548.1804833746423 548.1804833746423 -64194.421063489324
-72118.552341785 594.941603637321 594.941603637321 -66929.41354133829
-74160.80007149112 2767.9353950216237 2767.9353950216237 -60810.86612516483
-81018.10354806036 2622.1210469611196 2622.1210469611196 -63755.4536334981
-74370.53542511896 494.80672560242226 494.80672560242226 -61076.00350318273
-81344.19523631125 402.34563982345065 402.34563982345065 -63995.32442878213
-80842.14607804955 1981.6128277028122 1981.6128277028122 -58471.887088151736
-86605.56317363118 1879.064438439069 1879.064438439069 -61280.81352566239
-81250.27053919887 177.13905686093807 177.13905686093807 -58829.91994292697
-86912.04647039718 92.36971876319626 92.36971876319626 -61658.37678793578
-85551.53702985881 1245.8016516318119 1245.8016516318119 -57265.9510529799
-90053.95739863806 1163.293262262369 1163.293262262369 -59692.3047072753
-85986.79582977672 -115.10512378148061 -115.10512378148061 -57653.77303083892
-90492.57306363383 -205.33663161388137 -205.33663161388137 -60064.67168435525
-89148.03129448168 640.9200920931366 640.9200920931366 -56986.6911623951
-92706.2741563528 582.0111753500263 582.0111753500263 -58866.63590730811
-89447.57993203314 -369.8613287820335 -369.8613287820335 -57361.61732060978
-92984.99359966717 -425.5880609893706 -425.5880609893706 -59243.82353282626
-92248.71128468003 255.55963430769845 255.55963430769845 -57277.55888179523
-95040.65115054302 180.45166273075785 180.45166273075785 -58772.5324563146
-92569.8618885468 -519.2927414502424 -519.2927414502424 -57598.98161286066
-95371.90437916266 -592.8368750409554 -592.8368750409554 -59083.84749595751
-95021.0142494274 83.7165933074874 83.7165933074874 -57842.06948031321
-97540.64646367097 19.45414627537364 19.45414627537364 -59176.13713555574
-95254.20431417009 -614.8246271275268 -614.8246271275268 -58075.03679666653
-97787.70899968556 -676.8309147228201 -676.8309147228201 -59418.2101975309
-97659.35936586595 38.736443491097994 38.736443491097994 -58485.99323693159
-100204.12532561722 20.11156791594883 20.11156791594883 -59876.656644623166
-97795.00008659004 -642.2042132832082 -642.2042132832082 -58581.46369370097
-100340.26020618694 -668.9844154070945 -668.9844154070945 -59978.85462643835
-99808.22285777022 153.860076328529 153.860076328529 -58961.81860352818
-102616.38040203953 161.52643077449795 161.52643077449795 -60510.42415402036
-99807.60700785277 -590.4710292076954 -590.4710292076954 -58975.792282295544
-102623.89864590466 -578.358077504735 -578.358077504735 -60536.742449007186
-101838.71080266262 312.4210354301895 312.4210354301895 -59266.867810998236
-104795.71830535243 383.5501444953482 383.5501444953482 -60929.08594125398
-101717.4524393385 -455.0771400499915 -455.0771400499915 -59151.19868312639
-104689.32644566665 -406.509595143869 -406.509595143869 -60801.34797215301
D 640
14733427.998473328 -253762.49430807648 3814192.0029129344 5746928.390053984 -113007.91263991372 16292915.588258602
13481867.420608137 -280256.65733752964 3662310.37451255 5512495.164926604 -108353.16532563655 16197207.393940117
14665250.429904725 -428450.0132921261 3802165.8311676285 5727719.54326057 -218832.2922645112 16241491.978533579
13456889.927632239 -408408.5951133922 3656311.7678387486 5505319.876733588 -176689.61166838525 16210648.48510224
13298401.333143774 -207307.85709820947 3700178.9653257895 5557406.114051652 -114336.57062141635 16445783.512785103
12529666.139228983 -184061.34337296503 3629963.674431108 5436432.857057369 -121888.91179506325 16339789.714271544
13320162.923895996 -409771.418219033 3709272.293625084 5570850.832833437 -209027.7893500507 16492863.010675212
12524535.987552198 -367233.4358473395 3603879.1294892137 5403403.42663473 -256527.3104199774 16258191.34207243
13461368.165611848 -184079.96731529568 3741005.5772911315 5614554.9426176455 -184408.56325971382 16527607.712340182
12744430.933041805 -198042.29649871995 3680135.118287312 5493328.452453812 -191730.33600690484 16159165.114660073
13633903.56430172 -167301.7392137662 3750693.270144742 5615300.036613307 -214565.30822369762 16156844.81110723
12016987.881644025 -212473.09316660106 3542362.02023025 5273605.438833597 -167254.99725377574 15523156.027053094
12556471.29247673 -91639.90021125917 3656721.883223657 5459110.899353904 -141194.42420871192 16177864.939459935
12785737.05708016 -209185.52200187903 3688103.2487503635 5499001.12813985 -221049.7372848652 16056013.740593608
12332439.651500223 -240738.73134962047 3635129.7504788935 5416688.936097282 -282157.8292861011 16028484.223871827
12543995.745241955 -176591.07096805464 3634828.376849544 5412049.7767468495 -156380.05037956696 15730775.22290947
12593541.424401179 -171627.80862323026 3699408.468672917 5509292.05893936 -163443.7316488635 16205313.039127534
12633232.578051127 -252655.75574090253 3667153.242900136 5464646.331809387 -247805.00673014548 15982319.738522552
12511775.917173883 -215972.3284181191 3646755.8817834025 5429826.615418033 -211213.16737627756 15856126.640068699
12560404.475053933 -295336.09287805104 3619538.2290662928 5395147.388937928 -224092.53129673356 15712700.658689385
12659805.894481536 -271394.40772544534 3678362.867054775 5483377.349577138 -233809.59757318874 16083757.144153202
12830341.439277528 -212776.13824772666 3718018.7210980807 5544416.964339788 -152046.41604168832 16261585.520473262
12485253.476288935 -233431.69166417222 3646309.144947252 5431708.010891186 -222053.28987030938 15930104.918028567
12675514.8412602 -246011.55200529215 3667690.2375681363 5471090.799516772 -205989.63055763353 16057114.765022648
12754430.877122255 -188065.0729843631 3687493.8435648666 5505202.280638799 -162057.12576966855 16224749.744739994
12787332.536650099 -328606.05201541964 3708114.325151747 5533895.713765556 -192824.4719089958 16312066.206301149
12435663.478093816 -154796.0774972608 3682702.2575124395 5479009.810436547 -139453.11762208425 16125082.677357988
12694125.478411714 -250959.7322511173 3743629.969011557 5574986.259175311 -178873.58007873374 16445740.124859663
12811568.595842343 -313473.6334035058 3708823.499660546 5531032.126380889 -247532.56096421913 16214956.68997361
14268231.544956954 -147849.91545430766 3874537.145658467 5814863.057469575 -175979.4581640596 16789212.06668214
13278484.56177235 -104297.5643144714 3750480.357382313 5613394.495316822 -188314.40796715042 16478837.159829356
14009185.701495385 -148671.50145325824 3889250.0542904157 5816011.064266405 -185416.78683242164 16747534.004529305
12751713.769327698 -272286.04194429045 3638070.974154329 5459423.3425623095 -182068.32717023283 16399190.963798989
13964577.705565093 -228052.48829259607 3829399.8531273575 5735893.15448266 -40436.829771561024 16506488.474286878
13537958.843238903 -122276.42824485221 3769014.279384889 5651387.139756906 -38998.12962561462 16571468.417852227
14500829.698446488 -113282.9716919241 3915750.8882568306 5872836.917787459 -6298.040511623096 16809388.82312891
14863208.524949336 -262845.63580387854 3852599.9888542644 5806848.659657051 -27351.946443153196 16516564.766816465
15220753.284804463 -249585.29425727393 3918639.7300737007 5901951.96253247 -94809.38269775923 16608211.46385027
14699153.620338976 -233224.96588779948 3841719.1364393444 5785648.876805549 -31949.95133683583 16496002.6010018
15240128.047998453 -231092.6330648355 3900645.4680630635 5882485.8604120435 -47451.74066075846 16595388.335085835
14337857.950292785 -557974.5593566641 3754560.7562641297 5653800.864811708 -294789.8557459714 16137822.426487865
13285389.945055293 -525207.185505652 3649200.756683509 5478261.577203256 -242671.96233053683 15997424.501527522
14233201.48662533 -609135.0130932512 3684521.022333515 5555539.4810925685 -403880.7660407806 15818125.086956246
13135568.8720526 -661316.860419616 3567414.435558863 5368531.161368148 -411854.49121634086 15751936.119985979
13349367.924879735 -576258.1955868928 3666055.614738882 5520765.449090572 -294720.25117605965 16412717.098930685
12841201.238379138 -528962.7443984095 3605436.155945065 5423876.732576152 -284675.6626085189 16316737.490920661
13296002.72882683 -668725.0349291349 3618331.2569637364 5458211.059869499 -361812.61135133187 16264930.21968104
12903816.756226983 -641750.5424484055 3528766.8622577367 5329349.221614876 -349555.30316282687 16050296.102539761
13446505.31870073 -490006.7553008154 3712106.2854681923 5575316.896295295 -214147.16618917146 16393493.696377806
12845168.878320528 -424204.99842388945 3698975.8287922437 5531525.09096609 -132663.77198442564 16407864.147643778
12896023.988738807 -565976.0902760044 3555196.270491758 5365494.921197481 -244762.34848114892 16199555.84680108
12415968.718902923 -705536.5882707146 3492330.4653699133 5257242.69756051 -331164.3574931756 15897614.45081799
13299820.683136323 -525329.3206196267 3729373.158990341 5588702.891001235 -204713.64054901185 16428027.060891869
12927531.214773532 -439522.0853601416 3717414.9098845506 5555202.647194806 -109171.08442375662 16393393.189568145
12289291.376482531 -658112.1339505378 3533343.934253588 5301706.725463064 -255454.02508105207 16011276.188537322
12212056.23491808 -756345.3748527548 3496342.6758978684 5249623.785508221 -246137.12607316137 15860880.079155644
13077901.96383528 -465938.99452971644 3727649.2357177134 5567768.9379973225 -130710.39850198006 16269192.92951627
12654060.630818017 -450299.023550272 3681194.62781967 5494402.287844846 -103101.99292407947 16247702.522431461
12323535.261412757 -659497.7172741855 3600407.07639692 5382548.4647992635 -210792.43974576358 16118477.781935727
12374473.952414088 -681974.9407928594 3554527.7030721786 5328075.247813401 -204792.81898939452 15987420.85544491
12902706.531405956 -433708.7975262409 3747153.3593883472 5576884.577928145 -169642.61763850218 16197610.585900187
12620908.89070961 -432796.7891242751 3702795.282433151 5517738.218471846 -67319.66451214212 16272358.249159291
12161777.44259098 -552099.1667968284 3609331.6116194953 5387064.679966577 -120191.7084886931 16174220.049092881
12372865.30538401 -622843.4558280308 3622815.1636247765 5407888.630681792 -117333.974055948 16082973.167563463
12957680.804843528 -457815.24100346415 3796422.022838227 5634401.154714516 -181264.8034587832 16209056.21664866
12846328.879913962 -529422.9120332715 3773595.463225318 5599085.711756095 -183763.59508562667 16116283.615214065
12617373.578783255 -430989.83418834116 3704928.55430008 5515935.18719505 -43175.99923794129 16192901.13092889
12538614.764937803 -447943.5355726508 3685550.010838413 5486358.545733192 -68877.37108042117 16106452.439125914
12398541.743317075 -409075.94723996066 3732304.8026230754 5526581.479709387 -159377.558204184 16022381.704496957
12495138.573681105 -411520.6233526901 3710243.6969760046 5509487.720297518 -178466.69965036295 16069254.010400293
12622525.10779258 -375731.0403167346 3818198.132064298 5648615.1044383515 -129002.97400733538 16349417.646444868
12716536.532466324 -373017.7939357066 3808385.958613609 5640423.420014294 -134377.46622413676 16307440.459821284
12259300.336916061 -408833.4229220503 3586392.2560188817 5349467.463624259 -220240.22441999425 15829418.630553871
12280950.545450011 -330156.8951368397 3634028.677780932 5414621.507474985 -312469.395727489 16062848.282519257
13169467.382567564 -367007.5843048104 3792069.0319282482 5649180.8264382 -204638.10147002185 16388630.132750597
13188894.237622445 -219148.2676359998 3794282.3082437087 5667687.499891919 -149913.0893834707 16690644.727033986
12612922.273972375 -354446.53253423475 3610356.0982513973 5397069.339768134 -303146.04622705444 15900629.80273082
14153138.334555067 -186559.3164522792 3852565.7966813496 5774730.308153992 -22678.1065980387 16585020.098889958
14402236.19928011 -66312.73599083732 3934144.254744145 5884063.899097652 -128049.62855171884 16727867.996812565
15719349.17550909 106411.62577375042 4098605.9661674467 6149298.4123245 91262.7436477723 17097287.657862138
14209999.27424446 -751474.7596634283 3620468.698547492 5483352.898325044 -513841.306850565 15806746.848528896
13742175.087859543 -837484.212392992 3542338.6174994158 5371491.562478147 -545941.2950203425 15756206.024173366
14398856.548877472 -820689.5002321706 3542010.5787250865 5391356.8493050225 -566500.2488279073 15504047.261023508
13470515.568507005 -868706.6737490337 3449293.031089078 5220820.207743898 -616388.3010309396 15061441.375794588
13666921.44862022 -822307.7503064871 3564661.274280653 5396722.744956005 -538167.8393856196 15844984.84221976
13724612.053846199 -837878.3954688141 3553096.142313579 5383843.357107213 -538445.8764599939 15784138.774180511
13402866.481515298 -913441.6248342937 3469987.732309832 5262817.103593237 -620794.2680101591 15513744.991927914
13260727.957876854 -898864.8926191715 3450604.643904955 5230601.025015917 -597644.9415846438 15437989.492430601
13669762.952220846 -772220.7162485012 3590046.4020009413 5437631.483099281 -446991.3435813416 16101844.964732485
13865298.114911404 -840915.9602429047 3538102.468660705 5378382.902076789 -496561.3558086326 15864104.943897702
13258307.291452667 -903394.7150279282 3456794.190920448 5233736.199830335 -594846.378629807 15366943.447587432
13266972.052094797 -1020436.6979516223 3319433.470922102 5054412.871605143 -675912.7654697291 14793748.205365498
13966866.450966846 -818776.9350870043 3576554.2691832962 5438460.897046565 -450918.43144192285 16118156.820536595
14023160.377117852 -931006.6192835927 3529175.146259783 5382105.405132331 -553996.5582311645 15977093.854705006
13160316.161180882 -992116.0553739468 3306542.932702842 5034135.894059689 -656228.3198613842 14778456.637745684
13250995.135051576 -1088376.1005922032 3296426.990223804 5026941.294640654 -781393.5782755666 14766436.534469025
14129006.974861614 -856571.0034103108 3595439.078691082 5470216.866511528 -438667.27056421 16175670.04858264
14189727.854862161 -858812.9186093903 3596183.2325961613 5465510.023786353 -402688.14007617795 16004440.933054997
13305234.931215037 -1079557.7881644687 3290600.9155105287 5022465.585351266 -787263.3635919853 14750855.67838565
13281210.82670976 -1110678.231304122 3273653.9511556965 4995306.410567214 -778820.9915922105 14604529.775137484
14316859.060059223 -833477.3592178839 3647041.3571629254 5539656.65422613 -299290.4553574562 16241363.620444959
14246116.315258458 -860954.3553005083 3530647.8484679232 5390354.709207444 -409246.87026875257 15886724.54298079
13070488.127393818 -1187293.4418545326 3227088.8817285458 4924140.206918495 -784425.0609015584 14416360.165777316
13344447.85853051 -1044112.0520419284 3144642.4100227035 4813041.899003825 -732534.5818850019 13734256.6446556
14521230.319980245 -878206.8994845231 3559038.0826527635 5442553.820441107 -372598.2113720737 16031007.777960578
14301649.282105628 -905626.9735526365 3618367.536423414 5503758.960893566 -316588.7611575936 16169443.638203073
13397753.758218637 -1178395.0128624043 3133814.9032756686 4804642.883283644 -806684.1469434949 13751175.54327501
13347904.888549296 -1115720.9277084058 3104949.3531556665 4780253.875578165 -683985.9445978272 13948286.31872915
14372380.304045321 -923540.3715656768 3609151.3356672875 5502689.810983222 -315059.21206135926 16280085.995134393
14123309.563043484 -947656.0999619737 3532205.0029210374 5395576.708722097 -504968.16524391767 16079713.802299023
12945458.888325568 -1178094.714827813 3054418.1921730586 4697445.519636228 -675500.0775925531 13806249.905241987
13275511.049546262 -1166486.5282479818 2910148.7130132485 4545349.950280685 -674742.586210429 13608215.762495385
14109757.138799492 -940669.2780328117 3567444.7035856936 5433400.965415304 -422200.16237422253 16074476.94669237
14207195.408679442 -1058002.7840520204 3484588.6280520298 5325659.272973272 -632343.3587109586 15645039.606420994
13208045.178886984 -1257323.9317110388 2991728.8861551275 4635435.142302411 -928307.0335261453 13682621.647419728
12616087.817042671 -1268174.591141902 2821822.7392686186 4400923.009375207 -1009789.243749078 13322271.481401911
13995875.446944976 -929170.2860178358 3526661.401261571 5346259.168166729 -459220.87504790776 15342756.377375724
14087171.089081194 -970048.2435896975 3335753.672104566 5141414.199864557 -532052.7816335503 15354530.721031722
12314265.606731998 -1085328.3216796953 2814757.46808106 4372134.409302458 -848014.9748324687 13203757.806965768
10753961.27365266 -897483.8429377786 2502436.7215939267 3859201.330142979 -714785.5471824035 11376456.745500438
14448455.308466531 -815315.4429206057 3497423.741968524 5325545.199528529 -612796.7348277654 15119125.619826928
14236729.272450669 -830686.2275871275 3468136.867992525 5276545.003860516 -608193.9628874913 14995158.972174684
14425737.238136949 -752864.4454001836 3454253.1074806377 5251360.568727041 -594295.0212363172 14607905.109506935
14306905.939215302 -819711.2845628106 3390319.718007041 5173519.942199489 -614258.1429424862 14576458.228252267
14160266.076269997 -847811.0470684881 3491835.4023942645 5305525.203611937 -601052.2127147448 15129858.70552175
14450849.36028953 -816559.8331220815 3506964.60692162 5343908.703878233 -576328.3423273742 15274102.88089648
14071602.636073144 -888711.1360774018 3432068.591606072 5224241.263236444 -662458.709769696 14907713.14867908
14504936.076397708 -791597.3296138302 3478444.548526322 5290196.410928148 -608054.755719038 14773211.514371948
14552524.054676766 -806644.4363581663 3528536.539665149 5364367.87251194 -601787.4200197215 15107029.088502264
14584084.038263857 -839574.121575029 3507831.272233963 5337316.273940729 -647660.4204886181 14989953.06039673
14325641.13109687 -868348.7246638063 3404517.117413096 5186493.047878028 -714389.1928079652 14504842.745578846
14433956.048918724 -828738.8454153014 3455254.928866699 5255549.077590902 -679936.8646579372 14661416.720155848
14590252.639529537 -756763.0405623725 3496518.893436688 5316770.178275247 -602507.6398546698 14821734.932804894
14637083.93238647 -743294.8497860861 3513851.1867821254 5340048.766348433 -605198.3628903349 14859164.948761083
14466132.743204355 -816007.8952810034 3463260.975287246 5251640.597106974 -709889.1630290867 14374937.341687432
14684050.836867876 -774139.1770242767 3470948.5785156693 5273592.77604581 -674563.921135915 14426935.615224654
14709631.461057268 -731650.1677826463 3486777.664998513 5298588.207131483 -647222.6092965822 14553023.716396842
15079622.512347814 -762120.0916813567 3532840.125757238 5376542.227631204 -615370.199541827 14728738.892531438
14583979.992854115 -778572.3574794113 3410835.7387338034 5175959.142056441 -711666.2946415732 13896816.220338594
14921304.84877614 -758485.4112298755 3444128.0234078956 5237374.353795239 -683385.3289126756 14055365.334154231
15121918.67388509 -703234.6818840828 3488512.1456280295 5301879.846309251 -648726.8760435208 14168410.58338347
15361680.399841605 -723015.4086128158 3493760.549959829 5318296.431067249 -691027.9244105353 14141515.66120024
15080488.082730094 -690754.7414067191 3432609.709360009 5212749.632398846 -707813.6673251806 13657090.416632945
15280334.839355133 -715094.5369334064 3484013.3667748533 5294053.742328694 -690767.4312981215 13952445.519613707
15454800.9716089 -595672.5662197713 3527838.104060178 5353864.160156815 -614063.2912008758 14010043.757397458
15556119.924431587 -629629.723394477 3547970.8468939248 5386139.909421043 -645350.4349999552 14111319.440688971
15343577.085046913 -634928.6861398247 3486097.4640313922 5280421.773576974 -682732.1833450965 13570713.926826892
15465676.482357536 -636622.6653812097 3511718.2599747116 5319531.263541825 -690372.2849932102 13667146.835297413
15400381.09182791 -506635.9605930229 3513136.664145706 5323337.256715205 -501806.1479681838 13777357.272543574
15465544.17723307 -535407.3116736915 3514287.0890292274 5328406.150905454 -524955.6023801377 13788262.708583241
15308715.552254066 -553126.3179466762 3509308.3311786028 5313045.212476688 -564005.5418096787 13747405.193954796
15345402.85121906 -594939.9653157141 3496691.6440648492 5293595.632207331 -613615.1430400211 13599293.364819573
15390066.087701729 -399302.23071308393 3533561.868339375 5340689.949022685 -385620.2761166829 13685371.587747643
15007620.431726038 -440377.01096536935 3466413.5992294974 5232345.830173931 -408933.32873338653 13378196.725975242
15371694.602642959 -433689.4646929681 3505628.6620184537 5305537.944857022 -437304.57204298925 13615233.505071938
15108495.26605869 -467214.256089849 3445269.442708998 5222400.253827848 -464756.757130298 13543581.705539512
15176915.535177179 -239052.38089135388 3655201.6385129625 5520047.38495436 -18704.407871145093 14809595.971776899
14045685.397174548 -121918.58608826857 3436717.7014141358 5208745.185717176 18455.274894260456 14521428.697024005
15234822.82908297 -314068.2971421447 3638086.067231387 5493887.692717145 -228899.05643263314 14605037.149383906
14094904.692474322 -593452.12412443 3420143.932686587 5181427.849301245 -481419.7547331223 14290485.434484726
14297309.86398286 -783616.2043670967 3431440.1817658776 5215795.11500993 -627474.4337498246 14526907.817215001
14336172.083884124 -803240.1012829975 3442418.28185391 5229320.392693003 -646639.2364534799 14517032.847627733
14313443.301474802 -831474.2080674819 3433526.454680774 5214840.763970847 -666689.24403242 14445789.537865425
14214164.112085365 -801699.1829922682 3428282.096536159 5200564.777867699 -644933.6815768629 14374924.872264648
14373676.952550454 -834979.7536464313 3415525.692566726 5201796.881071942 -697993.3717772264 14520694.994373942
14500475.196180228 -792199.5699107616 3480204.6063972693 5285964.258279396 -649862.2035792865 14654308.255561108
14209766.36953612 -809521.8667578427 3413220.2550789206 5181253.347980504 -689860.0933030528 14324454.467617346
14229402.531222511 -788206.67823475 3427891.079582854 5201861.388501124 -695423.5401968554 14394221.099446554
14590670.592954786 -703625.3990415842 3480808.7846856564 5284231.538127097 -617581.4193692564 14516166.553382875
14877470.580335129 -684107.6551436712 3514842.074947798 5333087.187284543 -629661.8230782489 14457747.20556841
14649632.052680826 -688122.3140148681 3470444.636282586 5259266.171485265 -617954.843228521 14185909.005502684
14761998.814763868 -694295.9783204552 3482008.137742809 5274502.119166054 -619319.5472579282 14123864.168082854
14919363.004941368 -673843.1506405899 3504007.935933369 5312258.928241261 -639459.7053554837 14237640.536585912
15142562.069151672 -641048.2565603879 3522832.756466449 5342733.806727304 -617515.9158685366 14209793.035069844
14824135.021305885 -650059.9477917346 3468766.663200825 5251335.961263963 -652163.7050214963 13889717.120625498
15021196.021046715 -652807.6067278023 3499929.475506903 5294737.7274144 -646677.7804992163 13875109.611425709
15330493.459556812 -554166.8526380236 3537212.13687934 5357839.505214844 -591271.6968518273 14007629.040490007
15541283.998439124 -572872.7767665982 3557100.121955317 5395943.71086432 -572854.9543504702 14121387.148465829
15176661.120886851 -598368.271462298 3502831.4935322315 5304610.479885573 -617143.0953998922 13853255.131643236
15475074.733919764 -583688.2413170801 3535229.346423939 5355788.233282617 -597640.1940563042 13865643.94968859
15394159.069500433 -549389.2786575784 3531918.4209447484 5352232.329227831 -564765.8103239714 13948282.055687005
15526120.185218496 -609927.0824045311 3550072.2056501335 5376959.747085033 -607591.7096748285 13911485.985971322
15296598.796843851 -585820.3347116864 3482164.3747546785 5279650.088914711 -606429.5611444145 13688786.547574287
15350053.5005207 -576167.103743706 3503885.7944177724 5303491.496982801 -590748.0591891857 13634288.747932944
15452840.763739888 -462343.2107217459 3502201.8748438433 5301993.865857184 -465638.47663688625 13538595.094209114
15453834.274719413 -471353.25879457116 3508033.207426914 5306588.005542717 -489665.4833475421 13501195.077666694
15461002.401337035 -438672.81441539834 3514594.340091768 5304643.785450528 -444200.7922267957 13310797.660224713
15452959.461552314 -466035.88594887 3511296.9315215675 5299604.641190531 -508341.1166135807 13290600.688021671
15513840.57617032 -316443.323138788 3587997.839591992 5410210.689653177 -258856.44639216957 13754420.403574597
15432481.923097769 -329730.11499284743 3550531.886831036 5359450.380970695 -286872.7280941454 13644823.829121718
15472706.890197136 -323761.4293160276 3577919.5541984914 5391687.95359254 -267869.6370373884 13646821.798436677
15355324.272434032 -328679.5591371138 3544061.217538868 5345135.503983329 -303487.48441455583 13578038.56315542
15352859.475567268 -200091.1157029429 3596868.1882288153 5416214.13935984 -62121.837954184964 13840322.633374656
15206061.90321808 -235302.82375455287 3535621.4246364133 5331329.575339755 -87468.05818226331 13636857.855716944
15398569.918284465 -241408.76448285105 3601023.728511854 5418077.298750921 -154557.73773476732 13740453.53899702
15093929.936129281 -269507.0219821994 3538508.5491441227 5323059.138730319 -133559.63236213606 13520064.405361783
15085647.58631697 -112636.6611104249 3609391.915497947 5461997.596633719 120913.42233366167 14747681.975326786
13760038.974865753 83435.04303702405 3339889.2462565433 5076896.568440094 291929.53019598004 14300328.541106667
15245798.881749377 -258528.43288001552 3666226.101849191 5525360.291372704 -64741.749129534815 14604432.62980341
13785708.732308777 -360757.12725944165 3355529.4419483943 5085547.651329711 -172118.57844047833 14103596.428331196
14228564.94143393 -843382.1682032931 3400272.1820427813 5165146.877726691 -680650.3748601418 14268384.247041753
14581303.63518541 -852294.8157999855 3435511.0569006293 5233007.524300333 -679282.3389423526 14497603.218614876
14273621.624652313 -881185.4345055918 3362904.191179273 5120765.774369146 -758604.6608590266 14157801.281409407
14572567.381561961 -843395.6251364767 3423806.4564455315 5207592.454033157 -694430.4315207776 14255539.272344276
14279774.248696772 -792489.5148106053 3410157.0373661667 5173947.422251078 -693752.9640107307 14175719.025391638
14692257.067903996 -677658.478396113 3483054.462429889 5272716.838764176 -604449.2445134013 14134881.164964573
14399543.63719908 -756912.7261223987 3415585.125259476 5178493.517070267 -692333.0353283058 14027453.57569714
14746371.623985123 -704557.4260017843 3479126.581868959 5265471.8535313755 -645419.797441844 14022280.287291516
14820259.353127208 -660977.8280240648 3490583.472463679 5291194.780930671 -643042.1418120541 14210799.425575778
15086511.84320313 -605078.4794480979 3501806.860764725 5311815.067018116 -614044.7492830578 14110038.180346288
14778458.035886893 -647279.1851539746 3456214.343250564 5234614.668996306 -668555.619165384 13877119.324671535
14995037.545209834 -612593.2146124747 3476316.909065537 5266387.002030797 -656041.1280029567 13853730.059752477
15171104.876429925 -608065.4218175375 3486274.457811911 5288508.390736662 -613168.3595774863 13901024.30788959
15389758.694203958 -574150.8888293954 3527357.8066033535 5350457.309862966 -590430.0907340486 14017515.269524205
15128537.660532326 -612642.7223900781 3493003.842156797 5288507.659781431 -617941.6825543419 13795530.478727221
15308225.546637168 -566807.4326405602 3506697.111433075 5317237.758613827 -567516.6599726652 13889192.735590933
15469734.71211792 -498400.3294165402 3510752.742606965 5327258.322337748 -565312.2664946059 13838871.028788267
15510299.914781967 -504012.4903198597 3522098.450399798 5344002.564967956 -550657.4459158479 13883585.176825058
15294679.564343814 -509636.2770628132 3487660.550517543 5282856.534703149 -560689.5974828487 13633918.688988864
15438138.115886431 -516748.5172295797 3513516.0770554123 5322154.830237833 -574030.5427751732 13707604.525837094
15353276.651289986 -437384.84573450964 3502594.178416842 5293390.500337646 -457784.65607757925 13457461.23507811
15422514.773729 -432010.83046614967 3513481.3848913177 5309663.857028239 -450232.88136189786 13474171.687093435
15318842.784956256 -409513.3487650553 3495135.8642538413 5273770.607559266 -413618.5861406473 13263580.16018571
15401406.167384502 -411514.0733383892 3519669.776285176 5309765.702157594 -430040.6959971063 13361172.564808257
15462371.63728843 -317599.73749762523 3577269.55178778 5384300.670754066 -231796.17662000356 13523711.439592237
15465825.755341785 -317536.91988541104 3579174.5327578234 5389850.909559489 -241978.35380709093 13589352.507430121
15456631.179621153 -315916.76079326385 3577247.942144152 5384093.205553491 -230544.7063206632 13525778.033347754
15457689.242534935 -317013.6554993803 3573047.954070614 5377768.4778582025 -239947.40170068975 13490625.11209203
15509480.302432649 -284891.235296769 3594586.069493842 5399202.693829267 -135490.67053380737 13393679.685242448
15326778.959911792 -249518.4247594536 3565945.830915864 5356371.051041141 -118667.04336318171 13349833.34135753
15505868.868170848 -289095.49712935253 3593006.626706252 5397265.546013357 -154539.00092904206 13393295.963902505
15351482.252354335 -300841.08458097215 3574155.191674045 5369366.5373115875 -140905.00908479365 13404434.008497786
15301712.837226065 -102869.47438853057 3550268.4359006537 5366608.857020216 148182.55189010128 13924558.36118924
15010863.813659757 -111972.50795477249 3475396.012010739 5259744.76174908 176962.37249023063 13725318.65542405
15347803.70907178 -180211.6263090771 3575358.404722086 5393149.664549255 -25063.895711627923 13857304.347152365
15136270.06366664 -238681.80351610223 3525737.9368715263 5318412.092083274 -87482.58188705625 13665736.907961834
15067386.440595843 -147770.55959636316 3594254.814379158 5442948.027828528 101862.614974533 14717968.015702482
14365531.140829714 66418.60312716631 3380242.6677525854 5150717.245436685 234734.60513017286 14283474.938399391
15203626.536162417 -237671.38521382117 3662112.8270255923 5523771.557153452 -46568.31753892654 14705322.267731072
14900992.071184522 -262085.27717639122 3511902.2233784776 5321265.435536018 -95673.12205238557 14262467.636279996
14323040.216073574 -879216.7157151884 3347438.4051438645 5094764.820389943 -742310.9206049108 13928610.887180354
14433959.961443035 -897074.5221193442 3397073.4011606667 5158342.8617441235 -729269.6602358014 13997282.123094222
14158080.076466544 -852966.8689911792 3366525.0381638915 5105341.620210417 -711598.6673088308 13885201.078836445
14310209.933552358 -849235.7293576169 3371218.745428029 5117976.879206111 -727356.0303237628 13882514.854590468
14619296.448351122 -646195.2315222358 3448736.9170271927 5222253.4756667 -620846.715266709 13953560.456295807
14860137.16735166 -667736.5729500339 3488282.0399203035 5283486.940765873 -670464.9070414217 14067396.393756358
14559404.403199762 -629075.3916374642 3425909.848494803 5186608.215418804 -624685.5867390771 13802742.722999707
14874009.82042402 -646946.1745098128 3473812.9541475177 5264359.333434705 -682007.6514387883 13989291.424985861
15175333.30865846 -611133.4076154401 3512066.7536608498 5319751.438891751 -626266.2960786743 13954226.340812497
15144275.152553927 -616734.9213817046 3496992.3791619237 5301174.6184552135 -623200.5918515528 13945384.34977257
15076399.913993075 -567240.118980443 3502871.0843805703 5299195.656072682 -617889.9074722184 13844348.756585812
15187117.25911218 -589540.6068920149 3501143.5719252597 5303615.441688803 -603433.3616069334 13860032.43125039
15286749.339637266 -516043.8379163759 3477855.569042168 5271748.570822407 -553681.0471745293 13635399.171534393
15371128.359536247 -505332.0685880226 3508983.5581746465 5317189.852425907 -562603.8143173861 13775030.049640745
15184748.237226862 -503412.46640143706 3464746.1308627506 5249147.145352494 -497835.9072266457 13573779.413911415
15362561.656009337 -479091.7796619745 3495571.345692988 5296532.005451206 -519040.95723491115 13665508.514376415
15348443.286644503 -408175.7157565711 3492436.3978524627 5283145.846358454 -383607.8420919253 13480872.635070428
15373663.487603594 -428909.96542297857 3514302.266717991 5314090.795138261 -438759.137303834 13593502.285955802
15314232.491247656 -420128.6488293003 3491680.7937308634 5279451.164171723 -390802.05166422465 13457813.082357299
15339451.547215667 -416132.06657573616 3501579.4600363486 5289387.11767419 -416715.49354431545 13413542.444116017
15470382.553676585 -318708.7678724729 3576400.520034411 5383973.462183936 -252588.28477406007 13528275.035715712
15469672.221588764 -313253.4829033042 3582183.5707703293 5394373.454197862 -231269.64268454997 13609758.097673355
15468376.746210197 -309228.4201123855 3576067.3215997876 5380235.062347602 -225338.70290754375 13462843.22093393
15464505.26974429 -315639.82839599386 3576975.7521351175 5383783.087000298 -229753.23434446583 13517689.707345828
15488388.820186168 -287236.964109208 3591834.1375332433 5389580.546083748 -154215.29275012066 13282870.893767422
15486215.65034376 -293913.7919792959 3587865.0080188904 5388268.773474913 -165107.95860494926 13346129.404375052
15471521.7192114 -298785.04833387164 3580979.1266935808 5379650.89131911 -172020.56570605433 13339955.129847895
15486483.623497937 -289577.84489717684 3588907.4089697558 5391630.273897591 -155226.19389496456 13390158.646668473
15370072.865077682 -181139.94841785432 3530068.843891243 5314505.418533506 1176.4245080509133 13258520.658705495
15166297.11479898 -155244.29280606375 3489830.611757285 5255079.969444473 5360.034448928378 13159028.39401236
15417872.993792435 -221048.49223299228 3559996.2399179833 5351941.611996204 -78131.48761737146 13301041.69492314
15097417.984042255 -204417.71067497577 3501235.4138301346 5265430.098467737 -74877.66898613013 13184004.622161288
15347630.837790398 -86868.33018457497 3573581.2972171656 5405395.316409518 191643.3180732878 14141486.632669466
14881018.701349756 -54375.98479049385 3445736.8942018794 5220511.596789345 194651.37580845828 13723001.084867356
15379275.71094924 -169500.0298090214 3603361.5242252215 5434332.080959412 9582.838804382602 14033412.12133595
15062516.345308445 -176454.2931440661 3497473.001797947 5289918.724726553 11255.482373047544 13791451.73157242
15112656.068449741 -153182.35446368405 3599540.1740596793 5451272.055762484 123756.32342893785 14722901.050785217
14804992.433527363 -11369.631605477422 3486245.2782663344 5296297.580317573 161155.10790784602 14423562.912590876
15188869.088340268 -250325.97009392356 3645939.293972301 5494840.128097609 -95903.19075383227 14497268.91015823
15117460.618243068 -211783.9519950826 3586921.382493985 5418777.078159872 -27541.549849614814 14345810.475339824
14083005.352384755 -819118.4842629232 3359564.743800813 5088308.023250932 -708390.2914983057 13772730.211178154
14445430.337303702 -833132.2716982983 3378514.2535864 5131672.822389252 -745562.1896219265 13860712.158901159
13929824.66408691 -844243.2221370019 3336195.3339597206 5053600.5383483125 -761835.7440981148 13745888.145592332
14304835.188330851 -802244.8103562972 3368912.5617650575 5108460.907603702 -767192.7840191495 13748306.166369677
14705254.143781615 -606573.1592541207 3437234.8488084977 5205179.9025844615 -648296.473747369 13779176.729361836
14990184.041026536 -588364.7826333963 3493282.7078043916 5291169.17367885 -619786.0632888286 13980979.342245378
14778110.661690416 -586028.3413632683 3430184.43257306 5197103.1152934665 -644128.6384143559 13699893.584431702
15063083.330419159 -581665.6327889803 3507151.7021891843 5308400.934634733 -623895.6651844291 13947597.355046105
14910381.859697616 -529631.330327198 3437232.349449752 5211103.050678566 -530085.2750981554 13692566.942684663
15244692.631027758 -498264.1514274186 3480641.9318118137 5279514.677115625 -523351.0594098984 13771477.974202096
15081279.808075251 -491977.12505846506 3445513.4125001696 5221093.107030487 -524863.0761387818 13539286.814939253
15198977.54147795 -501898.13094876474 3462408.6448559444 5249496.122172082 -502334.1127441236 13617954.31262202
15211911.410634816 -488926.2206347447 3447747.787220003 5225390.067145853 -456106.24769958266 13445438.336105846
15214434.526114013 -452066.83785889315 3473584.959803075 5255248.696428069 -421193.8544970812 13471670.006051732
15162429.387212226 -452853.63608321024 3454963.8685822897 5229474.215941832 -418368.036163674 13417849.538897162
15233693.937844241 -444965.31662423414 3459869.0905708564 5240830.390706181 -419426.5568744819 13465793.617337568
15302979.847802065 -355303.23025686585 3517726.455749289 5306193.495635801 -322648.2145844761 13430907.807942191
15480629.890350897 -329050.6695794397 3561726.167000838 5370154.807040769 -298796.5917559562 13564490.344965346
15315178.320724849 -343024.6772677997 3533429.4928849298 5325792.630926591 -293748.70919507596 13465225.230598237
15478430.639786778 -325789.8307982334 3560453.401032844 5365653.554159636 -276164.2037780442 13504665.38006411
15461311.263155902 -315554.57674694073 3557986.6416137703 5352243.03662999 -203106.84112004514 13307843.141925788
15463651.627733957 -320383.00976014073 3563865.98168353 5360965.929319593 -219188.31563781784 13350615.140534863
15462137.879580302 -315846.6962617538 3557964.6639331975 5352247.935393684 -203384.29730464285 13307598.003510462
15461696.105861533 -316170.48073957575 3558010.1016993886 5352309.443427492 -203637.00465413256 13308270.312549366
15342960.391102398 -214331.69011430306 3537314.027186746 5314131.1334738545 -86155.13314060633 13118753.458889283
15317045.518225975 -230329.16755565218 3532804.7571692397 5310858.013646835 -90762.905877253 13178409.866289683
15441347.396124225 -247862.1799691701 3569486.054839128 5363238.897790302 -111573.89531161568 13294737.14000542
15304784.02016957 -218889.9919862945 3528755.308172671 5306010.212447487 -80052.22671775664 13182803.22552758
15324771.022882694 -112463.00867519416 3513005.4463054044 5297423.318691776 59835.67806934719 13337575.273878494
15121017.772130763 -108805.08464657309 3456409.9876839845 5216326.122159474 100921.82824455427 13164484.617771538
15300774.290364284 -164548.87500980322 3519212.9090503454 5302360.725783474 -5171.728908846744 13323755.958715964
15090364.594213638 -185977.41490435542 3485423.257947927 5246730.363854513 -37734.61941038741 13164930.76362415
15356597.188648617 -92578.73133157266 3575517.2095469744 5405532.700984808 156725.29344792507 14092677.933661317
14894441.229609657 -73759.79715133073 3473606.0083050937 5256134.916203707 160615.52851642945 13808924.444366755
15317293.153710669 -140955.51160015137 3571623.8284751633 5395158.47152198 60907.47609724343 14010151.827248832
15019909.825385306 -167925.06736768418 3494691.4526711972 5287414.698658156 23393.109239560643 13845171.834011327
15090936.563505383 -153567.14337803132 3586066.316319524 5424928.067446467 81466.5266438297 14514165.598400092
15088394.637981664 -145216.42858558067 3566965.8578841207 5401196.20973729 82492.3971477024 14462280.336759305
15119427.58833435 -194833.89719175713 3591938.4889709353 5419908.708124541 -23262.254361501185 14256099.68376142
15128019.414720062 -239298.01248104012 3598115.9410624737 5432070.635522799 -79037.656764798 14354842.443567762
13920190.587778168 -784577.7422207354 3334593.8474036846 5045346.091756187 -723154.6150206146 13625666.151089886
14534214.88283661 -751321.998986794 3381341.838102872 5131870.051240478 -722334.8544759299 13713665.324536627
14155344.745052002 -780924.0560093318 3363778.003986645 5096310.483684531 -726717.0191908104 13767748.415824382
14458017.248224055 -680739.5496601736 3399266.1083967066 5149359.282884426 -686720.8860285985 13745313.620954167
14863370.672796175 -540262.1318565884 3428704.811945146 5202863.095085428 -559810.4150623261 13762384.817917531
15023417.830027683 -595490.2047900807 3456200.977047121 5240988.3854422495 -595709.9465537191 13759927.833405739
14891280.60077618 -547166.3078456189 3427572.198012561 5200195.935314264 -572068.6576934175 13706049.194571383
15113886.732369382 -552347.634309973 3458072.487948254 5247047.023277649 -559980.1748160621 13749458.575153463
15087665.899784466 -474220.74551387405 3447105.1505653956 5219780.925311089 -460883.9771243401 13471638.936926844
15177600.274885962 -484488.00007462635 3458896.165720381 5242081.317081213 -476991.72853656503 13568310.061118852
15056890.726191755 -449865.52244530886 3440048.7547716205 5207421.834223827 -435952.89259344793 13410472.999808576
15283010.558997005 -450732.5963033429 3467063.3372066673 5252226.708802986 -413350.58854741993 13486129.90435124
15157553.878374798 -423532.80544208054 3460114.322135692 5234435.8002360985 -367171.4770604599 13408646.79156501
15192897.951249084 -406844.9064346709 3490726.8210827415 5273718.783536573 -368649.1275325844 13485487.429383764
15223191.732073152 -395865.7444863315 3480304.0776563883 5261096.655784155 -349522.92795087263 13432051.414829576
15257316.045024734 -401265.7195741411 3503976.467059838 5293069.879399932 -353705.91133610375 13516599.043085875
15286772.29172156 -360197.6974464731 3510540.3763381834 5291076.680082579 -266062.98077475786 13302872.817727653
15331672.245725691 -323369.9591698241 3539330.3285931847 5327764.433494314 -230072.6544036846 13358348.977296958
15360245.164354997 -351881.15082342824 3520559.329977032 5306289.37078288 -258043.55138197058 13313236.781118616
15382398.76841057 -346569.03079272347 3547338.3400288494 5341534.246191275 -242769.27682546386 13406842.457244337
15439221.512247976 -274459.550472279 3577184.79818372 5374808.739137494 -123521.19300585912 13358887.467221798
15439832.448705608 -275881.39698201034 3577185.484900872 5374805.008033035 -124680.70898592661 13358186.811481101
15445507.658951547 -277525.7199484964 3581249.9893976953 5380786.490100538 -133398.419045229 13382722.149264846
15457225.48839871 -288900.88951261126 3589801.4381569577 5391495.321981929 -146152.5330297701 13397049.094518248
15316502.658994397 -197486.6977497804 3522215.35985663 5299276.659094599 -34577.61892014831 13180292.37839807
15277138.246180836 -190919.55721219158 3492567.513161304 5261275.603315018 -18301.033391503017 13111888.276247727
15340082.216119802 -214634.68329049734 3541880.9698266974 5327237.766177831 -74493.30061933341 13283291.539348865
15228530.570426717 -180596.08731900877 3504601.437322528 5274761.393894695 -10505.963394255139 13165465.447402406
15215060.71903785 -117328.57866092496 3474272.2435930055 5246392.596576951 73922.32282140691 13278801.577760503
15159758.419635134 -113455.28343321527 3467981.4281427236 5233966.081375599 61978.20782971444 13223971.468573367
15300059.54297051 -143200.63013048275 3520161.3228978696 5306805.2466773195 -7367.057097722974 13392496.059498888
15146628.42438093 -156808.94666751317 3480967.8252761234 5248000.510801114 3926.1123461410334 13232089.349317385
15324808.466845589 -96712.88796296282 3560850.3576681116 5383807.249441367 159272.8752804896 14012628.412444046
14997166.81114366 -128708.73166334619 3509545.755536792 5304196.039556855 152974.05079253096 13876746.946258243
15259280.129069746 -147148.07388203614 3561728.8019313863 5378232.95800961 49622.04048935487 13947345.193261683
15043333.08759265 -160047.30062000235 3494540.4971912107 5282163.987731672 22698.533050928436 13720055.415474407
15083388.136082059 -196801.85946350676 3590274.422462686 5425364.67956882 6992.335884420193 14437867.969215585
15052394.512234733 -185406.82949780632 3543981.426445357 5359858.514327958 8424.14828880815 14177184.044537045
15110685.704207323 -230296.47738609268 3579064.109007145 5401575.870713354 -33115.97357871672 14181421.156754464
15073226.259367798 -208629.63841237754 3563411.9402183183 5377701.641258356 -22561.325642469266 14085743.602416148
14231040.047967855 -782808.46591065 3360291.4614435825 5098975.753135585 -732953.4038568913 13822062.307279993
14452499.043224478 -688902.9572612292 3391936.6833774634 5142049.80051696 -671874.8346919996 13765889.449623942
14351778.534357227 -736945.169485216 3363488.9751574206 5106344.944473415 -686195.9202810001 13778362.553768067
14534650.139132906 -659277.7163274017 3438689.158390863 5211178.917300974 -653975.7399898012 14037766.244073628
14871013.03197898 -546239.5700808641 3451500.7465078607 5227367.46830766 -567293.1848572631 13743319.332679631
15001270.70984323 -492532.46342365694 3464290.557904066 5248626.491256541 -529514.7733728552 13756866.454923825
14987735.808159087 -496308.1295788035 3452472.8275053813 5233250.7971055815 -541101.5675702769 13722877.476119122
15065297.94895801 -477270.7272182264 3466983.907836151 5252806.390535874 -503526.4325506602 13717183.565812007
15034675.997669091 -423692.2959790459 3426251.585387554 5190185.451411346 -386702.81433375407 13391497.782707559
15103260.08681767 -391176.50569545844 3466905.350172009 5243124.38957163 -355536.8794553085 13487309.710979648
15015036.542880893 -360935.47790966387 3458932.9951535864 5229726.304285377 -326061.2960405576 13482963.36643045
15048482.057852233 -361858.1858614627 3468638.658122422 5242720.460212896 -344838.7819669894 13495876.441122627
15072521.114218455 -389258.1387882892 3473828.6439922876 5245336.801983971 -286685.5618176495 13409984.510710869
15192077.51776911 -377657.83483596315 3486195.9277998325 5262211.404699989 -267526.72056272347 13355839.926713478
15019621.02172431 -351563.7535380268 3483479.6355786603 5253821.702152275 -237875.4947717856 13420260.808153298
15224804.641006568 -359582.8103507976 3504497.8095224802 5288162.343794217 -237625.30592636007 13439490.202970741
15334824.220699549 -310047.4664893216 3539757.294476761 5326899.63111592 -158549.61199152787 13328507.692864044
15357281.227490451 -310180.2165699956 3558314.7227195483 5351159.762200977 -175532.57920852184 13382989.907531494
15268463.644657817 -288630.1100550194 3532119.430461945 5316654.215154552 -153665.1589690876 13357992.97085308
15273587.538668647 -300485.6150755367 3544392.9376904992 5333671.935615187 -181165.303715398 13423206.33029611
15287077.06460376 -225783.11692881768 3530835.8067007214 5309022.636040029 -91960.31783637438 13214987.698526328
15239681.798749262 -227749.6819894127 3520317.332303666 5292870.960466295 -88304.81216474605 13170755.880997587
15314807.136677189 -227720.4757523208 3555116.5959956567 5343629.642125672 -84736.13408355364 13345220.355073798
15243965.630404525 -238825.87953006133 3527546.543317092 5307628.253372146 -108219.74960948527 13302575.241041953
15180633.308466336 -165133.3407124043 3500497.3397542704 5270864.61647259 -18395.998941274724 13225717.280347766
15069786.773261823 -169153.5731127894 3473827.394696984 5231066.662374682 1137.3862175013364 13127343.527831746
15204117.579248065 -176516.8332542905 3519163.5671915533 5296818.874356161 -26759.09385770657 13310661.196421433
15134657.646170843 -158760.91214040422 3491004.9205901185 5255093.877734267 -14574.510106919033 13165111.414649775
15278648.363321468 -145528.69805858601 3507135.707930097 5293040.067691125 31537.314261107385 13425167.157093218
15170674.420053864 -110212.41521623917 3480980.8299985235 5258018.079793203 81474.24020305238 13408108.60150553
15278498.569625003 -140823.5129139049 3510283.709691112 5295326.7520061005 23404.98662930052 13401794.611345986
15144514.31011244 -160974.8827953025 3492171.584170259 5268895.654341587 -6267.837939032316 13405623.645131543
15286433.270664794 -118810.31459156726 3562545.704185413 5383594.715289649 114148.30816289023 14009455.31645752
15135683.048661638 -156824.22688942502 3511274.4004372475 5305898.987409658 59194.83917747943 13734259.58890007
15261213.794388235 -150544.86929341833 3567297.897922397 5383849.5659393445 38287.447331008196 13935223.561244057
15169037.962707236 -187874.17046764068 3530426.166643028 5333267.751864386 -455.86668121808225 13826941.154960807
15175187.178332234 -223106.7481389063 3579543.6302744406 5406120.399691478 -24400.43253486825 14197260.784026671
15061261.166670928 -211485.5156773285 3555770.9958278667 5370775.863920481 -11703.128368161262 14127294.015415646
15142842.883760653 -211987.92068868046 3557690.0036189365 5375497.586502638 -1908.5125492344428 14097928.593062794
15110565.251747105 -222124.80739039325 3559746.8572111405 5376258.525693946 -8071.40153129702 14100174.194320133
14289131.813415611 -756470.8130964973 3375857.0597032886 5121062.6047672 -700315.98876483 13863264.609236361
14612573.755581096 -672646.1576179012 3436308.120305147 5214561.056853565 -644132.8231083326 14079868.267322429
14348814.469523774 -716117.3602960672 3400001.7995178862 5169221.157217812 -595224.2900431975 14235568.717326019
14705143.255080478 -601529.2098542583 3448819.2131630233 5232705.83701802 -575739.6743418012 14074950.397835422
14993100.879339442 -482452.7693212122 3464085.724321464 5244419.638824067 -488261.94341034314 13685405.510188043
14975241.815728555 -485656.9437072715 3460731.9193296777 5238779.7815708015 -476955.47325707524 13664251.27115417
14944417.36155493 -464335.5639204831 3437422.3412219817 5205996.926305356 -461708.63364491035 13552229.274924137
15033801.22131324 -421845.50167739333 3463470.7722432967 5245853.362575297 -419407.01887552126 13686908.762155987
15008860.58524245 -369464.9973145022 3468904.508450899 5239092.737643217 -316073.8733928859 13457094.654457765
15002071.885000056 -374882.75309425505 3475112.8426195486 5248722.338913301 -334120.81738284737 13519892.097435182
15009792.643752292 -354835.63018849393 3468794.6007406274 5242263.399609186 -271341.15066866844 13521993.863627214
15020766.26262073 -343372.151453604 3477242.596746021 5251768.421784067 -270050.4270301652 13515264.828103706
14989145.939427283 -314524.3663025215 3486077.5943751927 5253261.013358257 -207746.72587867157 13382366.980008885
14994436.541419756 -326471.4895425022 3495255.1620001053 5264759.542571181 -221223.2718804987 13405140.525229294
14994264.397977522 -318330.1315892169 3486136.551553833 5253504.09855211 -210816.20784492936 13380813.196626946
15062213.727436975 -312114.88494351465 3521819.3179412726 5300025.546643967 -212314.3973537182 13458272.003694344
15100655.47323689 -276930.0178052952 3526971.550767181 5305439.058415525 -163104.5082329219 13414751.357344097
15095268.68896033 -267232.09200862155 3523634.0588194435 5297440.206310755 -153881.9376544095 13333585.92793878
15148290.007429665 -276276.1308914428 3542263.9086244367 5324507.482012465 -167496.09944288456 13412053.419466887
15240764.238414371 -255322.7902949013 3571204.6676790463 5365001.488248027 -169646.51963649687 13492762.616304025
15150053.215124834 -196696.92665723906 3527799.9463101286 5302445.064811384 -73527.26892291916 13287249.020346377
15130413.727510959 -213136.747163557 3517814.598521491 5289916.998660252 -85940.24912064231 13276004.83958541
15137003.569996346 -209874.282146252 3521553.8991026585 5304687.545634099 -79958.27300314717 13482561.314116098
15189146.883080324 -215625.69766424838 3521574.4751580926 5303777.511654873 -83565.59679661317 13411764.65251399
15161238.427486463 -168534.18019459536 3501231.65252792 5272033.6192707205 -4213.920340190582 13252337.37467052
15128275.861390574 -165915.95120426329 3472043.4695562436 5234970.550244489 -6819.021982871242 13186178.58102902
15212605.306384994 -172705.4021873169 3515401.825803455 5299277.078789563 -35890.74141713071 13434095.868443428
15184354.273680264 -178525.2712840745 3511567.9643248147 5290638.684468012 -30501.625389824418 13373923.948452527
15199574.118240613 -135320.04842824384 3510660.705486209 5295020.959360255 21328.237791157953 13466309.299958497
15204548.38149315 -159857.23723127795 3499633.3907479593 5282294.249649146 9020.137245259919 13449401.711917078
15193297.5860432 -149109.95798564135 3508777.253679745 5294527.86518021 16165.873193880183 13504159.895745464
15185222.051986884 -154941.13597455143 3504959.0654488914 5288690.467741925 17116.62876756951 13479487.6026759
15217392.423303258 -147847.68899007037 3551505.284272016 5359470.937323575 50697.627357722326 13838909.851089101
15148145.03451744 -174756.97830265446 3534939.9814105863 5336384.373530488 19705.44759602369 13810862.58205416
15282855.398681033 -168228.56041107734 3542411.7098289635 5349593.407621395 16988.528296821456 13775954.935623981
15170494.990062693 -177366.28431126327 3536260.394649504 5341066.725432112 25997.719166247265 13853110.577565378
15169826.9776248 -227002.6917342317 3565844.924939666 5383191.726517998 -29239.046788106578 14045419.011648608
15136037.52269097 -210552.04589828846 3559593.1002857154 5373966.384890337 -2922.781039476229 14032241.812977357
15179035.598070245 -231491.80253562162 3567070.1099237283 5380730.105310607 -61211.09936850587 13960023.887583757
15162020.727562306 -225469.93454981595 3552774.0295632 5361664.275903875 -38873.66856386567 13910235.952232406
14332339.297298042 -740706.4215437513 3387461.6272701668 5148435.173502119 -623940.3202201545 14112207.983517809
14759778.06507392 -594369.8468387255 3488884.4329373227 5288162.163599287 -537538.1330034455 14248007.27329763
14403744.375681497 -672812.4642320377 3417997.626425529 5195394.178084664 -565451.1427858755 14308190.978491666
14935073.668426532 -559733.3871620551 3506285.4903173777 5325368.206970612 -466325.2801374933 14434009.232312683
15037740.129426414 -449012.7682413876 3476174.9689692534 5268957.295043474 -390221.7450440947 13865556.017797764
15006779.078403417 -433850.5555993688 3479718.0723641603 5268535.669855125 -391213.9484115614 13810136.371609613
15021079.840134654 -407100.6585124 3494866.2065704972 5290698.084549843 -368886.6014372313 13905824.984943014
15126295.268737642 -407080.6977016111 3517029.1931161657 5321908.509977324 -350082.0446857471 13937232.394489402
14996980.389776742 -367050.42298531847 3473805.2719653053 5246517.862810458 -300437.2920156226 13509660.564590145
15021103.007139828 -353901.6784941888 3473234.3485693783 5242851.203662106 -266043.16179087583 13424765.153620902
15043211.649397405 -373019.3972979404 3493799.644009162 5274939.624138406 -265239.88242460066 13591988.40063297
15080059.414584065 -323820.2178429323 3510854.113285384 5296806.979290397 -208849.68997625352 13617289.483694844
15100364.064902721 -264917.32022991974 3535846.0707967365 5319530.60020116 -152090.24020261667 13501634.104892332
15118960.176667213 -279162.88600499486 3555622.15237153 5344635.7900304 -158494.78476912683 13550068.047282128
15141594.339963116 -273027.38486436626 3548080.8270215564 5339260.350540003 -150161.96072687308 13585834.234121745
15105823.433396265 -281707.7690414032 3547022.763850797 5337568.922626022 -155215.16727088977 13611054.017010216
15115381.65745851 -238750.16758571618 3507620.0367416497 5283091.634985175 -121900.48500832706 13378809.999238307
15120485.972280249 -250792.92636960332 3519151.087494144 5298420.327904022 -146668.87192691368 13426596.430828108
15131008.626486052 -245316.39761162852 3518267.1158838677 5300769.2545875665 -114656.93817273759 13482499.732073324
15284738.04487342 -240063.97864183498 3566137.073216296 5368214.120918088 -139368.17897387085 13624528.579606995
15152450.273655474 -211799.36982634108 3521735.588882255 5304861.158442574 -87666.51074282742 13466589.695661485
15204323.522618316 -214483.74473987398 3526315.058486238 5311319.77523734 -75898.88984984232 13443140.458596135
15223979.067611925 -213308.02362130344 3538548.938279074 5332092.111391114 -104688.13781656174 13569786.309191227
15225395.537782345 -201863.2709966784 3544649.103517561 5341291.358757416 -67044.78167443014 13618151.153696239
15191900.195801858 -175823.93836189128 3513721.2184605515 5297116.160132784 -19456.069183119514 13448555.976084212
15171688.116939977 -158593.11128195847 3498001.4807251245 5277485.26875341 -457.83380929820976 13421984.438813198
15196757.570446152 -176970.30929823001 3515963.2007596493 5300824.421909993 -25683.626884912537 13468540.2496977
15175555.275201878 -157988.96827631097 3497964.521211199 5277555.569301101 403.681750903799 13420336.409806224
15267480.826336602 -153030.8370909317 3523645.1392376153 5314710.118847396 16457.429782738065 13506528.238591164
15269681.647163177 -153366.68829155513 3523415.1045368235 5314432.18766691 16173.565530171882 13503829.542894362
15198555.373694971 -165434.20240917793 3517570.7291332115 5307095.16448885 -3101.3586552098777 13556791.657906225
15199011.535532046 -162918.93910113364 3513609.911748189 5301237.483429125 6884.702574014482 13526319.797164952
15282575.159272427 -171673.7029998519 3547027.781745115 5354018.638257543 3335.668224649634 13763186.198838184
15314917.79409937 -146871.82626575642 3554662.3686614134 5366673.889698632 29085.592022619818 13815987.685884906
15248977.702352138 -169994.3212839505 3530599.5823917757 5326421.446835766 -23989.132007494234 13606260.21427338
15247412.97300937 -200232.3148218237 3551389.7989042928 5353933.495478388 -51684.52660951672 13700681.146882374
15300695.52006492 -218925.41594150366 3573172.5092056612 5392131.00975049 -70567.59693070821 13932129.286812356
15290163.687226893 -224227.76856967504 3556316.735938129 5368236.854475767 -84779.15563059683 13835605.048797997
15286781.389688306 -224871.5923737756 3559078.681302383 5366548.190679131 -88591.38273144321 13744451.208906751
15220387.439050544 -240184.6976001841 3550927.3722634623 5351802.242621986 -93114.5534491571 13695255.013781954
14602775.351590682 -611879.7566536905 3470615.4600373707 5268115.347835045 -494401.6508072465 14405991.065194778
14935664.974625997 -521715.4516619252 3496894.272853891 5313721.43240337 -432648.39600955835 14407089.298936443
14632126.132895598 -540001.6443897093 3495539.3599229627 5303501.507183421 -424121.48978828604 14536037.701646442
15068740.969185472 -434183.4960479892 3554379.3089568154 5397327.348675536 -374453.96215194126 14681460.759508232
15086028.698489446 -405533.75844311947 3515686.827306438 5323300.450360834 -348172.6962532718 14034869.707341174
15097547.570247311 -375122.12354431825 3516422.70479731 5322971.942101682 -318494.1198707276 14000591.48115445
15089417.155260976 -373990.6092431802 3527675.3514902946 5342887.745401464 -293236.37605130963 14159479.701565314
15110918.45343106 -349970.7108198958 3552516.5747458325 5371859.721685038 -262908.259640049 14170911.092855461
15028047.996136285 -359732.73553879955 3481988.141429884 5259676.107602647 -254849.6148756682 13561734.8012093
15147558.506673519 -290232.4827507334 3530733.9851143863 5324967.503497565 -180054.00653473425 13675643.69465089
15158613.746454699 -308594.8937893179 3546690.0610042047 5349935.543856815 -201408.0897366506 13812915.579941807
15150067.884829018 -282308.93755430257 3546587.5754149547 5349831.949235174 -145306.4190182968 13821644.26387744
15108543.36222929 -278252.24052053737 3530105.1833829274 5316526.966131505 -157444.75090921784 13559681.680058613
15188262.518602004 -276500.56635849486 3565473.2066001086 5367813.070506961 -150054.8884949445 13727588.139125768
15185246.703643536 -265001.36312260816 3560851.14657671 5367828.717251454 -140125.32711227046 13832602.206919057
15192832.08499431 -255985.06125283608 3570231.1454091268 5380702.417853119 -127755.52740440225 13876130.894327842
15117041.85604761 -227158.68369889172 3511537.809924538 5289830.668485285 -84766.42743462294 13425739.490527898
15219475.724270063 -242294.63125122053 3547777.305247534 5342113.959722311 -119423.32566868438 13571702.537454484
15149870.09199823 -243056.44412438662 3547346.2248067465 5344968.144702285 -107550.54715471304 13707875.671803415
15231534.735314524 -247218.24095104687 3559812.2727079922 5364274.320653841 -124670.31446661681 13738081.489973642
15198842.131322099 -241914.62441575312 3536081.310627913 5324892.586302752 -122218.66778762729 13505220.538312552
15199768.313248815 -223937.76373082335 3535437.276189477 5326919.502156649 -107283.91329780432 13559001.414766539
15209014.212531313 -233925.7067797189 3546554.909620466 5346418.930800465 -88786.16304088982 13695156.190053895
15279521.40879247 -226370.33787703337 3554431.0756140733 5356811.273227988 -94577.07017635257 13659220.18210633
15211316.993726382 -196829.48766221764 3516969.7554208897 5300875.837488085 -75657.62117689825 13432864.889276197
15226128.056209221 -197381.51538749237 3534456.3114989577 5324209.915436808 -52506.3358587409 13500031.1505824
15254999.37921358 -217276.77726217586 3544762.366492172 5343097.783743627 -101991.85150873655 13622184.016166665
15235115.248822022 -192834.1540743514 3544306.810913879 5341340.036015866 -40378.08197996301 13616935.406091403
15232137.479538495 -158580.07414375842 3536240.544049564 5330543.194228481 -3216.5574818192895 13581434.225822737
15223971.468637537 -167395.52175111626 3529198.4091178835 5321955.072696658 -11656.227151147497 13572764.742000485
15213330.41631336 -174741.60214253637 3528807.794386815 5321966.040932266 -20750.9680131654 13592218.71747423
15213233.275383135 -175047.95382708174 3528781.097872359 5321943.190635988 -21025.339433062647 13592446.151000293
15247751.911918104 -217311.6723421797 3549043.8925423725 5348750.935387452 -90681.66856534702 13648300.962885482
15247563.077347426 -217360.28378359936 3550014.15883197 5350458.360973188 -93457.61533708821 13661292.444783363
15240723.808767447 -199000.3876286097 3551689.735998494 5354228.791762664 -50707.10254360664 13706677.608744863
15251118.792751798 -208263.1074715114 3560296.249910038 5365002.067691853 -61666.856301084255 13722404.829128416
15275858.980464004 -225266.1214301848 3554752.46137753 5357226.444381288 -93641.21935290672 13664115.58756415
15294679.165953156 -209660.20137694423 3564578.7603958277 5367109.21988587 -84028.77022592994 13626772.335187795
15242923.553061916 -215086.15182375125 3550094.012337405 5347950.394765316 -93349.36126111666 13614015.859653292
15260640.229716105 -221964.78456964172 3553869.1075461926 5353189.452835491 -94849.07967775903 13618028.254145183
14716410.221790954 -501167.7381551951 3533245.9439711627 5355214.769356329 -409661.68450391316 14656473.86668617
15141535.40249359 -411723.40023535216 3603625.965145979 5459622.890812101 -359116.2935422374 14771150.640893752
14947099.070122495 -483163.75735846 3564024.6888182126 5404192.87932453 -393336.3488748564 14728214.923338724
15142829.651977452 -407239.18709637725 3619663.907727805 5482011.301766775 -340476.6650605294 14864789.946112547
15115602.496314673 -359350.23487964406 3569699.2997847414 5401882.345352351 -239294.4485251144 14388659.269849611
15172001.819463704 -334151.794730116 3597440.7520545516 5430835.132682551 -214272.54913567216 14301004.00105881
15155479.054936124 -344456.0103639773 3599180.452813425 5435952.976512652 -221630.92745080707 14381610.133631242
15187531.987688875 -292314.6925898429 3626952.172756451 5473250.586227264 -126534.93093195718 14484531.717734365
15105411.48747405 -297782.31711854954 3551221.4027863005 5353535.8784696255 -167726.2626655787 13838434.971567059
15177756.070815058 -292355.865927995 3567734.0959708467 5384082.551841827 -143934.76468659003 14013744.649449037
15133430.958886866 -300895.8680928936 3585843.2659354038 5405257.387875835 -153508.43176154717 14083164.734775143
15160129.254353095 -273578.707469529 3612300.889597677 5442147.51968527 -105338.69877882677 14212201.38198586
15217797.740137124 -260982.43512804704 3564753.115653877 5376109.1574922735 -123964.74766908982 13879816.66613102
15219495.954569336 -270462.1648116004 3571009.8116960665 5381910.790138323 -138572.82319989035 13856503.813283663
15189733.636751724 -259459.4950217899 3576692.725323813 5390822.256313494 -102655.17757617855 13939471.344044656
15210467.74137325 -268756.7269223999 3593360.3972967598 5419374.127797419 -89009.53701024511 14123085.900739001
15153114.460459784 -238540.5279925492 3536930.5779410037 5335041.263608451 -94132.78349634632 13735237.889965074
15152077.991274562 -236635.35518991342 3543689.9922126736 5347031.778585388 -84665.14133443993 13827377.560434751
15123213.859325275 -230461.95556895298 3538003.098412229 5338822.479842968 -81970.78965024116 13817167.375391345
15156952.582592098 -235441.64318128632 3547582.245582113 5355488.676176736 -65430.3280828875 13906011.35697666
15211758.86224374 -241167.88680230107 3536434.8512294125 5331413.3099529045 -119577.7198127112 13614940.398031306
15213868.79885485 -235310.08899009472 3543813.3261022684 5340709.3185673235 -99828.42662531564 13636424.1857097
15230812.189645665 -245153.4748523449 3553538.1741016866 5358403.532906725 -106406.50535124072 13759418.441335414
15225876.501776768 -241129.72089576448 3552863.681212645 5357556.160077284 -92836.87463978904 13762245.513778208
15201692.140318634 -238136.9069387197 3534652.4995736317 5329932.842916551 -100372.60415843342 13634609.511837583
15264622.216806216 -223215.1015038514 3538916.6933191163 5336853.863285937 -97409.22037073849 13616287.564600488
15208713.107184362 -232936.2042252751 3542230.6326236962 5340901.549720618 -84068.70958464309 13680243.776005546
15253466.893658461 -216973.755023619 3549759.347575624 5350158.551478339 -92982.13618450405 13654998.283067318
15243611.443756254 -222673.95978626003 3542182.527904314 5336684.328731147 -111707.77866118042 13562059.304443397
15246555.519367509 -216194.65667222918 3549999.75206339 5350390.285394283 -92387.62061663666 13661255.43077444
15261741.583288262 -211327.9016390328 3552484.075914408 5353820.769485284 -91014.01072061557 13660023.927831396
15247307.589476604 -217497.67561861122 3549955.389267757 5350368.576205162 -93583.8980653461 13661045.163836565
15243534.249642015 -215160.4061104145 3550105.8983742553 5347989.758875848 -93428.43664138643 13613930.954142332
15253706.46319288 -208855.29725957118 3553020.0004602736 5351932.744362681 -90858.42853630452 13618508.20938506
15241916.04518789 -215992.24523530665 3549173.2428312604 5346302.11142478 -91479.81509026646 13602314.616940543
15245159.677194398 -206766.57841094866 3560609.911934301 5362823.006343203 -62378.012092446865 13677882.170923848
15267808.46227303 -227951.8220410212 3559400.3334822673 5360525.009145785 -102084.00787911928 13635884.195690533
15264774.980285363 -226894.10588137576 3559724.569091144 5360924.648987005 -101069.1148908331 13639777.28999761
15222197.967573896 -202170.47874397223 3545541.7328873095 5343111.889573932 -70568.34264985874 13638121.497829495
15218988.244598033 -200524.70405128782 3545088.2925564745 5341794.445595933 -65985.86367599347 13624958.026041772
15004358.29009537 -418487.93413279625 3574143.4840698345 5422291.423532456 -302278.7346781758 14810312.968293643
15172170.103313351 -349219.1780798452 3642236.574429996 5506881.145491685 -233661.8735479243 14836247.585759696
15107747.213188542 -321510.7781611432 3628441.145474099 5491196.558470931 -207696.89622091438 14890478.524946887
15277161.149872545 -298883.5624022563 3685865.2502901987 5565497.153678797 -181293.87057116142 14943746.131601408
15156160.422497416 -336788.4172579767 3621953.3241410796 5468444.894822253 -222530.045078074 14529763.91166018
15205069.512065968 -301778.72359663295 3640308.6947841686 5489565.745588036 -149732.62907162716 14499453.905908825
15167368.405225888 -281349.8861957099 3622962.645808173 5466480.977998372 -130449.08527155101 14457072.700938687
15221123.774310254 -284129.4031069713 3636365.9336608467 5483488.100026704 -106800.095789046 14448587.543930177
15159998.995810065 -310234.75027024857 3601959.811424326 5433538.437032175 -165013.40532472613 14267653.668712465
15170321.974932572 -277701.82154116663 3615753.2848147345 5447568.055437342 -117505.63580588678 14234466.676560773
15203628.248247921 -280220.5102886619 3633535.3414672688 5477595.566592737 -109029.8535163047 14410505.393476428
15213683.983398015 -266626.9959544581 3628657.2206333424 5470178.973321697 -102544.08170961373 14359436.462143084
15120799.440095482 -264944.0730041915 3575966.2803127985 5393492.124880002 -97558.38201031994 14077784.665110104
15194166.472721482 -256358.97541428567 3583981.915816167 5409262.261591003 -76889.1074138895 14143476.422558218
15149155.914600505 -269673.02063440735 3580225.699264947 5398628.231571733 -89359.59156315538 14058443.113845173
15162556.535152014 -256048.20065364125 3594321.4396981737 5420235.575361035 -51071.41141324028 14167083.109347234
15125950.288405543 -231169.55649547803 3534232.6397114396 5333566.2841077205 -75033.08688917711 13792257.081682153
15134474.421643522 -232553.36317372826 3531020.647589131 5329719.979739884 -84960.87892684752 13777470.717432603
15131681.093575347 -220722.99743962963 3540788.7491478864 5345447.518638807 -40689.710676524424 13879916.580997998
15144090.184943313 -215926.06542074415 3552215.4454054213 5361301.021593303 -40641.12213799903 13933190.25632663
15151821.115545113 -239576.9973553994 3541708.721670746 5342039.62472745 -86421.794395404 13771379.304644456
15150905.924576605 -235155.83196755787 3548424.4687827416 5355025.383753807 -62406.00173531324 13884263.226022849
15159670.662638005 -224604.6012970334 3552791.843430061 5361637.97238457 -38072.4372449212 13911668.036237067
15156594.747306235 -226266.148424452 3554285.6143918503 5364548.662972449 -44375.722266504476 13940094.78794817
15225902.54789168 -245074.0747708686 3552319.178049296 5351360.421707871 -111239.76840066571 13650283.778631374
15223822.427731706 -243543.82525657603 3555103.825551471 5357180.494481589 -99924.76873296282 13707503.105421413
15224975.24938231 -240197.588323491 3551563.237100051 5354874.709142361 -87409.46942456218 13738127.533412859
15234511.71756509 -234892.61711864691 3554412.2879814627 5358764.4662151635 -85782.30570141418 13743707.085147219
15325723.037988223 -234929.94912459594 3547031.094135469 5346135.69579133 -112925.35214843838 13562306.597565547
15276286.518771915 -224991.21200815507 3554582.674528021 5354504.095692475 -95270.93058335214 13612976.368409475
15279868.351362046 -226507.69318175653 3554375.425257948 5356744.013335496 -94702.26228274876 13658752.358796045
15247995.582262158 -215224.67143075712 3550059.1437456114 5350496.042944732 -91452.7283833997 13660623.927350778
15274754.117357036 -232192.80563391416 3562661.464596301 5364442.396704623 -116346.87638879794 13635541.379356563
15265743.902788365 -223982.810782643 3555229.444589048 5355178.613640488 -94617.36770803 13622780.39487791
15249541.779275095 -218432.63695541496 3548795.6919102166 5345327.748706762 -115663.28390587326 13583507.760211302
15262070.366217095 -190933.38209499113 3570605.188641591 5375357.4290708555 -50629.78308050312 13691763.878654353
15153280.751931164 -222471.89726383734 3530109.510932707 5316687.148106464 -115150.16917673784 13518052.758663366
15268148.55796091 -205429.3080737242 3549953.7974260105 5350519.0622155415 -71399.71679117077 13643248.943548542
15153328.765374925 -216511.3688647987 3533574.921669547 5321718.657221516 -87883.81105615234 13542395.884743407
15212378.247019377 -194399.2204757163 3545732.641702374 5342162.149965243 -46625.726789822445 13624746.425545
15147791.418428712 -297560.41151027475 3650412.594727272 5522670.791701812 -179719.5159101893 14996547.232667545
15218677.063363368 -258857.09613892817 3685110.112251859 5570022.288832408 -143460.96301166978 15109346.090553584
15197115.090987561 -262848.2713976125 3680943.1492512757 5560364.435075592 -121918.35664287317 15029424.31480939
15206753.069855757 -257318.47538596956 3679707.440900863 5559041.977952104 -131399.65572753316 15020522.718045814
15201045.716506 -281364.4789445778 3636320.474791085 5483595.052291697 -124004.05540210904 14471804.697023544
15180262.247334938 -254060.46238354122 3636887.778569218 5483292.392482333 -73932.12785144128 14474054.320534077
15208268.24894327 -244994.6642827829 3652387.8736221506 5506770.94097893 -49281.43418045928 14574617.217532452
15217156.031754507 -236541.8301440626 3657501.344341227 5516877.624248488 -42135.55329657198 14655366.749166992
15184709.057048092 -272265.5515090585 3633806.9357189704 5477385.777556192 -88553.06835198902 14419253.693240741
15200150.984632764 -281054.60236033134 3633091.7842598474 5474439.736909488 -104406.24800776008 14360624.353621094
15193758.066533905 -261394.7575143632 3626787.858723997 5468477.880674367 -111390.65091944372 14386466.466174087
15182345.600136394 -271094.47601907025 3630402.860735457 5472759.291950821 -109921.91733871298 14403977.168289645
15165220.515117727 -249568.35939723454 3580506.831066172 5400395.059060832 -74412.90940325601 14071530.162902694
15141235.080761805 -246270.30760755544 3600226.909467699 5427742.322457598 -49841.0307735319 14208619.170285577
15084104.108415177 -207757.39601839302 3566334.938055656 5382937.489473141 -1679.9549462974219 14115276.850283697
15114166.331866475 -234535.07031273827 3582257.1500052195 5404238.599104896 -45418.894589734824 14160948.168996502
15139784.308161268 -222066.49025854876 3545589.862204661 5350046.47796206 -48888.953720812664 13858168.090417363
15134098.136054188 -222964.8731447119 3545192.4825526616 5351141.697727933 -46533.19405468509 13894501.031948691
15118673.166252458 -216855.4359674638 3556294.8533287835 5369149.753052537 -19672.065161862443 14025834.921414485
15141173.43048226 -209505.18836798167 3555280.8588248794 5368003.075647375 -7688.865162336963 14002709.01364455
15159495.47685183 -241478.55426106724 3546432.00949869 5350187.268481504 -91618.59195930543 13822745.468645139
15176478.403866088 -248189.08581079976 3558095.15185257 5367254.922824501 -71319.96106591633 13890526.529076478
15155536.067290947 -208643.68619211603 3551761.5447636493 5361214.815851272 -36220.669494102876 13930006.054437941
15162246.054409057 -220898.56597973313 3556955.1046092575 5367454.758527078 -28394.90838192983 13933836.632472089
15223467.79234974 -231352.49334767097 3544920.140220073 5346483.632377422 -85577.52606172499 13717961.559326226
15226827.44113154 -241144.87204988807 3555156.4776755003 5357261.463726779 -97510.11107200316 13704959.148625268
15233063.196911475 -239832.03388163273 3559523.6132343896 5368958.887408197 -84936.51606202843 13836594.849968387
15224421.69846018 -238655.8584150698 3551756.228819079 5355146.182429225 -85973.64127609166 13739864.74184666
15218489.190679714 -243195.50371056233 3552602.6307989275 5351675.582552057 -109757.44362400759 13657764.393081255
15280414.363462254 -226445.19009601884 3558873.8344529932 5360030.694658959 -100263.74591121264 13624974.98820948
15284465.410354026 -228014.38792761913 3558810.32532044 5364528.200722362 -97231.3925339146 13712271.258451954
15279811.05983553 -228122.34671275233 3559040.034112224 5363273.662352025 -103397.34418613954 13686781.251239657
15254689.206553882 -224836.30889181493 3540431.401719663 5333043.541461022 -118212.56607195779 13516690.558131943
15267334.523099987 -226254.6112797094 3559580.02499144 5360747.131415942 -100394.14100743542 13636847.374469101
15237728.738739759 -223770.37355528524 3546967.273296815 5342697.915377847 -116721.03529652883 13582949.3315885
15263645.05394377 -193774.58353031747 3576026.735040034 5383297.764950518 -63150.55028141618 13729721.901119692
15200544.155065611 -221031.03537869002 3530268.277855135 5319566.291285971 -100803.71772446846 13524879.328645708
15143799.179558309 -209215.77551522746 3529897.5121903247 5317167.549751549 -77753.26984805375 13541806.353181956
15146029.24461167 -209110.82233724958 3525747.8999348884 5311046.780220998 -70209.29610297912 13508452.33399613
15199133.342725182 -217938.76717007908 3537684.8860425646 5332449.79748369 -79469.4926870811 13620794.916345207
eps 640
0.0018630597925075989 0.001024736445646149 0.001024736445646149 -0.016728086336255436
0.0069357514729148995 0.0009308586672908654 0.0009308586672908654 -0.016727369765709595
0.0018627453977808205 0.003916112264761692 0.003916112264761692 -0.016943137654774666
0.006934582124294974 0.0038150298925040804 0.0038150298925040804 -0.016940463924388142
0.011843579749612011 0.0017063663088390715 0.0017063663088390715 -0.026149651650836422
0.02015060486963243 0.0019828021162793517 0.0019828021162793517 -0.02615051296941176
0.011840748081347125 0.006510600850245349 0.006510600850245349 -0.025499740719323646
0.02014493107442414 0.00676743691304374 0.00676743691304374 -0.025502953260939466
0.02569065207284934 0.0023133207489756252 0.0023133207489756252 -0.039101645646013664
0.03253480666757108 0.0036988309649758945 0.0036988309649758945 -0.039106872540287996
0.025680203372315347 0.006302566914295301 0.006302566914295301 -0.03584225585816089
0.032516753132463085 0.007672672897668645 0.007672672897668645 -0.03586168874386435
0.036304051760421376 0.004066901310191596 0.004066901310191596 -0.04686559559388682
0.03977221076469838 0.005624669296896963 0.005624669296896963 -0.04686906700695793
0.036291348606590834 0.006077523624661774 0.006077523624661774 -0.043200422544720764
0.03975645415446671 0.007629598119061225 0.007629598119061225 -0.04321332256745813
0.04146801657578413 0.006133584033660733 0.006133584033660733 -0.05054381530279672
0.04262901227728805 0.007298548642423225 0.007298548642423225 -0.050544463574758225
0.04146215131704202 0.006794298084941747 0.006794298084941747 -0.04781646528884878
0.042623054873819295 0.007958044976852104 0.007958044976852104 -0.047818878752105144
0.04273819411449963 0.0076018873461410974 0.0076018873461410974 -0.05197349313511904
0.04185965548868962 0.008453047687190372 0.008453047687190372 -0.051973159753030504
0.042747867860901935 0.0070716758063513446 0.0070716758063513446 -0.04997927918909901
0.04187004522574826 0.00792211568280444 0.00792211568280444 -0.049978037312574025
0.040373629696176756 0.008351211224079691 0.008351211224079691 -0.050100030653032875
0.037170900006806395 0.008591519961030622 0.008591519961030622 -0.05009891411157893
0.04040006562028999 0.0064786722274323 0.0064786722274323 -0.0495399941190331
0.03719621446329437 0.006716630114556562 0.006716630114556562 -0.04953582581941395
0.033037112584199495 0.007104965950383398 0.007104965950383398 -0.043216556883187124
0.02484147497058442 0.005770022677133441 0.005770022677133441 -0.043219797373809446
0.03312320643136176 0.0023283716372699574 0.0023283716372699574 -0.04630674578476153
0.024912657156113686 0.000972476823009577 0.000972476823009577 -0.04631888274284597
0.01778530595780773 0.003345204279367392 0.003345204279367392 -0.027831922802440612
0.006626797854631794 -0.00018556359200442237 -0.00018556359200442237 -0.027844977140201656
0.017870629701554515 -0.003088020738168365 -0.003088020738168365 -0.03595221101277074
0.006659254214888433 -0.006668428563983117 -0.006668428563983117 -0.036001444959072065
0.0019781391136574735 0.0003900785369029973 0.0003900785369029973 -0.02057583447663963
0.00053038771776288 -0.0001157981661243406 -0.0001157981661243406 -0.020576238320585794
0.00197892149714832 -0.0004321817799608586 -0.0004321817799608586 -0.021729899128396294
0.0005305976774719414 -0.0009388538738158079 -0.0009388538738158079 -0.02173140829533563
0.0022042277767440705 0.006448142359544521 0.006448142359544521 -0.0165983705251769
0.008202114444689676 0.00694099943915921 0.00694099943915921 -0.016601503524213895
0.0022021302310874175 0.009868409735906076 0.009868409735906076 -0.015436102912618566
0.008194338765623255 0.010350958739351535 0.010350958739351535 -0.015440391513686131
0.011714489326548524 0.010511047982566399 0.010511047982566399 -0.02406308921057226
0.015356558022921199 0.01194849804156653 0.01194849804156653 -0.024084232326884444
0.011706316567449962 0.01259332459674305 0.01259332459674305 -0.02074458266847993
0.015342341037769488 0.01402482552648136 0.01402482552648136 -0.020771529574665545
0.01788995042226332 0.012244451039888783 0.012244451039888783 -0.03194647445846215
0.021142660010578667 0.015463492745869162 0.015463492745869162 -0.032002289220520515
0.01786968382309495 0.01410327267791671 0.01410327267791671 -0.024468593032312563
0.02111068259399225 0.01730793861514496 0.01730793861514496 -0.024535978125543836
0.02367546670656818 0.014841932584404513 0.014841932584404513 -0.038362292235426275
0.02716349094009395 0.018986759428400855 0.018986759428400855 -0.03840959822261479
0.02363206664175633 0.016819864018234938 0.016819864018234938 -0.028703549724123527
0.027102543589825 0.020942189932883253 0.020942189932883253 -0.028765381629640957
0.029696411295079262 0.01961142148549527 0.01961142148549527 -0.04342331159369247
0.032960074621528675 0.02360499769380811 0.02360499769380811 -0.043444170966754535
0.029630025044118526 0.021442508051795376 0.021442508051795376 -0.034101846680184164
0.03287667573461708 0.025415431798096945 0.025415431798096945 -0.03413494218134412
0.03502242087795709 0.023814533780622163 0.023814533780622163 -0.04679029588811383
0.037134895419164184 0.02665838943613957 0.02665838943613957 -0.04678826732416854
0.034964492400479184 0.024986181425775838 0.024986181425775838 -0.040161515497020774
0.03706909219048961 0.02782025271724926 0.02782025271724926 -0.040165272126305746
0.03859082186062219 0.02563829272949958 0.02563829272949958 -0.04832359257927259
0.040205664474134976 0.0266487154353083 0.0266487154353083 -0.04831883686902301
0.03854883752232103 0.026561639380644656 0.026561639380644656 -0.04598659661697793
0.040162107042877 0.027570649547728147 0.027570649547728147 -0.045983429930432765
0.041147638763272903 0.021070193697783558 0.021070193697783558 -0.048402982692644175
0.041124422500369955 0.01955209061908864 0.01955209061908864 -0.04842539808729275
0.04118645521773815 0.02107540040793146 0.02107540040793146 -0.05197422257529293
0.04116117219304651 0.019555075485477753 0.019555075485477753 -0.05199493677173187
0.040077474808671194 0.013366586980000547 0.013366586980000547 -0.043198251636455506
0.0365581665201044 0.007945187972131552 0.007945187972131552 -0.04330921951442997
0.04019200565638801 0.011428880347401338 0.011428880347401338 -0.05598116285374641
0.036648208673035636 0.005970960862947486 0.005970960862947486 -0.05611318248278631
0.027681069722575776 0.008388330211280407 0.008388330211280407 -0.03067985104915874
0.0074914648424742455 -0.0019026209868577525 -0.0019026209868577525 -0.030812915697476295
0.027993826665603218 -0.0032067738313669883 -0.0032067738313669883 -0.05450709557484246
0.007577508079637332 -0.013736807148703917 -0.013736807148703917 -0.054893960088392174
0.0015748638272824527 0.012489126173425716 0.012489126173425716 -0.013523482089255513
0.005865229725532706 0.01426216038035718 0.01426216038035718 -0.013567392501172858
0.0015714690779100526 0.014924479956380998 0.014924479956380998 -0.009434280563396851
0.00585262929900859 0.016688944669574227 0.016688944669574227 -0.009485945406918293
0.007797523105833711 0.016269076104142657 0.016269076104142657 -0.01736389785107983
0.008822191336933061 0.018945868686716685 0.018945868686716685 -0.017420335264880397
0.007795530602601202 0.016837806075120917 0.016837806075120917 -0.011266695205411471
0.008818693735584134 0.019506382073457566 0.019506382073457566 -0.011327446138177969
0.00914782368821046 0.019213436290483884 0.019213436290483884 -0.01896116999987323
0.008923289103191248 0.022647389809856103 0.022647389809856103 -0.019016036662382104
0.009158171819964306 0.01905076050267948 0.01905076050267948 -0.011156012527228617
0.008937774988530343 0.02247161381798903 0.02247161381798903 -0.011212867838904982
0.00920236057287774 0.022670448591713306 0.022670448591713306 -0.021325158897096984
0.009905688622114724 0.027329959025879393 0.027329959025879393 -0.021385194891240373
0.00919234526358889 0.022993184971586877 0.022993184971586877 -0.010704976355560926
0.009892699742006388 0.027628519499515808 0.027628519499515808 -0.010768669413933693
0.010772714450399304 0.029017973683667906 0.029017973683667906 -0.025286850100884373
0.012135050151336785 0.03548292311097192 0.03548292311097192 -0.025346240224629456
0.010736523743697426 0.029617203523944622 0.029617203523944622 -0.010528830066667704
0.012089547568117318 0.03603558245948148 0.03603558245948148 -0.010597431386025098
0.013656203589276076 0.03802946518018653 0.03802946518018653 -0.03041134517429047
0.015840258600187836 0.04670706000078606 0.04670706000078606 -0.03044375568098162
0.013566503287856167 0.038915209838105355 0.038915209838105355 -0.010570680383772018
0.015729829966202067 0.04750884251671376 0.04750884251671376 -0.010623487603242523
0.017449072794314395 0.0510603315505921 0.0510603315505921 -0.035477150359441066
0.018864160170707387 0.06228998862753234 0.06228998862753234 -0.035447887365433084
0.01742754761343965 0.05119536027827251 0.05119536027827251 -0.009758334045629681
0.01883840171343432 0.06228621108288093 0.06228621108288093 -0.009761044730960431
0.021546139216567874 0.06519376770505037 0.06519376770505037 -0.04073828150169445
0.024583761190749877 0.07913212271838167 0.07913212271838167 -0.040573347245957916
0.02132576656870524 0.06583455260359619 0.06583455260359619 -0.008767882163943743
0.024321989461892794 0.07955887654904198 0.07955887654904198 -0.008659876601282649
0.028548930806212718 0.08424659271674297 0.08424659271674297 -0.045062801468549935
0.033120194915094645 0.10037225811112169 0.10037225811112169 -0.044722492950298794
0.027904115051114984 0.08525898252392611 0.08525898252392611 -0.00809087602296807
0.032368704848010424 0.10109697783079329 0.10109697783079329 -0.007816209842891149
0.037513543095276096 0.10539289126122903 0.10539289126122903 -0.04486877251815856
0.04281150745011777 0.12133260643315026 0.12133260643315026 -0.04431220132328156
0.036232781998970946 0.10668354470502922 0.10668354470502922 -0.008574539696802507
0.04135958281593215 0.12234356948666082 0.12234356948666082 -0.008045693295869042
0.0004687337885793413 0.01564606574761843 0.01564606574761843 -0.0074339296397131095
0.0017482703552718117 0.016230179975373092 0.016230179975373092 -0.007446524838393565
0.0004683293792693056 0.016369612826529715 0.016369612826529715 -0.006090402563351888
0.0017467633292708204 0.016952907344944618 0.016952907344944618 -0.006103577867945966
0.001835697652722339 0.014171459884698177 0.014171459884698177 -0.008139779141889023
0.0007769596891891722 0.015178348999967457 0.015178348999967457 -0.008159056062481438
0.001838136543945691 0.013570885505248967 0.013570885505248967 -0.005882281010315989
0.000781101095309954 0.014576343811822035 0.014576343811822035 -0.005900867387740136
-9.991223807251435e-05 0.012967474535887539 0.012967474535887539 -0.007198062488942717
-0.001498037826069907 0.01417762513528822 0.01417762513528822 -0.007216651649433878
-9.297029954934442e-05 0.012173796697313336 0.012173796697313336 -0.004484396042821501
-0.0014885387287920048 0.013381781485649499 0.013381781485649499 -0.004501754621937282
-0.00239261821675833 0.012883849809163673 0.012883849809163673 -0.0056806815737943045
-0.003511243402811429 0.01410689852232054 0.01410689852232054 -0.005694693024003713
-0.0023844649250435554 0.012246621912258076 0.012246621912258076 -0.002933352471942753
-0.0035011790440631135 0.013467676620512984 0.013467676620512984 -0.0029462249031127602
-0.00430486665824703 0.013073158545090289 0.013073158545090289 -0.003953599328593493
-0.005440438683206628 0.014329710960456599 0.014329710960456599 -0.003963999463208561
-0.004293281554543278 0.012424788661533305 0.012424788661533305 -0.0011323163408734527
-0.005426870701280314 0.013679271147030332 0.013679271147030332 -0.0011415588568556647
-0.006246832448948638 0.012793432940239107 0.012793432940239107 -0.0020933388605071245
-0.0074653265416198935 0.014156328015596619 0.014156328015596619 -0.0021003830965964144
-0.0062300946490912 0.012095446411644898 0.012095446411644898 0.0009645058634801856
-0.007446269540612853 0.013455937109455246 0.013455937109455246 0.0009587744525329944
-0.008194195814131215 0.011402335145303956 0.011402335145303956 0.0004942787918122463
-0.009276231198132878 0.012545032307994006 0.012545032307994006 0.0004934562517048749
-0.008178464512343995 0.010783181260164311 0.010783181260164311 0.0030602896883712262
-0.009258832795494646 0.011924175369196217 0.011924175369196217 0.0030605045114912343
-0.009440411403640466 0.008197506885134678 0.008197506885134678 0.002778964854348356
-0.009300692716587719 0.008809164423204655 0.008809164423204655 0.0027780728113016395
-0.00945497250444722 0.008269769417993584 0.008269769417993584 0.0041515776509273876
-0.009315920399098806 0.008881135563740148 0.008881135563740148 0.004151015684758168
-0.008531280812173666 0.004417413473257306 0.004417413473257306 0.0036130819155746783
-0.0069768860059333405 0.004423791945539363 0.004423791945539363 0.0036005292892734436
-0.008589590432111667 0.005290374816026014 0.005290374816026014 0.0036030033137567224
-0.0070364445797135465 0.005296340132002876 0.005296340132002876 0.003591458221726535
-0.004334076777882463 -0.0009443496043808712 -0.0009443496043808712 8.645105200320884e-05
0.00106943174091049 -0.0007004219263364198 -0.0007004219263364198 0.0001297776053795099
-0.004424686373121997 0.0020701800828733705 0.0020701800828733705 0.0005481160866829967
0.0009859104944422562 0.0023065007625973195 0.0023065007625973195 0.0005823550862135987
3.644025078028393e-05 0.01668330344942232 0.01668330344942232 -0.005052136184460581
0.0001360158810588266 0.017344597613842386 0.017344597613842386 -0.005069605262693595
3.636503034534293e-05 0.016739385891702877 0.016739385891702877 -0.0035552647534301887
0.00013573509455760404 0.017400204289510005 0.017400204289510005 -0.0035726412596879032
-0.00045142169570797346 0.01303338280037605 0.01303338280037605 -0.004442571288056934
-0.0021940921279691404 0.013792982522589751 0.013792982522589751 -0.004455762680401329
-0.0004477343592126481 0.01205044693533906 0.01205044693533906 -0.0027563570728073214
-0.0021884042036749984 0.012808570015366947 0.012808570015366947 -0.002768626453376083
-0.0032441753675670395 0.011182115833346884 0.011182115833346884 -0.0028617902160901466
-0.004423010920553605 0.011946436192017561 0.011946436192017561 -0.0028718444430945447
-0.0032397508603217123 0.010517020580276018 0.010517020580276018 -0.0011536260293557882
-0.004417321838342894 0.011280314034152103 0.011280314034152103 -0.0011629427342688544
-0.005211627052765346 0.0105754675603342 0.0105754675603342 -0.001281496864346325
-0.006234018403537943 0.011350530548886925 0.011350530548886925 -0.0012896654066689047
-0.0052062522366183315 0.009997943607617098 0.009997943607617098 0.0004528048541950504
-0.006227613557417077 0.010772059395720091 0.010772059395720091 0.0004453628187149429
-0.006981903950096758 0.009943155032025908 0.009943155032025908 0.0005228548453018794
-0.008065810826851892 0.01068820944264763 0.01068820944264763 0.0005174078751659687
-0.006974018911581938 0.00933147534030156 0.00933147534030156 0.002188955065233658
-0.00805681967586426 0.010075600510867786 0.010075600510867786 0.0021841895473838717
-0.008751620917850682 0.008667068624703499 0.008667068624703499 0.0025910740454419003
-0.00964745838062424 0.009275967580948959 0.009275967580948959 0.0025892772586037886
-0.008744054152622454 0.008161892478789033 0.008161892478789033 0.0039545923096805016
-0.009639111512503615 0.008770170686240896 0.008770170686240896 0.003953219297584577
-0.009995816876998463 0.006219400113147498 0.006219400113147498 0.0043105072128917935
-0.010230998166457254 0.00660408956873975 0.00660408956873975 0.00431062509863369
-0.009996036494990807 0.006084540185983341 0.006084540185983341 0.005174613873725956
-0.010231173092473633 0.00646907124750763 0.00646907124750763 0.005174874530148675
-0.009918044102775667 0.0029904966329686476 0.0029904966329686476 0.004752222010782795
-0.009038668746449912 0.003156491862377056 0.003156491862377056 0.004751829307366406
-0.009934032915521859 0.0034782431940751915 0.0034782431940751915 0.005118213131104021
-0.009055113403102163 0.003644027063873752 0.003644027063873752 0.005117938280804396
-0.007854847599744707 -3.869554274427755e-05 -3.869554274427755e-05 0.003511125203257183
-0.005634295617578701 -4.2620475608565384e-05 -4.2620475608565384e-05 0.0035124506810161773
-0.007880939506448829 0.0012031540722515404 0.0012031540722515404 0.0034794012529377086
-0.005659997400266982 0.0011978934394470606 0.0011978934394470606 0.0034804787689684583
-0.003201948815889681 -0.0021395560447434454 -0.0021395560447434454 0.0005827143512843312
0.0011678667011395527 -0.0021463019769172548 -0.0021463019769172548 0.0005787540931262256
-0.003242690991104521 0.00032088001885710035 0.00032088001885710035 0.000518772157526425
0.0011265929890339377 0.0003088734899198782 0.0003088734899198782 0.0005158114490878873
-0.00038866611686142887 0.01647758070554495 0.01647758070554495 -0.0026085909979639403
-0.0014512753502339787 0.016966058944092945 0.016966058944092945 -0.002619750443925273
-0.00038843107972960097 0.015879106986124363 0.015879106986124363 -0.0015243974029006955
-0.0014503970313684117 0.01636701299038501 0.01636701299038501 -0.0015350510955010313
-0.0024058798205698223 0.010983824756221507 0.010983824756221507 -0.0016899616950662943
-0.003990610966031978 0.011529482448712337 0.011529482448712337 -0.001698845190416307
-0.002403399286042056 0.010092650581275748 0.010092650581275748 -0.00048277709225713356
-0.003986916830356441 0.010637288764496234 0.010637288764496234 -0.0004909763378930854
-0.004934357676899809 0.009298888029311973 0.009298888029311973 -0.00010384752132182133
-0.005957849314071154 0.009807990912596124 0.009807990912596124 -0.00011005547620274622
-0.004931736903078715 0.008723369114194149 0.008723369114194149 0.0010310466674864458
-0.005954550550074062 0.009231899550084723 0.009231899550084723 0.0010253135524100477
-0.006681964529455183 0.008357550883157252 0.008357550883157252 0.0014708759729899841
-0.0076664324292034704 0.008814071704474059 0.008814071704474059 0.0014670822318628375
-0.006678257622962495 0.007804644282135247 0.007804644282135247 0.0024889724443796927
-0.007662092299123464 0.008260671428483345 0.008260671428483345 0.002485537442326193
-0.008301253492030312 0.007156575071060339 0.007156575071060339 0.003129780513277082
-0.0090944053817064 0.007548299990159454 0.007548299990159454 0.003127882331127148
-0.008297527567493732 0.006711428267883839 0.006711428267883839 0.004005045477434324
-0.009090226470040565 0.0071028133113250685 0.0071028133113250685 0.004003380070684109
-0.009535942077958326 0.005489511487852574 0.005489511487852574 0.00468497163557443
-0.010011492683550918 0.0057642974167026765 0.0057642974167026765 0.004684636027924847
-0.009533646528606237 0.005222411444478554 0.005222411444478554 0.00530107199520752
-0.010008996221187982 0.005497055857126732 0.005497055857126732 0.0053008229078427395
-0.0100817340905109 0.0031348787176329143 0.0031348787176329143 0.005586243519474833
-0.009885750173974445 0.003257939573868457 0.003257939573868457 0.005586254080428123
-0.010084382878089809 0.003242632697034983 0.003242632697034983 0.005862745283327485
-0.009888479119530431 0.003365674323040137 0.003365674323040137 0.005862777420230588
-0.009375271748655033 0.0005336280566611788 0.0005336280566611788 0.005246395676377359
-0.00826408772221055 0.000557277044346936 0.000557277044346936 0.0052465584987547356
-0.009383941111448047 0.0011534118691784194 0.0011534118691784194 0.005293151920743389
-0.00827275915951153 0.0011767290898902613 0.0011767290898902613 0.005293278566592933
-0.0070256535045757915 -0.0014503785332508927 -0.0014503785332508927 0.003384300748060673
-0.004805872363255835 -0.00149683690479911 -0.00149683690479911 0.0033838285075586763
-0.007040103626567852 -0.00020651135224118364 -0.00020651135224118364 0.0032641331155406125
-0.004820102038994769 -0.0002543230663569825 -0.0002543230663569825 0.003263733866400179
-0.002897239247469792 -0.0017453566961110128 -0.0017453566961110128 0.0005184034347965976
0.00010269079781448305 -0.0016488075938967278 -0.0016488075938967278 0.0005204121870725528
-0.0029146965220051713 -5.910773754784752e-05 -5.910773754784752e-05 0.0007131064371749647
8.523927769628418e-05 3.495480661328786e-05 3.495480661328786e-05 0.0007145874670377305
-0.0006691434845968227 0.015233282804511573 0.015233282804511573 -0.000848435753173682
-0.0024995256907906914 0.015584206571353666 0.015584206571353666 -0.0008565401166081486
-0.000668854287788541 0.014203900398724127 0.014203900398724127 -8.762092970030337e-05
-0.002498444030242593 0.014553765325679924 0.014553765325679924 -9.513571612784346e-05
-0.003643832744496769 0.00917654153657157 0.00917654153657157 0.0002294948230142079
-0.004965268382097179 0.009506976365844653 0.009506976365844653 0.0002252286419559864
-0.0036425471865806198 0.00843471911775952 0.00843471911775952 0.0009581867103528025
-0.004963363674395039 0.008764554462934622 0.008764554462934622 0.0009542543488769356
-0.005805809716420736 0.0076183891103870135 0.0076183891103870135 0.0016881500794124935
-0.0067955148244615215 0.007906621140317125 0.007906621140317125 0.0016857843601457215
-0.005804120288629159 0.007063357885752314 0.007063357885752314 0.00232804876942795
-0.006793392341428916 0.00735123003198568 0.00735123003198568 0.0023258761244393314
-0.0074295162304307116 0.006381941199436185 0.006381941199436185 0.0030805742662015773
-0.008190262964142167 0.006639127666942619 0.006639127666942619 0.0030790054382196608
-0.007427694906193372 0.005955613039337472 0.005955613039337472 0.0036535585044166715
-0.008188150698546422 0.006212569565720823 0.006212569565720823 0.0036521305920912445
-0.008666078944995461 0.0050210077174267335 0.0050210077174267335 0.004480961133868776
-0.009229959869384824 0.005201821466978516 0.005201821466978516 0.0044804994982688825
-0.008664462203905978 0.004705198314814465 0.004705198314814465 0.004885202050478108
-0.009228176518592668 0.004885890408975754 0.004885890408975754 0.004884798552155005
-0.009498537813853014 0.00330960595312672 0.00330960595312672 0.00558707670518642
-0.009701040296805024 0.0033790278226676377 0.0033790278226676377 0.005587188149504298
-0.009498059732076151 0.003195967649765095 0.003195967649765095 0.0057440384749250775
-0.009700523216519956 0.0032653754210633813 0.0032653754210633813 0.005744139799195759
-0.009621724769080528 0.0012604640586700055 0.0012604640586700055 0.005956971002182133
-0.009241422941040604 0.001257708313078098 0.001257708313078098 0.005956878187958448
-0.009623459516447417 0.00147246950885307 0.00147246950885307 0.005950904550273737
-0.009243168257319774 0.0014696769863987837 0.0014696769863987837 0.005950825083788093
-0.008668514633421266 -0.0006859259052898319 -0.0006859259052898319 0.005247848742770109
-0.007518487330795252 -0.0007435449178958384 -0.0007435449178958384 0.005247524682880667
-0.00867306582372072 -4.291814198138276e-05 -4.291814198138276e-05 0.0051144468961926235
-0.007522932545341246 -0.00010090093838819987 -0.00010090093838819987 0.00511417360556246
-0.006404919908235706 -0.0017710022534832488 -0.0017710022534832488 0.0031788121948046113
-0.0045278284878595195 -0.0017919000690803522 -0.0017919000690803522 0.003178835623286096
-0.006411672331847457 -0.0007190218208386745 -0.0007190218208386745 0.0031222634200635357
-0.004534439161455015 -0.0007408866302234371 -0.0007408866302234371 0.003122262743361158
-0.003076014869310478 -0.0013805079750485267 -0.0013805079750485267 0.0008362757744507355
-0.0009766751650484827 -0.0012876962414561915 -0.0012876962414561915 0.0008371445189387192
-0.0030830402303670484 -0.0002009855273939655 -0.0002009855273939655 0.001034998011957756
-0.000983848037183768 -0.00010939695338678477 -0.00010939695338678477 0.001035619720149141
-0.0008273419771140385 0.013297770928225818 0.013297770928225818 0.00032400877943041553
-0.003091116661308962 0.013472139010225126 0.013472139010225126 0.00032158681701167626
-0.0008271331900869717 0.012025772053558583 0.012025772053558583 0.0006833054679519347
-0.0030903355165831795 0.012198694381827468 0.012198694381827468 0.0006811181805813056
-0.004324176443955592 0.007577328201014129 0.007577328201014129 0.0013813620362617125
-0.005439964352782109 0.007764846068137516 0.007764846068137516 0.001379725979108716
-0.004323578174381692 0.006951373071368981 0.006951373071368981 0.0017934307147201565
-0.0054390474710745585 0.007138510568781769 0.007138510568781769 0.001791930683464515
-0.006154906436632511 0.006082379142910976 0.006082379142910976 0.0026827834840883083
-0.0069997449402475174 0.006222964027975492 0.006222964027975492 0.002682106091871699
-0.006154044948472217 0.0056090740428604915 0.0056090740428604915 0.002993299008388652
-0.006998678393850889 0.005749442037443573 0.005749442037443573 0.0029926766628769522
-0.007533987107809747 0.004814007875957782 0.004814007875957782 0.0039620872904964485
-0.008157932041618968 0.004927156086362808 0.004927156086362808 0.003961755940871303
-0.007533118741593113 0.0044646260385488535 0.0044646260385488535 0.004213638779051144
-0.008156939444229057 0.004577654362761955 0.004577654362761955 0.004213338387948941
-0.008530710730787467 0.0034016072622366127 0.0034016072622366127 0.005071305267183773
-0.00893768204390909 0.003441834849641997 0.003441834849641997 0.005071530589639701
-0.00853003035197748 0.003173876218621176 0.003173876218621176 0.005161627694535494
-0.00893694398682336 0.0032140577523048393 0.0032140577523048393 0.005161831624517964
-0.009093876479684161 0.0018192341339223048 0.0018192341339223048 0.005788059559107971
-0.009128352553270576 0.001800388972389777 0.001800388972389777 0.0057881763208004495
-0.009093847711047456 0.0017998179014963758 0.0017998179014963758 0.005746760394976228
-0.009128318895072452 0.0017809731215871546 0.0017809731215871546 0.0057468703993310555
-0.008969205099543628 0.0001661970571274584 0.0001661970571274584 0.00587956785782852
-0.00851505658407639 8.509603704104346e-05 8.509603704104346e-05 0.005879382096968181
-0.008970121519090744 0.00042013751321430445 0.00042013751321430445 0.0056981497613658
-0.008515944672310165 0.00033897386717689324 0.00033897386717689324 0.005698016553953578
-0.007960365587068717 -0.0011912303279004155 -0.0011912303279004155 0.0049780505129994514
-0.006909990154215774 -0.001288586234083905 -0.001288586234083905 0.004977583151417021
-0.007962293665019955 -0.0006035585393770113 -0.0006035585393770113 0.004757617937834097
-0.006911804484152041 -0.0007012262950389946 -0.0007012262950389946 0.004757266224286458
-0.005995871074062712 -0.0016860111172215355 -0.0016860111172215355 0.003085277377129124
-0.004551794931580196 -0.0016922651226745947 -0.0016922651226745947 0.003085287264248303
-0.0059982304335476225 -0.0008766943932927882 -0.0008766943932927882 0.003066554371007962
-0.004554109721198928 -0.0008835205198535529 -0.0008835205198535529 0.0030665505253601
-0.003493611050774853 -0.0010903569128682905 -0.0010903569128682905 0.0011918633154534757
-0.0020418322988063967 -0.0009760182553518397 -0.0009760182553518397 0.001192491724951604
-0.003495915650684812 -0.0002752008985895499 -0.0002752008985895499 0.0014447268912184574
-0.002044268515061528 -0.00016145606814366203 -0.00016145606814366203 0.0014451299680164754
-0.0008576092186301761 0.011029805724088368 0.011029805724088368 0.0008388539122585417
-0.003204329719441969 0.011070324711993375 0.011070324711993375 0.0008399768456595893
-0.000857504264286963 0.009711650328906762 0.009711650328906762 0.0009013396897559491
-0.003203937179863716 0.009750648995175706 0.009750648995175706 0.0009023242482276695
-0.004431851900370092 0.006241525556541638 0.006241525556541638 0.0019964721725253213
-0.005440693080022553 0.006303247768510302 0.006303247768510302 0.001996565767603804
-0.004431593370581955 0.005675710445445362 0.005675710445445362 0.002128506113922759
-0.005440294193471422 0.00573714860453857 0.00573714860453857 0.002128591667625638
-0.006075310293323419 0.004809757632837692 0.004809757632837692 0.0031528685150220355
-0.006803240905793357 0.004861408292924958 0.004861408292924958 0.0031529365688600357
-0.006074950409315624 0.004401980499350817 0.004401980499350817 0.0032654334960969473
-0.006802793136917826 0.004453483205028517 0.004453483205028517 0.0032654953903427718
-0.007270489850223509 0.003589786088018063 0.003589786088018063 0.0043203642781064165
-0.007822965730726028 0.003603032879744955 0.003603032879744955 0.004320688378390147
-0.007270100209611434 0.0032805442034560253 0.0032805442034560253 0.004348808008616711
-0.007822529218566628 0.0032937076004490155 0.0032937076004490155 0.004349101186287958
-0.008127325835143228 0.002233735593753869 0.002233735593753869 0.005165303862101569
-0.008411378511155239 0.0021940658899560123 0.0021940658899560123 0.005165674694422368
-0.00812708620511978 0.002074812750885662 0.002074812750885662 0.005076742215359516
-0.0084111302985829 0.002035119918396819 0.002035119918396819 0.005077080309723081
-0.008498248166038084 0.0008691033478013201 0.0008691033478013201 0.0056612387412379355
-0.008456489181115358 0.0007816166030844044 0.0007816166030844044 0.005661409301151376
-0.008498282790254021 0.000892541288175706 0.000892541288175706 0.005466149937619149
-0.00845652288236845 0.0008050464145395563 0.0008050464145395563 0.0054663271920734925
-0.008266080335468112 -0.0004304561519100006 -0.0004304561519100006 0.005530761943318905
-0.007791515175463433 -0.0005524432210366192 -0.0005524432210366192 0.005530630128571111
-0.008266385431523549 -0.00016510648376755384 -0.00016510648376755384 0.005258072370121046
-0.007791767898408603 -0.00028717090263586753 -0.00028717090263586753 0.00525801460065343
-0.0073069705909729575 -0.0013120656463851078 -0.0013120656463851078 0.004592785180453692
-0.006459935031841233 -0.0014107085743634861 -0.0014107085743634861 0.004592492134662557
-0.00730732607398269 -0.0008381274390640606 -0.0008381274390640606 0.004370987544130701
-0.006460211296922718 -0.0009369771183129754 -0.0009369771183129754 0.004370799826033503
-0.005777693803884746 -0.0014642756591426802 -0.0014642756591426802 0.0030654719214788006
-0.004761948137380488 -0.0014520778484595344 -0.0014520778484595344 0.003065518142029676
-0.005778035424574395 -0.0008950361607461119 -0.0008950361607461119 0.0030910001332905375
-0.004762291431801782 -0.0008831213374323687 -0.0008831213374323687 0.0030910231829012385
-0.004045329769257877 -0.0008439568546765348 -0.0008439568546765348 0.0016405194382157545
-0.0031026303348591342 -0.0007145322805064962 -0.0007145322805064962 0.0016408235026655505
-0.004045704065889045 -0.00031488623026853385 -0.00031488623026853385 0.001929717384131891
-0.0031031028345502682 -0.00018572381939536227 -0.00018572381939536227 0.0019298524211747473
-0.0008037390007612964 0.00875461112178185 0.00875461112178185 0.0008972888161661825
-0.0030028328654619196 0.008731038787518844 0.008731038787518844 0.0008990942439603726
-0.0008037037006821256 0.007519394096349313 0.007519394096349313 0.0008227717963940804
-0.0030027009850293164 0.00749448760319114 0.00749448760319114 0.0008243234187065385
-0.00414860721918716 0.005144203711418357 0.005144203711418357 0.0021651088454654657
-0.0050782334746050616 0.00513054439899604 0.00513054439899604 0.0021658093247317266
-0.004148513744559209 0.004622736979326358 0.004622736979326358 0.0021295581945894194
-0.005078101674125465 0.004608839520325999 0.004608839520325999 0.0021301883701690108
-0.005673880066896918 0.0038450200983495613 0.0038450200983495613 0.0032845460059478136
-0.006372289826328078 0.003816997932438513 0.003816997932438513 0.0032851892897980696
-0.005673770448292423 0.0034537604065171994 0.0034537604065171994 0.0032191665419213627
-0.006372162445695845 0.003425603646653191 0.003425603646653191 0.003219747853117158
-0.0068065730735222115 0.002666066506360363 0.002666066506360363 0.004307605572425371
-0.007295607974240348 0.0026009831626521334 0.0026009831626521334 0.004308297628498899
-0.006806476737265848 0.0023923405011731297 0.0023923405011731297 0.004161050532881783
-0.00729551510899475 0.0023271873027380257 0.0023271873027380257 0.004161676229314488
-0.007549678597356896 0.0014467500797497096 0.0014467500797497096 0.004968070077880784
-0.0077556338330070935 0.0013516269136564848 0.0013516269136564848 0.00496853989780997
-0.007549636098926667 0.0013314992641865607 0.0013314992641865607 0.00475538335806446
-0.0077556011450048805 0.0012363551092917531 0.0012363551092917531 0.004755820229437716
-0.007801357691440983 0.00029839872864920256 0.00029839872864920256 0.005287647814795107
-0.007720640090760468 0.00016646245925445636 0.00016646245925445636 0.005287909485581487
-0.007801351212180673 0.00034351011172365517 0.00034351011172365517 0.004993137805078109
-0.007720624911805137 0.00021155355403182477 0.00021155355403182477 0.00499341391179358
-0.007541424448723382 -0.0006683443590715728 -0.0006683443590715728 0.005048612795104028
-0.00713233610767474 -0.0008021589772053828 -0.0008021589772053828 0.00504860651882517
-0.007541276097694857 -0.00043973109301039714 -0.00043973109301039714 0.004749697642517226
-0.007132135627262911 -0.0005736106417836891 -0.0005736106417836891 0.004749758565082251
-0.006765122171671371 -0.0012337248611486093 -0.0012337248611486093 0.004229092086365888
-0.006171305918400982 -0.0013066197570368353 -0.0013066197570368353 0.004229002929453065
-0.006764855641707777 -0.0009014254678309885 -0.0009014254678309885 0.004065695157614213
-0.006170999595287758 -0.0009744223933738121 -0.0009744223933738121 0.004065661046160067
-0.0057182474811354675 -0.0012048384866548017 -0.0012048384866548017 0.0031215512270453155
-0.00507582135203421 -0.001177632682944937 -0.001177632682944937 0.003121580277209772
-0.005717982473142383 -0.0008447878271991623 -0.0008447878271991623 0.003181981277981669
-0.005075568019474908 -0.0008176956911765607 -0.0008176956911765607 0.0031819838903158616
-0.004643572752670966 -0.000637580588987959 -0.000637580588987959 0.0021465480360392127
-0.004106485009404957 -0.0005017325358290556 -0.0005017325358290556 0.002146578750904353
-0.00464343876742103 -0.00033614997842779164 -0.00033614997842779164 0.002450843190691245
-0.00410640394477396 -0.00020040109309323988 -0.00020040109309323988 0.0024507662065929047
-0.0007075181063966847 0.006660113879371784 0.006660113879371784 0.0007482714769289504
-0.002643001317532773 0.006609210146922493 0.006609210146922493 0.0007497485086719467
-0.0007075210232149765 0.0055727913970459505 0.0055727913970459505 0.0006191373211967624
-0.0026430123693138474 0.005520851947401273 0.005520851947401273 0.0006203793880226973
-0.0036741158412133784 0.00419213591279881 0.00419213591279881 0.0020676035776028786
-0.004553391033856954 0.004133961345771062 0.004133961345771062 0.0020684550148138887
-0.003674109902879968 0.00369876340999741 0.00369876340999741 0.0019332115697886386
-0.00455340157294672 0.003640372042188839 0.003640372042188839 0.0019339636748349747
-0.0051114524515476325 0.003039556286638286 0.003039556286638286 0.003127826710580944
-0.005756412730953631 0.0029575124632577384 0.0029575124632577384 0.003128689195460368
-0.005111480215798439 0.0026780669325878956 0.0026780669325878956 0.002942000486621586
-0.005756463844083928 0.0025959014887975192 0.0025959014887975192 0.0029427689827982353
-0.006150539656430492 0.001972181588475545 0.001972181588475545 0.00401013914756711
-0.006581924478590775 0.0018527238930856396 0.0018527238930856396 0.0040109829653182764
-0.006150599974281296 0.001730598903776405 0.001730598903776405 0.003742080702069049
-0.006582014680053665 0.0016110748287747362 0.0016110748287747362 0.00374284123129347
-0.006808125760833248 0.0009289328104272063 0.0009289328104272063 0.004562248611154204
-0.006993929952650576 0.0007870704311913109 0.0007870704311913109 0.004562852872979136
-0.006808174843715302 0.0008248677410566482 0.0008248677410566482 0.004245052140661605
-0.006993996963498058 0.0006829742632660156 0.0006829742632660156 0.004245616711540139
-0.007039622403355251 -1.7478672765287955e-05 -1.7478672765287955e-05 0.004768131985955227
-0.006977417010544538 -0.0001615258471205702 -0.0001615258471205702 0.004768449486267051
-0.0070395497097955175 1.7120789119911002e-05 1.7120789119911002e-05 0.00444646094505378
-0.006977332231871403 -0.00012694983290754955 -0.00012694983290754955 0.0044467857824812725
-0.006862282432775701 -0.0007006404252281857 -0.0007006404252281857 0.00455357435623652
-0.006609302346331803 -0.0008068048174477657 -0.0008068048174477657 0.004553647313702596
-0.006862051975009728 -0.0005592546267204579 -0.0005592546267204579 0.004316334851941109
-0.006609044447558073 -0.0006654485095277017 -0.0006654485095277017 0.004316439075951134
-0.00638524050107405 -0.0010544208159854079 -0.0010544208159854079 0.003969043933562056
-0.006026207197492279 -0.001099271476269649 -0.001099271476269649 0.003969037096929271
-0.00638492525890026 -0.0008534507597650835 -0.0008534507597650835 0.0038686584972536923
-0.006025876868622891 -0.0008983385947359655 -0.0008983385947359655 0.003868671681275797
-0.005766771569063007 -0.0009470635227117803 -0.0009470635227117803 0.003235875497973609
-0.0054186953029910275 -0.0009081454370569982 -0.0009081454370569982 0.00323585727338443
-0.005766520125325886 -0.0007519025504544037 -0.0007519025504544037 0.0033228947646115154
-0.0054184527823006685 -0.0007130191021299227 -0.0007130191021299227 0.0033228557045360727
-0.005203090690625914 -0.00047069067099130035 -0.00047069067099130035 0.002662918939417915
-0.004963870594124025 -0.0003479604029794192 -0.0003479604029794192 0.0026627960200261707
-0.005202997788208813 -0.00033629768499341295 -0.00033629768499341295 0.0029377986373073863
-0.004963794317949459 -0.00021359936555031514 -0.00021359936555031514 0.002937627720952151
-0.0005900927153823852 0.004840306511064158 0.004840306511064158 0.0005195041942879665
-0.0022039998166435964 0.0047807566287233665 0.0047807566287233665 0.0005205135133894435
-0.000590109221534695 0.003933412382128243 0.003933412382128243 0.00037651300183403626
-0.002204061618284077 0.003873140333137904 0.003873140333137904 0.00037734246997085425
-0.003103951378000418 0.003320333760830554 0.003320333760830554 0.0018057154127303961
-0.003947040885459977 0.0032263450115823647 0.0032263450115823647 0.0018066520430314941
-0.0031039912102251684 0.002847110232323919 0.002847110232323919 0.001591764304482705
-0.003947127651024218 0.0027529157403458756 0.0027529157403458756 0.0015925708415855954
-0.00447301626344363 0.0023397717536119828 0.0023397717536119828 0.0027805287050355087
-0.005066090327047659 0.0022260779267826384 0.0022260779267826384 0.0027813984580599953
-0.004473100105559233 0.0020071607530811513 0.0020071607530811513 0.002524240395874054
-0.0050662126355989125 0.0018933560082337445 0.0018933560082337445 0.002524999406090117
-0.005424330417189903 0.0014296629613711673 0.0014296629613711673 0.003531144003664415
-0.005809107267141142 0.001291674401642167 0.001291674401642167 0.0035319132620199247
-0.005424437559509896 0.001213988231821529 0.001213988231821529 0.0032216907600890643
-0.005809246232394689 0.001075938307635193 0.001075938307635193 0.003222375126220447
-0.0060229283888541 0.0005875346320366982 0.0005875346320366982 0.004012709896045455
-0.006221262912459948 0.00044516197327368594 0.00044516197327368594 0.004013242287949347
-0.006023013364615244 0.00047634152980368175 0.00047634152980368175 0.003694178790212607
-0.006221365435530824 0.0003339361939555188 0.0003339361939555188 0.0036946671130997774
-0.0063076520839917185 -0.00012894688752735067 -0.00012894688752735067 0.0042282484251097065
-0.0063442746087610845 -0.0002519332242733267 -0.0002519332242733267 0.004228515449499154
-0.00630765855988423 -0.00014958766666965288 -0.00014958766666965288 0.003953287094738524
-0.006344282893821283 -0.00027259071840653653 -0.00027259071840653653 0.003953546107362665
-0.006325874099382485 -0.0006051316708910327 -0.0006051316708910327 0.004157743555695234
-0.0062386611007576665 -0.0006928539057456934 -0.0006928539057456934 0.004157846120606131
-0.006325790351961161 -0.0005563940370901959 -0.0005563940370901959 0.003961623369477536
-0.006238570741839537 -0.0006441265717185509 -0.0006441265717185509 0.00396173604382943
-0.006146666266975229 -0.0008299063478273799 -0.0008299063478273799 0.0038099234277593906
-0.005982799909823193 -0.0008567504966509856 -0.0008567504966509856 0.003809932520078541
-0.006146502085764021 -0.0007381411583311952 -0.0007381411583311952 0.0037498593070313326
-0.005982631784913688 -0.0007649931840723826 -0.0007649931840723826 0.0037498741134189555
-0.005875760428041617 -0.0007114535012465873 -0.0007114535012465873 0.0033906105219214527
-0.0057485455797924466 -0.0006676061187482797 -0.0006676061187482797 0.0033905519088038806
-0.005875693891162238 -0.000639987393712655 -0.000639987393712655 0.0034886526874619577
-0.005748481808048658 -0.0005961463133517634 -0.0005961463133517634 0.0034885846848348476
-0.005691716698480552 -0.00033692222514861825 -0.00033692222514861825 0.0031273712051870226
-0.005664963805373057 -0.00022824235687909865 -0.00022824235687909865 0.0031271870778866923
-0.0056917847063920335 -0.00032158922598848124 -0.00032158922598848124 0.003370515331662837
-0.005665027386110223 -0.00021292216307866146 -0.00021292216307866146 0.003370320275672558
-0.0004687834601151377 0.0033393478728603915 0.0033393478728603915 0.0002759225323257409
-0.0017506242573900623 0.003283059671407153 0.003283059671407153 0.00027649769031434264
-0.0004688021732052411 0.0026188460343513297 0.0026188460343513297 0.00014424358932231069
-0.0017506942490612565 0.0025621010346332626 0.0025621010346332626 0.00014470485137255408
-0.0025143780340945773 0.002509864390514592 0.002509864390514592 0.0014199240963636303
-0.003318212435312612 0.002397179388035561 0.002397179388035561 0.001420794389228326
-0.002514436710929357 0.0020585150436033617 0.0020585150436033617 0.0011647612114544796
-0.0033183229151494695 0.0019456378124068472 0.0019456378124068472 0.001165482061958171
-0.0038179586472682006 0.0017428163008673993 0.0017428163008673993 0.0023282411584537098
-0.004378726824526114 0.0016186450759208117 0.0016186450759208117 0.00232898140724656
-0.003818051449183073 0.001428165644747789 0.001428165644747789 0.002048785044115166
-0.004378857515125506 0.001303890895884817 0.001303890895884817 0.0020494092873087483
-0.0047235651715520155 0.0010226497561848468 0.0010226497561848468 0.0030107379816549104
-0.0051041434867930184 0.0009036124509622012 0.0009036124509622012 0.0030112511734022387
-0.004723676211915266 0.0008092190954557461 0.0008092190954557461 0.002743616990749015
-0.005104282079740128 0.0006901264458528456 0.0006901264458528456 0.002744057962072069
-0.005331467240606565 0.00039061135653141053 0.00039061135653141053 0.003487985455977522
-0.005571138936755039 0.000281462662420434 0.000281462662420434 0.003488309446360469
-0.005331574572493219 0.0002562480388074164 0.0002562480388074164 0.003243466568027393
-0.0055712642737874565 0.00014707058352293268 0.00014707058352293268 0.003243751145469173
-0.005706589255099948 -0.00012600201000992787 -0.00012600201000992787 0.0037695502186855965
-0.005836293491199559 -0.00022719765579169737 -0.00022719765579169737 0.0037697552103127248
-0.005706679984719464 -0.00019870515176699096 -0.00019870515176699096 0.0035431072804558523
-0.005836394648904074 -0.0002999164082295963 -0.0002999164082295963 0.0035432940928234575
-0.0059045520010684825 -0.00045690825562369865 -0.00045690825562369865 0.003830433488967562
-0.00596131541967102 -0.0005292245826065728 -0.0005292245826065728 0.0038305342862250758
-0.005904631709163863 -0.0004886780276546457 -0.0004886780276546457 0.0036686583515745954
-0.005961400441689674 -0.0005610007481356294 -0.0005610007481356294 0.0036687556222664962
-0.005985492698524901 -0.0005894613958627737 -0.0005894613958627737 0.003711731063303154
-0.005995259093130364 -0.0006089478687467134 -0.0006089478687467134 0.0037117460742714155
-0.005985539302382375 -0.0005948331028223486 -0.0005948331028223486 0.0036680837218550115
-0.005995306887022491 -0.0006143198568428446 -0.0006143198568428446 0.0036680995476811888
-0.006013120306437384 -0.0004955667538710558 -0.0004955667538710558 0.0035584239083035047
-0.006052987438242102 -0.0004538770657475556 -0.0004538770657475556 0.003558352198658854
-0.0060132240207412205 -0.000517651610745402 -0.000517651610745402 0.003651524386110233
-0.00605308895708844 -0.00047596396962036987 -0.00047596396962036987 0.0036514540773965364
-0.0061144961164907256 -0.0002230227556512322 -0.0002230227556512322 0.0035386576306384496
-0.006243333767125486 -0.00012590114717600192 -0.00012590114717600192 0.0035384654039745398
-0.006114697103183417 -0.00029480628934242827 -0.00029480628934242827 0.0037556281358880495
-0.006243520056889077 -0.00019769909727498773 -0.00019769909727498773 0.0037554482936549977
-0.00035584760270050155 0.0021542233524654867 0.0021542233524654867 4.667204212971239e-05
-0.0013286760944370842 0.0020953252414551296 0.0020953252414551296 4.707595567331596e-05
-0.00035585924424344354 0.0016072657103453597 0.0016072657103453597 -8.823977180227238e-05
-0.0013287196167652165 0.0015481023463467223 0.0015481023463467223 -8.79325521801213e-05
-0.0019620413820551712 0.0017430770925417685 0.0017430770925417685 0.000997214046380136
-0.002719283305754618 0.0016535720161877567 0.0016535720161877567 0.0009977044605447045
-0.0019620943837774752 0.00131777693043415 0.00131777693043415 0.0007947013076445704
-0.0027193766875650604 0.001228104810138054 0.001228104810138054 0.0007950816354488987
-0.003203528498857964 0.0012432689498820609 0.0012432689498820609 0.0018634613233765667
-0.003768868290087018 0.0011427537332123858 0.0011427537332123858 0.0018639017543221029
-0.0032036139255696558 0.0009259938142627652 0.0009259938142627652 0.0016371854306039498
-0.003768986465043347 0.0008253794205608192 0.0008253794205608192 0.0016375330178891197
-0.004127342844215066 0.0007354779573144813 0.0007354779573144813 0.002570485493278
-0.004540907240415669 0.0006441955799003834 0.0006441955799003834 0.0025707747545407034
-0.004127448213735149 0.0005035344476913747 0.0005035344476913747 0.002365466041936059
-0.004541038135642763 0.0004121958868681985 0.0004121958868681985 0.0023656976604760193
-0.004801133198779865 0.00028279029514923285 0.00028279029514923285 0.003084656697654065
-0.0050980287879189914 0.000198776420752738 0.000198776420752738 0.0030848488110318045
-0.004801251782834542 0.00011637881016456414 0.00011637881016456414 0.0028962792990638525
-0.005098166405561441 3.2333023172117434e-05 3.2333023172117434e-05 0.002896435631156707
-0.005280116273430181 -8.374529456667065e-05 -8.374529456667065e-05 0.003402706450869388
-0.005480305471715231 -0.00015348180922632429 -0.00015348180922632429 0.003402817073645405
-0.005280229501706913 -0.00019588789693207682 -0.00019588789693207682 0.0032464939264729596
-0.005480430680554331 -0.00026564063898286763 -0.00026564063898286763 0.0032465859610626762
-0.00560906360587684 -0.000297977674440015 -0.000297977674440015 0.003567178208652542
-0.005760712728460894 -0.0003491586025019484 -0.0003491586025019484 0.0035672421566751043
-0.005609193597071931 -0.000382837574533889 -0.000382837574533889 0.003452593499211076
-0.005760850499001125 -0.00043402748396316427 -0.00043402748396316427 0.00345264836745093
-0.005869830844913338 -0.0003638349275713547 -0.0003638349275713547 0.0036374521729456146
-0.0060167629347931476 -0.0003813029327704886 -0.0003813029327704886 0.0036374714843032774
-0.005870002255499859 -0.0004459322054825248 -0.0004459322054825248 0.0035982809406045315
-0.006016937559094182 -0.00046340623841761543 -0.00046340623841761543 0.0035982979195155686
-0.006133488154218674 -0.0002991834302467234 -0.0002991834302467234 0.003710421241336438
-0.0063059229905115645 -0.0002683559407722167 -0.0002683559407722167 0.00371037281345847
-0.006133689894407021 -0.00039545914921504497 -0.00039545914921504497 0.003779163187115329
-0.006306120099255944 -0.00036464055385177825 -0.00036464055385177825 0.003779121525811235
-0.006452780772069166 -0.00012973618161058397 -0.00012973618161058397 0.0038942930223773114
-0.006681749092746407 -5.672349919161912e-05 -5.672349919161912e-05 0.0038941653280581473
-0.006453005004415189 -0.0002576013890235543 -0.0002576013890235543 0.0040572372446881395
-0.006681957945218473 -0.000184608523778451 -0.000184608523778451 0.0040571303751033
-0.00028402674556186625 0.0012552413521129447 0.0012552413521129447 -0.00016893153717551686
-0.0010604070429014619 0.0012177448079116933 0.0012177448079116933 -0.0001687674233490372
-0.00028403035060707257 0.0008186668834878434 0.0008186668834878434 -0.00025437908610865157
-0.0010604205212667315 0.0007810021174594541 0.0007810021174594541 -0.00025427020831279065
-0.0015983917489423868 0.0010700942117101164 0.0010700942117101164 0.0006748844413896113
-0.00229173620712148 0.0010151106549058963 0.0010151106549058963 0.0006750876273933537
-0.0015984139683017833 0.0006806023414513037 0.0006806023414513037 0.0005505473124689943
-0.002291774941076128 0.0006254827747735469 0.0006254827747735469 0.0005506824076017781
-0.002753888773413 0.0008054421928836193 0.0008054421928836193 0.0015034066308044027
-0.0033230308028979545 0.0007440377945799089 0.0007440377945799089 0.0015035810923917058
-0.002753933137288355 0.00048600413658721447 0.00048600413658721447 0.0013650836527159265
-0.003323095653294204 0.0004245063035222341 0.0004245063035222341 0.0013652013662684113
-0.0036951162638605216 0.0005034920836427312 0.0005034920836427312 0.002238413722297838
-0.0041423436088471 0.00044074639977283257 0.00044074639977283257 0.0022385479896719386
-0.003695181122822904 0.0002526668768530461 0.0002526668768530461 0.0020974332429706906
-0.004142427288361236 0.00018986183427810959 0.00018986183427810959 0.0020975244995691507
-0.0044298603528876695 0.00021258358765036857 0.00021258358765036857 0.00278186536186603
-0.00476792555663419 0.00015769324285737715 0.00015769324285737715 0.0027819486863198363
-0.004429938742546898 2.3108235719391688e-05 2.3108235719391688e-05 0.002658713865807676
-0.004768018613229953 -3.1816787723084835e-05 -3.1816787723084835e-05 0.002658771073132615
-0.004986624910736746 -1.5270140244274904e-05 -1.5270140244274904e-05 0.0031507776313451537
-0.005245919550454979 -6.183079833274665e-05 -6.183079833274665e-05 0.003150829533100194
-0.004986716821166642 -0.00016048965460531566 -0.00016048965460531566 0.003046423337436593
-0.005246022107905388 -0.0002070710645802672 -0.0002070710645802672 0.0030464594052524805
-0.005421169253289332 -0.00014534771928700755 -0.00014534771928700755 0.00338408281834982
-0.005640721076810495 -0.0001773751586089894 -0.0001773751586089894 0.0033841108630783628
-0.005421279037777445 -0.0002682017358467626 -0.0002682017358467626 0.003312320104840746
-0.005640837963695251 -0.0003002433758177603 -0.0003002433758177603 0.003312339882682377
-0.0058042550868702015 -0.0001806724240372915 -0.0001806724240372915 0.0035741484077698557
-0.006031694263426148 -0.00019221594189601548 -0.00019221594189601548 0.0035741575658829665
-0.005804403189340157 -0.0003078170315975435 -0.0003078170315975435 0.0035482172119818385
-0.006031845448473837 -0.00031937462063303843 -0.00031937462063303843 0.0035482237470086508
-0.006209425835843314 -0.00013952160668065608 -0.00013952160668065608 0.0038159663355620517
-0.006467770829723764 -0.00012482281980697742 -0.00012482281980697742 0.003815951643073947
-0.00620960161760758 -0.00028387067456596545 -0.00028387067456596545 0.0038486845004234165
-0.00646794271474069 -0.0002691900995581274 -0.0002691900995581274 0.0038486740891882885
-0.006669332017185065 -5.458444779602482e-05 -5.458444779602482e-05 0.00414857401102415
-0.006961686387247108 -1.5324863954331054e-05 -1.5324863954331054e-05 0.004148528508414836
-0.006669500910831868 -0.00021794487740360441 -0.00021794487740360441 0.004236130443769542
-0.006961844279088628 -0.00017871011850504232 -0.00017871011850504232 0.004236098836941516
-0.0002527059470590619 0.0005313732322119394 0.0005313732322119394 -0.00028387901464053624
-0.0009434319221467941 0.0005337293505281973 0.0005337293505281973 -0.00028385181438865916
-0.00025269759555264753 0.00014296271489926154 0.00014296271489926154 -0.000278966854340231
-0.0009434007360298532 0.00014518721785057953 0.00014518721785057953 -0.00027895956638524064
-0.0014309987256539757 0.0004900457665256571 0.0004900457665256571 0.0004917687996189817
-0.002072296975923823 0.0004741879349624286 0.0004741879349624286 0.0004917999063111463
-0.0014309621518757022 0.00012976552688523575 0.00012976552688523575 0.00045582766530693217
-0.0020722601455171654 0.00011379385714189827 0.00011379385714189827 0.00045583600054835893
-0.00251534828402247 0.0004042581703881548 0.0004042581703881548 0.0012961038515102842
-0.003084450487840198 0.0003822771153124617 0.0003822771153124617 0.0012961319073989332
-0.002515319519085368 8.483024639337926e-05 8.483024639337926e-05 0.001246528402461814
-0.0030844288142922818 6.275935109307925e-05 6.275935109307925e-05 0.0012465359204142372
-0.0034632091703856566 0.000283743967685426 0.000283743967685426 0.002021631608706778
-0.0039288403256122215 0.0002546172634757508 0.0002546172634757508 0.0020216612995601286
-0.00346319774778918 2.260251264701184e-05 2.260251264701184e-05 0.0019561897547279803
-0.003928837013521154 -6.584799642379766e-06 -6.584799642379766e-06 0.001956197710951308
-0.004231740859049393 0.0001551235269253092 0.0001551235269253092 0.0025931892176018446
-0.004593595211161605 0.00013051787075831075 0.00013051787075831075 0.0025932065523975693
-0.004231744015270543 -4.76759150280633e-05 -4.76759150280633e-05 0.0025379715547221783
-0.004593605207520226 -7.231817563508996e-05 -7.231817563508996e-05 0.0025379761998622304
-0.0048302012743850825 5.34376065174947e-05 5.34376065174947e-05 0.002988624094965129
-0.005114736460592881 2.9790201750881502e-05 2.9790201750881502e-05 0.0029886372734401322
-0.00483021655153338 -0.00010591818259844133 -0.00010591818259844133 0.0029356364539589613
-0.0051147568371609576 -0.0001295883411011993 -0.0001295883411011993 0.0029356399853427044
-0.005314000744454373 -4.3411357749360445e-06 -4.3411357749360445e-06 0.003271539907095054
-0.005573886424500715 -2.1816531669101935e-05 -2.1816531669101935e-05 0.003271547663949867
-0.005314032562154811 -0.00014975737539378025 -0.00014975737539378025 0.0032323895576145457
-0.005573922499628455 -0.0001672514771614296 -0.0001672514771614296 0.0032323916361578237
-0.0057667640820692374 -2.6109722260004236e-05 -2.6109722260004236e-05 0.0035312759134503067
-0.006033865027299554 -3.496360564892747e-05 -3.496360564892747e-05 0.0035312793070301058
-0.005766811478068718 -0.00017545231538614373 -0.00017545231538614373 0.0035114119200098134
-0.006033915122697872 -0.0001843255979251105 -0.0001843255979251105 0.003511412829338694
-0.0062400174670069345 -1.6495367690956902e-05 -1.6495367690956902e-05 0.0038595960989913454
-0.006536175661199227 -1.7530410828685812e-05 -1.7530410828685812e-05 0.0038595967546030023
-0.006240076494307407 -0.00018201287416467498 -0.00018201287416467498 0.0038572155431327157
-0.006536234872733568 -0.0001830716388957497 -0.0001830716388957497 0.00385721571880102
-0.006762248485455907 4.4591520573306e-06 4.4591520573306e-06 0.004274766473876826
-0.007083737113315335 1.2798854854305787e-05 1.2798854854305787e-05 0.004274762386902927
-0.006762305059709759 -0.00017520620649359435 -0.00017520620649359435 0.004293323284117984
-0.007083790853943412 -0.0001668946303668683 -0.0001668946303668683 0.0042933221890396715
eps_abs 640
0.0019267888047816697 0.0011212042030966844 0.0011212042030966844 0.017295769339362468
0.007172835090327523 0.0014297563715242316 0.0014297563715242316 0.0172953023151152
0.0019264422159689638 0.004103061578363893 0.004103061578363893 0.017297599262377835
0.00717154635508267 0.004173738772227937 0.004173738772227937 0.01729585586703792
0.012083744208098985 0.002077214425099322 0.002077214425099322 0.026895776575189594
0.020298774268424684 0.0028618886861627945 0.0028618886861627945 0.026897045026916144
0.012081056367725702 0.0066831002479756495 0.0066831002479756495 0.02587182348257722
0.020293218153391024 0.007162505787070385 0.007162505787070385 0.025876553356680994
0.02569065207284934 0.0030169914751366697 0.0030169914751366697 0.039882871783521484
0.03253480666757108 0.004757751822772311 0.004757751822772311 0.03988871028705833
0.025680203372315347 0.006405551986181697 0.006405551986181697 0.03598572029124773
0.032516753132463085 0.008050211193322615 0.008050211193322615 0.03600743074185358
0.036304051760421376 0.004786963378379933 0.004786963378379933 0.04686559559388682
0.03977221076469838 0.006399116715586242 0.006399116715586242 0.04686906700695793
0.036291348606590834 0.006077523624661774 0.006077523624661774 0.043200422544720764
0.03975645415446671 0.007629598119061225 0.007629598119061225 0.04321332256745813
0.04146801657578413 0.006609674111793119 0.006609674111793119 0.05054381530279672
0.04262901227728805 0.007298548642423225 0.007298548642423225 0.050544463574758225
0.04146215131704202 0.006822808894179926 0.006822808894179926 0.04781646528884878
0.042623054873819295 0.008083214883890388 0.008083214883890388 0.047818878752105144
0.04273819411449963 0.0076018873461410974 0.0076018873461410974 0.05197349313511904
0.04185965548868962 0.008453047687190372 0.008453047687190372 0.051973159753030504
0.042747867860901935 0.0070716758063513446 0.0070716758063513446 0.04997927918909901
0.04187004522574826 0.00792211568280444 0.00792211568280444 0.049978037312574025
0.040373629696176756 0.008351211224079691 0.008351211224079691 0.050100030653032875
0.037170900006806395 0.008591519961030622 0.008591519961030622 0.05009891411157893
0.04040006562028999 0.006626874148374346 0.006626874148374346 0.0495399941190331
0.03719621446329437 0.006856532408446149 0.006856532408446149 0.04953582581941395
0.033037112584199495 0.007104965950383398 0.007104965950383398 0.043564277561556314
0.02484147497058442 0.005824433678744549 0.005824433678744549 0.04356582097008242
0.03312320643136176 0.003022338637887467 0.003022338637887467 0.04630674578476153
0.024912657156113686 0.002457782059356415 0.002457782059356415 0.04631888274284597
0.017905875600069628 0.0038560411268708135 0.0038560411268708135 0.028839798999811882
0.00752581742663778 0.001469833211912419 0.001469833211912419 0.02885139295516604
0.017989148212759213 0.004495194841421449 0.004495194841421449 0.03598493198423378
0.007551770850054194 0.00674589515956076 0.00674589515956076 0.036028674964950935
0.003979396420997613 0.0014664089083160584 0.0014664089083160584 0.021266598362950556
0.0010673831023777572 0.0006725643506292598 0.0006725643506292598 0.021266789759741996
0.003981618537469687 0.00250869250012543 0.00250869250012543 0.02219597059465277
0.0010679799547711468 0.002236184650795543 0.002236184650795543 0.0221970812061826
0.0022042277767440705 0.00665165115665321 0.00665165115665321 0.016768488237074282
0.008202114444689676 0.007386943922442774 0.007386943922442774 0.016773541626019267
0.0022021302310874175 0.009980988096062382 0.009980988096062382 0.015436102912618566
0.008194338765623255 0.01064618076189301 0.01064618076189301 0.015440391513686131
0.011714489326548524 0.010727339563321293 0.010727339563321293 0.024103500579781185
0.015356558022921199 0.012518599447271352 0.012518599447271352 0.02412784128864578
0.011706316567449962 0.012631438302510636 0.012631438302510636 0.02074458266847993
0.015342341037769488 0.014315064762611948 0.014315064762611948 0.020771529574665545
0.01788995042226332 0.01233192441991729 0.01233192441991729 0.03194647445846215
0.021142660010578667 0.015829216356669423 0.015829216356669423 0.032002289220520515
0.01786968382309495 0.01410327267791671 0.01410327267791671 0.024468593032312563
0.02111068259399225 0.01745081567776585 0.01745081567776585 0.024535978125543836
0.02367546670656818 0.014841932584404513 0.014841932584404513 0.038362292235426275
0.02716349094009395 0.018986759428400855 0.018986759428400855 0.03840959822261479
0.02363206664175633 0.016819864018234938 0.016819864018234938 0.028703549724123527
0.027102543589825 0.020942189932883253 0.020942189932883253 0.028765381629640957
0.029696411295079262 0.01961142148549527 0.01961142148549527 0.04342331159369247
0.032960074621528675 0.02360499769380811 0.02360499769380811 0.043444170966754535
0.029630025044118526 0.021442508051795376 0.021442508051795376 0.034101846680184164
0.03287667573461708 0.025415431798096945 0.025415431798096945 0.03413494218134412
0.03502242087795709 0.023875924295068483 0.023875924295068483 0.04679029588811383
0.037134895419164184 0.02665838943613957 0.02665838943613957 0.04678826732416854
0.034964492400479184 0.025159385964746737 0.025159385964746737 0.040161515497020774
0.03706909219048961 0.02782025271724926 0.02782025271724926 0.040165272126305746
0.03859082186062219 0.025969226632657768 0.025969226632657768 0.04832359257927259
0.040205664474134976 0.0266487154353083 0.0266487154353083 0.04831883686902301
0.03854883752232103 0.026561639380644656 0.026561639380644656 0.04598659661697793
0.040162107042877 0.027570649547728147 0.027570649547728147 0.045983429930432765
0.041147638763272903 0.021070193697783558 0.021070193697783558 0.048402982692644175
0.041124422500369955 0.01955209061908864 0.01955209061908864 0.04842539808729275
0.04118645521773815 0.02107540040793146 0.02107540040793146 0.05197422257529293
0.04116117219304651 0.019555075485477753 0.019555075485477753 0.05199493677173187
0.040077474808671194 0.013471325609854373 0.013471325609854373 0.043198251636455506
0.0365581665201044 0.008411262439955193 0.008411262439955193 0.04330921951442997
0.04019200565638801 0.012815510417759272 0.012815510417759272 0.05598116285374641
0.036648208673035636 0.008041797781830754 0.008041797781830754 0.05611318248278631
0.027705794227460247 0.008771543522466963 0.008771543522466963 0.03067985104915874
0.00749821187977972 0.003518939329694569 0.003518939329694569 0.030812915697476295
0.028019032192419295 0.007313371174707108 0.007313371174707108 0.05450709557484246
0.007584388850139944 0.013873190554854396 0.013873190554854396 0.054893960088392174
0.0015748638272824527 0.012489126173425716 0.012489126173425716 0.013523482089255513
0.005865229725532706 0.01426216038035718 0.01426216038035718 0.013567392501172858
0.0015714690779100526 0.014924479956380998 0.014924479956380998 0.009465506113186884
0.00585262929900859 0.016688944669574227 0.016688944669574227 0.00950913765948051
0.007797523105833711 0.016269076104142657 0.016269076104142657 0.01736389785107983
0.008822191336933061 0.018945868686716685 0.018945868686716685 0.017420335264880397
0.007795530602601202 0.016837806075120917 0.016837806075120917 0.011366388647831597
0.008818693735584134 0.019506382073457566 0.019506382073457566 0.01141326126473568
0.00914782368821046 0.019213436290483884 0.019213436290483884 0.01896116999987323
0.00893938174318129 0.022647389809856103 0.022647389809856103 0.019016036662382104
0.009158171819964306 0.01905076050267948 0.01905076050267948 0.011433298946427342
0.008953449727303369 0.02247161381798903 0.02247161381798903 0.011480055284415282
0.00920236057287774 0.022670448591713306 0.022670448591713306 0.021325158897096984
0.009917584044156793 0.027329959025879393 0.027329959025879393 0.021385194891240373
0.00919234526358889 0.022993184971586877 0.022993184971586877 0.011129679348668063
0.009901789682140075 0.027628519499515808 0.027628519499515808 0.011174136321215779
0.010772714450399304 0.029017973683667906 0.029017973683667906 0.025286850100884373
0.012793211264600118 0.03548292311097192 0.03548292311097192 0.025346240224629456
0.010736523743697426 0.029617203523944622 0.029617203523944622 0.01114737782061379
0.01271378582803996 0.03603558245948148 0.03603558245948148 0.011191857863798626
0.014519228787656107 0.03802946518018653 0.03802946518018653 0.030842936243310415
0.01693023708849991 0.04670706000078606 0.04670706000078606 0.0308756290488899
0.014424550906677179 0.038915209838105355 0.038915209838105355 0.011621626142960322
0.0168026758296792 0.04750884251671376 0.04750884251671376 0.011656127222678461
0.01823070839797892 0.051067160008237605 0.051067160008237605 0.035477150359441066
0.018939647993991036 0.06228998862753234 0.06228998862753234 0.035447887365433084
0.018259615083613696 0.05119536027827251 0.05119536027827251 0.010668660117611906
0.01896302374890606 0.06228621108288093 0.06228621108288093 0.010672677689658183
0.021546139216567874 0.06519376770505037 0.06519376770505037 0.04073828150169445
0.024666869426063283 0.07913212271838167 0.07913212271838167 0.040573347245957916
0.02132576656870524 0.06583455260359619 0.06583455260359619 0.010721667825170192
0.024321989461892794 0.07955887654904198 0.07955887654904198 0.010686622767734914
0.028548930806212718 0.08424659271674297 0.08424659271674297 0.045062801468549935
0.033120194915094645 0.10037225811112169 0.10037225811112169 0.044722492950298794
0.027904115051114984 0.08525898252392611 0.08525898252392611 0.009828384651788936
0.032368704848010424 0.10109697783079329 0.10109697783079329 0.009734326496274799
0.03755344725512712 0.10539289126122903 0.10539289126122903 0.04486877251815856
0.04518306751507396 0.12133260643315026 0.12133260643315026 0.04431220132328156
0.036271581835379464 0.10668354470502922 0.10668354470502922 0.008668570710477875
0.0437180674740842 0.12234356948666082 0.12234356948666082 0.008196078344528568
0.0005554754351097033 0.01564606574761843 0.01564606574761843 0.007799296783628128
0.002071699153306923 0.016230179975373092 0.016230179975373092 0.0078085158991918315
0.000554974068219044 0.016369612826529715 0.016369612826529715 0.0066072268352191516
0.002069830993131884 0.016952907344944618 0.016952907344944618 0.00661686559816285
0.00242011189653018 0.014171459884698177 0.014171459884698177 0.008602938742158167
0.0023404453778421313 0.015178348999967457 0.015178348999967457 0.008619340873444875
0.002421457459975947 0.013570885505248967 0.013570885505248967 0.006550589019916524
0.0023381855544271062 0.014576343811822035 0.014576343811822035 0.006564754096546216
0.0025944946468175315 0.012967474535887539 0.012967474535887539 0.008063365225290636
0.0029216014222388236 0.01417762513528822 0.01417762513528822 0.008078157433837033
0.0025947852897034037 0.012173796697313336 0.012173796697313336 0.005744760993443525
0.0029185748879935994 0.013381781485649499 0.013381781485649499 0.005753474625334295
0.003334025709156473 0.012883849809163673 0.012883849809163673 0.007265580666076052
0.004242912830711031 0.01410689852232054 0.01410689852232054 0.007277844004577681
0.0033292383387960524 0.012246621912258076 0.012246621912258076 0.005195016459374773
0.004233174595258078 0.013467676620512984 0.013467676620512984 0.005199106766150999
0.004936344489102183 0.013073158545090289 0.013073158545090289 0.006890338757708814
0.005957188815537103 0.014395698193295996 0.014395698193295996 0.006896289491308369
0.004924938929448695 0.012424788661533305 0.012424788661533305 0.005137341593942282
0.0059437702679267825 0.013679271147030332 0.013679271147030332 0.005133394632143894
0.006675169263161872 0.01303447129559592 0.01303447129559592 0.0066065158575173855
0.007762583563997377 0.01460919262763053 0.01460919262763053 0.006609602944308159
0.0066586081750199125 0.01213423708083703 0.01213423708083703 0.005854674925261543
0.007743650398337798 0.013705760408888516 0.013705760408888516 0.005850305320498372
0.008390472507248607 0.011630825541332164 0.011630825541332164 0.00734147371986466
0.009361392375751343 0.012809773842503088 0.012809773842503088 0.007341898058238643
0.008374885465537702 0.010904395159427817 0.010904395159427817 0.006505019505695344
0.00934401996338993 0.01211404040427896 0.01211404040427896 0.0065051457533674955
0.009483293627082156 0.009857570357227338 0.009857570357227338 0.007876323238717425
0.009350269135519434 0.011206855230673335 0.011206855230673335 0.007868633598719237
0.00949785472788891 0.00921538419593814 0.00921538419593814 0.006101384864957225
0.009355326451191399 0.010378652784840486 0.010378652784840486 0.006099750134763382
0.008563977280691895 0.008481171768820833 0.008481171768820833 0.006771485246767292
0.007654214539779405 0.00974487711072483 0.00974487711072483 0.006734421552853876
0.008630982588274147 0.00700197429119987 0.00700197429119987 0.004055045051134326
0.007660381422985738 0.007906207105211597 0.007906207105211597 0.00404185250971187
0.005632745708327923 0.0029644692836553166 0.0029644692836553166 0.005783075109359433
0.00351828015724407 0.002258656263153593 0.002258656263153593 0.005707295456186499
0.005726746392917634 0.003037095117475966 0.003037095117475966 0.0012272322193820225
0.0034546981222409226 0.0027522760006204526 0.0027522760006204526 0.001198480806131079
0.0003646029453629771 0.01668330344942232 0.01668330344942232 0.00566806784349029
0.0013607480342189794 0.017344597613842386 0.017344597613842386 0.0056839122868598555
0.00036423964721453455 0.016739385891702877 0.016739385891702877 0.004423755739919175
0.0013593921698936706 0.017400204289510005 0.017400204289510005 0.0044290871660200085
0.0017726195403501498 0.01303338280037605 0.01303338280037605 0.005341122611313792
0.0026227298184395157 0.013792982522589751 0.013792982522589751 0.0053503668120085945
0.0017724211777463599 0.01205044693533906 0.01205044693533906 0.003971575373073502
0.0026182822529619417 0.012808570015366947 0.012808570015366947 0.003978131599775795
0.003430912485151639 0.011182115833346884 0.011182115833346884 0.004627627843800867
0.004507672943611483 0.011946436192017561 0.011946436192017561 0.00463335849353251
0.0034279076193979787 0.010517020580276018 0.010517020580276018 0.003654899693311333
0.0045019875233795 0.011280314034152103 0.011280314034152103 0.00365337234487447
0.005282171814202111 0.0105754675603342 0.0105754675603342 0.004425339640093881
0.00628249206117784 0.011350530548886925 0.011350530548886925 0.004424252706353006
0.005276811190348179 0.009997943607617098 0.009997943607617098 0.004239976708061665
0.006276094977751349 0.010772059395720091 0.010772059395720091 0.004234448524575792
0.007015815139022996 0.009999832416038454 0.009999832416038454 0.005016681567515265
0.008082876304621463 0.010803597155346107 0.010803597155346107 0.005013265887238765
0.0070079351641979355 0.009355040359940794 0.009355040359940794 0.0050525114183835014
0.00807388515363383 0.01015776005686897 0.01015776005686897 0.005048653193603877
0.008757038206986131 0.008721965171236008 0.008721965171236008 0.005902939249159026
0.00964745838062424 0.009325659919374108 0.009325659919374108 0.005901663033864178
0.008749471441757905 0.008207125384397447 0.008207125384397447 0.005930727277957753
0.009639111512503615 0.008810197625698622 0.008810197625698622 0.00592951973908903
0.009995816876998463 0.0067917026199343315 0.0067917026199343315 0.006410569204570098
0.010230998166457254 0.007315032209622967 0.007315032209622967 0.006410527566011698
0.009996036494990807 0.006374671634979897 0.006374671634979897 0.006342250306097032
0.010231173092473633 0.0069582472550960795 0.0069582472550960795 0.006342361726990961
0.009918044102775667 0.004911424433911277 0.004911424433911277 0.005755176529817204
0.009038668746449912 0.005277025348991137 0.005277025348991137 0.005754575572011553
0.009934032915521859 0.004373474179011724 0.004373474179011724 0.005548875890049943
0.009055113403102163 0.004737388570230081 0.004737388570230081 0.005548424106649448
0.007922164123039147 0.003034713008217928 0.003034713008217928 0.0036363129310738665
0.005900793733578789 0.0027818430755337763 0.0027818430755337763 0.003636555069695155
0.007946900198246962 0.0025280195375448084 0.0025280195375448084 0.0035441654303236697
0.005921335721091692 0.0023838012312637925 0.0023838012312637925 0.0035448419915057026
0.003475782169819434 0.00251294703730454 0.00251294703730454 0.0012272199580379266
0.0022950107281250066 0.0024652185323138782 0.0024652185323138782 0.001221819119962969
0.0035199899701991123 0.0010036532780876557 0.0010036532780876557 0.0008723879497759768
0.0022663524209313697 0.001127610155968786 0.001127610155968786 0.0008712016692083333
0.0004277557373409989 0.01647758070554495 0.01647758070554495 0.003733502790716271
0.0015972698139816838 0.016966058944092945 0.016966058944092945 0.0037416133268852467
0.00042749001443311685 0.015879106986124363 0.015879106986124363 0.003009500216128479
0.0015962767957240385 0.01636701299038501 0.01636701299038501 0.0030110558318609277
0.002452658676584114 0.010983824756221507 0.010983824756221507 0.0032782366260428078
0.003990610966031978 0.011529482448712337 0.011529482448712337 0.0032800908013567455
0.0024504639746569493 0.010092650581275748 0.010092650581275748 0.002896672933666573
0.003986916830356441 0.010637288764496234 0.010637288764496234 0.002891934392357004
0.004934357676899809 0.009298888029311973 0.009298888029311973 0.0035199274941176317
0.005957849314071154 0.009807990912596124 0.009807990912596124 0.0035157862134117214
0.004931736903078715 0.008723369114194149 0.008723369114194149 0.003572874854800763
0.005954550550074062 0.009231899550084723 0.009231899550084723 0.003568551229226954
0.006681964529455183 0.008357550883157252 0.008357550883157252 0.004270831264348595
0.0076664324292034704 0.008814071704474059 0.008814071704474059 0.004267947158589273
0.006678257622962495 0.007804644282135247 0.007804644282135247 0.004378834692938708
0.007662092299123464 0.008260671428483345 0.008260671428483345 0.004375854272588847
0.008301253492030312 0.007220470675769332 0.007220470675769332 0.005175010101981471
0.0090944053817064 0.007623400750759813 0.007623400750759813 0.0051733725853506446
0.008297527567493732 0.006756574231307723 0.006756574231307723 0.005318010616332517
0.009090226470040565 0.007159143497025236 0.007159143497025236 0.005316480477719733
0.009535942077958326 0.005534588035984317 0.005534588035984317 0.00602873393231984
0.010011492683550918 0.005840176179822207 0.005840176179822207 0.006028406100205071
0.009533646528606237 0.005270840058591438 0.005270840058591438 0.006118410930081764
0.010008996221187982 0.005574746167945381 0.005574746167945381 0.0061181441318599065
0.0100817340905109 0.0037738728705024953 0.0037738728705024953 0.006308242162030834
0.009885750173974445 0.003983267548717574 0.003983267548717574 0.006308190858773655
0.010084382878089809 0.0036019055624105087 0.0036019055624105087 0.006231736748474666
0.009888479119530431 0.0037919950548120623 0.0037919950548120623 0.006231709966596453
0.009375271748655033 0.002231076262699348 0.002231076262699348 0.005454651297174017
0.00826408772221055 0.0022400395118773284 0.0022400395118773284 0.00545477764458346
0.009383941111448047 0.0020048060819071543 0.0020048060819071543 0.005374614934321366
0.00827275915951153 0.0020174987536359934 0.0020174987536359934 0.005374718450355745
0.0070256535045757915 0.0019922535227231216 0.0019922535227231216 0.0034217507284497652
0.0048373205319701814 0.00204169816645794 0.00204169816645794 0.0034212765705930012
0.007040103626567852 0.0013710566049112897 0.0013710566049112897 0.0032835269937052207
0.004851153559105946 0.0013680339291846323 0.0013680339291846323 0.0032831261215430156
0.003030385612962523 0.0018175211091685636 0.0018175211091685636 0.000857765648292813
0.0018981472231798632 0.0017326732693909866 0.0017326732693909866 0.0008579031797572205
0.0030468909366157997 0.0005218224578975551 0.0005218224578975551 0.0009229614178356883
0.0018927400734495131 0.0004505590655267095 0.0004505590655267095 0.0009235694753165815
0.0006691434845968227 0.015233282804511573 0.015233282804511573 0.0027804292894865732
0.0024995256907906914 0.015584206571353666 0.015584206571353666 0.0027760586390471317
0.000668854287788541 0.014203900398724127 0.014203900398724127 0.002744200994830621
0.002498444030242593 0.014553765325679924 0.014553765325679924 0.0027386501062888003
0.003643832744496769 0.00917654153657157 0.00917654153657157 0.002867047195730473
0.004965268382097179 0.009506976365844653 0.009506976365844653 0.0028643821456971665
0.0036425471865806198 0.00843471911775952 0.00843471911775952 0.0028372089697843673
0.004963363674395039 0.008764554462934622 0.008764554462934622 0.0028343825149610966
0.005805809716420736 0.0076183891103870135 0.0076183891103870135 0.0036099857507926494
0.0067955148244615215 0.007906621140317125 0.007906621140317125 0.003608226230564168
0.005804120288629159 0.007063357885752314 0.007063357885752314 0.003676984082657252
0.006793392341428916 0.00735123003198568 0.00735123003198568 0.003675146721218294
0.0074295162304307116 0.006381941199436185 0.006381941199436185 0.004489056682284988
0.008190262964142167 0.006639127666942619 0.006639127666942619 0.0044877059507185115
0.007427694906193372 0.005955613039337472 0.005955613039337472 0.00458240896620839
0.008188150698546422 0.006212569565720823 0.006212569565720823 0.004581101363146257
0.008666078944995461 0.005101755418007236 0.005101755418007236 0.00542457465416741
0.009229959869384824 0.005294671658169866 0.005294671658169866 0.005424157236565523
0.008664462203905978 0.004754786670408158 0.004754786670408158 0.005466415518710589
0.009228176518592668 0.0049423067667668545 0.0049423067667668545 0.005466041989253928
0.009498537813853014 0.003415168292064252 0.003415168292064252 0.0061226470546058
0.009701040296805024 0.003542707671343284 0.003542707671343284 0.006122744833098399
0.009498059732076151 0.0032924962323569937 0.0032924962323569937 0.006026114938403837
0.009700523216519956 0.003397387222881445 0.003397387222881445 0.0060262016379310605
0.009621724769080528 0.0018470225323358217 0.0018470225323358217 0.006162633365858625
0.009241422941040604 0.001867306317304388 0.001867306317304388 0.006162516857354526
0.009623459516447417 0.0018615011613864006 0.0018615011613864006 0.006033271597919504
0.009243168257319774 0.0018839083518424852 0.0018839083518424852 0.006033181474376239
0.008668514633421266 0.001601349644998426 0.001601349644998426 0.005289445729092007
0.007518487330795252 0.0016535879717688386 0.0016535879717688386 0.005289119961907878
0.00867306582372072 0.0012775311375412795 0.0012775311375412795 0.005128526751893509
0.007522932545341246 0.0013214607332887335 0.0013214607332887335 0.005128253461263345
0.006404919908235706 0.0018597574636394644 0.0018597574636394644 0.0031914597153244826
0.004550904449958282 0.0018814345115499757 0.0018814345115499757 0.0031914831438059673
0.006411672331847457 0.0010815474415187632 0.0010815474415187632 0.0031312294515713763
0.004557515123553777 0.0010782242439268618 0.0010782242439268618 0.0031312289046483872
0.0032360055059841206 0.0014442523957862072 0.0014442523957862072 0.001002718530481405
0.002092070561088716 0.001354748944550376 0.001354748944550376 0.0010033418962560852
0.0032427792506781743 0.0004016821908775015 0.0004016821908775015 0.0011681675946370968
0.002093558493352539 0.0003341675065850983 0.0003341675065850983 0.0011687814586218881
0.0008273419771140385 0.013297770928225818 0.013297770928225818 0.00267818999578085
0.003091116661308962 0.013472139010225126 0.013472139010225126 0.00267708269853091
0.0008271331900869717 0.012025772053558583 0.012025772053558583 0.0025222597294239407
0.0030903355165831795 0.012198694381827468 0.012198694381827468 0.0025210164005947883
0.004324176443955592 0.007577328201014129 0.007577328201014129 0.0028500897933045766
0.005439964352782109 0.007764846068137516 0.007764846068137516 0.0028488485360384755
0.004323578174381692 0.006951373071368981 0.006951373071368981 0.0028667998349950147
0.0054390474710745585 0.007138510568781769 0.007138510568781769 0.0028656041792380787
0.006154906436632511 0.006082379142910976 0.006082379142910976 0.0037043838034228056
0.0069997449402475174 0.006222964027975492 0.006222964027975492 0.003703887923183618
0.006154044948472217 0.0056090740428604915 0.0056090740428604915 0.0036839650359596905
0.006998678393850889 0.005749442037443573 0.005749442037443573 0.00368345914801525
0.007533987107809747 0.004814007875957782 0.004814007875957782 0.004637197620001565
0.008157932041618968 0.004927156086362808 0.004927156086362808 0.004636931092591711
0.007533118741593113 0.0044646260385488535 0.0044646260385488535 0.004619374951591319
0.008156939444229057 0.004577654362761955 0.004577654362761955 0.004619124607137949
0.008530710730787467 0.003463745025956858 0.003463745025956858 0.00544965612529792
0.00893768204390909 0.0035154874056757225 0.0035154874056757225 0.005449891010560966
0.00853003035197748 0.0032205268612177504 0.0032205268612177504 0.005348411846308204
0.00893694398682336 0.0032722149424392957 0.0032722149424392957 0.0053486212631064615
0.009093876479684161 0.001973154957207335 0.001973154957207335 0.005941681395136527
0.009128352553270576 0.0019857628629281598 0.0019857628629281598 0.0059417909451968485
0.009093847711047456 0.0018995862134767831 0.0018995862134767831 0.005800641036860752
0.009128318895072452 0.0018990198069672147 0.0018990198069672147 0.005800747791386704
0.008969205099543628 0.0010092030067629435 0.0010092030067629435 0.0059161273600060104
0.00851505658407639 0.0010772918075721014 0.0010772918075721014 0.005915940766078546
0.008970121519090744 0.001002877012965026 0.001002877012965026 0.005704561734150706
0.008515944672310165 0.000979369538471175 0.000979369538471175 0.005704428526738484
0.007960365587068717 0.001393296679371823 0.001393296679371823 0.004983441703021625
0.006909990154215774 0.0014896479009487765 0.0014896479009487765 0.004982974341439195
0.007962293665019955 0.0010568378281026948 0.0010568378281026948 0.004757617937834097
0.006911804484152041 0.0011353289317956458 0.0011353289317956458 0.004757266224286458
0.005995871074062712 0.0017391423197946714 0.0017391423197946714 0.0030913740897720683
0.004575933431192286 0.001747473795724208 0.001747473795724208 0.0030913839305999127
0.0059982304335476225 0.0009965328152646397 0.0009965328152646397 0.0030676615552358817
0.004578248220811018 0.0010056709842405707 0.0010056709842405707 0.0030676577095880195
0.0036530864389455187 0.001157786693134613 0.001157786693134613 0.0013094623371471502
0.0026187488328910666 0.00105021617085719 0.00105021617085719 0.0013100865932456113
0.0036552723024825436 0.00040697736224324835 0.00040697736224324835 0.0015435241414659775
0.002620554005356485 0.0003022522824839662 0.0003022522824839662 0.0015439240414751353
0.0008576092186301761 0.011029805724088368 0.011029805724088368 0.002373651050347611
0.003204329719441969 0.011070324711993375 0.011070324711993375 0.002375300802761063
0.000857504264286963 0.009711650328906762 0.009711650328906762 0.0021131940657973802
0.003203937179863716 0.009750648995175706 0.009750648995175706 0.002114613142422621
0.004431851900370092 0.006241525556541638 0.006241525556541638 0.0028396173311058155
0.005440693080022553 0.006303247768510302 0.006303247768510302 0.002839865407420531
0.004431593370581955 0.005675710445445362 0.005675710445445362 0.0027337288173842414
0.005440294193471422 0.00573714860453857 0.00573714860453857 0.00273394458593614
0.006075310293323419 0.004809757632837692 0.004809757632837692 0.0036545170741868805
0.006803240905793357 0.004861408292924958 0.004861408292924958 0.0036546598098628567
0.006074950409315624 0.004401980499350817 0.004401980499350817 0.0035687088366981134
0.006802793136917826 0.004453483205028517 0.004453483205028517 0.0035688227975878696
0.007270489850223509 0.003589786088018063 0.003589786088018063 0.004577813398787994
0.007822965730726028 0.003603032879744955 0.003603032879744955 0.004578157974460317
0.007270100209611434 0.0032805442034560253 0.0032805442034560253 0.004463180001713446
0.007822529218566628 0.0032937076004490155 0.0032937076004490155 0.004463484154030773
0.008127325835143228 0.002253140482591499 0.002253140482591499 0.005258169906864467
0.008411378511155239 0.0022255716266248245 0.0022255716266248245 0.005258542034156265
0.00812708620511978 0.0020892906891210048 0.0020892906891210048 0.005100029728205126
0.0084111302985829 0.0020658201179900343 0.0020658201179900343 0.005100368071312887
0.008498248166038084 0.0010725170479603844 0.0010725170479603844 0.005679740975694211
0.008456489181115358 0.001031872230624976 0.001031872230624976 0.005679911293015701
0.008498282790254021 0.0010537947074479696 0.0010537947074479696 0.005466149937619149
0.00845652288236845 0.0010108552738269307 0.0010108552738269307 0.0054663271920734925
0.008266080335468112 0.000924039165860989 0.000924039165860989 0.005530761943318905
0.007791515175463433 0.0010331813095276767 0.0010331813095276767 0.005530630128571111
0.008266385431523549 0.0007916308398531898 0.0007916308398531898 0.005258072370121046
0.007791767898408603 0.0009008426878752642 0.0009008426878752642 0.00525801460065343
0.0073069705909729575 0.001359878160517933 0.001359878160517933 0.004592785180453692
0.006459935031841233 0.0014617812825549418 0.0014617812825549418 0.004592492134662557
0.00730732607398269 0.0009505899923191649 0.0009505899923191649 0.004370987544130701
0.006460211296922718 0.0010485000993687747 0.0010485000993687747 0.004370799826033503
0.005777693803884746 0.0015129070112936318 0.0015129070112936318 0.0030654719214788006
0.004772730653122782 0.001502854897687563 0.001502854897687563 0.003065518142029676
0.005778035424574395 0.0009917645065837912 0.0009917645065837912 0.0030910001332905375
0.004773073947544075 0.0009826252249778213 0.0009826252249778213 0.0030910231829012385
0.004154896429223733 0.0009171435305363322 0.0009171435305363322 0.0017238117625977983
0.0034328396332045283 0.0007966800938711035 0.0007966800938711035 0.0017241121893489368
0.004155231399627323 0.0004250645574052338 0.0004250645574052338 0.0019891556864450365
0.0034332318434448714 0.00030477398289648853 0.00030477398289648853 0.001989288049372329
0.0008037390007612964 0.00875461112178185 0.00875461112178185 0.0019226661259118731
0.0030028328654619196 0.008731038787518844 0.008731038787518844 0.0019246411111919534
0.0008037037006821256 0.007519394096349313 0.007519394096349313 0.0016593306438546945
0.0030027009850293164 0.00749448760319114 0.00749448760319114 0.0016610328741459692
0.00414860721918716 0.005144203711418357 0.005144203711418357 0.0026322950480037128
0.0050782334746050616 0.00513054439899604 0.00513054439899604 0.0026330632216898403
0.004148513744559209 0.004622736979326358 0.004622736979326358 0.0024469587430652035
0.005078101674125465 0.004608839520325999 0.004608839520325999 0.0024476497876588952
0.005673880066896918 0.0038450200983495613 0.0038450200983495613 0.003476312201604154
0.006372289826328078 0.003816997932438513 0.003816997932438513 0.003476982330705415
0.005673770448292423 0.0034537604065171994 0.0034537604065171994 0.0033031808748384367
0.006372162445695845 0.003425603646653191 0.003425603646653191 0.00330377792606993
0.0068065730735222115 0.002666066506360363 0.002666066506360363 0.004355001353738736
0.007295607974240348 0.0026009831626521334 0.0026009831626521334 0.004355696313522278
0.006806476737265848 0.0023923405011731297 0.0023923405011731297 0.0041646992501342735
0.00729551510899475 0.0023271873027380257 0.0023271873027380257 0.004165325486686741
0.007549678597356896 0.0014467795450266822 0.0014467795450266822 0.004968406374787964
0.0077556338330070935 0.0013683284835162522 0.0013683284835162522 0.004968876194717151
0.007549636098926667 0.0013330144246517198 0.0013330144246517198 0.00475538335806446
0.0077556011450048805 0.0012558057109918251 0.0012558057109918251 0.004755820229437716
0.007801357691440983 0.0006415060327815631 0.0006415060327815631 0.005287647814795107
0.007720640090760468 0.0007016710352429423 0.0007016710352429423 0.005287909485581487
0.007801351212180673 0.000640544363264509 0.000640544363264509 0.004993137805078109
0.007720624911805137 0.00067551243327181 0.00067551243327181 0.00499341391179358
0.007541424448723382 0.0008397233321116402 0.0008397233321116402 0.005048612795104028
0.00713233610767474 0.0009597685976105401 0.0009597685976105401 0.00504860651882517
0.007541276097694857 0.0007118684702488126 0.0007118684702488126 0.004749697642517226
0.007132135627262911 0.0008245194886706087 0.0008245194886706087 0.004749758565082251
0.006765122171671371 0.0012709823398045542 0.0012709823398045542 0.004229092086365888
0.006171305918400982 0.0013457384398969118 0.0013457384398969118 0.004229002929453065
0.006764855641707777 0.0009556665416195906 0.0009556665416195906 0.004065695157614213
0.006170999595287758 0.0010305157844395622 0.0010305157844395622 0.004065661046160067
0.0057182474811354675 0.00125469891661902 0.00125469891661902 0.0031215512270453155
0.00507841064300826 0.0012295699005058361 0.0012295699005058361 0.003121580277209772
0.005717982473142383 0.0009260454451295425 0.0009260454451295425 0.003181981277981669
0.005078153993664891 0.0009023968486406909 0.0009023968486406909 0.0031819838903158616
0.00469067185990666 0.0007132639679513178 0.0007132639679513178 0.0021897068728926336
0.004295726350663752 0.0005870390039857571 0.0005870390039857571 0.0021897359583652534
0.004690527107980345 0.0004426543144999654 0.0004426543144999654 0.0024736396223430882
0.004295615946280005 0.0003128125557233783 0.0003128125557233783 0.0024735618044349115
0.0007075181063966847 0.006660113879371784 0.006660113879371784 0.0014755696876491242
0.002643001317532773 0.006609210146922493 0.006609210146922493 0.0014770934106832889
0.0007075210232149765 0.0055727913970459505 0.0055727913970459505 0.0012387415096027493
0.0026430123693138474 0.005520851947401273 0.005520851947401273 0.0012400163664174125
0.0036741158412133784 0.00419213591279881 0.00419213591279881 0.00229741168090533
0.004553391033856954 0.004133961345771062 0.004133961345771062 0.0022982886052932243
0.003674109902879968 0.00369876340999741 0.00369876340999741 0.0020754693234927065
0.00455340157294672 0.003640372042188839 0.003640372042188839 0.0020762439803650922
0.0051114524515476325 0.003039556286638286 0.003039556286638286 0.003159102639808866
0.005756412730953631 0.0029575124632577384 0.0029575124632577384 0.0031599700111097145
0.005111480215798439 0.0026780669325878956 0.0026780669325878956 0.0029464661658048035
0.005756463844083928 0.0025959014887975192 0.0025959014887975192 0.002947235188796469
0.006150539656430492 0.001972181588475545 0.001972181588475545 0.00401013914756711
0.006581924478590775 0.0018527238930856396 0.0018527238930856396 0.0040109829653182764
0.006150599974281296 0.001730598903776405 0.001730598903776405 0.003742080702069049
0.006582014680053665 0.0016110748287747362 0.0016110748287747362 0.00374284123129347
0.006808125760833248 0.0009325694842170321 0.0009325694842170321 0.004562248611154204
0.006993929952650576 0.0008225421308422211 0.0008225421308422211 0.004562852872979136
0.006808174843715302 0.0008343085390110178 0.0008343085390110178 0.004245052140661605
0.006993996963498058 0.0007431481392415906 0.0007431481392415906 0.004245616711540139
0.007039622403355251 0.0005657682170292747 0.0005657682170292747 0.004768131985955227
0.006977417010544538 0.0006735226546263213 0.0006735226546263213 0.004768449486267051
0.0070395497097955175 0.0005386137162739209 0.0005386137162739209 0.00444646094505378
0.006977332231871403 0.0006424922528586505 0.0006424922528586505 0.0044467857824812725
0.006862282432775701 0.0007762513752993429 0.0007762513752993429 0.00455357435623652
0.006609302346331803 0.0008707766016746523 0.0008707766016746523 0.004553647313702596
0.006862051975009728 0.0006705040511563684 0.0006705040511563684 0.004316334851941109
0.006609044447558073 0.0007614111344830763 0.0007614111344830763 0.004316439075951134
0.00638524050107405 0.0010912938958108516 0.0010912938958108516 0.003969043933562056
0.006026207197492279 0.0011376017885848992 0.0011376017885848992 0.003969037096929271
0.00638492525890026 0.0008986749977258233 0.0008986749977258233 0.0038686584972536923
0.006025876868622891 0.0009445261380907715 0.0009445261380907715 0.003868671681275797
0.005766771569063007 0.001005662501615123 0.001005662501615123 0.003235875497973609
0.00542247957021641 0.0009699004515356614 0.0009699004515356614 0.00323585727338443
0.005766520125325886 0.0008333411380511086 0.0008333411380511086 0.0033228947646115154
0.005422235019702257 0.0007976134578276825 0.0007976134578276825 0.0033228557045360727
0.005223679238429772 0.0005579628048239006 0.0005579628048239006 0.002678226417738419
0.005031077194049069 0.0004409528907593761 0.0004409528907593761 0.0026781030783487978
0.0052235846732162396 0.0004525839698575515 0.0004525839698575515 0.002946140463800892
0.005030992259447557 0.0003390864199741303 0.0003390864199741303 0.0029459695737668935
0.0005900927153823852 0.004840306511064158 0.004840306511064158 0.0010780537016060474
0.0022039998166435964 0.0047807566287233665 0.0047807566287233665 0.001079065092703566
0.000590109221534695 0.003933412382128243 0.003933412382128243 0.000879560491939216
0.002204061618284077 0.003873140333137904 0.003873140333137904 0.0008803490432568075
0.003103951378000418 0.003320333760830554 0.003320333760830554 0.0018939243117852725
0.003947040885459977 0.0032263450115823647 0.0032263450115823647 0.0018948757908054878
0.0031039912102251684 0.002847110232323919 0.002847110232323919 0.0016347863817085333
0.003947127651024218 0.0027529157403458756 0.0027529157403458756 0.0016356031033189415
0.00447301626344363 0.0023397717536119828 0.0023397717536119828 0.0027805287050355087
0.005066090327047659 0.0022260779267826384 0.0022260779267826384 0.0027813984580599953
0.004473100105559233 0.0020071607530811513 0.0020071607530811513 0.002524240395874054
0.0050662126355989125 0.0018933560082337445 0.0018933560082337445 0.002524999406090117
0.005424330417189903 0.0014296629613711673 0.0014296629613711673 0.003531144003664415
0.005809107267141142 0.001291674401642167 0.001291674401642167 0.0035319132620199247
0.005424437559509896 0.001213988231821529 0.001213988231821529 0.0032216907600890643
0.005809246232394689 0.0010784458892423461 0.0010784458892423461 0.003222375126220447
0.0060229283888541 0.0006334058437150551 0.0006334058437150551 0.004012709896045455
0.006221262912459948 0.0006201125973781495 0.0006201125973781495 0.004013242287949347
0.006023013364615244 0.000558153195815936 0.000558153195815936 0.003694178790212607
0.006221365435530824 0.0005730604738342947 0.0005730604738342947 0.0036946671130997774
0.0063076520839917185 0.0005015989981445771 0.0005015989981445771 0.0042282484251097065
0.0063442746087610845 0.0005840940287803777 0.0005840940287803777 0.004228515449499154
0.00630765855988423 0.0004988987565033768 0.0004988987565033768 0.003953287094738524
0.006344282893821283 0.0005870803962429646 0.0005870803962429646 0.003953546107362665
0.006325874099382485 0.0006608375894075571 0.0006608375894075571 0.004157743555695234
0.0062386611007576665 0.0007407460700533907 0.0007407460700533907 0.004157846120606131
0.006325790351961161 0.0006201766062092582 0.0006201766062092582 0.003961623369477536
0.006238570741839537 0.0006983814069431361 0.0006983814069431361 0.00396173604382943
0.006146666266975229 0.0008705989075599965 0.0008705989075599965 0.0038099234277593906
0.005982799909823193 0.0008989243755886354 0.0008989243755886354 0.003809932520078541
0.006146502085764021 0.0007835988617985109 0.0007835988617985109 0.0037498593070313326
0.005982631784913688 0.0008119322067447316 0.0008119322067447316 0.0037498741134189555
0.005875760428041617 0.0007817505928444733 0.0007817505928444733 0.0033906105219214527
0.005749443033558648 0.0007406010250616956 0.0007406010250616956 0.0033905519088038806
0.005875693891162238 0.0007206940510876749 0.0007206940510876749 0.0034886526874619577
0.005749377493680356 0.0006795506839774024 0.0006795506839774024 0.0034885846848348476
0.00570724662901462 0.00043988394065184615 0.00043988394065184615 0.0031343712325251614
0.005695715770688666 0.0003368240845636403 0.0003368240845636403 0.0031341871541287927
0.0057073136054682635 0.0004435072886616018 0.0004435072886616018 0.0033753456088733338
0.005695776360060862 0.0003423595924581719 0.0003423595924581719 0.0033751506115209853
0.0004687834601151377 0.0033393478728603915 0.0033393478728603915 0.0007641443228821504
0.0017506242573900623 0.003283059671407153 0.003283059671407153 0.0007646625624630186
0.0004688021732052411 0.0026188460343513297 0.0026188460343513297 0.0006430251318503096
0.0017506942490612565 0.0025621010346332626 0.0025621010346332626 0.0006434076008868437
0.0025143780340945773 0.002509864390514592 0.002509864390514592 0.0014488073941751106
0.003318212435312612 0.002397179388035561 0.002397179388035561 0.0014496793783976873
0.002514436710929357 0.0020585150436033617 0.0020585150436033617 0.0011863442744296418
0.0033183229151494695 0.0019456378124068472 0.0019456378124068472 0.0011870645224654809
0.0038179586472682006 0.0017428163008673993 0.0017428163008673993 0.0023282411584537098
0.004378726824526114 0.0016186450759208117 0.0016186450759208117 0.00232898140724656
0.003818051449183073 0.001428165644747789 0.001428165644747789 0.002048785044115166
0.004378857515125506 0.001303890895884817 0.001303890895884817 0.0020494092873087483
0.0047235651715520155 0.0010226497561848468 0.0010226497561848468 0.0030107379816549104
0.0051041434867930184 0.0009036124509622012 0.0009036124509622012 0.0030112511734022387
0.004723676211915266 0.0008092190954557461 0.0008092190954557461 0.002743616990749015
0.005104282079740128 0.0006977314468685142 0.0006977314468685142 0.002744057962072069
0.005331467240606565 0.0004985505103269096 0.0004985505103269096 0.003487985455977522
0.005571138936755039 0.0004909710608387921 0.0004909710608387921 0.003488309446360469
0.005331574572493219 0.00043261634928911134 0.00043261634928911134 0.003243466568027393
0.0055712642737874565 0.00045773234853787627 0.00045773234853787627 0.003243751145469173
0.005706589255099948 0.00040749729093908 0.00040749729093908 0.0037695502186855965
0.005836293491199559 0.0004727740879255445 0.0004727740879255445 0.0037697552103127248
0.005706679984719464 0.0004259437672746496 0.0004259437672746496 0.0035431072804558523
0.005836394648904074 0.0004963594959847694 0.0004963594959847694 0.0035432940928234575
0.0059045520010684825 0.0005203444690223682 0.0005203444690223682 0.003830433488967562
0.00596131541967102 0.00058570804395432 0.00058570804395432 0.0038305342862250758
0.005904631709163863 0.0005438749959248488 0.0005438749959248488 0.0036686583515745954
0.005961400441689674 0.0006126195981745761 0.0006126195981745761 0.0036687556222664962
0.005985492698524901 0.0006416598394384636 0.0006416598394384636 0.003711731063303154
0.005995259093130364 0.000661593669354897 0.000661593669354897 0.0037117460742714155
0.005985539302382375 0.000649914030035456 0.000649914030035456 0.0036680837218550115
0.005995306887022491 0.0006696541725623258 0.0006696541725623258 0.0036680995476811888
0.006013120306437384 0.000572345196823267 0.000572345196823267 0.0035584239083035047
0.006052987438242102 0.0005318578705175248 0.0005318578705175248 0.003558352198658854
0.0060132240207412205 0.0005979045849848178 0.0005979045849848178 0.003651524386110233
0.00605308895708844 0.0005574192720849775 0.0005574192720849775 0.0036514540773965364
0.006116079124844616 0.00033504398179133 0.00033504398179133 0.0035418906300396197
0.00625927793591119 0.00024526122438345884 0.00024526122438345884 0.0035416984660341065
0.006116279114424432 0.0004130158830678958 0.0004130158830678958 0.0037566686712155106
0.006259463199602812 0.0003211702094704223 0.0003211702094704223 0.0037564888911077983
0.00035584760270050155 0.0021542233524654867 0.0021542233524654867 0.0005691383225403512
0.0013286760944370842 0.0020953252414551296 0.0020953252414551296 0.0005694631276306444
0.00035585924424344354 0.0016072657103453597 0.0016072657103453597 0.0004991037903899725
0.0013287196167652165 0.0015481023463467223 0.0015481023463467223 0.0004992997099339916
0.0019620413820551712 0.0017430770925417685 0.0017430770925417685 0.0010174263564833765
0.002719283305754618 0.0016535720161877567 0.0016535720161877567 0.0010179157952840737
0.0019620943837774752 0.00131777693043415 0.00131777693043415 0.0008153190227627446
0.0027193766875650604 0.001228104810138054 0.001228104810138054 0.0008156985869404386
0.003203528498857964 0.0012432689498820609 0.0012432689498820609 0.0018634613233765667
0.003768868290087018 0.0011427537332123858 0.0011427537332123858 0.0018639017543221029
0.0032036139255696558 0.0009259938142627652 0.0009259938142627652 0.0016371854306039498
0.003768986465043347 0.0008253794205608192 0.0008253794205608192 0.0016375330178891197
0.004127342844215066 0.0007354779573144813 0.0007354779573144813 0.002570485493278
0.004540907240415669 0.0006491820464633388 0.0006491820464633388 0.0025707747545407034
0.004127448213735149 0.0005116687829569028 0.0005116687829569028 0.002365466041936059
0.004541038135642763 0.00045249220472637477 0.00045249220472637477 0.0023656976604760193
0.004801133198779865 0.0004026341539209266 0.0004026341539209266 0.003084656697654065
0.0050980287879189914 0.0003835011749406417 0.0003835011749406417 0.0030848488110318045
0.004801251782834542 0.00032644526904579386 0.00032644526904579386 0.0028962792990638525
0.005098166405561441 0.00035760506735571025 0.00035760506735571025 0.002896435631156707
0.005280116273430181 0.000320534897242481 0.000320534897242481 0.003402706450869388
0.005480305471715231 0.0003566058950722215 0.0003566058950722215 0.003402817073645405
0.005280229501706913 0.0003516896399743689 0.0003516896399743689 0.0032464939264729596
0.005480430680554331 0.0004002698608464413 0.0004002698608464413 0.0032465859610626762
0.00560906360587684 0.00037301174658252 0.00037301174658252 0.003567178208652542
0.005760712728460894 0.00041879450477220125 0.00041879450477220125 0.0035672421566751043
0.005609193597071931 0.00044653325729425767 0.00044653325729425767 0.003452593499211076
0.005760850499001125 0.0004970975837443984 0.0004970975837443984 0.00345264836745093
0.005869830844913338 0.00043239810817478306 0.00043239810817478306 0.0036374521729456146
0.0060167629347931476 0.00045052059698123695 0.00045052059698123695 0.0036374714843032774
0.005870002255499859 0.0005151448824004761 0.0005151448824004761 0.0035982809406045315
0.006016937559094182 0.0005340759965048852 0.0005340759965048852 0.0035982979195155686
0.006133488154218674 0.00038793701959278164 0.00038793701959278164 0.003710421241336438
0.0063059229905115645 0.00035838234298166767 0.00035838234298166767 0.00371037281345847
0.006133689894407021 0.00048423098268774833 0.00048423098268774833 0.003779163187115329
0.006306120099255944 0.0004541410465791887 0.0004541410465791887 0.003779121525811235
0.006452780772069166 0.0002486674696875568 0.0002486674696875568 0.0038942930223773114
0.006681749092746407 0.00018943585182273657 0.00018943585182273657 0.0038941653280581473
0.006453005004415189 0.0003704315238143453 0.0003704315238143453 0.0040572372446881395
0.006681957945218473 0.00029973961388718526 0.00029973961388718526 0.0040571303751033
0.00028402674556186625 0.0012552413521129447 0.0012552413521129447 0.0004759425065555043
0.0010604070429014619 0.0012177448079116933 0.0012177448079116933 0.00047602228825124486
0.00028403035060707257 0.0008186668834878434 0.0008186668834878434 0.0004814968896746149
0.0010604205212667315 0.0007810021174594541 0.0007810021174594541 0.00048149583338566123
0.0015983917489423868 0.0010700942117101164 0.0010700942117101164 0.0006920850222269802
0.00229173620712148 0.0010151106549058963 0.0010151106549058963 0.0006922859594983951
0.0015984139683017833 0.0006806023414513037 0.0006806023414513037 0.0005721715111180962
0.002291774941076128 0.0006254827747735469 0.0006254827747735469 0.0005723028409928127
0.002753888773413 0.0008054421928836193 0.0008054421928836193 0.0015034066308044027
0.0033230308028979545 0.0007440377945799089 0.0007440377945799089 0.0015035810923917058
0.002753933137288355 0.00048600413658721447 0.00048600413658721447 0.0013650836527159265
0.003323095653294204 0.0004245063035222341 0.0004245063035222341 0.0013652013662684113
0.0036951162638605216 0.0005034920836427312 0.0005034920836427312 0.002238413722297838
0.0041423436088471 0.0004434760419199119 0.0004434760419199119 0.0022385479896719386
0.003695181122822904 0.00027612774191026053 0.00027612774191026053 0.0020974332429706906
0.004142427288361236 0.0002648094864472981 0.0002648094864472981 0.0020975244995691507
0.0044298603528876695 0.000307063542011925 0.000307063542011925 0.00278186536186603
0.00476792555663419 0.00028030107626718636 0.00028030107626718636 0.0027819486863198363
0.004429938742546898 0.0002316026066773353 0.0002316026066773353 0.002658713865807676
0.004768018613229953 0.0002592011054939927 0.0002592011054939927 0.002658771073132615
0.004986624910736746 0.00023129547349235905 0.00023129547349235905 0.0031507776313451537
0.005245919550454979 0.0002482371050715345 0.0002482371050715345 0.003150829533100194
0.004986716821166642 0.0002755032725746141 0.0002755032725746141 0.003046423337436593
0.005246022107905388 0.00031619865421221295 0.00031619865421221295 0.0030464594052524805
0.005421169253289332 0.00024669080359577915 0.00024669080359577915 0.00338408281834982
0.005640721076810495 0.0002720404502182011 0.0002720404502182011 0.0033841108630783628
0.005421279037777445 0.0003543983148889047 0.0003543983148889047 0.003312320104840746
0.005640837963695251 0.0003875704810262824 0.0003875704810262824 0.003312339882682377
0.0058042550868702015 0.0002793295978956518 0.0002793295978956518 0.0035741484077698557
0.006031694263426148 0.00028985356278342367 0.00028985356278342367 0.0035741575658829665
0.005804403189340157 0.00039818100330694933 0.00039818100330694933 0.0035482172119818385
0.006031845448473837 0.0004105743175954301 0.0004105743175954301 0.0035482237470086508
0.006209425835843314 0.00024784217350682064 0.00024784217350682064 0.0038159663355620517
0.006467770829723764 0.00023578799048029183 0.00023578799048029183 0.003815951643073947
0.00620960161760758 0.0003860164929014282 0.0003860164929014282 0.0038486845004234165
0.00646794271474069 0.0003732496738778875 0.0003732496738778875 0.0038486740891882885
0.006669332017185065 0.00019009338090952388 0.00019009338090952388 0.00414857401102415
0.006961686387247108 0.0001674209061649816 0.0001674209061649816 0.004148528508414836
0.006669500910831868 0.00033551912511869595 0.00033551912511869595 0.004236130443769542
0.006961844279088628 0.00029840018257271247 0.00029840018257271247 0.004236098836941516
0.0002527059470590619 0.0005313732322119394 0.0005313732322119394 0.0005203521242323244
0.0009434319221467941 0.0005337293505281973 0.0005337293505281973 0.0005203460692431649
0.00025269759555264753 0.00014296271489926154 0.00014296271489926154 0.0005756570966086831
0.0009434007360298532 0.00014518721785057953 0.00014518721785057953 0.0005756547395364101
0.0014309987256539757 0.0004900457665256571 0.0004900457665256571 0.0005220010981761993
0.002072296975923823 0.0004741879349624286 0.0004741879349624286 0.0005220309254202081
0.0014309621518757022 0.00012976552688523575 0.00012976552688523575 0.0004994824527449931
0.0020722601455171654 0.0001155874619649357 0.0001155874619649357 0.0004994900317269665
0.00251534828402247 0.0004042581703881548 0.0004042581703881548 0.0012961038515102842
0.003084450487840198 0.0003822771153124617 0.0003822771153124617 0.0012961319073989332
0.002515319519085368 0.0001008275336212522 0.0001008275336212522 0.001246528402461814
0.0030844288142922818 0.0001048370909461134 0.0001048370909461134 0.0012465359204142372
0.0034632091703856566 0.000283743967685426 0.000283743967685426 0.002021631608706778
0.0039288403256122215 0.0002546172634757508 0.0002546172634757508 0.0020216612995601286
0.00346319774778918 0.00011584422755859042 0.00011584422755859042 0.0019561897547279803
0.003928837013521154 0.00014259638610592774 0.00014259638610592774 0.001956197710951308
0.004231740859049393 0.00019672072439299662 0.00019672072439299662 0.0025931892176018446
0.004593595211161605 0.00018040272341024785 0.00018040272341024785 0.0025932065523975693
0.004231744015270543 0.0001745185277786177 0.0001745185277786177 0.0025379715547221783
0.004593605207520226 0.00020126719585422266 0.00020126719585422266 0.0025379761998622304
0.0048302012743850825 0.00015318352605715664 0.00015318352605715664 0.002988624094965129
0.005114736460592881 0.000162588738838075 0.000162588738838075 0.0029886372734401322
0.00483021655153338 0.00022921308384090257 0.00022921308384090257 0.0029356364539589613
0.0051147568371609576 0.0002551487771120193 0.0002551487771120193 0.0029356399853427044
0.005314000744454373 0.00015801681136137788 0.00015801681136137788 0.003271539907095054
0.005573886424500715 0.00017175695054587307 0.00017175695054587307 0.003271547663949867
0.005314032562154811 0.0002737167545792359 0.0002737167545792359 0.0032323895576145457
0.005573922499628455 0.00029329991362422186 0.00029329991362422186 0.0032323916361578237
0.0057667640820692374 0.00016756606896328922 0.00016756606896328922 0.0035312759134503067
0.006033865027299554 0.00017439306712462737 0.00017439306712462737 0.0035312793070301058
0.005766811478068718 0.0003015510037983318 0.0003015510037983318 0.0035114119200098134
0.006033915122697872 0.00031031533837807326 0.00031031533837807326 0.003511412829338694
0.0062400174670069345 0.00016653456920007206 0.00016653456920007206 0.0038595960989913454
0.006536175661199227 0.00016634468074294825 0.00016634468074294825 0.0038595967546030023
0.006240076494307407 0.0003099942935146679 0.0003099942935146679 0.0038572155431327157
0.006536234872733568 0.00031099503466286606 0.00031099503466286606 0.00385721571880102
0.006762248485455907 0.00016786878630678308 0.00016786878630678308 0.004274766473876826
0.007083737113315335 0.000165231910036791 0.000165231910036791 0.004274762386902927
0.006762305059709759 0.0003065989796892001 0.0003065989796892001 0.004293323284117984
0.007083790853943412 0.0002987457304621174 0.0002987457304621174 0.0042933221890396715
H_3F 640
0.017402762773153658 0.00961127907207207
0.0187237027695983 0.012234068702721361
0.01740454308085339 0.0096120207391734
0.018723720444838134 0.012233701111060294
0.029485584133085833 0.019489760391644288
0.033697051324714074 0.023597909647670414
0.02855351420182461 0.01897643992515146
0.03288480981611841 0.02308488575503601
0.047441048319245775 0.032786761928185415
0.0514744874016352 0.036211758477314705
0.044209104380471174 0.03083296183178154
0.04851674250098547 0.03426209193715833
0.05928210712005013 0.0415848236771541
0.06146981528534393 0.043320638885828155
0.056421081979411924 0.039745885575655795
0.05871939112640218 0.04148488836096242
0.06537792948765458 0.046005915939290425
0.0661209156454842 0.046586737926023136
0.06328921191290796 0.0446393083029454
0.06405755202850905 0.04522096681296222
0.06728890863162305 0.04735584362480934
0.0667340999215979 0.046916407620860065
0.06576707804756904 0.04636357352500047
0.06519896395513694 0.045924041269161144
0.06434316627489542 0.045236830174604815
0.062382505580293596 0.043634907059192665
0.06392477078126735 0.044970029869661546
0.061946399491905155 0.04336602014135416
0.05467446467375233 0.03830069507287791
0.0501505696429407 0.03420364797033342
0.05693383448766766 0.03971497610806164
0.052593529878907884 0.03561576994947983
0.03394634571429919 0.023372837299940753
0.029816787274830423 0.01818860519090191
0.040230893394635786 0.0269870400984965
0.03681161043341911 0.021790222907502564
0.021635706639869655 0.012622997391974086
0.021293558964445295 0.011167086431059877
0.022550263785965183 0.013088794566061228
0.0222227584979376 0.011632530580476873
0.016912741287226876 0.009486358006909177
0.018671539305680936 0.012487828035354472
0.015592390794346468 0.008819116571852992
0.017480070878051573 0.011817365139654694
0.02679940298553927 0.017908994953164854
0.02860029020065051 0.019742199655783492
0.023819646463932902 0.016225449617964946
0.025823320262708883 0.018056935306217516
0.03661458119979272 0.024918212440362734
0.038355685206716957 0.02657247461554959
0.03029913604244049 0.02116913842770376
0.032367810277518824 0.022823330359768045
0.04507985347502879 0.031018879470997227
0.04704415453247363 0.03278654458135437
0.03718021436901143 0.026167808182939928
0.03952208305918666 0.02793396260973298
0.05260666149423871 0.03655986144438587
0.0545322153414414 0.038202122794141605
0.04517603713379338 0.03186593586215135
0.047392721857716355 0.033505808957980596
0.05844571629683399 0.040906358383035454
0.059733930198758216 0.04196158137166636
0.053249066243837614 0.03756300394874998
0.05465680818349358 0.03861718215839768
0.061841904333920734 0.04345720721994739
0.0628586147809668 0.04426225067157899
0.060006499170797756 0.04226771706964948
0.061053015243233734 0.04307276848665488
0.0635293389650578 0.04477531072795854
0.06353138835175658 0.04477491029383135
0.0663147337000522 0.04658033889651554
0.0663152738530274 0.04657805448238919
0.058926165083825074 0.041637863222563354
0.05667616813318243 0.03993369301726718
0.0689150775457795 0.048086584255067205
0.06702074639459665 0.04638069557791097
0.041338411848702364 0.029192822638309496
0.03171212631114241 0.019155563788628007
0.06128694504545677 0.04126306388363088
0.05541542933530444 0.031239174469266058
0.013614872893012898 0.007549172958268983
0.014780901833587623 0.009716311113352782
0.009595067537104976 0.005518487595548468
0.011165884144955304 0.00768088347924455
0.019034345672198597 0.012580710478456771
0.019526882514274837 0.01312126330090673
0.013782782312350684 0.0095809596252164
0.014423310712147428 0.010115977500159908
0.021052521131557544 0.014054496844041845
0.021012429566696546 0.013977709202781697
0.01464897388496426 0.010295735383195824
0.014558706376343333 0.010216752505859326
0.02322597343707448 0.015263759734987361
0.0235729725280722 0.015651389467698583
0.014434991300627564 0.010161012306128477
0.014930062338598903 0.010537963001677926
0.027485926665376192 0.018029782275641837
0.02839186763820435 0.01906972574461479
0.015476982082256568 0.010941950782155608
0.016938064603866078 0.011952821845919292
0.03408951042032157 0.022681082515483262
0.035212744809762726 0.023902933068694905
0.018523764818903856 0.01302308852481875
0.02044982192755114 0.01422940152617883
0.03988717746743342 0.026853929378709993
0.04019033446997822 0.027193767679712058
0.02114790419183082 0.014464137600612801
0.021760108427324135 0.014817850719282122
0.04608517868958548 0.031142210359131162
0.047483164953734246 0.0326201083360106
0.02386927901500579 0.016023717196937716
0.026566201790325508 0.017504306114813854
0.05334507968287111 0.03680586613738133
0.055651133743198675 0.03892134393269672
0.029584400985137118 0.01886624985145196
0.03380074209057681 0.021051515672142612
0.058510410595293855 0.04121110988664284
0.0632857075190502 0.044747634419177756
0.03729305252997111 0.02247007627292867
0.04447971587025067 0.025957072909306385
0.007819052581874762 0.004177386109368916
0.008078666841115818 0.004940107526249377
0.006630493395550265 0.0035811004517190977
0.0069330448350115505 0.004343348295647367
0.008936861674718528 0.005511525319344174
0.008931445664577492 0.005479893125643503
0.006983815056136875 0.004486023239946235
0.006968723558518584 0.004451469825486661
0.00847049356465083 0.005328929936054084
0.008590249262756259 0.005499879428037928
0.006303585453648695 0.004169773141573465
0.0064513990452608385 0.004336024756663948
0.00799402213185418 0.0052998031876162624
0.008424329210327644 0.005760378417644356
0.0061702531495623665 0.004262127399085412
0.0067045117883240005 0.0047161406807045385
0.008476099640228031 0.005913341623405498
0.009113007589807582 0.006426739153422735
0.007116691795465691 0.005031140261695488
0.007853670826257882 0.005538582450035338
0.009391695079563098 0.006640842560339629
0.010195320233786151 0.007186093254152768
0.008866469495178353 0.006256641550140728
0.009705163256469656 0.0067969778594180845
0.011148868340524889 0.007865973113556635
0.011897022077408436 0.008351645216994993
0.010604432343617057 0.007439952485616523
0.011385413051303177 0.007924582858378713
0.012327583939207925 0.00867980843289979
0.01222059440524644 0.008609451367119336
0.011288761743539936 0.007799619796423068
0.011168217615846647 0.0077275382929773906
0.010917633411659966 0.007667731263729594
0.010195069096014664 0.0071943180463166405
0.009536102495559728 0.0063430138197042366
0.00866129408667603 0.005851116966348805
0.008072904182212202 0.005707910408843678
0.006704589225975326 0.004612787806715285
0.005856767296818652 0.0034769893061498284
0.0036566781863433865 0.002326589464186001
0.0056797824241933805 0.003016335394426634
0.005844526849741324 0.0035223301605394174
0.004438725646744887 0.0023939976935668547
0.004633007683543313 0.0028942396679568394
0.0056275901400083 0.003556871075831971
0.005958618692580923 0.003986548315224055
0.004349124943632652 0.002871998275409931
0.004762450312739251 0.0032982069263688685
0.00576073779489142 0.0040292701644762535
0.006464296272306589 0.004570515718571996
0.00501087242057648 0.0035414036563546558
0.0057978462510623946 0.004077679934126985
0.006890933899330152 0.004853755727147996
0.00768399105338069 0.0053533723837654226
0.006769205184029304 0.004758393949204923
0.007570992172564822 0.00525527175116357
0.008624891652350869 0.006016248353269131
0.009511347129190639 0.006548071095930114
0.008639388109032815 0.0060302232912907185
0.009522421989355198 0.0065612691736188535
0.010560795895096023 0.007329988728072579
0.01130942437841802 0.007774560707244209
0.010570088767633379 0.0073400993598578285
0.011316875676913932 0.007784315625796323
0.011874836948988807 0.00820319304078428
0.012073449679219587 0.008320762866234475
0.011838280472871724 0.00816914340054392
0.012037543566864307 0.008286767409732297
0.011466893900004568 0.007836610316296436
0.010715067555645299 0.007396622159230733
0.011378709663659113 0.0077414544027859
0.010619797023026812 0.007301768754875805
0.00871684897913596 0.005779238527056507
0.006931370676941773 0.0047686744016369725
0.008701398241570084 0.005745532814285316
0.006901313024824956 0.004733088856298698
0.0036860725057222222 0.0023515010639286803
0.0025999838853569763 0.0017584149240439878
0.003626484540876561 0.0021961889599875447
0.0024280332873115366 0.0015687770450698514
0.0037579273621391788 0.002080629264028635
0.004068284791725177 0.002669441570433465
0.0030397103913559573 0.001718495115280798
0.003408013619566493 0.002303666313792483
0.004094187338184694 0.0028654476513134608
0.005165653061071738 0.0036353508836943615
0.0037941386078697817 0.0026735684541617614
0.004925321344021801 0.0034394256113567225
0.006061169462028373 0.00422714258550872
0.006917855241879094 0.004736817763741437
0.006089947750946309 0.004252305878939739
0.006941990357887608 0.004761550889650508
0.007930236419012655 0.005476397896901889
0.00877436944401436 0.005967189793896372
0.007985819816821582 0.005528546157950601
0.008823591049862928 0.006018973285856155
0.009782205226560918 0.0067381317970058915
0.010462886463766486 0.007133888983528522
0.009855465521665822 0.006807769091913125
0.010530773093491342 0.0072033534738801495
0.011281836027033932 0.007782338005139083
0.011686388058839363 0.008019949391877994
0.011328078762162175 0.007826028729344
0.011730801037182716 0.008063570176523944
0.011892656618543777 0.008194988126270867
0.011726948810877928 0.00809697051637405
0.011854506355567932 0.008158059813282237
0.011688294503697573 0.008060094543063442
0.01084660966085216 0.007414961522914525
0.009902007121399107 0.006859432683397004
0.010814103590929535 0.007379278022884706
0.009865401285901977 0.006823738804933637
0.00781461356779749 0.005223702116512779
0.005924930657949415 0.0041292985512815916
0.007768179232690546 0.005161815310136536
0.005857696474211033 0.004067139840324481
0.003149444216150119 0.0019440756306276681
0.0020830172218930347 0.0013780252014685419
0.0031836146372393706 0.001984926177225744
0.0021060497528259427 0.0014081547743830473
0.0028598146857468213 0.001724786387041698
0.0037355227540935817 0.0026377921649189118
0.0028245362731468835 0.0017065276413095812
0.0037070779566837422 0.0026185470682656966
0.004636537144509125 0.003255439970113621
0.005732239979523069 0.003914825263897173
0.004617131657716862 0.0032398780781824933
0.005715654223745643 0.003898873094678068
0.006836623697718882 0.004707897733606693
0.00769404433704457 0.005201870527512845
0.006870809578862699 0.004740552185643206
0.007723786825584107 0.005234269531323605
0.008680399836125112 0.00595928645635785
0.009339160140072189 0.006338984457430339
0.008727492397766842 0.0060050519362008815
0.009382553040698825 0.006384626030846339
0.010223841472730743 0.007045326799581435
0.010705776053955193 0.0073270585529751735
0.010244735423919703 0.007065438861308284
0.010725523618294453 0.007347109253923298
0.011300841895915043 0.0078105924342294075
0.011471625304701511 0.00791189256495171
0.0112484309983633 0.007762087335239995
0.01141994994976973 0.007863362427225507
0.011426094588000387 0.007892179067469578
0.011107678064850919 0.007701969899197565
0.011358315862792534 0.00782836555718346
0.011037909137870294 0.007638174865848007
0.010154869869715135 0.006978980181256636
0.009192520966241041 0.006403803646351566
0.010075904794482716 0.006900796287807115
0.009104586626789488 0.006325593003302295
0.007156005460132986 0.004798189811780094
0.0055584436643585505 0.0038711937968821247
0.007135414491770341 0.004771450891709416
0.005529515218780661 0.0038443720141010823
0.0033877981176761896 0.002119362018232763
0.0023202271857205733 0.0015477062286724007
0.0034467713585019126 0.0022054734226576358
0.002397715008733703 0.0016311699759872136
0.002803069103785277 0.0017527659864474442
0.004089226575844802 0.002884099679919936
0.002654419608279215 0.0016746964597554562
0.0039881947416247525 0.002805675958588984
0.005178949096907533 0.003587133118630084
0.006140777649518718 0.004144406444410292
0.005187665132207087 0.0035951890046883534
0.006147757697296576 0.004152325825156318
0.007183685168961786 0.004929645120027659
0.007919293843268236 0.0053518164317155675
0.0071724380522936474 0.004919004992215954
0.007908816002136634 0.005341068770933069
0.008846726146297943 0.006085592363905656
0.00938365521282177 0.0063974315671053395
0.00883665677269015 0.006076246846592216
0.00937400518631642 0.006388032025683502
0.010122834457619545 0.006990183428042694
0.010468212471334741 0.007193786527235029
0.01006811437576009 0.006939221099142842
0.01041521565978222 0.007142782624964911
0.010862880245545577 0.007517778937410344
0.010891818028833603 0.007535071749233712
0.010786357245624495 0.007447244373954104
0.010815492628142949 0.007464533343229577
0.010744636013262204 0.0074426662297748195
0.010368439794770121 0.007215498675077468
0.010630385912373612 0.007337341626620725
0.010249966754995631 0.007110186599524324
0.0093915979198006 0.006471903645045171
0.008519272106160262 0.0059464822478274846
0.009275400198935767 0.006359955801427026
0.008390746281224394 0.0058345353542192495
0.0067458923575533 0.00454362258191739
0.00552230218052893 0.0038336586808960993
0.00673715932358803 0.004532945994391752
0.005510978188539133 0.0038229529651995185
0.003880687070972681 0.0024812743880463345
0.0029281687676037758 0.001964417713068339
0.003967805738765989 0.0025993982219742603
0.0030415464390396592 0.00208223902341581
0.002523829011778686 0.0016156301344888936
0.003988706915091205 0.0027898152611015156
0.0022805487767183557 0.0014853491650421717
0.003838854281503732 0.0026592751611431683
0.00526352903040636 0.003635734615737954
0.006137261337377534 0.004140279243721541
0.005206946614781351 0.0035826610939830982
0.006088616748530688 0.0040871193897037816
0.007089773635715383 0.00486491368375515
0.007722734305159464 0.005228950357828107
0.007045616029615244 0.004821829623006869
0.007682088949255872 0.005185807967252848
0.008591647000216312 0.005924151624505752
0.009064122862319796 0.0062005618525931725
0.008530787348509343 0.00586664010566244
0.009006367423584962 0.0061430066862987005
0.009679967768543532 0.006692747871003848
0.009919856490036155 0.0068349602726557514
0.0095947815719809 0.006613557966662452
0.009836710190028332 0.006755749184947894
0.010221530190854474 0.007088994570866147
0.010186932883201322 0.00706820023706553
0.010104434943313827 0.006982216363936585
0.010069434553678935 0.006961425037220971
0.00994572329124822 0.006898421139393509
0.009554871969238283 0.006661072652017272
0.009796961424438453 0.006762228900822297
0.009399913006158911 0.006524891249531017
0.00863049795383434 0.005949877885713325
0.007926016945638398 0.005526213583251895
0.00851484271507425 0.005839156809056696
0.007799885968406359 0.00541550556147811
0.006540555312266927 0.0044215828626817735
0.005672420944038876 0.003919124397576228
0.006552860077221147 0.004434517778932466
0.005686533146474826 0.003932048565222657
0.004498298715119601 0.0029393540959107654
0.003841477682970628 0.0025784759112767327
0.004606808909577808 0.00307219354303618
0.003967914796743932 0.0027112599464086
0.002083900528593853 0.0013632025633365848
0.0035666859442328868 0.0024637369883269366
0.0018437239012730128 0.0012315171722684102
0.00343150745511206 0.0023318669295876427
0.004913239163610569 0.0033904511335954364
0.00572026897549539 0.0038556483481474507
0.004816406687465242 0.0032977362438122064
0.005637207295796607 0.0037628757308921803
0.006654146191402177 0.004575096134250536
0.007259165500163361 0.0049246360785167465
0.006565262751163492 0.00448847566156543
0.0071777017783635575 0.004837970185882888
0.008080561477785056 0.005580787213630474
0.008496939807332456 0.005825652143881313
0.007979526641287071 0.005485587993700061
0.008400861688875303 0.005730420297840745
0.009037848683642722 0.00625904248607243
0.009210840721134586 0.006362255013862122
0.008922481499469365 0.006152509728495564
0.00909764668335334 0.006255710687221298
0.009424457610022597 0.006544502753118044
0.009357898810029977 0.006504274788170977
0.009262424405969158 0.006397244508629391
0.009194684960523647 0.006357019411799359
0.00907532775555191 0.006295018621913705
0.008738343443397316 0.006090471313249956
0.008912377509789264 0.006145486870106041
0.008568988565300174 0.0059409470961725806
0.007978226486669963 0.005497107129018629
0.007481275460495596 0.005200154423927024
0.007892600900070471 0.005415275399660995
0.007389914461433573 0.005118330320723913
0.006514785976421653 0.004419899354090391
0.005961083633542193 0.0040999954601090155
0.006543724353652845 0.004449981875562026
0.005992718036217318 0.004130068941990376
0.0051766030064621955 0.003440189366399647
0.004821639601540612 0.0032427311545145028
0.005302823543351609 0.0035820833651617166
0.004956896645916108 0.0033845888753574584
0.001636425303516199 0.0010915438970229045
0.0030277484882935647 0.002060047364108031
0.001426557578895456 0.000973131266408863
0.0029194442918694372 0.00194151436786563
0.004333269856149666 0.002985763761059354
0.005100539228398266 0.003425839819575089
0.004219793418071544 0.002874789613186337
0.0050044235382825 0.003314822776655906
0.006008899704045629 0.004135277545678249
0.006566711353500911 0.004458191371031673
0.0058999061740616955 0.004028973190801621
0.006467075942520365 0.004351849516440198
0.007342367060299722 0.0050803394019988
0.007707769728653408 0.005296453721954525
0.0071995172077318256 0.004946340338175172
0.007571775071349675 0.005162427955673567
0.00819540656497893 0.005685187185993726
0.008350729460534383 0.005778391412814856
0.008023198388394341 0.005526613492188453
0.00818176354991569 0.005619806837519099
0.008502432958707201 0.005903877194655239
0.008451180902224065 0.0058729332484057945
0.008326240151026796 0.005743005327424649
0.00827387870766723 0.005712059007176338
0.008235651741359443 0.00570792839450611
0.00802611869852533 0.005581474830017199
0.008106695002392552 0.005589193413475418
0.00789373896238 0.005462741761754604
0.007518284777999709 0.005177142217318053
0.007215845665194654 0.004997622147210775
0.007465506622468147 0.005126791878076976
0.007160852785339867 0.004947274274949344
0.006612604975963661 0.004501323533518308
0.006314590800925208 0.00432916842180042
0.006655402615354768 0.004544707444968701
0.0063594026953836995 0.004372545362119165
0.005870240329890609 0.003950952828084095
0.005699471364147903 0.003854590136198933
0.005997131019971512 0.004084862568508566
0.005830061735880807 0.003988480916607225
0.0012289870610766647 0.0008340732084942163
0.0024539756857101013 0.0016415324546735811
0.0010591768276924489 0.0007348348567369554
0.0023733735599682157 0.0015422053307704423
0.0036361330360373248 0.0024989378448928455
0.00437831999904911 0.0029209583381327323
0.003508174446485634 0.0023693887959668506
0.0042725887006669055 0.0027913653771715796
0.0052668030504811605 0.0036267724842395698
0.005779398635178609 0.003923744392553827
0.005136186730495341 0.0034986702507166434
0.005660577043893804 0.0037956060208445145
0.006472429099609106 0.004477737210427159
0.006798539441055281 0.004670510264580533
0.006309026405925476 0.00432306415979948
0.006643119993096326 0.004515810679307568
0.007237230622764883 0.005017819142449777
0.007403392863257666 0.005117252600204647
0.007065666771394651 0.004858596077413926
0.007235741355178381 0.0049580162743153005
0.007593718427564179 0.0052679502545507125
0.0076243139506465525 0.0052863950291301195
0.0074441275755797575 0.005130472827311377
0.007475322886663548 0.005148914500591974
0.007569908493249004 0.005241808827538859
0.007497237937583835 0.005198253610681899
0.007463918762858788 0.005143706860719349
0.007390204150218962 0.005100153392834483
0.007231668045683586 0.004978294847367309
0.007092917634410569 0.004896366214950867
0.007200064771433029 0.0049481806963976764
0.007060696774423126 0.004866252949166322
0.006783863229687364 0.004633185474981535
0.006674723772743686 0.004569997471181264
0.006833335662498717 0.004682173289312098
0.006724995514355564 0.004618981089257602
0.006511293812114459 0.004420808930769891
0.006501100465119542 0.00441495146240873
0.0066307153890439036 0.004541329607170798
0.006620688030278926 0.004535463485790923
0.0008964789337572529 0.000616463891498644
0.001910338746137715 0.0012576434099265403
0.0007957743384861471 0.0005559136525277754
0.0018651819467749309 0.0011970509249740501
0.0029019200133280354 0.001981592714134844
0.003621063941166292 0.0023839459068551497
0.002780252634337613 0.0018503904926794996
0.0035242572479463347 0.0022526937188074754
0.004471858128805956 0.0030730999028609554
0.00495957689718838 0.0033538541158863373
0.004333017081157071 0.0029334182466491197
0.004834715251664619 0.0032141334012171273
0.005601482939729328 0.003867151576603463
0.005926205730742728 0.004057697330097629
0.005462650560574128 0.0037336466013321405
0.005795131547149496 0.003924170020906098
0.0063710741228439425 0.004409726348292044
0.006573118882706728 0.004529724191557754
0.006240654036234315 0.0042875205702603055
0.006446774938068883 0.004407507709628315
0.0068392009604642265 0.004738069736892772
0.006947904436669971 0.0048030243507561415
0.00671712778267743 0.004624893632587658
0.006827769440014338 0.004689844370863765
0.007038178389805563 0.004867492745018022
0.007085920861169233 0.004895924852948048
0.006951527150305995 0.004786645030369229
0.006999861644496259 0.0048150780319780855
0.0070429447201 0.0048486118809140276
0.007051254534735757 0.00485350258370089
0.0070200796954808 0.004826811512118693
0.007028417955790496 0.004831703217351839
0.006987130779574375 0.004785772107370445
0.007021433421831826 0.004805669818450478
0.007035090153365266 0.004832374203425726
0.007069158563914223 0.0048522715172424884
0.007067631363938172 0.004828984877442118
0.007191813978635222 0.004900488200972648
0.007177842970617052 0.004936473892819971
0.007300143035324594 0.005007976045355305
0.0006712271944220815 0.00046249296262042635
0.0014455685447807237 0.0009490696110338643
0.0006129766678228075 0.00042748151731670803
0.001419435106060461 0.0009140096633496041
0.0022101499441811645 0.0014897338692692738
0.0029035588961212016 0.001868599550519346
0.002124749274556861 0.0013887067032701099
0.002839079737099497 0.0017675376372527495
0.0037060872826628764 0.0025334949111172653
0.004204580589998063 0.0028163850222045605
0.0035977101492874132 0.002420399678086803
0.004109351938974927 0.0027032597414662334
0.00486234044723793 0.003348914168746533
0.005218114736630775 0.003555840997478186
0.004757232215544888 0.003246457127835604
0.005120307878452585 0.0034533678980593913
0.005706661627852861 0.003942894948216965
0.0059587070501389075 0.004091438799475398
0.005607178654221539 0.0038487655409491974
0.005863500666345098 0.003997301018359074
0.006281563424158859 0.004341411362149784
0.006450807089039679 0.004441561272680318
0.0061984309631810735 0.004263361714089937
0.006369885465762353 0.004363508320808503
0.006647281768291281 0.0045881209072646915
0.006775767686706164 0.004663977442567999
0.00658661177542956 0.004530893548141504
0.006716262295436583 0.004606749433226027
0.006905503056140284 0.004753641508929476
0.007030834588626029 0.004827117209548213
0.006885096383282609 0.004734141598052195
0.007010797779684444 0.004807617739304875
0.0071684658558230875 0.0049219546977775554
0.007316524528566417 0.005008147901985017
0.007204458766319543 0.004956426540761175
0.007351796393609498 0.005042620812533589
0.00753683606273363 0.005173536897223239
0.00773371156306386 0.005287957210402277
0.007622496155898806 0.005255121124551664
0.007817216183671405 0.005369544160160887
0.0005542494580428576 0.00037998462605868524
0.0011623512014649333 0.0007682146655763534
0.000559028169980999 0.00038276362014084373
0.0011646157819175209 0.0007709581773261963
0.0017417915664849288 0.0011452383855846836
0.002394016435355063 0.0014920110833099376
0.001697735978353943 0.0010852927397099399
0.0023621521801850394 0.0014320388910344702
0.0031375364338724105 0.002128647702108701
0.003647367518965762 0.00241330594764483
0.003073695024488789 0.0020595083950021406
0.0035925950914908254 0.0023441485097813078
0.004320229183228339 0.00296676499307918
0.004708514380972059 0.0031904457992595193
0.004248951604712071 0.0028963071828967974
0.00464320071347908 0.003119975893965193
0.005230911740570289 0.0036058628573768497
0.005520176863735628 0.0037749371214770133
0.00516653817202157 0.003544326304177287
0.005459218361215645 0.0037133948431812835
0.005898629305403522 0.004068701271040949
0.006119427969712705 0.004198374541777587
0.005843632415320513 0.004016570079301618
0.006066437411239268 0.004146240756578934
0.006390703607135922 0.004402626035819576
0.006577989100019787 0.004512415969944429
0.006353088294867099 0.004366799571309095
0.00654145613996409 0.004476588923188814
0.006816444377695926 0.004689201747320028
0.0070111295804033144 0.004802925914654557
0.00680300975802816 0.004676310200660998
0.006998074826201179 0.004790034597741244
0.007288248643191402 0.005012696085702683
0.007509563665626944 0.0051418612363988555
0.007305581745021687 0.005029143059015498
0.007526391911530815 0.00515830840196449
0.007854339939192522 0.0054089530141046074
0.008104033942396362 0.005555107447830972
0.007901078631188167 0.005452815677300705
0.008149344091558309 0.005598971558015072
0.0005784692116890144 0.00038652903564569314
0.001077415344007318 0.0007318889956949796
0.0006286789066558764 0.0004141773460806653
0.0011051621274240269 0.0007595277377831316
0.0015232342233945705 0.0009764999119150875
0.002137037913448917 0.0012971639506720156
0.001515630364139256 0.0009652223023103476
0.0021316079382694723 0.001285875088622066
0.0028296399389029303 0.001905726067766377
0.0033457125897654793 0.0021902911976195653
0.0028072522760229173 0.001880923960773591
0.00332679318733814 0.0021654823673532596
0.004010088791930381 0.002742420389546217
0.004418472667596337 0.002975250812586175
0.003977488780222361 0.00270969375125858
0.00438890302503313 0.002942517362236231
0.004963089865843108 0.0034124650383256187
0.005275020112511849 0.0035934008817795873
0.004934466234898864 0.0033848577849963602
0.0052480979405518016 0.003565790703691228
0.00568002802212079 0.003909412684675106
0.005923890766507588 0.004051686867016506
0.0056523405173892136 0.0038829265027461703
0.005897348525127854 0.004025198411251831
0.006240318683831551 0.004292770325774714
0.006463066918323622 0.0044227170442252915
0.006219910314772809 0.004273211059884679
0.006443366179363654 0.0044031570678931395
0.006762061634971848 0.004649019997759772
0.006991241714597463 0.00478257216716483
0.0067517500172601256 0.004639111699039265
0.006981271500662787 0.004772663976018283
0.007337186111575803 0.00504980678299914
0.007590657374838835 0.005197886207901115
0.007335984351195988 0.0050486460187200615
0.007589497968436653 0.005196725295767294
0.008000102060925975 0.005518507479666366
0.00827362828238259 0.005679249750109131
0.008010080807490386 0.005527814171913872
0.00828327883638555 0.005688556521491542
sig_last 640
-129184.66808815153 4637.452157944634 4637.452157944634 -223556.40548669413
-96141.22989554837 2479.5807335281643 2479.5807335281643 -188156.51244632926
-133644.65617456034 17167.577469237753 17167.577469237753 -223888.60908553062
-99794.40857041454 11330.333136362533 11330.333136362533 -188631.17806061034
-119998.25205865667 2795.5900824060855 2795.5900824060855 -254051.67067854083
-88645.68504210688 2547.3407665836517 2547.3407665836517 -189275.69948064
-121568.25220719393 15154.486771806492 15154.486771806492 -243537.2630751985
-86052.50894974062 8223.023652509619 8223.023652509619 -182553.47595768492
-140929.88257924336 665.2189807260721 665.2189807260721 -260711.05750206392
-108904.23275456316 4063.8341991716907 4063.8341991716907 -211956.11223692063
-125967.30275184092 10448.41967261857 10448.41967261857 -227970.1365157878
-94588.44553295648 6555.01229909951 6555.01229909951 -178774.89486926238
-133041.55792822439 3145.2659446458165 3145.2659446458165 -256804.8331883989
-121287.98631029006 5068.520250426109 5068.520250426109 -233648.79592660916
-116254.91240154069 6565.816035624177 6565.816035624177 -221944.04647422896
-103837.40688964092 5437.285174736775 5437.285174736775 -195504.0666215806
-131816.27316307748 6152.228438515132 6152.228438515132 -257587.0484556046
-129079.61183934934 7697.731354240605 7697.731354240605 -247257.19800901768
-119584.93510840781 6648.521772044263 6648.521772044263 -230728.23942241722
-116471.22300994683 7382.593357056236 7382.593357056236 -222444.4664046641
-136944.38154464003 8497.756670496881 8497.756670496881 -261319.2269345902
-139767.77987095516 8947.794021363943 8947.794021363943 -265555.02633672266
-126172.61932702849 7285.1255772981185 7285.1255772981185 -242126.0645806861
-128947.11228432164 9006.404165238819 9006.404165238819 -247337.89947519574
-136747.23313609918 10049.5187235845 10049.5187235845 -263269.97925770126
-149525.28385178765 12395.181602066998 12395.181602066998 -288149.7184738499
-131305.6349454535 7215.733005570737 7215.733005570737 -257235.00585651866
-143003.75641954975 9852.55263201164 9852.55263201164 -280463.14314575645
-131908.21023261093 11285.528072855239 11285.528072855239 -250774.73985008057
-171306.01643683197 12545.506054752288 12545.506054752288 -313691.80518376513
-145634.51495876827 -673.3762374396115 -673.3762374396115 -273277.9298892475
-187976.1327611635 -1582.3739800508226 -1582.3739800508226 -342685.178395811
-106726.50379113489 4282.061643705107 4282.061643705107 -225273.93905598062
-156978.7933053293 -2567.4104091035792 -2567.4104091035792 -313260.8481850331
-155130.18313900958 -10146.906551317676 -10146.906551317676 -308562.0073124734
-206054.4468629287 -25529.984658336893 -25529.984658336893 -403886.82605069765
-148595.5384794226 1609.6586108247193 1609.6586108247193 -267223.43212544377
-160208.80535142327 -486.0503812994241 -486.0503812994241 -278908.93405008945
-154384.14246517766 -2209.5830787702484 -2209.5830787702484 -280661.2821454444
-165982.88250892737 -4514.990298268958 -4514.990298268958 -292092.8436998842
-133572.2719028505 25547.41272347483 25547.41272347483 -214924.2078079957
-95891.4878873321 16901.660568669533 16901.660568669533 -173489.76117572165
-133303.41876453237 33175.902244528304 33175.902244528304 -199649.78275585268
-96948.6905317966 22980.525025854236 22980.525025854236 -160540.5672439928
-120861.07563834231 23070.720918858984 23070.720918858984 -227828.57400960752
-105159.23984426106 20881.781804649145 20881.781804649145 -202027.04096134624
-108612.76710384627 25830.862875704515 25830.862875704515 -192210.2051890004
-92578.40209221856 22271.259648062198 22271.259648062198 -168592.17611849756
-132953.38766844847 20307.519261756577 20307.519261756577 -266637.3947431545
-123322.7326275648 21173.644158177944 21173.644158177944 -241340.74871401323
-98160.68165400322 20493.953657274636 20493.953657274636 -188701.48145068638
-88939.50325457369 19785.595534188462 19785.595534188462 -168417.82789696348
-147580.03833260637 21966.160915648998 21966.160915648998 -290301.55860298517
-134867.87720413605 21122.13328477007 21122.13328477007 -263845.95000452414
-98222.38749005391 17686.127533232597 17686.127533232597 -192644.23152203028
-90253.12197608683 16973.539388596706 16973.539388596706 -168475.42643193927
-153506.11250334937 22061.38780370086 22061.38780370086 -292236.0467523869
-141790.31971673443 21565.207237361188 21565.207237361188 -270273.68550679047
-105902.90350668516 16766.78147512942 16766.78147512942 -202765.03999107348
-98427.8188579599 15909.741966157588 15909.741966157588 -183328.8689537125
-153518.16719623713 21174.08525457167 21174.08525457167 -282966.43324644666
-145093.87391711833 20369.719125969455 20369.719125969455 -269294.24441639107
-117766.00740806593 16360.413919925828 16360.413919925828 -224858.74258200705
-113150.15173413816 15130.663764886542 15130.663764886542 -209533.98106086734
-149320.21634785106 20890.677208427012 20890.677208427012 -268849.3996821295
-145356.9280219771 20021.75721960416 20021.75721960416 -254495.85754165892
-135999.2988997792 19212.14666791897 19212.14666791897 -251935.76348097398
-129861.47080860069 17359.445663215443 17359.445663215443 -238353.89649472016
-135002.9426036535 19491.527048288262 19491.527048288262 -241129.38038944325
-133904.05443849097 18376.097463563026 18376.097463563026 -235561.75381393378
-151228.482414497 20769.648353452434 20769.648353452434 -276175.28877538705
-150126.17379675724 19632.410330773826 19632.410330773826 -271833.260537118
-106903.19720417136 11887.32502328359 11887.32502328359 -196327.5383822358
-117060.11963957577 10208.109391289832 10208.109391289832 -225833.16005002143
-173817.5503273634 12032.533524609516 12032.533524609516 -332677.83625359705
-180939.01060932202 8596.073696814334 8596.073696814334 -350029.5224340441
-89260.28780193439 11893.736406103348 11893.736406103348 -164570.13687355313
-168243.76644548483 -7304.878767972096 -7304.878767972096 -337899.6307188182
-220118.79851236957 -14341.927553578189 -14341.927553578189 -396868.28827425744
-326065.230959069 -50270.412142993024 -50270.412142993024 -608637.1465990378
-132244.58039558123 36476.203328293006 36476.203328293006 -184217.16992582803
-109443.8607740383 30083.97190277627 30083.97190277627 -159796.99229824587
-116767.36477322366 33142.74314580724 33142.74314580724 -145963.35262138242
-92725.91415512619 27274.402377023674 27274.402377023674 -122413.73707638847
-121814.54422986788 34057.891877078815 34057.891877078815 -184707.40594792936
-121440.99174746811 34807.66441126188 34807.66441126188 -180461.07770570784
-90737.20626307045 26551.084221970315 26551.084221970315 -126513.30373158237
-90463.87711480654 26235.212819152155 26235.212819152155 -121972.05016401644
-127672.64295724989 35542.78797936625 35542.78797936625 -192854.97647528132
-136430.101368362 39395.80549708851 39395.80549708851 -194905.40574985667
-86356.9392405656 25271.36574530779 25271.36574530779 -117455.87799595096
-91980.3899307647 27002.08385656718 27002.08385656718 -118265.05469174085
-145476.66003604574 40049.65247207851 40049.65247207851 -216382.46435022718
-147961.80580479602 43252.06217011451 43252.06217011451 -209935.33764479897
-88399.40801219128 25572.04790927543 25572.04790927543 -112418.56264017105
-93087.0435182402 28454.337760299088 28454.337760299088 -113101.05256575048
-165421.54682359716 46922.99873466503 46922.99873466503 -243059.76272733702
-165704.96156417445 46582.81531214867 46582.81531214867 -229273.86106433312
-90292.60135636151 27994.670725803968 27994.670725803968 -108579.16564053338
-88083.52106467806 27582.821164090936 27582.821164090936 -104653.99569979851
-188251.0093351168 52185.01660612159 52185.01660612159 -266431.4735751167
-191172.2499264802 54956.18865586037 54956.18865586037 -247791.07840932283
-86783.48085858353 29511.892733498666 29511.892733498666 -101491.66101405706
-82992.93769153419 24884.167325627852 24884.167325627852 -92800.48632355829
-212453.16820815494 57952.40690110183 57952.40690110183 -280883.7535611562
-214509.5168159356 57809.89314488173 57809.89314488173 -280645.3946237283
-78531.41193378273 25710.233981634236 25710.233981634236 -85578.32883479036
-82874.43978666828 24208.27190369995 24208.27190369995 -86413.49348224032
-231615.5057903647 68267.88071731414 68267.88071731414 -319989.5142791044
-224137.31176255087 67184.10427250603 67184.10427250603 -300787.9928628422
-69804.90942384931 21235.576654599005 21235.576654599005 -70595.97991715393
-64923.72168457066 16719.492456569904 16719.492456569904 -61698.71579562264
-233161.89649349422 69165.60589890281 69165.60589890281 -324856.67651699175
-235245.83208510815 73722.62407745645 73722.62407745645 -300022.28824066307
-40410.49934612972 11220.787983626436 11220.787983626436 -40587.544042790956
-40810.66571505952 12273.632114486434 12273.632114486434 -42225.39692497877
-196451.27736330745 38684.85250051089 38684.85250051089 -243083.8091930157
-179919.65394789746 47042.88993222071 47042.88993222071 -224304.82723795818
-29687.874423938425 9929.919719300258 9929.919719300258 -31648.44755207591
-8479.251035199932 2014.3710267210517 2014.3710267210517 -9716.916895592847
-115674.2529297125 33022.851452342555 33022.851452342555 -133342.07527322843
-107228.44919780693 30635.18022052585 30635.18022052585 -126398.62651041722
-110347.55848493286 31208.90660136885 31208.90660136885 -121032.7958659663
-101862.95254860341 28919.22851322156 28919.22851322156 -113927.18395218594
-106613.48437638277 30333.09383663492 30333.09383663492 -131890.7225655859
-116863.46054933759 33302.45737750632 33302.45737750632 -138615.56869400796
-93640.21093194945 26789.182188752442 26789.182188752442 -110967.05025389465
-103854.54835880517 29484.967770739604 29484.967770739604 -117368.2817598385
-113709.87688188055 31598.88248904684 31598.88248904684 -132852.56989534973
-126674.54774435803 35833.957379999156 35833.957379999156 -141673.8266575498
-98333.24487541961 27746.172017735607 27746.172017735607 -109120.56577695624
-111196.83255170388 31152.607531519694 31152.607531519694 -117813.8798162625
-123156.49922585986 34229.3633601372 34229.3633601372 -132013.58187046065
-134358.30692799055 37587.06813651203 37587.06813651203 -139304.570331422
-108305.57122868279 29827.699929474034 29827.699929474034 -108403.90052918206
-119396.99793760198 32957.03026330795 32957.03026330795 -115650.29579713148
-130466.7835555863 35246.78717677379 35246.78717677379 -127296.83753257101
-142122.1708380914 38454.271639545885 38454.271639545885 -134414.94404184833
-115160.59903034533 30294.355552928355 30294.355552928355 -103554.43102696058
-126629.10076399741 33302.09480571191 33302.09480571191 -110668.63705345393
-138218.24177451667 35031.458697690396 35031.458697690396 -121176.6928979831
-151344.62295013637 38746.80843987246 38746.80843987246 -128958.5911337632
-120522.98425440257 28857.37840146944 28857.37840146944 -96169.50729177549
-133268.09074308295 32190.07673321056 32190.07673321056 -104226.4519399195
-142032.7470811115 31413.19767784727 31413.19767784727 -109008.85045472828
-154707.53256032625 34506.01181274995 34506.01181274995 -116562.25701337682
-125250.09419636904 25719.8253897898 25719.8253897898 -88473.97588520963
-137548.98688715245 28786.634865243348 28786.634865243348 -96139.79807872912
-139100.43317890642 21793.77569289648 21793.77569289648 -93096.8330914129
-138297.00133939137 22918.598814957404 22918.598814957404 -93707.96245869616
-129673.42290554741 20404.16465579565 20404.16465579565 -83406.25513242323
-128875.0272675436 21342.56766547606 21342.56766547606 -84031.61450763854
-123903.38629791577 11737.902254611843 11737.902254611843 -76899.60198406712
-108951.52563647619 10603.529505670223 10603.529505670223 -69858.7697204086
-124104.98685741228 15472.010570670695 15472.010570670695 -78354.59121658401
-108894.15268849819 14367.99760138698 14367.99760138698 -71598.73682614055
-100214.65461232375 -6465.357022948467 -6465.357022948467 -85497.71931341529
-48198.64657869517 -2737.2763512495117 -2737.2763512495117 -56408.43583139744
-103059.34628136196 9576.133240279978 9576.133240279978 -76541.60139863183
-48731.89827556313 8282.343735038416 8282.343735038416 -51283.056220215
-109080.3238545516 31312.22121601909 31312.22121601909 -115745.1172182446
-110034.99406739254 31435.870257673916 31435.870257673916 -115904.24076195707
-102042.9891208062 29417.791909859283 29417.791909859283 -104042.37854464573
-102892.34612313483 29693.94418245585 29693.94418245585 -104498.59907134694
-102373.53487320559 28854.111042987817 28854.111042987817 -111154.8541640357
-116580.06347269316 33134.16519212194 33134.16519212194 -122217.75670379326
-91398.60579869409 25585.143583225145 25585.143583225145 -96475.88964647597
-106112.64897917851 29578.002902438653 29578.002902438653 -106825.77208819978
-113346.6298859907 30198.962021655272 30198.962021655272 -111645.54764941246
-124000.65724284075 32619.521009784366 32619.521009784366 -117956.76386275778
-103823.39949160353 26934.846922347948 26934.846922347948 -96185.5907246498
-114549.445112856 29273.60722584732 29273.60722584732 -102720.66945168083
-121801.86455476967 29736.03852266637 29736.03852266637 -106704.75542167413
-131491.41333826593 31942.848705808065 31942.848705808065 -112721.98320862028
-112103.72106262155 26100.39976357468 26100.39976357468 -91901.69116550892
-121455.928304314 28196.912164297406 28196.912164297406 -98116.2995574105
-127277.05038028832 28116.657516292664 28116.657516292664 -100222.9526166617
-137922.17979498347 30445.430422494508 30445.430422494508 -106744.66635439466
-117177.58724833604 24484.48480312736 24484.48480312736 -87025.90440674932
-127494.33050539019 26717.811126910507 26717.811126910507 -93495.37421416133
-131225.85341275926 24801.653465856405 24801.653465856405 -91969.02735081017
-140855.7386491106 26854.080782230194 26854.080782230194 -97697.42430164537
-122568.76206003554 21887.745529013453 21887.745529013453 -82004.8025554661
-131952.00180780192 23749.15126743223 23749.15126743223 -87532.2717050829
-132956.78815212738 18729.32563986041 18729.32563986041 -82926.33120720573
-136017.54033107785 19665.971621361365 19665.971621361365 -85052.31972823759
-127280.66459633959 17329.186550167953 17329.186550167953 -77683.28373258036
-130463.92790035953 18347.503479930114 18347.503479930114 -79813.17666454501
-129983.98871996968 9744.904492787007 9744.904492787007 -75631.61455840312
-121245.25274496515 9901.72344054612 9901.72344054612 -71917.84625505017
-127605.88905211135 11150.137825319136 11150.137825319136 -74079.62208846367
-118895.4028017034 11245.325650059316 11245.325650059316 -70482.13082406457
-117284.0598186965 -564.729837911269 -564.729837911269 -70408.33927372553
-96128.48063897472 -628.2729292841678 -628.2729292841678 -58845.52980390383
-117895.14308905188 4855.3343527265915 4855.3343527265915 -71220.40039149365
-96693.0086474285 4406.124268293063 4406.124268293063 -59845.19588315549
-90464.09952974628 -10460.611662162715 -10460.611662162715 -69859.91570523071
-48289.246215622334 -7365.984381651182 -7365.984381651182 -49929.152116854966
-92871.92642128738 1561.5788863228163 1561.5788863228163 -69520.15354863719
-45980.42464538341 1049.1551772968628 1049.1551772968628 -49898.80804160458
-99911.24234319245 28666.870607285084 28666.870607285084 -98646.61723622329
-109075.51881939829 31316.695783353895 31316.695783353895 -105509.47057279033
-92683.23814197279 26435.845014412174 26435.845014412174 -89471.11234729302
-101639.27728647046 29039.755380037772 29039.755380037772 -96273.01910516432
-99561.99379152362 26968.551605466633 26968.551605466633 -97175.47723908289
-113745.51445287027 29864.13461564639 29864.13461564639 -105427.17845709491
-92629.86552457184 24263.3453095707 24263.3453095707 -86347.86690507412
-106931.29719002832 26830.906945664647 26830.906945664647 -94416.86187416429
-112209.21226964217 25899.205549192146 25899.205549192146 -93818.51004654614
-121447.07453414459 27701.882559801525 27701.882559801525 -99312.47981732199
-105500.81250367963 23307.59072003051 23307.59072003051 -84297.1119529244
-114688.26816344369 25149.202673917636 25149.202673917636 -90102.74571538079
-118139.86418231377 24151.114237602145 24151.114237602145 -89268.3068515181
-127330.28875136467 25868.695502732582 25868.695502732582 -94833.05052541589
-112186.98733575706 21679.181346254707 21679.181346254707 -80934.54470370484
-121170.97924773527 23265.309465176433 23265.309465176433 -86643.82359722382
-122919.23094327105 21383.58012850614 21383.58012850614 -83869.32628085309
-130872.31302422857 22791.8915467318 22791.8915467318 -88490.67103360932
-117500.61808957417 19318.619393364563 19318.619393364563 -77525.55384353035
-125372.13031808751 20673.4749558783 20673.4749558783 -82052.59010907868
-125624.1632530726 16917.05530063426 16917.05530063426 -77686.97182287462
-130543.6654874258 17726.133237401074 17726.133237401074 -80650.95008792875
-121629.75174382023 15578.173427063259 15578.173427063259 -73725.41086199429
-126591.29710729167 16374.982274938877 16374.982274938877 -76600.37834428497
-125936.89767313337 10515.023175309496 10515.023175309496 -71849.1682081914
-124443.67194096209 10773.240612411866 10773.240612411866 -71398.9275499179
-124000.38080721798 10570.725844320445 10570.725844320445 -70471.08344765817
-122551.60124191476 10815.787020720089 10815.787020720089 -70011.5442209448
-120586.47254494869 2072.4801363758143 2072.4801363758143 -67546.71453546005
-109526.21141441126 1832.7235575637576 1832.7235575637576 -62398.65413586624
-120843.99887653654 4396.087008733943 4396.087008733943 -67801.96416772118
-109774.34398034851 4103.306770757086 4103.306770757086 -62590.7993919628
-109799.1987240463 -5938.035732160482 -5938.035732160482 -66418.4114377503
-88171.17653211667 -6097.638771026286 -6097.638771026286 -55092.14885508486
-111420.85628154206 -808.0426868807506 -808.0426868807506 -67034.42621244486
-90139.63710162963 -1200.3037056420806 -1200.3037056420806 -55422.68952395422
-87979.32117537865 -9261.639408904466 -9261.639408904466 -68439.94393116595
-56985.642613754244 -7906.593461672998 -7906.593461672998 -55079.71691734198
-88188.07897901205 -697.515647011926 -697.515647011926 -65744.3182703359
-55937.277234894 -228.84122696385487 -228.84122696385487 -52082.59173894242
-89616.49803713617 25374.990015388907 25374.990015388907 -85409.81204539603
-103858.33870542583 29507.153356839335 29507.153356839335 -96664.34266977699
-83917.75966439793 23436.41553354879 23436.41553354879 -78539.43536272291
-97673.87777183655 27635.620108159586 27635.620108159586 -90104.10106362708
-99154.23418968085 23669.568735987505 23669.568735987505 -84942.12276616109
-110788.46147881584 25608.807010136083 25608.807010136083 -91593.41194109018
-94763.30017305231 21665.657866933634 21665.657866933634 -78311.6407525015
-106014.33598711921 23484.605377812804 23484.605377812804 -84858.24821487516
-108633.73171807492 21929.252101801776 21929.252101801776 -82080.48457800868
-117703.01049574676 23309.230850689513 23309.230850689513 -87446.2637797803
-104667.30875737553 20242.984966441792 20242.984966441792 -76561.44122171302
-113745.57410562594 21449.308515410383 21449.308515410383 -81930.2517392657
-114868.12098945469 19485.246218680157 19485.246218680157 -78462.19964897976
-122077.49383847875 20525.500111665897 20525.500111665897 -82705.10556171087
-111472.2900856572 17885.3654622678 17885.3654622678 -74131.36439374746
-118621.59965249231 18869.794820627867 18869.794820627867 -78266.42135304889
-118459.1257989203 15667.586702126513 15667.586702126513 -73969.60403877917
-124026.01683550337 16409.271078510566 16409.271078510566 -76914.45682796594
-115837.24879558371 14479.737003590457 14479.737003590457 -71134.40822313941
-121352.97953029495 15248.133324737457 15248.133324737457 -74082.43239313166
-119790.39930568404 11002.106227727661 11002.106227727661 -69269.49146704328
-122169.81651372217 11270.939765040956 11270.939765040956 -70555.23577584107
-118651.7848777801 10478.195934664545 10478.195934664545 -68167.92350987809
-121049.7044916077 10756.865332143785 10756.865332143785 -69455.55755448995
-118507.70260105211 4644.976667063744 4644.976667063744 -65566.61206357101
-114952.9705666094 4487.883592497402 4487.883592497402 -63843.96371751908
-118723.26223271755 5317.307258705384 5317.307258705384 -65830.35674781493
-115130.92667421237 5173.399591640471 5173.399591640471 -64127.32543973461
-112871.00227467086 -2333.426197702483 -2333.426197702483 -63665.71251839969
-101946.69654005668 -2593.0493591207523 -2593.0493591207523 -58147.80235206168
-114199.49857998171 240.5278683616281 240.5278683616281 -64438.37516371562
-102999.81725889536 -197.04641394065868 -197.04641394065868 -58988.879427828775
-104959.54483412558 -7118.663106681074 -7118.663106681074 -64484.31921696146
-86820.37122927433 -7009.691034353997 -7009.691034353997 -55267.6157893575
-106267.95362488343 -3028.621282695176 -3028.621282695176 -64427.50336787964
-87978.94132972902 -3426.271039820876 -3426.271039820876 -54897.938395073776
-88383.15028298259 -7437.1329131017 -7437.1329131017 -65719.37673729169
-66771.02958776467 -7116.322181967977 -7116.322181967977 -56218.454886377265
-87938.39477490178 -1410.8070715627748 -1410.8070715627748 -63489.28616490561
-66350.22817898073 -987.4183237735654 -987.4183237735654 -53652.46198619201
-80820.07975644304 22291.216514993328 22291.216514993328 -75629.65984610694
-98087.817448902 26875.82927171756 26875.82927171756 -88630.46766415442
-76852.96090247863 21012.560251142277 21012.560251142277 -71879.73763313868
-94315.24301000011 24905.264562460878 24905.264562460878 -83781.43617477092
-97477.87623288699 20823.86837685633 20823.86837685633 -76964.96580754877
-107115.54448877815 22166.75306045284 22166.75306045284 -82597.53021791483
-94599.1854758943 19532.039285024475 19532.039285024475 -72911.93511267946
-104336.54826058188 20772.216365747005 20772.216365747005 -78613.72437976912
-105558.87290536573 18645.098221139804 18645.098221139804 -74262.77818498824
-113159.58205954218 19467.61562449352 19467.61562449352 -78679.05910515143
-103776.13211370009 17344.232926662728 17344.232926662728 -71450.25492489497
-111462.70404085013 18152.95197739786 18152.95197739786 -75832.24335319131
-110756.58233846577 15271.44316553759 15271.44316553759 -71183.88269348061
-116775.13792904497 15843.722475931194 15843.722475931194 -74311.6132351986
-109231.42936258651 14147.941518489573 14147.941518489573 -69153.43220205283
-115200.70633739655 14771.622694103224 14771.622694103224 -72295.40769858299
-113480.60313605901 11288.161355672524 11288.161355672524 -67634.40396807564
-117476.13789754649 11581.758552672036 11581.758552672036 -69713.02526116169
-112778.22794303873 10553.880888540458 10553.880888540458 -66688.58801667881
-116832.55270623049 10870.834896217617 10870.834896217617 -68786.54073228415
-114415.3841973752 6402.561946119744 6402.561946119744 -64429.93392101286
-114906.57030454514 6348.683210289817 6348.683210289817 -64663.44976360844
-114688.33985909134 6381.81556468881 6381.81556468881 -64637.52593048695
-115206.97101309591 6319.007909953987 6319.007909953987 -64837.0928302234
-111980.26327502388 900.6055450717665 900.6055450717665 -62099.66937913382
-107525.28845712228 517.3307143445277 517.3307143445277 -59908.62335308423
-113282.85487031633 1783.414292453626 1783.414292453626 -63185.9570044378
-108839.87652473761 1393.2975102066916 1393.2975102066916 -60966.42204191109
-107648.37680934854 -4021.9549110416674 -4021.9549110416674 -61789.33831836638
-97910.84923823577 -4288.098797525314 -4288.098797525314 -56554.94625673154
-109333.27232509764 -2049.0605028922314 -2049.0605028922314 -62804.64928006085
-99721.96328835771 -2445.4035203027843 -2445.4035203027843 -57621.89813456374
-101511.66161296052 -6800.889745798699 -6800.889745798699 -62933.712861791406
-87832.94256264652 -6791.785649572734 -6791.785649572734 -55752.06946148076
-102324.49173734353 -3728.4197669842274 -3728.4197669842274 -62669.391065351716
-88391.90920924617 -3958.4888803166878 -3958.4888803166878 -55466.38981631041
-90483.76587326001 -5936.9716851012945 -5936.9716851012945 -64315.547519833446
-76318.27675155451 -5526.307119914602 -5526.307119914602 -57453.420750770034
-89373.76874486486 -1725.6604256988603 -1725.6604256988603 -61901.69210131617
-75164.30104563021 -1202.365645395831 -1202.365645395831 -54996.74303668696
-74839.64752145646 20540.792345458744 20540.792345458744 -69956.3962708332
-93301.04152510552 23932.276025028237 23932.276025028237 -81162.49781947481
-72554.37317103749 19328.366667334187 19328.366667334187 -67787.41239450646
-92069.92854884989 22600.633651275457 22600.633651275457 -78651.58724435173
-93794.69041020304 18532.304157222417 18532.304157222417 -70749.59293484055
-102871.16138910617 19520.835243811052 19520.835243811052 -75730.49957166641
-92830.86847535317 17521.48962865663 17521.48962865663 -68796.3654862803
-102040.61152507708 18466.998189455626 18466.998189455626 -73745.47011297179
-102153.73120006183 15446.894761471214 15446.894761471214 -68639.48714572369
-108814.58548916262 16034.664029690543 16034.664029690543 -72291.42491079641
-101433.73906575383 14417.676971141762 14417.676971141762 -67251.02419573827
-108101.12878936934 14940.81380736075 14940.81380736075 -70911.31197090728
-106138.67305369978 11786.495896050084 11786.495896050084 -65951.83290481388
-111424.63027917586 12157.437882530558 12157.437882530558 -68745.76179025049
-105873.37076586805 10975.31759052636 10975.31759052636 -65357.49313383664
-111233.2474757681 11359.467776499885 11359.467776499885 -68111.46939311769
-108906.97883761661 7826.763351735464 7826.763351735464 -63500.90103268733
-111712.54723622807 7818.660351809291 7818.660351809291 -64795.92062999344
-109489.6328727978 7432.933114614196 7432.933114614196 -63769.93722333666
-112308.51376884848 7436.249866216416 7436.249866216416 -65070.734544960564
-108911.86321452589 3256.6291305734912 3256.6291305734912 -61392.116911265315
-108581.04204216806 2955.011713232566 2955.011713232566 -61120.62087325577
-110144.05995222968 3440.1215524427007 3440.1215524427007 -62362.16026364025
-109844.90322967568 3111.0059286529545 3111.0059286529545 -62083.69823629792
-106924.02043576413 -1260.1444843469048 -1260.1444843469048 -60219.86577009789
-102374.77772267826 -1739.5044744966067 -1739.5044744966067 -58063.28263732059
-108899.28730863646 -238.14375574838226 -238.14375574838226 -61747.35656726969
-104282.59490016242 -816.5957004625028 -816.5957004625028 -59455.65201189615
-104184.7439254057 -4513.5074547860295 -4513.5074547860295 -60516.13784429999
-96221.9522653298 -4835.49769116147 -4835.49769116147 -56371.72867814813
-105787.2504666598 -3040.406361559987 -3040.406361559987 -61624.2691047745
-97970.63173612338 -3380.3359811424607 -3380.3359811424607 -57412.70259621421
-99623.9719025073 -6035.781160590839 -6035.781160590839 -61844.465414242964
-90005.64508844397 -6011.1687410187005 -6011.1687410187005 -56766.72154861373
-99843.24438864629 -3805.55940884709 -3805.55940884709 -61366.929098807464
-90129.6648746883 -3870.8568857324713 -3870.8568857324713 -56277.19580141815
-92948.41353771009 -4416.542042585403 -4416.542042585403 -63242.412533348535
-84248.91590169136 -3933.729200728128 -3933.729200728128 -58514.457419478735
-91331.06224491885 -1756.9059675503568 -1756.9059675503568 -60828.33376637076
-82660.96471592443 -1184.0291226820782 -1184.0291226820782 -56080.11847657613
-70935.37324868544 18629.384521088767 18629.384521088767 -65901.79233537086
-89318.11138229568 21273.088246908548 21273.088246908548 -75881.81389442789
-69933.00279771468 17621.130608394084 17621.130608394084 -64260.3405326677
-88550.63152246483 20242.77197318132 20242.77197318132 -74384.45861950736
-89891.79052946928 16288.339997908008 16288.339997908008 -66194.81987037389
-98569.48855913867 16934.886406378086 16934.886406378086 -70642.60044710162
-90092.43855721166 15270.01834095003 15270.01834095003 -65444.344544735715
-98783.62848338626 15862.296080913435 15862.296080913435 -69954.53391136065
-97697.34592947765 12901.86408395357 12901.86408395357 -64347.05075270624
-104111.89504142584 13131.11424554875 13131.11424554875 -67692.85459043419
-98155.34365213553 12000.281648343722 12000.281648343722 -64154.28213874186
-104554.71482625083 12194.950002116726 12194.950002116726 -67515.52101762909
-101725.17071598199 9227.25985163971 9227.25985163971 -62485.55220438691
-106292.16433139135 9311.878087078167 9311.878087078167 -64802.241477802265
-102663.45482095558 8637.056899064335 8637.056899064335 -62870.61717004612
-107197.77164035442 8659.923185583622 8659.923185583622 -65149.94708901917
-104420.57217695261 5281.693760353344 5281.693760353344 -60816.524074193665
-106382.02481423774 5023.349101725702 5023.349101725702 -61747.72135095161
-105753.65644783249 5037.846455524168 5037.846455524168 -61826.48680407807
-107668.40208664545 4757.709375080705 4757.709375080705 -62791.71751151114
-104226.23455878385 1255.101055439301 1255.101055439301 -59543.70187928099
-103407.70488308826 762.991778872853 762.991778872853 -59047.46426959647
-106245.57107459498 1536.328336309141 1536.328336309141 -61080.667407518944
-105397.67348801455 1023.526807861145 1023.526807861145 -60585.1345714109
-103278.69482899309 -2226.6577857732455 -2226.6577857732455 -59142.14843874466
-99560.68235055021 -2695.030809689695 -2695.030809689695 -57176.018694369
-105294.5595818787 -1425.0714286009506 -1425.0714286009506 -60660.31628398612
-101605.86726923376 -1976.318874574298 -1976.318874574298 -58685.10232617255
-101433.83039447461 -4439.786446483227 -4439.786446483227 -59696.165350282965
-95900.6440428059 -4691.276077394008 -4691.276077394008 -56810.199824261595
-102690.60283883283 -3388.9947726427117 -3388.9947726427117 -60502.68648055633
-97162.63091416334 -3669.800749743351 -3669.800749743351 -57605.85744324129
-98860.43689902962 -5053.413592514023 -5053.413592514023 -60967.21593688229
-92781.76426927595 -5020.162202831385 -5020.162202831385 -57807.51823696475
-98675.70224048212 -3581.9423821725886 -3581.9423821725886 -60403.22203608775
-92603.90830166693 -3545.440554013359 -3545.440554013359 -57236.42953613314
-95399.63647349497 -3166.1786159040303 -3166.1786159040303 -62293.15768939931
-90538.03942848965 -2594.3048335364506 -2594.3048335364506 -59507.54049108893
-93554.14377037424 -1683.6033314036931 -1683.6033314036931 -60072.645772472235
-88646.8898399462 -1106.22644839838 -1106.22644839838 -57277.459263229015
-68450.97759007855 16645.494597678415 16645.494597678415 -62951.23674661958
-84874.38917957421 19060.612349090843 19060.612349090843 -71726.06918913884
-67753.76911455946 15526.975905352556 15526.975905352556 -62311.062994222106
-84458.94998989509 17926.17659168419 17926.17659168419 -71071.3480753085
-85884.88769995196 14107.39888781371 14107.39888781371 -62904.14678543939
-94204.86410597185 14530.124985348959 14530.124985348959 -67038.84283885123
-86678.75251702836 13187.52489276292 13187.52489276292 -63023.7404940669
-95177.80082537376 13512.005480777403 13512.005480777403 -67150.71983763942
-93584.18288451714 10772.152624506605 10772.152624506605 -61347.51362070735
-99611.88373733121 10808.915899231812 10808.915899231812 -64349.11222549798
-94754.43346494107 9987.376841322093 9987.376841322093 -61924.536641473715
-100748.4579087733 10028.819092695754 10028.819092695754 -64920.140437509435
-97658.85281311607 7243.2852556493035 7243.2852556493035 -59894.65591892654
-101584.88545119237 7021.158242603009 7021.158242603009 -61781.42013887134
-99340.59167047852 6700.703205459004 6700.703205459004 -61021.76681313644
-103255.85033416955 6436.967144337547 6436.967144337547 -62926.91740398787
-99950.7555788899 3588.1164747567436 3588.1164747567436 -58704.8547557438
-101570.23506586441 3111.890329460457 3111.890329460457 -59411.13518506489
-102051.68156152565 3428.3044586572005 3428.3044586572005 -60300.90922881201
-103709.75782071328 2904.02194882654 2904.02194882654 -61040.49077480788
-100527.40924154616 187.85092371380543 187.85092371380543 -58144.96126695231
-99980.41342027044 -377.1861109900077 -377.1861109900077 -57800.70569487282
-102702.38890790698 382.89508149552796 382.89508149552796 -59754.37607010025
-102156.22827649195 -207.87024780274152 -207.87024780274152 -59449.15232466164
-100298.06674585312 -2503.9046490302494 -2503.9046490302494 -58301.233557743944
-98028.21810480315 -2871.843386544097 -2871.843386544097 -57202.636382457444
-101942.35381727958 -2057.6747472662673 -2057.6747472662673 -59545.21143508333
-99650.36609542821 -2476.239705150829 -2476.239705150829 -58407.02767220163
-99680.26983819774 -3984.3777979247443 -3984.3777979247443 -59171.47417778469
-96340.01803390763 -4120.340956529105 -4120.340956529105 -57429.303399948665
-100487.89154235755 -3303.128669501504 -3303.128669501504 -59675.809333559024
-97169.96671313427 -3490.024093417205 -3490.024093417205 -57946.53445533067
-98686.84831392244 -3965.601083823036 -3965.601083823036 -60318.14321180126
-95449.83759781155 -3868.3489599691675 -3868.3489599691675 -58633.763390742286
-98245.60774729477 -3152.117755412358 -3152.117755412358 -59728.145599224554
-95014.310565239 -3062.3717102018218 -3062.3717102018218 -58035.74565089315
-97473.05234637189 -2163.563336017535 -2163.563336017535 -61379.89199777373
-95274.42817172028 -1662.3086040254116 -1662.3086040254116 -60190.28233382766
-95730.63282926194 -1523.4435805023593 -1523.4435805023593 -59492.507394075605
-93519.05836453286 -998.63111200185 -998.63111200185 -58296.61328491101
-66126.33401396328 14595.296087429653 14595.296087429653 -61593.219839566365
-80589.38552638314 16486.107003117224 16486.107003117224 -68760.96950460899
-65777.78060505442 13464.01938706425 13464.01938706425 -61662.16909489534
-80639.28093615817 15003.655103240042 15003.655103240042 -68945.40653868353
-81923.70417961657 12172.827576810494 12172.827576810494 -60772.90286956504
-90240.97913714462 12332.703297341204 12332.703297341204 -64546.36263826953
-83205.74061361665 11212.296997301404 11212.296997301404 -61644.0592277442
-91672.20437720783 11318.053494427284 11318.053494427284 -65393.67723276327
-89684.75138419142 8938.051867924345 8938.051867924345 -59428.929522315324
-95333.6890361297 8795.210413889472 8795.210413889472 -62000.09909134186
-91289.8114569424 8171.695653872678 8171.695653872678 -60547.82021969092
-96839.25656953956 8009.71624864249 8009.71624864249 -63263.539473017205
-94021.8963177752 5663.30096679752 5663.30096679752 -58181.6647606376
-97506.9204291152 5272.639264893214 5272.639264893214 -59839.17360050265
-96000.00633591034 5217.411136647461 5217.411136647461 -59681.68052000181
-99474.18785586448 4776.989577676164 4776.989577676164 -61392.77586336749
-96412.41377824514 2524.2935368101316 2524.2935368101316 -57432.137822512996
-98222.4957319551 2027.84765313191 2027.84765313191 -58264.365297468285
-98404.85057745628 2196.714472617742 2196.714472617742 -59043.18107433151
-100205.88966464948 1657.4508830072843 1657.4508830072843 -59941.73227371563
-97457.62021513055 -242.59422012849924 -242.59422012849924 -57290.19153064567
-97794.5453154669 -748.753719171199 -748.753719171199 -57466.49822892746
-99256.77046182938 -391.23750493442583 -391.23750493442583 -58765.70395557487
-99604.17682990555 -889.9183177655894 -889.9183177655894 -58950.93776823852
-97929.57526498982 -2275.4377961109667 -2275.4377961109667 -57802.89920460062
-97138.9378818483 -2611.1304395155944 -2611.1304395155944 -57403.9386004162
-99269.86786179712 -2119.549092993918 -2119.549092993918 -58862.370380761844
-98498.19790772337 -2479.7315020726355 -2479.7315020726355 -58430.550035971435
-98591.58046706542 -3230.7435629182137 -3230.7435629182137 -58771.02982060226
-97130.22380383092 -3338.7207775843035 -3338.7207775843035 -58029.636643799044
-99048.3636224347 -2925.537944447042 -2925.537944447042 -59111.84372522162
-97567.75432289323 -3026.3488747737547 -3026.3488747737547 -58356.52232904226
-98845.87921913134 -2908.329442558438 -2908.329442558438 -59845.35713706885
-97710.79374757441 -2774.9633352809506 -2774.9633352809506 -59273.740524733876
-98269.06527847743 -2609.541609962066 -2609.541609962066 -59290.508815928515
-97155.99908225643 -2470.5526105411473 -2470.5526105411473 -58695.61891238063
-99070.16379184539 -1403.4323733655397 -1403.4323733655397 -60694.12537503413
-98869.25136751444 -930.4194363118625 -930.4194363118625 -60581.25282447158
-97550.91329346073 -1311.1186542725577 -1311.1186542725577 -59170.26971042243
-97352.49059792032 -848.2031831548031 -848.2031831548031 -59080.37747057035
-64681.05975702417 12307.016502312417 12307.016502312417 -61364.652817399125
-76697.64722509308 13379.990024419258 13379.990024419258 -66945.93660181851
-65099.51453923015 11088.157936705094 11088.157936705094 -62014.097307780605
-77548.96634153846 11760.801479378606 11760.801479378606 -67433.90156397152
-78494.18460649399 10261.13422811032 10261.13422811032 -59651.24699654692
-86450.3129292 10156.580446766635 10156.580446766635 -63227.13033014009
-80323.0923558261 9238.907680546528 9238.907680546528 -61020.773494713445
-88223.09610030429 8966.255909734375 8966.255909734375 -64589.529078677006
-86257.67355953214 7331.10453002334 7331.10453002334 -58309.550431604635
-91584.2461036527 7075.115163085962 7075.115163085962 -60912.87551002209
-88053.5445615991 6517.21400249015 6517.21400249015 -59848.57043740722
-93511.2092979821 6128.805899277359 6128.805899277359 -62475.319709077885
-90895.08478003925 4433.450264975278 4433.450264975278 -57404.80439511631
-94383.42563954262 4083.6997006860365 4083.6997006860365 -59119.94050284297
-92561.00805281552 3755.264874608642 3755.264874608642 -58872.3027112228
-96074.08519760895 3296.12025206263 3296.12025206263 -60697.48743978022
-93424.81968547226 1795.267709043745 1795.267709043745 -56832.10235178336
-95709.28683092158 1393.6605855280905 1393.6605855280905 -57960.49047187158
-94971.22439519271 1256.6663425151564 1256.6663425151564 -58313.85302471627
-97228.4581937129 804.5779555839308 804.5779555839308 -59508.631325103954
-95077.87520011036 -344.45992217766616 -344.45992217766616 -56891.50841658771
-96223.11922575094 -761.2296291263903 -761.2296291263903 -57488.89386771459
-96483.35053003868 -699.0288477704587 -699.0288477704587 -58156.926547274095
-97634.47384843175 -1107.9904491064012 -1107.9904491064012 -58793.33302239113
-96385.0598299216 -1760.2522232013507 -1760.2522232013507 -57457.438213238216
-96842.79198291696 -2046.8804605007472 -2046.8804605007472 -57733.5192701435
-97415.37220841351 -1925.9466100171558 -1925.9466100171558 -58378.144603128305
-97867.37947610997 -2206.56911040858 -2206.56911040858 -58649.933949486585
-97754.92337723664 -2322.104632653555 -2322.104632653555 -58517.95446128023
-97952.29684954922 -2407.395577401078 -2407.395577401078 -58572.984201739666
-98048.06449044503 -2367.499667922712 -2367.499667922712 -58776.801457858026
-98246.80147825688 -2449.5287561570008 -2449.5287561570008 -58832.31918000241
-99120.31069069884 -1968.858461991479 -1968.858461991479 -59540.31648821427
-99555.95919236953 -1805.872794326568 -1805.872794326568 -59707.5268133219
-98586.59953062181 -2043.7635567510001 -2043.7635567510001 -59043.71096291819
-99023.859177913 -1886.3405069646756 -1886.3405069646756 -59193.23088919817
-100265.1053112728 -781.7387918821548 -781.7387918821548 -60161.54794719264
-101475.66413629855 -378.88605037155344 -378.88605037155344 -60861.164746458024
-98901.47860427205 -1072.4485400694293 -1072.4485400694293 -58919.00305728998
-100080.73362105306 -673.4452659535416 -673.4452659535416 -59612.21508321006
-64312.701888091484 9871.130372247628 9871.130372247628 -62139.0018638444
-74140.64831268026 10315.23140319733 10315.23140319733 -66118.13932966687
-64705.19300945306 8253.746344145551 8253.746344145551 -63193.51395343066
-74986.24344796053 8378.002597072555 8378.002597072555 -66938.69136089389
-76098.30204914336 8222.152046845953 8222.152046845953 -59631.08363903134
-83560.86717634863 7982.237613816381 7982.237613816381 -63018.39805294787
-77436.27432276617 6775.879260447959 6775.879260447959 -61006.87057183218
-84985.78324038428 6395.632792982335 6395.632792982335 -64412.03064870227
-83516.86504319173 5841.098135142505 5841.098135142505 -57988.38661140641
-88914.68552065353 5477.454436555105 5477.454436555105 -60694.02408230335
-85031.6443495506 4556.811460537414 4556.811460537414 -59419.971389649676
-90517.22922756616 4137.511679860729 4137.511679860729 -62137.60605507689
-88007.21967452871 3403.883960562819 3403.883960562819 -57107.60799695574
-91942.16690008118 3061.336801085283 3061.336801085283 -59070.44603714098
-89334.61013399957 2414.647389905319 2414.647389905319 -58375.238838721656
-93335.18439214253 2027.7352025210926 2027.7352025210926 -60413.38182222144
-91071.64763110958 1324.5385837547483 1324.5385837547483 -56718.45597905785
-93847.07770116189 966.4064935491963 966.4064935491963 -58168.425331574035
-92298.38283870408 561.5944346833289 561.5944346833289 -57879.517728590174
-95066.30217097167 214.3462918748316 214.3462918748316 -59343.18308321125
-93387.33314355915 -256.58885961365917 -256.58885961365917 -56923.120614576685
-95260.72289239541 -528.8908889341833 -528.8908889341833 -57937.31697495355
-94357.05177197822 -791.0272405022234 -791.0272405022234 -57882.78844179555
-96233.85391725354 -1070.6242646263931 -1070.6242646263931 -58908.317094021586
-95415.927476946 -1192.8016253779879 -1192.8016253779879 -57536.282829948155
-96838.45856090367 -1370.620050656025 -1370.620050656025 -58271.76407728488
-96063.8918615514 -1575.1114410124194 -1575.1114410124194 -58196.9002614413
-97481.98927672733 -1762.3876888955538 -1762.3876888955538 -58931.7182506421
-97384.83871865473 -1431.968706342455 -1431.968706342455 -58376.05422834444
-98714.18073619275 -1475.833832400328 -1475.833832400328 -59083.676403926795
-97589.16366604423 -1796.4129541117193 -1796.4129541117193 -58600.376062244126
-98931.10622249922 -1827.0120939762119 -1827.0120939762119 -59297.71313630694
-99341.2959528771 -1086.5332699598357 -1086.5332699598357 -59259.58336055157
-100896.65612734023 -958.5926562554426 -958.5926562554426 -60168.78757456135
-98894.12974475494 -1497.994879812109 -1497.994879812109 -58872.54355860402
-100443.3541723981 -1368.4419172359444 -1368.4419172359444 -59787.38483756504
-100994.67138560313 -316.3632056902344 -316.3632056902344 -59860.75129878373
-103115.35126269203 9.371499732780986 9.371499732780986 -61053.254212997614
-99896.16323968187 -852.8512212133951 -852.8512212133951 -58957.68755795287
-102045.89361838954 -533.3261322166201 -533.3261322166201 -60149.049774185005
-64184.09606192443 6798.943508099017 6798.943508099017 -63522.76073981475
-72561.97594158092 6904.660621703737 6904.660621703737 -66535.22883848907
-64399.64358384266 4729.571902425303 4729.571902425303 -64185.84941058292
-73053.10230348792 4632.715277185495 4632.715277185495 -67240.04340199714
-74513.3390249032 5729.680167116074 5729.680167116074 -60311.97944018638
-81626.97221132641 5472.880084696897 5472.880084696897 -63416.138171996026
-75358.11342155146 3787.8650059163356 3787.8650059163356 -61173.058980752765
-82469.70105053223 3428.1883314617453 3428.1883314617453 -64314.39382367777
-81530.20811427497 4025.5228253126033 4025.5228253126033 -58234.11857702879
-87147.29287708341 3755.4461342926515 3755.4461342926515 -60935.42144445365
-82441.64442410487 2394.024729368459 2394.024729368459 -59205.79947562849
-88118.91297239166 2095.8402321784433 2095.8402321784433 -61923.099867284975
-86037.78439822447 2372.2932846941 2372.2932846941 -57087.1909007866
-90321.42537157949 2109.9154406010434 2109.9154406010434 -59355.36656690289
-87022.80366789314 1110.862525797942 1110.862525797942 -58002.61220710739
-91275.15128116886 846.7113219916234 846.7113219916234 -60306.206648385225
-89570.1533976931 957.5680204436196 957.5680204436196 -56812.738697748515
-92785.69897397824 750.023045123545 750.023045123545 -58509.82912764054
-90264.39498477953 44.78866678925186 44.78866678925186 -57603.300597935464
-93484.8562236702 -153.12671679649216 -153.12671679649216 -59307.25584835897
-92285.10853951551 -23.837881281299545 -23.837881281299545 -57083.45978311607
-94760.13803904204 -201.58989384595094 -201.58989384595094 -58374.272920982556
-92927.92005817391 -715.4829081833799 -715.4829081833799 -57735.90978339603
-95401.27501936119 -894.980482737114 -894.980482737114 -59036.78456817534
-94811.09581798477 -534.1766169598004 -534.1766169598004 -57705.41206732765
-96874.54340494006 -656.2731218138596 -656.2731218138596 -58824.320665940446
-95239.8106692276 -1114.5525443927377 -1114.5525443927377 -58136.98079070638
-97302.67541486607 -1229.8884890839668 -1229.8884890839668 -59255.78502213111
-97246.87436137676 -649.5277698283996 -649.5277698283996 -58491.34792724562
-99340.47453103006 -659.5089676557213 -659.5089676557213 -59568.63305640596
-97342.84561452246 -1210.24378520509 -1210.24378520509 -58610.39608278316
-99465.44615743558 -1209.1569281991292 -1209.1569281991292 -59675.083926569736
-99420.40691950869 -401.75061694151213 -401.75061694151213 -59117.853595478824
-101721.31435523256 -315.88055611169773 -315.88055611169773 -60408.99698827596
-99140.42459108715 -1005.5205992812732 -1005.5205992812732 -58894.959299235496
-101428.04492532936 -924.4286093722787 -924.4286093722787 -60181.16898034755
-101254.73052207753 58.75186015625435 58.75186015625435 -59506.9975385097
-103917.34080442495 216.9002666336151 216.9002666336151 -60967.49240128222
-100682.70885702848 -621.5732568229612 -621.5732568229612 -59044.95710283243
-103359.41312684292 -459.3672167535325 -459.3672167535325 -60460.46190850825
-64133.63827419788 3058.4477741155997 3058.4477741155997 -64293.5152314021
-71938.20423477875 3128.5133634153717 3128.5133634153717 -67026.0367639497
-64054.04961875009 531.0196932638756 531.0196932638756 -64204.05812505247
-71939.49271322043 583.2656753825204 583.2656753825204 -66886.18685753431
-73988.20018537069 2724.701397475318 2724.701397475318 -60908.2787334687
-80695.57304152493 2586.2858266563735 2586.2858266563735 -63758.362727706335
-74181.6226301059 485.5783439533715 485.5783439533715 -61160.05197803574
-80988.63472954844 403.48012162509065 403.48012162509065 -63983.42557530876
-80586.04918170125 1949.8823871224686 1949.8823871224686 -58601.00600022277
-86232.31032034605 1847.2032418145245 1847.2032418145245 -61321.19610385611
-80968.50623798414 183.10825179970112 183.10825179970112 -58943.974115365
-86531.4527732999 91.27227916582694 91.27227916582694 -61672.55865304994
-85347.31724734878 1234.4998914968724 1234.4998914968724 -57372.50246864627
-89758.15903748333 1157.82051749229 1157.82051749229 -59741.955677375845
-85747.43210056165 -91.88396898786107 -91.88396898786107 -57750.37993003023
-90167.99254673716 -197.3383817715499 -197.3383817715499 -60126.262794746886
-88746.72662331804 640.4960247079274 640.4960247079274 -57108.77284986082
-92290.42721771933 585.3299919681765 585.3299919681765 -58915.31532900708
-89062.61761551446 -356.76225808078283 -356.76225808078283 -57456.74300690622
-92597.71777297684 -412.8571008581787 -412.8571008581787 -59283.34503379445
-91899.21057719573 260.80816302803396 260.80816302803396 -57365.28468801034
-94609.44211868876 192.81905187103428 192.81905187103428 -58802.96483466326
-92189.98026767849 -511.0404703490972 -511.0404703490972 -57683.810464217706
-94915.42025067064 -576.9297871543379 -576.9297871543379 -59111.69871751569
-94601.36140384673 71.18654923751937 71.18654923751937 -57903.43798802846
-96987.38815137857 31.36160543349547 31.36160543349547 -59215.90906275899
-94823.38612046588 -607.3344226114681 -607.3344226114681 -58123.99797075318
-97229.43458088752 -637.0002824376684 -637.0002824376684 -59450.34841183827
-97130.26062762039 38.76382843506917 38.76382843506917 -58563.25028195493
-99625.144445295 22.154065820885307 22.154065820885307 -59854.312623384234
-97248.5013489812 -639.6005316586363 -639.6005316586363 -58644.90035591464
-99755.30330881683 -630.7855370756789 -630.7855370756789 -59948.61720197787
-99429.43790872818 131.59732614958784 131.59732614958784 -59014.373805451934
-102013.77623203273 150.80208407814956 150.80208407814956 -60524.93880200146
-99385.40386500895 -573.1536510218086 -573.1536510218086 -59004.54965833881
-101982.57615125758 -558.7139422433308 -558.7139422433308 -60516.63224533713
-101281.84232077758 301.7042140598037 301.7042140598037 -59304.67220787969
-104140.04381531123 355.982588111199 355.982588111199 -60894.32028978117
-101170.58091932007 -426.67390050398126 -426.67390050398126 -59182.78374607648
-104029.90584043658 -390.8033437272279 -390.8033437272279 -60768.36158503581
