sig 640
-130113.67944752121 4781.8455778984435 4781.8455778984435 -226619.25176678662
-95334.43683789541 2258.838551917978 2258.838551917978 -188799.25510020374
-135733.64556228736 18039.100776747262 18039.100776747262 -228403.0847479639
-99933.21579133136 11415.778435502916 11415.778435502916 -190793.9214626129
-123178.9816566351 2818.6534655588657 2818.6534655588657 -261907.8885617023
-90252.73645094904 2592.6505098761027 2592.6505098761027 -186282.68162441283
-125439.73986045647 16584.94724470436 16584.94724470436 -251321.81464849363
-86519.6188712616 8728.151965818084 8728.151965818084 -182822.4106608273
-142645.29813979188 1203.04823302972 1203.04823302972 -271789.3328558827
-108649.4828241203 2372.6938513244722 2372.6938513244722 -210447.54711033165
-127429.12980753007 13394.546964955094 13394.546964955094 -237335.89549364906
-95196.13301002176 7751.184404757286 7751.184404757286 -172442.67127104185
-144143.52517351237 4549.029545771755 4549.029545771755 -273288.09549274074
-127577.230659003 3605.394094096945 3605.394094096945 -230298.93673342778
-118853.4878638245 8280.327167364563 8280.327167364563 -228215.9426791483
-101866.083815994 5576.236022434625 5576.236022434625 -184254.05976916623
-149712.1685332712 6226.127080493972 6226.127080493972 -266218.18862300634
-142398.77091044985 6778.147514728196 6778.147514728196 -252730.81227583395
-126379.67551343363 4800.2426990358235 4800.2426990358235 -224469.42985907695
-122008.18364745114 6978.226977225596 6978.226977225596 -214836.57935239497
-145825.7137518467 7799.188131808365 7799.188131808365 -258648.6931143259
-153035.63021316438 8998.522807100391 8998.522807100391 -275494.28266629466
-131903.58198182582 4102.257140137799 4102.257140137799 -234189.65011959453
-139944.21645507574 7293.416441133334 7293.416441133334 -248755.8703321161
-138904.44506682758 9727.731379918376 9727.731379918376 -255458.31726913285
-156400.3333902491 11942.674062965918 11942.674062965918 -295129.2690288826
-137375.97811727368 6509.189477963643 6509.189477963643 -252909.7753554042
-152705.78170297685 8484.0755262963 8484.0755262963 -293929.43867242057
-126928.12568735416 13135.567725015488 13135.567725015488 -243084.39676695917
-172304.40936576645 15132.864334154261 15132.864334154261 -318345.64182049996
-144778.88720186675 -25.24730586206308 -25.24730586206308 -275557.66129045415
-194981.04689982618 -3974.566840915994 -3974.566840915994 -356299.4384065072
-108935.98831210713 6944.386295604445 6944.386295604445 -222718.50701356932
-160538.31379629674 -1114.6661491097607 -1114.6661491097607 -315274.7001898369
-163044.7103655047 -7743.008113349633 -7743.008113349633 -317500.8639881204
-214727.3525483044 -25460.121753165207 -25460.121753165207 -418338.35734554613
-153522.07376595176 2811.983681058033 2811.983681058033 -271929.57347670005
-162434.41228971502 79.67849374705895 79.67849374705895 -282310.4857417108
-160253.8223701918 -78.30978069438825 -78.30978069438825 -287734.2152859341
-169297.35389810108 -2963.3685586850015 -2963.3685586850015 -297707.7284871468
-136329.29891259625 26829.376001233846 26829.376001233846 -219519.62086230566
-96045.46144026775 17059.924051978916 17059.924051978916 -174644.24724933715
-136653.08536641774 34878.28964837576 34878.28964837576 -204392.95506892522
-97800.54212493435 23740.37789847958 23740.37789847958 -162058.9682876637
-124044.38487535725 24601.333053424758 24601.333053424758 -234005.7478084521
-105151.27170223574 21099.412903166045 21099.412903166045 -203065.2714938046
-111916.58940855837 27519.58432933682 27519.58432933682 -196311.930784881
-92260.50555409002 22301.369961832133 22301.369961832133 -168161.72770733628
-138201.02925284702 21457.383702628525 21457.383702628525 -274145.856728722
-126100.87042950014 21460.25845633797 21460.25845633797 -244644.59290318532
-99359.7978991192 21175.88621010336 21175.88621010336 -190314.2538219854
-88288.38815312253 18850.803781818824 18850.803781818824 -164963.20524777117
-155458.39229857473 23059.94112324154 23059.94112324154 -298065.7815695297
-141449.11520156814 22273.8416455188 22273.8416455188 -271500.9063047247
-98534.61078665599 16973.587144577177 16973.587144577177 -190470.7122185909
-91356.36666165783 16525.18304536387 16525.18304536387 -166205.5604583968
-169286.19540705084 21903.901458441676 21903.901458441676 -306222.6441066251
-156116.47413128617 21517.533266594306 21517.533266594306 -281536.235578712
-106227.27926421014 16118.681532369634 16118.681532369634 -204356.94658126085
-98557.32633293455 16124.899130537131 16124.899130537131 -180193.61549786353
-168104.63041756387 20789.01036914785 20789.01036914785 -298817.611689803
-161774.965809966 19899.2054793551 19899.2054793551 -277437.03931232815
-123651.01416181019 15186.603725266274 15186.603725266274 -220137.54576234648
-117217.01720515451 18692.274600921384 18692.274600921384 -211085.88417548218
-156967.2079623225 21501.40667881891 21501.40667881891 -274773.7239170568
-150392.0771943434 20388.74562729204 20388.74562729204 -263919.88469844876
-144238.31354052332 17770.228229998196 17770.228229998196 -251380.57135729532
-137945.2249143502 17202.38932139371 17202.38932139371 -235312.56462465
-131427.22583868395 20889.687351760807 20889.687351760807 -236909.80942236123
-133284.15149940737 20304.030141581366 20304.030141581366 -240364.09912656032
-154686.52813158798 19676.186096748515 19676.186096748515 -286482.8620712685
-156570.3368088306 19105.227442236377 19105.227442236377 -289311.0773299471
-108680.33000477869 15810.202408226907 15810.202408226907 -192807.58411941328
-115071.97542061328 11141.910750981713 11141.910750981713 -221419.05527387463
-192745.2321876411 17049.042957145415 17049.042957145415 -357682.31730211875
-198962.56083775876 12582.14867534288 12582.14867534288 -368621.73156591057
-82512.53825030434 11415.663956871227 11415.663956871227 -155063.03074829752
-169945.0672262592 -6762.264670346123 -6762.264670346123 -344833.7058562497
-216461.41409106218 -16866.10457391316 -16866.10457391316 -408325.27049054304
-344535.031230492 -55304.383009559446 -55304.383009559446 -638938.555301772
-136017.4575449843 38153.04889201908 38153.04889201908 -189540.06282549797
-109521.7739578572 30392.42490219648 30392.42490219648 -161631.9589638071
-120603.65797861783 34479.90324776855 34479.90324776855 -150501.29437133428
-92823.49337800476 26875.639647111457 26875.639647111457 -123267.02263750673
-124292.02653340549 35212.271287252865 35212.271287252865 -188931.91963289247
-123005.26477114519 34280.060401202485 34280.060401202485 -183368.9188621414
-92620.59940652817 26929.045944431935 26929.045944431935 -128209.29005880245
-89187.37750192595 25966.42525863379 25966.42525863379 -121488.4781489021
-131717.7931376205 36693.00227882194 36693.00227882194 -198335.22113675257
-140259.53513894638 39623.336870641055 39623.336870641055 -198792.77907765712
-85811.03193803504 25344.30109849955 25344.30109849955 -116229.50067276745
-94602.59691411033 27815.22152743436 27815.22152743436 -120082.76652448023
-150815.58657991464 41911.824416828815 41911.824416828815 -223009.14875469377
-158250.89339340565 47100.01409855514 47100.01409855514 -217437.36331780793
-90416.02112289504 26612.652180630877 26612.652180630877 -112236.30268223865
-97197.74892310353 29735.173718605292 29735.173718605292 -114231.51957450325
-175778.9668723859 49989.71448484988 49989.71448484988 -250847.37363343322
-180034.43354052273 52393.52605229472 52393.52605229472 -240372.8437817177
-92157.27654236264 29478.22819479526 29478.22819479526 -107310.1626489475
-95388.78049036585 31567.22833573568 31567.22833573568 -106779.20258440162
-205372.3141825333 57206.26978358232 57206.26978358232 -285766.6957543967
-206870.9214446211 58898.56003860122 58898.56003860122 -267000.40726759256
-89613.44573252072 30738.055809243484 30738.055809243484 -99282.00051447711
-87588.08318886564 27961.983259402485 27961.983259402485 -91448.82857368934
-228597.89629982595 57612.95221185021 57612.95221185021 -303527.8136376658
-229752.93344146892 69686.84136480073 69686.84136480073 -309084.91398776346
-78620.92948283849 24962.076038176223 24962.076038176223 -81025.62352862433
-79561.86698424592 21506.516707406987 21506.516707406987 -78829.16087794375
-241485.21322267898 71167.29480190447 71167.29480190447 -339866.0703042243
-228316.63102920368 69881.12505207064 69881.12505207064 -313874.3861119843
-59682.27917273553 16086.56794005548 16086.56794005548 -57811.83142302707
-50901.91707032284 15917.626181994012 15917.626181994012 -49945.11085823787
-245721.60048190592 50438.69941566787 50438.69941566787 -322075.1559390143
-262718.8471924481 54243.23724907081 54243.23724907081 -302227.57185189944
-34737.357329493825 10666.955673489807 10666.955673489807 -34002.378992375365
-33612.645941407296 8842.33545167054 8842.33545167054 -32455.78109489928
-188808.26145112765 43860.32311552949 43860.32311552949 -234483.07869451758
-165428.81470444173 36119.35788183134 36119.35788183134 -206939.02150740463
-30849.569170044684 9295.102973645298 9295.102973645298 -31587.1995305356
-20.944454694427233 12.722753251295703 12.722753251295703 -23.197402019300775
-119803.73302766337 33404.90728177666 33404.90728177666 -136228.42436789282
-108592.49337973479 29738.80065534334 29738.80065534334 -126739.53617457855
-112892.2594049197 31085.558640515486 31085.558640515486 -121196.94887562619
-102319.0122280066 27426.768134229336 27426.768134229336 -112400.89224916333
-109038.83939306709 31155.601175355157 31155.601175355157 -134388.8328990859
-119434.14317804959 33013.88616595566 33013.88616595566 -140385.97323607653
-94024.10223056967 27011.93591689103 27011.93591689103 -109768.6803733765
-104872.06643308596 29741.51272383116 29741.51272383116 -116329.74676438021
-116920.26708611393 33342.16209099538 33342.16209099538 -134582.7421807459
-133136.03720906004 37865.46057803756 37865.46057803756 -145729.93222388008
-99864.35532231507 28267.848089723142 28267.848089723142 -107209.00311462511
-115757.40429003235 32739.5493018037 32739.5493018037 -118518.74805296768
-128172.47804555003 36538.210427092024 36538.210427092024 -133581.76307555925
-144035.78921634823 40838.83342703243 40838.83342703243 -144121.06460822377
-110505.17150475428 31118.4802452326 31118.4802452326 -106772.28634646478
-126586.91148232424 35371.81147459781 35371.81147459781 -117236.5240499244
-138745.63216834364 37308.76256992907 37308.76256992907 -127880.81292584547
-153828.59378857946 41777.61145873243 41777.61145873243 -136666.88349564985
-120918.78210325996 31198.140260923552 31198.140260923552 -102016.15441689464
-135501.47750973087 35484.26097603241 35484.26097603241 -110951.3839189274
-144682.93242462166 34891.066941622266 34891.066941622266 -116495.99147816347
-158368.73446182354 38575.36304840696 38575.36304840696 -124580.32607929564
-127075.54908099647 28904.31450608572 28904.31450608572 -94531.6670401277
-140641.11156143103 32621.71248004841 32621.71248004841 -102477.80364949073
-144504.47192024955 28837.769824147606 28837.769824147606 -101941.171618514
-153755.5505232289 30776.066865998277 30776.066865998277 -107364.47307291233
-130550.60105434232 24651.760502460595 24651.760502460595 -86982.61275778564
-139312.34937446527 26722.913511800973 26722.913511800973 -92650.26339125916
-136512.52399841938 19398.807988406945 19398.807988406945 -86703.40307468567
-132678.71191806704 19124.29859157646 19124.29859157646 -85265.30345548567
-132087.44231737484 19559.804751835218 19559.804751835218 -82495.90022533262
-128161.37838347282 19118.59144857069 19118.59144857069 -80978.20107462126
-125448.85287856698 10811.074770372403 10811.074770372403 -76889.4473326945
-111100.1452377193 10151.513665919956 10151.513665919956 -69967.15594507878
-124995.06581594284 14374.058777982607 14374.058777982607 -77167.03277626901
-110523.17600312857 13685.724562996707 13685.724562996707 -70383.8631020961
-104295.59529829593 -11272.572829346313 -11272.572829346313 -95931.78436328571
-44380.858173680084 -4485.619626045686 -4485.619626045686 -60255.78810973629
-103415.7771813835 7739.153491578101 7739.153491578101 -77521.7142424767
-40705.64488984621 7063.552628682875 7063.552628682875 -47395.95892101403
-112058.58922209457 31611.259526841444 31611.259526841444 -115099.04556768804
-112416.5263500883 31286.84472778622 31286.84472778622 -114993.06534405613
-103921.54839759384 30154.75700186521 30154.75700186521 -103646.20436691857
-103916.96153565927 30173.49505789955 30173.49505789955 -103548.3614689234
-105963.2432074515 30037.57013305784 30037.57013305784 -111485.8748693474
-121581.48249366951 34719.09409620603 34719.09409620603 -124196.7812177387
-94070.53218441032 26453.433670425224 26453.433670425224 -95151.59259044094
-109280.37177640272 31096.488682422154 31096.488682422154 -107868.469402005
-116267.99141635316 32037.475992665233 32037.475992665233 -112346.38892934487
-130796.86048530448 35438.51720556541 35438.51720556541 -121094.18648043464
-104889.41753788703 27673.30753595512 27673.30753595512 -94975.05906038513
-119133.96418342044 30920.19779355512 30920.19779355512 -103660.56052741053
-126871.87992455435 31242.190758824618 31242.190758824618 -106290.9462299608
-140203.22152047275 33799.289347805025 33799.289347805025 -114129.84436087773
-115256.99512749369 26754.17365299954 26754.17365299954 -90745.59978749466
-128377.04123478768 29611.201849913967 29611.201849913967 -98633.51557500777
-133814.41584378993 28344.887588471564 28344.887588471564 -98651.8518005122
-145606.91384170094 30799.528819295978 30799.528819295978 -105381.62822933035
-123119.74069501708 24567.102226363786 24567.102226363786 -85984.00644187926
-134587.5468389024 27108.65906019517 27108.65906019517 -92656.72067109878
-136920.63493967493 23294.422372604924 23294.422372604924 -89789.63666672003
-144402.56021172577 25101.45226571156 25101.45226571156 -94544.19482661228
-128587.79650422186 20860.51673411506 20860.51673411506 -81228.59580697343
-135736.45424919427 22376.900490755776 22376.900490755776 -85866.38062604662
-136202.01849271578 16467.405273369208 16467.405273369208 -81470.3078060428
-135453.12533727658 16936.51390651128 16936.51390651128 -81614.12547839232
-131408.01033227466 16182.321279437263 16182.321279437263 -77612.14146173208
-130905.34325452852 16735.93274183886 16735.93274183886 -77687.13624733446
-130788.68371001357 8612.020925266452 8612.020925266452 -74556.77552072381
-121054.38454067396 8605.355292985689 8605.355292985689 -70140.54607652132
-128849.7834151049 10301.03289306499 10301.03289306499 -73377.94185448492
-119134.39738911568 10346.370629822724 10346.370629822724 -68948.42370432254
-117036.00284401058 -1028.9921773643496 -1028.9921773643496 -68538.49663329175
-95847.08823123165 -1425.278393337023 -1425.278393337023 -56789.25576267859
-118614.98572580484 4320.420681471179 4320.420681471179 -70316.24878701447
-97533.1196978093 3461.030268093101 3461.030268093101 -58669.382304331906
-90569.0551315311 -11698.211423027784 -11698.211423027784 -68983.78464899778
-46763.30470066915 -8199.609147997859 -8199.609147997859 -48069.90509454592
-93906.11590036344 705.1397575138344 705.1397575138344 -69396.79912782818
-44665.15574104185 49.87014047270158 49.87014047270158 -49034.082864528194
-102114.40518929009 29744.868632569654 29744.868632569654 -98840.87094235657
-112703.43613418896 33309.93344122355 33309.93344122355 -106036.96202333547
-94889.8792845067 27630.392924511732 27630.392924511732 -89875.57583904047
-105571.01847380797 31239.46561945983 31239.46561945983 -96940.53265698551
-102449.53166172744 28197.83157633779 28197.83157633779 -97690.1387646145
-118351.46240067655 31838.68673870607 31838.68673870607 -107580.71528691596
-94007.90469434756 25085.51915694408 25085.51915694408 -85791.34206418254
-109762.68020921209 28131.895222240768 28131.895222240768 -95085.99518074305
-115263.96838020076 26885.657101590325 26885.657101590325 -93437.16373397628
-126876.72573857012 29181.62761006981 29181.62761006981 -100717.82888377826
-107602.77672700379 23921.8745980054 23921.8745980054 -83383.34535101922
-119167.90904035613 26100.53330398367 26100.53330398367 -90596.4948514531
-122594.78611336238 24708.36897314812 24708.36897314812 -88207.58542239429
-133652.74861429268 26693.73655185977 26693.73655185977 -94609.1612754858
-116092.69786820693 22099.425235674484 22099.425235674484 -79984.80282115345
-126947.23528792326 24008.39373716071 24008.39373716071 -86479.18121731248
-128763.28055669664 20913.130063837736 20913.130063837736 -82801.49249551058
-136552.44132056794 22330.13187237629 22330.13187237629 -87305.50630723409
-122950.08355472737 18933.745918702305 18933.745918702305 -76912.70912630853
-130742.89133947494 20327.474802997036 20327.474802997036 -81271.97139069438
-130346.21508559334 15484.742768594748 15484.742768594748 -76997.75258507702
-133282.10131706359 16229.384525177527 16229.384525177527 -78857.88234240605
-126385.9170260046 14677.856395277215 14677.856395277215 -73660.01121456949
-129368.75978474501 15377.542231638101 15377.542231638101 -75498.92405756458
-129526.40961865161 8690.637566554064 8690.637566554064 -71807.33641847048
-125421.10131499496 8904.44942368609 8904.44942368609 -69948.25546678447
-127617.1094396323 9415.17793174398 9415.17793174398 -70594.36096404227
-123561.02743489314 9652.21463906637 9652.21463906637 -68725.28188996282
-122169.1194847324 900.3957446428808 900.3957446428808 -67432.44395626342
-109964.31530342912 688.0877054894904 688.0877054894904 -61659.81854160896
-122319.28332066782 3424.1284339692274 3424.1284339692274 -67631.07930096115
-110085.64766060119 3180.721979924946 3180.721979924946 -61705.505638419265
-110692.53327147262 -6520.656480144762 -6520.656480144762 -66222.08157117823
-88037.68032334815 -6571.131727888152 -6571.131727888152 -54560.388814152924
-112286.98654413914 -1420.636161073633 -1420.636161073633 -66931.8709102029
-89888.84989823145 -1860.7058624118686 -1860.7058624118686 -54869.22782932433
-88621.64268001812 -9442.806588933065 -9442.806588933065 -68632.26270688682
-57139.88115393552 -8026.380780258924 -8026.380780258924 -54999.709871158695
-88809.15269191135 -847.8816236589503 -847.8816236589503 -65722.07794794257
-55938.144719765056 -332.55903521379787 -332.55903521379787 -51883.70201539691
-92151.63177465502 26610.887133678763 26610.887133678763 -85471.03339208673
-108274.94912753301 31955.547328874727 31955.547328874727 -97214.84314828414
-85524.2993994638 24351.091998378935 24351.091998378935 -78515.36150234829
-100820.48173653235 29271.080466026393 29271.080466026393 -90804.18587291236
-100149.24308344837 24535.031002559128 24535.031002559128 -84404.0567472847
-114111.87722912773 26880.579483989943 26880.579483989943 -92443.37904520443
-95215.93064089621 22292.218562619142 22292.218562619142 -77361.12378338816
-108985.11195554241 24559.247758867998 24559.247758867998 -85451.40495127566
-111518.4182056795 22534.664317786537 22534.664317786537 -81316.35610043045
-122324.1348897918 24290.80976239642 24290.80976239642 -87679.7858341128
-107415.93606987379 20551.08882042247 20551.08882042247 -75614.26616308453
-118145.49939503653 22256.280707071084 22256.280707071084 -81971.07652840597
-118835.05050375753 19659.208989100094 19659.208989100094 -77722.62213147992
-127555.96809699922 20932.176841964578 20932.176841964578 -82412.55468917164
-115130.51575255538 17999.214621088708 17999.214621088708 -73519.93387422513
-123689.55656200949 19128.94502426181 19128.94502426181 -78106.41947663594
-122907.36868771519 15176.844385868613 15176.844385868613 -73268.20416692676
-128067.5139476489 15859.006784482423 15859.006784482423 -76071.83574824418
-120410.98748094036 14276.426274276462 14276.426274276462 -70901.15132499603
-125478.82419862786 14931.66771511219 14931.66771511219 -73694.58725903435
-124262.60933139075 9793.466624839035 9793.466624839035 -69085.66051417857
-124709.51397403744 9944.500642664589 9944.500642664589 -69368.11089813759
-123400.71217168713 9718.983772968917 9718.983772968917 -68362.14618242976
-123862.41270916395 9892.211542414363 9892.211542414363 -68659.98510418033
-121691.58343097198 3274.4131943428247 3274.4131943428247 -65832.65719616492
-116486.14999151156 3152.4122382532114 3152.4122382532114 -63142.433741996676
-121769.7514830191 4354.062531586954 4354.062531586954 -65950.69999860937
-116553.28538611546 4209.730142165676 4209.730142165676 -63248.673294912915
-115112.42262663724 -3296.50262225227 -3296.50262225227 -64168.24058840346
-102714.40130039479 -3416.6390685137867 -3416.6390685137867 -58098.56544791359
-116042.13272532453 -688.5265178913469 -688.5265178913469 -64504.66615305352
-103457.3607059806 -1025.3150983406454 -1025.3150983406454 -58325.512770349356
-106562.49658955497 -7628.091329399229 -7628.091329399229 -65036.58571609733
-87454.54442243012 -7453.316178408917 -7453.316178408917 -55245.82036910713
-107418.73757497635 -3623.6610314422264 -3623.6610314422264 -64539.49431957191
-88200.08861549097 -3798.7858305544205 -3798.7858305544205 -54369.96647061614
-89411.7984760767 -7619.560312868447 -7619.560312868447 -66106.58227600447
-67113.49224526653 -7153.231104220376 -7153.231104220376 -55978.50098663511
-88977.084023743 -1478.0948567853075 -1478.0948567853075 -63666.6633026716
-66648.87421443366 -1004.6724906482015 -1004.6724906482015 -53257.94105458542
-82781.60259260859 23074.938974877117 23074.938974877117 -75171.70779860397
-101026.62900232726 28386.457418452053 28386.457418452053 -89679.88767540077
-77842.07512347121 21314.250529532088 21314.250529532088 -70771.65702726287
-96770.66547770059 26262.310437299933 26262.310437299933 -84817.94855409005
-98423.35867930509 21307.425449998245 21307.425449998245 -76135.57603373415
-110355.42452183031 23230.712629029353 23230.712629029353 -83067.90785437671
-95335.73015930686 19674.215422330628 19674.215422330628 -71882.66674126356
-107542.14566161015 21475.92814935553 21475.92814935553 -78711.8117146247
-108066.3026028053 19156.22354777999 19156.22354777999 -73616.96734875556
-117181.51782502147 20161.468087437795 20161.468087437795 -78851.81706901739
-105907.13447037888 17811.701860128298 17811.701860128298 -70538.40972603644
-115094.34197811039 18750.692864976052 18750.692864976052 -75787.75672636743
-114296.37510618939 15373.152720808082 15373.152720808082 -70497.1468375036
-120890.31393304076 15936.666477005681 15936.666477005681 -73854.58997464932
-113066.63226867262 14369.830464065017 14369.830464065017 -68756.87483757928
-119562.89766282885 14968.861978185221 14968.861978185221 -72156.10732708294
-117431.96578711577 10859.468720460081 10859.468720460081 -67125.48834027616
-120955.08180702718 11019.3392435579 11019.3392435579 -68749.07073504341
-117218.72386149227 10368.591578016294 10368.591578016294 -66707.13380724736
-120744.41382304966 10535.953253959513 10535.953253959513 -68311.49027983217
-118025.03750213534 5541.706896718939 5541.706896718939 -64230.69211283217
-117415.92523526946 5407.455633554884 5407.455633554884 -63889.08631614935
-118546.90570165643 5763.314520900819 5763.314520900819 -64615.89353859723
-117939.44704047168 5625.6806730604085 5625.6806730604085 -64272.81228629959
-115008.660538296 -75.23667280288316 -75.23667280288316 -62444.18686913478
-109388.50464998484 -418.51606297500945 -418.51606297500945 -59705.61189605035
-116286.67188226878 968.1436156518189 968.1436156518189 -63208.48549524405
-110655.32314048313 569.7827289154923 569.7827289154923 -60478.01692097696
-110002.57938872656 -4863.807603053072 -4863.807603053072 -62270.52935054188
-98966.93143394373 -4960.4080809332245 -4960.4080809332245 -56682.359432013895
-111155.08389698195 -2972.7491286778327 -2972.7491286778327 -62756.07666241466
-100296.87272078691 -3126.917691376746 -3126.917691376746 -57178.41615757086
-103727.87643580651 -7383.74512196119 -7383.74512196119 -63581.02838751594
-88686.8874841255 -7208.21089964052 -7208.21089964052 -55849.244657973366
-104148.70097181671 -4285.9020156367 -4285.9020156367 -62855.74872760286
-89028.5297258449 -4330.039935122753 -4330.039935122753 -54975.89977798052
-92093.51193692267 -6214.910209732787 -6214.910209732787 -64883.919709594404
-76742.96427297153 -5706.077343107067 -5706.077343107067 -57267.71688818264
-90747.91102420601 -1805.821935770637 -1805.821935770637 -62168.34359616841
-75484.83735505631 -1211.883306380294 -1211.883306380294 -54406.91092808827
-75274.78025533169 20466.0025008853 20466.0025008853 -68934.6464056028
-95614.53372454764 24686.356108472166 24686.356108472166 -82208.82643942433
-72820.41943420072 19786.256519051254 19786.256519051254 -66929.42411469686
-93856.62995451712 23469.637658269894 23469.637658269894 -79099.60635740479
-95156.439658546 18871.62519680441 18871.62519680441 -70115.77692316355
-106182.04976870716 20024.91407218577 20024.91407218577 -76116.05422548577
-94265.78603414581 18009.569718218823 18009.569718218823 -68236.4263224853
-105210.39712960104 19068.580878559 19068.580878559 -74189.64219785726
-104342.34218183464 15959.564085049415 15959.564085049415 -68003.79805151482
-111937.93116239453 16463.967813737923 16463.967813737923 -72071.39281098344
-104037.58860687776 14963.61247398332 14963.61247398332 -67005.71985744832
-111691.72337015108 15442.46085939883 15442.46085939883 -71092.46897401832
-109264.31599107492 11976.427479438506 11976.427479438506 -65336.95452485736
-114718.01179942301 12254.100679343333 12254.100679343333 -68122.0819864914
-109484.76700850438 11306.28577613899 11306.28577613899 -65121.71889827681
-115034.18550012061 11542.637136510926 11542.637136510926 -67958.2661996108
-112404.09707438589 7423.805684737357 7423.805684737357 -63044.79807358332
-114836.77777844336 7342.0929945064545 7342.0929945064545 -64136.47188279207
-113246.69120495876 7227.485478172863 7227.485478172863 -63606.33151277496
-115671.93953164127 7144.370925811818 7144.370925811818 -64689.126812891045
-112297.44525243838 2586.5922471614776 2586.5922471614776 -61155.926930797556
-111207.69319717545 2266.99913029594 2266.99913029594 -60644.6636542878
-113642.3778270207 2910.764716441451 2910.764716441451 -62205.09441896708
-112588.27785012234 2577.876449109368 2577.876449109368 -61651.82044712804
-109718.89907563884 -1973.5851974781262 -1973.5851974781262 -60329.96708793645
-104565.33423118865 -2360.920846236587 -2360.920846236587 -57756.755865820654
-111582.07693919275 -1015.1589887134546 -1015.1589887134546 -61530.07565372094
-106306.25291981113 -1468.7222956751643 -1468.7222956751643 -58874.17277581214
-106243.68160454684 -5262.604451543071 -5262.604451543071 -60987.57256352977
-97326.06229180135 -5459.192850434556 -5459.192850434556 -56309.87244727377
-107603.54647686941 -3766.5409396214277 -3766.5409396214277 -61646.68653842732
-98868.00459669145 -3942.804813928936 -3942.804813928936 -56965.343289407785
-102205.71892903994 -6585.849965860731 -6585.849965860731 -62350.01725419258
-91186.00906138701 -6476.581672417784 -6476.581672417784 -56683.42996551078
-102232.45392125829 -4301.837539913417 -4301.837539913417 -61588.48400103751
-91307.68184898989 -4290.725948168938 -4290.725948168938 -55826.08076732781
-94926.11255986079 -4801.191450681369 -4801.191450681369 -63779.14254969708
-85169.86211974529 -4169.067567548171 -4169.067567548171 -58402.67492524308
-92995.3073787979 -1866.2645311995802 -1866.2645311995802 -60977.69546625207
-83257.17629044912 -1246.3928298607252 -1246.3928298607252 -55627.644885925125
-70891.83081625048 18870.174900390615 18870.174900390615 -65146.62350125879
-91225.82040230233 22095.731811566657 22095.731811566657 -76450.26445670346
-69915.78893241491 17949.781877317815 17949.781877317815 -63556.419385287
-90637.99340560901 20822.05120917432 20822.05120917432 -74966.49615640615
-91330.8543757966 16806.80237717645 16806.80237717645 -65591.1019409692
-101377.82994296489 17527.044424730644 17527.044424730644 -70835.74008001518
-91905.96952504535 15850.415974271738 15850.415974271738 -65105.87145420799
-101977.6775658012 16466.987553023246 16466.987553023246 -70407.12262996924
-99768.62581322501 13185.098288027122 13185.098288027122 -63864.65918272865
-106934.24321576068 13423.662175585512 13423.662175585512 -67519.52073688783
-100682.03475531952 12299.915995059615 12299.915995059615 -63959.41673132473
-107809.94803436802 12546.403034208795 12546.403034208795 -67669.43935150941
-104558.62154308075 9231.311341528442 9231.311341528442 -61968.389086441806
-109449.3865617568 9255.068783692539 9255.068783692539 -64264.52966623847
-105827.93740974306 8719.425605455628 8719.425605455628 -62696.87360329671
-110699.41433281988 8734.957602794877 8734.957602794877 -64990.290595857026
-107304.65733587545 5048.83482293053 5048.83482293053 -60314.30835656766
-109275.45960743455 4750.744301158627 4750.744301158627 -61294.63771222905
-108829.98823058532 4857.04823067112 4857.04823067112 -61464.08197506233
-110812.96065656249 4568.146991576554 4568.146991576554 -62447.77033921335
-107350.10235010838 713.5602787062855 713.5602787062855 -59341.1943550865
-106240.3934994561 299.2524423697006 299.2524423697006 -58724.41885808164
-109264.1727568747 1031.9408298798458 1031.9408298798458 -60774.243551493244
-108147.74879693089 595.6657856594271 595.6657856594271 -60132.493040836736
-105876.07700188493 -2905.7733935998867 -2905.7733935998867 -59153.544060724766
-101496.41594175721 -3234.37618149941 -3234.37618149941 -57117.173716817895
-107645.75849263876 -2142.30591988756 -2142.30591988756 -60440.925282357566
-103188.86620551645 -2553.0483459944426 -2553.0483459944426 -58435.74747268913
-103820.81601057676 -5032.633307995866 -5032.633307995866 -59982.034598012884
-97119.08395971169 -5231.081026123511 -5231.081026123511 -56457.722552181476
-105177.18648917502 -3898.7080750693212 -3898.7080750693212 -60682.94865801199
-98523.57013746652 -4131.013696446037 -4131.013696446037 -57172.94981309436
-101382.04719327646 -5539.378931157868 -5539.378931157868 -61298.63017828322
-94342.25241524228 -5408.344625842401 -5408.344625842401 -57568.63689317923
-101037.73147342846 -3977.5215190222348 -3977.5215190222348 -60539.73910441548
-94000.43212842291 -3886.112401209032 -3886.112401209032 -56830.87782385775
-97589.68069174401 -3451.834364557536 -3451.834364557536 -62640.12083521587
-91956.97385168458 -2826.9926885976815 -2826.9926885976815 -59529.9858741401
-95432.43299381825 -1864.4955997450375 -1864.4955997450375 -60081.14058543158
-89742.67813319547 -1226.1615958005095 -1226.1615958005095 -57042.857074218766
-68589.87573226364 17132.43213733218 17132.43213733218 -62287.45446835043
-86933.73085700438 19654.87979120416 19654.87979120416 -72208.62262843356
-68018.10485984341 16015.769858068601 16015.769858068601 -61629.62085228651
-86567.63229362613 18737.773898340463 18737.773898340463 -71556.78150801477
-87464.3175506237 14619.389312970927 14619.389312970927 -62326.414434329585
-96682.00811931113 15093.484864082708 15093.484864082708 -67093.44694564017
-88565.63488306961 13671.974990251152 13671.974990251152 -62791.295794455225
-97932.04553227549 14048.627477233167 14048.627477233167 -67490.25112289716
-95254.05286109303 11034.496007782076 11034.496007782076 -60828.79128028317
-102179.92124688704 11053.09568189359 11053.09568189359 -64346.379124964726
-96990.48269971558 10265.721003507842 10265.721003507842 -61763.799958847994
-103994.71800620058 10268.468294024258 10268.468294024258 -65277.52297343457
-100074.5773989687 7269.911110589772 7269.911110589772 -59606.722166040614
-104614.70112114053 7054.230198290683 7054.230198290683 -61739.75260954884
-102033.38021636229 6687.368772921867 6687.368772921867 -60968.16527570575
-106533.90218896816 6426.7186219446285 6426.7186219446285 -63102.39983645092
-102563.29697210387 3383.4820136829803 3383.4820136829803 -58559.18820751549
-104473.60369005936 2918.4345141338217 2918.4345141338217 -59442.29138790557
-104677.36181268014 3118.8407075232726 3118.8407075232726 -60251.83927011709
-106624.13771669053 2642.602959620482 2642.602959620482 -61144.92715036803
-103194.0926740038 -293.72801436423924 -293.72801436423924 -58073.5410155918
-102470.68733304284 -822.5618762795043 -822.5618762795043 -57722.48909355481
-105381.01155873381 -74.7905587158071 -74.7905587158071 -59779.79072764649
-104618.063618066 -662.13947484028 -662.13947484028 -59432.290813401785
-102670.1669592503 -3089.647235480091 -3089.647235480091 -58444.04438833596
-99751.825375339 -3431.501114259514 -3431.501114259514 -56920.91950528011
-104639.3105513158 -2562.683079614062 -2562.683079614062 -59742.769062584535
-101673.50609793839 -2960.0874128478717 -2960.0874128478717 -58186.31620025784
-102228.08044063262 -4530.705346618404 -4530.705346618404 -59360.59118354594
-97918.85920292512 -4657.59078660113 -4657.59078660113 -57151.81676495971
-102945.44332808706 -3769.5027963048688 -3769.5027963048688 -59829.72070502645
-98740.45232485386 -3913.717278776783 -3913.717278776783 -57545.855251366214
-101278.26495913308 -4443.970696153738 -4443.970696153738 -60609.564742417126
-97340.19112222384 -4225.379572228141 -4225.379572228141 -58477.338356562
-100514.58157351869 -3497.0749068835858 -3497.0749068835858 -59698.64407076355
-96584.9702822116 -3298.458415123303 -3298.458415123303 -57576.7829227709
-99858.75629676973 -2430.3511565390127 -2430.3511565390127 -61599.280377010895
-97280.49947024566 -1821.6906950091939 -1821.6906950091939 -60219.13719257187
-97748.74535111061 -1709.6521692474093 -1709.6521692474093 -59376.91144037483
-95161.27035484735 -1056.293574159497 -1056.293574159497 -58006.86644845659
-66631.30145664744 15140.09019685196 15140.09019685196 -60910.374468027105
-82306.69879041814 17246.025491690998 17246.025491690998 -69082.8663536401
-66044.4236246103 13982.526272156676 13982.526272156676 -61010.4695237007
-82550.9699896117 15829.817318082778 15829.817318082778 -69266.33158583575
-83428.16651937552 12631.70310399207 12631.70310399207 -60200.321747862
-92356.00018920333 12827.607672172968 12827.607672172968 -64539.322424393875
-84994.76264981236 11684.559775513215 11684.559775513215 -61273.11993519988
-94060.06830117074 11800.485837644112 11800.485837644112 -65562.65373140601
-91369.61124551878 9276.790727468113 9276.790727468113 -58850.95292503626
-97788.04919791933 9145.272050480415 9145.272050480415 -62015.73331763044
-93322.2912786462 8486.683298780521 8486.683298780521 -60225.58892974927
-99811.20579190069 8338.328000303587 8338.328000303587 -63378.92044938319
-95897.87279325779 5719.858204789096 5719.858204789096 -57771.68303867501
-100108.53699984076 5295.85649205805 5295.85649205805 -59849.01444771975
-98283.52691203915 5212.308795323996 5212.308795323996 -59484.831981516225
-102579.38870341127 4724.76457027441 4724.76457027441 -61542.25072474527
-98475.27154469593 2291.1160452002914 2291.1160452002914 -57050.75633457853
-100584.07148101201 1707.2419070021565 1707.2419070021565 -58145.51010407031
-101003.2844791396 1968.3029748229685 1968.3029748229685 -58994.307368958434
-103147.78167984998 1369.1697895190582 1369.1697895190582 -60044.491071475146
-99713.16385228364 -725.5885248832162 -725.5885248832162 -57088.9579384987
-99887.8306315302 -1298.3720472272494 -1298.3720472272494 -57162.233059691185
-101933.9144293575 -753.1141699367447 -753.1141699367447 -58781.87677958058
-102137.89125535791 -1369.4023558224749 -1369.4023558224749 -58889.951808272104
-100391.922108969 -2816.072567345813 -2816.072567345813 -57669.52077102828
-99094.31943192703 -3159.020084254567 -3159.020084254567 -57050.5758075695
-101934.3073765871 -2621.8879754312647 -2621.8879754312647 -58885.218058629565
-100656.34787184773 -2987.212818744547 -2987.212818744547 -58241.70832153523
-100966.06688159343 -3723.5674276716645 -3723.5674276716645 -58814.14832618096
-99066.51494114936 -3836.3119683386735 -3836.3119683386735 -57792.19535545195
-101355.48971405391 -3355.825626128951 -3355.825626128951 -59091.297162199044
-99516.01434890926 -3447.8207980526804 -3447.8207980526804 -58063.82067923516
-101500.81510183355 -3352.2894412647747 -3352.2894412647747 -60048.08048936327
-99966.70269349987 -3089.048350770684 -3089.048350770684 -59183.090480799605
-100540.46413328506 -2951.8613419137923 -2951.8613419137923 -59198.805903141634
-98982.73680340903 -2691.7775359393245 -2691.7775359393245 -58366.48627629333
-101865.69923233225 -1627.952107766544 -1627.952107766544 -60941.6589459556
-101573.9098123495 -973.176076509016 -973.176076509016 -60731.53458232582
-99534.72733238315 -1473.540272782926 -1473.540272782926 -58963.42427602299
-99239.82406437364 -819.569469696699 -819.569469696699 -58727.68130870617
-64757.01178955922 12894.271165025777 12894.271165025777 -60658.75403154352
-78270.4878263552 14289.85764231045 14289.85764231045 -67168.56041941742
-65200.172005501 11656.41378875622 11656.41378875622 -61320.154853429136
-79012.52474073031 12454.75168943606 12454.75168943606 -67653.18042517568
-79857.07672468261 10677.654865428614 10677.654865428614 -59118.96008207223
-88522.97250795273 10685.681042851327 10685.681042851327 -63068.92565946612
-81753.79879964402 9602.859549236282 9602.859549236282 -60604.392681539466
-90390.22926275109 9393.56837116362 9393.56837116362 -64642.97199953195
-87789.16219448266 7579.990169562105 7579.990169562105 -57706.826092145646
-93762.03042436125 7310.007665298821 7310.007665298821 -60633.38976970313
-89869.20739405285 6785.838190794693 6785.838190794693 -59424.06194074415
-95960.21542615787 6405.454938404882 6405.454938404882 -62394.00907064312
-92540.01415766872 4511.119168371706 4511.119168371706 -56731.776494172904
-96555.31913527151 4068.6455393390042 4068.6455393390042 -58668.22978697389
-94673.88907145766 3881.522692930482 3881.522692930482 -58496.91696694085
-98809.74106666137 3314.0934379405053 3314.0934379405053 -60536.348164652
-95227.58623967085 1662.7206671834485 1662.7206671834485 -56215.224415142126
-97901.62116578754 1122.56456544633 1122.56456544633 -57571.52036040104
-97421.83065610829 1110.0546571891837 1110.0546571891837 -57947.65078935509
-100142.70967511402 479.0048546888434 479.0048546888434 -59371.217053005814
-96942.55496429148 -656.9729823057207 -656.9729823057207 -56482.78382671384
-98339.62470914164 -1206.7912569785901 -1206.7912569785901 -57146.090653686784
-98839.87251193261 -1055.862923011297 -1055.862923011297 -57987.49171924065
-100239.10824459256 -1608.1150487594623 -1608.1150487594623 -58704.38006230143
-98634.55420174416 -2245.4488317005034 -2245.4488317005034 -57277.98646117884
-98962.00248018908 -2543.6610498925825 -2543.6610498925825 -57523.14752620636
-99851.02182168134 -2384.3565604983305 -2384.3565604983305 -58275.42755246818
-100187.43133425023 -2674.0265366115095 -2674.0265366115095 -58515.537930134284
-100181.79200668719 -2757.2010414364827 -2757.2010414364827 -58454.282569334995
-100214.32715479039 -2813.8487219522594 -2813.8487219522594 -58470.22432796805
-100449.77067524863 -2769.834555812184 -2769.834555812184 -58675.963686777686
-100469.20180700146 -2825.011120973807 -2825.011120973807 -58690.223737999
-101729.36204959235 -2290.053361517681 -2290.053361517681 -59598.06955102882
-102146.03372052612 -2049.158647659453 -2049.158647659453 -59809.73130670588
-100810.14196926181 -2338.2009131812188 -2338.2009131812188 -58875.39169613841
-101229.58791508379 -2101.8624626599526 -2101.8624626599526 -59066.563166049906
-103131.41390625198 -963.6175401101619 -963.6175401101619 -60397.72468197531
-104405.66348569866 -362.159021947066 -362.159021947066 -61149.470487701416
-101122.07422066251 -1227.2430424120587 -1227.2430424120587 -58735.40456284034
-102349.1832993944 -635.0480682504179 -635.0480682504179 -59455.008756541945
-64374.05051367743 10451.42352997137 10451.42352997137 -61458.54864055872
-75194.54396739168 10924.75308395709 10924.75308395709 -66038.8761844061
-64888.656064313676 8795.882256178102 8795.882256178102 -62629.54209728885
-76386.8928074481 9001.759792921195 9001.759792921195 -66902.29556108986
-77103.71159638783 8696.280478640576 8696.280478640576 -58872.97361020822
-85351.27900863849 8411.393863650832 8411.393863650832 -62642.44669591117
-78749.27356640762 7175.2085396549355 7175.2085396549355 -60514.715779160375
-87117.69637917877 6775.235205207602 6775.235205207602 -64379.9656514286
-84799.53860425427 6086.812684287148 6086.812684287148 -57357.20135197971
-90776.10987773114 5690.860069394539 5690.860069394539 -60254.28968750763
-86699.22647953607 4806.416645106245 4806.416645106245 -58936.68058048672
-92672.77061890281 4310.89690708255 4310.89690708255 -61954.1724334262
-89597.82930290092 3478.6449938919486 3478.6449938919486 -56375.83394834105
-93946.27196849552 3073.7501388592973 3073.7501388592973 -58609.36903193395
-91253.75998894263 2430.3805508919677 2430.3805508919677 -57861.721262131796
-95665.32855355837 1952.0162889436965 1952.0162889436965 -60165.95048028073
-92825.85812136416 1223.4849239978344 1223.4849239978344 -55981.424592285046
-95973.5210330353 822.7847454219285 822.7847454219285 -57628.67021380916
-94311.68808908286 407.22836812999236 407.22836812999236 -57398.39590134697
-97466.44022566588 -35.014429190679465 -35.014429190679465 -59062.97102368396
-95193.9406576566 -411.8801505671206 -411.8801505671206 -56221.57786054123
-97430.95734954439 -813.9261555484353 -813.9261555484353 -57492.99391194289
-96631.03646107843 -1048.0303318743645 -1048.0303318743645 -57468.21349708093
-98905.82616985208 -1463.6554381799688 -1463.6554381799688 -58747.98869376776
-97321.26502401214 -1424.8891230138388 -1424.8891230138388 -57183.89137534069
-99030.77883770016 -1706.4779165013715 -1706.4779165013715 -58005.74138607445
-98340.49838250973 -1879.765778924049 -1879.765778924049 -57999.361299319586
-100059.74056302813 -2154.3624804927576 -2154.3624804927576 -58844.655331948954
-99672.37435157296 -1729.1954685125315 -1729.1954685125315 -58234.978139886494
-101181.55393592086 -1787.140039066191 -1787.140039066191 -59044.14716159599
-99922.08026913894 -2110.744527583084 -2110.744527583084 -58450.88136401668
-101419.22558802688 -2162.6659861180106 -2162.6659861180106 -59259.9079475633
-101865.45846684139 -1290.0275802000328 -1290.0275802000328 -59240.36805721422
-103762.38307521063 -1099.4537334419003 -1099.4537334419003 -60302.78390105217
-101210.58779329705 -1777.6535731928484 -1777.6535731928484 -58735.684180137854
-103103.86109453841 -1580.1029712625188 -1580.1029712625188 -59799.161879241416
-103799.3788411688 -406.63296621402964 -406.63296621402964 -59944.448604519515
-106217.52119345455 73.10061168982159 73.10061168982159 -61283.48925124541
-102205.03952594462 -1010.066811849866 -1010.066811849866 -58746.21441890264
-104628.70656329558 -572.127929433876 -572.127929433876 -60068.14769872508
-64297.06849082761 7280.254841709069 7280.254841709069 -63111.12036900425
-73538.81281827201 7387.716320094578 7387.716320094578 -66445.84350935745
-64587.471630567416 5117.311628617452 5117.311628617452 -63931.87647778339
-74156.98045970342 5018.366457384402 5018.366457384402 -67331.172068254
-75421.50707935127 6118.3346975934055 6118.3346975934055 -59621.43114668583
-83116.4894615489 5833.439289992935 5833.439289992935 -63115.23868633423
-76453.85260566793 4072.6480656498425 4072.6480656498425 -60706.597574902065
-84261.89837992552 3668.6316670787555 3668.6316670787555 -64261.79893022664
-82775.05584544489 4250.621498309745 4250.621498309745 -57486.40450497242
-88828.94658836602 3945.250008222957 3945.250008222957 -60518.14989269581
-83966.93261821235 2536.7401928484896 2536.7401928484896 -58581.16854389585
-90125.7632249516 2167.9909352232344 2167.9909352232344 -61709.30373835314
-87439.7934440332 2439.0682091340323 2439.0682091340323 -56394.05610886512
-92325.44715908324 2175.1614632471446 2175.1614632471446 -58855.06568637028
-88515.34148435961 1078.289559044003 1078.289559044003 -57433.024110485836
-93393.24416122132 795.113599072504 795.113599072504 -59943.446948716664
-91134.1057096533 896.2786325561348 896.2786325561348 -56195.40884350056
-94763.18126742382 650.590504215409 650.590504215409 -58077.96504700616
-92061.27275680077 -69.96910124319686 -69.96910124319686 -57100.92659574529
-95742.53728496144 -323.9651968808149 -323.9651968808149 -58997.54750682907
-94208.87718339667 -119.94996388116093 -119.94996388116093 -56512.26900471064
-96976.89324964535 -361.4501654006405 -361.4501654006405 -57976.02142084303
-95059.74252645684 -901.6128761964333 -901.6128761964333 -57318.05507102453
-97886.0493787462 -1121.0077775212164 -1121.0077775212164 -58804.87722181697
-96728.93092690135 -603.4511262781899 -603.4511262781899 -57176.88097999581
-99259.52977783706 -812.6196690593238 -812.6196690593238 -58556.23244070399
-97495.21340365907 -1283.2513163366834 -1283.2513163366834 -57762.94646402224
-99997.4167983105 -1498.956328899504 -1498.956328899504 -59188.99218415356
-99328.77368000621 -719.9904366364767 -719.9904366364767 -58181.3210246197
-101909.2685433631 -775.7526469621572 -775.7526469621572 -59540.273789000035
-99546.26989743809 -1404.2611909730842 -1404.2611909730842 -58358.938387191796
-102159.95824481425 -1460.2266534737105 -1460.2266534737105 -59725.569367811964
-101882.23106919405 -484.4435349757748 -484.4435349757748 -58992.72305119023
-104759.09329016261 -337.9637872875246 -337.9637872875246 -60580.76050409789
-101503.65862727548 -1225.7852123898037 -1225.7852123898037 -58693.41199265723
-104373.92435633273 -1090.235190418689 -1090.235190418689 -60281.61258786068
-103950.21364871372 -19.754078990037094 -19.754078990037094 -59532.1467152805
-107228.69841839833 275.2798096953188 275.2798096953188 -61323.99421919709
-103037.05548213735 -799.1293840017115 -799.1293840017115 -58811.62807926922
-106242.860616445 -526.2020203107577 -526.2020203107577 -60592.547365278755
-64285.87832209624 3347.2375192346667 3347.2375192346667 -64103.32294982689
-72796.33573426979 3403.743109000973 3403.743109000973 -67087.95810001617
-64249.80021454589 613.0277891677463 613.0277891677463 -64088.44860404268
-72849.21701671375 641.5232607447319 641.5232607447319 -67031.97410149993
-74833.01434034204 2933.923671603169 2933.923671603169 -60424.30106695588
-82152.94606090806 2761.0744636062645 2761.0744636062645 -63663.48465274177
-75116.86308846953 526.2335252617403 526.2335252617403 -60722.72652765424
-82598.41112105905 380.41895492187626 380.41895492187626 -63928.7044787059
-81768.09009123339 2081.0211620110886 2081.0211620110886 -57959.494375705835
-88025.17416088922 1995.1680750293108 1995.1680750293108 -61054.32145661248
-82238.27322514994 173.38679674447863 173.38679674447863 -58389.234038698014
-88466.821714646 60.96651986737764 60.96651986737764 -61490.39899729788
-86533.24647398543 1296.9918031816428 1296.9918031816428 -56741.34611274011
-91555.43381476145 1231.1652562234844 1231.1652562234844 -59361.00582502337
-87036.02035139645 -165.72427567335873 -165.72427567335873 -57198.11271653893
-91976.0236148654 -252.62355079258805 -252.62355079258805 -59837.48896733309
-90475.41623422685 671.9445831614477 671.9445831614477 -56493.3320561698
-94280.96945630077 567.3226709825568 567.3226709825568 -58533.097814551984
-90902.75250984711 -400.61670262127024 -400.61670262127024 -56936.30569961806
-94740.18939505324 -501.2855356450192 -501.2855356450192 -58982.220024571565
-93812.51466383431 260.9899011154854 260.9899011154854 -56854.80900228428
-96857.18335964698 155.34843232611456 155.34843232611456 -58521.994139048154
-94168.70872151821 -590.073924872779 -590.073924872779 -57224.31582473969
-97254.46474725576 -691.1670912012567 -691.1670912012567 -58903.05014830825
-96698.10764552464 91.48426694169707 91.48426694169707 -57474.45804053713
-99583.19617683066 0.14682746694599702 0.14682746694599702 -59052.55747173956
-97031.50072187214 -687.2616957676937 -687.2616957676937 -57756.13762892054
-99916.8367203653 -777.6719296115339 -777.6719296115339 -59363.473829869
-99179.83176517801 114.10861853095416 114.10861853095416 -58171.73504308665
-102353.10628719446 79.52815536686704 79.52815536686704 -59880.30542897591
-99336.15965748004 -722.1579297184212 -722.1579297184212 -58295.86771393961
-102572.55158591528 -769.3692059930572 -769.3692059930572 -60016.208752823804
-101751.1098957416 155.5190042156235 155.5190042156235 -58842.56423510903
-105084.9738027107 227.4093288718815 227.4093288718815 -60645.66961501905
-101676.01653891556 -688.7284777354245 -688.7284777354245 -58725.49777334803
-105002.31783820526 -616.2487497477232 -616.2487497477232 -60544.40391539852
-103818.89476208173 215.05392804178283 215.05392804178283 -59221.12855051226
-107621.80112363576 397.9188992999618 397.9188992999618 -61078.54371910405
-103596.57878653161 -568.0225171657767 -568.0225171657767 -58982.6012965688
-107306.6544764914 -443.17508855385466 -443.17508855385466 -60883.726740529724
D 640
14739054.58401992 -253785.055296194 3814953.223756662 5749559.388823575 -116445.56649220106 16323162.122781225
13299297.61179803 -272018.0600633516 3633838.6756777475 5470004.9226749735 -90924.5220997088 16156349.73278429
14621075.442274893 -454671.64642880415 3812424.9712707684 5738719.746314131 -243168.95855075802 16279969.936190546
13343012.015630957 -395512.06012261496 3650535.1963934284 5492475.566899871 -170754.39275560033 16194724.761861507
13315657.10605988 -163078.03751283986 3710964.7557074632 5568842.861017948 -87640.10969118837 16419975.277369194
12699926.403846141 -212460.9244339526 3613985.3294348186 5416349.931099444 -182108.17492321235 16119392.920385862
13431238.852418097 -401705.04265047965 3729780.0023475895 5601059.987482409 -196332.7387709698 16534800.59876496
12313556.571530068 -399596.8296818435 3574592.522632051 5354118.384964347 -241536.29035838347 16127775.203060606
13459815.590430742 -163040.03581905316 3754858.5616209665 5625136.701371565 -187766.43222401995 16436029.726849016
12498154.462749748 -96152.24945094947 3621327.2906022253 5408598.806257439 -138288.9196839706 16004620.897391042
13082119.917045582 -255736.7728998656 3727973.486240146 5569543.06866561 -238155.28280378613 16293324.364157183
12034168.385650998 -284791.7077872278 3557702.323069395 5293551.948556505 -260940.9494327071 15567419.145739542
12837651.151207717 -145960.16111381375 3696942.821899856 5514764.693056919 -164542.55819395988 16124900.291182183
12588468.800270764 -177905.54475625098 3636373.6824200237 5419067.424445372 -173816.53211273858 15792651.210644469
12495103.24416306 -233680.18414077343 3636935.7488853517 5421259.273312491 -219513.16886698935 15917495.414114872
12702328.14178357 -305723.643688957 3630593.6616550703 5411555.364783678 -214654.16549947558 15655717.649489312
12850237.723026782 -249972.1283783972 3707897.6584572988 5535180.880480999 -201249.15584506225 16279630.932582075
12929508.899802377 -288103.2958883609 3687302.5571178105 5510471.33331276 -165314.3643837213 16159261.072579643
12804491.893675374 -311755.38334990153 3695694.4153098785 5507135.689173363 -212391.14995735214 16032944.382057006
12608645.391627256 -331333.4168616672 3666726.296983107 5458111.715807612 -205881.08676234554 15885609.918231081
12774718.951467203 -272441.3264778851 3682245.776286571 5498485.3829161925 -130794.83866882099 16185581.196400536
12797801.82779102 -213611.23442512908 3709852.846424293 5533246.367531123 -132080.1743775372 16250362.533864671
12720865.207173247 -258644.1065460665 3686591.3604099243 5498011.091663558 -183844.9160185151 16134346.403544651
12676584.36267534 -324562.7696199993 3678859.5408367245 5483724.20941711 -211515.63891183352 16062989.460439388
12784612.856553935 -256923.58442436572 3673400.4480805146 5482068.149771762 -202249.89797880827 16041939.687464748
13002114.149967909 -278469.2360687466 3718584.039500397 5554789.769068118 -149948.3510175589 16284831.945641607
12702314.256674878 -255216.7253845331 3661294.4062674847 5468780.318441162 -196424.6442937499 16124814.257694451
12773619.984971885 -198219.28738679845 3726537.5783034493 5557442.722450812 -142320.40512768927 16391407.151643861
12662016.315968204 -339730.11414123396 3663622.783793502 5471115.644280995 -263744.9400718257 16160595.048278729
14082328.994440084 -152518.62307649435 3862423.7999814376 5790911.467679859 -174225.65884257734 16762576.461783024
13231077.915877484 -127632.59790995906 3726830.441022343 5577979.81157808 -210259.1637370525 16338248.173471633
14023857.009808796 -114283.3053933236 3890240.953744897 5816353.163313084 -175017.73896581202 16717904.986757956
13218591.4973794 -334292.84613098565 3656815.861892479 5503490.822825667 -207102.58786759805 16401275.402951306
14184804.831189027 -293412.13278114673 3844222.230783033 5764053.197531261 -76900.32495763066 16523369.900790539
13651009.519193629 -77522.7238013267 3795428.732543294 5687396.951778207 -19646.39077207508 16597497.14479077
14541542.815234926 -113124.0355115122 3930198.0427768845 5891323.105817079 -11795.104877859672 16820562.22086403
14903011.922380827 -244260.6204277437 3855005.7362356256 5811651.8243406275 -22475.388643863484 16519898.217946878
15218840.39966387 -242203.40070685802 3911879.370070984 5892987.6508413935 -79501.83173210821 16579566.334248189
14783080.257570336 -282873.9639637444 3873783.78624056 5827586.771003984 -65318.106212421895 16545411.679200828
15288226.648941284 -225168.35244450724 3901376.809144221 5885472.355263031 -43753.93428132304 16590930.47492612
14312041.379704364 -566014.5143077679 3738078.377113924 5633017.551877404 -290641.2444585533 16110585.023835236
13171378.436467271 -542101.758847753 3636731.0591995725 5460021.319474127 -249811.56716817876 16020964.231952118
14155508.990567004 -641986.1694155451 3669945.811861873 5538529.3695997 -417527.88595457474 15876269.989719953
13236411.447506879 -669002.3072227807 3568144.9901728365 5372835.043412631 -425821.97558350145 15721099.040960647
13410228.616868623 -560358.0991226609 3665123.336845339 5520795.265211015 -273232.8354169369 16372962.858576579
12841920.112309482 -524677.9652019019 3582557.2035848377 5393916.637180675 -246001.50107010614 16220153.635118939
13266922.203681104 -658168.5684290427 3609438.214383998 5445226.526677937 -344500.455827638 16229967.07989659
12952670.642675616 -640408.0615444494 3522685.9244435895 5322964.766235932 -329539.1286454122 16007533.610144757
13273443.499755466 -492331.8274978943 3720052.4106037626 5579322.605748132 -168608.03449408954 16471854.979994373
12808827.479233075 -488977.3833593792 3678657.709819772 5501275.379533419 -141597.7590849135 16286209.856952563
12727750.576843305 -602384.1809583153 3535016.1166036986 5327116.667840051 -241110.48473912262 16044227.68593613
12248807.576137023 -720894.5674476392 3468840.028135774 5216131.788776698 -251586.18222911467 15759346.270783711
13256243.894454993 -509069.7050629509 3721809.7948379214 5572456.520502366 -189216.9439034556 16313070.49077374
12819723.574178241 -506102.9082410537 3697521.486106319 5523317.474486551 -142394.58558709774 16301152.51989007
12149856.736967878 -613599.4956079728 3520026.25432721 5275629.795550143 -162440.48883972832 15922161.08478252
12185654.799696704 -773970.1257304394 3514634.385613222 5273751.472018953 -227684.5765271203 15967417.509320393
13148522.090498649 -475390.55992978247 3793344.1365491743 5643595.220409471 -165191.9461545873 16269810.74795791
12834729.189841142 -450173.45464277273 3739928.900576955 5568841.099637567 -90144.00934243664 16263655.853681281
12135768.512440227 -620082.9258600476 3574765.9147664765 5339803.126335388 -183164.3173249191 16015443.495489739
12251481.276501097 -719009.0031437378 3577388.5648409897 5344168.862112866 -191489.08179949762 15929347.142423045
13124023.116495375 -412550.4162743006 3825035.7968365555 5675991.011272675 -135970.7833924362 16245009.144387672
13013469.149385326 -485304.59889038693 3803307.7590686297 5645003.768044466 -71793.92587207064 16213832.218468715
12522484.246904138 -504469.8435797161 3651292.7784795635 5453632.949287348 -93529.29843485533 16221732.610430924
12382065.864085581 -567875.0253014767 3664091.392845164 5450630.1818300905 -145303.52830175508 16020526.655737344
12921938.13771882 -403566.3524883057 3810614.8153616665 5646536.680031227 -119613.77724587069 16175268.88693835
12760185.286250222 -452021.2479541319 3772060.570656268 5587974.670462427 -117185.52342864922 16013974.494158419
12667440.663044032 -416301.3668706299 3748190.7750341156 5559491.348739465 -57786.16447708612 16062188.386431905
12865358.263010811 -464566.9740681307 3793626.192929269 5629229.099868456 -85405.81942169507 16259446.99420505
12318171.71997507 -407347.387774263 3730126.8373569394 5522492.594767657 -150341.9504220051 16068889.13346239
12462978.086956894 -405564.3951246251 3705777.083592062 5505765.130495602 -148645.62883717642 16125228.325332284
12776420.226493305 -395002.6490471306 3798668.6259853127 5630114.890849275 -126233.51098196319 16255167.213616535
12881666.412014812 -402477.4703230924 3804796.993850136 5645740.599976786 -147943.01575192416 16327611.242362605
12214717.235286519 -458530.1167583157 3550042.7541811415 5295562.056233445 -234824.798279929 15595582.60231951
12187353.978873268 -331454.88443805766 3601639.6909816624 5368180.319713968 -273249.89342275984 15940178.881263591
13097132.074408848 -374494.92624461034 3770538.0596286296 5625270.700134895 -165690.54141544254 16456442.949172331
13284944.181868363 -281234.02082747844 3812350.29577854 5690093.804684826 -191592.02627753807 16645224.307923213
12103344.9425789 -380515.3832324272 3542455.5466785454 5283679.319215562 -289938.4910783638 15636219.181247275
13804191.232592873 -158288.72521647968 3807698.42520085 5712123.808139137 -30125.16028789164 16668919.30011396
14292249.583990525 -53255.210781212365 3929717.303767068 5873549.498271383 -119411.7517068474 16724959.329427836
15772465.021454148 78874.72891109111 4128666.4796870095 6188840.740377168 8726.16167898368 17173686.508289542
14116526.093080502 -785688.6894775074 3598826.4754754202 5455036.670951697 -532863.0917034899 15810024.404752165
13815158.55647203 -843448.1416278328 3535263.744425727 5366125.79224473 -539540.3315207035 15731554.31763788
14137141.30260245 -858531.7610424088 3517340.618372542 5351258.785998007 -583369.1308768501 15506540.245659951
13461573.110248536 -861079.5478318565 3454570.7440983197 5234122.369230523 -613158.4226044898 15220317.015813114
13478832.500301132 -823685.34780875 3567046.0905487053 5390577.202078879 -499854.45326047955 15857696.831525363
13674576.539920082 -819666.6593794487 3548728.8399173543 5377558.5230969945 -521118.12695480435 15804558.576473698
13415140.343269855 -932014.6092835779 3483157.7853803984 5277389.73998194 -628339.7265911596 15503182.329040706
13204220.276773991 -904588.2316687696 3412215.7719631847 5175992.637602964 -561686.8894118955 15246884.865853969
13627242.615294743 -778141.4161070929 3580795.3278352926 5423379.532401478 -425560.5642698919 16062850.119015817
13989000.217906022 -900310.0787921229 3516855.1944989054 5360519.444959745 -548724.0029576748 15850573.13097024
13262083.519773208 -951443.420479953 3414547.9846245716 5184542.880244973 -643567.3240977104 15308716.988704484
13183954.098538138 -1051661.473808301 3297420.323912517 5021602.687551371 -712826.8801736388 14704852.04668885
13943016.580283236 -857756.2593675961 3596121.819613438 5461636.028366681 -468704.677117933 16175023.446323995
14044022.799201708 -957666.1679554498 3518049.1217703023 5365372.60664161 -588920.3959622777 15866347.973497555
13149622.67072321 -1049718.2128713145 3293299.476072801 5016160.341667137 -682011.3133644694 14720995.249355603
13407532.825675787 -1097070.6824323116 3303447.958476556 5044879.171500933 -786238.3864307813 14814193.865747124
14250440.648517529 -875600.2641310424 3627694.4725179863 5518569.895387659 -446142.1334960936 16311678.30033976
14118029.337594768 -892753.0450655778 3565212.5746919215 5425203.405946076 -409085.7833044687 15951361.445640776
13341238.573416198 -1102192.7533163698 3288863.6057345895 5021016.579087988 -789740.4122118913 14724092.880624298
13436604.432822391 -1101950.204074967 3260205.8173471508 4985169.826799136 -765999.323306663 14542263.683378957
14385077.849693691 -841431.9561202417 3646474.6649183473 5541907.141929553 -313345.75694050314 16230621.594698772
14441828.762989474 -824838.5470288391 3533375.120119017 5401316.602714827 -392905.138848988 15850249.657980513
13169530.872967802 -1128214.6544668803 3180149.5621369085 4858137.015136373 -768448.9183729452 14029918.516856264
13498456.001375422 -1081341.5583465444 3155055.6925605703 4837303.1556256935 -737422.7519461268 13836381.338227047
14239805.519284643 -872067.8940125344 3544952.2216012087 5404367.280090675 -384515.4300841674 15858589.283904916
14357406.079238327 -867851.0942839052 3611911.9208052084 5504569.934647593 -247709.6595354884 16271929.9606312
13237957.020477057 -1166946.8994370562 3060779.8249147856 4701475.658107053 -792384.718146722 13454398.538019938
13327396.01854176 -1108567.7709229144 3131333.327442493 4804485.247425259 -625534.5584197642 13872974.151246708
14214359.922383014 -874616.2205305513 3605010.764330305 5492704.587736854 -284221.12697731744 16329486.04088841
14141701.926320532 -982419.1128134634 3538658.538719875 5404030.502954412 -529716.4197885287 16088417.500872815
12663028.085819682 -1210365.9654153003 3017939.167315695 4646691.60748536 -753717.4152943642 13876141.361857269
12637033.271215785 -1175264.0497367887 2842535.725084353 4445899.7362183025 -818924.7800974358 13745175.01043175
14638736.795052119 -620526.3122212955 3706642.7375371247 5605692.749632981 -225917.44146141649 15928974.261108274
14809022.04304469 -891087.8389143599 3556759.133342909 5443193.316683477 -481919.28537941363 15806142.577016365
12790411.175743127 -1147178.329732422 2903833.834816973 4480260.3578459695 -886154.5011377882 12930450.625084387
12541759.399232635 -1188538.2718586156 2805384.525837869 4365581.676833973 -827910.4978784922 13051413.92955621
13932796.054641359 -880422.7569484533 3574587.1011577747 5403330.778658191 -498973.3275141153 15492902.00667631
13496132.107494654 -872470.3120377813 3287803.1594156125 5050001.77684718 -491252.4450830942 15172230.128034664
12403504.16138013 -995953.564603703 2843757.9089035955 4401365.0157093555 -767861.5902861925 13061121.63975482
1460124.3475844294 -461745.5482540516 436685.1548544217 636505.1812283193 -517744.46993603156 1662905.827096697
14386242.443537991 -771664.3670323171 3486680.0424148683 5302416.438786481 -563037.97334185 14955124.586947825
14087409.665181272 -870665.1624549313 3402807.217717261 5186441.623360372 -605805.2126155018 14779662.998418933
14381840.6504794 -773814.516701742 3427246.819279967 5213446.250229097 -572992.1709301281 14487653.567672152
14295129.816746527 -831961.710550147 3366913.5713871126 5128845.951324222 -631097.6088495435 14209689.99138764
14035895.109948028 -840677.1997056605 3499322.150529689 5316969.840338362 -598658.8969196909 15318413.659809072
14366478.581441266 -791482.7669271615 3510391.8274681214 5342016.598096288 -554390.4768745552 15245232.218075085
14150033.012050623 -870518.9331036 3436029.9484782983 5225698.714443647 -623283.7489681786 14771281.628592284
14338304.52175634 -806103.2907265137 3406151.9667855566 5192448.710075803 -612530.6401490183 14575325.731147062
14470048.29370362 -814225.1572732461 3497537.2506534415 5327532.415499286 -610608.2491638554 15134780.028084839
14533405.0178958 -814196.6835136147 3495356.2369463453 5323500.465186655 -627733.7510010825 15038766.57906688
14352708.109084196 -821874.2182674063 3427042.1402698616 5218212.706191583 -691298.9605000706 14616618.475954004
14450466.458129015 -833722.5440285056 3445233.351711994 5238820.610656667 -672386.4303811756 14530811.503484365
14645629.189104449 -794270.7107648094 3497580.527324603 5318866.832363393 -643893.4532649057 14784935.496694697
14889757.111704718 -804176.6917115395 3553108.6336247856 5392967.178548199 -644611.695558233 14801196.074610941
14353564.859564206 -876765.6176984233 3395224.6234779865 5165428.222409059 -768547.9239101061 14260057.487444747
14760842.085314395 -810698.6025205925 3450350.4892223477 5245315.185761421 -708332.6616952724 14237750.506218892
14851555.743777722 -756964.4415283854 3504764.772432066 5317129.734122298 -666331.5281280652 14386213.473099811
15098415.184238784 -730872.6929868726 3531992.406654949 5366480.9609021945 -613379.1312258338 14527370.682158139
14704232.662815424 -781200.9774245686 3408859.986822982 5180937.223565345 -720921.6248003301 13919591.672213184
15102255.217193702 -783162.4679597449 3466560.761555799 5264482.501128916 -737529.82652206 13923057.697633045
15286694.017798973 -693056.415800267 3502221.035372189 5320754.414628488 -653865.1758751344 14079531.315593448
15409556.863146884 -721641.3414690803 3525454.181070527 5357094.945903939 -714171.4694823172 14172349.907044085
15113353.892206088 -678095.7043256487 3447136.085837631 5233066.751799684 -681813.8788722532 13710987.040528882
15378317.46683987 -692286.3520623962 3479696.0563983135 5284908.396341142 -746655.1783209379 13766536.952651916
15503187.593970329 -618361.9086433178 3525874.7373792194 5343567.802495848 -642102.0264743139 13798924.127017695
15502112.066657206 -608704.6118507556 3528586.0526453303 5347131.185312284 -631244.8989891693 13811618.342810763
15427655.686279146 -640045.6848278423 3503976.670259131 5294386.934337833 -710849.4959161588 13372596.06082863
15438639.350578152 -637149.4057816695 3502539.0150833945 5298619.276190306 -712435.6908637562 13477887.618134152
15447674.752124446 -521320.83816986467 3522016.9331000997 5331867.182807511 -503612.8074849944 13705296.220522024
15317278.217820091 -524673.7202650663 3499475.8943477124 5292461.527484534 -485843.9673991614 13543482.546288013
15332567.264194947 -540828.8796097582 3494096.553494378 5285298.168375574 -553812.0844965712 13503271.785333447
15283424.842175666 -579506.6834423869 3469375.5743522868 5247599.14024005 -568518.3500795091 13342295.15199777
15359951.230082393 -386611.8405143922 3526140.405911536 5333627.67141072 -377762.1479544799 13737513.164209446
15175059.96020409 -417091.27433069865 3484581.927639825 5262616.820982479 -390278.4030630149 13416473.94053415
15324875.05335227 -434356.2478461813 3494252.811404814 5289264.796596505 -435488.72374916816 13586858.857386446
15171593.093087632 -495882.82545444294 3452353.2841628306 5229066.160225739 -478726.6715694788 13457957.662448298
15304638.76957096 -190626.03242797076 3684902.6134368763 5567790.137836779 4805.583125362426 14983306.010651905
13792230.316030497 -121352.93854706534 3468225.940980215 5248545.410434653 -3890.979530486869 14877706.958973616
15245253.522665085 -309233.2335911513 3635594.384606217 5489238.877889883 -192066.77436261348 14556447.34669764
13260358.521702657 -667083.5527139559 3297774.2428221577 4999298.569208449 -530265.5984494982 14174579.412330095
14361715.622470353 -764701.6347002729 3448968.940926957 5236045.712508771 -592923.9505347149 14481881.421982147
14336076.672253996 -736570.9052290514 3424165.9105332033 5196683.099918557 -578339.5410833815 14265934.718912553
14183450.39931496 -815740.9085517226 3400672.712631706 5162381.493737941 -651024.097556922 14249379.379373305
14264718.394971123 -845493.6029656804 3424633.8078117208 5195308.614422192 -678755.846347319 14299509.576444851
14416174.827843064 -835441.2232789041 3429333.977161295 5224539.533696887 -699588.6150698622 14629267.930889217
14470394.384315666 -806107.6584211226 3482223.046142081 5284312.1144166505 -654297.7270351531 14606940.429268623
14222889.740351146 -846074.6769547511 3407641.1321457047 5175799.9788506245 -705500.8873337946 14325004.489600763
14332270.920139452 -789919.4705364576 3436648.411702764 5219166.994427805 -667717.0232573533 14444803.511257272
14493935.090304434 -778603.1475257992 3445682.473294515 5227391.219740262 -712241.4217315924 14248874.506093582
14972622.915204654 -770905.6748589897 3471016.374047845 5278731.760932437 -692691.1964415039 14239651.70575244
14596923.16425143 -729313.100531627 3444647.597428875 5225118.699655888 -665245.9017893964 14123203.303782033
14814593.621093627 -757448.0194784699 3459397.398331104 5251695.534059476 -681559.8133449834 14112573.908214519
15020210.719068583 -667265.0991903346 3507529.0888566254 5315064.547458157 -625001.7970358387 14115439.828678345
15201770.816610616 -662759.3266467586 3513968.193561929 5331334.33008907 -641655.1401637734 14117615.03078083
14931814.471169919 -662572.7920038518 3456437.862745556 5238615.842648135 -640463.3808114186 13798868.909266744
15290613.209536383 -623549.9106949165 3485446.8590905727 5286602.343878003 -634325.4104461925 13761602.248338586
15535075.640771875 -587336.9354786801 3549474.5956558012 5381068.826552307 -590052.2293497727 13997859.569454674
15517946.401007202 -612154.5044263346 3543125.4521627217 5373269.536931725 -598840.0236931829 13998684.142129539
15411258.847539121 -605825.5497671075 3511960.156389353 5318160.016213838 -645886.1816520302 13688817.804323686
15524163.252357796 -626579.7900931098 3545422.5488334224 5363538.184667837 -652278.78261936 13747304.079490867
15474696.264728887 -546291.6713378181 3527439.4572014585 5344425.337966973 -570687.7323892864 13810142.29346261
15535937.240566712 -568555.9731768742 3533641.0315218437 5351673.727445562 -601019.5159724334 13757434.41535457
15367721.692502813 -528718.5205333419 3488207.030939586 5276689.991962597 -569727.3231120439 13425523.261003839
15443362.610272069 -557949.1256420161 3510115.77720287 5307257.353847574 -588534.2096906388 13479237.090973621
15450748.263204692 -450567.2817344274 3514525.801777805 5310749.470080913 -449659.9045228015 13444673.301341025
15447592.30120586 -449975.1905976013 3509741.4985959483 5306015.133845571 -450201.7904163212 13458397.219230736
15435798.521661663 -438502.1265581556 3512180.524374059 5301033.826813338 -452177.7393960898 13316906.247000061
15426064.85269024 -451718.1288307947 3500930.9454904217 5284441.758634245 -484315.41367971804 13242289.296570417
15472519.807720488 -324047.70447903045 3579414.165489757 5394341.872460182 -244910.91226378293 13667205.833395664
15441698.09092984 -312327.90049231856 3557080.1473504663 5365007.086995053 -260308.3878539608 13602680.2445229
15459521.513729181 -327100.029812687 3577731.3537854333 5391736.129068433 -267169.68573590915 13665111.101870604
15461309.03405914 -341968.7845477908 3555154.284128192 5361753.6187980585 -315135.4923045929 13560368.882562414
15321632.57757652 -181683.81755551297 3576863.8193445243 5387781.5403494565 -38172.297563886474 13742993.899528436
15219631.003420958 -214616.62347176656 3506826.102651312 5289507.220019113 -55975.60178004992 13420338.653646382
15388315.710907012 -238244.8341577041 3595228.0159080396 5409403.020692504 -140325.87174662316 13704728.140616534
15079801.035442455 -275103.12541185814 3526787.076242044 5303221.228227503 -138663.13491524966 13395307.477610912
14973373.503153153 -35456.12408666837 3543618.871228857 5376901.695974409 201752.53896860295 14605044.875659198
13647487.401671834 134545.92956515955 3292384.1992433197 5016211.807421398 334919.1215992098 14244295.899298094
15245943.181123566 -257883.77736700713 3669216.2593271784 5530720.028275637 -64432.38083915579 14645699.264982471
13704122.922837656 -330389.5107700958 3357640.7750357124 5087333.997302991 -132806.52800542474 14174459.825814398
14384612.686092658 -852736.6791119401 3393573.59021383 5162306.762645286 -686696.9803920705 14202903.181242166
14692402.522662446 -887087.8808761396 3434365.226297455 5236495.476609758 -690487.6874296097 14481471.615884285
14316979.545881515 -902151.0734402927 3337505.0804851423 5087082.127943166 -780499.9855697264 13999550.845692763
14421010.027561737 -946375.960775754 3355491.6907406235 5120877.849431875 -770482.1810862304 14175729.347476928
14240612.491195077 -760960.4738633339 3401486.538340086 5156628.2858495535 -689599.1288738515 14059248.965478601
14709862.96633687 -736774.347816939 3454696.375341129 5243409.443685896 -666476.8003900009 14155005.269422362
14398022.823289197 -780013.0544156126 3383044.002712004 5134435.444939538 -733225.6863404827 13863717.636981035
14807910.020494686 -771010.6326642227 3459725.38504944 5243150.4682969665 -694728.2514038491 13941140.50914508
14902173.762533747 -644440.9964801265 3474863.3088871706 5264241.611594787 -652674.3604540124 13935665.27195511
15250788.510064723 -622978.9434912329 3506976.929581109 5316009.491661447 -631620.731455855 13915908.45295901
14785004.883703992 -662479.1187249116 3457712.9335898818 5232723.265953942 -638678.032327445 13799775.475757562
15195410.313326666 -617752.0351101828 3481804.7650534487 5279975.269891839 -628237.0358571373 13804389.745438555
15381690.894474106 -574238.9432797553 3514728.4647208476 5327198.915297461 -626552.8199422123 13838260.778961495
15427898.669261064 -570545.363945045 3529795.553080729 5355546.8325565 -585688.9806003711 14027535.463538755
15273490.23860395 -562346.1721257721 3487651.195701005 5285174.398698917 -587655.1106179502 13701671.046930462
15417914.147507245 -577457.523911981 3510837.938373334 5321211.638441957 -587599.9538290021 13767883.658718484
15394979.682311228 -511595.92374026653 3501816.0019143284 5304444.726752127 -562418.8764468654 13653962.61551455
15456925.750175664 -518201.8001145446 3518279.6859120247 5330304.091291345 -561107.1750196512 13747002.77320332
15370780.579020053 -522362.91693324235 3477764.6196843064 5263062.132202872 -540095.8464697993 13379640.221973032
15381961.204377849 -514500.60047888564 3490340.163702929 5274979.593699344 -555108.2332615858 13330146.817909392
15451824.238193262 -411229.3290079543 3516955.627883419 5304601.158213804 -423762.151855037 13267174.908400768
15425485.127190711 -421746.84819348 3512477.7948804046 5300058.483113935 -451581.11669928307 13301172.829931725
15409623.17285152 -425856.24046348117 3510383.896823887 5285160.265739802 -439594.001640514 13065136.184028225
15375480.991258482 -437467.56936855154 3501176.860801707 5271494.774991987 -439515.90345328505 13028523.318908425
15447005.999951242 -318947.2242972811 3580194.5095286383 5383732.721237391 -244723.12446028975 13463369.026663056
15454345.030609395 -314425.76692033623 3584787.0548441117 5395394.830606954 -229935.64455554305 13588236.18630502
15441843.354819005 -313571.2250930287 3582698.8949352265 5388669.735872559 -230874.49050854048 13512175.462578027
15437541.840855433 -315867.4457831061 3569200.038194358 5371552.518321857 -237645.10303791592 13471107.465619257
15470787.095019719 -248819.25882112325 3568215.902652855 5356945.180923755 -102077.14955829093 13167366.445734564
15404352.306745157 -250482.8683545809 3549564.473708962 5336338.2278992655 -92440.63751980897 13231993.545554787
15494383.229140174 -291676.02874015906 3591704.1287549837 5389717.991840046 -157765.74237565248 13282485.576967347
15437706.953188365 -282008.98693447845 3576403.0378850345 5373488.384891367 -129900.73663970042 13351193.667172564
15313199.177386144 -62916.06698400653 3550943.7833929905 5364411.347999662 184710.85806715806 13854264.212603731
15070924.100376088 -85408.18370657106 3467154.5628727116 5249689.771147199 169739.07846093355 13645470.477107616
15344682.869333979 -185168.83237247026 3578969.81605957 5397577.193496512 -32965.3207649408 13869524.847105939
15131558.891643686 -242026.31044789366 3524209.600164086 5313298.995849247 -99591.88638412415 13601809.54158606
15090740.515981099 -128526.04816048124 3610218.6676780256 5462896.130428939 120621.27263003452 14742371.035892569
14307353.256386422 61385.80704811177 3357527.899690576 5117423.308468826 286973.7958352294 14175498.858461874
15201988.80519136 -237033.65073242178 3660895.6894702837 5521238.903618299 -41405.989235521025 14683084.016427297
14919453.846201226 -246109.86087042416 3525301.1467037685 5338019.644297513 -78689.35314135584 14284313.712091992
14190461.748107892 -902798.9428562439 3333885.691915705 5072890.478570755 -780088.5929810476 13921862.192967856
14578338.68353611 -892254.7819029617 3418730.881319588 5198664.651072745 -720136.5116902788 14182874.578942483
14059057.282549152 -877925.6725304347 3315362.427212165 5040190.345938335 -740997.5868384703 13806775.883495819
14508490.750474446 -880880.1942141438 3386588.123085233 5141862.843652561 -767715.5902124792 13823826.994378306
14642351.35619124 -722522.7797204928 3425650.7725928207 5192392.16077992 -702461.1951100011 13841174.477396173
14896438.666450212 -637814.475409915 3470787.535771849 5255423.537894788 -640021.8881929814 13854705.939230427
14655189.020198518 -683967.2425395801 3433539.1740787136 5198678.275545855 -652037.2922134242 13780514.279312246
14743838.929912422 -667799.1603159086 3447509.792468981 5220328.091692203 -654522.7384316811 13817507.108960584
15117028.864334492 -614864.6530729987 3486371.923506908 5282434.043265497 -615128.4882633757 13831469.212337472
15378428.715954969 -567446.0291994322 3513166.9262566767 5324843.934406034 -598759.3979682919 13828777.102392338
15091255.142987527 -582440.9954269758 3468841.268674958 5253509.328370137 -622162.1025823347 13664422.998252366
15274485.151282296 -558227.6597324742 3498955.9762930907 5301757.058356198 -574006.7577516424 13783624.067092799
15334691.492905127 -510931.4835470993 3493618.550669382 5294232.979825436 -560099.836824823 13690359.674706308
15436071.69189751 -515594.0272388934 3513195.0861031986 5320663.368122811 -570344.3062594623 13686903.507635482
15249707.922477432 -489924.0287450638 3464742.8670489574 5244353.560055474 -527382.8927026831 13413019.858755369
15346528.48787882 -518064.9055244505 3478182.871803975 5266355.154482391 -554967.1299390857 13460551.132084291
15342428.354953138 -423341.0733750021 3497819.781928682 5272509.819905142 -416243.26293386176 13155732.57562944
15443766.75180225 -419597.97411295585 3522056.1755412156 5311062.850275551 -419487.0930559012 13292254.124440229
15319557.199510464 -403799.9302056598 3501477.3008160065 5273882.050573479 -416769.6741375022 13125582.902742341
15440514.563980527 -432820.02228327305 3516114.778491591 5300020.604813109 -427958.2674401232 13205372.111160863
15442487.935903113 -317357.81426704896 3577267.308043281 5380094.810341134 -261306.58405168905 13459527.280290408
15437522.686520653 -320221.65674835705 3573997.4957297007 5378205.942667058 -258508.35737080613 13498651.022681125
15437463.407639652 -313806.02197412803 3572038.6072347015 5371572.845078017 -245090.51454052472 13409143.900426766
15444779.618597038 -312035.2041645243 3569655.7714844467 5369953.547130363 -247205.49212755435 13421864.115320934
15480860.298959522 -298906.4177838099 3597841.236373249 5392800.024132269 -162353.83512169644 13222632.768928153
15473259.285692332 -287322.0648824244 3588030.6541838325 5380201.921882657 -148732.77475956688 13194104.52131512
15461316.588087875 -298105.2185959834 3589642.7060961956 5383152.351997961 -172906.81764946043 13229590.702289265
15455776.461319102 -296757.9476476028 3576651.69257412 5369415.3043337 -157846.90859201047 13246192.162689839
15378392.093151048 -168886.73734027625 3542325.7740344233 5327613.614834967 6163.071243002288 13242712.90657526
15227320.759896202 -159573.3437101778 3500115.554240508 5268998.421642252 5764.8494656685125 13150105.145929143
15381371.15593624 -205553.14094534275 3546216.52416856 5330555.531838512 -60232.21947545705 13212975.712354783
15200259.114110785 -198782.3805164692 3490788.1700805933 5253817.614039363 -36850.05874899542 13078753.179273287
15358123.622371584 -91904.48598731111 3583050.891824935 5417043.937434276 149294.8893440479 14155635.118237913
14865551.786486141 -65727.32029334316 3448795.721605127 5220395.909129044 183437.57695256418 13668859.994297592
15351505.001270147 -150779.20529384897 3589670.60274633 5411765.943753504 39188.7566148554 13911060.344805527
15036189.137624558 -143959.47828237957 3492447.891693435 5276747.38865138 41073.4643754181 13664904.654813103
15108354.978837553 -157354.2795882428 3595595.9664321286 5445793.425749412 113479.17466374736 14704401.953996569
14797253.240529738 -6501.873000736725 3476763.5239012316 5283686.954675935 184803.31865586212 14387687.564394893
15186761.455800882 -250491.50130326478 3645997.7819574093 5494927.148307525 -96121.41669118243 14499830.228501892
15124020.890678678 -240685.39905133797 3589701.7912358446 5423072.174601115 -78805.14143117378 14363983.014721008
14156900.948117308 -850402.4553469933 3334902.2000123 5069632.607756351 -739223.5859192868 13867902.400264626
14518783.535945663 -905503.7429860544 3371608.7242835388 5126849.067209704 -795891.6271285173 13842805.551993059
14058554.187876388 -828920.8591700939 3339874.1267623696 5050608.089083365 -746940.4870656367 13476376.325272843
14394935.367584534 -847473.582994464 3365772.4748858083 5110063.304139972 -783862.0691770939 13759335.906082166
14849552.39453737 -652928.4676321319 3461898.9889318296 5238732.981065845 -663875.1882605737 13763329.023049926
15092317.162418744 -649688.2644847266 3482553.0908355736 5279262.350509225 -664166.3693700415 13876761.437914941
14827560.980651762 -611851.5942475325 3445807.241947187 5216507.233366268 -622281.8010064136 13694823.824049156
15103775.407934804 -613229.8769178974 3480985.357323015 5270914.660959146 -617960.225449385 13732839.459382052
15022486.610218603 -548027.1534470072 3465989.0068857917 5242971.196833109 -596844.7554306332 13585178.637622999
15367591.872373724 -502814.17667120165 3506668.5659653777 5312172.015830844 -561107.0534821526 13729139.564744424
15092755.470387163 -500342.7830427017 3440530.171358914 5211943.811472285 -541111.0798284907 13454456.561266774
15220271.939191993 -506341.41685229656 3452595.7406875566 5237741.850042182 -532628.7664765778 13577458.421815172
15214581.304256128 -448447.96313926193 3444545.1566247162 5216076.390609095 -443480.38320309774 13326952.772302832
15317269.23430941 -422705.10315426067 3492486.4420541767 5279371.906939198 -423100.5981561719 13435466.903974798
15214221.131091982 -442868.8371362731 3459040.710238213 5234157.915459707 -421434.30359082884 13370041.27556083
15323422.204207633 -411148.8369663619 3500897.1677981773 5286796.162811138 -401928.7122401081 13392763.092383958
15456793.408734864 -313975.7024335476 3566828.2217745115 5369980.707951509 -248283.9884925474 13472599.635245383
15469954.328015393 -315043.5432831053 3578589.358098796 5384390.371011812 -263960.4878161984 13488886.966189645
15485916.067800395 -293837.16019232717 3583983.6645643646 5389198.427404921 -220813.3218879027 13450411.646485267
15456617.256873831 -323915.3212453436 3576023.593474606 5380847.811660249 -268839.5313019996 13487819.69121585
15439759.96773716 -309505.04795365606 3565699.5531126177 5353941.899126059 -193590.5224003253 13193687.630634854
15454474.874430895 -296656.14228593645 3577990.2058472494 5369409.1967620505 -176113.4342993467 13217924.308582406
15434857.793244537 -316677.563275993 3557354.1533998023 5343122.945645959 -208334.16352230526 13165809.535228265
15455960.693487564 -296211.22117290593 3577946.457927361 5369409.295505584 -175577.10321950307 13217402.909319917
15373328.74634466 -222935.1702434321 3530138.00604126 5302150.863199783 -62620.54745516883 13006652.162280008
15293753.501257438 -183875.31981380348 3506019.512063226 5269294.858962697 -33734.54589397347 12959714.184564862
15388061.663081078 -243359.37876995254 3536932.5666610254 5311871.867848609 -99616.6961769872 13036859.004350446
15404644.343284482 -234588.54640087334 3541047.1981286756 5317350.561468521 -78336.48641230818 13039328.308141414
15304818.499680473 -135275.8370068211 3502229.899330274 5280723.791243679 64573.893646821394 13260599.242880486
15094915.096307 -97540.74793018104 3447609.5999763506 5206030.907362246 127837.16718764773 13178291.47765093
15329730.469138917 -187185.48025452896 3512726.7274492714 5291743.214860847 11024.745184729682 13225145.565338764
15118012.034154665 -154774.83479761012 3489776.590183725 5253306.626743612 57.68865181697458 13173035.23351365
15335117.497610163 -102574.89912007903 3555089.0529364552 5378076.399442386 153638.54466205934 14014451.009118868
14865160.510241102 -63958.596359511 3447307.9860808216 5218346.901971658 190527.96365342295 13661001.292506019
15328617.648342153 -126264.6197166736 3564660.120799914 5382157.215634742 77822.15308333245 13892003.774874834
15060735.57079355 -142851.63804494456 3505753.4206281896 5292577.671577844 77398.48647654013 13664242.299235439
15087728.01604276 -154697.34174913142 3586170.765502367 5425078.514753615 80187.24323166051 14518084.906105489
15086611.364340348 -147085.30911681216 3567812.3492648853 5404901.202144399 74873.48630074844 14519540.571797162
15142971.100803584 -232379.01541635348 3595467.26425737 5426404.87585263 -50992.00119955421 14284846.454324357
15123324.171298616 -235514.07459038578 3593046.846406942 5423968.487826971 -63331.58515733214 14309014.889455335
14001123.861994686 -821342.9787468521 3319552.871583103 5024228.582375117 -769628.9026628779 13453284.097696103
14580596.835874258 -804139.658667713 3390610.1673442917 5139884.660829849 -761134.1732375878 13623672.313891763
13853398.113194875 -803096.439185651 3322532.96309577 5025953.234817213 -755544.8606149539 13569940.982059397
14417742.463957988 -765939.6276559829 3371889.021468683 5116599.40413334 -731479.1541029084 13732686.76446879
14959175.052379798 -575249.2748842845 3451121.4584986786 5222882.756983419 -620742.9202919699 13573807.492684122
15110387.050327586 -559746.5050271051 3510635.678102816 5308081.957999165 -586800.4604447684 13817266.67220796
14922039.900997555 -571827.9554153883 3436806.3137584915 5205643.87553824 -602881.3007734077 13581098.219725983
14908175.284222176 -547711.7958181608 3442782.722682909 5217985.480185217 -561413.8519990508 13710313.942441672
15086629.442250518 -490265.23865973356 3434173.786273102 5202197.619455723 -461988.9919805504 13405499.232087221
15140337.752114905 -496170.08296617976 3445992.30815268 5223439.758518798 -469674.1468540078 13516626.311113048
15094532.286864785 -469538.16653985844 3435275.1559691755 5202545.456083878 -447128.02213369455 13380323.038470792
15188535.343828917 -480451.0951401948 3450980.3611424314 5227916.09913755 -453231.5244852006 13448218.412781073
15142364.967700047 -420128.54156193184 3482048.7531306464 5260806.243419243 -366821.744277985 13468687.032852642
15336815.299745591 -375597.954113442 3524117.0794736943 5314019.895851801 -342612.4673733229 13413006.621054592
15148105.130292136 -419856.2078684985 3471748.740637776 5243417.367562756 -371547.75505784596 13341769.665213302
15370402.897078568 -386607.97414425644 3523154.9744527843 5318057.537554226 -341316.45576868806 13481338.185262207
15458540.614822723 -315156.26978326705 3560442.3228591657 5358029.185605043 -213269.55605798337 13372311.779855745
15455247.07324214 -316103.513918212 3560648.087214611 5358307.6370131625 -214122.7625772965 13376647.554375293
15461166.241994195 -317305.96756044944 3560492.006361271 5358174.031193029 -214997.69199350246 13371490.021643963
15457926.153263679 -318266.772987813 3560684.1734082703 5358440.507959441 -215878.96837834394 13375831.969300946
15456467.161506897 -280250.57246422867 3566317.089864356 5351183.903630174 -142050.2106382003 13108234.71123241
15457893.43506373 -281741.48656281416 3566294.226125893 5351142.29798756 -143177.3756986874 13106479.340206878
15478275.659610989 -283402.3380129772 3580597.976180635 5371029.260546042 -141117.77641197082 13169153.863723457
15479610.55568016 -284915.7241260514 3580598.7056820644 5371010.5509267915 -142291.64951969378 13167428.732809931
15319749.506147841 -177355.10487604863 3517392.9396000067 5290334.02502967 -18087.262427020436 13104286.066290136
15309959.19388922 -193912.2425480927 3506082.7876687204 5276169.500174564 -16518.31981320143 13079609.21399583
15378778.005280048 -176989.22875212235 3537130.5623517833 5315077.912219158 -39408.11434819549 13105907.632307122
15323422.221184975 -194142.81038252014 3515964.406123966 5290086.705589442 -11720.403917851389 13127094.72020043
15274615.385753013 -106581.57217208308 3493590.0758665763 5270597.530518661 119001.65226427317 13278353.241474349
15139357.234369375 -96677.0090883421 3458435.3546870234 5223712.452900942 109224.2200916202 13249313.70390595
15267912.650981087 -141033.66551482523 3495374.160216784 5274056.322441424 42378.720672298856 13314981.99464935
15142452.876894467 -131028.40486066404 3460987.7360996623 5219191.195629308 58250.13590672689 13099640.588244058
15308067.890465552 -106310.72444584339 3526058.9068485904 5330189.938720171 117685.91110185804 13722434.672880556
15164808.45848997 -109208.99893685732 3479297.2183491113 5270004.257862493 149734.21313887852 13690737.467085185
15316304.275516296 -134710.0728929352 3542064.4900002438 5345784.379023038 61066.08224590766 13673964.320354588
15121677.014690751 -147280.4361971944 3506533.5905567287 5299716.623657346 64190.98984687884 13728916.131276287
15087443.394595467 -188540.4826028077 3577272.4815581515 5409293.202399875 28044.382090388142 14398425.87960385
15048235.974026728 -186241.3535757963 3544149.1882277867 5360042.964067033 7327.774615999745 14181340.87998494
15124345.089926463 -235108.3947456358 3571408.9271085258 5391372.372609234 -30037.098491335633 14132105.828010205
15050344.125063235 -190557.72039630756 3544363.8659143965 5354706.500938061 6680.826818102103 14067780.626408467
14219480.807585318 -792163.442955101 3336489.9753938634 5065942.19898022 -767234.5755410423 13696583.286574222
14450755.732175134 -682883.8721925493 3399396.6505533415 5147808.747137702 -687967.0288738125 13718692.50852459
14324961.90629342 -734754.1127932298 3354092.4216432786 5090616.886483378 -691655.7259643604 13697342.0833567
14564013.97881948 -636952.3869499394 3430740.555164148 5196048.379380026 -643756.4196883824 13880660.919427209
14939732.796194166 -543568.9147263994 3455864.282389746 5231130.79521015 -563259.7153279808 13653868.414859712
15044786.823312744 -519885.3461725937 3460823.214963149 5245638.144400272 -547371.6874247426 13729864.886338187
14930156.445795307 -528146.7339412324 3442400.960505083 5211512.440005912 -543417.4437054197 13567270.670434888
15116257.459682198 -499346.3560072709 3469286.698410051 5257948.247943186 -514091.5542427543 13718399.802125184
15006031.495464403 -426186.80514148285 3416965.131550842 5175991.005496984 -407710.48355551186 13340555.401813528
15109428.130386017 -413456.59273973305 3455033.267192125 5227015.110853094 -378886.2137606008 13420141.924014091
15052104.684439437 -394399.78244513297 3449987.0698303147 5219526.021974014 -361619.5322031119 13438699.930988265
15127028.443722885 -401533.9698239788 3464218.885924051 5238859.01206996 -352634.93688319536 13437336.039395772
15187658.522470064 -369435.42376132705 3480971.2684943164 5252432.24731413 -272628.65061688813 13279618.288009495
15272321.339028038 -356069.8315173479 3516769.9511583527 5301518.51046223 -261714.13163319146 13389109.70857464
15250287.441363037 -366858.3844461116 3490895.211543438 5264419.594207969 -246682.06499276773 13238409.568718145
15219873.352323445 -360460.4383576954 3512326.375177878 5289678.895452354 -259867.04936309284 13302524.07328518
15310329.878967676 -325809.0322596785 3534330.8415254075 5317347.754904959 -194456.13038392607 13281346.483447894
15439476.487254933 -309919.4083823741 3576706.1515226155 5374927.902248662 -146337.39981258253 13371545.999622554
15358631.246781942 -295458.50944134867 3568951.048287545 5362044.201234299 -163362.3382160187 13365329.496477678
15444432.118434228 -284683.0096700477 3583366.7988962657 5382633.002967686 -139795.5817902395 13374158.132409541
15312941.628512383 -228516.98228186014 3530536.179497054 5304687.929639483 -90797.39142497064 13109020.792821081
15304122.598514488 -220744.19308739484 3521423.197299991 5293263.813367801 -79574.30157066914 13089843.087324385
15330681.84244073 -238425.06667974617 3542220.004967143 5323349.177690546 -99061.24045415246 13207461.38151274
15285284.37997916 -214025.34480738893 3525198.7137067653 5300998.625967747 -80030.24885101474 13180316.200894991
15288797.681272529 -176862.52757801965 3505634.451462783 5278626.038980062 3298.6266946250767 13159764.926079148
15216740.994454943 -148829.8829149129 3486940.7207727637 5250305.834427495 35563.74004579832 13076679.59738843
15340257.458921593 -166710.49861376258 3516364.168304708 5294253.551445303 -525.589915665271 13184801.655803507
15231078.063784605 -158193.93934365234 3502683.758208987 5272988.230229685 1668.2966393896581 13169643.641912831
15223112.8444071 -79179.60415915126 3495001.1639344613 5272323.383291618 132549.78679278636 13333328.908282904
15225199.065463444 -95354.25114675515 3478864.916930367 5251978.250529951 107738.85602768401 13279337.500040278
15222207.741321089 -128368.44886940256 3487038.7118553035 5258955.790526482 33559.536600275525 13242056.153672155
15119382.808934763 -132958.4817020771 3459645.0798590495 5218511.706636209 56071.89109419306 13138659.304923568
15278165.383943325 -112264.96169751068 3522888.0089083016 5326411.575847771 117675.48425100278 13746529.670363212
15130227.653130667 -120505.5053792184 3507540.454236004 5295565.5810447065 113276.64778966075 13615193.639525307
15224174.489947746 -147029.26662404693 3528454.7722188155 5322759.451055994 34382.604255435865 13605009.311771926
15119362.860398423 -151952.94686243936 3513170.053890368 5306698.283290495 57358.35943920737 13724861.372278398
15174793.551601738 -218741.68947039422 3568675.7875960837 5393543.583961554 -6487.82242244631 14185210.642628878
15094119.693623394 -211915.77331295714 3557210.3652257826 5373849.15200379 -5151.869095273672 14124235.101485165
15153346.668765662 -222669.85446072993 3559119.411055989 5373344.1771069085 -15550.555744910946 14012909.675952146
15132418.688543258 -224642.0048607476 3540740.490683614 5345387.285369293 -44576.58068353426 13879035.982474575
14349504.916010924 -739895.2506737518 3362754.533797003 5104305.257754447 -696088.0553516941 13756000.108656114
14518199.864234935 -665713.5160875774 3438031.1027048607 5209640.786689155 -658839.1956831157 14037931.141268281
14296628.357246585 -723807.187534238 3362471.797981387 5107512.559763835 -630018.6574371182 13879242.888972307
14682907.066277314 -619061.4633995033 3444253.0434645074 5225105.386256083 -610866.5633907878 14045633.260408385
14930082.302682579 -536951.4072324358 3430533.087223402 5200025.661750529 -539806.6917430079 13598702.461965635
15058360.400277723 -476946.95023899 3463974.5470129047 5245274.620296105 -490594.6135799716 13639691.582642967
14948952.625374146 -471332.4161978105 3437585.289154816 5205854.887771515 -470340.11024603504 13541268.340709886
15025334.244664595 -443065.26252939797 3448806.026951218 5224005.28667676 -442500.50461637264 13581038.606813127
14956308.903861603 -396184.67625495145 3445421.118846565 5209716.422260502 -356934.95172132633 13438754.60974674
15070564.977673944 -389792.9186590381 3461020.311493895 5233487.1270774165 -355914.7945358227 13456730.471308721
14949159.172139576 -359341.7403343769 3446509.7540314673 5208664.517273444 -294220.87568922463 13400916.299927248
15016267.017156893 -336156.0222991204 3471414.265546645 5247712.218100642 -274489.65991446504 13566863.295182085
15097398.861136883 -362520.4409038371 3486720.5676722648 5250523.8608674845 -222456.61884839702 13205225.654696781
15221545.36707275 -348976.724101514 3504486.659112237 5278514.012288245 -204664.92764346665 13250028.158990456
15043245.34334884 -334598.8671488641 3491436.157077587 5259582.220797276 -209461.30816907383 13336803.42190433
15244652.880282251 -311120.35546851193 3517834.61824684 5300312.183213956 -196676.51558261475 13369228.972461773
15274921.334217591 -269915.2965921765 3536749.762406477 5318107.251267981 -134876.9307800434 13278728.681495763
15282409.274634693 -258515.0650211894 3555538.765684707 5343079.265123362 -100879.2375089355 13357322.943312218
15209290.059283469 -271736.1204460156 3526949.701776176 5303837.759907492 -147122.94339942402 13274571.461513316
15357638.457049932 -285751.51802136714 3545921.9238612736 5334667.257307891 -170706.57240005044 13325424.135303283
15216672.415182998 -214882.05188080115 3504856.4253424443 5271233.702398808 -67658.7945840793 13101160.052319849
15231301.100694815 -194167.53554448058 3490020.7597971885 5252214.9804774225 -44531.69122291978 13032541.563951563
15275660.708301337 -225500.2404653857 3529633.851133656 5307320.655663933 -91742.66077466533 13218807.445078904
15216320.94477329 -206771.0062357817 3523339.7766445233 5300298.111691275 -67819.38784744812 13276165.943855774
15161928.514515046 -154633.84132357984 3486155.289951896 5251133.990133734 6768.5743147050935 13165334.647980077
15137736.51519824 -128511.34022893915 3459673.097143965 5215208.771734074 48027.424942470185 13053630.525713103
15177684.74837581 -158411.2874463808 3496576.7876723073 5267387.555303288 7093.112824276268 13245376.756030442
15173763.47778599 -157191.86645726807 3489935.7432573503 5256765.37668984 -2538.3350288934284 13182957.428833658
15232464.850709723 -112808.77828700739 3474277.6562755164 5243705.181731088 64200.18500034633 13207530.07708777
15100247.26957247 -127011.93407523686 3462411.616509289 5225345.8459315505 65692.56470434506 13233613.80542877
15243363.85896292 -138830.0889960273 3497168.8163972106 5273630.870522405 18894.43901111531 13291539.366863618
15165181.12650246 -145006.62331459555 3491301.1931702932 5261804.693097474 8791.135052725978 13262286.218283534
15248716.25887269 -147111.98378938207 3527935.7573681753 5324372.373100056 29382.909163480446 13624144.305131122
15179834.32894426 -159442.5932087723 3512927.348586515 5301611.050526924 14878.108421794843 13567984.761305265
15267651.65919924 -153744.8201127539 3523647.7552380827 5314786.303296316 15844.09116530862 13507823.545158016
15201202.585936828 -163603.7144524016 3513387.289866094 5300979.387496072 6263.78769006778 13523864.533637302
15333707.084280046 -192584.87905437028 3591645.694312326 5418821.874508177 -27208.815054458235 14026524.981481083
15167079.77288562 -235768.2817341342 3567735.175251674 5382060.259878137 -55571.570155314264 13983951.402497493
15289073.188326798 -226169.01282772966 3555772.9528119955 5364468.261989864 -82517.76142045808 13773286.91823514
15231177.58659907 -243756.32762632985 3555641.6869783318 5360169.40789722 -94323.891994694 13748093.257543309
14369278.88258304 -752392.9728085818 3391536.252389067 5156384.05742314 -623180.625104763 14144604.327864481
14706793.492811425 -605521.1582715496 3448965.0468047615 5232796.709613667 -579796.932775405 14071909.30600816
14383887.781985383 -698593.6148750636 3413672.1725213537 5190469.759960252 -569095.1160507129 14324719.263801768
14926614.050134905 -550258.5548018438 3505785.596918125 5325786.166114088 -472740.2335317818 14461825.696300205
14940644.063490288 -466146.72911674494 3430166.664720879 5198073.657229726 -468400.7956374482 13557162.018930495
15042383.162819332 -415803.6960205401 3461657.077374657 5240022.688226213 -418549.6749781925 13601614.608328722
15017144.431110645 -430929.0890373612 3484762.905410104 5274773.692202671 -383890.58774415206 13813545.116957927
15028452.673534574 -416435.21235410357 3496152.4057705747 5289066.761248012 -377148.0640024316 13837529.372891372
14969288.178204404 -356519.77928736934 3454704.6223717374 5221467.122234726 -276088.00813626556 13456552.303963188
14990927.763425 -358710.81202639587 3464482.8133784193 5234687.431793702 -269769.8506069643 13484198.739577066
15020535.497992532 -354677.67431335 3473067.2667273674 5242568.164328545 -266942.5381669449 13423347.659810307
15041965.095490392 -347054.58113502426 3501351.3020536792 5279425.815909337 -247707.4161588247 13516822.383633375
14989057.91012732 -320405.665878963 3485739.7453099326 5249707.844597067 -209097.3077676853 13318824.329304723
15009120.776249105 -303226.65525589377 3500993.770014085 5268837.377286829 -194731.88480962347 13345763.618404483
15084036.196320042 -280939.0018903503 3536635.403630469 5315971.886993069 -162527.41566474852 13429422.417906415
15170957.723241864 -280470.4388139763 3553906.999985222 5342825.032472869 -158126.31112716597 13499588.731800461
15113924.270863703 -224312.19681146857 3493640.088077733 5258557.447716339 -89093.16319285207 13197142.490856571
15092888.775444597 -237399.20409565748 3511245.30270128 5280385.292509328 -106116.833266385 13267420.160393698
15111235.19205545 -242155.5001699084 3522664.2325434787 5300206.9725598665 -125873.54090934979 13394290.907189434
15163334.243453272 -229031.6616474189 3512889.7826951984 5289771.473143394 -126081.67546394124 13348519.785890011
15109768.327583145 -208706.64418762515 3505532.255298029 5273178.769859509 -81064.17735181395 13232097.212643951
15082700.796644306 -184819.28574137983 3481366.0505903778 5243538.307072586 -50382.78691862571 13198011.997042501
15134934.939262448 -210086.09682511768 3521583.262086901 5295245.641587288 -71287.94056323402 13295145.890237825
15157326.514799934 -194819.1465175376 3535125.164060719 5312884.107819983 -53736.96029238682 13327601.806924557
15113945.037922952 -174537.39586072197 3478546.7822786984 5238676.349230076 -20971.63987579736 13131552.471719552
15107884.724003425 -162013.55727439854 3458332.392127813 5214554.131070477 266.1860659493759 13099885.012069823
15190828.970917877 -160308.8537525593 3505671.238770412 5279753.9047399415 5255.754999691973 13279481.65204167
15178938.664983824 -159194.75773102045 3506823.779099807 5278564.820055066 -4651.76305172418 13242234.352844007
15165628.9170369 -140366.68988035602 3494762.8152701478 5265973.904886808 22476.47671498833 13269067.03107055
15176051.27325941 -152181.72187740597 3482075.4198492435 5250802.42743132 3472.082430397905 13234337.77085764
15165134.003770623 -143804.6018510787 3493159.3587530903 5266532.800247432 2569.6963758461584 13316015.895125508
15220551.297697805 -142635.77064159993 3494945.990841367 5268718.285606048 23437.330154572104 13265002.348557865
15203667.188120838 -137263.07075773276 3519858.525958091 5308756.487220313 33845.27068045049 13534574.743201902
15254627.147526965 -142483.4831789279 3515302.4290860835 5305924.290111203 28080.454184730293 13527204.982722262
15206061.811309615 -139528.44470392296 3510333.2619373524 5293469.245736868 11366.783087226884 13435991.080588449
15175240.128859408 -159249.38679659474 3498696.6829776666 5279227.757363513 -3879.5282199684652 13437987.735472905
15277856.06503587 -210582.61208767156 3551349.544506414 5353533.950418771 -91805.57042789001 13663132.797799185
15291475.915030135 -223423.82277121837 3561769.0719623766 5367029.620435787 -102292.03665024822 13690196.721403098
15241664.414418086 -212964.04640841897 3553611.649162579 5353513.026718098 -76218.3838452611 13649139.625834057
15229119.050278382 -214716.68543609593 3538232.4045305448 5331800.879375878 -105815.73917342753 13565785.397667134
14520754.66924767 -644033.6220010507 3435088.1677579056 5223102.331499822 -541816.8105098631 14369351.882848676
14959349.060493456 -535821.5918370511 3496371.7419612375 5317029.979861373 -478631.815398186 14461071.816656128
14565061.659100493 -565705.2649095544 3476840.4755605375 5276409.803082688 -474392.9961466966 14472643.507683683
15106552.933993578 -455111.30691869656 3560419.86111466 5399445.051590774 -389391.8398567624 14553110.670491444
15017243.804281434 -424240.3253819175 3497602.382798616 5290716.012494451 -374531.10757248115 13849823.509341888
15111530.848499306 -383229.7309408555 3509017.6125496267 5307720.314250107 -317137.2035553076 13844487.68500744
15073869.607755153 -394355.4939708242 3522307.72508629 5331776.118180706 -335490.85271535034 14070882.40640356
15120982.469313774 -349422.02369514323 3536524.493481507 5349130.789922892 -285248.42357309273 14058094.249004377
15000234.151296336 -354357.0553184055 3465857.858777745 5233522.4411594765 -260310.86608749593 13421341.494461674
15080250.76040681 -325910.35235462064 3510563.7569806664 5296367.471789108 -211201.79270934136 13614695.807117028
15060643.313525876 -330275.2452532023 3502723.652871404 5286336.844484223 -197878.07965606943 13606172.99564327
15137146.55079149 -283620.5748022885 3543816.120364715 5341234.063262054 -161283.53780796708 13723579.884565769
15093041.215290498 -277874.3494377606 3529982.8910130598 5312167.216694459 -163160.96183998985 13490679.264368262
15102955.570186991 -282766.1962543885 3545960.3093039407 5329163.96460853 -151418.42900560662 13469196.68497584
15115400.55629556 -284837.08534584317 3546374.771974552 5336765.271432507 -158031.25205028072 13599659.688666534
15186407.817577347 -273341.81173297757 3571329.458311437 5374608.613239759 -145998.88671326195 13736516.17388416
15111320.61829774 -235707.69048174992 3500530.6499209437 5273785.824973617 -111763.95880154263 13352721.334612234
15116241.65048004 -245799.09388778626 3514783.640890376 5293699.260011108 -124887.42684696037 13432503.230402045
15194784.175817238 -239991.58380304681 3531930.479133913 5320765.866457224 -126677.06815500793 13518062.40730406
15273751.818148706 -226792.48866212106 3556492.337075286 5354620.291840516 -110688.03870795682 13575822.41486869
15149375.657956785 -208857.81612042637 3523276.051242614 5301295.223984463 -65775.75253698697 13364455.439041285
15158588.307920467 -220300.1907907811 3532621.6510036686 5313453.301857978 -76080.94218584747 13392801.164750211
15219995.837928906 -201421.15073196584 3538308.532836527 5326547.8093564985 -70199.83739741916 13468172.414167278
15229909.484569468 -211285.70773847742 3549554.810088823 5342967.414216576 -71713.99564062238 13539232.761380916
15113271.28569714 -183046.54571400158 3489479.647220114 5254093.34625526 -24272.88133912082 13200043.163636386
15212276.658771755 -170670.77078871508 3510616.574829546 5287579.26582226 -17387.397591109257 13305743.76868914
15186325.766515732 -177830.16908326314 3511596.499377547 5292372.48003688 -30381.056672662926 13406000.608387455
15206328.291060591 -164751.79683764177 3521225.4014030853 5302841.778678954 -20412.903998624693 13383548.212500868
15205771.903389715 -165180.4798254853 3521204.467866229 5302814.425569282 -20854.42324420975 13384018.074220818
15159556.409774793 -165753.15853731343 3491378.029712136 5265321.315443861 -18752.79673391212 13336553.005499633
15237258.722543364 -183110.97068285747 3511728.1366586355 5293424.492189341 -31688.65287574136 13373211.866679197
15164607.14199319 -161192.55282681852 3495951.894148502 5271171.501125245 -11328.724921257235 13347880.964992458
15261624.677890461 -168554.11345430207 3523863.331250001 5311232.589729081 -26977.63677965181 13438033.60674341
15258439.334805004 -197563.21748174384 3533197.7299005715 5325773.2289844025 -53115.700604106845 13526674.966285327
15206812.73825969 -163544.32141354016 3521344.5653466177 5304694.460217972 -19898.4205858118 13417495.790391343
15186736.680213103 -178677.308015713 3514019.1864170963 5296217.416651237 -36573.93963517287 13429189.31286182
15218909.26247429 -201966.65123715607 3545065.187914314 5341795.3361198725 -67304.5309155052 13625563.128181472
15326430.55518648 -197756.77911194245 3578880.9183582817 5389257.143459579 -43022.765827728545 13723331.928919103
15193895.241770385 -211520.18983054804 3521650.654053328 5304789.2769966815 -66945.49316149452 13425575.655286126
15144214.814958125 -209932.76328849752 3525822.665344852 5307637.852715415 -72088.69106817177 13440443.366853284
14696716.995540818 -529203.4455427931 3498585.231807891 5309577.111675428 -428917.9474956996 14525949.741476772
15096258.481817909 -413430.27090563637 3579331.788652784 5428372.68367124 -340157.40342323435 14725895.386459975
14868614.980286384 -482234.3957743347 3560173.2219620105 5394411.838580982 -398627.88403073815 14695810.376962725
15200976.482181042 -400412.44890301983 3635890.1363899573 5502348.889742348 -344083.2400704534 14856417.670935282
15093689.90565913 -375496.46115457476 3526761.331531553 5339844.052028633 -287183.2786602771 14114441.447671665
15144698.368259732 -322868.9993906146 3587728.749219082 5418911.094373396 -211409.11531965598 14303490.80429236
15163754.095219446 -326914.199373955 3595844.2224998553 5431479.575298625 -200223.66313937702 14357264.23166093
15169071.899971776 -303326.64749414154 3613382.7782913963 5454020.593291305 -143535.2871321552 14416918.679577652
15098188.150002658 -294615.6462257892 3553099.795245869 5353602.560242893 -170280.93893055254 13805667.287031952
15151531.474004678 -283690.27469277696 3546245.382142162 5349363.788990611 -146688.24565304408 13818345.695428152
15107024.868970385 -299904.7086364912 3562541.5116684968 5373643.935908843 -160652.070830259 13989940.369145682
15195777.340178372 -258415.23167874306 3583602.201568276 5408563.045508185 -80738.1090014947 14136234.955925297
15137206.026520638 -263463.46323342796 3544610.0902496167 5340991.516220354 -127870.09710319896 13701202.085818103
15199662.442275366 -272605.66863576847 3572011.8400987745 5379281.064423369 -135738.1642910344 13801698.170468489
15169408.423424017 -270869.17408497405 3563414.958610294 5369906.080257516 -132133.4286154338 13833583.912129292
15191593.982812198 -262935.6974225832 3568426.461529942 5377453.997694152 -128016.27917309241 13852103.640445221
15117353.922224166 -229148.20735234433 3511345.0506685916 5289597.105269416 -86690.66824968578 13424996.84199205
15202766.444952248 -240847.33870402828 3531555.930925601 5320394.539005183 -127320.2607337211 13510893.653514905
15145403.064048212 -239652.85148568876 3541924.1981772752 5336114.600880784 -94840.0818334334 13654556.392316995
15226180.817434795 -241201.02061533532 3555139.8265057663 5357233.462170395 -97572.999090756 13705412.062163541
15189553.549051855 -235289.86962415447 3528153.2292412883 5314064.644465624 -105286.69370229916 13472368.054408506
15228048.161903212 -214595.6551250461 3538155.9829870905 5331621.773231555 -105669.88194128375 13564955.44874001
15218652.651613412 -230356.53299342736 3530252.56953526 5321457.180178184 -101973.15858291078 13544934.207522083
15233718.173930818 -206327.4293025292 3541408.448145142 5337101.104653702 -82768.17784659735 13597317.849623566
15158380.191560302 -215707.1878013687 3529711.8793997406 5313756.895392113 -87053.29247997163 13463096.139401112
15219866.487345157 -201704.21920090978 3540891.232487467 5332100.685837079 -60517.628190010284 13522539.868267028
15208120.675817357 -185484.12602220546 3524830.065017402 5311923.9628188815 -37222.5587592627 13484096.927629506
15195623.006710524 -176745.7627843134 3515995.6000357713 5300853.45591701 -25446.327015331546 13469542.679013764
15216758.078740153 -201865.07030188755 3541063.783919815 5332270.3050538525 -60822.437631654604 13525244.542255793
15214701.22987013 -202190.8191176703 3541207.4802238415 5332466.197911856 -61107.84163156513 13528057.947251055
15190343.83230669 -176635.3537709022 3516248.397331683 5301045.688936417 -25698.750027244707 13473104.970848873
15238759.347740294 -182381.0854613716 3514247.8107552715 5299051.83795383 -37066.61680662067 13428825.35541877
15202388.649481885 -213979.22287843522 3537835.049793686 5327132.151136828 -84921.88797481736 13507883.040716441
15208703.852831496 -199977.4508821849 3541670.146763075 5333004.214019157 -59189.62145093262 13534637.001661683
15173791.032826353 -185571.7547012713 3509812.259782487 5288246.751317276 -22443.706428471898 13375274.030411832
15207602.118545672 -201114.22222214556 3542389.4333459926 5332625.044924292 -62829.67761944387 13512331.037670137
15157019.58105422 -194869.20603494815 3536010.9351237537 5318637.733838501 -61448.87315896485 13423494.291838538
15135456.078240333 -204370.25988598555 3530638.020817206 5317618.770464368 -59805.227903558465 13542882.654907424
15116183.535361063 -202653.05088102244 3513345.192488244 5284174.839455668 -57508.804800654296 13273718.786507998
15182510.796881843 -194346.76277800798 3520469.5735600777 5295881.662007359 -58947.608135758106 13284791.582468394
14981132.440242413 -439997.7768742959 3551203.4426674442 5392707.165614995 -339112.2935839852 14746534.44077755
15187214.321161 -350738.4274205227 3639319.569069337 5501984.95845705 -269163.2921263633 14787453.591437807
15026340.601917803 -362176.6359896979 3605528.3736381656 5458158.224263523 -230143.28074920087 14815199.306389777
15257768.091185497 -289711.7290067701 3682000.10280007 5560266.106602222 -177192.37368986386 14943551.350017747
15170724.944056142 -340209.6007664401 3602826.8300423133 5442222.866211493 -215972.30070278377 14411541.689902827
15189846.795061944 -292747.8236739063 3624866.7875630134 5467789.891167066 -118122.14199571444 14418881.492573082
15163237.481234865 -279906.3172470502 3622406.5493662604 5464112.67739416 -124979.99046610887 14426071.714601232
15216814.050813377 -284530.0773885074 3637733.709035106 5486216.261046362 -111714.0069376342 14477369.429452823
15134592.711347295 -301758.19251727255 3585607.9603186916 5404909.435548488 -154461.23792254587 14080220.635330355
15181217.439660156 -272950.3127903701 3602367.3772211247 5427568.042982864 -106231.31534636415 14118060.906979714
15180685.00947321 -276164.1913094383 3619060.6841022 5450751.529529495 -119735.55969971184 14215010.348346537
15177519.377574988 -270363.8256429417 3627559.7816846604 5463419.09584549 -101101.79906614473 14284547.171492307
15172339.019943703 -275801.25335084274 3559528.602136401 5366810.223050802 -137540.2895693277 13854235.970623415
15193438.56041735 -256677.0585928627 3574483.9371569688 5386101.402952176 -120660.62302142245 13889942.694674544
15148842.948138643 -268779.72841701866 3578282.468925435 5396844.442725898 -87668.77378741672 14065831.383729776
15187601.836254863 -256938.0880894573 3586314.4072646326 5411921.594138123 -66939.49134547322 14151912.913424006
15152681.73030522 -237884.4396515459 3539484.480442087 5338086.917344971 -90432.19762711006 13740397.84117539
15148622.8285449 -237531.9635567811 3541859.2970716143 5340404.517072442 -86706.35488073538 13738562.768519396
15156658.52002049 -239015.2448315756 3542056.6618338535 5344030.85799656 -82249.27742595602 13798711.882871237
15173136.790271066 -221419.98319463417 3559951.177879292 5371068.868032426 -41979.95929208901 13929314.452961763
15218318.064755833 -234378.77946726416 3538859.937535626 5333287.653288588 -113754.33079392447 13592516.155638449
15204385.763946267 -244906.00326226177 3540650.9512619153 5333467.669448898 -129556.8955702714 13570646.490660993
15231883.205862574 -246883.1503926738 3547392.0074324184 5344054.610786664 -127584.31105396067 13606584.650410557
15282649.691966355 -225664.63551509898 3554588.50972598 5359111.271685766 -91305.86993493867 13698628.339747706
15165388.332118519 -229331.31863719455 3534393.4463800914 5324180.357883893 -107724.5224812499 13561562.77195459
15237033.171157448 -223875.86501509964 3545997.4633006807 5340971.3294992 -114049.12141697916 13570448.987492826
15228857.526897633 -212319.05894982044 3533753.0692170304 5326045.484959842 -99741.88697810865 13549484.395745069
15246272.032441413 -207041.20986003827 3560462.026013106 5362638.878989521 -62577.69061012676 13676340.747948602
15153715.623845143 -210492.8398699743 3526192.243620498 5312171.724174818 -74062.34565152977 13513489.289694738
15215481.491697114 -198524.1868516497 3541389.6914619887 5336194.931421546 -56611.84761519895 13597843.732946295
15219730.139393268 -200669.2135049142 3540969.3446915196 5332201.876908129 -59580.635774560156 13522981.596901517
15236661.601548508 -186697.64249502326 3550962.3022355405 5344807.6346299015 -49496.531365475006 13538320.238759108
15192705.97556015 -212838.8212821799 3526235.2994147236 5310589.358556116 -72014.25721586296 13441904.367253335
15137645.196728522 -209655.81467225816 3527025.6457423456 5309843.274038757 -74946.71096299657 13464655.8716007
15186860.595820801 -211596.65336043987 3517365.9907248057 5292421.416057517 -65958.27258823406 13279515.675030528
15254717.476858009 -188421.38366994492 3532347.480104699 5321591.261074341 -52024.465054707216 13465462.970713332
15142628.085315075 -196296.8029343573 3508662.807726751 5275932.436279105 -93691.1532745769 13185438.635525102
15338117.080797583 -223876.6850211189 3532928.75499178 5313921.085121653 -89960.52901728715 13215871.786662454
15102895.69300187 -209632.65599550641 3506013.082803678 5273765.973544234 -81994.48086479653 13240135.721346384
15334254.620335158 -225836.17951851364 3535198.1651594643 5320399.373941954 -76368.45696577463 13299372.992727933
15176118.980817564 -294159.3725619888 3647344.6810064944 5518045.872941309 -193351.73694310457 14943215.298915297
15269897.300277503 -276253.7933306387 3698319.91577904 5584250.570151645 -138936.5956382923 15052075.691545015
15196575.905477857 -262691.2573056857 3680934.357469716 5560357.966294526 -121784.56200450628 15030027.476853121
15205499.449724847 -257228.10797470884 3679734.89799045 5559088.232445252 -131328.7979238645 15022097.296312625
15187026.201098377 -259241.83962795755 3626777.3057639883 5469145.581942198 -96891.95985294128 14406784.509103607
15216863.49715018 -263017.16455040255 3648543.1314460607 5497705.6742401095 -89873.82096416481 14469300.92727469
15202713.15122549 -248299.74250327898 3648288.2766096336 5501109.471917023 -58568.53201000924 14557134.037575586
15211670.72996043 -239680.18812518683 3653430.4962436305 5509618.495443347 -57390.721045455444 14605228.116717393
15199776.053172577 -284752.9794957999 3628753.144176876 5470594.016833577 -122204.73861969257 14379534.896474296
15183402.337310305 -269326.1393014653 3629453.5125515377 5467171.2811448425 -93123.17101639748 14312045.821556848
15157868.802115463 -260778.30330067532 3623413.430270486 5461168.781221263 -92414.44838872217 14350411.163119208
15214981.655163063 -268782.10430193663 3630628.576378537 5470035.834092876 -97770.51704652476 14311906.180221638
15123483.287017394 -258762.34537483277 3575345.6625176794 5391993.014766334 -84647.17865172423 14058772.19369882
15190924.669780992 -258191.29169761593 3582779.765863741 5406754.096670612 -74327.66065409771 14123002.220944457
15096358.078310234 -219448.74564950372 3561227.76206302 5374678.483254048 -24388.590463835262 14050200.599028718
15181252.65676119 -219232.34710119353 3578262.0173483915 5402182.338052024 -24896.110961217622 14140629.535743177
15152951.223215971 -221332.8677017294 3540962.606092913 5343494.992824132 -78644.26546022702 13815771.081938671
15169203.71685877 -229122.82104939406 3547646.7037729826 5353641.154422762 -66131.13616537256 13855391.699807774
15129793.664815418 -225588.37397380255 3545788.5880903527 5350260.821838587 -52660.97676125401 13868073.631760273
15175447.682588212 -217951.89742162058 3555556.2129545384 5365457.0180840045 -34946.94966836212 13911455.816144625
15129185.921589248 -233016.33946884965 3527427.330585123 5314875.436513997 -83757.04985036532 13564921.321336823
15223942.803454695 -242719.60500829088 3552499.2810814646 5351585.733220687 -109015.36927541156 13652787.495127557
15154768.49543694 -248820.96454024906 3555970.634466038 5354122.7879708875 -105918.03840244202 13696333.095029585
15222621.344239268 -239554.30871426765 3550904.4541773926 5351778.874539567 -92418.00960689223 13693057.975120815
15198290.969068756 -240337.99386084874 3536228.5166614507 5325091.611799434 -120736.71561021423 13506513.678755768
15275522.963657873 -226600.03306910436 3558968.928551124 5360055.137766472 -100538.56985482632 13628263.146003084
15196838.629653506 -237055.79109657602 3534578.728520029 5325224.143650985 -103963.87005589873 13546911.995803451
15244351.736633452 -213853.38047771898 3550136.3884112425 5348024.080135728 -92166.97582363249 13613129.105870347
15197628.618135765 -218987.85803321385 3532664.6482836735 5320709.545661514 -97888.01891705273 13497939.787516352
15232803.970164875 -238613.8226174286 3533549.712549787 5326162.999730472 -116331.0717963311 13552362.151751487
15181209.407523714 -211377.04690390092 3546737.196934766 5338358.5840189755 -80222.40789105142 13557743.697364451
15237484.922467437 -184136.61483753563 3551050.860711175 5348425.531558853 -46066.77264853465 13607906.579661716
15188419.96355829 -214774.22718781055 3522640.0108893807 5307304.490356897 -84783.2610427093 13459589.348089183
15169912.127502033 -197185.45543193995 3526553.3179074875 5310491.699646536 -77474.62431655324 13455748.64349524
15137555.90466796 -210051.25405549796 3521474.5218885033 5295155.860629352 -71145.88642048446 13293121.566523496
15205508.85190267 -201823.39690573438 3534655.5243550525 5318220.596757578 -77037.18716520075 13396481.311259737
15206989.952604106 -212945.0115587559 3513038.1668385947 5283352.432403295 -92780.51339557207 13173218.79173816
15347554.648149459 -214154.41482444745 3540553.226438917 5324406.660470758 -84081.50365080292 13248407.36708176
15139411.189349009 -192206.34928781647 3514912.2127399147 5286682.353359423 -68422.43797060406 13266166.94679129
15347584.07274709 -214445.94616624815 3542408.616574979 5329505.052858064 -69327.46440587741 13309527.214282798
eps 640
0.0019637222346395827 0.001061025904797622 0.001061025904797622 -0.016967870985751234
0.007309490166021708 0.0009091057163048095 0.0009091057163048095 -0.016966903149063
0.0019634347391078947 0.004109753320744512 0.004109753320744512 -0.017316022643947965
0.0073084201708926684 0.003949801033250441 0.003949801033250441 -0.017312410679422133
0.012622655428325642 0.0017872475082235345 0.0017872475082235345 -0.027269744006810058
0.021755879095138996 0.0020694392091187737 0.0020694392091187737 -0.027270657319167592
0.012620001146076665 0.0070783789900406915 0.0070783789900406915 -0.026602675294804305
0.021749840887949918 0.007336794910331887 0.007336794910331887 -0.0266060816345025
0.027992841359798067 0.002500883024831261 0.002500883024831261 -0.04164217036741426
0.035913933107640274 0.003981216748187455 0.003981216748187455 -0.041648004593459645
0.027980306751924918 0.007139999414296415 0.007139999414296415 -0.03814982200621957
0.03589021388514331 0.008599945513808278 0.008599945513808278 -0.03817150648952936
0.040498104793394336 0.004577946638083664 0.004577946638083664 -0.051454541191371286
0.045120877878338704 0.0065828493716445545 0.0065828493716445545 -0.0514596199710072
0.04047607273163903 0.007292781403136779 0.007292781403136779 -0.04668971927183435
0.04509124900330644 0.009287465167750307 0.009287465167750307 -0.046708569421685414
0.047334498539799263 0.007216126502243866 0.007216126502243866 -0.056704948918105375
0.04874903480717511 0.008803567626280751 0.008803567626280751 -0.056706068832351506
0.04732501414317956 0.008027050062205636 0.008027050062205636 -0.052934756839100414
0.04873868993185299 0.009611825528086131 0.009611825528086131 -0.05293891978936425
0.04867446976999104 0.009050998584262868 0.009050998584262868 -0.057169956919788
0.04702025727161162 0.009984674252309788 0.009984674252309788 -0.05716945756298586
0.04869930845761933 0.008039233340396839 0.008039233340396839 -0.05496922658327522
0.04704734372561294 0.008971515992749023 0.008971515992749023 -0.05496736740918359
0.0447316080638202 0.009688924004527954 0.009688924004527954 -0.053104743946822186
0.04009091892002357 0.009770974514051593 0.009770974514051593 -0.05310410440215471
0.04479033098440538 0.006936179777351251 0.006936179777351251 -0.052930277914716814
0.04014916650258578 0.007012689157741844 0.007012689157741844 -0.0529278879620685
0.03491540591825207 0.008070194849383119 0.008070194849383119 -0.043796738281086156
0.02530320287728637 0.006327715236501145 0.006327715236501145 -0.04380310081632334
0.03503228036678995 0.002446437927367772 0.002446437927367772 -0.04786532828305757
0.025400653613260205 0.000674194219377288 0.000674194219377288 -0.04788919543512991
0.01765543309121265 0.003906253515145869 0.003906253515145869 -0.02778158892391311
0.006333423680492119 3.6655143971780163e-05 3.6655143971780163e-05 -0.027797879893329127
0.01774305381026046 -0.002618314236980044 -0.002618314236980044 -0.036696489463079365
0.006366790182441979 -0.006541455344968643 -0.006541455344968643 -0.036758006659996456
0.0016984559996341775 0.0005370817641282917 0.0005370817641282917 -0.02079138591920944
0.00045534339856397797 -4.4821525437654185e-05 -4.4821525437654185e-05 -0.020791880054090096
0.001698891187287245 -0.00016733691853130725 -0.00016733691853130725 -0.02212051239695239
0.0004554600706284705 -0.0007499646206966419 -0.0007499646206966419 -0.022122359348267593
0.0023468688002415998 0.006797014180848864 0.006797014180848864 -0.017031969731380093
0.008731199916462425 0.007273597759693122 0.007273597759693122 -0.017034757261830666
0.0023446099337595503 0.010439942917983829 0.010439942917983829 -0.015901457822883307
0.008722829520365858 0.010904876033056461 0.010904876033056461 -0.015905213784490932
0.012595358140757422 0.011478587425382327 0.011478587425382327 -0.02510758405071508
0.016818006549525137 0.012975277289177078 0.012975277289177078 -0.025131233699115286
0.012585319937883708 0.013899554940646045 0.013899554940646045 -0.021637684232137685
0.0167999913592679 0.0153888062582895 0.0153888062582895 -0.02166770982108105
0.01975454068517081 0.013675865931029978 0.013675865931029978 -0.033953117254177774
0.02353911596682962 0.017146675840535246 0.017146675840535246 -0.034017349615432554
0.019728594130689954 0.01584545699470431 0.01584545699470431 -0.025871329327329648
0.023497417016846277 0.01929892954481176 0.01929892954481176 -0.025949092442588945
0.02633250158647765 0.016806033809718825 0.016806033809718825 -0.04110140480991352
0.030005422973985365 0.021354158020581958 0.021354158020581958 -0.0411566911005228
0.02628447348404123 0.018883988904245336 0.018883988904245336 -0.030479309528141967
0.029938037566846737 0.023405278475963243 0.023405278475963243 -0.03055238596320892
0.032763408854916694 0.021491292106834394 0.021491292106834394 -0.04747597044125281
0.03629026204825806 0.026254161376426232 0.026254161376426232 -0.04750343738921577
0.032685832417481166 0.023448202356433426 0.023448202356433426 -0.036298668572149966
0.0361931156396101 0.028182419026443282 0.028182419026443282 -0.03634442768906568
0.03858047115278997 0.025800863252369258 0.025800863252369258 -0.0512081530040536
0.04076396894740831 0.029189237272211597 0.029189237272211597 -0.05120455351323997
0.038519185254127605 0.02698341882316035 0.02698341882316035 -0.04325335489830156
0.040694514541176424 0.03035822446998466 0.03035822446998466 -0.04325850011811147
0.042325086185695034 0.02762803437708022 0.02762803437708022 -0.05182007258354011
0.04393462932105357 0.028644181542926667 0.028644181542926667 -0.05181472240413268
0.042282731034555085 0.028547439894224154 0.028547439894224154 -0.04946791407157014
0.04389076189454771 0.029562211286712423 0.029562211286712423 -0.04946415765031726
0.04464838197280936 0.02278184326999112 0.02278184326999112 -0.050664305176097706
0.04397654740956765 0.020795373771131467 0.020795373771131467 -0.05070322209250677
0.044732605711433504 0.02241939266164837 0.02241939266164837 -0.05537939202627783
0.044056319239574315 0.020428832042498048 0.020428832042498048 -0.05541701271504098
0.04274691824232086 0.015688585523714584 0.015688585523714584 -0.04505164759101866
0.039859068812450806 0.009271073139551434 0.009271073139551434 -0.04521146679568244
0.04282319802768448 0.014202807847053167 0.014202807847053167 -0.0603181164689813
0.039918957110608354 0.007736718161787485 0.007736718161787485 -0.06050789984492118
0.03050198328266259 0.00889697247276837 0.00889697247276837 -0.03158459857515764
0.008263423730524596 -0.001940056796599813 -0.001940056796599813 -0.03173031738022398
0.03088281848520164 -0.003907215508901931 -0.003907215508901931 -0.056691244512010686
0.008368503814936177 -0.015023226448031429 -0.015023226448031429 -0.05711935211237592
0.0017425108580607462 0.013242211068746026 0.013242211068746026 -0.01400147016557007
0.006488140823533853 0.015008722951496153 0.015008722951496153 -0.014045314867967638
0.0017384302900308101 0.015937690469873988 0.015937690469873988 -0.009914519605990721
0.006473003342263784 0.017694518315710082 0.017694518315710082 -0.009966102858418036
0.008600109295444374 0.017735286069825305 0.017735286069825305 -0.018148608468280723
0.00968668266370797 0.020475268276979104 0.020475268276979104 -0.018208335396524035
0.008597537478867769 0.018338957519153983 0.018338957519153983 -0.011904461563900067
0.009682228308152624 0.021070301852054513 0.021070301852054513 -0.011968627192400293
0.009971411757520152 0.02105838109085798 0.02105838109085798 -0.019953069075940372
0.009590690684822083 0.02472060219539206 0.02472060219539206 -0.020018013626964804
0.009984981854521149 0.02080134561264194 0.02080134561264194 -0.011627523137397401
0.00960963931193495 0.02444861378331375 0.02444861378331375 -0.011694191247832357
0.009761728204211263 0.024725294608690048 0.024725294608690048 -0.022407612672293617
0.010288629883797697 0.029790490538432995 0.029790490538432995 -0.022480548196678753
0.009757948280281233 0.024932347604541133 0.024932347604541133 -0.01085854828631447
0.010283775370063426 0.02996901374281586 0.02996901374281586 -0.010935502084725133
0.011045180603807069 0.03090342449244884 0.03090342449244884 -0.02636192307686849
0.012063122639687746 0.0378934176784054 0.0378934176784054 -0.02643214465636194
0.0110280929747109 0.031275224837295224 0.031275224837295224 -0.010399672610130277
0.012041817336400718 0.038211009132614666 0.038211009132614666 -0.010480255988259902
0.013683334865987332 0.039808446269031454 0.039808446269031454 -0.03215927931888856
0.01604462485490148 0.049476669048817735 0.049476669048817735 -0.032197591719524084
0.013578571376631137 0.040713136235983126 0.040713136235983126 -0.0100300926970087
0.015915495032168943 0.05027719841848522 0.05027719841848522 -0.010093582663938587
0.018037098929445092 0.05395654276239243 0.05395654276239243 -0.03785457385633199
0.01994898228304108 0.0664248563856048 0.0664248563856048 -0.03781598126757047
0.01795570059545096 0.05422936042237957 0.05422936042237957 -0.009269822526879464
0.019850457914947675 0.0665260840121476 0.0665260840121476 -0.009268033493049487
0.02347531162456968 0.06985362037548977 0.06985362037548977 -0.043309910109478794
0.028004170778643107 0.08507354851156436 0.08507354851156436 -0.04310132545298119
0.023002567284560193 0.0711466091101142 0.0711466091101142 -0.008384718932837414
0.027443360901266235 0.08610910900775795 0.08610910900775795 -0.008245356727718749
0.03143333632983092 0.09344558384244636 0.09344558384244636 -0.04877581146076326
0.03526604521455854 0.11083988558909635 0.11083988558909635 -0.04836452631488516
0.03095664100854294 0.09372754874634683 0.09372754874634683 -0.008798798967504497
0.034708557567632886 0.11079096839776705 0.11079096839776705 -0.008468795795790553
0.04055811638750028 0.11396296110947725 0.11396296110947725 -0.046404761989330995
0.046184235004598166 0.13015362391483223 0.13015362391483223 -0.045825774334307436
0.03917800944526804 0.11537380642282746 0.11537380642282746 -0.009530012014865263
0.04462228963591392 0.1312755390898007 0.1312755390898007 -0.008982874308344
0.0005735884173990659 0.016867270990437434 0.016867270990437434 -0.007799165448147608
0.002139057185222317 0.017590079625109934 0.017590079625109934 -0.0078209300336404
0.0005730334506278575 0.017752870050091945 0.017752870050091945 -0.006130741163401843
0.0021369898126151507 0.018474435143050333 0.018474435143050333 -0.006153524610651099
0.002318505248792068 0.01596505293714345 0.01596505293714345 -0.008613708727215284
0.0012296203255813811 0.017123869859936542 0.017123869859936542 -0.008641104492502659
0.0023210519936526486 0.015346891192253244 0.015346891192253244 -0.0060129655912169785
0.0012339451747456803 0.01650389532899251 0.01650389532899251 -0.0060392805051090424
0.0002430159109409297 0.014999318606665603 0.014999318606665603 -0.007395508638759768
-0.0014258506734987214 0.016334639997209802 0.016334639997209802 -0.007419107964010305
0.0002520139850533555 0.014051971992624038 0.014051971992624038 -0.004405677443371731
-0.00141352319925688 0.015384541418820475 0.015384541418820475 -0.004427618193252102
-0.002585224114047368 0.014818126544175412 0.014818126544175412 -0.005408789071969562
-0.004173999057124899 0.01615946034081602 0.01615946034081602 -0.005426405476495761
-0.0025711988259573826 0.01391530543951166 0.01391530543951166 -0.0024040389858587734
-0.004156697273033094 0.015253961574912527 0.015253961574912527 -0.002420186421582457
-0.0051830094263649595 0.01421181424692083 0.01421181424692083 -0.003298033677880587
-0.006516093808011423 0.015572534175232397 0.015572534175232397 -0.0033107899666117544
-0.005168010803378038 0.013451137653891073 0.013451137653891073 -0.00024600904820305537
-0.006498526220317163 0.014809349400467414 0.014809349400467414 -0.00025732787774004234
-0.00735637482434349 0.013271745353475202 0.013271745353475202 -0.0008089119157083168
-0.008548376284700608 0.014527915711765291 0.014527915711765291 -0.0008147383341600486
-0.007340317527980341 0.012590924724692728 0.012590924724692728 0.0020112601750181926
-0.008530075866783178 0.013845032397498794 0.013845032397498794 0.002006447679333615
-0.009147078403306074 0.01123952684831986 0.01123952684831986 0.001821905527977347
-0.00995393012199168 0.012183683501723726 0.012183683501723726 0.001820635580951093
-0.009138764941549523 0.01077852952807833 0.01077852952807833 0.0039463468331023075
-0.00994462510498647 0.011721637344949916 0.011721637344949916 0.003945656576653751
-0.009950116940655708 0.008031342803803602 0.008031342803803602 0.0038663508217734632
-0.009574576013160419 0.008397637412348924 0.008397637412348924 0.003860085472516899
-0.0099719398212978 0.008241992981613449 0.008241992981613449 0.004691453821338212
-0.009597321310499732 0.008608279053139887 0.008608279053139887 0.004685614365074269
-0.008793235914891588 0.004335744669180953 0.004335744669180953 0.0037023361901002217
-0.00738350576958652 0.004451948164081633 0.004451948164081633 0.0036942122987729
-0.008846833866215098 0.005124591963665403 0.005124591963665403 0.003939988071408011
-0.0074383818630502216 0.005240556868900729 0.005240556868900729 0.003932470474502755
-0.004318830557950512 -0.001825219808472468 -0.001825219808472468 -0.0009952399827838703
0.0021923858499644146 -0.0011380081076342093 -0.0011380081076342093 -0.0009247655944213684
-0.004446243980473997 0.001798893445999765 0.001798893445999765 0.00042484281811385084
0.0020714847047077147 0.0024746589773543696 0.0024746589773543696 0.00048068775934002195
6.411688602576993e-05 0.018107401682713947 0.018107401682713947 -0.00493266575872155
0.00023929578723856133 0.018814140678083898 0.018814140678083898 -0.004953263795552158
6.399942809426221e-05 0.018206140765105364 0.018206140765105364 -0.0033303185567641496
0.00023885740104063877 0.018912330023351364 0.018912330023351364 -0.003350830515573384
-0.0003803982790717439 0.014574322067809934 0.014574322067809934 -0.004388326131911937
-0.0022868016662543796 0.015395772118886701 0.015395772118886701 -0.004404451641874728
-0.00037617350201720693 0.01349904259718697 0.01349904259718697 -0.002567317265417492
-0.0022802932470650274 0.014318740856597388 0.014318740856597388 -0.002582266871788708
-0.0034964932859127646 0.012620810838586445 0.012620810838586445 -0.0025857124299554575
-0.004953952614916843 0.013490116087178098 0.013490116087178098 -0.002599412044234856
-0.003490313917674081 0.011798914704636952 0.011798914704636952 -0.0006477430142810385
-0.00494600504012947 0.012666801523233712 0.012666801523233712 -0.0006604008180244244
-0.005932757371287676 0.01172141772766812 0.01172141772766812 -0.0005964400250409479
-0.00721561703461707 0.012560765912028378 0.012560765912028378 -0.0006062980331615731
-0.005924939801294989 0.010997871962754285 0.010997871962754285 0.0012775037162148356
-0.007206298198759033 0.011835993067515682 0.011835993067515682 0.0012685311826451896
-0.008047751593377126 0.010441495364722463 0.010441495364722463 0.0014974864598210522
-0.009143564787266786 0.011180275406707588 0.011180275406707588 0.0014921543750958841
-0.008039737479474847 0.009823245895017426 0.009823245895017426 0.003149488921175147
-0.00913442439572923 0.010561100383053941 0.010561100383053941 0.0031448229044688534
-0.009760684698494887 0.008596724874357132 0.008596724874357132 0.0035362234773146407
-0.010496184967261636 0.009180821257640123 0.009180821257640123 0.0035346475817386357
-0.009755522540187274 0.008180831442442282 0.008180831442442282 0.004845335294329697
-0.010490458105669268 0.008764417469011692 0.008764417469011692 0.004844130772166884
-0.010670532871008371 0.005893509518238919 0.005893509518238919 0.004991591955941003
-0.010607852691945217 0.00622770532400538 0.00622770532400538 0.004991401000898947
-0.010675836610111613 0.005924477844227821 0.005924477844227821 0.005742860033803713
-0.010613361626262958 0.006258582118211527 0.006258582118211527 0.005742795680364092
-0.010180634654204095 0.0028696888891745877 0.0028696888891745877 0.0050845256855261535
-0.009262600177477832 0.0030307318186024237 0.0030307318186024237 0.005084010898385732
-0.010197351661162913 0.003378969762187694 0.003378969762187694 0.005439075916880455
-0.009279788774269255 0.0035397866262913396 0.0035397866262913396 0.00543868799872721
-0.00807093097555391 -0.0001236647332740506 -0.0001236647332740506 0.003891388210529219
-0.005861281017059257 -0.000190669485715721 -0.000190669485715721 0.0038905863427013366
-0.00809683166336062 0.0011132923518214523 0.0011132923518214523 0.0037192321666944792
-0.005886786020251252 0.0010449589166695965 0.0010449589166695965 0.0037184913219059307
-0.0033237473629254928 -0.0024333837835034526 -0.0024333837835034526 0.0007494010881850723
0.0013330244366460105 -0.002493651073512498 -0.002493651073512498 0.0007430378439034796
-0.003369904155074007 0.00018964572962193313 0.00018964572962193313 0.0005581220848666698
0.0012864031936980665 0.0001233884460079647 0.0001233884460079647 0.0005533272051670582
-0.00042773765369371263 0.017920978883088336 0.017920978883088336 -0.002346086370925239
-0.0015972548162132322 0.01840862086774917 0.01840862086774917 -0.002357080555705623
-0.0004274605277983537 0.01726237590780952 0.01726237590780952 -0.0012678332920901872
-0.001596219069843626 0.017749379672509027 0.017749379672509027 -0.0012783280160787484
-0.0026505189875960936 0.012283462581829668 0.012283462581829668 -0.0013979183758980078
-0.004399591708044306 0.012891911942628663 0.012891911942628663 -0.001409320508749068
-0.0026476568573090974 0.011300056161531905 0.011300056161531905 -5.380556679257073e-05
-0.004395306939974456 0.011907254202986562 0.011907254202986562 -6.429469176628329e-05
-0.005484146619364566 0.010371500877692019 0.010371500877692019 0.000516443143586978
-0.00673441497378057 0.01091543130119178 0.01091543130119178 0.0005092230571198124
-0.005480512628275036 0.009669229731512604 0.009669229731512604 0.0017252302582841676
-0.0067298369315151535 0.010212406040607884 0.010212406040607884 0.0017185682146764636
-0.007580765575118477 0.00906110850108952 0.00906110850108952 0.0023632896188532345
-0.008684738427650777 0.009532444878729287 0.009532444878729287 0.002359162784941166
-0.007576290833925405 0.008441618564530375 0.008441618564530375 0.0034128157905984856
-0.008679507255478362 0.008912377285848476 0.008912377285848476 0.003409081633875787
-0.00934811368233167 0.00737171858801916 0.00737171858801916 0.004099555591594155
-0.010119306292885296 0.0077759353435893405 0.0077759353435893405 0.004097475362477401
-0.009344569938678056 0.0069386380625841865 0.0069386380625841865 0.005002673689599309
-0.01011532899302321 0.007342513916662133 0.007342513916662133 0.0050008483989638355
-0.010480038722124068 0.0053307984183037106 0.0053307984183037106 0.005550574738993702
-0.010774445395595607 0.005597356626908858 0.005597356626908858 0.005550281760059758
-0.010479458762992647 0.005164076616260341 0.005164076616260341 0.006148916700539303
-0.010773775867055359 0.0054305403175724425 0.0054305403175724425 0.006148701243814745
-0.010704596728589234 0.002871026131909751 0.002871026131909751 0.006117558912387749
-0.010312214242726901 0.0030014353924240284 0.0030014353924240284 0.006117614302576932
-0.010709293851495529 0.003087422757160673 0.003087422757160673 0.006409630990895392
-0.010317046410645361 0.003217782060047228 0.003217782060047228 0.006409703479375909
-0.009701526054901863 0.0003353521567564512 0.0003353521567564512 0.005563293185443251
-0.008510185420261836 0.00036239691110685594 0.00036239691110685594 0.005563504003782822
-0.009711068505495996 0.0009995743861889732 0.0009995743861889732 0.005616810087826408
-0.008519732835941604 0.0010262367249300323 0.0010262367249300323 0.005616977540580871
-0.007209638582255699 -0.0016156641453700861 -0.0016156641453700861 0.003562462762528127
-0.004898774003050532 -0.0016710465879935668 -0.0016710465879935668 0.003561750479824798
-0.007225082497835837 -0.0003208765020461534 -0.0003208765020461534 0.003421090036668682
-0.00491398142638356 -0.0003777275467934725 -0.0003777275467934725 0.003420498175127187
-0.0029400328694168284 -0.0018019250522507036 -0.0018019250522507036 0.0005183620834137009
0.00011192577075308882 -0.0016964073955771208 -0.0016964073955771208 0.0005205987792103472
-0.002958051484208115 -8.652424629649698e-05 -8.652424629649698e-05 0.0007324669648334654
9.390538602553053e-05 1.6418238111464144e-05 1.6418238111464144e-05 0.0007341175234891997
-0.0007122524630569442 0.016576052730984954 0.016576052730984954 -0.0005837564274595792
-0.002660713920305562 0.016941755415901524 0.016941755415901524 -0.0005926460815419896
-0.0007119296170652314 0.015480419933602 0.015480419933602 0.00020609052799320802
-0.002659506205392035 0.015844927643376316 0.015844927643376316 0.00019784468691566668
-0.003932378866695296 0.010314796673854775 0.010314796673854775 0.0007233964109899008
-0.005485351315412191 0.01066593378735313 0.01066593378735313 0.0007184628118077974
-0.0039307190332054575 0.009443523505622907 0.009443523505622907 0.001493800652120366
-0.0054828999161078635 0.00979386299792888 0.00979386299792888 0.0014892614943408787
-0.006467322704901221 0.008432474062629794 0.008432474062629794 0.0024207716477296012
-0.007616269231235214 0.008733978962535381 0.008733978962535381 0.0024180779759099763
-0.0064651779859493394 0.007788702460882839 0.007788702460882839 0.0030878908671062057
-0.007613587616653963 0.008089745534724154 0.008089745534724154 0.0030854196137978683
-0.008339572930520161 0.006892563338733854 0.006892563338733854 0.004025246754795747
-0.009190893860121545 0.007159646968720159 0.007159646968720159 0.004023491505540496
-0.00833739399644205 0.006415887337161738 0.006415887337161738 0.004619243033723829
-0.009188371353231485 0.006682695396762618 0.006682695396762618 0.00461764623643588
-0.009681092341862393 0.005161746105027881 0.005161746105027881 0.005478897237038234
-0.010202375648697304 0.005328817922868991 0.005328817922868991 0.005478591830320953
-0.00967968375101342 0.0048696090857912105 0.0048696090857912105 0.00585292602754932
-0.01020081700544424 0.005036577894044655 0.005036577894044655 0.005852661493089227
-0.010396022102807942 0.0031830387995575005 0.0031830387995575005 0.006420303896694629
-0.010442907305255966 0.003241749315959975 0.003241749315959975 0.006420451823927823
-0.010396390466338114 0.003155607376227073 0.003155607376227073 0.006553824429928724
-0.010443259543416435 0.0032143181246539945 0.0032143181246539945 0.0065539579152861
-0.010255331082870113 0.0010336081619810305 0.0010336081619810305 0.006517417173716265
-0.009737483644236525 0.0010417161151845928 0.0010417161151845928 0.006517380512909385
-0.0102578413782579 0.0013217286363270855 0.0013217286363270855 0.006535012680932015
-0.009740004434813704 0.0013297670391670174 0.0013297670391670174 0.006534979255468837
-0.00907773800518071 -0.0009313567594698353 -0.0009313567594698353 0.005590757767392563
-0.007829260307621325 -0.0009658256206955861 -0.0009658256206955861 0.005590728684025991
-0.009082841496461155 -0.00023381021209703735 -0.00023381021209703735 0.005508064808608994
-0.00783424605983516 -0.0002687047515262656 -0.0002687047515262656 0.005508026950327192
-0.006648919792796769 -0.001941321595917257 -0.001941321595917257 0.0033392897946687974
-0.004686908502355532 -0.0019459798349044982 -0.0019459798349044982 0.003339581196312664
-0.0066561342363520345 -0.0008420319565683591 -0.0008420319565683591 0.0033181951115398346
-0.00469397655423339 -0.0008477462946253524 -0.0008477462946253524 0.0033183951046545732
-0.0031744357302190412 -0.0014395449719446128 -0.0014395449719446128 0.0008647121462113255
-0.000992000061017778 -0.0013427887109005996 -0.0013427887109005996 0.000865635587421008
-0.0031819170956558836 -0.00021339740818856773 -0.00021339740818856773 0.0010715779570472286
-0.000999644210576525 -0.00011796388956830448 -0.00011796388956830448 0.001072237252952699
-0.000886320054275845 0.014513555690008062 0.014513555690008062 0.0006311133254762822
-0.003311738561840125 0.014693277357581145 0.014693277357581145 0.0006285162622313351
-0.0008860900190602072 0.01315099281553763 0.01315099281553763 0.000997466570322308
-0.0033108777479078236 0.01332905595003162 0.01332905595003162 0.0009951209842338393
-0.004683764654233735 0.008472443106924249 0.008472443106924249 0.0019362315390000157
-0.006018417614207759 0.00866569778358811 0.00866569778358811 0.0019344710042288062
-0.004682996786572792 0.007724315893922115 0.007724315893922115 0.002357425777520818
-0.006017239940557599 0.007917041308450863 0.007917041308450863 0.002355812614937074
-0.006861040783227507 0.006707896374851013 0.006707896374851013 0.0034659454287140306
-0.007837507445021602 0.006864478225239194 0.006864478225239194 0.003464916780306055
-0.006859987988414294 0.006161311406918769 0.006161311406918769 0.0038104089685260596
-0.00783620758240467 0.006317605652265747 0.006317605652265747 0.003809466677268496
-0.008435213000205966 0.0051990531538363355 0.0051990531538363355 0.004918624058574441
-0.009103148698073226 0.005290708662397486 0.005290708662397486 0.004918643000172055
-0.008434258043220117 0.004825289722311703 0.004825289722311703 0.005122047759258938
-0.009102059070791249 0.004916814905936261 0.004916814905936261 0.005122066775537456
-0.00946580364588991 0.003494114657572099 0.003494114657572099 0.006009087215060733
-0.009803911771414776 0.0035097609898127858 0.0035097609898127858 0.006009544673414557
-0.009465282840817255 0.0033046112005966255 0.0033046112005966255 0.006045269015590221
-0.009803338242250654 0.0033202279314885857 0.0033202279314885857 0.006045684227707835
-0.00990013276942008 0.001718260158690211 0.001718260158690211 0.00657733363535625
-0.009841479457092668 0.0016842429552997198 0.0016842429552997198 0.006577493359146018
-0.009900326155504482 0.0017504648396388426 0.0017504648396388426 0.0065025647406293605
-0.009841662909914029 0.0017164472433295833 0.0017164472433295833 0.006502717565979597
-0.009613436522398006 -5.475052897841915e-05 -5.475052897841915e-05 0.006481399940511839
-0.009065422216894301 -0.0001240143823417302 -0.0001240143823417302 0.006481256203291151
-0.009614563488745289 0.0002511942317057122 0.0002511942317057122 0.006326041806720554
-0.009066504828138311 0.00018184437449389967 0.00018184437449389967 0.006325938134882033
-0.008446925044956873 -0.0014608965774363253 -0.0014608965774363253 0.005410342495715966
-0.007316877106564233 -0.0015320311382183086 -0.0015320311382183086 0.005410097655732719
-0.008449006477609105 -0.0008289968710384172 -0.0008289968710384172 0.005247825377803124
-0.0073188290357305095 -0.0009004856839580973 -0.0009004856839580973 0.005247633946983974
-0.0063374623031296415 -0.0018819869611987916 -0.0018819869611987916 0.003307046857420492
-0.004794494176895319 -0.0018707551439990369 -0.0018707551439990369 0.0033072278940921534
-0.006339985836106885 -0.0010175074776841045 -0.0010175074776841045 0.0033268127312975643
-0.004796972630344154 -0.0010069291569889843 -0.0010069291569889843 0.003326923279335846
-0.0036602876371618557 -0.0011685248164059853 -0.0011685248164059853 0.0012412995299388267
-0.002098999861167082 -0.0010408224415335942 -0.0010408224415335942 0.0012420277779860967
-0.0036627845703290246 -0.0002920128124276434 -0.0002920128124276434 0.0015236612218378445
-0.002101656978059101 -0.0001649990706068885 -0.0001649990706068885 0.0015241202373260454
-0.000934913101722758 0.012080267958928878 0.012080267958928878 0.0011616885597390714
-0.0034935321551946862 0.012130725105188301 0.012130725105188301 0.0011624556998401088
-0.0009348033464533582 0.010643435073329576 0.010643435073329576 0.0012410347395023392
-0.0034931216111953878 0.010692083182127504 0.010692083182127504 0.001241706090895415
-0.0048652882484719615 0.006936381073314507 0.006936381073314507 0.0025572702225664114
-0.00605604134522025 0.006991390863485667 0.006991390863485667 0.002557562945755405
-0.004865002148207271 0.006269059988111854 0.006269059988111854 0.002671720696980915
-0.0060555924017121595 0.006323677363372898 0.006323677363372898 0.002671986803926791
-0.006784986346078815 0.005291811591876875 0.005291811591876875 0.003961989543885811
-0.00758882547591504 0.005318111842865999 0.005318111842865999 0.003962551666699514
-0.006784599343068154 0.004841796230736115 0.004841796230736115 0.004017310069613313
-0.007588343403516218 0.004867919034980223 0.004867919034980223 0.0040178227069589114
-0.008092276021832356 0.0038487407980804665 0.0038487407980804665 0.005186127076518456
-0.00866810354671132 0.003829745475848114 0.003829745475848114 0.0051868932512363275
-0.008091875570274638 0.0035265475195906046 0.0035265475195906046 0.005142756981528828
-0.008667656442572832 0.0035074616579220614 0.0035074616579220614 0.0051434521617243385
-0.00896315452997553 0.002287735847056381 0.002287735847056381 0.006014568502831423
-0.009198735295852968 0.0022289947055984284 0.0022289947055984284 0.00601509525817431
-0.008962935957527757 0.002155705196565339 0.002155705196565339 0.00588391971078419
-0.009198503233976252 0.0020969461278885575 0.0020969461278885575 0.005884402645519819
-0.009246267861654483 0.0007620548925646991 0.0007620548925646991 0.006402897364180084
-0.009145723754772279 0.0006718771365370189 0.0006718771365370189 0.006403075546444642
-0.009246315736815447 0.0008180853851818441 0.0008180853851818441 0.0062019388240861645
-0.009145759267425512 0.0007278969218501175 0.0007278969218501175 0.006202124255249965
-0.008916841702454605 -0.0006427398703182939 -0.0006427398703182939 0.0061771171663051495
-0.008395948673749943 -0.0007535340135848209 -0.0007535340135848209 0.006177004393759708
-0.00891713954311017 -0.0003516812226938762 -0.0003516812226938762 0.005929233725998502
-0.008396182189975948 -0.00046256237494507013 -0.00046256237494507013 0.005929183022383416
-0.007866118130346352 -0.0015825368413699891 -0.0015825368413699891 0.005115702039645684
-0.006941552970476138 -0.0016664588793492928 -0.0016664588793492928 0.0051154768672823005
-0.007866427775172014 -0.001065468688652382 -0.001065468688652382 0.004926456660463653
-0.006941767128850877 -0.0011496321002104825 -0.0011496321002104825 0.004926308203786519
-0.00619217833493981 -0.0016584126673164828 -0.0016584126673164828 0.003348488454170343
-0.005070834364519738 -0.0016348500948971554 -0.0016348500948971554 0.003348586487764914
-0.0061924286540531075 -0.0010302450688806043 -0.0010302450688806043 0.003399111123512429
-0.005071090086009731 -0.0010070279691077135 -0.0010070279691077135 0.003399159432383906
-0.004283490687903271 -0.0009218648198259783 -0.0009218648198259783 0.0017451826494566602
-0.0032535017794944575 -0.0007737980060672879 -0.0007737980060672879 0.0017455282453750223
-0.004283803237211186 -0.0003439348418814331 -0.0003439348418814331 0.002076001916946469
-0.00325393934172914 -0.00019618343918256385 -0.00019618343918256385 0.0020761380327958424
-0.0008804103335303624 0.009590105534500137 0.009590105534500137 0.0012277492597193734
-0.0032896260997154377 0.009549193111676254 0.009549193111676254 0.001230253286367841
-0.0008803819157845364 0.008237170441087826 0.008237170441087826 0.0011101096170609845
-0.0032895200220722128 0.008194654066799983 0.008194654066799983 0.0011122614807989374
-0.004567441225149023 0.0056165832152266695 0.0056165832152266695 0.0026815165711781253
-0.005646983677412277 0.005577343463267878 0.005577343463267878 0.002682780556834962
-0.004567374900444265 0.00501142345890916 0.00501142345890916 0.0025870394101465102
-0.005646888446571552 0.004971861732362033 0.004971861732362033 0.002588175835774995
-0.006318631075175788 0.004177841451204258 0.004177841451204258 0.003993196517907423
-0.007074485799819987 0.004121073796922094 0.004121073796922094 0.0039943076658135014
-0.006318537961834135 0.0037545836591584753 0.0037545836591584753 0.003863259902865463
-0.007074380287937543 0.0036976558826306537 0.0036976558826306537 0.003864262955386041
-0.007534480196970422 0.0028238550578504576 0.0028238550578504576 0.005057406157657366
-0.00803599562260379 0.0027356522108504676 0.0027356522108504676 0.005058368999961705
-0.007534389872266984 0.002543181167259794 0.002543181167259794 0.0048593714033527205
-0.00803591084887101 0.002454901263612885 0.002454901263612885 0.0048602425573707414
-0.008296448778393691 0.0014710232707373365 0.0014710232707373365 0.005751009604326306
-0.008507003387945068 0.0013644423268357373 0.0013644423268357373 0.005751562108812038
-0.00829640927868431 0.0013532083975075328 0.0013532083975075328 0.005512861194234287
-0.008506974691059387 0.0012466034171852239 0.0012466034171852239 0.005513375451904237
-0.008544788964108983 0.0001891206266412986 0.0001891206266412986 0.006025772736914297
-0.008437139108095558 6.247977154506175e-05 6.247977154506175e-05 0.006026018004077804
-0.008544748177006066 0.0002491835601552956 0.0002491835601552956 0.005743073566748797
-0.008437081981283828 0.00012252261983554047 0.00012252261983554047 0.005743332303329962
-0.008235556639098461 -0.0008789065435719227 -0.0008789065435719227 0.005739816489449956
-0.007791419240297772 -0.0009992304359142967 -0.0009992304359142967 0.005739809168089374
-0.008235348693733562 -0.0006307977635990979 -0.0006307977635990979 0.005470882275883801
-0.007791149062845876 -0.0007511909088496163 -0.0007511909088496163 0.005470929435140136
-0.00737390315803991 -0.0014690907536416557 -0.0014690907536416557 0.0047921791279584534
-0.006677351438998027 -0.0015471261400668585 -0.0015471261400668585 0.004792082677830703
-0.007373415144340229 -0.0010796248165221272 -0.0010796248165221272 0.004617261522714736
-0.006676806804062706 -0.0011577991653825492 -0.0011577991653825492 0.004617227573520228
-0.006156869622894807 -0.0013745641637944942 -0.0013745641637944942 0.003446565281956069
-0.005433777103378735 -0.0013377689934869017 -0.0013377689934869017 0.003446602283490014
-0.006156412424005945 -0.0009695028683223635 -0.0009695028683223635 0.00352835011904834
-0.005433337169573039 -0.0009328522622402123 -0.0009328522622402123 0.003528346225974465
-0.0049518258731985985 -0.0007122088083193278 -0.0007122088083193278 0.0023240874364229462
-0.00436041795897351 -0.0005568635357862582 -0.0005568635357862582 0.002324094713085095
-0.004951573440108347 -0.0003803879091160869 -0.0003803879091160869 0.0026719932803543622
-0.004360236077761671 -0.0002251649656284545 -0.0002251649656284545 0.002671868707677591
-0.0007769464940288013 0.007294831312664476 0.007294831312664476 0.0010020498329500617
-0.002902631630285105 0.007223551785293319 0.007223551785293319 0.0010041243809453327
-0.0007769597874887206 0.0061008859153992585 0.0061008859153992585 0.0008242788093361037
-0.0029026815642051135 0.006028353643118976 0.006028353643118976 0.0008260212151621946
-0.004039557389637873 0.004525555880337267 0.004525555880337267 0.0024818086121586092
-0.0050169796726690224 0.004441180351912469 0.004441180351912469 0.0024831327288164086
-0.0040395825416041035 0.003977341294300704 0.003977341294300704 0.002287888750495192
-0.005017036851395755 0.0038926946627462246 0.0038926946627462246 0.0022890591886355785
-0.0056446667234016056 0.0033025784590375823 0.0033025784590375823 0.0037196160213668152
-0.006381600441241574 0.003185578629811854 0.003185578629811854 0.0037209567574613515
-0.0056447499295809896 0.0028898007884996385 0.0028898007884996385 0.003455157520286774
-0.006381726762545267 0.002772637018866573 0.002772637018866573 0.0034563508742513314
-0.006825512251342708 0.002098596253715532 0.002098596253715532 0.0046767570195281535
-0.007300506950738731 0.0019632883944623305 0.0019632883944623305 0.004677757797107671
-0.0068256149707115014 0.0018327282068854305 0.0018327282068854305 0.00437318424807109
-0.007300651721004007 0.0016973386716207393 0.0016973386716207393 0.004374085760519458
-0.007549162448764795 0.0009438460312532642 0.0009438460312532642 0.005302509680012823
-0.007752088499106745 0.000792281491737272 0.000792281491737272 0.005303176052254686
-0.007549235348275487 0.0008302442783869559 0.0008302442783869559 0.004963679783479921
-0.007752184812740932 0.0006786436859406609 0.0006786436859406609 0.004964302272168752
-0.007801775444179267 -0.00010899521376831458 -0.00010899521376831458 0.005517531685682673
-0.007732487199899269 -0.00025904274179069985 -0.00025904274179069985 0.005517869581567542
-0.00780168895554954 -7.046881362597302e-05 -7.046881362597302e-05 0.005182529399170567
-0.007732386324949568 -0.00022054196533312164 -0.00022054196533312164 0.0051828754853959595
-0.007592236289341703 -0.0009031608008642871 -0.0009031608008642871 0.005270605609686339
-0.007276545197407741 -0.0010279923807620527 -0.0010279923807620527 0.005270708150208494
-0.007591842604940839 -0.0007269474622110452 -0.0007269474622110452 0.004991892816304212
-0.00727610816416287 -0.0008518228372477217 -0.0008518228372477217 0.004992037934352914
-0.006999062071689244 -0.0012671663810968486 -0.0012671663810968486 0.004518720603177035
-0.006557021709911058 -0.0013092293596377496 -0.0013092293596377496 0.004518711657916754
-0.006998496518356229 -0.001019978029346029 -0.001019978029346029 0.004424588934725741
-0.006556433545695364 -0.0010620958872653067 -0.0010620958872653067 0.004424598018006267
-0.006244595944750189 -0.0011009056658710875 -0.0011009056658710875 0.003605675391153974
-0.005835498432872316 -0.0010429675464953688 -0.0010429675464953688 0.0036056281000630287
-0.00624415493714882 -0.0008716714743691789 -0.0008716714743691789 0.0037351552770226283
-0.0058350727300231255 -0.0008137825750080185 -0.0008137825750080185 0.003735071428553025
-0.0055856078670726275 -0.0005414742778404182 -0.0005414742778404182 0.0029181343439904084
-0.005314430876352355 -0.000396764799331535 -0.000396764799331535 0.0029179423052075387
-0.005585423269509013 -0.00038918865540177235 -0.00038918865540177235 0.003242118331417141
-0.005314272203773051 -0.0002445220383486429 -0.0002445220383486429 0.0032418659191570105
-0.0006490038371450479 0.005299203154172171 0.005299203154172171 0.0006957365853446312
-0.0024242272218881152 0.0052270208429439245 0.0052270208429439245 0.0006970173948556362
-0.0006490293890073484 0.004301814108329416 0.004301814108329416 0.0005225787005104883
-0.002424322895876528 0.004228756145101618 0.004228756145101618 0.0005236290063926284
-0.003409029836385526 0.0035817631282599456 0.0035817631282599456 0.0021236688428141674
-0.004322108827114386 0.003470100363729922 0.003470100363729922 0.0021248606688252475
-0.0034090941502671313 0.0030693914886490703 0.0030693914886490703 0.0018696216129632894
-0.004322236225966801 0.00295748492718718 0.00295748492718718 0.0018706486437164215
-0.004903577918054689 0.0025487201874192563 0.0025487201874192563 0.003243614223733375
-0.005578196762187649 0.0024096533548656628 0.0024096533548656628 0.003244765878552404
-0.004903723653470968 0.002170582006090316 0.002170582006090316 0.0029301893542947937
-0.00557840349783044 0.002031368842492456 0.002031368842492456 0.0029311945532224434
-0.005991572022145506 0.0015500585667111463 0.0015500585667111463 0.0041252551562625285
-0.006445161278246046 0.0013832194912988983 0.0013832194912988983 0.004126258588509723
-0.005991765587392403 0.001296004116723327 0.001296004116723327 0.0037511848512926252
-0.00644540980187006 0.001129078321004053 0.001129078321004053 0.00375207711846578
-0.006697423039712888 0.0005988747315704312 0.0005988747315704312 0.00470021958578753
-0.006931435740715085 0.00042820106281376083 0.00042820106281376083 0.00470091068108042
-0.006697573584757856 0.00046776827157400165 0.00046776827157400165 0.004318553033669178
-0.0069316161545920916 0.00029704804806141233 0.00029704804806141233 0.00431918687950623
-0.007024935491328016 -0.0002268571479928406 -0.0002268571479928406 0.004939998039206785
-0.00704458144464105 -0.0003737924086298777 -0.0003737924086298777 0.0049403521451789265
-0.007024900323368247 -0.00023810905654373255 -0.00023810905654373255 0.004611760647156474
-0.007044542953439115 -0.0003850677890646761 -0.0003850677890646761 0.004612105074241257
-0.007002566970863527 -0.0007878348280176089 -0.0007878348280176089 0.004807755137823422
-0.006867155914899449 -0.0008884214423506235 -0.0008884214423506235 0.004807890516478927
-0.007002341148165702 -0.0007123140439939615 -0.0007123140439939615 0.00458307007352099
-0.006866913641443073 -0.000812916395421791 -0.000812916395421791 0.004583218654949897
-0.0067454234582556005 -0.0010027792798969347 -0.0010027792798969347 0.004369807514147552
-0.006548939257352193 -0.001027674717419282 -0.001027674717419282 0.004369811960868236
-0.006745152889336546 -0.0008928471378846619 -0.0008928471378846619 0.004314121493538159
-0.006548662803740818 -0.0009177535097012877 -0.0009177535097012877 0.004314130839087682
-0.006416974930568106 -0.0008418142553462261 -0.0008418142553462261 0.0038358209300715204
-0.006254812512111727 -0.0007767473552130464 -0.0007767473552130464 0.0038357039797141824
-0.006416796804202408 -0.0007508077401015159 -0.0007508077401015159 0.003981204772136472
-0.0062546410985686715 -0.0006857523182545139 -0.0006857523182545139 0.0039810717206437635
-0.006180781419484663 -0.0004021350268741784 -0.0004021350268741784 0.003480733602329226
-0.006142314691260561 -0.00025549248506604176 -0.00025549248506604176 0.0034804018507764334
-0.006180814017857979 -0.0003801614419592183 -0.0003801614419592183 0.003808521642050811
-0.006142346133605026 -0.00023354232691262674 -0.00023354232691262674 0.003808176451580654
-0.00051839355502946 0.0036474728861845365 0.0036474728861845365 0.000401650070678852
-0.001936018371488261 0.0035803612385800457 0.0035803612385800457 0.0004023816109140002
-0.0005184193385457769 0.0028507445686444394 0.0028507445686444394 0.0002446078344114113
-0.0019361148208321727 0.0027830730061698798 0.0027830730061698798 0.0002451918275351277
-0.0027710358280820927 0.002710273908894496 0.002710273908894496 0.0016703422046200817
-0.003633495592460769 0.0025822459298813767 0.0025822459298813767 0.0016713819177361384
-0.002771114690947985 0.002226096496798835 0.002226096496798835 0.0013804602557749295
-0.003633642012131251 0.002097845074177543 0.002097845074177543 0.0013813219125530932
-0.004178505248705131 0.001886748564306815 0.001886748564306815 0.002698232476247431
-0.004804195128429226 0.0017444489306053489 0.0017444489306053489 0.0026991297726349436
-0.004178651118846309 0.00153580871405667 0.00153580871405667 0.0023779469839197544
-0.004804398136976598 0.0013933789938295896 0.0013933789938295896 0.00237870450507714
-0.005191461633442243 0.001099727538180689 0.001099727538180689 0.0034905545400941373
-0.005622826021305634 0.0009490797771547276 0.0009490797771547276 0.003491275035191742
-0.005191640177365981 0.0008579209559247367 0.0008579209559247367 0.0031527033979373903
-0.00562304715957276 0.0007071972326356829 0.0007071972326356829 0.003153323577750374
-0.005885596822884542 0.0003781674196992855 0.0003781674196992855 0.004059190238516093
-0.006171033181937081 0.000232314662080926 0.000232314662080926 0.004059689858074286
-0.00588578740997634 0.00021822998399876077 0.00021822998399876077 0.0037327203690232713
-0.006171254410716625 7.233180194313421e-05 7.233180194313421e-05 0.003733159601019931
-0.00632889362818653 -0.0002124880909265407 -0.0002124880909265407 0.004389771647682569
-0.006473870391890384 -0.00033665732760369935 -0.00033665732760369935 0.004390056367006513
-0.006329016492058994 -0.0002937549882326713 -0.0002937549882326713 0.004112116672642535
-0.006474007122441011 -0.0004179466065679349 -0.0004179466065679349 0.004112375983487319
-0.006541001714356614 -0.0005940500877243123 -0.0005940500877243123 0.004435609278977645
-0.006579187616676104 -0.0006734942530817426 -0.0006734942530817426 0.0044357297060832745
-0.006541030633619844 -0.0006154948346972962 -0.0006154948346972962 0.004257985610303096
-0.0065792186793999915 -0.0006949460564586307 -0.0006949460564586307 0.004258101690078679
-0.006593704208171222 -0.0007227655162581126 -0.0007227655162581126 0.0042794837532003
-0.006595844285730733 -0.0007398982859001953 -0.0007398982859001953 0.004279492255525688
-0.006593728825472976 -0.0007238830559114733 -0.0007238830559114733 0.004241089604528136
-0.006595869753681593 -0.0007410159670444483 -0.0007410159670444483 0.004241098947376848
-0.006611859619139577 -0.0005875030659992453 -0.0005875030659992453 0.004082375478333647
-0.006654776572417496 -0.0005285045269769252 -0.0005285045269769252 0.0040822493456943755
-0.006611971175693463 -0.0006112368093796918 -0.0006112368093796918 0.004214024535841725
-0.006654885692900189 -0.00055224222998277 -0.00055224222998277 0.0042139014762477885
-0.0067200900658959265 -0.00027535199069231205 -0.00027535199069231205 0.004034667058056869
-0.006856335459317956 -0.00014504150183691417 -0.00014504150183691417 0.004034346548127556
-0.0067203119513722645 -0.00035116808765876616 -0.00035116808765876616 0.004325520728321287
-0.006856540705720493 -0.00022088064331338787 -0.00022088064331338787 0.004325222253820058
-0.00039095407715274865 0.0023393139002364956 0.0023393139002364956 0.0001304330544539271
-0.0014598274001013049 0.0022717429314504036 0.0022717429314504036 0.00013091653165460447
-0.0003909707488308096 0.0017384013830044457 0.0017384013830044457 -2.4451908909463447e-05
-0.00145988973308638 0.0016705094962452109 0.0016705094962452109 -2.40851841089668e-05
-0.0021547189158235137 0.0018876186374033163 0.0018876186374033163 0.0011867770217108262
-0.0029839256869504654 0.0017819286040633682 0.0017819286040633682 0.0011873939415536936
-0.0021547953941229063 0.0014219809827567 0.0014219809827567 0.0009476687153597771
-0.002984058157879499 0.0013160887759190686 0.0013160887759190686 0.0009481468870797211
-0.003510707517820904 0.0013307431559172913 0.0013307431559172913 0.0021615467052394084
-0.004120167905130758 0.0012106191635766715 0.0012106191635766715 0.0021621120286304065
-0.003510824416249376 0.0009887758653985988 0.0009887758653985988 0.0018912412424327764
-0.00412032836587481 0.0008685335699318975 0.0008685335699318975 0.0018916882088419323
-0.0045105511732173665 0.0007705133846408065 0.0007705133846408065 0.0029395564778143027
-0.0049670614419045425 0.0006620516922641288 0.0006620516922641288 0.0029399316406310562
-0.004510704460043595 0.0005145658811089716 0.0005145658811089716 0.0026960412251155596
-0.004967249655509479 0.00040603392189962113 0.00040603392189962113 0.002696342171165437
-0.0052550205621526075 0.00026072621062335965 0.00026072621062335965 0.0035287065533768738
-0.005584540514732211 0.00015828633877201033 0.00015828633877201033 0.0035289685170208957
-0.005255187697364656 7.60874404230997e-05 7.60874404230997e-05 0.0032991491821248234
-0.005584733230962952 -2.639372547179708e-05 -2.639372547179708e-05 0.0032993625242073773
-0.0057948939950606786 -0.00013522487525192265 -0.00013522487525192265 0.003931391633597632
-0.006039728757406187 -0.00023116306070701713 -0.00023116306070701713 0.0039315766446235524
-0.00579508914213149 -0.0002723001626768488 -0.0002723001626768488 0.0037166846139023778
-0.006039944084545354 -0.0003682646320256951 -0.0003682646320256951 0.0037168385638529345
-0.006193228853116715 -0.0003769480610729295 -0.0003769480610729295 0.004138835402856422
-0.006367949244760428 -0.00044250878106706664 -0.00044250878106706664 0.004138934282955366
-0.006193404456242119 -0.0004746958193648426 -0.0004746958193648426 0.003992171122045869
-0.006368135371749659 -0.0005402693328954524 -0.0005402693328954524 0.003992255717103393
-0.00648959035546954 -0.00045510526284997565 -0.00045510526284997565 0.004213357268947529
-0.006647736343069531 -0.00047124214606638606 -0.00047124214606638606 0.0042133733353211175
-0.00648978764437304 -0.0005434442998446555 -0.0005434442998446555 0.004177135989313919
-0.006647937274145846 -0.0005595880914304288 -0.0005595880914304288 0.004177150166001798
-0.006780443306283787 -0.00036539844324521165 -0.00036539844324521165 0.004295463672754682
-0.006985560665318852 -0.0003240682072645385 -0.0003240682072645385 0.004295384831314273
-0.006780722550277796 -0.00047983837868327697 -0.00047983837868327697 0.004387534174789344
-0.0069858327297436145 -0.0004385211923213193 -0.0004385211923213193 0.00438746637930062
-0.007156461433711235 -0.00017023284660363895 -0.00017023284660363895 0.004515247485400771
-0.0074184437400525065 -6.758674118111536e-05 -6.758674118111536e-05 0.004515021318507279
-0.007156757566840566 -0.0003163944313842444 -0.0003163944313842444 0.004744051891409081
-0.007418718402180916 -0.00021377809115850216 -0.00021377809115850216 0.004743862549731377
-0.00030836385426934767 0.0013539147951655741 0.0013539147951655741 -0.00011752911461042688
-0.0011513071513593084 0.001310345917647076 0.001310345917647076 -0.00011733287511887279
-0.00030836967709993733 0.0008799302753873002 0.0008799302753873002 -0.00021682304419350356
-0.001151328919897766 0.0008361626491907551 0.0008361626491907551 -0.0002166931218699782
-0.0017350537788981305 0.001154091085934743 0.001154091085934743 0.0008052903666937034
-0.0024868412641919544 0.0010880598858937565 0.0010880598858937565 0.0008055464452726802
-0.001735088128231721 0.0007318197701585444 0.0007318197701585444 0.0006560126624973084
-0.0024869000135123867 0.0006656276388648576 0.0006656276388648576 0.0006561828765287762
-0.0029901329412186798 0.0008638345869782429 0.0008638345869782429 0.0017297003021979035
-0.003613201619785181 0.0007883668193685889 0.0007883668193685889 0.001729932535885544
-0.002990201199977739 0.0005142035670910389 0.0005142035670910389 0.0015597647768392285
-0.003613298473205915 0.00043862245422721455 0.00043862245422721455 0.0015599216254152395
-0.0040212842383194995 0.0005227895734975751 0.0005227895734975751 0.002546970168288395
-0.004512863935035508 0.0004505106711678005 0.0004505106711678005 0.002547136125705885
-0.0040213801892136185 0.00024717044442963053 0.00024717044442963053 0.0023845982816877204
-0.004512985257190001 0.00017481926439464197 0.00017481926439464197 0.002384711226945229
-0.004829960261116867 0.00019758748213361292 0.00019758748213361292 0.0031607117010363406
-0.005204398711541796 0.0001319071359689266 0.0001319071359689266 0.0031608220476972548
-0.00483007316635982 -1.2200849391422938e-05 -1.2200849391422938e-05 0.003013416335859965
-0.005204531189000664 -7.79244386250515e-05 -7.79244386250515e-05 0.003013492156490881
-0.005447181808276829 -5.271572091905016e-05 -5.271572091905016e-05 0.0035875137185936577
-0.005735880674534653 -0.00011386354891666403 -0.00011386354891666403 0.003587594816457955
-0.00544730837272395 -0.00021435036790518058 -0.00021435036790518058 0.0034505901682655707
-0.005736021260673712 -0.00027552507763017875 -0.00027552507763017875 0.0034506465673531726
-0.00594024391279348 -0.0001830444533817606 -0.0001830444533817606 0.0038981952433727895
-0.006210107387431033 -0.00023170062082204364 -0.00023170062082204364 0.003898252896950592
-0.0059404220795886385 -0.000333958603662516 -0.000333958603662516 0.003789314215961336
-0.006210297028325477 -0.00038263707323351096 -0.00038263707323351096 0.0037893548154188947
-0.0064078355599709634 -0.00022491422308894147 -0.00022491422308894147 0.004151222957906682
-0.006678496803597918 -0.00023977901062463853 -0.00023977901062463853 0.004151237219242328
-0.006408046747202385 -0.00037613541617956427 -0.00037613541617956427 0.004117841381541781
-0.006678712511332622 -0.0003910201883602434 -0.0003910201883602434 0.004117851460481827
-0.006891761034917909 -0.00018348604860730363 -0.00018348604860730363 0.004441318271939819
-0.0072039709392580165 -0.0001582269887872734 -0.0001582269887872734 0.004441280778282289
-0.006892018891617557 -0.0003577909599091852 -0.0003577909599091852 0.004497473468105699
-0.007204222865014072 -0.00033255888555517443 -0.00033255888555517443 0.004497446958572083
-0.007445539514799394 -7.564116021810356e-05 -7.564116021810356e-05 0.004878119081674316
-0.0077933366469053 -1.3289934955274457e-05 -1.3289934955274457e-05 0.004878021303926875
-0.007445787996425279 -0.0002697886785376649 -0.0002697886785376649 0.005016956747857532
-0.007793567965415063 -0.000207474351114905 -0.000207474351114905 0.005016888691820083
-0.0002714165046824139 0.000569505073085871 0.000569505073085871 -0.000254000065511598
-0.0010133102293868358 0.0005687234171984429 0.0005687234171984429 -0.00025396600746187335
-0.0002714081274243194 0.00015233268046433676 0.00015233268046433676 -0.0002562057251508154
-0.001013278947031376 0.0001513990053985873 0.0001513990053985873 -0.000256196599663248
-0.001539919632351668 0.0005259739946850865 0.0005259739946850865 0.0005855611039262596
-0.0022367168645517654 0.0005070743917545634 0.0005070743917545634 0.0005855984377933945
-0.0015398836700224307 0.00013455707161243733 0.00013455707161243733 0.00054273062874031
-0.002236682786136258 0.00011552289174959891 0.00011552289174959891 0.0005427406326765617
-0.0027197844440811263 0.000432541088612775 0.000432541088612775 0.00147447658620105
-0.003342706805641437 0.0004048703637243109 0.0004048703637243109 0.0014745149930431402
-0.002719760160066877 8.297421594524913e-05 8.297421594524913e-05 0.0014121025144708669
-0.0033426925081323404 5.519557701849948e-05 5.519557701849948e-05 0.0014121128062537505
-0.003757521406294774 0.00029560039068234685 0.00029560039068234685 0.0022973878728606576
-0.004267819717428761 0.00026220046185550477 0.00026220046185550477 0.002297423898501647
-0.0037575181104890546 9.485888794752745e-06 9.485888794752745e-06 0.002222353116609717
-0.004267827613307183 -2.3986992877129228e-05 -2.3986992877129228e-05 0.00222236277046874
-0.004599224273581167 0.00014927844365853206 0.00014927844365853206 0.002932186217006274
-0.00499426153108693 0.00011635906282341605 0.00011635906282341605 0.0029322130887678116
-0.004599237330575784 -7.205129161947875e-05 -7.205129161947875e-05 0.0028583799526344087
-0.004994283474384587 -0.00010501472791612897 -0.00010501472791612897 0.0028583871535147877
-0.0052562960856730925 3.67887228044727e-05 3.67887228044727e-05 0.0033768243580498034
-0.005577122001293101 8.269790728360304e-06 8.269790728360304e-06 0.0033768419756624135
-0.0052563258633250235 -0.00014281310634371749 -0.00014281310634371749 0.003312948420613336
-0.005577158953147351 -0.00017136110405699146 -0.00017136110405699146 0.003312953141596256
-0.005806689654572257 -2.198450733900538e-05 -2.198450733900538e-05 0.003730171082674082
-0.006113097403163927 -4.521332557740059e-05 -4.521332557740059e-05 0.0037301836564048577
-0.005806744834024697 -0.00019333237082291125 -0.00019333237082291125 0.003678171545240206
-0.0061131589394719296 -0.00021658733341323693 -0.00021658733341323693 0.00367817491457496
-0.006348676218529605 -3.446001819932239e-05 -3.446001819932239e-05 0.0040961954215610686
-0.006685974466193094 -4.5605917401562155e-05 -4.5605917401562155e-05 0.004096200517615895
-0.006348763128831285 -0.00022289818544340273 -0.00022289818544340273 0.004071186521531545
-0.006686065858103218 -0.00023407498812764895 -0.00023407498812764895 0.004071187887052006
-0.006940850592931109 -3.097109544391342e-05 -3.097109544391342e-05 0.0045226339511187635
-0.007299906742557809 -2.490018830950034e-05 -2.490018830950034e-05 0.0045226273407798995
-0.006940946336652254 -0.00023148464739097986 -0.00023148464739097986 0.004536030572189955
-0.007300002700443774 -0.0002254486301209271 -0.0002254486301209271 0.004536028800963647
-0.007571616310151946 6.481454539145358e-07 6.481454539145358e-07 0.005078357011793034
-0.007954888162621309 1.4029724284460909e-05 1.4029724284460909e-05 0.005078348072708698
-0.00757170845457117 -0.00021335737204090878 -0.00021335737204090878 0.005108095621680029
-0.007954975936208898 -0.0002000157862225192 -0.0002000157862225192 0.005108093226511816
eps_abs 640
0.002027451246913653 0.0011574936622481575 0.0011574936622481575 0.01753829459292031
0.007546573783434331 0.001451685368414744 0.001451685368414744 0.01753774014424295
0.0020271315572960385 0.0042967026343467135 0.0042967026343467135 0.017670484251551134
0.007545384401680364 0.004308509912974298 0.004308509912974298 0.01766780262207191
0.012862819886812616 0.002158095624483785 0.002158095624483785 0.02801586893116323
0.02190404849393125 0.002952610481937342 0.002952610481937342 0.028017189376671976
0.012860309432455244 0.007250878387770992 0.007250878387770992 0.02697475805805788
0.021898127966916803 0.0077318637843585315 0.0077318637843585315 0.026979681730244027
0.027992841359798067 0.0032045537509923054 0.0032045537509923054 0.04242339650492208
0.035913933107640274 0.005040137605983872 0.005040137605983872 0.04242984234022998
0.027980306751924918 0.007242984486182811 0.007242984486182811 0.03829328643930641
0.03589021388514331 0.008977483809462249 0.008977483809462249 0.03831724848751859
0.040498104793394336 0.005298008706272002 0.005298008706272002 0.051454541191371286
0.045120877878338704 0.007357296790333833 0.007357296790333833 0.0514596199710072
0.04047607273163903 0.007292781403136779 0.007292781403136779 0.04668971927183435
0.04509124900330644 0.009287465167750307 0.009287465167750307 0.046708569421685414
0.047334498539799263 0.007692216580376252 0.007692216580376252 0.056704948918105375
0.04874903480717511 0.008803567626280751 0.008803567626280751 0.056706068832351506
0.04732501414317956 0.008055560871443814 0.008055560871443814 0.052934756839100414
0.04873868993185299 0.009736995435124416 0.009736995435124416 0.05293891978936425
0.04867446976999104 0.009050998584262868 0.009050998584262868 0.057169956919788
0.04702025727161162 0.009984674252309788 0.009984674252309788 0.05716945756298586
0.04869930845761933 0.008039233340396839 0.008039233340396839 0.05496922658327522
0.04704734372561294 0.008971515992749023 0.008971515992749023 0.05496736740918359
0.0447316080638202 0.009688924004527954 0.009688924004527954 0.053104743946822186
0.04009091892002357 0.009770974514051593 0.009770974514051593 0.05310410440215471
0.04479033098440538 0.007084381698293297 0.007084381698293297 0.052930277914716814
0.04014916650258578 0.007312490447030446 0.007312490447030446 0.0529278879620685
0.03491540591825207 0.008070194849383119 0.008070194849383119 0.044144458959455346
0.025348010473032933 0.006382126238112253 0.006382126238112253 0.044149124412596316
0.03503228036678995 0.003179320952456666 0.003179320952456666 0.04786532828305757
0.02543555267322926 0.0027560646629887046 0.0027560646629887046 0.04788919543512991
0.018288222904232664 0.00441709036264929 0.00441709036264929 0.02903838321397908
0.007819191600777455 0.001690226968064768 0.001690226968064768 0.029049811439095106
0.018374155517959956 0.004959392032849379 0.004959392032849379 0.03672921043454241
0.007844234882500647 0.007002299296609122 0.007002299296609122 0.036785236665875326
0.0042590795350209085 0.0016134121355413525 0.0016134121355413525 0.021482149805520365
0.0011424274215766593 0.0007435409913159461 0.0007435409913159461 0.021482431493246298
0.0042616488473307635 0.002773537361554982 0.002773537361554982 0.022586583863208866
0.0011431175616146176 0.002425073903914709 0.002425073903914709 0.02258803225911456
0.0023468688002415998 0.007000522977957553 0.007000522977957553 0.017202087443277475
0.008731199916462425 0.007719542242976687 0.007719542242976687 0.01720679536363604
0.0023446099337595503 0.010552521278140135 0.010552521278140135 0.015901457822883307
0.008722829520365858 0.011200098055597936 0.011200098055597936 0.015905213784490932
0.012595358140757422 0.011694879006137221 0.011694879006137221 0.025147995419924005
0.016818006549525137 0.0135453786948819 0.0135453786948819 0.025174842660876624
0.012585319937883708 0.013937668646413631 0.013937668646413631 0.021637684232137685
0.0167999913592679 0.015679045494420087 0.015679045494420087 0.02166770982108105
0.01975454068517081 0.013763339311058484 0.013763339311058484 0.033953117254177774
0.02353911596682962 0.017512399451335505 0.017512399451335505 0.034017349615432554
0.019728594130689954 0.01584545699470431 0.01584545699470431 0.025871329327329648
0.023497417016846277 0.01944180660743265 0.01944180660743265 0.025949092442588945
0.02633250158647765 0.016806033809718825 0.016806033809718825 0.04110140480991352
0.030005422973985365 0.021354158020581958 0.021354158020581958 0.0411566911005228
0.02628447348404123 0.018883988904245336 0.018883988904245336 0.030479309528141967
0.029938037566846737 0.023405278475963243 0.023405278475963243 0.03055238596320892
0.032763408854916694 0.021491292106834394 0.021491292106834394 0.04747597044125281
0.03629026204825806 0.026254161376426232 0.026254161376426232 0.04750343738921577
0.032685832417481166 0.023448202356433426 0.023448202356433426 0.036298668572149966
0.0361931156396101 0.028182419026443282 0.028182419026443282 0.03634442768906568
0.03858047115278997 0.025862253766815578 0.025862253766815578 0.0512081530040536
0.04076396894740831 0.029189237272211597 0.029189237272211597 0.05120455351323997
0.038519185254127605 0.02715662336213125 0.02715662336213125 0.04325335489830156
0.040694514541176424 0.03035822446998466 0.03035822446998466 0.04325850011811147
0.042325086185695034 0.02795896828023841 0.02795896828023841 0.05182007258354011
0.04393462932105357 0.028644181542926667 0.028644181542926667 0.05181472240413268
0.042282731034555085 0.028547439894224154 0.028547439894224154 0.04946791407157014
0.04389076189454771 0.029562211286712423 0.029562211286712423 0.04946415765031726
0.04464838197280936 0.02278184326999112 0.02278184326999112 0.050664305176097706
0.04397654740956765 0.020795373771131467 0.020795373771131467 0.05070322209250677
0.044732605711433504 0.02241939266164837 0.02241939266164837 0.05537939202627783
0.044056319239574315 0.020612140749093566 0.020612140749093566 0.05541701271504098
0.04274691824232086 0.01579332415356841 0.01579332415356841 0.04505164759101866
0.039859068812450806 0.009737147607375075 0.009737147607375075 0.04521146679568244
0.04282319802768448 0.015589437917411101 0.015589437917411101 0.0603181164689813
0.039918957110608354 0.009807555080670754 0.009807555080670754 0.06050789984492118
0.030526707787547062 0.009384526816723691 0.009384526816723691 0.03158459857515764
0.00827017076783007 0.0036802432429945816 0.0036802432429945816 0.03173031738022398
0.030908024012017716 0.008078583282032127 0.008078583282032127 0.056691244512010686
0.008375384585438789 0.015159609854181907 0.015159609854181907 0.05711935211237592
0.0017425108580607462 0.013242211068746026 0.013242211068746026 0.01400147016557007
0.006488140823533853 0.015008722951496153 0.015008722951496153 0.014045314867967638
0.0017384302900308101 0.015937690469873988 0.015937690469873988 0.009945745155780754
0.006473003342263784 0.017694518315710082 0.017694518315710082 0.009989295110980251
0.008600109295444374 0.017735286069825305 0.017735286069825305 0.018148608468280723
0.00968668266370797 0.020475268276979104 0.020475268276979104 0.018208335396524035
0.008597537478867769 0.018338957519153983 0.018338957519153983 0.012004155006320193
0.009682228308152624 0.021070301852054513 0.021070301852054513 0.012054442318958004
0.009971411757520152 0.02105838109085798 0.02105838109085798 0.019953069075940372
0.009606783324812126 0.02472060219539206 0.02472060219539206 0.020018013626964804
0.009984981854521149 0.02080134561264194 0.02080134561264194 0.011904809556596127
0.009625314050707975 0.02444861378331375 0.02444861378331375 0.011961378693342658
0.009761728204211263 0.024725294608690048 0.024725294608690048 0.022407612672293617
0.010300525305839766 0.029790490538432995 0.029790490538432995 0.022480548196678753
0.009757948280281233 0.024932347604541133 0.024932347604541133 0.011297458749229458
0.010292865310197113 0.02996901374281586 0.02996901374281586 0.0113464086616872
0.011045180603807069 0.03090342449244884 0.03090342449244884 0.02636192307686849
0.01307366226208646 0.0378934176784054 0.0378934176784054 0.02643214465636194
0.0110280929747109 0.031275224837295224 0.031275224837295224 0.011388493750510013
0.012968510661124385 0.038211009132614666 0.038211009132614666 0.011425886198573466
0.014858372231754749 0.039808446269031454 0.039808446269031454 0.032590870387908505
0.017428344435175106 0.049476669048817735 0.049476669048817735 0.03262946508743236
0.014750175644070874 0.040713136235983126 0.040713136235983126 0.01217224031775955
0.017283998582531553 0.05027719841848522 0.05027719841848522 0.012200246683058075
0.018818734533109616 0.053963371220037935 0.053963371220037935 0.03785457385633199
0.02002447010632473 0.0664248563856048 0.0664248563856048 0.03781598126757047
0.018787768065625005 0.05422936042237957 0.05422936042237957 0.0114765472110636
0.019975079950419417 0.0665260840121476 0.0665260840121476 0.011480779596766058
0.02347531162456968 0.06985362037548977 0.06985362037548977 0.043309910109478794
0.028087279013956513 0.08507354851156436 0.08507354851156436 0.04310132545298119
0.023002567284560193 0.0711466091101142 0.0711466091101142 0.011613851196918979
0.027443360901266235 0.08610910900775795 0.08610910900775795 0.01158929925543872
0.03143333632983092 0.09344558384244636 0.09344558384244636 0.04877581146076326
0.03526604521455854 0.11083988558909635 0.11083988558909635 0.04836452631488516
0.03095664100854294 0.09372754874634683 0.09372754874634683 0.010787046721121497
0.034708557567632886 0.11079096839776705 0.11079096839776705 0.010684087732509614
0.0405980205473513 0.11396296110947725 0.11396296110947725 0.046404761989330995
0.04855579506955436 0.13015362391483223 0.13015362391483223 0.045825774334307436
0.039216809281676555 0.11537380642282746 0.11537380642282746 0.009622352740773641
0.046980774294065976 0.1312755390898007 0.1312755390898007 0.00913099437376105
0.0006603300639294279 0.016867270990437434 0.016867270990437434 0.008164532592062627
0.002462485983257428 0.017590079625109934 0.017590079625109934 0.008182921094438664
0.0006596781395775958 0.017752870050091945 0.017752870050091945 0.0067006359595431445
0.0024600574764762147 0.018474435143050333 0.018474435143050333 0.0067138748267783705
0.0029029194925999087 0.01596505293714345 0.01596505293714345 0.009076868327484429
0.00279310601423434 0.017123869859936542 0.017123869859936542 0.009101389303466096
0.002904372909682905 0.015346891192253244 0.015346891192253244 0.006695986953631458
0.002791029633862833 0.01650389532899251 0.01650389532899251 0.006713851937431058
0.002937422795830975 0.014999318606665603 0.014999318606665603 0.008260811375107684
0.002994200047566741 0.016334639997209802 0.016334639997209802 0.00828061374841346
0.002939769574306103 0.014051971992624038 0.014051971992624038 0.005934816497685245
0.0029935904175287242 0.015384541418820475 0.015384541418820475 0.005941197217517717
0.003526631606445511 0.014818126544175412 0.014818126544175412 0.007597970530086534
0.0049056684850245 0.01615946034081602 0.01615946034081602 0.007609063903520861
0.0035159722397098796 0.01391530543951166 0.01391530543951166 0.005724329945458751
0.004888692824228059 0.015253961574912527 0.015253961574912527 0.005725145247681303
0.0058144872572201125 0.01421181424692083 0.01421181424692083 0.00754590440842172
0.007032843940341898 0.015638521408071794 0.015638521408071794 0.007549498987905175
0.005799668178283456 0.013451137653891073 0.013451137653891073 0.00602364888661268
0.007015425786963632 0.014809349400467414 0.014809349400467414 0.0060176256112595165
0.007784711638556725 0.013512783708832014 0.013512783708832014 0.007890942802316192
0.008845633307078092 0.014980780323799202 0.014980780323799202 0.007895247706744525
0.007768831053909053 0.01262971539388486 0.01262971539388486 0.00690142923679955
0.008827456724508121 0.014094855696932064 0.014094855696932064 0.0068979785472989925
0.009343355096423466 0.011848825814793363 0.011848825814793363 0.00866910045602976
0.010039091299610146 0.013218383425528241 0.013218383425528241 0.008669077387484863
0.00933518589474323 0.011012264206702479 0.011012264206702479 0.007391076650426425
0.010029812272881754 0.012411936600426256 0.012411936600426256 0.0073902978185300125
0.009992999164097398 0.010024935572445647 0.010024935572445647 0.00899433692530923
0.009624152432092133 0.011625550852311465 0.011625550852311465 0.008979732299005411
0.01001482204473949 0.009274213554707327 0.009274213554707327 0.00664126103536805
0.009636727362592325 0.010718006830609503 0.010718006830609503 0.006634348815079483
0.008825932383409818 0.008562840572897183 0.008562840572897183 0.007570493246332688
0.008060834303432584 0.010110088650277854 0.010110088650277854 0.007520994846481028
0.008888226022377578 0.007167757143560481 0.007167757143560481 0.004392029808785615
0.008062318706322414 0.008148802069797909 0.008148802069797909 0.004382864762488089
0.005774374895778175 0.003843636326457588 0.003843636326457588 0.006854426548531586
0.004638892120627682 0.0027043717194253592 0.0027043717194253592 0.006751762837809748
0.005883452105634999 0.0033083817543495715 0.0033083817543495715 0.0013497228197140994
0.004537863590995287 0.0029993915262570593 0.0029993915262570593 0.0013047556638723944
0.00039227958060846304 0.018107401682713947 0.018107401682713947 0.005836192415266436
0.0014640279403987139 0.018814140678083898 0.018814140678083898 0.005850953311882408
0.00039187404496345387 0.018206140765105364 0.018206140765105364 0.0046487019365852155
0.0014625144763767053 0.018912330023351364 0.018912330023351364 0.004650897910134528
0.0018614226700932983 0.014574322067809934 0.014574322067809934 0.00548326359689556
0.0027282829702321735 0.015395772118886701 0.015395772118886701 0.005491177286830494
0.0018615829858093322 0.01349904259718697 0.01349904259718697 0.004179304812365191
0.0027233581655817475 0.014318740856597388 0.014318740856597388 0.004184642887389595
0.003683230403497364 0.012620810838586445 0.012620810838586445 0.004912969744288553
0.005038614637974721 0.013490116087178098 0.013490116087178098 0.0049171590582216635
0.0036784706767503473 0.011798914704636952 0.011798914704636952 0.004160782708386083
0.005030670725166075 0.012666801523233712 0.012666801523233712 0.004155914261118899
0.006003302132724441 0.01172141772766812 0.01172141772766812 0.005110396479399257
0.007264090692256968 0.012560765912028378 0.012560765912028378 0.005107620079860338
0.005995498755024837 0.010997871962754285 0.010997871962754285 0.00506467557008145
0.0072547796190933055 0.011835993067515682 0.011835993067515682 0.005057616888506039
0.008081662782303364 0.010498172748735008 0.010498172748735008 0.005991313182034439
0.009160630265036357 0.011295663119406066 0.011295663119406066 0.005988012387168681
0.008073653732090845 0.00984681091465666 0.00984681091465666 0.00601304527432499
0.0091514898734988 0.010643259929055125 0.010643259929055125 0.006009286550688858
0.009766101987630336 0.008894340792411373 0.008894340792411373 0.006848088681031766
0.010496184967261636 0.009566739270247825 0.009566739270247825 0.006847033356999025
0.009760939829322727 0.008342758385962079 0.008342758385962079 0.006821470262606949
0.010490458105669268 0.009014409980129834 0.009014409980129834 0.006820431213671336
0.010670532871008371 0.007154588049836567 0.007154588049836567 0.007091653947619307
0.010607852691945217 0.007737734332117965 0.007737734332117965 0.007091303468276955
0.010675836610111613 0.006576067990948792 0.006576067990948792 0.006910496466174789
0.010613361626262958 0.007231073730174513 0.007231073730174513 0.006910282877206377
0.010210898494609304 0.005055023931850566 0.005055023931850566 0.006087480204560562
0.009262600177477832 0.005460824953428773 0.005460824953428773 0.00608675716303088
0.01022934996046981 0.004472747610899223 0.004472747610899223 0.005869738675826377
0.009279788774269255 0.004846266605468238 0.004846266605468238 0.005869173824572261
0.008138247498848351 0.0031880318172509883 0.0031880318172509883 0.004016575938345902
0.006130659719774038 0.002929892085640932 0.002929892085640932 0.004014690731380314
0.008162792355158753 0.0026178812579748965 0.0026178812579748965 0.0037839963440804403
0.006151023008919475 0.002536735754041257 0.002536735754041257 0.003782854544443175
0.003630390170391945 0.002806984898703044 0.002806984898703044 0.0013954842931189813
0.0025407291011106978 0.0028122343487427064 0.0028122343487427064 0.0013880193245681717
0.0036783538504905028 0.001134887567322823 0.001134887567322823 0.0009582564388462245
0.002506305112045633 0.001312149453422843 0.001312149453422843 0.0009563246864848997
0.00046682727417328266 0.017920978883088336 0.017920978883088336 0.003996007417754972
0.0017432492799609373 0.01840862086774917 0.01840862086774917 0.0040042832151048965
0.0004665194625018696 0.01726237590780952 0.01726237590780952 0.0032660643269389862
0.0017420988341992527 0.017749379672509027 0.017749379672509027 0.003267778911283211
0.002697297843610386 0.012283462581829668 0.012283462581829668 0.003570279945211094
0.004399591708044306 0.012891911942628663 0.012891911942628663 0.003569615483023984
0.0026947215459239902 0.011300056161531905 0.011300056161531905 0.0033256444591311355
0.004395306939974456 0.011907254202986562 0.011907254202986562 0.0033186160384838063
0.005484146619364566 0.010371500877692019 0.010371500877692019 0.004140218159026431
0.00673441497378057 0.01091543130119178 0.01091543130119178 0.00413506474673428
0.005480512628275036 0.009669229731512604 0.009669229731512604 0.004267058445598485
0.0067298369315151535 0.010212406040607884 0.010212406040607884 0.004261805891493369
0.007580765575118477 0.00906110850108952 0.00906110850108952 0.005163244910211846
0.008684738427650777 0.009532444878729287 0.009532444878729287 0.005160027711667602
0.007576290833925405 0.008441618564530375 0.008441618564530375 0.005302678039157502
0.008679507255478362 0.008912377285848476 0.008912377285848476 0.00529939846413844
0.00934811368233167 0.007435614192728152 0.007435614192728152 0.006144785180298544
0.010119306292885296 0.007851036104189699 0.007851036104189699 0.006142965616700899
0.009344569938678056 0.0069837840260080705 0.0069837840260080705 0.006315638828497502
0.01011532899302321 0.0073988441023623 0.0073988441023623 0.0063139488059994605
0.010480038722124068 0.005722259276528124 0.005722259276528124 0.006894337035739112
0.010774445395595607 0.006064621201977363 0.006064621201977363 0.0068940518323399825
0.010479458762992647 0.005410746961556014 0.005410746961556014 0.006966255635413547
0.010773775867055359 0.005751382522186818 0.005751382522186818 0.006966022467831912
0.010704596728589234 0.0040377254562256595 0.0040377254562256595 0.00683955755494375
0.010312214242726901 0.004239771730162004 0.004239771730162004 0.006839551080922463
0.010709293851495529 0.003757115502284819 0.003757115502284819 0.006778622456042573
0.010317046410645361 0.00394886125711496 0.00394886125711496 0.006778636025741774
0.009701526054901863 0.0024293521626040757 0.0024293521626040757 0.005771548806239909
0.008510185420261836 0.002434919645117408 0.002434919645117408 0.005771723149611546
0.009711068505495996 0.0021586435648966 0.0021586435648966 0.005698273101404386
0.008519732835941604 0.002167991118596223 0.002167991118596223 0.0056984174243436825
0.007209638582255699 0.0021575391348423152 0.0021575391348423152 0.0035999127429172193
0.004930222171764878 0.002215907849652397 0.002215907849652397 0.003599198542859123
0.007225082497835837 0.0014854217547162595 0.0014854217547162595 0.00344048391483329
0.004945032946494737 0.0014914384096211225 0.0014914384096211225 0.0034398904302700237
0.0031012081504475163 0.0019005953391891053 0.0019005953391891053 0.0009209716243824388
0.0020788110360683543 0.0018079243720407307 0.0018079243720407307 0.000920851384836011
0.0031165158373579003 0.0005522280860128922 0.0005522280860128922 0.0009639966541580401
0.0020721901247104874 0.0004826749649855045 0.0004826749649855045 0.0009644133644396567
0.0007122524630569442 0.016576052730984954 0.016576052730984954 0.003045108615200676
0.002660713920305562 0.016941755415901524 0.016941755415901524 0.0030399526741132906
0.0007119296170652314 0.015480419933602 0.015480419933602 0.003037912452524133
0.002659506205392035 0.015844927643376316 0.015844927643376316 0.00303163050933231
0.003932378866695296 0.010314796673854775 0.010314796673854775 0.0033609487837061654
0.005485351315412191 0.01066593378735313 0.01066593378735313 0.003357616315548978
0.0039307190332054575 0.009443523505622907 0.009443523505622907 0.003372822911551931
0.0054828999161078635 0.00979386299792888 0.00979386299792888 0.0033693896604250393
0.006467322704901221 0.008432474062629794 0.008432474062629794 0.004342607319109757
0.007616269231235214 0.008733978962535381 0.008733978962535381 0.004340519846328422
0.0064651779859493394 0.007788702460882839 0.007788702460882839 0.004436826180335508
0.007613587616653963 0.008089745534724154 0.008089745534724154 0.00443469021057683
0.008339572930520161 0.006892563338733854 0.006892563338733854 0.005433729170879158
0.009190893860121545 0.007159646968720159 0.007159646968720159 0.0054321920180393475
0.00833739399644205 0.006415887337161738 0.006415887337161738 0.005548093495515547
0.009188371353231485 0.006682695396762618 0.006682695396762618 0.005546617007490893
0.009681092341862393 0.005247101248969881 0.005247101248969881 0.006422510757336868
0.010202375648697304 0.00544571423537823 0.00544571423537823 0.006422249568617594
0.00967968375101342 0.004919197441384904 0.004919197441384904 0.006434139495781801
0.01020081700544424 0.005092994251835755 0.005092994251835755 0.00643390493018815
0.010396022102807942 0.0035425705315501057 0.0035425705315501057 0.006955874246114008
0.010442907305255966 0.0036884281240385616 0.0036884281240385616 0.006956008507521924
0.010396390466338114 0.003383743224926319 0.003383743224926319 0.006835900893407484
0.010443259543416435 0.0035064368471255805 0.0035064368471255805 0.006836019754021402
0.010255331082870113 0.002073878429024797 0.002073878429024797 0.006723079537392757
0.009737483644236525 0.002083298515197893 0.002083298515197893 0.006723019182305463
0.0102578413782579 0.002012242033912385 0.002012242033912385 0.006617379728577782
0.009740004434813704 0.0020238182990742516 0.0020238182990742516 0.006617335646056983
0.00907773800518071 0.0018467804991784294 0.0018467804991784294 0.005632354753714461
0.007829260307621325 0.0018758686745685865 0.0018758686745685865 0.005632323963053202
0.009082841496461155 0.0014684232076569341 0.0014684232076569341 0.005522144664309879
0.00783424605983516 0.0014892645464267993 0.0014892645464267993 0.005522106806028077
0.006648919792796769 0.0020300768060734723 0.0020300768060734723 0.0033519373151886687
0.004709984464454295 0.0020355142773741215 0.0020355142773741215 0.0033522287168325352
0.0066561342363520345 0.0012045575772484476 0.0012045575772484476 0.003327161143047675
0.004717052516332153 0.0011850839083287767 0.0011850839083287767 0.0033273612659418025
0.0033344263668926843 0.0015166492870370381 0.0015166492870370381 0.0010392302241937702
0.0022439264657437685 0.001421862419671369 0.001421862419671369 0.0010398410761922002
0.0033416561159670096 0.0004218914603262454 0.0004218914603262454 0.0012047475397265694
0.0022449749915468956 0.0003492051465111505 0.0003492051465111505 0.001205398991425446
0.000886320054275845 0.014513555690008062 0.014513555690008062 0.0029852945418267166
0.003311738561840125 0.014693277357581145 0.014693277357581145 0.0029840121437505686
0.0008860900190602072 0.01315099281553763 0.01315099281553763 0.0028364208317943136
0.0033108777479078236 0.01332905595003162 0.01332905595003162 0.0028350192042473224
0.004683764654233735 0.008472443106924249 0.008472443106924249 0.0034049592960428803
0.006018417614207759 0.00866569778358811 0.00866569778358811 0.003403593561158566
0.004682996786572792 0.007724315893922115 0.007724315893922115 0.003430794897795677
0.006017239940557599 0.007917041308450863 0.007917041308450863 0.0034294861107106375
0.006861040783227507 0.006707896374851013 0.006707896374851013 0.0044875457480485275
0.007837507445021602 0.006864478225239194 0.006864478225239194 0.004486698611617974
0.006859987988414294 0.006161311406918769 0.006161311406918769 0.004501074996097099
0.00783620758240467 0.006317605652265747 0.006317605652265747 0.004500249162406794
0.008435213000205966 0.0051990531538363355 0.0051990531538363355 0.005593734388079558
0.009103148698073226 0.005290708662397486 0.005290708662397486 0.005593818151892464
0.008434258043220117 0.004825289722311703 0.004825289722311703 0.005527783931799112
0.009102059070791249 0.004916814905936261 0.004916814905936261 0.005527852994726464
0.00946580364588991 0.0035690021027220647 0.0035690021027220647 0.00638743807317488
0.009803911771414776 0.0036160150338815787 0.0036160150338815787 0.006387905094335822
0.009465282840817255 0.0033512618431932 0.0033512618431932 0.006232053167362931
0.009803338242250654 0.003381067737557516 0.003381067737557516 0.006232473866296333
0.00990013276942008 0.0020741289324394292 0.0020741289324394292 0.006730955471384805
0.009841479457092668 0.0021019088800182167 0.0021019088800182167 0.006731107983542417
0.009900326155504482 0.0019568155701946044 0.0019568155701946044 0.0065564453825138844
0.009841662909914029 0.0019679003726250127 0.0019679003726250127 0.0065565949580352455
0.009613436522398006 0.001230150592868821 0.001230150592868821 0.00651795944268933
0.009065422216894301 0.001286402226954875 0.001286402226954875 0.006517814872401516
0.009614563488745289 0.0011718202944736183 0.0011718202944736183 0.00633245377950546
0.009066504828138311 0.0011364990311541685 0.0011364990311541685 0.006332350107666939
0.008446925044956873 0.0016629629289077327 0.0016629629289077327 0.00541573368573814
0.007316877106564233 0.0017330928050831803 0.0017330928050831803 0.005415488845754893
0.008449006477609105 0.0012822761597641008 0.0012822761597641008 0.005247825377803124
0.0073188290357305095 0.0013345883207147484 0.0013345883207147484 0.005247633946983974
0.0063374623031296415 0.0019351181637719274 0.0019351181637719274 0.0033131435700634363
0.004818632676507409 0.00192596381704865 0.00192596381704865 0.0033133245604437633
0.006339985836106885 0.0011373458996559557 0.0011373458996559557 0.003327919915525484
0.004821111129956243 0.0011290796213760017 0.0011290796213760017 0.0033280304635637655
0.0038197630253325216 0.0012359545966723077 0.0012359545966723077 0.0013588985516325013
0.0027591437642730298 0.0011150203570389444 0.0011150203570389444 0.001359622646280104
0.003822141222126756 0.00042378927608134186 0.00042378927608134186 0.0016224584720853645
0.0027608476958536 0.000311246083916941 0.000311246083916941 0.0016229143107847053
0.000934913101722758 0.012080267958928878 0.012080267958928878 0.0026964856978281405
0.0034935321551946862 0.012130725105188301 0.012130725105188301 0.002697779656941582
0.0009348033464533582 0.010643435073329576 0.010643435073329576 0.00245288911554377
0.0034931216111953878 0.010692083182127504 0.010692083182127504 0.0024539949850903666
0.0048652882484719615 0.006936381073314507 0.006936381073314507 0.0034004153811469057
0.00605604134522025 0.006991390863485667 0.006991390863485667 0.003400862585572132
0.004865002148207271 0.006269059988111854 0.006269059988111854 0.0032769434004423976
0.0060555924017121595 0.006323677363372898 0.006323677363372898 0.003277339722237293
0.006784986346078815 0.005291811591876875 0.005291811591876875 0.004463638103050657
0.00758882547591504 0.005318111842865999 0.005318111842865999 0.004464274907702335
0.006784599343068154 0.004841796230736115 0.004841796230736115 0.004320585410214479
0.007588343403516218 0.004867919034980223 0.004867919034980223 0.00432115011420401
0.008092276021832356 0.0038487407980804665 0.0038487407980804665 0.0054435761972000335
0.00866810354671132 0.003829745475848114 0.003829745475848114 0.005444362847306497
0.008091875570274638 0.0035265475195906046 0.0035265475195906046 0.005257128974625563
0.008667656442572832 0.0035074616579220614 0.0035074616579220614 0.005257835129467153
0.00896315452997553 0.0023124727105349615 0.0023124727105349615 0.006107434547594322
0.009198735295852968 0.002286037091883378 0.002286037091883378 0.006107962597908207
0.008962935957527757 0.002170183134800682 0.002170183134800682 0.0059072072236298
0.009198503233976252 0.002135434907392343 0.002135434907392343 0.0059076904071096266
0.009246267861654483 0.0011795655031970054 0.0011795655031970054 0.00642139959863636
0.009145723754772279 0.0011416116971723616 0.0011416116971723616 0.006421577538308968
0.009246315736815447 0.0011282506104418318 0.0011282506104418318 0.0062019388240861645
0.009145759267425512 0.0010880047665163695 0.0010880047665163695 0.006202124255249965
0.008916841702454605 0.0011363228842692825 0.0011363228842692825 0.0061771171663051495
0.008395948673749943 0.0012342721020758786 0.0012342721020758786 0.006177004393759708
0.00891713954311017 0.0009782055787795122 0.0009782055787795122 0.005929233725998502
0.008396182189975948 0.001076234160184467 0.001076234160184467 0.005929183022383416
0.007866118130346352 0.0016303493555028144 0.0016303493555028144 0.005115702039645684
0.006941552970476138 0.0017175315875407485 0.0017175315875407485 0.0051154768672823005
0.007866427775172014 0.0011779312419074866 0.0011779312419074866 0.004926456660463653
0.006941767128850877 0.0012611550812662816 0.0012611550812662816 0.004926308203786519
0.00619217833493981 0.0017070440194674344 0.0017070440194674344 0.003348488454170343
0.005081616880262031 0.001685627144125184 0.001685627144125184 0.003348586487764914
0.0061924286540531075 0.0011269734147182837 0.0011269734147182837 0.003399111123512429
0.005081872601752024 0.0011065318566531662 0.0011065318566531662 0.003399159432383906
0.004393057347869126 0.0009950514956857757 0.0009950514956857757 0.001828474973838704
0.0035837110778398516 0.0008559458194318952 0.0008559458194318952 0.0018288169320584086
0.004393330570949464 0.00045411316901813306 0.00045411316901813306 0.0021354402192596145
0.0035840683506237433 0.0003152336026836901 0.0003152336026836901 0.002135573660993424
0.0008804103335303624 0.009590105534500137 0.009590105534500137 0.002253126569465064
0.0032896260997154377 0.009549193111676254 0.009549193111676254 0.002255800153599422
0.0008803819157845364 0.008237170441087826 0.008237170441087826 0.0019466684645215986
0.0032895200220722128 0.008194654066799983 0.008194654066799983 0.001948970936238368
0.004567441225149023 0.0056165832152266695 0.0056165832152266695 0.0031487027737163724
0.005646983677412277 0.005577343463267878 0.005577343463267878 0.0031500344537930755
0.004567374900444265 0.00501142345890916 0.00501142345890916 0.002904439958622295
0.005646888446571552 0.004971861732362033 0.004971861732362033 0.0029056372532648795
0.006318631075175788 0.004177841451204258 0.004177841451204258 0.004184962713563762
0.007074485799819987 0.004121073796922094 0.004121073796922094 0.0041861007067208475
0.006318537961834135 0.0037545836591584753 0.0037545836591584753 0.003947274235782537
0.007074380287937543 0.0036976558826306537 0.0036976558826306537 0.0039482930283388125
0.007534480196970422 0.0028238550578504576 0.0028238550578504576 0.005104801938970731
0.00803599562260379 0.0027356522108504676 0.0027356522108504676 0.005105767684985084
0.007534389872266984 0.002543181167259794 0.002543181167259794 0.004863020120605211
0.00803591084887101 0.002454901263612885 0.002454901263612885 0.004863891814742995
0.008296448778393691 0.0014805350597690708 0.0014805350597690708 0.005751345901233485
0.008507003387945068 0.0014012228915918487 0.0014012228915918487 0.00575189840571922
0.00829640927868431 0.0013628813965332735 0.0013628813965332735 0.005512861194234287
0.008506974691059387 0.0012848105806055941 0.0012848105806055941 0.005513375451904237
0.008544788964108983 0.000750784134789467 0.000750784134789467 0.006025772736914297
0.008437139108095558 0.0008056537229523369 0.0008056537229523369 0.006026018004077804
0.008544748177006066 0.0007348709148328685 0.0007348709148328685 0.005743073566748797
0.008437081981283828 0.0007645433674680943 0.0007645433674680943 0.005743332303329962
0.008235556639098461 0.0010502855166119901 0.0010502855166119901 0.005739816489449956
0.007791419240297772 0.0011568400563194538 0.0011568400563194538 0.005739809168089374
0.008235348693733562 0.0009029351408375133 0.0009029351408375133 0.005470882275883801
0.007791149062845876 0.001002099755736536 0.001002099755736536 0.005470929435140136
0.00737390315803991 0.0015063482322976007 0.0015063482322976007 0.0047921791279584534
0.006677351438998027 0.001586244822926935 0.001586244822926935 0.004792082677830703
0.007373415144340229 0.0011338658903107292 0.0011338658903107292 0.004617261522714736
0.006676806804062706 0.0012138925564482994 0.0012138925564482994 0.004617227573520228
0.006156869622894807 0.0014244245937587126 0.0014244245937587126 0.003446565281956069
0.005436366394352785 0.0013897062110478009 0.0013897062110478009 0.003446602283490014
0.006156412424005945 0.0010507604862527436 0.0010507604862527436 0.00352835011904834
0.005435923143763022 0.0010175534197043425 0.0010175534197043425 0.003528346225974465
0.004998924980434293 0.0007878921872826866 0.0007878921872826866 0.0023672462732763676
0.004549659300232305 0.0006421700039429596 0.0006421700039429596 0.0023672519205459952
0.004998661780667662 0.0004868922451882607 0.0004868922451882607 0.0026947897120062052
0.004549448079267716 0.00033757642825859294 0.00033757642825859294 0.0026946643055195977
0.0007769464940288013 0.007294831312664476 0.007294831312664476 0.0017293480436702355
0.002902631630285105 0.007223551785293319 0.007223551785293319 0.0017314692829566748
0.0007769597874887206 0.0061008859153992585 0.0061008859153992585 0.0014438829977420906
0.0029026815642051135 0.006028353643118976 0.006028353643118976 0.0014456581935569101
0.004039557389637873 0.004525555880337267 0.004525555880337267 0.0027116167154610606
0.0050169796726690224 0.004441180351912469 0.004441180351912469 0.002712966319295744
0.0040395825416041035 0.003977341294300704 0.003977341294300704 0.0024301465041992602
0.005017036851395755 0.0038926946627462246 0.0038926946627462246 0.002431339494165696
0.0056446667234016056 0.0033025784590375823 0.0033025784590375823 0.003750891950594737
0.006381600441241574 0.003185578629811854 0.003185578629811854 0.003752237573110698
0.0056447499295809896 0.0028898007884996385 0.0028898007884996385 0.003459623199469992
0.006381726762545267 0.002772637018866573 0.002772637018866573 0.0034608170802495654
0.006825512251342708 0.002098596253715532 0.002098596253715532 0.0046767570195281535
0.007300506950738731 0.0019632883944623305 0.0019632883944623305 0.004677757797107671
0.0068256149707115014 0.0018327282068854305 0.0018327282068854305 0.00437318424807109
0.007300651721004007 0.0016973386716207393 0.0016973386716207393 0.004374085760519458
0.007549162448764795 0.0009511134203165391 0.0009511134203165391 0.005302509680012823
0.007752088499106745 0.000841270964170766 0.000841270964170766 0.005303176052254686
0.007549235348275487 0.000844089921818363 0.000844089921818363 0.004963679783479921
0.007752184812740932 0.0007559301772129081 0.0007559301772129081 0.004964302272168752
0.007801775444179267 0.0006572847580323013 0.0006572847580323013 0.005517531685682673
0.007732487199899269 0.0007710395492964509 0.0007710395492964509 0.005517869581567542
0.00780168895554954 0.0006262033190198048 0.0006262033190198048 0.005182529399170567
0.007732386324949568 0.0007360843852842227 0.0007360843852842227 0.0051828754853959595
0.007592236289341703 0.0009787717509354443 0.0009787717509354443 0.005270605609686339
0.007276545197407741 0.0010919641649889396 0.0010919641649889396 0.005270708150208494
0.007591842604940839 0.0008381968866469557 0.0008381968866469557 0.004991892816304212
0.00727610816416287 0.0009477854622030963 0.0009477854622030963 0.004992037934352914
0.006999062071689244 0.0013040394609222924 0.0013040394609222924 0.004518720603177035
0.006557021709911058 0.0013475596719529997 0.0013475596719529997 0.004518711657916754
0.006998496518356229 0.0010652022673067689 0.0010652022673067689 0.004424588934725741
0.006556433545695364 0.0011082834306201128 0.0011082834306201128 0.004424598018006267
0.006244595944750189 0.00115950464477443 0.00115950464477443 0.003605675391153974
0.005839282700097698 0.001104722560974032 0.001104722560974032 0.0036056281000630287
0.00624415493714882 0.0009531100619658838 0.0009531100619658838 0.0037351552770226283
0.005838854967424714 0.0008983769307057783 0.0008983769307057783 0.003735071428553025
0.0056061964148764855 0.0006287464116730185 0.0006287464116730185 0.0029334418223109122
0.0053816374762773985 0.0004897572871114919 0.0004897572871114919 0.002933249363530166
0.005606010154516439 0.0005054749402659108 0.0005054749402659108 0.003250460157910647
0.005381470145271149 0.00037000909277245804 0.00037000909277245804 0.003250207771971753
0.0006490038371450479 0.005299203154172171 0.005299203154172171 0.001254286092662712
0.0024242272218881152 0.0052270208429439245 0.0052270208429439245 0.001255568974169759
0.0006490293890073484 0.004301814108329416 0.004301814108329416 0.001025626190615668
0.002424322895876528 0.004228756145101618 0.004228756145101618 0.0010266355796785815
0.003409029836385526 0.0035817631282599456 0.0035817631282599456 0.0022118777418690433
0.004322108827114386 0.003470100363729922 0.003470100363729922 0.0022130844165992414
0.0034090941502671313 0.0030693914886490703 0.0030693914886490703 0.0019126436901891178
0.004322236225966801 0.00295748492718718 0.00295748492718718 0.0019136809054497675
0.004903577918054689 0.0025487201874192563 0.0025487201874192563 0.003243614223733375
0.005578196762187649 0.0024096533548656628 0.0024096533548656628 0.003244765878552404
0.004903723653470968 0.002170582006090316 0.002170582006090316 0.0029301893542947937
0.00557840349783044 0.002031368842492456 0.002031368842492456 0.0029311945532224434
0.005991572022145506 0.0015500585667111463 0.0015500585667111463 0.0041252551562625285
0.006445161278246046 0.0013832194912988983 0.0013832194912988983 0.004126258588509723
0.005991765587392403 0.001296004116723327 0.001296004116723327 0.0037511848512926252
0.00644540980187006 0.001131585902611206 0.001131585902611206 0.00375207711846578
0.006697423039712888 0.0006453816656968304 0.0006453816656968304 0.00470021958578753
0.006931435740715085 0.0006370735078380747 0.0006370735078380747 0.00470091068108042
0.006697573584757856 0.0005668777663528999 0.0005668777663528999 0.004318553033669178
0.0069316161545920916 0.0006099486197284011 0.0006099486197284011 0.00431918687950623
0.007024935491328016 0.000599509258610067 0.000599509258610067 0.004939998039206785
0.00704458144464105 0.0007059532131369286 0.0007059532131369286 0.0049403521451789265
0.007024900323368247 0.0005874201463774566 0.0005874201463774566 0.004611760647156474
0.007044542953439115 0.0006995574669011041 0.0006995574669011041 0.004612105074241257
0.007002566970863527 0.0008435407465341333 0.0008435407465341333 0.004807755137823422
0.006867155914899449 0.0009363136066583208 0.0009363136066583208 0.004807890516478927
0.007002341148165702 0.0007760966131130236 0.0007760966131130236 0.00458307007352099
0.006866913641443073 0.0008671712306463762 0.0008671712306463762 0.004583218654949897
0.0067454234582556005 0.0010434718396295515 0.0010434718396295515 0.004369807514147552
0.006548939257352193 0.001069848596356932 0.001069848596356932 0.004369811960868236
0.006745152889336546 0.0009383048413519776 0.0009383048413519776 0.004314121493538159
0.006548662803740818 0.0009646925323736366 0.0009646925323736366 0.004314130839087682
0.006416974930568106 0.0009121113469441121 0.0009121113469441121 0.0038358209300715204
0.006255709965877929 0.0008497422615264623 0.0008497422615264623 0.0038357039797141824
0.006416796804202408 0.0008315143974765358 0.0008315143974765358 0.003981204772136472
0.0062555367842003695 0.0007691566888801529 0.0007691566888801529 0.0039810717206437635
0.0061963113500187305 0.0005050967423774063 0.0005050967423774063 0.003487733629667365
0.006173066656576171 0.00036407421275058346 0.00036407421275058346 0.0034874019270185338
0.006196342916934209 0.000502079504632339 0.000502079504632339 0.0038133519192613077
0.006173095107555666 0.00036297975629213724 0.00036297975629213724 0.003813006787429081
0.00051839355502946 0.0036474728861845365 0.0036474728861845365 0.0008898718612352616
0.001936018371488261 0.0035803612385800457 0.0035803612385800457 0.0008905464830626762
0.0005184193385457769 0.0028507445686444394 0.0028507445686444394 0.0007433893769394101
0.0019361148208321727 0.0027830730061698798 0.0027830730061698798 0.0007438945770494173
0.0027710358280820927 0.002710273908894496 0.002710273908894496 0.001699225502431562
0.003633495592460769 0.0025822459298813767 0.0025822459298813767 0.0017002669069054997
0.002771114690947985 0.002226096496798835 0.002226096496798835 0.0014020433187500916
0.003633642012131251 0.002097845074177543 0.002097845074177543 0.001402904373060403
0.004178505248705131 0.001886748564306815 0.001886748564306815 0.002698232476247431
0.004804195128429226 0.0017444489306053489 0.0017444489306053489 0.0026991297726349436
0.004178651118846309 0.00153580871405667 0.00153580871405667 0.0023779469839197544
0.004804398136976598 0.0013933789938295896 0.0013933789938295896 0.00237870450507714
0.005191461633442243 0.001099727538180689 0.001099727538180689 0.0034905545400941373
0.005622826021305634 0.0009490797771547276 0.0009490797771547276 0.003491275035191742
0.005191640177365981 0.0008579209559247367 0.0008579209559247367 0.0031527033979373903
0.00562304715957276 0.0007148022336513515 0.0007148022336513515 0.003153323577750374
0.005885596822884542 0.0005109944471590346 0.0005109944471590346 0.004059190238516093
0.006171033181937081 0.0005401190611783002 0.0005401190611783002 0.004059689858074286
0.00588578740997634 0.000470634404097767 0.000470634404097767 0.0037327203690232713
0.006171254410716625 0.0005324711301176746 0.0005324711301176746 0.003733159601019931
0.00632889362818653 0.0004939833718556929 0.0004939833718556929 0.004389771647682569
0.006473870391890384 0.0005822337597375465 0.0005822337597375465 0.004390056367006513
0.006329016492058994 0.00052099360374033 0.00052099360374033 0.004112116672642535
0.006474007122441011 0.000614389694323108 0.000614389694323108 0.004112375983487319
0.006541001714356614 0.0006574863011229819 0.0006574863011229819 0.004435609278977645
0.006579187616676104 0.0007299777144294898 0.0007299777144294898 0.0044357297060832745
0.006541030633619844 0.0006706918029674991 0.0006706918029674991 0.004257985610303096
0.0065792186793999915 0.0007465649064975774 0.0007465649064975774 0.004258101690078679
0.006593704208171222 0.0007749639598338023 0.0007749639598338023 0.0042794837532003
0.006595844285730733 0.0007925440865083789 0.0007925440865083789 0.004279492255525688
0.006593728825472976 0.0007789639831245807 0.0007789639831245807 0.004241089604528136
0.006595869753681593 0.0007963502827639295 0.0007963502827639295 0.004241098947376848
0.006611859619139577 0.0006642815089514567 0.0006642815089514567 0.004082375478333647
0.006654776572417496 0.0006064853317468944 0.0006064853317468944 0.0040822493456943755
0.006611971175693463 0.0006914897836191075 0.0006914897836191075 0.004214024535841725
0.006654885692900189 0.0006336975324473777 0.0006336975324473777 0.0042139014762477885
0.006721673074249817 0.0003873732168324099 0.0003873732168324099 0.004037900057458039
0.0068722796281036605 0.00026440157904437104 0.00026440157904437104 0.0040375796101871225
0.0067218939626132795 0.0004693776813842337 0.0004693776813842337 0.004326561263648748
0.006872483848434229 0.00034435175550882234 0.00034435175550882234 0.004326262851272859
0.00039095407715274865 0.0023393139002364956 0.0023393139002364956 0.000652899334864566
0.0014598274001013049 0.0022717429314504036 0.0022717429314504036 0.0006533037036119329
0.0003909707488308096 0.0017384013830044457 0.0017384013830044457 0.0005628916532827815
0.00145988973308638 0.0016705094962452109 0.0016705094962452109 0.0005631470780051461
0.0021547189158235137 0.0018876186374033163 0.0018876186374033163 0.001206989331814067
0.0029839256869504654 0.0017819286040633682 0.0017819286040633682 0.0012076052762930631
0.0021547953941229063 0.0014219809827567 0.0014219809827567 0.0009682864304779513
0.002984058157879499 0.0013160887759190686 0.0013160887759190686 0.0009687638385712611
0.003510707517820904 0.0013307431559172913 0.0013307431559172913 0.0021615467052394084
0.004120167905130758 0.0012106191635766715 0.0012106191635766715 0.0021621120286304065
0.003510824416249376 0.0009887758653985988 0.0009887758653985988 0.0018912412424327764
0.00412032836587481 0.0008685335699318975 0.0008685335699318975 0.0018916882088419323
0.0045105511732173665 0.0007705133846408065 0.0007705133846408065 0.0029395564778143027
0.0049670614419045425 0.0006670381588270842 0.0006670381588270842 0.0029399316406310562
0.004510704460043595 0.0005229152316711576 0.0005229152316711576 0.0026960412251155596
0.004967249655509479 0.0004586541696949521 0.0004586541696949521 0.002696342171165437
0.0052550205621526075 0.0004246982384467998 0.0004246982384467998 0.0035287065533768738
0.005584540514732211 0.00042399125692136946 0.00042399125692136946 0.0035289685170208957
0.005255187697364656 0.00036673663878725827 0.00036673663878725827 0.0032991491821248234
0.005584733230962952 0.0004163318159996248 0.0004163318159996248 0.0032993625242073773
0.0057948939950606786 0.00037201447792773297 0.00037201447792773297 0.003931391633597632
0.006039728757406187 0.00043428714655291433 0.00043428714655291433 0.0039315766446235524
0.00579508914213149 0.0004281019057191408 0.0004281019057191408 0.0037166846139023778
0.006039944084545354 0.0005028938538892688 0.0005028938538892688 0.0037168385638529345
0.006193228853116715 0.00045198213321543453 0.00045198213321543453 0.004138835402856422
0.006367949244760428 0.0005121446833373194 0.0005121446833373194 0.004138934282955366
0.006193404456242119 0.000538391502125211 0.000538391502125211 0.003992171122045869
0.006368135371749659 0.0006033394326766865 0.0006033394326766865 0.003992255717103393
0.00648959035546954 0.000523668443453404 0.000523668443453404 0.004213357268947529
0.006647736343069531 0.0005404598102771344 0.0005404598102771344 0.0042133733353211175
0.00648978764437304 0.0006126569767626068 0.0006126569767626068 0.004177135989313919
0.006647937274145846 0.0006302578495176985 0.0006302578495176985 0.004177150166001798
0.006780443306283787 0.00045415203259126984 0.00045415203259126984 0.004295463672754682
0.006985560665318852 0.00041409460947398945 0.00041409460947398945 0.004295384831314273
0.006780722550277796 0.0005686102121559803 0.0005686102121559803 0.004387534174789344
0.0069858327297436145 0.0005280216850487297 0.0005280216850487297 0.00438746637930062
0.007156461433711235 0.0002891641346806118 0.0002891641346806118 0.004515247485400771
0.0074184437400525065 0.0002041549452550734 0.0002041549452550734 0.004515021318507279
0.007156757566840566 0.0004292245661750354 0.0004292245661750354 0.004744051891409081
0.007418718402180916 0.0003289091812672364 0.0003289091812672364 0.004743862549731377
0.00030836385426934767 0.0013539147951655741 0.0013539147951655741 0.0005273449291205942
0.0011513071513593084 0.001310345917647076 0.001310345917647076 0.0005274568364814092
0.00030836967709993733 0.0008799302753873002 0.0008799302753873002 0.0005195058680471724
0.001151328919897766 0.0008361626491907551 0.0008361626491907551 0.0005195053903782569
0.0017350537788981305 0.001154091085934743 0.001154091085934743 0.0008224909475310722
0.0024868412641919544 0.0010880598858937565 0.0010880598858937565 0.0008227447773777216
0.001735088128231721 0.0007318197701585444 0.0007318197701585444 0.0006776368611464103
0.0024869000135123867 0.0006656276388648576 0.0006656276388648576 0.0006778033099198108
0.0029901329412186798 0.0008638345869782429 0.0008638345869782429 0.0017297003021979035
0.003613201619785181 0.0007883668193685889 0.0007883668193685889 0.001729932535885544
0.002990201199977739 0.0005142035670910389 0.0005142035670910389 0.0015597647768392285
0.003613298473205915 0.00043862245422721455 0.00043862245422721455 0.0015599216254152395
0.0040212842383194995 0.0005227895734975751 0.0005227895734975751 0.002546970168288395
0.004512863935035508 0.00045324031331487984 0.00045324031331487984 0.002547136125705885
0.0040213801892136185 0.0002816241743336761 0.0002816241743336761 0.0023845982816877204
0.004512985257190001 0.0002798520563307657 0.0002798520563307657 0.002384711226945229
0.004829960261116867 0.0003220596475286806 0.0003220596475286806 0.0031607117010363406
0.005204398711541796 0.00030608718315563695 0.00030608718315563695 0.0031608220476972548
0.00483007316635982 0.00026691169178815 0.00026691169178815 0.003013416335859965
0.005204531189000664 0.00030530875639595933 0.00030530875639595933 0.003013492156490881
0.005447181808276829 0.0002687410541671343 0.0002687410541671343 0.0035875137185936577
0.005735880674534653 0.0003002698556554518 0.0003002698556554518 0.003587594816457955
0.00544730837272395 0.0003293639858744789 0.0003293639858744789 0.0034505901682655707
0.005736021260673712 0.00038465266726212454 0.00038465266726212454 0.0034506465673531726
0.00594024391279348 0.0002843875376905322 0.0002843875376905322 0.0038981952433727895
0.006210107387431033 0.00032636591243125524 0.00032636591243125524 0.003898252896950592
0.0059404220795886385 0.00042015518270465806 0.00042015518270465806 0.003789314215961336
0.006210297028325477 0.00046996417844203303 0.00046996417844203303 0.0037893548154188947
0.0064078355599709634 0.0003235713969473019 0.0003235713969473019 0.004151222957906682
0.006678496803597918 0.00033741663151204675 0.00033741663151204675 0.004151237219242328
0.006408046747202385 0.0004664993878889701 0.0004664993878889701 0.004117841381541781
0.006678712511332622 0.00048221988532263507 0.00048221988532263507 0.004117851460481827
0.006891761034917909 0.00029180661543346816 0.00029180661543346816 0.004441318271939819
0.0072039709392580165 0.0002691921594605879 0.0002691921594605879 0.004441280778282289
0.006892018891617557 0.00045993677824464796 0.00045993677824464796 0.004497473468105699
0.007204222865014072 0.00043661845987493447 0.00043661845987493447 0.004497446958572083
0.007445539514799394 0.0002111500933316026 0.0002111500933316026 0.004878119081674316
0.0077933366469053 0.00017645074249907167 0.00017645074249907167 0.004878021303926875
0.007445787996425279 0.0003873629262527565 0.0003873629262527565 0.005016956747857532
0.007793567965415063 0.00032716441518257524 0.00032716441518257524 0.005016888691820083
0.0002714165046824139 0.000569505073085871 0.000569505073085871 0.000557442735923605
0.0010133102293868358 0.0005687234171984429 0.0005687234171984429 0.0005574384819160333
0.0002714081274243194 0.00015233268046433676 0.00015233268046433676 0.0006107919701752551
0.001013278947031376 0.0001513990053985873 0.0001513990053985873 0.0006107900956682055
0.001539919632351668 0.0005259739946850865 0.0005259739946850865 0.0006157934024834772
0.0022367168645517654 0.0005070743917545634 0.0005070743917545634 0.0006158294569024564
0.0015398836700224307 0.00013455707161243733 0.00013455707161243733 0.0005863854161783709
0.002236682786136258 0.00011829394742666852 0.00011829394742666852 0.0005863946638551695
0.0027197844440811263 0.000432541088612775 0.000432541088612775 0.00147447658620105
0.003342706805641437 0.0004048703637243109 0.0004048703637243109 0.0014745149930431402
0.002719760160066877 0.00010413317525065002 0.00010413317525065002 0.0014121025144708669
0.0033426925081323404 0.00011240086502069317 0.00011240086502069317 0.0014121128062537505
0.003757521406294774 0.00029560039068234685 0.00029560039068234685 0.0022973878728606576
0.004267819717428761 0.00026220046185550477 0.00026220046185550477 0.002297423898501647
0.0037575181104890546 0.0001289608514108495 0.0001289608514108495 0.002222353116609717
0.004267827613307183 0.0001599985793406772 0.0001599985793406772 0.00222236277046874
0.004599224273581167 0.00020256580765977376 0.00020256580765977376 0.002932186217006274
0.00499426153108693 0.00019456153134514255 0.00019456153134514255 0.0029322130887678116
0.004599237330575784 0.0001988939043700332 0.0001988939043700332 0.0028583799526344087
0.004994283474384587 0.00023396374813526168 0.00023396374813526168 0.0028583871535147877
0.0052562960856730925 0.00016983240977017864 0.00016983240977017864 0.0033768243580498034
0.005577122001293101 0.00018410914986059622 0.00018410914986059622 0.0033768419756624135
0.0052563258633250235 0.00026610800758617874 0.00026610800758617874 0.003312948420613336
0.005577158953147351 0.0002969215400678114 0.0002969215400678114 0.003312953141596256
0.005806689654572257 0.0001756601829254472 0.0001756601829254472 0.003730171082674082
0.006113097403163927 0.00019515374445417175 0.00019515374445417175 0.0037301836564048577
0.005806744834024697 0.0003172917500083669 0.0003172917500083669 0.003678171545240206
0.0061131589394719296 0.0003426357698760292 0.0003426357698760292 0.00367817491457496
0.006348676218529605 0.00017626570066845972 0.00017626570066845972 0.0040961954215610686
0.006685974466193094 0.00018503537887726204 0.00018503537887726204 0.004096200517615895
0.006348763128831285 0.00034899687385559077 0.00034899687385559077 0.004071186521531545
0.006686065858103218 0.00036006472858061164 0.00036006472858061164 0.004071187887052006
0.006940850592931109 0.00018109653199512235 0.00018109653199512235 0.0045226339511187635
0.007299906742557809 0.0001758577553916325 0.0001758577553916325 0.0045226273407798995
0.006940946336652254 0.0003594660667409728 0.0003594660667409728 0.004536030572189955
0.007300002700443774 0.00035337202588804346 0.00035337202588804346 0.004536028800963647
0.007571616310151946 0.00017393869569114987 0.00017393869569114987 0.005078357011793034
0.007954888162621309 0.00018284656978825262 0.00018284656978825262 0.005078348072708698
0.00757170845457117 0.00034475014523651455 0.00034475014523651455 0.005108095621680029
0.007954975936208898 0.00033186688631776825 0.00033186688631776825 0.005108093226511816
H_3F 640
0.017655093763179776 0.009782872919916981
0.019092488188704192 0.012542156963838641
0.017786378946680018 0.009848807904423586
0.019211560979306506 0.012606593511876138
0.03082760203792535 0.02043934440898792
0.035563327192387285 0.02496061893530161
0.02988352608025458 0.019917533745256562
0.03474811123961599 0.024438904848580415
0.05082660463191158 0.035208118932360075
0.05558868690908999 0.03917188772393512
0.04742650474423119 0.033136796595615664
0.05250065698994232 0.03710373118633095
0.06548027413711151 0.045976322992382815
0.06843965303880813 0.04829024892467296
0.06179192786650723 0.04358289600173669
0.06492234741673 0.045899909212495926
0.0738647817557136 0.05201972372895232
0.0747799882124259 0.05272755181976331
0.0710052494204959 0.05012988549113999
0.07195824570358876 0.05083880486060862
0.07508400616376425 0.052922213344889515
0.07402196614475048 0.05209485741729874
0.07343867179772388 0.05183426752044727
0.07235236023470243 0.05100735556739827
0.06943364162733201 0.048918176005321196
0.06653816712389102 0.046597511661089136
0.06933821507525084 0.0488603044495611
0.06643279984298142 0.04653852723232714
0.05628337967161664 0.03952993243885371
0.050908416016803106 0.034748567442814626
0.05931568358657133 0.04144880432492376
0.05422492396690554 0.03666237405417958
0.03431744158116689 0.02366330305910587
0.03008373816427489 0.01843450151993628
0.04106877755842116 0.02755168297625118
0.03761230726047391 0.022314735774187987
0.021900285814400976 0.012870614670270637
0.021512786971371017 0.011312429457411479
0.022985113041003796 0.013424116355269815
0.022616938764971527 0.01186557491036459
0.01736144019290197 0.009774478121759538
0.019295275553028002 0.012968997640049232
0.016073380373599722 0.009123033878321429
0.018140109712229593 0.012314021652428394
0.02812587279240349 0.018871676780340713
0.030275700607909375 0.020996424605200882
0.025031573200032655 0.017111502085010697
0.02741768331865492 0.019233850590174476
0.03928175211161047 0.026853828969674292
0.0413674999892237 0.028778232791131085
0.03253525945088868 0.0227999617290098
0.035006913675124283 0.024723254729717613
0.04881317565115212 0.033716953198195586
0.05093327625621212 0.03558105703725408
0.0402475074463693 0.0283818915060916
0.04277539457911302 0.030245211765027827
0.0576836955225057 0.04011968964808475
0.05977925796898438 0.04189684971873692
0.048846258617569166 0.034492250494815566
0.05129190037177325 0.03626877166433789
0.06411495682333275 0.04489431207842179
0.06544927398249369 0.04598426123032414
0.0579187391316509 0.04088627007621458
0.05939142485418808 0.04197650732964395
0.06690839142581353 0.04707257938461757
0.0679339172387086 0.04787467586259313
0.0650761389937416 0.04587532255306261
0.06612943271901946 0.046677459772432484
0.06753036229553822 0.04765634357445353
0.06711746011752842 0.04733988475103721
0.07118906569786358 0.050055998868855665
0.07079551230973824 0.04973666597730765
0.06210434743140774 0.04389928291666976
0.0602728968642854 0.04253526780406662
0.07397365384840655 0.05157065724833289
0.07248951014072037 0.05021342847776476
0.043925695845372065 0.031055653181352352
0.032790376112189 0.020000244074027024
0.06456936698348564 0.0437996342620142
0.05773012604084274 0.03274736834890735
0.014109483012775781 0.007871990511815408
0.015471484773167678 0.010266727845750745
0.01009653339404337 0.005842087722905781
0.011903183989303538 0.008231149226622018
0.02008317378375588 0.013374358881862548
0.020624628455797468 0.013947509030116004
0.014765411884410747 0.010300846242593982
0.0154614075889706 0.010868335313555313
0.02230591890031117 0.014962240416730263
0.022203854517160684 0.014812398475888465
0.015537836181847816 0.010944895705558639
0.015353216302140347 0.010793346372025316
0.02444161294195674 0.01608467043825244
0.02472803811060315 0.01639053675125926
0.01492816562177633 0.010527703514755345
0.015319401614027534 0.010819636985942157
0.0285822847736399 0.018703551840337777
0.029488623502597518 0.019752903459224203
0.015852968951091576 0.011208293362610457
0.01728389840835824 0.012197198429848927
0.03581809679503968 0.023724621309831627
0.03699228543416947 0.025028904761303733
0.019124097779613887 0.013461207980915213
0.021156148660104047 0.014742122632794813
0.0422742655911625 0.0283366541947208
0.04279051112417721 0.0289202256869476
0.022015707228601366 0.015132157638344303
0.023039360216272665 0.015727929773592737
0.049262953317496 0.03339261086702423
0.05144530589093281 0.03559430223346885
0.02576819049341446 0.017308209240739586
0.029790097596168776 0.019516330078352476
0.058027014540472384 0.04010457389529709
0.05985667340187313 0.04181528576472185
0.03278222078345914 0.02087184386483222
0.03631575001430713 0.02269632265007125
0.06165712617086217 0.04350139126834115
0.0667657608971502 0.0471907847019309
0.04038004213102392 0.0244195810112251
0.0478598810228737 0.02805588433391351
0.008191192113494953 0.0044124313279960276
0.008545410163096243 0.005322703538848046
0.006733030336346276 0.00368015704956037
0.007150384463594585 0.004586966151627293
0.009529768109193764 0.005989893910042169
0.009520332371298762 0.0059472476588502176
0.0072987412121339554 0.004800179931657182
0.007270877131051471 0.004752440785646945
0.008767522868893811 0.00559911708546933
0.008805327817592181 0.005637406897990101
0.006623012306436766 0.0044372930359956745
0.00665277445622201 0.004467393817523221
0.008376531899518076 0.005562301068266023
0.009053366046550129 0.00625736619427268
0.006717887622972439 0.004620151092584315
0.007528386655632581 0.00530691903595468
0.009526223564740302 0.006680195832820916
0.010317743399483485 0.007291171464123536
0.008361847695777766 0.0059116585324480685
0.009242727788357762 0.006516525699111575
0.011084616078372144 0.00783782722043646
0.011856650663410136 0.008370440506911308
0.01039155721991335 0.007335130145354302
0.011202950515915919 0.007862717635903557
0.012745649735286066 0.009006227776226613
0.01326409653433318 0.009354084343547505
0.01190687657372376 0.008363131272584827
0.012458476474907313 0.008710055045705883
0.01344463197784277 0.009493668044703314
0.013162822729108903 0.009301942365548772
0.012016780297887532 0.00832804154005377
0.011699619586169552 0.008135538088835905
0.011627959856711364 0.008198212814871254
0.011024627574126467 0.007790914574956806
0.009914155923029017 0.006640127915581597
0.009176627182607786 0.006222591734405251
0.008962509065334766 0.0063144007221548806
0.00819180209263202 0.005695327479218715
0.006036286968771273 0.003616587462674549
0.004721715081714243 0.0029213096274338405
0.005849361091382189 0.0031142359979374496
0.006031337535579966 0.0036574906261405606
0.004665189702715973 0.0025202879907743345
0.00487542818264254 0.0030567061932556166
0.005790602216503677 0.0036723431334944293
0.006131603049860778 0.004109730128531334
0.004575159005730143 0.0030204438990872615
0.0049927863756645055 0.003454000526485671
0.0061403141543036775 0.004298100073892959
0.007040318932680855 0.004977886848098192
0.005553670792018265 0.003919626692568215
0.0065252794032757255 0.0045932924931424875
0.007883894258133486 0.005556849306061849
0.008880022323481335 0.006185855386058653
0.007848372057419567 0.005530087162553144
0.008843716182268238 0.006156198253799672
0.010060273702642836 0.007036487982168901
0.010944105226174757 0.007574321326102518
0.01006680674577527 0.007043349503207917
0.010948118183187514 0.007580388212093829
0.011927827405528326 0.008307095334331051
0.012532029550668419 0.00867160916213033
0.011908333338267353 0.008291205045964837
0.012512713263206517 0.008655444659670303
0.0128121749700843 0.00888109340931384
0.012759824591788328 0.008849578080111086
0.012717250046091477 0.008793166538143202
0.012664732703568708 0.008761822251734667
0.01188780313212375 0.008149189349584933
0.01108351816029189 0.007674678670254356
0.011793787887538749 0.008049544318148093
0.010980058336734731 0.007574481299420758
0.009075458920683335 0.006077411718597127
0.007328214671275051 0.005072675225577176
0.00899721108819018 0.005973394349619597
0.007221154517157984 0.004966938776681325
0.0038893584563035894 0.002512937231755463
0.002895151465917709 0.001964374212839435
0.003801123840656676 0.0023183051446683638
0.002682558894161788 0.0017313148992652663
0.004023183190791195 0.0022314173459641274
0.0043672877302572055 0.0028737662475329167
0.00329921454237163 0.001866291894720428
0.00370314560355729 0.0025049388727412317
0.00447463010139629 0.00313378889441074
0.005665559274611534 0.003984603595534145
0.004280354573936207 0.003010183002527563
0.0055074436454193125 0.003856961489229131
0.006871482412625387 0.004812182389195499
0.00790260118560747 0.005434739860257425
0.0069457761587050516 0.004873785536936761
0.00796578273502064 0.005495821411504261
0.009172082899087311 0.006372005242665161
0.01010200809452713 0.006922383069659189
0.009247625489128837 0.006439484436541453
0.01016943805131898 0.006989452859808401
0.011186850062900332 0.007746449431315108
0.011837921541267175 0.008131135954793096
0.011278664865615563 0.007830104383587779
0.011924169998866922 0.008214638899511335
0.012544444777652928 0.00868718787893159
0.012791271408646665 0.008834248613967794
0.012583631174791892 0.008722857199203097
0.012829642062656443 0.008869899167443636
0.01270306808094452 0.008772077141766492
0.012374215998456112 0.008575882661824682
0.01267433221906561 0.008743958153769051
0.012344689263359146 0.008547841218193568
0.011288506695606333 0.007736537430570886
0.010282803314417666 0.00714095428493669
0.011259447937471223 0.00770467080345019
0.010249771155390995 0.0071090751301426435
0.008058427901481017 0.005404775662586459
0.006104205174621936 0.004264710357312001
0.00800242130037905 0.005332783206334563
0.006023802537781406 0.00419246168838238
0.003235070435913217 0.0020110898874149776
0.0022736364257800725 0.0014998312104521827
0.00326220178924151 0.0020402562457579702
0.0022856213707562073 0.001518301744575072
0.003127297563312462 0.00187868053912881
0.0040398899522829015 0.0028503332972094264
0.0031202172759049714 0.0018749210347946822
0.004032834834410308 0.0028455683573621725
0.005172966293909881 0.0036466638252007303
0.00643138137385235 0.0044214838154805845
0.0051794291684212936 0.0036517709723786944
0.006435447006528356 0.004426144788266451
0.007790025757166434 0.005404965012005489
0.008766280256701309 0.005978394538781818
0.007841170381040992 0.005451002083142423
0.00881097007486988 0.006024138913615397
0.009953586758848677 0.0068866510506996595
0.01067619970161997 0.007311542939080446
0.010014663253793903 0.006942743745978799
0.010732713000573164 0.007367494180361188
0.011617753369725769 0.00805180154959963
0.012055445176298576 0.00831231260865745
0.0116230128869761 0.008056911623397611
0.01206033997154557 0.008317360967816195
0.012508455623690056 0.008675948174460976
0.012547524351157316 0.008699457906388946
0.012442446534064563 0.008616145679872799
0.012481700043204421 0.008639639648718918
0.01226261041073193 0.008489205310131434
0.011832902207295598 0.008230251413270995
0.012207089096655766 0.008437610553417841
0.01177526294580155 0.008178670040435343
0.010683105698362819 0.007355046379447585
0.009644707885119076 0.006730792135337263
0.010629773814310574 0.007302493080385517
0.009584835674294283 0.006678176432931619
0.007446047151072765 0.005000428553992719
0.005781123681894163 0.004031106590643415
0.0074413791896491875 0.004991647689699855
0.005772513961518441 0.004022206891136977
0.0034926205999373855 0.002186828295543227
0.002473150914805215 0.0016418837709679843
0.0035521940025647447 0.0022732018278467893
0.002548116842140577 0.0017251869914861708
0.0031140884284284417 0.0019358072980512808
0.0044577955063046315 0.003147875352795347
0.0029716054006066928 0.0018612554254272603
0.004358812378394177 0.003072948476077573
0.005790630289006378 0.0040443619751383076
0.006914173826898357 0.004711005587683162
0.0058052400926914246 0.004056895842184234
0.006925933257388407 0.004723363025634118
0.008198289301429873 0.005674293265638017
0.009030890730280359 0.006162103028319788
0.008204822443031834 0.005680531492255696
0.009036503294874598 0.006168228372405732
0.010121397273263584 0.007014473694142762
0.010684480227679486 0.007348483424982845
0.010084299873381379 0.006981020987509615
0.010649161378225028 0.0073149560327588565
0.011419317133751331 0.007926620859532395
0.011701368189913809 0.008095908432875299
0.011332698969685372 0.007848668004090092
0.011616762508807731 0.008017906054273494
0.011971565913025345 0.008315544120402443
0.011923193053477136 0.008286293720317542
0.011874486685295234 0.008228385769009184
0.01182570362710442 0.008199128933974637
0.011614730176233923 0.008065697982543668
0.011165294025750472 0.0077916185446479085
0.011512593189576663 0.007973508634125374
0.011058940622171944 0.007699427467902625
0.010033977978347295 0.006931329365347506
0.009102978085827705 0.006366182976159563
0.009946123951298572 0.006848415927706115
0.00900571599018038 0.006283231491357242
0.00715124805606979 0.004825302936596539
0.005847849221204734 0.004065978618475586
0.007160340171122254 0.004833952875816184
0.005858233461871967 0.004074570796760005
0.004054281051348854 0.0025893307884825114
0.0030759466920290504 0.002059383205276567
0.004152244575590675 0.0027222998471060603
0.003202519455030668 0.002191881003319153
0.002853961742274164 0.0018156993997754493
0.0044139304476608 0.003095655906068134
0.0026249804398687424 0.0016938462309985642
0.004268956544338315 0.002973558298142877
0.0059358111918304665 0.004132851814809433
0.006945610347619672 0.004728451965396191
0.005865714274644167 0.004070972774324834
0.006885575864851716 0.004666466061974727
0.008121582655583923 0.005624312224564736
0.00880454556211948 0.006026550191808687
0.008043522022902594 0.0055525923766413165
0.0087324277219553 0.005954746758860114
0.009752817696863082 0.006767926109516195
0.01023606886991489 0.007056233197008909
0.009649655708918072 0.006674502272450101
0.010137706765098958 0.006962745786019992
0.01084614659136458 0.007535294538784926
0.011041917321761505 0.007653348946880588
0.010734491984330142 0.007435071590578778
0.010932212387788973 0.00755309682054294
0.011257346142623125 0.007833833730145422
0.011175013247380077 0.007783650646540624
0.01113366066855768 0.007724127280450806
0.01105039627593778 0.007673941761337739
0.010847434831926638 0.007546979434379877
0.010423403350766493 0.007286476533754825
0.010708463484964457 0.007423186634554336
0.010278671445288493 0.007162682606179682
0.009383294826392198 0.006490910084996018
0.008622833711815764 0.00602851491887922
0.009281738046800525 0.006396442217817834
0.008512146814399345 0.005934037666318698
0.0070395630162255135 0.004770333394555076
0.0060857096203980835 0.004215101684013473
0.007064002340424577 0.004795769888782768
0.00611389515670676 0.004240516017067965
0.004758389810810099 0.0031107661608539153
0.004023376251410698 0.00270626400494913
0.0048848191814713764 0.0032643853951045392
0.0041720763180305865 0.002859821005808584
0.002419029080729798 0.0015667684514977132
0.003988768507811424 0.0027727131266574298
0.0021364902125690466 0.0014135251901530674
0.003823536280188254 0.00261924547915529
0.005547598444588431 0.0038580719994326974
0.00646615354852049 0.004398509065602676
0.005412641217968372 0.0037359074295332797
0.00635059658422608 0.004276262849918216
0.007578852919676968 0.005251796894369776
0.008220206108040322 0.005630293253270417
0.007450160794748774 0.005132906098808336
0.00810159702132784 0.005511336658138178
0.009100955701170003 0.006319641067970576
0.009520823982174296 0.006570881653794438
0.008967496609463001 0.006198704996436098
0.009393258580307831 0.006449901331807003
0.010095000842404393 0.007023897339813588
0.010269052629732899 0.007129450896832144
0.009961026325953234 0.006904635236459298
0.010137353070105885 0.007010175071481812
0.010455780961654577 0.00728528085051164
0.01036813432179702 0.007231578556086681
0.010295417203860038 0.007143910871877431
0.01020638125416534 0.007090207142306895
0.01003842051760935 0.006987686564274209
0.009677376868974626 0.006765614204193573
0.009886936885808394 0.006853115484808681
0.009520140366810089 0.006631039248993006
0.008794283858199688 0.006083041142999182
0.008218946321217464 0.005734717058414365
0.008699790506668989 0.005995338333527483
0.008117791544777037 0.005647017188791467
0.007055909282020975 0.004801717452425438
0.00643685846311746 0.0044414843389213995
0.007095820494984579 0.0048423812715271426
0.006480624006625188 0.004482134684868744
0.005531103495537835 0.0036830856268553302
0.005128672479649974 0.0034584556103891503
0.005678777261826888 0.0038467257463369337
0.005287598088489151 0.003622056192393657
0.0018958614165412294 0.0012531472688495184
0.0033798308033027437 0.0023170504566208897
0.0016396538117978453 0.0011104213926154056
0.003242759299697477 0.002174169878881012
0.004865273796585941 0.0033755870525494667
0.005703531474937898 0.0038649729959823833
0.004714216705064008 0.0032348645229016816
0.005575129640120751 0.0037241881727807253
0.006777274735711531 0.004697779336998172
0.007402979872775443 0.005066919007176136
0.006620588678494955 0.00455218656452549
0.007259730803186412 0.004921271921397416
0.00827403611987132 0.005751134635435431
0.0086705720541488 0.005989132373923201
0.008106402420061446 0.005599399609391296
0.00851070747892194 0.005837368740761732
0.009225316394816505 0.006425836064388809
0.00939247317479218 0.006527632275680716
0.009034880814741244 0.006256457565877704
0.009205469375341542 0.006358243542454843
0.009555671404140625 0.00665965356493097
0.009499381191203688 0.0066251783907334055
0.00936616044771874 0.006492109177360053
0.009308705418874609 0.006457630905172764
0.0092423663293582 0.006431420949514021
0.008984902582365149 0.006273626673808118
0.00908598195175758 0.006291867710622526
0.008823955618350315 0.0061340730492578915
0.00833100868880447 0.005758891337433139
0.007963246118991784 0.005537866683913905
0.00827985149376133 0.005711542726540985
0.007909733779342037 0.0054905157818508155
0.007210816426699814 0.004925135667952081
0.006862781975818873 0.004722455400080363
0.007276046716630534 0.004989655107085725
0.006931304776664592 0.00478696319798887
0.006327283711598266 0.0042698191185936984
0.006129108724335333 0.004157443419903782
0.006480188353026935 0.004428235156213543
0.006286817277878391 0.004315838958621451
0.001412246289737059 0.00095164496490388
0.002730078949818314 0.0018398980980289371
0.0012137331793570028 0.0008373277898115082
0.002632740419588139 0.0017254792377775548
0.004063728284511949 0.0028104537891272844
0.004855756104708566 0.0032675966218568137
0.003908980533464681 0.0026608689202281244
0.004726933530413008 0.003117958565708284
0.005879294994371266 0.004073596070894032
0.006453277053117952 0.004411481320370027
0.005712487664899872 0.003916956503882881
0.006301625750030527 0.004254799025526442
0.007274384193925103 0.005058413589204017
0.007652850046998991 0.005285709933377885
0.007069133089907638 0.004871475219342515
0.007457974940756848 0.0050987434601679205
0.008182147610957511 0.005698821312750209
0.00837516344074302 0.005816173210897753
0.007969152541384777 0.0055080633092135164
0.008167170735003696 0.005625401517049161
0.008587974108291598 0.0059824667652674
0.008604255171050833 0.005992466794909989
0.008403425540808963 0.00581833048526236
0.008420041486755908 0.005828324013840186
0.008494142313776966 0.005905161054343475
0.008382937526785374 0.005837523215689188
0.00836882983780279 0.005792705610843347
0.008255930971012156 0.0057250661481964855
0.008037160900584569 0.005557615486201576
0.007872983041378649 0.005459375609110214
0.008006792851169129 0.0055296371914373525
0.007841983767763483 0.005431396821414251
0.007476034340953383 0.005126397930319813
0.007338019637284957 0.005045706972796056
0.007551507972855783 0.00519900078816944
0.0074148953130434275 0.0051183042524220665
0.007110454290541754 0.004842022489843048
0.007090044015879244 0.004830234291797352
0.007275734904762173 0.0050048474180977584
0.007255764878212906 0.004993050947492373
0.0010298562071058223 0.0007041327081323608
0.0021310185764641656 0.0014132824272754686
0.0009063036887956516 0.0006309043577425935
0.002074106974389105 0.001340004698940795
0.0032505394734764267 0.002235130665256827
0.004011632806619997 0.0026668812496831343
0.0031056081687874785 0.002086579004849038
0.0038950603271678923 0.002518273192595827
0.004973968698065225 0.003438368862476281
0.005510498376875496 0.003751662450532085
0.004807884881251689 0.0032782990513830317
0.00536101451043163 0.0035915513210268693
0.006255816884218607 0.00434100808676819
0.006618547713601893 0.004557050528248688
0.006073933358755811 0.004172171787651686
0.006446868150100148 0.004388185368661568
0.007149634630805476 0.004972393530700317
0.007386659074055044 0.005115361520005683
0.006969626588903972 0.004809253889499806
0.00721254889816885 0.004952207005868278
0.007702271721751823 0.0053593326379345494
0.007821994167505456 0.005431963379448448
0.0075475792997609144 0.005220566582350764
0.007669706933839143 0.005293191552964165
0.00790312173150387 0.00548830549666713
0.007934822475698735 0.005507458661379689
0.007804839729776739 0.0053995081219614695
0.007836934887723431 0.005418660184739335
0.007860719838460102 0.005436593980685761
0.007862519685616761 0.0054376682706282105
0.007839904390839843 0.005417409215000555
0.007841710150788071 0.0054184843505292206
0.007770616267022096 0.005347117548736612
0.00780710003453388 0.005368512959055936
0.007840673798652591 0.005412997855767594
0.007876831167232857 0.005434393584573989
0.00784127067452174 0.005379786565853928
0.007970588208874385 0.005454929619145392
0.007993934626497936 0.005524227613131014
0.008120811813192873 0.005599373349853543
0.0007610010722127466 0.0005219267060086573
0.0015993441678511862 0.0010565655518566188
0.0006853503773813415 0.00047693120105679555
0.0015647404462839057 0.001011518405545763
0.00246974428905517 0.0016808541238187904
0.0032190251643274942 0.0020957654816217645
0.0023623551388351886 0.001561540912300429
0.00313737254155934 0.00197641099822538
0.004122784427376182 0.002836127111530156
0.004653011067128239 0.003141139966880582
0.003987816635555282 0.002701032829341076
0.004533827314985009 0.003006008287358371
0.005383870742548765 0.0037250538255158344
0.005771905874079934 0.0039534965412678
0.005255006471297613 0.0036033728425795774
0.005651887317008733 0.003831795913337458
0.006329850791961182 0.004391863557764741
0.006606111681981328 0.004556754515876553
0.006204948272181464 0.00427716843974474
0.006486527447499622 0.0044420478775851644
0.007002616410364898 0.004863142814329155
0.007206637105862114 0.0049856527010148696
0.006884533585107197 0.004755886878016934
0.007091954135087081 0.004878391324199144
0.007448895362334946 0.0051660321279865685
0.0075948373637931285 0.005253441763857897
0.0073685608517740225 0.005092787789143995
0.0075160663796745375 0.005180195544426527
0.007737387314694557 0.005351473812208535
0.00787050909088875 0.005430554839195324
0.007717888878590993 0.005333461816843479
0.00785134724173543 0.005412543720073822
0.008026544685833609 0.005537953489519234
0.008200511487580194 0.005640472748316562
0.008076425845557565 0.00558412836253357
0.008249346650338463 0.005686649554522118
0.008461820141471588 0.005835854459556002
0.008684395490239917 0.005966732529279893
0.008586338405799749 0.005950404729124824
0.00880577166531143 0.0060812904759561465
0.00061088537459089 0.0004178543916949709
0.0012663802237566969 0.0008393819939203588
0.0006041342604836824 0.0004139377725735549
0.001263108915503735 0.0008354171551380116
0.0019201309784593456 0.0012787723632146013
0.002619406123912471 0.001654793020784838
0.0018627191222283129 0.0012063624946890656
0.0025776130439121698 0.0015823516617160987
0.003454382454446032 0.0023599166217082917
0.00400598209231315 0.0026715670778353624
0.0033725612485789847 0.0022749829884084836
0.0039356424296308114 0.0025866100493105774
0.00476001932385866 0.003284127203303947
0.00518206940700529 0.0035300000303706966
0.004675233426389295 0.003202989235450669
0.005104300497377963 0.003448848242067615
0.005772227869812154 0.003995335981076604
0.006089052632873768 0.004182610379619525
0.005693003144704636 0.003921744751109893
0.006014006973267717 0.004109011672745772
0.006522426261255831 0.0045173477634352435
0.006765438912559634 0.004661737745496304
0.006448235496388099 0.004448949270494761
0.006693945147346747 0.004593333914013442
0.007105098444000212 0.004919219578083135
0.007332244500288378 0.005054180142190812
0.007046099396896902 0.004864868147774987
0.007275094439054838 0.004999825921872186
0.007634985829055605 0.005279529258938823
0.007863529106329446 0.005414867011420123
0.007617065101328004 0.005262944064372083
0.00784613927098055 0.005398281985907224
0.00819888273821984 0.005666539653428865
0.008462988375580682 0.005822625858770153
0.008229653212543528 0.005694746179861628
0.008492812033358612 0.005850834911793078
0.008901241735928435 0.006161829298236855
0.009194084398870917 0.006335678975416087
0.008978285688124654 0.006231372372141405
0.009268703996657576 0.006405228328617573
0.0006200075183802313 0.0004144296203030095
0.001156518604303819 0.0007853743556514346
0.0006683780385848605 0.0004411000487997873
0.0011831309164515099 0.0008120345213497907
0.0016584794206273028 0.0010778565174175726
0.0023199457433653605 0.001426273160727111
0.001647752886056775 0.0010631345431004009
0.002312273467303569 0.0014115387249957136
0.003093753161698713 0.002097130515141088
0.003653475503296907 0.0024086108993422884
0.0030644948751241126 0.002065931337268872
0.003628726468268161 0.0023774026571930455
0.004404197788148333 0.003027454639577716
0.004846900216620951 0.003282621807965204
0.004365523533959949 0.0029899356135493858
0.004811782291466726 0.003245095191887961
0.005454409219145533 0.0037657052452937205
0.0057914179471728715 0.003963237309927371
0.005415101104927234 0.0037288086416050964
0.005754410877048088 0.003926335313949687
0.006247526813498341 0.004316560221861448
0.0065197662186541015 0.004476981988477758
0.006213259114112653 0.0042846371419691795
0.006486937683305132 0.004445056047371804
0.006901581054405897 0.004768430368623169
0.007161300857461545 0.004921640529784392
0.0068736621595541945 0.004742458189632452
0.0071344013709248285 0.004895666927023445
0.0075554289527028995 0.005222435820045336
0.007840989302575457 0.005391087491904494
0.007541972749825322 0.005209974825181415
0.007828029603327551 0.005378626872577612
0.008284299898555354 0.005731742272024936
0.008587362605224658 0.005911267041668854
0.00829170123678659 0.005738488454421105
0.00859450968407495 0.0059180157507037106
0.009116966792052412 0.00632498666097249
0.009437683234109777 0.006516618117665004
0.00913364165058227 0.0063399020381256
0.00945379598660763 0.006531534581360358
sig_last 640
-129726.01392643306 4746.037035338886 4746.037035338886 -225534.48533971378
-95383.31783808363 2230.7435181566025 2230.7435181566025 -188206.24712375796
-134958.44443806406 17861.935931994176 17861.935931994176 -226966.1234146127
-99707.2568700304 11373.952010834673 11373.952010834673 -189948.3709634481
-122044.17884504508 2841.8050747109364 2841.8050747109364 -259720.71427449965
-89272.66412609468 2430.377128232293 2430.377128232293 -186773.67887319849
-124382.21823738175 16395.29352298729 16395.29352298729 -249055.27605964604
-85995.39934485513 8618.34295439017 8618.34295439017 -182013.01642002494
-142734.12641444392 1158.1171279302825 1158.1171279302825 -269458.25296829955
-109064.55684953055 2400.200600990426 2400.200600990426 -210388.05207334863
-126685.68209375926 13028.698684191206 13028.698684191206 -235073.55349457797
-95359.02424587567 7675.692191098175 7675.692191098175 -172158.90022732696
-139444.50418948935 3807.8683923158906 3807.8683923158906 -267736.3291078869
-124234.54417794826 5326.340998271101 5326.340998271101 -233114.9277240094
-117088.51507241091 8455.834646657546 8455.834646657546 -225546.5017682274
-101307.4794100698 5875.628144898188 5875.628144898188 -187382.028397267
-148124.94798218462 5705.002349555996 5705.002349555996 -265225.82153452234
-141085.05949106894 6561.918351037104 6561.918351037104 -251164.72710358002
-125314.15467279432 4573.473196829463 4573.473196829463 -224432.2082539895
-120868.34717761683 7010.3262430374425 7010.3262430374425 -213825.4169307123
-145694.20074652362 7547.354915316358 7547.354915316358 -258049.83262989583
-152897.95425696622 8731.366742504124 8731.366742504124 -272806.8381122277
-132026.81166442478 4196.234598736088 4196.234598736088 -234594.8189267451
-140654.08916778537 7141.702575674714 7141.702575674714 -246464.94926569794
-137596.16939756114 9874.195369129195 9874.195369129195 -254150.70119006088
-155069.3741134774 11863.239294132094 11863.239294132094 -292126.3530525283
-135221.36778687764 5939.571012022368 5939.571012022368 -253926.67252102908
-150536.17945076598 8630.28976143416 8630.28976143416 -292744.33166168607
-127448.09899877828 13078.830959180337 13078.830959180337 -243209.5945454873
-171957.44738031863 14918.522442705489 14918.522442705489 -315908.8339771489
-144275.93111178922 -137.25955994294566 -137.25955994294566 -273606.35057081794
-193184.14716831944 -3400.168646640741 -3400.168646640741 -352518.69075976044
-109436.22020479086 6512.273998624066 6512.273998624066 -222167.71949638939
-160276.49315755191 -1154.2088462248278 -1154.2088462248278 -314226.8151535798
-162222.8701472311 -7881.638016099648 -7881.638016099648 -314151.63347722305
-213257.29243157487 -25054.285814913193 -25054.285814913193 -414441.976588071
-152796.12595702824 2839.8386605237547 2839.8386605237547 -270557.43172170984
-161851.1461080865 107.19140175862697 107.19140175862697 -281035.5140083712
-159499.94704305616 -117.39218587154767 -117.39218587154767 -286417.7394613275
-168763.27723019058 -3040.3164794954073 -3040.3164794954073 -296579.30103736895
-135311.43629495203 26617.90722846859 26617.90722846859 -218191.53486108122
-95728.43557576319 16834.32116483896 16834.32116483896 -173854.89135356524
-135805.14820958723 34427.68587201975 34427.68587201975 -203246.21696960734
-97498.25058924002 23395.254273743707 23395.254273743707 -161482.157423856
-123023.14470625648 24328.313538825532 24328.313538825532 -232262.62247103278
-105066.07551966573 20980.914904973448 20980.914904973448 -202568.13430097952
-111014.89389880569 27189.79596533257 27189.79596533257 -195337.68626586173
-92313.73570625325 22376.6570580481 22376.6570580481 -168502.67521066664
-136931.81728440733 21092.445767766138 21092.445767766138 -272689.53072698717
-125009.36921472846 21428.491184479848 21428.491184479848 -243587.22335090613
-99068.9341306678 21088.732514898184 21088.732514898184 -189784.5210490698
-88292.11480285438 19183.4718244061 19183.4718244061 -165310.17596560429
-153019.44908511397 22991.353581320254 22991.353581320254 -295470.86032528954
-138996.35646578274 21984.603178670965 21984.603178670965 -269153.6570137008
-98203.39623576206 17044.863147634056 17044.863147634056 -190122.08717244415
-90832.72478029375 16607.084110913805 16607.084110913805 -166050.6567479674
-166408.34199955137 22640.12484353363 22640.12484353363 -303590.5143857226
-153713.11485977858 22075.820922308238 22075.820922308238 -280475.9527201833
-105984.73445919818 16543.13466130278 16543.13466130278 -203431.25181958306
-98807.85467879803 16033.99568089596 16033.99568089596 -179896.18475865867
-167559.5560909256 20291.543709714868 20291.543709714868 -296615.1955026741
-159584.0621883977 19866.63073772646 19866.63073772646 -277564.17157176987
-122011.20163934455 15709.929733412922 15709.929733412922 -220799.28300919803
-116289.45112805517 18571.041182193723 18571.041182193723 -208972.69424886414
-155580.22302667116 21104.33790647897 21104.33790647897 -272402.11623646336
-148199.114454899 20413.76927811826 20413.76927811826 -262875.34259601857
-143519.75540194396 17570.462530922574 17570.462530922574 -249929.00748610822
-137672.56270248062 16206.440970352369 16206.440970352369 -233117.63223013387
-131352.11682855836 20896.61345685179 20896.61345685179 -237376.82462407986
-133707.5994953427 20129.620272308097 20129.620272308097 -240033.23454326417
-153912.60914900442 19893.74179816656 19893.74179816656 -286291.2324143735
-156564.11987889794 18956.241404355198 18956.241404355198 -288727.17713843536
-109231.94074636101 15822.281914459378 15822.281914459378 -194051.19340342635
-115541.6834361491 11316.457504723407 11316.457504723407 -222359.98363654074
-190373.89160847472 17926.643304048303 17926.643304048303 -356962.6801998126
-195056.3261910918 12304.395100890604 12304.395100890604 -367817.4299375678
-83893.17203103927 11554.600605075684 11554.600605075684 -157093.0523635321
-169442.5927944432 -6756.325438280984 -6756.325438280984 -343606.5731302501
-216618.8396606511 -16406.515867344206 -16406.515867344206 -405808.7206412157
-340412.82575505803 -54575.091583336674 -54575.091583336674 -632186.7395224252
-135073.94932734122 37786.53380252971 37786.53380252971 -188257.6878801675
-109280.83154911938 30287.865395305547 30287.865395305547 -161125.9810160092
-119546.81082939032 34253.46784953674 34253.46784953674 -149206.19889146398
-92576.32695935988 27054.457444093765 27054.457444093765 -122680.5441979064
-123631.6343891105 35137.84649463474 35137.84649463474 -188065.3182865646
-122464.6913822246 34110.988150815014 34110.988150815014 -182409.31793596514
-91967.19610447691 26976.917778990435 26976.917778990435 -127633.96432622074
-88941.23019537498 25411.950071946707 25411.950071946707 -120606.9088848952
-130819.48474779747 36246.06002345838 36246.06002345838 -196443.17116677662
-138806.75060074337 38984.046896170374 38984.046896170374 -197503.0457997785
-86085.39766399116 25137.902233184293 25137.902233184293 -116299.40044386883
-93962.92850247178 27352.92533873635 27352.92533873635 -119509.79152934268
-149083.61795043288 40696.03695247437 40696.03695247437 -220658.48139432597
-155962.8998816955 46321.71305474745 46321.71305474745 -215343.9890664651
-89984.24870865104 26429.437494539154 26429.437494539154 -112684.89276951706
-96866.73526507812 30908.143667269134 30908.143667269134 -114654.88532024832
-173734.6087486867 49215.172088377905 49215.172088377905 -248100.14961118734
-178020.32663242097 51819.89355630018 51819.89355630018 -237853.88403128093
-92149.3320295204 29467.120862402586 29467.120862402586 -107760.73933620837
-94952.18428002034 30902.692495246312 30902.692495246312 -106495.19991906802
-202257.61099382743 56183.3665116957 56183.3665116957 -281323.32785414095
-204529.35902579888 59043.58366912388 59043.58366912388 -263386.26705653983
-89673.3858495289 30703.894302151017 30703.894302151017 -99556.30362276151
-87429.47936001745 27443.83932705174 27443.83932705174 -92028.78404474256
-226316.68422729557 61282.20586376291 61282.20586376291 -305435.797306717
-227367.60896170442 67031.07890447424 67031.07890447424 -304988.793132966
-78729.42346105655 26076.634874567484 26076.634874567484 -80664.98384490794
-80535.4025539848 22410.912405560222 22410.912405560222 -79466.82636721493
-240476.11781486802 74842.51834945986 74842.51834945986 -338832.9701990508
-225770.55804109425 69486.67105766013 69486.67105766013 -310657.24653291615
-60967.29309531063 16741.031164582826 16741.031164582826 -59612.68119008972
-50737.88218123579 15072.368255015648 15072.368255015648 -49472.59775460338
-245355.27841968005 51437.72693410634 51437.72693410634 -318992.42826649087
-259860.55908896893 55199.52973649443 55199.52973649443 -298922.2013662422
-35227.17794993619 11010.058412554043 11010.058412554043 -34569.47826043257
-33962.66702059503 8461.560904868245 8461.560904868245 -33387.986114377716
-187780.45565438725 43805.03614657854 43805.03614657854 -234649.8215636306
-167866.02747439736 35462.84155797347 35462.84155797347 -207461.4252483329
-30471.105700515658 9475.312394718578 9475.312394718578 -31870.68429292301
-24.30769058721718 8.939946269913424 8.939946269913424 -17.88457513080958
-118708.94769799805 33393.474681497864 33393.474681497864 -135385.31006758683
-107992.972224942 29965.54407959171 29965.54407959171 -126424.02230429435
-112356.38955387335 31137.666319154152 31137.666319154152 -121216.61595528449
-101901.26324744317 27414.38092430221 27414.38092430221 -112639.18643091939
-108384.09036052591 31100.56452430918 31100.56452430918 -133664.8998010605
-118212.72511304419 33351.67071646017 33351.67071646017 -140027.0357324362
-93640.55171861731 26962.43201665979 26962.43201665979 -110126.0671912335
-104299.81342453879 29708.179837185635 29708.179837185635 -116469.30609324928
-116417.26677292671 33131.68679583115 33131.68679583115 -134649.65840536382
-132290.48593190208 37707.22225198 37707.22225198 -145324.21994273356
-99589.23303780008 27973.859371240163 27973.859371240163 -107293.41572720688
-114794.66485472715 32660.2708294775 32660.2708294775 -118473.55353132058
-127458.86538917261 36251.82304691616 36251.82304691616 -134005.92062038358
-142159.95860411198 40110.51879816588 40110.51879816588 -143687.16886169207
-110090.93056724385 30907.476222938603 30907.476222938603 -106989.27623177874
-125052.21316654747 34782.648423879764 34782.648423879764 -116764.09996685405
-137492.5114170273 37148.48336885243 37148.48336885243 -128077.73601264422
-152336.9662237038 41450.55193405399 41450.55193405399 -136771.4732320782
-119695.44471046017 30991.91226437883 30991.91226437883 -101967.02333417177
-134089.84285479755 35122.11146780425 35122.11146780425 -110891.14265335204
-144128.0118463396 34986.192464092805 34986.192464092805 -117528.27769441955
-158387.06018127265 38916.15446533079 38916.15446533079 -125812.323960866
-126067.79470029654 28809.755018344276 28809.755018344276 -94419.5021429621
-140010.5683430595 32658.23895556108 32658.23895556108 -102667.0770852818
-143595.84857869902 28818.02639497476 28818.02639497476 -101666.69061827118
-152794.69035955798 30613.98922454828 30613.98922454828 -107078.61359454018
-130001.40590941285 24766.760873132116 24766.760873132116 -86915.66631451373
-138725.94043973248 26663.117812972218 26663.117812972218 -92543.42529281128
-135468.10336917365 19576.819724228495 19576.819724228495 -85886.42450210224
-131902.82638586347 19063.286918857644 19063.286918857644 -84658.32316653001
-131412.2873758816 19690.715327201717 19690.715327201717 -82230.10803878815
-127677.2400672539 18978.71760645155 18978.71760645155 -80911.73670924237
-124835.94042622617 10794.68082638278 10794.68082638278 -76448.66945019907
-110537.15704450791 9965.904202884849 9965.904202884849 -69501.42470336382
-124644.38540029683 14373.20941912437 14373.20941912437 -77159.69308532488
-110154.32208376401 13510.968347055066 13510.968347055066 -70351.50743604841
-103928.27128347446 -10600.892598735234 -10600.892598735234 -94537.35509806499
-45327.9353552936 -4363.480109572596 -4363.480109572596 -60282.52028913552
-103474.79059997035 7804.240778244814 7804.240778244814 -77233.60771857895
-42227.168452570535 7284.229993966676 7284.229993966676 -48250.61231409155
-111581.66079010509 31429.409858170147 31429.409858170147 -115249.42624853355
-111865.7398722317 31407.399854932806 31407.399854932806 -115038.06341940354
-103502.78786388774 29924.94895773116 29924.94895773116 -103623.83116912213
-103412.85381698069 29994.44685396379 29994.44685396379 -103576.90477903995
-105139.82024921244 29733.48907674203 29733.48907674203 -111216.44184126565
-120381.85465710859 34497.013364337625 34497.013364337625 -123845.0735779168
-93414.0842029224 26304.343626086666 26304.343626086666 -95237.52873322711
-108429.06507367016 30876.330439094127 30876.330439094127 -107604.33656549995
-115560.3166680556 31712.770074264175 31712.770074264175 -111980.96337731456
-129590.51116819786 35008.25098238945 35008.25098238945 -120486.29202960053
-104755.19255050438 27559.508530379302 27559.508530379302 -95035.34571565353
-118329.35376388226 30692.08598046336 30692.08598046336 -103356.77225476023
-125943.51883638494 30944.38112292184 30944.38112292184 -106184.95178849547
-138691.29193990087 33431.18586500459 33431.18586500459 -113627.09335120504
-114613.04970539807 26600.125364392734 26600.125364392734 -90693.95886522716
-127045.33883736708 29378.194451421696 29378.194451421696 -98259.11827009145
-132557.09307063156 28261.28460025583 28261.28460025583 -98651.87870613363
-144635.8711073975 30776.744100887845 30776.744100887845 -105470.22565479833
-121953.84839302603 24454.911784264244 24454.911784264244 -85845.70127310735
-133589.4667851084 26948.540471775952 26948.540471775952 -92658.14600976591
-135973.14045226204 23261.825025719045 23261.825025719045 -89612.90231325431
-143615.20605955427 24993.642701178484 24993.642701178484 -94487.1302774705
-127907.43600551572 20854.684280216818 20854.684280216818 -81205.444438087
-135177.50517010715 22311.38351528633 22311.38351528633 -85939.06541144222
-135487.01284840607 16337.984060249435 16337.984060249435 -81495.98143013149
-134726.15489969842 16759.364580718553 16759.364580718553 -81689.15232457478
-130849.42572592686 16081.65876246955 16081.65876246955 -77582.40688024559
-130276.70147830578 16604.189088530282 16604.189088530282 -77764.80749009488
-130025.07742212038 8682.553475828005 8682.553475828005 -74516.89017601727
-120366.57676070578 8648.284728157712 8648.284728157712 -70226.67559380717
-128246.8881236688 10326.305223178568 10326.305223178568 -73311.49224733587
-118601.44242366526 10285.136657258452 10285.136657258452 -69124.10897744083
-116722.61235698214 -748.3004614575858 -748.3004614575858 -68447.31831859826
-95836.55449012187 -1113.036572127427 -1113.036572127427 -56972.64566457786
-118179.77787737505 4423.8700910350635 4423.8700910350635 -70240.39707291155
-97336.65607853407 3618.664419673147 3618.664419673147 -58905.570355111726
-90734.00235750459 -11453.511057497737 -11453.511057497737 -68805.58133280044
-47522.19502367952 -8077.928662312937 -8077.928662312937 -48195.6457750775
-93751.07560264257 886.0913717266769 886.0913717266769 -69364.22657928674
-45447.81117214989 107.57006269723703 107.57006269723703 -49132.11144336624
-101611.80447783046 29527.899882415826 29527.899882415826 -98661.17848352125
-111964.26686439202 32877.341122400045 32877.341122400045 -105760.19968301136
-94402.90785098301 27442.947065308803 27442.947065308803 -89654.85845261686
-104741.10951887816 30848.431061631607 30848.431061631607 -96708.82843314754
-101908.36996746717 27982.532252854522 27982.532252854522 -97531.14691094743
-117365.37468626 31436.578453460235 31436.578453460235 -107023.14154686166
-93611.26917655171 24923.224772944886 24923.224772944886 -85663.67466386546
-109099.41189117396 27829.574594918893 27829.574594918893 -94761.4884796931
-114726.80645540552 26696.753159653992 26696.753159653992 -93310.92491510404
-125934.73466844908 28875.443468348258 28875.443468348258 -100318.67514789251
-107165.51609040033 23856.95367085548 23856.95367085548 -83383.8568632095
-118337.1335388071 25972.47750415038 25972.47750415038 -90345.02341420787
-121512.92293777551 24426.351347305186 24426.351347305186 -88223.35352308328
-132497.89931949158 26479.847569876823 26479.847569876823 -94395.28256577169
-115155.37065279418 21857.32402760692 21857.32402760692 -80009.35685196705
-125827.29040113151 23864.39087386124 23864.39087386124 -86247.74723061633
-127574.56592086608 20887.67381765537 20887.67381765537 -82563.5204339047
-135483.5989140622 22277.634456595028 22277.634456595028 -87200.59664070554
-121940.88813282581 18905.756840153474 18905.756840153474 -76799.14767676343
-129872.70142096147 20263.955296165514 20263.955296165514 -81241.80011935452
-129533.93149585355 15472.795281013981 15472.795281013981 -76828.00289823744
-132523.50879248494 16166.086208754394 16166.086208754394 -78830.95109145965
-125665.15000765536 14673.969729786433 14673.969729786433 -73532.68249311087
-128722.91084825362 15342.051434447376 15342.051434447376 -75465.11062637047
-128824.93106168929 8742.173181219707 8742.173181219707 -71651.39359384307
-124842.9937264888 8931.364527876949 8931.364527876949 -70048.96774250497
-126975.02454418199 9414.60688610445 9414.60688610445 -70517.5953746516
-123017.75514896782 9633.908232206146 9633.908232206146 -68884.53030077726
-121618.18368495452 1005.7719411041465 1005.7719411041465 -67476.44602306752
-109558.83940093468 796.9580767151533 796.9580767151533 -61826.216396955926
-121788.73096063004 3485.3669340449005 3485.3669340449005 -67625.82052696262
-109668.0540832808 3257.189614715377 3257.189614715377 -61931.605075409665
-110386.11554629599 -6351.857571487511 -6351.857571487511 -66169.1243531532
-88140.67488304274 -6411.842831082653 -6411.842831082653 -54718.82804520279
-111986.89067802911 -1267.7977546066772 -1267.7977546066772 -66877.47035623487
-89931.05797845827 -1706.5170589375334 -1706.5170589375334 -55060.76255823765
-88474.3724735123 -9337.854097764139 -9337.854097764139 -68572.2305688763
-57588.51369916735 -7816.149852277549 -7816.149852277549 -54930.794879956324
-88673.28629861689 -798.9319539564108 -798.9319539564108 -65757.43626558337
-56397.515705584236 -280.1551179684718 -280.1551179684718 -51917.94808904575
-91689.34946043366 26359.835663690974 26359.835663690974 -85265.67586025383
-107401.91723615177 31463.418199005755 31463.418199005755 -96964.71106881177
-85075.76872973827 24060.22598684035 24060.22598684035 -78469.34030597997
-100031.87003523351 28850.959832234745 28850.959832234745 -90529.47130196201
-99913.27773932402 24357.59671415352 24357.59671415352 -84389.55138196515
-113600.55989336717 26658.29279503862 26658.29279503862 -92164.42353096126
-95072.42719946148 22159.222528427676 22159.222528427676 -77310.25223564157
-108486.36405731886 24379.39286414579 24379.39286414579 -85167.99393139216
-110949.0754815121 22398.09222044183 22398.09222044183 -81271.94903270321
-121355.0487052778 24040.59664249278 24040.59664249278 -87422.58274252478
-106822.43974403104 20286.619077641524 20286.619077641524 -75625.03685532429
-117151.79254623833 21956.077156675372 21956.077156675372 -81792.88278085765
-117738.92738685019 19536.959571699743 19536.959571699743 -77708.3153422328
-126328.49501272471 20753.185679860464 20753.185679860464 -82262.39996252183
-114294.63898351716 17924.744857042057 17924.744857042057 -73482.15401824345
-122626.89682853897 18953.722846157172 18953.722846157172 -77947.91787848492
-122020.67185509847 15177.213704681268 15177.213704681268 -73198.98042153016
-127112.67132972261 15770.402067301213 15770.402067301213 -76067.14256735964
-119627.90409096963 14236.112705408967 14236.112705408967 -70831.76521565573
-124721.4133202029 14876.64747860275 14876.64747860275 -73656.7007422695
-123401.2711194201 9847.231107656295 9847.231107656295 -68996.55229213389
-124027.99265357501 9979.463379121804 9979.463379121804 -69428.11423631114
-122589.2244945185 9749.623259501412 9749.623259501412 -68305.43840102844
-123206.33565326454 9900.982955801366 9900.982955801366 -68719.44754220362
-121138.3604050245 3395.5002704564695 3395.5002704564695 -65658.39434098173
-115995.71091972812 3236.844173915101 3236.844173915101 -63236.04256445251
-121192.10677642633 4452.575748402855 4452.575748402855 -65812.89731776243
-116050.42118947409 4278.281040974543 4278.281040974543 -63378.09749134926
-114602.32253216376 -3179.4631566145426 -3179.4631566145426 -64058.597534905275
-102445.70285794968 -3308.2329218866917 -3308.2329218866917 -58169.5050503422
-115535.88008072764 -568.6047501742335 -568.6047501742335 -64438.259474314495
-103269.96407991831 -893.9850239913837 -893.9850239913837 -58419.563686429516
-106238.36404329249 -7498.974782825693 -7498.974782825693 -64937.44477805039
-87409.79046325767 -7292.135892972874 -7292.135892972874 -55330.20301764089
-107170.85536930982 -3514.4977048786923 -3514.4977048786923 -64446.50840679334
-88224.99030425359 -3702.6315521534525 -3702.6315521534525 -54482.94115477635
-89269.52454117291 -7502.277321729564 -7502.277321729564 -66049.14306897856
-67229.55899712112 -7053.61858360657 -7053.61858360657 -56041.82386372132
-88814.05460819254 -1460.2034799569865 -1460.2034799569865 -63643.674841376094
-66766.50679236044 -974.3406881569347 -974.3406881569347 -53335.274979213114
-82426.45827407831 22899.16138624277 22899.16138624277 -75018.73252974066
-100338.3908819431 28071.545151313116 28071.545151313116 -89358.45797066578
-77438.49113991205 21110.24274049228 21110.24274049228 -70796.64899100475
-96311.68856036139 25912.38607689085 25912.38607689085 -84429.1833994845
-98249.39885293465 21129.23021807123 21129.23021807123 -76137.50686677241
-109761.04590557404 22931.445042105723 22931.445042105723 -82814.27916156605
-95310.76855366815 19679.538538716213 19679.538538716213 -72009.66312484581
-106965.8285695857 21287.39849409303 21287.39849409303 -78604.41762610212
-107397.1176497043 18941.49402614592 18941.49402614592 -73579.15870574942
-116220.2653235888 19960.564484768365 19960.564484768365 -78581.61974719129
-105397.90030670507 17646.27622107515 17646.27622107515 -70660.73026402484
-114300.49983518297 18595.474703695898 18595.474703695898 -75628.70837625429
-113514.49496955606 15284.13013938263 15284.13013938263 -70462.00107702246
-119963.8051860414 15819.95743377224 15819.95743377224 -73775.40581261253
-112256.03359274412 14250.074721627801 14250.074721627801 -68717.93114434913
-118648.51172348994 14866.117660148659 14866.117660148659 -72057.09014982414
-116632.17887124768 10877.515423483517 10877.515423483517 -67055.8749301694
-120169.19819928214 11051.500601476566 11051.500601476566 -68813.89576547095
-116357.3232016828 10403.116803678819 10403.116803678819 -66560.38224974113
-119904.02747579673 10517.141612141208 10517.141612141208 -68339.63540349947
-117300.34738163222 5606.974374064611 5606.974374064611 -64141.77025738104
-116844.04107299904 5489.186332423766 5489.186332423766 -63935.0966326391
-117806.3011544922 5812.489947957491 5812.489947957491 -64518.54026321602
-117357.99782687862 5685.786556339563 5685.786556339563 -64307.429100124114
-114432.84442014048 10.65640736143282 10.65640736143282 -62356.06361584173
-108974.53764459756 -319.9700222680044 -319.9700222680044 -59739.212857357605
-115690.99324272247 1049.4206713870517 1049.4206713870517 -63170.281394954
-110206.90372620182 677.4273592594445 677.4273592594445 -60616.94355058899
-109492.22011499848 -4737.743626407854 -4737.743626407854 -62188.065327710785
-98828.03561264634 -4829.925734051802 -4829.925734051802 -56705.39349660656
-110684.46163873254 -2826.8485090356407 -2826.8485090356407 -62794.77188873828
-100184.88891965657 -2994.1442723811087 -2994.1442723811087 -57269.97229510256
-103330.41232059922 -7243.570163551647 -7243.570163551647 -63472.181164426
-88588.03681312887 -7023.719446750192 -7023.719446750192 -55964.91560852399
-103838.06212939318 -4172.286162324157 -4172.286162324157 -62758.78467572615
-88984.66290829929 -4244.26105259687 -4244.26105259687 -55055.28346431303
-91907.24290176624 -6098.139132368113 -6098.139132368113 -64822.51962202453
-76810.9068484534 -5608.9553974285045 -5608.9553974285045 -57301.046156908254
-90585.38609513758 -1779.6454015371232 -1779.6454015371232 -62141.43780117376
-75550.07885006936 -1191.5693941612458 -1191.5693941612458 -54486.83426877046
-75108.23347287206 20381.4827646958 20381.4827646958 -68981.77387209618
-95173.93640469605 24523.62022982728 24523.62022982728 -81768.46327105566
-72760.62585815604 19786.0018977784 19786.0018977784 -66965.60733999916
-93584.58209350421 23290.407306560992 23290.407306560992 -78952.72365693435
-95055.71575431747 18836.734144215592 18836.734144215592 -70062.57444913979
-105522.87623671097 19885.91139444614 19885.91139444614 -75807.19028531572
-94098.11085408783 17880.23612181277 17880.23612181277 -68262.08049403793
-104582.12719139899 18874.625204226868 18874.625204226868 -73924.6237480625
-103717.97191459483 15771.129029438389 15771.129029438389 -68002.5320185089
-111183.68111293206 16330.911376642336 16330.911376642336 -71994.17011148065
-103302.82723519142 14757.936923546851 14757.936923546851 -66981.92746358879
-110831.39192470147 15260.759197741452 15260.759197741452 -70961.85519128309
-108613.53371454412 11898.617417793508 11898.617417793508 -65376.10547319818
-114001.9685289654 12177.557015140525 12177.557015140525 -68166.02991918173
-108763.29160208639 11183.93953811267 11183.93953811267 -65137.720853144485
-114274.6688853798 11476.129840108311 11476.129840108311 -67857.83950612223
-111621.6932951298 7474.0536006374 7474.0536006374 -63058.62929342957
-114121.86900539706 7376.899063550671 7376.899063550671 -64222.12725408734
-112501.40663640421 7234.58180491044 7234.58180491044 -63533.56145352087
-114933.55954009583 7130.051109222377 7130.051109222377 -64733.93300577979
-111613.64456069689 2671.4813084000752 2671.4813084000752 -61166.28584094195
-110644.00753537346 2366.09393896472 2366.09393896472 -60702.98609610689
-112949.1671553338 2983.8909518176733 2983.8909518176733 -62220.173765564316
-111968.46766763594 2659.7127415403183 2659.7127415403183 -61729.468739307566
-109236.34087113025 -1896.4483223330085 -1896.4483223330085 -60257.384865904656
-104199.02157057452 -2250.706128341298 -2250.706128341298 -57776.14019807268
-111005.82071681051 -895.2784102288886 -895.2784102288886 -61445.47493117572
-105829.91068653786 -1361.5215838284962 -1361.5215838284962 -58955.48451541306
-105798.54464039573 -5104.215866837364 -5104.215866837364 -60880.59884671552
-97221.56864643605 -5303.915545359727 -5303.915545359727 -56289.07598735042
-107322.21921304023 -3636.98956198174 -3636.98956198174 -61637.54714915508
-98802.78806883942 -3849.175203202035 -3849.175203202035 -57080.80385166832
-101756.83246021146 -6437.317290761872 -6437.317290761872 -62240.110541846494
-91009.46770602243 -6329.702515420332 -6329.702515420332 -56779.96404441272
-101848.95714763431 -4192.474916507856 -4192.474916507856 -61516.38239083565
-91146.54468507784 -4195.77351057752 -4195.77351057752 -55970.059022772606
-94662.59930799791 -4704.326653551194 -4704.326653551194 -63673.9899987132
-85074.86501975002 -4091.7461140120436 -4091.7461140120436 -58436.16778190154
-92778.65585624779 -1835.0963094442322 -1835.0963094442322 -60934.85692598122
-83211.58804276769 -1238.8819701770697 -1238.8819701770697 -55701.41523372631
-70860.27854076025 18697.56095284465 18697.56095284465 -65224.717358602444
-90963.50693246262 21958.889749536822 21958.889749536822 -76338.45170440809
-69961.15476664927 17904.138438817186 17904.138438817186 -63645.65730932138
-90312.80112956317 20701.647184239668 20701.647184239668 -74787.22105495699
-91079.04128677036 16592.30117637282 16592.30117637282 -65699.80157723832
-100798.84673319058 17353.469539092926 17353.469539092926 -70673.86977808955
-91554.52758122273 15623.138084334452 15623.138084334452 -65199.15647489437
-101279.96474798156 16313.193625502128 16313.193625502128 -70223.75116207432
-99213.27647902817 13108.740660630312 13108.740660630312 -63870.434223794815
-106261.86736493954 13319.099942385628 13319.099942385628 -67477.49318334396
-100040.07246322033 12195.664952888805 12195.664952888805 -64005.55548182629
-107160.5717935854 12437.873902002182 12437.873902002182 -67566.75304398761
-103942.86745528005 9198.190115573192 9198.190115573192 -62021.08268478978
-108775.90192527593 9225.76231092399 9225.76231092399 -64335.449110564856
-105171.04828027704 8687.06970974831 8687.06970974831 -62710.245936202446
-110032.40004525411 8692.582856278734 8692.582856278734 -64975.39706850182
-106730.32190844491 5071.382185388187 5071.382185388187 -60382.672504196555
-108713.74776397839 4821.716768052683 4821.716768052683 -61327.92880763956
-108148.36261337316 4856.879077951956 4856.879077951956 -61505.78657806454
-110100.88217998634 4612.2430722568315 4612.2430722568315 -62459.10507996636
-106695.3892541742 813.3854065383284 813.3854065383284 -59339.60415639452
-105751.3066792584 408.7611667216256 408.7611667216256 -58784.74012657181
-108609.5564253231 1092.2822403062314 1092.2822403062314 -60739.2559206465
-107621.4117590085 665.8719704406124 665.8719704406124 -60220.719322556935
-105304.81939058148 -2769.72555179156 -2769.72555179156 -59235.398988411485
-101050.82971164215 -3138.3914651817754 -3138.3914651817754 -57221.886958584306
-107084.03726822702 -1989.665215375799 -1989.665215375799 -60567.82761446551
-102876.76373993649 -2427.2510231555316 -2427.2510231555316 -58501.06569016885
-103501.19895914922 -4885.628623456349 -4885.628623456349 -59935.14760546304
-96985.93349856135 -5090.701015888564 -5090.701015888564 -56534.16718447107
-104822.52788515693 -3775.891301111137 -3775.891301111137 -60672.88087867439
-98357.68314872312 -4038.069207948846 -4038.069207948846 -57293.48407368362
-100911.64844310663 -5405.083050914736 -5405.083050914736 -61233.093425618354
-94057.16008873792 -5301.203146923775 -5301.203146923775 -57687.35917701775
-100630.58590312826 -3910.622780473113 -3910.622780473113 -60495.93400377927
-93804.04596603618 -3831.860345584856 -3831.860345584856 -56927.11909597994
-97265.80706457871 -3380.168424956697 -3380.168424956697 -62519.336944804425
-91750.32906095227 -2768.6118553187825 -2768.6118553187825 -59517.29249501185
-95142.03042721619 -1830.2609602692364 -1830.2609602692364 -60032.30110399564
-89579.17262328674 -1206.050518537582 -1206.050518537582 -57118.64061098312
-68593.03213080058 17030.78663481685 17030.78663481685 -62333.77021651615
-86539.42785770848 19519.00888785349 19519.00888785349 -72046.89204205638
-67978.1904148682 15908.703750064458 15908.703750064458 -61719.618543126824
-86156.66529357448 18553.50536238272 18553.50536238272 -71369.01266964029
-87103.05949061061 14427.922372337152 14427.922372337152 -62463.99901438572
-96166.14940893326 14938.035187618214 14938.035187618214 -66985.23423020904
-88220.37326276017 13554.48242437088 13554.48242437088 -62793.28204069073
-97299.55826015366 13891.395997769001 13891.395997769001 -67377.01509058767
-94850.02411568385 10963.9829123967 10963.9829123967 -60938.31677457632
-101669.67569695914 10980.164756298895 10980.164756298895 -64257.15005143506
-96559.72554832017 10187.941595553486 10187.941595553486 -61793.26447558544
-103344.12148142983 10193.97077359493 10193.97077359493 -65179.53734116553
-99529.64785468105 7262.664308229032 7262.664308229032 -59634.63933889235
-103970.85444812904 7046.62499244278 7046.62499244278 -61768.373444667064
-101482.47208096326 6701.534865783182 6701.534865783182 -60944.60418875429
-105876.64745572471 6403.390061442187 6403.390061442187 -63115.60020764177
-101967.73932189174 3394.9906852322492 3394.9906852322492 -58635.33813689071
-103880.5264307973 2930.089476795033 2930.089476795033 -59528.062958031616
-104173.67563954185 3192.848645925118 3192.848645925118 -60241.47485457797
-106071.79270342102 2686.2989571438166 2686.2989571438166 -61159.21929915484
-102634.73562408853 -182.19050905809468 -182.19050905809468 -58153.75289209767
-101893.80743910738 -747.4581762510015 -747.4581762510015 -57771.814110432584
-104812.53691745068 10.001291747854248 10.001291747854248 -59838.33642669879
-104143.2697467692 -556.4313283710185 -556.4313283710185 -59428.77237694711
-102244.03331709966 -2939.3017656385127 -2939.3017656385127 -58380.802136431
-99399.38515395529 -3296.9937505629105 -3296.9937505629105 -56921.86900261996
-104180.8290682313 -2434.0619833633436 -2434.0619833633436 -59711.03287475902
-101348.14574105795 -2836.630430945752 -2836.630430945752 -58180.253198184895
-101780.76764689494 -4414.752858144264 -4414.752858144264 -59293.34384894396
-97672.3169979913 -4543.868386943213 -4543.868386943213 -57236.46519794944
-102483.93842411561 -3658.6227518019678 -3658.6227518019678 -59726.85984173228
-98444.10817633108 -3824.5154641393838 -3824.5154641393838 -57601.50285471441
-100841.59824244637 -4346.2400876881275 -4346.2400876881275 -60566.360281497895
-97073.03753666076 -4160.581326858515 -4160.581326858515 -58516.89034569003
-100148.68462310775 -3417.092166461095 -3417.092166461095 -59700.80538701928
-96385.99425979287 -3254.084500053841 -3254.084500053841 -57672.82555304378
-99433.28974104827 -2374.2508734367175 -2374.2508734367175 -61527.59378947137
-96972.95893802555 -1788.2634564990676 -1788.2634564990676 -60174.416743587615
-97422.24619680687 -1683.495892364081 -1683.495892364081 -59409.06935835329
-94924.65886217773 -1060.3188147426742 -1060.3188147426742 -58067.956544166336
-66555.8706741895 15041.868124596052 15041.868124596052 -60990.8999140867
-81941.2429716992 17111.21493429337 17111.21493429337 -68926.817368368
-65993.7834742945 13902.731987243485 13902.731987243485 -61082.13814404019
-82164.93768981745 15672.780401422668 15672.780401422668 -69136.73042286329
-83086.10181115495 12504.843514442782 12504.843514442782 -60318.1911622906
-91916.15553558497 12701.453196073227 12701.453196073227 -64444.173592374165
-84653.1698220077 11630.451651468344 11630.451651468344 -61294.64485313159
-93555.45626572409 11700.300017660702 11700.300017660702 -65468.03083872363
-91065.91473195478 9214.74242972684 9214.74242972684 -58928.70143911935
-97291.24881198876 9076.669956065507 9076.669956065507 -61997.86802582162
-92886.67493346114 8417.236400297053 8417.236400297053 -60200.833857047925
-99210.83606662089 8260.238124885182 8260.238124885182 -63322.41263015551
-95443.19076342657 5699.6370708275335 5699.6370708275335 -57824.95870374362
-99584.54484996755 5288.403077207286 5288.403077207286 -59781.63948190018
-97826.72428094393 5189.435942978951 5189.435942978951 -59514.19619615288
-101939.30407764441 4730.240205320452 4730.240205320452 -61489.81282635974
-97949.54531638855 2320.0624714225005 2320.0624714225005 -57127.141092170015
-100076.69030340076 1742.8156386922055 1742.8156386922055 -58105.380727006916
-100533.77465003428 2032.7329073666901 2032.7329073666901 -58992.858492350846
-102576.43248427343 1437.1576592138972 1437.1576592138972 -60008.41127355065
-99241.79605160917 -624.9406418553689 -624.9406418553689 -57076.212454969755
-99460.42721341632 -1194.2925267856099 -1194.2925267856099 -57190.601015559165
-101437.10977302874 -665.8235871134996 -665.8235871134996 -58736.65154327083
-101678.01114197446 -1274.3691161811626 -1274.3691161811626 -58881.65217675982
-99959.25338941046 -2699.569815628045 -2699.569815628045 -57711.53981930587
-98839.34212189904 -3028.9593760566127 -3028.9593760566127 -57126.331112927735
-101406.70681269628 -2533.8701037315986 -2533.8701037315986 -58849.198197977676
-100277.98533519122 -2877.87201993486 -2877.87201993486 -58245.702680586466
-100490.47578800739 -3603.5375141706495 -3603.5375141706495 -58777.299174743704
-98687.85171038371 -3703.270155151368 -3703.270155151368 -57851.833375844675
-100914.80430003372 -3254.956479660327 -3254.956479660327 -59071.63069564769
-99139.26414519505 -3337.3204311860068 -3337.3204311860068 -58137.16946561828
-101076.43361533702 -3272.8170783284277 -3272.8170783284277 -59993.708172410894
-99580.53555288407 -3023.593288652017 -3023.593288652017 -59161.349760861835
-100158.68820403545 -2877.1439227005976 -2877.1439227005976 -59225.216186246646
-98679.22818721026 -2632.88157535085 -2632.88157535085 -58400.16959763612
-101407.2588579064 -1579.2077296684351 -1579.2077296684351 -60842.4190300862
-101100.25154971729 -965.4638168637757 -965.4638168637757 -60672.89646865804
-99207.25251040222 -1431.9257902657337 -1431.9257902657337 -58974.46173746983
-98914.13946565417 -825.8022528273423 -825.8022528273423 -58809.23131008219
-64705.26791279659 12751.477543450628 12751.477543450628 -60770.74822104906
-77947.47342680248 14131.373860952532 14131.373860952532 -67095.94216733566
-65188.93585430416 11553.113729141536 11553.113729141536 -61461.58726490525
-78743.67209250272 12322.533913664884 12322.533913664884 -67564.8083239074
-79594.36348475564 10599.803635068221 10599.803635068221 -59181.56777140548
-88123.44366974002 10595.852622525006 10595.852622525006 -63069.4840346016
-81465.09387861253 9513.564053413174 9513.564053413174 -60690.690482719976
-89963.41243643143 9294.862011209607 9294.862011209607 -64612.528512799276
-87460.04512313324 7522.834671004533 7522.834671004533 -57829.23069261267
-93331.02493640275 7269.994781279958 7269.994781279958 -60654.379479073476
-89485.45695446324 6742.376964263327 6742.376964263327 -59536.94140027939
-95461.2678513846 6331.159566851753 6331.159566851753 -62400.769670074864
-92173.06148454416 4504.855475495855 4504.855475495855 -56866.65152533214
-96117.72806043444 4089.1322840239327 4089.1322840239327 -58688.665375891425
-94219.98298888472 3853.3018238512495 3853.3018238512495 -58551.564504545786
-98258.9250478223 3293.7177635493654 3293.7177635493654 -60561.78873911064
-94836.43695752247 1711.150950933869 1711.150950933869 -56329.89551127299
-97446.45052298049 1173.1336546360956 1173.1336546360956 -57627.579886694504
-96951.06747179752 1131.4861140750181 1131.4861140750181 -57979.02726048431
-99535.82158670103 542.8614849026553 542.8614849026553 -59381.76496549373
-96598.2546253374 -568.3540285287787 -568.3540285287787 -56518.24403043842
-97931.96416829657 -1087.5204650817032 -1087.5204650817032 -57283.46285410338
-98400.6466344498 -983.5874005284652 -983.5874005284652 -57992.348471381665
-99753.37382324079 -1526.3382397496457 -1526.3382397496457 -58776.04948069436
-98172.29805707741 -2133.447733339775 -2133.447733339775 -57356.648258571564
-98609.62384786794 -2433.774716907732 -2433.774716907732 -57588.36468899801
-99380.32258274608 -2282.2000948008526 -2282.2000948008526 -58311.96709909955
-99799.3904264158 -2565.1799908399566 -2565.1799908399566 -58530.8691656915
-99763.15455483388 -2657.2159148258334 -2657.2159148258334 -58455.880054033274
-99779.79175565539 -2714.0082234754727 -2714.0082234754727 -58488.51882809818
-100026.85511685135 -2671.491797814135 -2671.491797814135 -58662.08025182961
-100043.23632391183 -2737.3187146155888 -2737.3187146155888 -58690.294063566784
-101263.83765564935 -2218.9964853567067 -2218.9964853567067 -59579.27092497086
-101705.48108288147 -1978.474273253918 -1978.474273253918 -59788.87825388675
-100398.92960935296 -2273.7975942724497 -2273.7975942724497 -58893.69196717071
-100831.27119569207 -2050.8616244898917 -2050.8616244898917 -59094.769750647305
-102617.48839102658 -920.7643992189238 -920.7643992189238 -60395.90062705344
-103892.97938594554 -370.8880607962933 -370.8880607962933 -61062.59284156008
-100719.99546375012 -1177.7021728487698 -1177.7021728487698 -58836.92022332674
-101982.61322531464 -637.5883850182277 -637.5883850182277 -59485.40882730727
-64389.818090811554 10343.257278466683 10343.257278466683 -61593.401735028034
-74975.33148352793 10800.31332555567 10800.31332555567 -66044.2217292401
-64846.46894720881 8650.87013293926 8650.87013293926 -62782.26506133825
-76087.51149881973 8879.252503945434 8879.252503945434 -66910.63216301949
-76906.44024914497 8601.45401381751 8601.45401381751 -58988.61149871171
-84957.48176051605 8319.823055986206 8319.823055986206 -62707.25541653931
-78478.07190579217 7092.393219839715 7092.393219839715 -60619.244825057656
-86645.75715608186 6697.306730739376 6697.306730739376 -64379.48375110086
-84588.63669539575 6040.759046218585 6040.759046218585 -57442.0105106408
-90353.54232938074 5663.244725286171 5663.244725286171 -60335.87803967707
-86411.53387501405 4750.083432920079 4750.083432920079 -59004.16241496172
-92192.80550743689 4257.724604921791 4257.724604921791 -62011.342760966756
-89287.56875024704 3461.708551517434 3461.708551517434 -56500.882024269464
-93565.55192459906 3075.420376520795 3075.420376520795 -58723.534030257375
-90850.97314894413 2424.159292125157 2424.159292125157 -57956.28334792251
-95254.77336631839 1974.7956699807696 1974.7956699807696 -60187.83649503417
-92454.97785026376 1234.5075538225515 1234.5075538225515 -56145.367810650365
-95550.25503896948 869.0109891650771 869.0109891650771 -57738.88997702209
-93861.24145921308 434.43053775536134 434.43053775536134 -57506.37255036387
-96949.06687376632 24.530736760913356 24.530736760913356 -59108.90572405036
-94864.86812059503 -372.7943282337118 -372.7943282337118 -56333.00138998531
-97051.63691032778 -752.1113724782266 -752.1113724782266 -57546.32069776518
-96208.4206668722 -1003.3423946533367 -1003.3423946533367 -57547.91020801101
-98471.86563257064 -1376.7775298679567 -1376.7775298679567 -58757.018379010595
-96954.27557635811 -1332.6548531197418 -1332.6548531197418 -57168.63519591415
-98629.57131845504 -1619.5160433411895 -1619.5160433411895 -58109.71715684611
-97939.94620722739 -1797.888477801146 -1797.888477801146 -57983.047707465594
-99632.0656028042 -2086.234636896118 -2086.234636896118 -58932.36352229837
-99218.67711126225 -1663.3141502322135 -1663.3141502322135 -58289.967807567074
-100721.00322767318 -1718.6235243575143 -1718.6235243575143 -59036.838047150086
-99464.53327587935 -2036.6668839553506 -2036.6668839553506 -58508.07043853062
-100970.55742880746 -2093.3155917323124 -2093.3155917323124 -59251.61119931549
-101403.68742140457 -1242.8111557380128 -1242.8111557380128 -59243.77156000178
-103239.03251450189 -1051.7339121226883 -1051.7339121226883 -60220.18019747436
-100800.09324389775 -1697.391672514902 -1697.391672514902 -58763.33916353125
-102640.36380997235 -1512.9479970240645 -1512.9479970240645 -59759.80087011561
-103305.72914187651 -378.16419251266575 -378.16419251266575 -59889.08294399061
-105638.0229332181 51.30339548821584 51.30339548821584 -61193.864836755034
-101850.20830732163 -977.1036972706506 -977.1036972706506 -58756.03400347884
-104156.26306539898 -534.1098307556063 -534.1098307556063 -60048.21302632525
-64282.20762853301 7167.604751087407 7167.604751087407 -63219.28044096966
-73357.71467119074 7277.86873705877 7277.86873705877 -66497.24212255781
-64562.345728757005 5044.070938643448 5044.070938643448 -63993.7141874516
-73971.57371921389 4948.838994305974 4948.838994305974 -67330.75210528435
-75210.82512722553 6014.079540090221 6014.079540090221 -59799.65420451074
-82820.91979403184 5761.828617443727 5761.828617443727 -63191.77532702846
-76209.16996555818 4006.8889335078356 4006.8889335078356 -60828.51521543555
-83886.63018296451 3623.729488634036 3623.729488634036 -64295.747944986884
-82536.87950920053 4192.5459938457325 4192.5459938457325 -57664.72630516576
-88511.29505182925 3914.4417626855306 3914.4417626855306 -60615.25844488145
-83667.01782213042 2491.957194980002 2491.957194980002 -58746.19131792454
-89707.97602176749 2149.9387064876196 2149.9387064876196 -61798.927894714405
-87156.5761099436 2421.3858920286666 2421.3858920286666 -56575.92020916534
-91930.283628193 2172.6830533018974 2172.6830533018974 -58972.21789605836
-88167.14427298229 1079.4741018725676 1079.4741018725676 -57593.49508868346
-92946.33681193339 805.0651310427338 805.0651310427338 -60032.948250498695
-90800.86606219716 913.2507313479473 913.2507313479473 -56320.41115780512
-94350.20244152527 673.083849230406 673.083849230406 -58213.98126498551
-91740.71499847145 -41.54977096582931 -41.54977096582931 -57201.40066031638
-95306.24987254353 -294.68693036624495 -294.68693036624495 -59123.637312011306
-93851.95534500359 -96.44290262677458 -96.44290262677458 -56678.12969698896
-96587.57651994994 -330.90166576393176 -330.90166576393176 -58078.210895147444
-94624.6381383401 -856.8074385907396 -856.8074385907396 -57424.09671961107
-97389.03008895631 -1076.8648722275539 -1076.8648722275539 -58862.90932027732
-96437.10537177006 -583.4237835475808 -583.4237835475808 -57254.534784568576
-98865.86133248263 -777.2595014428164 -777.2595014428164 -58615.47389971069
-97141.48224812672 -1255.035196964784 -1255.035196964784 -57843.77010644701
-99558.72610781486 -1450.591667102987 -1450.591667102987 -59245.51829797453
-98865.27127789879 -676.5357135320526 -676.5357135320526 -58181.89258751738
-101390.11198912679 -744.9189027294054 -744.9189027294054 -59550.54970859106
-99129.34351593192 -1350.5649800276628 -1350.5649800276628 -58411.085966944236
-101673.4073908147 -1417.8451207392563 -1417.8451207392563 -59779.0993795218
-101434.05258926134 -444.97034385478935 -444.97034385478935 -59022.40821695044
-104221.29615875521 -333.36764115401536 -333.36764115401536 -60544.19395998197
-101113.68849175159 -1170.5027500921701 -1170.5027500921701 -58758.94739469095
-103880.77675790804 -1057.740290123484 -1057.740290123484 -60271.81747218404
-103516.05946338602 6.662029208719618 6.662029208719618 -59560.49613100645
-106575.54305289907 287.1764832710134 287.1764832710134 -61244.10414714475
-102568.73768946185 -755.3939630735642 -755.3939630735642 -58858.17530611648
-105644.99378849402 -482.7343603553366 -482.7343603553366 -60540.49202067489
-64260.43632241571 3288.5914947728807 3288.5914947728807 -64151.58314810911
-72629.97941625495 3347.5399919336132 3347.5399919336132 -67088.44314857406
-64215.58895360011 596.0425144547132 596.0425144547132 -64130.297727831974
-72672.73328716 628.4222764791834 628.4222764791834 -67021.3699928438
-74641.78662885523 2892.650013423834 2892.650013423834 -60532.07011523164
-81857.29938749222 2726.074313539319 2726.074313539319 -63700.14845869338
-74902.23001498068 518.2482244534983 518.2482244534983 -60820.95578199779
-82274.6641402555 377.55854419422997 377.55854419422997 -63966.35536861506
-81536.75818807856 2060.1388234982733 2060.1388234982733 -58108.6418636219
-87678.05403953872 1964.3504631250257 1964.3504631250257 -61125.56983105298
-81995.38681059371 169.4170664700216 169.4170664700216 -58513.98178938513
-88071.7508403372 63.97150609322793 63.97150609322793 -61545.24766284983
-86283.23634138187 1285.3638364620888 1285.3638364620888 -56889.7535557687
-91167.3123325403 1204.0953745625677 1204.0953745625677 -59461.112391614224
-86785.21077976232 -152.44786087181836 -152.44786087181836 -57324.47031457866
-91581.82620968876 -247.7375805534017 -247.7375805534017 -59910.68477618609
-90195.7496499439 669.3330440595212 669.3330440595212 -56634.140767533485
-93908.68981256684 574.102693233681 574.102693233681 -58612.89703359094
-90562.83939307167 -393.81428830586793 -393.81428830586793 -57085.55713356758
-94311.53364261394 -485.41249647226266 -485.41249647226266 -59069.373420734264
-93423.49673984929 264.4832005485365 264.4832005485365 -56983.886007503206
-96400.02447311 180.1910624999743 180.1910624999743 -58601.274444985065
-93785.21410282262 -576.3908802350434 -576.3908802350434 -57336.738617946794
-96785.45907012078 -650.8665937253782 -650.8665937253782 -58979.94397613944
-96359.93055540035 69.59437709530239 69.59437709530239 -57600.23286443556
-99104.66755473733 -0.5489176025183178 -0.5489176025183178 -59114.095773905596
-96686.6502371682 -683.6022580894379 -683.6022580894379 -57867.767132811074
-99453.18451287327 -753.5566725783353 -753.5566725783353 -59395.15445646763
-98797.32174412123 105.2194362274897 105.2194362274897 -58207.28801697202
-101856.76739525571 67.19041995559158 67.19041995559158 -59871.99391005301
-98976.63499006041 -710.3385791249974 -710.3385791249974 -58378.347469699394
-102061.07331277493 -757.5123300591545 -757.5123300591545 -60065.18573402768
-101343.90547610326 195.31715706517372 195.31715706517372 -58851.432936708145
-104581.27343823462 236.65527644915846 236.65527644915846 -60647.72640962499
-101300.48559254278 -655.2965587737831 -655.2965587737831 -58775.525766995896
-104548.39533564493 -620.7920945205094 -620.7920945205094 -60584.332053864106
-103366.08139389541 269.26648665741493 269.26648665741493 -59238.55182017282
-106911.98228776162 402.1814062756947 402.1814062756947 -61142.50090195336
-103099.52040974166 -536.7078097956553 -536.7078097956553 -58979.27965151421
-106566.22070798748 -457.69914264729846 -457.69914264729846 -60901.02556211462
