sig 640
-123636.0596600024 3935.64399308258 3935.64399308258 -209372.03841978984
-95909.50978481563 2215.031959088813 2215.031959088813 -180281.7010437957
-126354.08394669296 14303.65931521577 14303.65931521577 -209130.86235349032
-98166.35667807575 10206.906801769233 10206.906801769233 -180146.43503377427
-111577.57211221255 2435.3105998150377 2435.3105998150377 -231189.74358846107
-83664.65551826842 1541.2435194359964 1541.2435194359964 -184050.3252503651
-113948.7129805365 13030.078100322655 13030.078100322655 -226199.6265808032
-84574.2706954882 7534.06158773926 7534.06158773926 -179907.75324138982
-131891.80369343006 569.4816428572792 569.4816428572792 -244970.31323569678
-102421.8821416675 1737.5808302823766 1737.5808302823766 -192179.6241398839
-111832.56934134437 7276.641136548169 7276.641136548169 -228688.0005104882
-91916.85826537262 7140.317202067243 7140.317202067243 -166570.02871114903
-126464.17969235031 3094.474340280187 3094.474340280187 -242061.26467919146
-111981.91789374969 5152.53488914607 5152.53488914607 -215782.3820076529
-110507.32259377862 6308.005249723563 6308.005249723563 -211013.82967559018
-97987.47335498832 4558.277431713586 4558.277431713586 -181098.77865870972
-124948.3292218997 5549.996866622316 5549.996866622316 -241510.35106596205
-121029.10599816858 7169.413834041166 7169.413834041166 -231951.45469918923
-112450.29358378246 6038.534032318899 6038.534032318899 -214582.8260299334
-109572.14858759224 6671.609050276575 6671.609050276575 -206480.86648233279
-126427.84913195725 8293.208394651458 8293.208394651458 -244662.06638172665
-129056.12607539505 9838.707782805119 9838.707782805119 -250145.55360429198
-118182.52313402921 6896.331862068609 6896.331862068609 -226293.68264561778
-120958.16439521831 8583.572878442343 8583.572878442343 -229971.2696537703
-129827.53761857556 10486.10408034522 10486.10408034522 -250124.4852719976
-142905.74106604836 13633.73054208476 13633.73054208476 -272447.0853257675
-123534.10841101973 7106.844058114097 7106.844058114097 -238071.05085884052
-134991.0590981563 9993.763400608776 9993.763400608776 -258294.4299620462
-127707.00999464135 10457.270471534428 10457.270471534428 -239914.61012830897
-166610.8714448648 11912.283331092709 11912.283331092709 -295972.7596478359
-136858.0979640149 363.1413815965978 363.1413815965978 -261059.92633994983
-179121.1617099517 39.76623639239276 39.76623639239276 -318776.1401949015
-103503.51983829122 5678.547224257341 5678.547224257341 -222161.66480234667
-148928.73793583704 -798.8619868176586 -798.8619868176586 -293893.47435841325
-142802.33113724636 -6045.1634738930825 -6045.1634738930825 -303532.4334257741
-192432.88074731283 -20656.65963252486 -20656.65963252486 -376097.2709934515
-144604.50421553047 2120.9392299025662 2120.9392299025662 -258711.85514632374
-156026.76870729044 -319.2247191323527 -319.2247191323527 -269391.62490168965
-150712.0775820729 -1617.57761801789 -1617.57761801789 -272952.017951136
-162007.78592869252 -4292.147989016437 -4292.147989016437 -283536.6625497267
-125634.07339975442 21919.268890577798 21919.268890577798 -201471.93815443217
-93900.97917779075 15212.84377581843 15212.84377581843 -167427.21169893618
-125107.6860797855 29021.553452925655 29021.553452925655 -188128.06505311845
-94216.06489701987 20780.61741513358 20780.61741513358 -155799.35500365574
-113177.88942791933 19616.425073435683 19616.425073435683 -212035.63821937214
-97068.44107987924 16982.28446256248 16982.28446256248 -187665.2785525282
-105294.0629475143 22548.439834378798 22548.439834378798 -185679.710370472
-88762.19143102982 19150.787868783176 19150.787868783176 -163319.00831211003
-120056.23227786426 18966.2040332777 18966.2040332777 -240530.17433181874
-113128.27306984815 19800.111922837317 19800.111922837317 -223501.27330062946
-95259.92139120503 18640.56490484932 18640.56490484932 -183064.2603249431
-89164.09345540355 19459.083522759647 19459.083522759647 -169620.15723286706
-135124.55177880998 18544.03589912258 18544.03589912258 -272393.37200432474
-125816.59889149667 19848.15057668894 19848.15057668894 -249307.0507835307
-95881.1676215185 18237.145731772223 18237.145731772223 -189599.82998169534
-88871.62741572471 18567.741583081435 18567.741583081435 -170913.7838475511
-142983.36873348706 21893.90551757357 21893.90551757357 -282388.66039036436
-133312.21903244147 20774.04570689253 20774.04570689253 -261005.87305588173
-101357.66052455115 17694.30925287776 17694.30925287776 -199029.15214470593
-94733.78867476777 17258.03742528843 17258.03742528843 -178960.43402960632
-143375.05965797094 21498.21462896007 21498.21462896007 -278265.6228175792
-136757.2158338008 21004.88694581139 21004.88694581139 -264961.2141110633
-110987.39258766259 17530.701854494997 17530.701854494997 -214881.45718952027
-107267.97590947943 17426.821782134146 17426.821782134146 -201980.10449613802
-140203.3183389632 20769.317465724573 20769.317465724573 -266365.24170288234
-134643.7216858116 19307.612170684864 19307.612170684864 -256787.2959422531
-126305.40868613223 18977.27498469335 18977.27498469335 -244907.46432827058
-121404.68025917203 17245.722538267062 17245.722538267062 -234195.11956520006
-132412.66633789425 20112.700920641786 20112.700920641786 -240300.76700827602
-128007.28276055887 18563.309919054966 18563.309919054966 -231578.4993912101
-151794.8375141329 20496.366186571904 20496.366186571904 -268346.6645320378
-144499.97986233604 19752.004951274557 19752.004951274557 -260885.03783834726
-105739.85744272372 11906.839331026167 11906.839331026167 -200732.1210804127
-110872.17946790376 9171.588622716754 9171.588622716754 -215708.58637905208
-163323.59373297254 15437.29356438803 15437.29356438803 -312905.9726704637
-164000.22359633996 10326.39047800877 10326.39047800877 -320406.4732464952
-91269.41441390073 7600.115574659845 7600.115574659845 -161739.11310539677
-160732.0023583851 -8365.894273692127 -8365.894273692127 -320939.312515696
-202215.9330006499 -16542.851967644237 -16542.851967644237 -358960.23172575847
-293348.08596225816 -46792.106815103296 -46792.106815103296 -548958.3523155912
-124036.20463240235 31978.209491236554 31978.209491236554 -173760.0724119644
-103701.17573798948 27981.68090179102 27981.68090179102 -152912.13106767894
-110322.14294111283 30651.760445225264 30651.760445225264 -143164.85188898945
-89865.73732223568 25259.130477325274 25259.130477325274 -123364.39838546918
-115820.55238573201 30888.47632468446 30888.47632468446 -177231.99735230661
-113513.72303513387 31767.22256205898 31767.22256205898 -172228.20584308336
-89470.04542352134 25020.873775164517 25020.873775164517 -127939.93604467047
-87119.02281140957 25221.234946163102 25221.234946163102 -122417.12486799568
-120126.20753456131 33434.80504512704 33434.80504512704 -185312.95348750328
-127048.45124476221 36244.60181853497 36244.60181853497 -186923.500364403
-83459.98679798258 24099.688936713464 24099.688936713464 -118359.0814805278
-89711.65472620909 25792.133251243315 25792.133251243315 -119736.93179539345
-134873.68108297547 37159.284290549054 37159.284290549054 -200920.7254618523
-139127.82927438788 39407.2860386201 39407.2860386201 -198467.20637481782
-86929.65214756307 24454.544649054194 24454.544649054194 -113856.92551777723
-90473.11516991221 26440.9756731613 26440.9756731613 -113717.48033191318
-150551.44184366963 40877.144065326094 40877.144065326094 -222789.54738171806
-152465.89536762447 44625.06299741563 44625.06299741563 -212580.2539969124
-87998.09995657313 26466.552127983807 26466.552127983807 -109792.3218850995
-90914.67632325078 28900.196893386117 28900.196893386117 -109674.5056041116
-170990.40539831022 49238.34310502751 49238.34310502751 -243927.48527916122
-167994.5673169963 49162.11331725487 49162.11331725487 -228664.19234561647
-85340.16855062782 23954.102216456704 23954.102216456704 -101421.33546534323
-86419.08739959479 29625.009283162733 29625.009283162733 -101198.89343483264
-191013.02650188908 54649.32071887954 54649.32071887954 -258724.04321153057
-196014.06605832643 54342.572199844624 54342.572199844624 -249177.58979380628
-81358.17271599684 27167.90460384333 27167.90460384333 -93455.47236938101
-81445.5280223379 26403.630014069982 26403.630014069982 -86232.89280324431
-213703.937326544 54233.49246075513 54233.49246075513 -284992.24972051656
-211009.06423998415 62653.00603707071 62653.00603707071 -282395.52681680996
-69790.42634117925 21696.01352558684 21696.01352558684 -75780.4825709651
-69559.04092053416 19796.77460784212 19796.77460784212 -72863.91549978276
-211450.85715550755 48894.61536226563 48894.61536226563 -291694.3628153539
-224980.51413438297 71998.40486614863 71998.40486614863 -292881.55319042486
-52377.03207705763 14430.699124017536 14430.699124017536 -54483.535275881644
-52430.091396786105 16384.793198360916 16384.793198360916 -52460.65827813765
-203665.63640512008 65282.26112478375 65282.26112478375 -270728.9716106699
-181145.42788459203 55452.99755347258 55452.99755347258 -229595.16511426144
-26160.628624491812 8388.26568497259 8388.26568497259 -28137.389712495955
-30275.633354671085 8235.13150850709 8235.13150850709 -35748.888976367685
-110016.92779571452 30664.616395112087 30664.616395112087 -132140.6813471587
-102484.6155845476 28979.556549598565 28979.556549598565 -126085.33596296133
-105003.57111397805 29678.850374025933 29678.850374025933 -120337.1471874611
-97249.74335271583 27875.679888807474 27875.679888807474 -114729.2329598452
-102277.03038959719 28350.878867369902 28350.878867369902 -131341.57559167495
-110308.23292342243 30643.670994063657 30643.670994063657 -136429.58335814666
-91045.91823784464 24671.987070675692 24671.987070675692 -111835.5330232777
-99173.69547280276 27454.71430355745 27454.71430355745 -116760.57253550571
-107674.60603365686 29707.4352949109 29707.4352949109 -131852.68773074957
-118839.56557068655 33097.533524511906 33097.533524511906 -138969.15439813244
-94387.60800077672 26333.979496178305 26333.979496178305 -110070.51232712474
-105362.54103296106 29306.503077650133 29306.503077650133 -117053.58601890529
-117389.23285289815 32096.305617219725 32096.305617219725 -132414.5259043789
-127320.29626523548 35404.29049499652 35404.29049499652 -138792.58428716662
-103934.6920141641 28559.601319765025 28559.601319765025 -109834.24399066537
-113392.97409581227 31304.399358784467 31304.399358784467 -115901.63409940652
-124409.5657414045 33612.14462860539 33612.14462860539 -129136.63756860123
-133805.45025759347 36614.82713494978 36614.82713494978 -135195.64924887454
-110536.54469286124 29455.059419780766 29455.059419780766 -105913.28409753901
-119524.40032825753 32051.175952769132 32051.175952769132 -111780.57382337
-130490.2033377224 34078.62819201911 34078.62819201911 -123458.17239691308
-141593.45665186943 37136.06661435781 37136.06661435781 -130220.91006033387
-115108.39603854343 28592.939746595563 28592.939746595563 -98886.09727494631
-125622.82162974837 31523.22361391566 31523.22361391566 -105772.8482929767
-134438.8885587129 31893.76760046984 31893.76760046984 -112491.54457863067
-145276.54666674155 34503.10653559136 34503.10653559136 -119212.02199145209
-119194.1980607082 26625.14659523061 26625.14659523061 -92010.57786289995
-129925.46272249175 29570.416859159974 29570.416859159974 -98787.74653386419
-133579.91463417423 26122.623612145762 26122.623612145762 -98228.99489771844
-137980.11773658847 28027.65170418832 28027.65170418832 -101683.4632410633
-122605.91772844817 23112.55771151644 23112.55771151644 -85225.84118384427
-126913.14760028187 24822.246731161944 24822.246731161944 -88737.40797537929
-126620.24482612926 15913.416885280258 15913.416885280258 -84046.74957459852
-117205.93257688457 16594.79782469702 16594.79782469702 -79934.59704572894
-122210.33744480205 17801.5923402485 17801.5923402485 -79602.02539468712
-112567.53475187102 18265.0680756999 18265.0680756999 -76012.7389281746
-98450.57084335707 -3964.042536681356 -3964.042536681356 -74332.1036442851
-47307.717693595434 -3386.9571538777554 -3386.9571538777554 -48456.65812358908
-105765.80864837568 11611.676766453607 11611.676766453607 -76757.32559928196
-52632.885210041655 8567.562383368851 8567.562383368851 -52964.073442063396
-103858.45930768098 29333.709560838884 29333.709560838884 -114336.5553909865
-103724.54867198665 29455.170313956813 29455.170313956813 -114238.59233631035
-97873.7553045357 27552.507956494912 27552.507956494912 -103537.36438613846
-97752.36490251585 27770.95684462563 27770.95684462563 -103295.56873433669
-97550.2962888383 27117.91424775238 27117.91424775238 -110897.20895325205
-110433.47332097194 30548.705671105483 30548.705671105483 -119844.1134601891
-88142.10377876602 24881.560215471938 24881.560215471938 -97290.62181283576
-101217.36348458538 28066.15063313677 28066.15063313677 -105977.45287005446
-108622.88842796256 28831.78539396962 28831.78539396962 -112114.38624824854
-117526.00319174708 30753.87760400337 30753.87760400337 -117472.80085606645
-99833.71121127508 25950.99171391843 25950.99171391843 -96988.387545921
-108869.32027171187 27717.165526074037 27717.165526074037 -102325.22128473483
-115839.15690260087 28683.9992016592 28683.9992016592 -107332.9231979334
-124793.60063926905 30548.65147883442 30548.65147883442 -112737.75655947867
-107429.91534730351 25447.08467254077 25447.08467254077 -93156.93763257634
-116134.1553497095 27223.58375756294 27223.58375756294 -98526.20919669083
-121518.91670645424 27433.650231529224 27433.650231529224 -101581.2559576212
-130400.51600410338 29281.43253594069 29281.43253594069 -106856.0011975295
-112662.4160380134 24118.80371134445 24118.80371134445 -88627.29448053848
-121238.09476371083 26071.405364744613 26071.405364744613 -94235.1205783923
-125124.90067732264 24930.94717901894 24930.94717901894 -94285.16431071337
-133430.6120989835 26717.504142126236 26717.504142126236 -99367.98063329465
-117340.98114393382 22118.527938894375 22118.527938894375 -84168.54517869667
-125513.03562271675 23894.400804789184 23894.400804789184 -89181.60416011048
-127454.47635033644 20606.031912983493 20606.031912983493 -85587.42551311395
-131801.99454305708 21721.43852911288 21721.43852911288 -88650.31181209089
-121352.15672637385 18607.414596741743 18607.414596741743 -78742.87649973799
-125687.3104948558 19777.036021061373 19777.036021061373 -81660.89762314143
-125324.84615692924 13049.5219683303 13049.5219683303 -77009.65089664621
-121764.99490066097 13525.83713012579 13525.83713012579 -75453.19987163639
-122031.31417420895 13188.19921724327 13188.19921724327 -74277.59742732445
-118512.9558481551 13665.681664560805 13665.681664560805 -72758.52579724991
-116139.18587458864 1625.9368533156962 1625.9368533156962 -69780.87323814913
-96685.95282166231 1289.3537902942744 1289.3537902942744 -59123.12078647989
-116997.45729716084 6696.193095735588 6696.193095735588 -71340.27284778134
-97544.5983722423 6021.444707211474 6021.444707211474 -60971.61017902289
-91041.39530220478 -10672.820852176399 -10672.820852176399 -71286.89558883413
-48566.38352258156 -7728.18723320006 -7728.18723320006 -52245.87092076261
-92247.19971894789 2004.3480788748066 2004.3480788748066 -69176.04099646256
-46289.05689180547 1802.417283920996 1802.417283920996 -50626.471719375586
-95807.24830001398 26999.584620526664 26999.584620526664 -98621.80512524096
-102825.0260448572 29251.761285006887 29251.761285006887 -104727.7649222668
-89043.2450272173 25011.727917834578 25011.727917834578 -89737.25286803588
-95786.59635375094 27277.830884780953 27277.830884780953 -95885.37649104884
-96239.62261755354 25782.200015885566 25782.200015885566 -97253.34636246916
-108003.13566382631 27901.0470445966 27901.0470445966 -103962.37189520964
-90064.80443122533 23482.1257161862 23482.1257161862 -87002.79804923412
-101923.9801884584 25518.557361683314 25518.557361683314 -93725.0328501816
-107046.99910565044 25090.47706609054 25090.47706609054 -93987.70287864709
-114946.05147712852 26452.8992531826 26452.8992531826 -98692.20292607391
-101805.99548390911 22807.415686090964 22807.415686090964 -85317.45472090926
-109675.7851727952 24213.934647740738 24213.934647740738 -90071.97310740281
-113205.06811191789 23547.860911377702 23547.860911377702 -89791.97875188936
-121196.8738605244 24894.167764542333 24894.167764542333 -94805.87211621551
-107590.44245584482 21453.343644215798 21453.343644215798 -82219.41915869118
-115728.09241320632 22737.351965734797 22737.351965734797 -87123.58342445763
-118116.43886167461 21362.63597530187 21362.63597530187 -85173.90252598735
-124431.35732149005 22559.88452268696 22559.88452268696 -89251.65884299095
-113201.9080813481 19404.000406822015 19404.000406822015 -78699.99002200848
-119566.57378748649 20538.339626267054 20538.339626267054 -82670.88914335458
-120693.39312353247 17538.36630306384 17538.36630306384 -79060.20169679863
-125762.79988809417 18440.630801550957 18440.630801550957 -82091.90716480266
-116564.69660002147 15935.502768275164 15935.502768275164 -74331.59900374268
-121578.54281017678 16864.32320474738 16864.32320474738 -77314.58014710693
-120840.05336557586 11941.04220106223 11941.04220106223 -73078.69037685827
-121451.60882845423 12453.660340536655 12453.660340536655 -73652.7780494035
-118309.89835051421 11430.403306444798 11430.403306444798 -70732.2874023477
-118914.41743899621 11938.672803654603 11938.672803654603 -71270.8137305597
-116624.4685605476 4180.15136236091 4180.15136236091 -67767.88973932108
-108494.57051018502 3935.1228882340565 3935.1228882340565 -63561.71930112064
-116791.2272422299 5879.431621396558 5879.431621396558 -68193.66599219614
-108613.64476387776 5607.051925555394 5607.051925555394 -64056.35404856504
-107825.69492963376 -4699.943259927906 -4699.943259927906 -65962.91891419119
-87971.60052558723 -5056.0624593682405 -5056.0624593682405 -55554.641197224395
-109317.52318932182 376.29599276086594 376.29599276086594 -67029.32764264627
-89721.2703932723 -146.8259545713813 -146.8259545713813 -56507.47474659425
-86142.37956497005 -8758.756701618004 -8758.756701618004 -67217.30041535434
-56804.321059145725 -7761.220265794705 -7761.220265794705 -54934.57493418662
-86625.90065853212 -498.6490649253657 -498.6490649253657 -65289.233724669866
-56075.49864234193 -249.57679204604247 -249.57679204604247 -52859.910747672875
-85761.53573749622 23937.42869691658 23937.42869691658 -85806.63003054766
-98239.09565248716 27337.918599250042 27337.918599250042 -94916.31048039196
-81015.70314164396 22673.86697624838 22673.86697624838 -79988.22126349113
-93400.7678710169 25736.112235033932 25736.112235033932 -88670.72085000406
-95858.58471658557 22920.344818844816 22920.344818844816 -85516.93187217385
-105357.30592421319 24435.161330722804 24435.161330722804 -90680.28296584684
-92328.56146425645 21271.081936347487 21271.081936347487 -79461.42758549456
-101615.60530302339 22622.99486629397 22622.99486629397 -84663.91225226468
-104293.29868762223 21440.221718055196 21440.221718055196 -82692.46989974834
-111964.10779403066 22542.842787394162 22542.842787394162 -87252.35805309207
-100682.33819191005 19902.27686351567 19902.27686351567 -77484.77742767103
-108391.3037896052 21006.052317990332 21006.052317990332 -81993.81732275811
-110296.93608391663 19256.801832651166 19256.801832651166 -79201.67487508514
-116787.93507988298 20176.7478602666 20176.7478602666 -83004.27659227874
-107231.64221624716 17644.82935868254 17644.82935868254 -74744.78147776087
-113662.4914030285 18548.966718623153 18548.966718623153 -78514.4380753369
-114025.86439657037 15786.592230522123 15786.592230522123 -74761.63719656752
-119081.13808805533 16577.807850665587 16577.807850665587 -77806.2639164593
-111175.3567583534 14432.396935099394 14432.396935099394 -71458.27663652421
-116296.71960606132 15256.614707160716 15256.614707160716 -74405.87621556141
-115285.92039812061 11514.725448497844 11514.725448497844 -70354.07262030272
-118118.57673842015 12008.092171425349 12008.092171425349 -71957.69949377899
-113469.87694240258 10795.848530147668 10795.848530147668 -68510.8043040974
-116310.22355400097 11277.659182446921 11277.659182446921 -70076.66533395578
-114120.36276905394 5742.772898336101 5742.772898336101 -66094.20974585367
-111776.18426414828 5642.8354427091635 5642.8354427091635 -64925.40010779162
-114207.17874415945 6208.532398890567 6208.532398890567 -66225.26284881304
-111864.46606390298 6096.751022825267 6096.751022825267 -65064.629004104354
-109560.42542120701 -826.0114734055542 -826.0114734055542 -63525.4364349414
-100453.45780825321 -1257.3719504433402 -1257.3719504433402 -58535.15329683288
-111083.70154508999 1536.722345705595 1536.722345705595 -64887.319492549235
-101944.66417766981 1044.9174819927962 1044.9174819927962 -59795.497930078345
-101537.76407010421 -6190.9391695074755 -6190.9391695074755 -63830.19241771796
-85746.2212594691 -6276.076664343172 -6276.076664343172 -55416.35945987371
-102862.77491481966 -2220.199640909176 -2220.199640909176 -64283.340006868995
-86853.86792920348 -2655.606779932051 -2655.606779932051 -55793.45247978696
-86017.39080511234 -6927.848003426914 -6927.848003426914 -65117.80098216816
-66202.31559972963 -6700.354186870087 -6700.354186870087 -56618.26933091941
-85628.35253669183 -1373.0174044398436 -1373.0174044398436 -63128.90909627052
-65942.08780962696 -977.9790223324536 -977.9790223324536 -54239.91106369611
-78934.8623866693 22102.698985747684 22102.698985747684 -77247.49327839748
-93571.54342813339 25092.93042906759 25092.93042906759 -86584.03218581784
-75822.59300059715 20730.17773866849 20730.17773866849 -73500.26349169349
-91042.96154943977 23660.292290360063 23660.292290360063 -82647.55997766966
-94022.22537863291 20300.114343124987 20300.114343124987 -77514.68577641434
-102350.22255984234 21419.66120340997 21419.66120340997 -82208.28249594127
-91366.35698492093 19034.53290272827 19034.53290272827 -73422.894210628
-99640.94521543333 20248.123880501706 20248.123880501706 -78194.9803286846
-101666.02444431349 18199.06183327445 18199.06183327445 -74874.63891363166
-108229.9179793779 18907.99579450171 18907.99579450171 -78635.80420886603
-99721.23637023843 16777.292070120115 16777.292070120115 -71772.39933046172
-106278.7818768229 17573.56708744503 17573.56708744503 -75451.58825810516
-106527.8308189253 15166.553462728785 15166.553462728785 -71587.87583881774
-112178.23868936172 15793.941712077834 15793.941712077834 -74750.33217607083
-104889.05693286643 13959.17082141483 13959.17082141483 -69237.77464365831
-110525.74557494457 14557.025311966609 14557.025311966609 -72385.05945981343
-109259.59119788828 11424.36829128877 11424.36829128877 -68274.54479923192
-113290.22601179653 11883.757121486338 11883.757121486338 -70476.64326036953
-108119.24513858689 10599.270799153559 10599.270799153559 -66931.08932012678
-112207.05821194475 11037.270820114103 11037.270820114103 -69108.35879842783
-109989.47231105476 6967.7607030988165 6967.7607030988165 -64944.358126607076
-110838.6469079784 6944.558961723002 6944.558961723002 -65379.022889697524
-110167.54933500626 6817.7893862733235 6817.7893862733235 -65039.220253491374
-111016.66599327311 6790.165215190409 6790.165215190409 -65476.696066750446
-108139.2179774163 1820.5533496695052 1820.5533496695052 -62508.931576159244
-104378.49279228819 1391.7914450117655 1391.7914450117655 -60430.91196115141
-109621.04909774144 2747.014532130486 2747.014532130486 -63737.88151649874
-105865.65737768903 2284.4567230379616 2284.4567230379616 -61642.604621102604
-104657.66326968354 -3059.3868878563862 -3059.3868878563862 -61558.43677661763
-96109.10929837747 -3428.8415190228416 -3428.8415190228416 -57086.303765517485
-106317.63510862581 -1026.0972445853827 -1026.0972445853827 -62915.30188346164
-97933.84839048676 -1478.9376479376238 -1478.9376479376238 -58310.66771943945
-97637.31825049376 -6065.843360403309 -6065.843360403309 -62344.72067890703
-86159.69439371784 -6108.983883406544 -6108.983883406544 -56110.84925807289
-98458.18454329783 -3137.0221402127863 -3137.0221402127863 -62378.517842002526
-86779.35598494482 -3409.973828496496 -3409.973828496496 -56164.80267158482
-87569.21996134189 -5391.1872536372775 -5391.1872536372775 -63712.95895065698
-75000.84826314222 -5021.2049684165095 -5021.2049684165095 -57675.195905007735
-86720.3376786047 -1619.123497408551 -1619.123497408551 -61726.85902223468
-74137.96055877437 -1146.960849432692 -1146.960849432692 -55624.11279392106
-73917.66839893458 19904.598268447597 19904.598268447597 -71172.62194783968
-90018.07502511637 22429.340155584854 22429.340155584854 -80202.75202082252
-72196.26607628292 18944.215810389127 18944.215810389127 -68544.38499426267
-88454.50074435597 21370.333881491133 21370.333881491133 -77544.95234059989
-90571.72849601132 17913.57327466429 17913.57327466429 -71285.31182380082
-98379.41075800982 18943.660121585297 18943.660121585297 -75478.93287412783
-89393.44298710459 16803.306692236016 16803.306692236016 -69061.76629964083
-97367.72361712056 17711.57313554058 17711.57313554058 -73221.58445335938
-98253.30805536985 15025.670892313861 15025.670892313861 -69141.0787821164
-104223.50894209555 15619.732061102335 15619.732061102335 -72236.88983923451
-97303.11681865262 13965.468740061366 13965.468740061366 -67383.08064817965
-103237.94315858 14513.675917518893 14513.675917518893 -70544.90346539105
-102580.50121597448 11812.02623233854 11812.02623233854 -66452.5152374488
-107390.49812383644 12152.175207933848 12152.175207933848 -69016.31953662288
-102128.33206600437 10918.874373326553 10918.874373326553 -65468.9280581238
-106937.42044824765 11273.696976040053 11273.696976040053 -68058.34985331821
-104593.1980064434 8099.381940158919 8099.381940158919 -63806.65025737717
-107295.47221748657 8102.168115766355 8102.168115766355 -65254.06609917199
-105084.5657164485 7636.68261867767 7636.68261867767 -63979.23157978933
-107789.25041855873 7625.237700378288 7625.237700378288 -65410.47196299063
-105086.62648807379 3800.00555305071 3800.00555305071 -61681.45518437365
-104678.63875570758 3441.403503034375 3441.403503034375 -61361.91224196637
-106482.39581270228 4040.308088455915 4040.308088455915 -62810.40106430218
-106059.59214642984 3667.0988102943743 3667.0988102943743 -62495.64907004497
-103672.92537085306 -398.67520910077076 -398.67520910077076 -60363.72452829389
-99905.51214775478 -898.1187625381638 -898.1187625381638 -58376.247862170174
-105397.43714898144 539.2794010666144 539.2794010666144 -61879.06194854351
-101656.74487610543 40.87313998661129 40.87313998661129 -59766.724528441504
-100735.87406352778 -3761.020453508425 -3761.020453508425 -60326.65902711746
-94202.00786009266 -4113.386676664569 -4113.386676664569 -56923.827211031195
-102112.16763529649 -2266.878633974384 -2266.878633974384 -61345.37134489319
-95497.01380786856 -2719.8585670302973 -2719.8585670302973 -57848.327142765986
-95822.67603346477 -5404.901282437824 -5404.901282437824 -61509.25004902693
-87866.68019287428 -5380.156180987122 -5380.156180987122 -57146.74912412984
-96060.17451539218 -3307.4399433131885 -3307.4399433131885 -61177.19140532364
-87958.47179248904 -3397.7289932066124 -3397.7289932066124 -56839.076215446294
-89873.30929539057 -3957.577636021956 -3957.577636021956 -62691.920200114386
-82084.45227221459 -3562.9605399628936 -3562.9605399628936 -58751.69045547259
-88622.14809960635 -1609.7922161977335 -1609.7922161977335 -60756.67004781326
-80868.8324330702 -1129.2653990920444 -1129.2653990920444 -56776.66499377319
-70703.17995132401 18006.130383307856 18006.130383307856 -66702.7712477785
-86010.55776153908 20260.50369347891 20260.50369347891 -75050.89897324207
-69415.37199164627 16740.8344815164 16740.8344815164 -65135.84839783092
-84971.05125040872 19100.936841820978 19100.936841820978 -73345.03290078606
-86725.02807327316 15633.188742567496 15633.188742567496 -66621.31625114045
-94479.01536987623 16229.743491245801 16229.743491245801 -70385.11374481373
-86671.45421210337 14572.59629666479 14572.59629666479 -65665.23452744598
-94403.14032654879 15100.566987982635 15100.566987982635 -69458.1551879758
-94356.48708854678 12542.735377617375 12542.735377617375 -64735.68098395462
-99914.06666329829 12829.263787160231 12829.263787160231 -67660.2440136951
-94394.07666484862 11674.100721683884 11674.100721683884 -64291.35715240815
-100094.94203440908 11937.108964083289 11937.108964083289 -67157.42578167102
-98629.17461149387 9197.226497661966 9197.226497661966 -62803.39641147015
-102487.34578991834 9267.781505594474 9267.781505594474 -64775.41802040536
-99183.8762326584 8616.681342752014 8616.681342752014 -62936.39905223973
-103020.78447772522 8642.008101985193 8642.008101985193 -64977.68082718643
-100577.57052004678 5560.010307744793 5560.010307744793 -60926.541842848186
-102294.60742995901 5304.0267136785515 5304.0267136785515 -61709.51999629772
-101825.53599063301 5371.557486136278 5371.557486136278 -61902.95204568011
-103557.10869678803 5099.401977514903 5099.401977514903 -62686.51928981878
-100947.18284873875 1901.302311773205 1901.302311773205 -59577.6565345173
-100310.21553256667 1440.5300388645055 1440.5300388645055 -59167.05006533492
-102663.4296196875 2120.2538856748915 2120.2538856748915 -61004.59122681255
-102022.55769004856 1636.9018512742357 1636.9018512742357 -60604.0213364421
-99919.49269681648 -1478.4151990135924 -1478.4151990135924 -59220.928653350515
-97178.14425454145 -1905.1455434400145 -1905.1455434400145 -57651.55340902286
-101514.41203973649 -768.0325487803617 -768.0325487803617 -60544.16904764126
-98779.67040696443 -1216.745821250312 -1216.745821250312 -58944.3793050128
-97934.50990761822 -3750.295110506764 -3750.295110506764 -59543.50211777922
-93501.49171143808 -4035.18474293684 -4035.18474293684 -57303.88884026148
-98890.74925305945 -2721.596516322319 -2721.596516322319 -60308.68636934087
-94432.08229122148 -3027.0476560430934 -3027.0476560430934 -57977.28396514294
-95067.91414243804 -4416.794629129681 -4416.794629129681 -60793.2806967838
-89999.62562296695 -4387.867277336896 -4387.867277336896 -58009.37375103105
-95032.52411262937 -3069.551468960008 -3069.551468960008 -60390.19004800072
-89892.8659469992 -3058.5899980662334 -3058.5899980662334 -57638.121895763914
-91994.34235509874 -2822.8449596916644 -2822.8449596916644 -61936.36400861843
-87661.04499152102 -2372.339475559005 -2372.339475559005 -59533.91168682987
-90576.9219473908 -1445.364965586959 -1445.364965586959 -60121.93816921193
-86231.19829189847 -1005.7616923293922 -1005.7616923293922 -57724.29882259521
-67958.44696222275 15793.422476434891 15793.422476434891 -63998.27315072822
-81679.61147876081 17876.189657079296 17876.189657079296 -71187.71269791262
-66932.30063543475 14745.784711295502 14745.784711295502 -63340.35680375551
-81425.76569023156 16574.16492019032 16574.16492019032 -70510.11949683102
-83060.44954708812 13523.073235398708 13523.073235398708 -63427.77672779109
-90648.1662919508 13809.19029893828 13809.19029893828 -66936.9560047652
-83578.18718924078 12620.243648364049 12620.243648364049 -63430.33663905785
-91310.22661631429 12823.455789556278 12823.455789556278 -66984.36094654407
-90536.4962219578 10457.420075131062 10457.420075131062 -61905.06257151229
-95782.2192442112 10488.102667524721 10488.102667524721 -64473.87451652817
-91422.54103753332 9680.48680302591 9680.48680302591 -62311.60622843551
-96644.70477128623 9709.053463606026 9709.053463606026 -64904.67130177367
-94796.54162406878 7171.221115182828 7171.221115182828 -60324.11264471306
-98120.36169372303 7021.209906764587 7021.209906764587 -61946.99347287639
-95977.34556810916 6684.0794002990415 6684.0794002990415 -61240.27348853738
-99287.89442852352 6478.312976900053 6478.312976900053 -62862.5128809585
-96984.91730263797 3912.2587929333577 3912.2587929333577 -59149.35746111933
-98259.30603882697 3555.9558701962005 3555.9558701962005 -59769.243400038584
-98408.07364380783 3718.4830970473076 3718.4830970473076 -60437.10238543719
-99735.89889430953 3312.7213902026065 3312.7213902026065 -61093.08074288343
-97519.84571272712 782.1075646965973 782.1075646965973 -58485.42243222376
-97258.73305061745 347.36020427055666 347.36020427055666 -58296.04600853436
-98971.80251416237 848.8763063712759 848.8763063712759 -59847.62278354598
-98696.47848168932 407.69522135621554 407.69522135621554 -59662.69863930931
-97114.9450457926 -1763.0204634700149 -1763.0204634700149 -58479.31211680712
-95411.31605021635 -2160.6653489749597 -2160.6653489749597 -57579.4213396384
-98367.87543117834 -1364.9772036923623 -1364.9772036923623 -59636.792255263754
-96677.34494255003 -1774.2880518551792 -1774.2880518551792 -58755.28748179984
-96152.33688306707 -3305.4049337763836 -3305.4049337763836 -59171.107297289214
-93503.4611589256 -3484.8440448503925 -3484.8440448503925 -57810.28631184088
-96824.85527657118 -2663.5388112885084 -2663.5388112885084 -59744.96176763638
-94181.26766433846 -2873.156891423012 -2873.156891423012 -58354.465292768306
-94941.32505719291 -3399.945803023955 -3399.945803023955 -60262.34677163043
-92159.23135989936 -3363.220885900725 -3363.220885900725 -58771.4488094761
-94728.6375245569 -2659.2309829589226 -2659.2309829589226 -59886.35913866199
-91929.12925351801 -2612.6323911940062 -2612.6323911940062 -58407.66437284074
-93774.52214281439 -1891.2019079517368 -1891.2019079517368 -61229.33637849875
-91783.20041006577 -1474.1916783606393 -1474.1916783606393 -60146.012779661745
-92442.7889458545 -1297.0603886667786 -1297.0603886667786 -59716.4186621558
-90426.12533069412 -871.9771274424088 -871.9771274424088 -58640.909620087354
-65670.64869753708 13790.50747522705 13790.50747522705 -62573.35674764428
-77843.6783372318 15184.596736094598 15184.596736094598 -68561.99387706791
-65399.95910809785 12448.465715138167 12448.465715138167 -62619.76658210178
-78015.6537337459 13688.28444901319 13688.28444901319 -68430.7061796803
-79634.32007289726 11605.77671380457 11605.77671380457 -61448.584559854404
-86893.3041282153 11694.73816239794 11694.73816239794 -64787.2008402965
-80696.3052534608 10640.207445608215 10640.207445608215 -62220.97979087658
-88078.44747003168 10636.772651906313 10636.772651906313 -65477.330252235304
-87057.02042157609 8627.967755355961 8627.967755355961 -60056.301768877354
-92046.88344538452 8527.69403413652 8527.69403413652 -62418.84594951087
-88346.41901196417 7922.763601863668 7922.763601863668 -61081.38899087576
-93323.41094543501 7758.600550166917 7758.600550166917 -63449.0828338512
-91417.1782581368 5743.187129979784 5743.187129979784 -59026.895699438006
-94488.10258046174 5455.60420912506 5455.60420912506 -60530.98153029151
-92754.12452911171 5149.967360464992 5149.967360464992 -60168.970820389804
-95847.84711982444 4829.894426460294 4829.894426460294 -61703.569775997865
-93671.03571350292 2785.0283086346362 2785.0283086346362 -58225.99320340793
-95222.30364770154 2401.6365991003977 2401.6365991003977 -58989.8297458819
-94998.8263206061 2435.8551761937347 2435.8551761937347 -59529.005842711835
-96563.6427339842 2039.5170562129656 2039.5170562129656 -60305.581439923226
-94636.40775941373 241.57246470293217 241.57246470293217 -57938.0069176135
-94975.29161298799 -129.04442639903644 -129.04442639903644 -58088.464945366635
-95883.72056778772 136.7717544034735 136.7717544034735 -59167.90389934551
-96226.58421010306 -234.1491378580277 -234.1491378580277 -59322.090248679546
-94978.49904667492 -1684.008369070899 -1684.008369070899 -58217.37353548847
-94397.67461662686 -1977.6346935548431 -1977.6346935548431 -57882.775207525236
-95922.02986413485 -1548.8475811993885 -1548.8475811993885 -59148.997480797974
-95345.23096647213 -1850.7193605308423 -1850.7193605308423 -58821.88120939626
-95066.32828564502 -2627.8603302996116 -2627.8603302996116 -58957.453669871735
-93911.85088581954 -2763.6165709961106 -2763.6165709961106 -58395.70682628063
-95501.8451487987 -2359.0011998879754 -2359.0011998879754 -59363.4228579739
-94344.0312993252 -2481.58559715631 -2481.58559715631 -58771.84547276674
-95066.37478796768 -2481.2094104941816 -2481.2094104941816 -59915.56766529945
-94040.49932743268 -2403.866192036122 -2403.866192036122 -59386.44065663351
-94766.53661823599 -2208.336419250219 -2208.336419250219 -59546.176300386694
-93733.2005488312 -2130.156389212969 -2130.156389212969 -59005.050374064886
-95115.40344316175 -1230.655373880148 -1230.655373880148 -60682.97564051863
-94810.69052098099 -880.379705051324 -880.379705051324 -60495.769173064524
-94026.4277404022 -1112.8484115772771 -1112.8484115772771 -59487.4685462527
-93724.37234036656 -763.3500088476769 -763.3500088476769 -59302.77631237797
-64665.034136301 11622.64256540955 11622.64256540955 -62418.257671847714
-74694.72990112835 12281.134267206042 12281.134267206042 -66839.97332548063
-64886.72113701022 10221.176846136957 10221.176846136957 -62903.948453924386
-75390.897429446 10775.306866302824 10775.306866302824 -67275.64311021581
-76715.3341362055 9675.778334263874 9675.778334263874 -60559.16625984681
-83669.03782216721 9616.89150960954 9616.89150960954 -63590.037177339385
-78052.41704432985 8609.103000996713 8609.103000996713 -61595.40418898046
-84971.84976957174 8400.83960121806 8400.83960121806 -64752.354782468785
-84046.55133708991 7167.561597806594 7167.561597806594 -59165.49046782954
-88910.55666040938 6937.883541862937 6937.883541862937 -61550.14668008294
-85432.34533424229 6244.70829818237 6244.70829818237 -60361.76972561381
-90354.88628377109 5893.996695742546 5893.996695742546 -62739.24578168757
-88294.2646774758 4501.382256576119 4501.382256576119 -58282.59733128857
-91573.11261038264 4201.761924016708 4201.761924016708 -59821.57779466503
-89527.7618343156 3780.010688984241 3780.010688984241 -59458.26568084772
-92841.33520867823 3412.0188087625575 3412.0188087625575 -61044.103629099816
-90911.08080216813 2062.0828572571427 2062.0828572571427 -57700.348073738
-92867.02273106745 1721.9138011166224 1721.9138011166224 -58675.254480339194
-92022.39778788398 1538.766856973889 1538.766856973889 -58840.71267753419
-93993.02357145125 1182.3314902043753 1182.3314902043753 -59849.03749196149
-92345.85787785926 28.153556380932823 28.153556380932823 -57669.0145148232
-93366.33083960055 -265.5093644889841 -265.5093644889841 -58214.65731261789
-93321.29642968976 -265.9435052231251 -265.9435052231251 -58648.95199337128
-94334.9709188238 -571.4915929637843 -571.4915929637843 -59179.146364002605
-93466.3993069675 -1343.6882768253513 -1343.6882768253513 -58117.49179053413
-93813.9070517213 -1551.920468446403 -1551.920468446403 -58280.35808902347
-94151.24900394664 -1445.697210731888 -1445.697210731888 -58788.94621802597
-94487.5694695512 -1655.2606431025488 -1655.2606431025488 -58961.67179735483
-94411.72717446994 -1947.2331139692578 -1947.2331139692578 -58865.972167678956
-94427.14220588819 -2011.448944658535 -2011.448944658535 -58884.522858921526
-94626.37649776886 -1963.9065476495184 -1963.9065476495184 -59088.623903021544
-94641.35392904592 -2023.3700731979488 -2023.3700731979488 -59115.27501536828
-95255.32191864766 -1703.092567702086 -1703.092567702086 -59652.99824212038
-95491.89114285349 -1610.8668914860593 -1610.8668914860593 -59769.78648549515
-94952.10129688936 -1753.6515533847833 -1753.6515533847833 -59343.15083488414
-95192.05656328076 -1662.0645453412417 -1662.0645453412417 -59458.229776007145
-96161.95064584105 -713.9593366355701 -713.9593366355701 -60233.23492476577
-97013.84411966601 -416.77247251946824 -416.77247251946824 -60635.71314013864
-95287.6896546995 -925.118210082334 -925.118210082334 -59353.5295829544
-96152.99588329258 -633.1635870402126 -633.1635870402126 -59759.41094853462
-64164.33312100392 9112.533064349307 9112.533064349307 -63068.30660808369
-72669.40128288047 9438.167649640796 9438.167649640796 -66264.21348484987
-64387.06226214815 7452.25830986763 7452.25830986763 -63778.40466137372
-73101.37774096266 7545.126034513874 7545.126034513874 -66945.31528564107
-74657.15491796072 7648.461846328335 7648.461846328335 -60637.96564202921
-81279.53738725354 7496.397005664616 7496.397005664616 -63455.84547309118
-75546.45947225392 6250.237814182699 6250.237814182699 -61647.79695459423
-82298.25900346538 5964.548919040628 5964.548919040628 -64533.98567286247
-81571.17705929323 5563.97613924223 5563.97613924223 -58969.406596868015
-86422.67488602098 5275.58064233129 5275.58064233129 -61278.536310721414
-82578.77415556603 4341.470693619476 4341.470693619476 -60021.5713069904
-87503.87823520254 4000.403196821027 4000.403196821027 -62360.19269464317
-85856.70457912209 3455.5607398926795 3455.5607398926795 -57866.78788331553
-89330.61875213549 3152.940719684316 3152.940719684316 -59703.03917579813
-86945.00547242518 2464.3680482351715 2464.3680482351715 -58896.9357584305
-90494.33944553525 2120.8500577184786 2120.8500577184786 -60764.39283438914
-88693.58341263041 1519.39382538876 1519.39382538876 -57487.68688722198
-91110.14854953978 1269.411372318359 1269.411372318359 -58762.15177577126
-89534.52241464476 817.695983412 817.695983412 -58401.8187381795
-91941.68225928603 565.6882448180874 565.6882448180874 -59688.39491140244
-90788.59216035517 30.067872940153613 30.067872940153613 -57619.790287682845
-92371.30614033874 -171.9442944895143 -171.9442944895143 -58419.205929228876
-91451.74839872694 -423.3991201091191 -423.3991201091191 -58373.111969048834
-93043.27721737711 -633.9637882325524 -633.9637882325524 -59178.24012203762
-92475.9948409773 -897.7367067108953 -897.7367067108953 -58095.74085262269
-93539.02422834428 -1033.339372873714 -1033.339372873714 -58653.22406245937
-92921.72476646789 -1209.968036099344 -1209.968036099344 -58583.155208577904
-93994.86723861811 -1349.091179557678 -1349.091179557678 -59147.6111985855
-93983.78696179281 -1256.2909799237373 -1256.2909799237373 -58813.996344808
-94878.2158503069 -1286.5554473220577 -1286.5554473220577 -59261.15931236985
-94117.54738775648 -1505.8219737472164 -1505.8219737472164 -58972.7630299004
-95018.4430136309 -1528.1068963776447 -1528.1068963776447 -59421.98178788828
-95470.16711363233 -1028.3753043398153 -1028.3753043398153 -59486.8537202276
-96563.41361158233 -932.0743299870295 -932.0743299870295 -60053.035978880594
-95221.68298378887 -1316.1366701970437 -1316.1366701970437 -59242.2552806422
-96303.78453487583 -1224.7328716281709 -1224.7328716281709 -59822.29732612792
-96889.3312258586 -304.08282136376647 -304.08282136376647 -59936.50934166989
-98470.55740896938 -92.07387140692983 -92.07387140692983 -60795.55281033049
-96238.44682553218 -732.5098275053078 -732.5098275053078 -59307.360398524565
-97845.62928593702 -505.5707197991527 -505.5707197991527 -60150.8062599453
-63965.23959300895 6133.027810581745 6133.027810581745 -63985.38900069182
-71339.53975255092 6237.9620854608565 6237.9620854608565 -66631.35648337658
-64113.757487136536 4222.5048222514815 4222.5048222514815 -64428.118509256645
-71665.60173177547 4169.928079907344 4169.928079907344 -67074.95360623646
-73308.57308672248 5226.673453931733 5226.673453931733 -61089.112150051624
-79607.69312711872 5018.814206089073 5018.814206089073 -63714.73064389484
-73863.2454270553 3431.9172813225337 3431.9172813225337 -61675.041323919
-80213.89534372096 3204.5466724724383 3204.5466724724383 -64270.762031432634
-79772.75725749618 3746.1669024237617 3746.1669024237617 -59094.47483309748
-84686.55822053415 3554.59630797035 3554.59630797035 -61417.56153872614
-80445.39205582968 2285.522496734785 2285.522496734785 -59755.670315960255
-85332.142656042 2057.517300287972 2057.517300287972 -62106.087048229216
-84311.3624432075 2312.265363052594 2312.265363052594 -57898.434591872196
-88006.53116060636 2115.4334753998783 2115.4334753998783 -59809.02793907813
-84947.41549251955 1170.5365315206977 1170.5365315206977 -58587.52136683963
-88666.33567564099 971.424017111638 971.424017111638 -60501.27996245917
-87189.08894770041 1092.109027904825 1092.109027904825 -57524.97000968939
-89980.72776539587 923.3716288091048 923.3716288091048 -58962.90519446911
-87815.63112868444 271.29110031462255 271.29110031462255 -58148.51248733926
-90594.72060297153 96.36889871189324 96.36889871189324 -59611.781969756434
-89728.12898232782 138.94490498053932 138.94490498053932 -57646.46784328798
-91703.10912581171 22.639492613842684 22.639492613842684 -58735.79838863694
-90180.19325739294 -439.3743852953076 -439.3743852953076 -58141.04654359915
-92136.95476124523 -555.3919912631968 -555.3919912631968 -59244.16014140372
-91810.81346450571 -420.19299386225754 -420.19299386225754 -58146.75512921739
-93407.2968919972 -499.87756289814075 -499.87756289814075 -58992.77614575107
-92105.70285644679 -881.4640269029837 -881.4640269029837 -58484.05380154991
-93695.82149032505 -965.4885612646008 -965.4885612646008 -59322.22832004344
-93751.62283219513 -605.5285995347722 -605.5285995347722 -58810.49704171521
-95245.67857565057 -613.6946984075464 -613.6946984075464 -59552.92125691841
-93828.88215536853 -1025.5619238700103 -1025.5619238700103 -58923.664653237356
-95332.5528668532 -1036.857804749538 -1036.857804749538 -59659.090690360645
-95620.98901225805 -435.7246402800693 -435.7246402800693 -59382.34105875071
-97232.61335799738 -354.5285085743432 -354.5285085743432 -60257.25772538206
-95449.35373088323 -898.0427719562813 -898.0427719562813 -59226.730261942605
-97060.32353861842 -813.2387853964851 -813.2387853964851 -60101.95574042707
-97305.1094459627 -5.632257064193416 -5.632257064193416 -59707.99180453121
-99294.57588539428 122.04905178979895 122.04905178979895 -60813.83679900911
-96921.06167310722 -549.040269995704 -549.040269995704 -59344.50866208547
-98932.4788430368 -426.7625891729725 -426.7625891729725 -60435.035739265906
-63891.35827365829 2702.2399931268 2702.2399931268 -64432.52066500631
-70852.37876224342 2800.41150611794 2800.41150611794 -66869.0139262238
-63768.604346075335 432.94962092809146 432.94962092809146 -64231.59908693502
-70802.28247009973 517.7965165455198 517.7965165455198 -66612.05103356991
-72800.2079714133 2407.481746825593 2407.481746825593 -61450.321797589895
-78780.0992952218 2330.5425063375187 2330.5425063375187 -63863.50439318662
-72905.96962483646 427.61172421044375 427.61172421044375 -61589.243534274
-78918.73378537553 392.26843452709943 392.26843452709943 -63985.791856957214
-79028.04863122385 1797.6906629430937 1797.6906629430937 -59295.66190775925
-83903.45482602484 1707.8108220995657 1707.8108220995657 -61637.49890581924
-79303.78098343185 227.4468202835383 227.4468202835383 -59521.98988308024
-84153.45356722624 146.42991815763014 146.42991815763014 -61882.330415832155
-83520.21500557745 1151.2205084213088 1151.2205084213088 -58168.7043008652
-87357.19822731784 1097.2111510695145 1097.2111510695145 -60092.75066038924
-83780.44058451545 -20.036239944696867 -20.036239944696867 -58427.21359270578
-87601.73621170007 -74.57326337005716 -74.57326337005716 -60335.82399274802
-86690.33987949623 660.5174112449156 660.5174112449156 -57691.75079389794
-89565.84672076856 609.9074672217084 609.9074672217084 -59269.82056115671
-86977.27342737908 -222.26164975087684 -222.26164975087684 -57959.2063543091
-89844.13773720371 -285.91271108472324 -285.91271108472324 -59534.75475630339
-89167.58554775588 275.6865235783031 275.6865235783031 -57837.833218162996
-91446.72396815565 228.7906898946852 228.7906898946852 -59030.052152555494
-89380.14563116452 -387.16866318396626 -387.16866318396626 -58059.22452608877
-91656.42752226889 -431.6482563411265 -431.6482563411265 -59244.72265274697
-91556.13202917598 55.05209582416988 55.05209582416988 -58278.129012067155
-93410.15481365942 15.362693059047519 15.362693059047519 -59216.01755519199
-91684.59238137993 -474.6281737676127 -474.6281737676127 -58461.24488931554
-93536.72090960482 -517.2572370144555 -517.2572370144555 -59408.627021602595
-93639.87750258062 -4.240718662259446 -4.240718662259446 -58839.18109557796
-95437.60388062742 -12.478952741248143 -12.478952741248143 -59753.727963911006
-93726.23436424068 -513.5426245615326 -513.5426245615326 -58927.156198465695
-95521.63162391633 -516.4680215637857 -516.4680215637857 -59843.244402816585
-95634.74259658768 59.61204037062025 59.61204037062025 -59310.454314243456
-97525.33054667247 80.02634781373354 80.02634781373354 -60338.42475221333
-95633.75496936942 -479.2307169688668 -479.2307169688668 -59288.93717867383
-97503.69007631644 -450.44346235735367 -450.44346235735367 -60329.364008897326
-97412.59881427376 222.38835694824672 222.38835694824672 -59536.05099844877
-99600.817217395 260.89312390804963 260.89312390804963 -60712.91799383334
-97302.28790449745 -370.72284566347753 -370.72284566347753 -59441.05859647243
-99516.27515899841 -339.7503996239303 -339.7503996239303 -60621.03574553999
D 640
14755412.403323954 -243619.0828844151 3795258.7069772366 5717535.736414289 -158825.9956939707 16099610.637954703
13547020.656911114 -297741.6623426724 3666587.024517823 5513791.243725336 -169887.69262351314 16063889.50174131
14885465.608318174 -381291.35315013555 3807736.204585084 5740478.689709026 -235631.64248705585 16153911.54106596
13830743.908358926 -405385.8577439676 3694335.708610531 5552925.56097535 -208198.54297725388 15952381.554969268
13298857.185460232 -248567.53663630324 3659146.6975438446 5500779.092382777 -73365.37405073785 16215497.113212042
12601368.268215405 -211201.0978136305 3616802.163313422 5424423.756151278 -95378.75718318914 16317458.952670056
13290586.220517753 -418057.59669387835 3676931.192864779 5522746.029464797 -144293.02291026787 16271847.840026926
12584194.424017366 -330263.04991254024 3568494.4414195763 5363292.579977413 -169235.85865289654 16174779.134391593
13463718.284382079 -209481.13062586045 3690320.3964403467 5546957.312008761 -172787.52495251124 16288376.707424074
12655614.456410049 -93494.7472359413 3619607.3445664668 5409364.237080806 -145473.02002896531 15900308.418252757
13317898.582704134 -311019.04364929115 3696254.7059372524 5552586.426095661 -236434.83228895458 16416225.199089063
12465556.387648776 -254685.1219515696 3557731.1830221415 5329534.896769534 -228235.7379488421 15855054.900778925
12904611.760863421 -160649.8138606742 3695551.5846987623 5527095.945718671 -182137.45595072838 16335171.87852374
12612124.884556876 -245798.1525035622 3665111.9973347303 5461996.5128021715 -239837.4812753012 15995341.106253615
12602029.374578895 -108337.34875689093 3683751.9171239003 5486451.969680947 -193957.73247383835 16084467.477223124
12213009.66720722 -219534.8644324451 3582089.50466654 5333160.042306449 -193086.9907666209 15644221.636380808
12719769.542811006 -197475.79535833577 3695833.5140547776 5511068.805378379 -231085.89791368184 16193268.797274558
12554757.30358011 -265416.4888627989 3670844.164666037 5468994.985073504 -281289.9802249012 16066570.488478575
12644186.154249983 -231075.37298187905 3647784.3502371884 5441634.738176797 -288002.3058793363 15937252.538490936
12560536.347543085 -210189.4946272018 3628363.33942164 5405496.638110606 -219402.09300997347 15725402.602338089
12708348.794639912 -179871.65212933262 3719598.5400193953 5544233.930121967 -180899.8436451517 16345161.669223182
12568310.027416945 -279301.8818761697 3691824.484482787 5501958.203331491 -209276.00515679907 16250715.069161937
12493871.29832804 -167518.87515895872 3649101.871414892 5445360.156993997 -228194.6266116172 16133090.306552222
12586293.889052263 -251616.1148402835 3662043.7769987094 5463082.935326862 -242064.72368929122 16110401.413789552
12785745.981411185 -335843.4648535045 3699008.112213972 5521792.050142681 -249075.0423434738 16271916.330716046
13110436.812433623 -314530.3624669922 3767848.7695661397 5623911.084331142 -248603.87117489878 16475111.700078929
12768095.288456926 -193448.477989603 3711767.175810189 5534430.066164626 -243800.83024780426 16261627.876197606
13067917.986988492 -270287.23745774 3753416.4252011697 5598754.099560193 -242714.4475967669 16332002.377504464
13230255.34835362 -202490.34228656837 3744938.298192476 5593820.214525125 -222716.66733647385 16257506.11238032
14228689.400854306 -176073.71585610035 3831957.84004689 5752188.833596298 -207997.27966791013 16512014.44553866
13323258.207521623 -107313.13912370797 3726776.478375109 5586020.958451119 -157310.4166434261 16408078.104804197
14068092.962857286 -239316.42360530456 3842795.4210562278 5758608.862360423 -207065.35504006367 16562584.411933407
12791167.056394476 -254944.02549058176 3639420.76586874 5457804.364817799 -141173.36840787734 16297663.080444042
14157568.97214268 -239113.84306859627 3794502.629393293 5699776.182240613 -58467.392391186535 16358896.670726068
13398811.444610206 -127818.2376564484 3788729.8859048784 5670508.778294357 -1073.8608327037412 16659306.346289063
14498730.794026313 -163707.0423570771 3917425.904404316 5879005.548129644 -15360.554067773208 16898010.09975524
14803322.500875652 -261410.14439006636 3844444.162941201 5789200.66604667 -57647.48867644895 16402919.084100401
15268489.828368459 -220165.27927042492 3898812.831014486 5878904.442714258 -81621.39821525618 16535716.620606478
14704341.811687905 -228560.92716131484 3842582.488930099 5787429.544256747 -16352.608774051361 16507434.187378284
15212375.435965521 -198171.6402227604 3874058.7663131584 5847600.621216164 -45725.60430212951 16510344.00678447
14382951.152621344 -473270.8559868414 3773354.8991627656 5676255.213058879 -254437.78367132545 16128345.126568103
13491006.523260012 -527995.9361158934 3651147.5509790448 5486888.018612729 -280252.12282634946 15921507.455470469
14522638.134512682 -539376.3076146686 3730986.4906283896 5623907.420908858 -324374.3885839977 15873807.164188048
13621024.106553512 -645071.0895961747 3614010.4850623924 5443762.224794747 -353029.3432101286 15745989.347071972
13394078.944233203 -547301.0107967197 3681967.01069488 5537627.5761138825 -272787.0964544873 16355197.959256163
12962606.134690814 -569669.9887643136 3596398.6219017017 5418019.964985027 -300224.09553362563 16277023.094771054
13332979.463778166 -613039.1704593544 3651523.5971238916 5495686.203684419 -296485.1113535686 16247225.051668959
13065050.70313287 -725371.9030089134 3567629.2879657415 5378830.809301971 -404752.8181760155 16023720.661101116
13076809.958947964 -480063.77496801404 3684413.2935580434 5534176.076656344 -260989.52224668983 16549618.955775017
12853462.93541176 -494378.65127567376 3638043.37671811 5463196.616078271 -221435.71124206996 16373514.862012273
12898998.919362428 -526206.7533837797 3558404.665381143 5367475.084127229 -256282.2317072336 16165599.817251042
12771373.537870722 -613958.9720072908 3520862.6268731914 5316585.379706165 -287104.32733059075 16101355.735536866
13552899.01963858 -440953.191907583 3726665.429034689 5598667.704956731 -179507.8707372824 16433815.359391233
12786884.942618864 -379428.6790986821 3706172.321873868 5534150.147226818 -106699.10993259087 16360326.570891898
12737164.962605296 -493557.21266007464 3540510.8390864814 5340759.720523197 -193001.12716018193 16186790.559517615
12411693.42901939 -690786.426780668 3485456.0548067633 5246579.556168897 -302240.5874014395 15839863.968039913
13248419.072227305 -506085.87046272587 3725493.486098211 5582407.319432002 -188754.79997474194 16438870.176525723
12839093.017028185 -515120.14861595305 3697241.416280163 5526931.306621927 -132610.98301997033 16360221.497108523
12157088.157806152 -625610.635657268 3544502.221276729 5309441.7689318815 -249471.4141740606 16052697.980597898
12267854.023455303 -753188.0310149312 3536414.976680236 5303205.261700043 -263478.71132347593 15995121.26544521
12972325.827891182 -460027.0148126668 3723398.7226183387 5561114.8703178475 -133477.14734610252 16335199.212802794
12785990.301937103 -495156.1688301325 3709077.3731936705 5541606.017200764 -119289.68042812757 16446427.17987618
12348596.423700666 -667019.4736955232 3604264.694391115 5389296.491614969 -191644.25874016088 16143509.565021304
12454436.88838191 -630565.896212918 3601701.494733412 5392398.407619142 -149752.1693484919 16156097.888201976
12860614.622210212 -436006.88897977705 3702181.578585765 5527265.222184219 -155389.79255662838 16236694.579865709
12875915.816047363 -460422.34621663135 3677126.673290335 5500157.213824188 -141219.25074296776 16230441.091335759
12624554.754720291 -531291.9061119455 3673879.5500102285 5489428.843398014 -160237.36243656135 16338671.439559577
12552361.250495862 -544886.4774712331 3661473.9020248814 5470455.299141567 -154527.5495498519 16304318.303575728
12674014.695166623 -399681.7420581386 3714638.8479563296 5516360.121157863 -203636.51040599996 15931132.571828783
12433038.762753468 -469764.4324012044 3671165.699339631 5461384.862843825 -238347.6543170051 16029012.620661108
12924401.993912736 -396606.9408351028 3775783.6210816745 5607297.569899747 -171666.88687097892 16154308.874034667
12688082.131124096 -418464.80764561496 3769051.9492510892 5591077.07066412 -208637.52535187328 16214316.102084184
12249740.006808702 -346255.000630036 3614564.3185767345 5382708.27486097 -228266.37270825112 15884010.014815474
12428719.817417236 -268386.3232732888 3637145.3328274507 5427770.008231493 -262567.1129475527 16109482.779636178
13217912.376040308 -343192.2346586297 3750549.1898518545 5608248.4180680765 -198545.40517701776 16434973.305946462
13261465.166476432 -259928.24445262368 3828536.7989147133 5709145.754187633 -180207.990686569 16693640.062030457
12865516.544393186 -183560.51221729055 3599475.6684326543 5393575.136639853 -196461.69562680603 15817516.8959534
14032686.113269484 -185821.85737450773 3842440.452643273 5756497.108126413 -44817.77883582437 16563565.894454919
14238373.904845927 -1554.1189114933065 3858351.235009835 5785593.294163419 -70263.89202002721 16589764.220309319
15300128.838575348 530.8577280273927 4055146.130502018 6076113.925186087 27032.54354520165 17008934.5671924
14197793.668499082 -663981.2578983128 3612229.954473386 5457735.942410218 -444747.1446019655 15487865.639365045
13635991.050724257 -782203.7302311119 3569835.7278527464 5381659.611715248 -511584.06512552855 15460814.601689622
14056251.557933595 -809139.7220740842 3516009.3173063444 5337719.6257867 -568237.964621854 15345935.490900693
13620281.466479594 -869321.0428045507 3462309.8311508 5246601.067774598 -577594.7816362414 15140923.16548562
13672224.969898168 -803508.1211911474 3572190.765313239 5402532.713238666 -545963.1186544651 15790231.934844406
13685841.53437437 -858298.1053653869 3541327.947860126 5368841.767295339 -604760.2050635798 15781778.455847513
13433812.243208462 -869855.9105437496 3476494.3185599106 5256764.220752213 -600997.0066370363 15218596.667691888
13497601.17827324 -892971.201297052 3462566.617300737 5250064.812499615 -613522.8574439572 15327229.034165403
13593031.51523547 -802865.9359818192 3581087.455951242 5418962.727260718 -509880.863798997 16002298.430592198
13860254.030782247 -838592.8113584073 3570055.526755271 5411162.948479173 -525633.0085319199 15821782.420218375
13370140.086138234 -907965.8476150287 3436493.0463550948 5207472.864532357 -650694.1679593707 15176469.716858158
13333241.867569797 -890996.3364146623 3447862.1283642533 5222723.16794273 -592265.881459016 15268253.649967773
13966051.34774026 -806158.6857278962 3607205.001338542 5471106.193813919 -487988.76046145643 16097561.685544344
13976719.569491152 -856281.1633586633 3542204.2244744645 5389153.981199998 -512680.6745142618 15877866.134590201
13237514.256842326 -909802.9005879748 3402288.6280520563 5158618.150429537 -608763.7225392725 15084498.10625079
13238981.45426877 -997753.948374373 3320475.6991430316 5054516.606923033 -679193.0416478461 14800884.770194078
13889982.548251063 -848791.9203112595 3578162.7821526453 5440513.053729451 -461886.178052386 16200696.239742426
13955252.056317007 -902148.6286408439 3534306.4479798097 5379645.317691768 -528672.8890033327 15882911.667495586
13097591.83434955 -1022306.0476979443 3338721.449239178 5065360.190958059 -727104.2956550453 14757739.603272645
13187354.393368261 -1100144.1072486986 3277272.9701163275 4998160.3215731215 -792779.5578790326 14675846.081250196
14209784.92682188 -873886.7218921892 3606052.329425362 5488795.012997356 -445863.4764502948 16232963.360794038
14088128.41470716 -930992.9370316967 3547725.1982274423 5397427.206713202 -427339.9576590045 15810460.498345682
13153340.827088779 -1062616.7021953582 3259217.664091222 4966305.214032135 -722921.7492558333 14469968.889687903
13244830.088337515 -1132534.5995637476 3254864.0578701673 4973994.639113851 -711053.717813173 14628052.906710325
14240551.246022245 -876877.7089136487 3576384.948787708 5440592.628739085 -365250.01442812494 15890831.481865147
14018342.5274795 -884880.8380940981 3494877.0548785734 5328929.468326612 -420190.6845508907 15672951.055952653
13059676.312096909 -1075167.5059797235 3157466.4263945725 4828771.937984711 -712980.048751876 14051500.209885472
13428476.156637013 -1117401.5903075228 3154980.607915183 4840964.973656136 -772495.3454393022 13981249.363915486
13907767.199977415 -948824.2837031729 3523922.9110105503 5365823.664429662 -417281.467051937 15882400.464618187
14327403.320535332 -907603.0705364192 3556571.102449799 5422854.112906769 -347351.99648841796 15885114.180044053
13351121.96949319 -1122434.792583931 3111922.535680258 4785076.767004836 -700108.6789503862 13888116.90963337
13308685.198071433 -1206330.4375757067 3052936.17865266 4723080.081910626 -691169.8640467401 13988319.950748116
14084999.31182285 -828055.0462962983 3559768.5118182427 5424106.077614701 -245798.68280835688 16082165.510324856
14058182.337469248 -985841.6443142763 3487608.7351368703 5332230.421647555 -467662.9660150528 15859033.470041541
12852693.39934702 -1229331.6036620948 2969436.422396057 4582735.543142673 -660804.2152043028 13474415.288380725
12819359.398630174 -1256012.2597228393 2903571.3099944056 4517438.512723229 -956592.937682648 13650841.126915481
13632012.655870892 -1127358.5643864665 3446608.950016415 5263548.054369539 -542196.5419360154 15813550.727345273
14233510.293978073 -1173346.8949518807 3414001.5025492334 5241491.29304406 -677180.657660046 15488281.698017415
12200445.435198048 -1222283.1609691072 2824098.109993894 4378363.398963255 -932343.4898919606 13236663.473994913
12299930.285863752 -1028219.0456721917 2800843.1627642605 4347791.738259282 -822473.7219375008 13037354.376684926
14348745.776008753 -768818.5438789853 3543555.1433879468 5373219.966568413 -571882.7340517272 15157439.92125458
14168386.797714094 -830300.4591777102 3495729.35873403 5309914.879678977 -615501.1887688675 15123864.49579015
14360941.346056294 -783114.0612606923 3496298.8951128274 5314314.520857431 -603224.8092208471 15006772.969391469
14033482.982489625 -851025.5603346608 3454053.367866441 5249909.4108662605 -623797.8481292292 14975530.709835848
14005934.567660848 -776268.3472238941 3523397.316706994 5341649.4335556375 -562337.83580933 15312312.536683543
14287425.741623266 -810884.1980740022 3516890.610815215 5344861.271403564 -567375.6849404859 15238205.762789689
14133235.804909352 -804087.0067056501 3491468.307498872 5294597.304846203 -628855.9741043991 14946406.908439746
14300136.821959613 -772678.791152179 3505832.2216598936 5323712.638043614 -595332.7188477013 15045806.50999663
14316378.009768499 -766325.1135742555 3530067.797238108 5355938.809933903 -534158.8645882753 15140906.050831381
14487429.355961023 -772235.1080985469 3553934.3283683914 5388539.35555668 -559527.6297377713 15096802.085181653
14118169.027133754 -811154.9903304809 3468900.4579553525 5266024.421414796 -608106.4858535541 14886508.64563488
14393664.096382875 -848562.213875728 3457110.9981536246 5260839.805280252 -673169.5080215123 14766689.561004825
14589986.213701343 -771164.2729626533 3514235.346087392 5340429.730927962 -610722.5327030821 14905430.305240182
14684786.549104873 -766545.4856624423 3530957.1418364113 5369240.456822468 -614602.4901795721 15018965.116059002
14202408.77420104 -778263.099597979 3445224.483966273 5231892.733764543 -656700.0230820073 14640506.779675124
14382982.961931664 -767985.7839678676 3464891.5907993456 5256415.317891134 -687641.2550301607 14517708.010292433
14553288.283861252 -712428.7572641585 3532044.899766915 5363047.722034843 -623237.3815897354 15002677.954593511
14610855.955984538 -701688.9916890278 3510169.802698678 5332730.896510871 -581762.2408985109 14820025.955030544
14581892.916692657 -735725.9668572333 3459522.0727873505 5249891.188665969 -643140.8654843988 14306444.941047715
14717323.41627399 -723424.043137641 3478022.934190002 5278528.410098025 -681751.2710125664 14336739.923115226
15002658.119106116 -660782.7102391103 3545966.7681475584 5376417.98747025 -587608.5791634358 14514432.40377721
15073830.094693774 -750611.076343729 3503217.858296716 5334003.532566262 -659654.1119343534 14535447.321855335
14924614.921317825 -683037.6929205878 3489946.0957815414 5288319.604623179 -631636.6162561688 14062962.67962168
15006478.671746247 -748708.555031545 3474441.2042689915 5273231.033261976 -677488.8942663631 14020435.080989832
15114143.521370508 -642875.0444174438 3524699.7110847146 5344247.12010984 -611278.7322682225 14227404.864443615
15208225.202639062 -645454.9164607406 3537183.431418765 5362813.1214928 -607527.8142558046 14230001.335995454
15020271.714245489 -639004.2424480113 3466686.176647952 5254714.708965999 -634732.227765346 13806926.17502243
15374938.741098985 -613030.9628382947 3519407.1430882984 5336048.923529861 -638470.7663336305 13919082.172753442
15397885.84594419 -568870.7541872537 3543929.8958600773 5375705.53658388 -591443.4646218744 14149766.825469503
15457148.639214808 -542559.0033769269 3540902.327679372 5374906.611170161 -559335.8649851931 14141132.03374495
15389102.350683909 -557916.3636210911 3525755.5270072217 5345859.651901252 -575182.6106405127 13961468.68064764
15476111.135745455 -581816.5620468862 3551295.9457095163 5379178.210701597 -599384.1835509439 13978941.87630211
15309805.608887602 -458953.0952478095 3540673.1779512875 5359095.483816357 -457680.6425262339 13977293.791978529
15258118.821280101 -468748.10078485764 3537073.196100112 5352419.5685787555 -498419.0012444212 13974661.9026809
15228380.735740697 -505126.42817379656 3478504.928350044 5271985.397762226 -508231.7743541986 13684218.364090556
15187122.818022586 -490100.03369572404 3478141.844653853 5269513.769126401 -514733.91426015063 13684031.56046131
15222961.223641712 -222478.17254426057 3622368.579553967 5466870.598350544 -3917.0586286607318 14422341.69346299
13972158.29312545 -80529.52212548144 3422762.9406286795 5172209.26174619 67806.56440133596 14171242.101333754
15286207.965924358 -331772.2797800906 3618364.5496906126 5467431.61695388 -282180.13157348236 14458404.105988154
14325344.341413308 -585508.4762931634 3433818.0785290627 5207673.11763522 -464856.3359481629 14284120.002633218
14404879.238151321 -795368.2888220344 3452404.6903837454 5252869.2049774015 -652350.5178138062 14699601.252853017
14424970.476418441 -837031.1631614557 3438076.334760286 5233876.195517553 -669576.3176919764 14614873.689843182
14357920.953463562 -814479.1439465582 3431388.561110239 5219049.8659031065 -693321.3397092165 14532527.613770356
14361644.379922323 -805987.6210172343 3432042.6356211393 5219313.154943249 -685666.4167805886 14519680.350360153
14309355.678675447 -835332.4082969964 3454654.8552614045 5256107.056627346 -651863.5880386231 14810378.051950203
14495709.856290149 -770625.1194478525 3482019.6567140114 5291906.940133398 -647985.0005483571 14737996.072183708
14019248.79241966 -826570.1874626083 3417178.0388415214 5188205.985793643 -705563.4799983614 14566953.601032384
14229689.116888888 -771945.0030382401 3458813.9606516925 5248974.112047005 -644255.8290024096 14655885.597623074
14408736.226096027 -714531.6605976741 3504302.2366716038 5310764.821976138 -617475.0115158756 14711910.605474582
14745888.594770502 -670571.6584267137 3541373.460576894 5370900.490465382 -600101.0355054282 14761904.637713226
14567024.108743707 -702483.5081435271 3496793.1917226017 5303928.35104365 -632672.0472922574 14582092.24372978
14868948.014166003 -616051.7524496253 3529816.017220046 5354086.041928104 -590327.9071111932 14556820.029793458
14855016.178363796 -619953.659513038 3530921.8614499215 5355866.463310952 -606260.8852246582 14582031.663151631
15021656.432749776 -627480.8243442663 3542802.511977253 5375897.11691618 -594426.701386449 14554630.276639601
14861928.119850561 -615324.6727201894 3505570.5838739825 5317205.470228738 -610243.6477960508 14359627.95745393
14840431.937673245 -674060.2636483639 3514820.5230920166 5323045.417502626 -623447.4585502618 14294424.512383087
14946338.833011575 -608643.2111643956 3516062.253401689 5335616.473153331 -605288.1562504141 14412620.629770653
15231204.92504795 -612623.8375731301 3546834.222258575 5384407.346160078 -598508.1282863147 14426588.734287653
15048189.162356466 -643780.9616714142 3475349.9194085943 5274375.915080507 -686707.0401445922 13981630.504715636
15195524.472229112 -613338.9188809505 3524281.926592136 5342131.349452514 -636299.8722922102 14112899.748002352
15239469.148276398 -595177.3465901286 3519481.771128219 5334177.62842469 -622018.8189353256 14015484.022848243
15505422.311747128 -582327.1704646086 3552947.9973263587 5393535.719976054 -608695.6497807102 14200435.757265596
15132700.472075889 -584471.4692329029 3502385.443259817 5306251.411571543 -608826.6181660343 13939847.529171666
15429310.59187615 -551859.0523679681 3537632.439497033 5362973.51057788 -578138.142394503 14002245.522005435
15513587.65759715 -473529.4497919891 3532405.220875899 5357404.384929601 -501749.67348487943 13921584.77984522
15521205.236510238 -482258.91534089815 3548914.961691883 5380274.071992251 -527777.1752508587 14008146.619797949
15372648.705233498 -478159.37948517833 3504470.498719411 5305920.004798952 -518991.8678625199 13647399.972132694
15384335.134334201 -477945.9376521059 3514748.2704702457 5324364.31594515 -533458.6510842819 13778488.782174973
15330608.990570005 -355916.9249256303 3540495.9176392006 5346244.006587215 -310545.67394853476 13703360.755866388
15296180.309935668 -383599.21464888327 3530454.3225333043 5331562.0893246215 -345093.6424166314 13665066.157795047
15296753.376500657 -373702.9793622109 3515917.244636736 5312195.918406452 -332484.2886532531 13596985.351162586
15268946.326568985 -379120.61260321864 3509318.475092688 5301266.936053056 -336002.9197497098 13551385.634307759
15425880.776205892 -246232.94628236702 3619178.6405399204 5450997.153173063 -128534.13761874844 13972131.992635693
15142279.137527213 -231692.51312723345 3540603.637867991 5338859.43350342 -81650.21722851951 13741629.2516527
15337704.009925177 -249103.35927178522 3586472.8884139354 5399669.557677313 -157924.50819028486 13753283.425106574
15119252.242400015 -279540.78359759983 3556399.71563938 5350669.07325494 -150006.57588658022 13653335.294245847
15089353.700716667 -106851.57406399287 3604656.6722751725 5455342.762714457 134394.6913373638 14715054.42361713
13743733.909088118 65654.85022857515 3344154.251741561 5081403.282687916 238784.4176561294 14312937.685428469
15248558.676725363 -257309.5460192576 3666152.4796529543 5525243.72679267 -63445.24413785571 14600961.193949345
13727457.121447861 -436731.7586906821 3384148.9170885715 5123809.5403546095 -257796.91375478654 14297457.409177689
14291545.950551314 -830722.8427204357 3412183.423803802 5185971.715464215 -699933.0279766446 14359852.631569281
14405179.117864227 -801894.3092146139 3444136.1382171568 5232153.555296179 -680647.2356372334 14466896.508225875
14159927.005719258 -843750.4165673873 3385810.4527008184 5147203.233015595 -709986.2713549784 14296307.211161103
14060415.051428217 -831255.6027196633 3388786.916877138 5148246.401313382 -696948.9368355614 14351200.417493941
14268970.95871072 -746274.6779040508 3466104.195538654 5253614.41347013 -681329.4530557077 14549024.577760909
14730561.734962478 -646327.002191374 3519809.131500132 5336685.161352324 -603977.347801898 14567340.17456251
14480781.880292805 -688265.6080006835 3464035.7377161207 5255956.068098588 -621964.2394663552 14429552.83778413
14604285.222119361 -650309.1280172517 3489244.481736241 5295076.339158916 -619309.8581018454 14533862.494372604
14817853.783711575 -608754.8006395563 3509931.8504743637 5329793.735516043 -589605.9681930514 14559519.810590673
14887719.177035928 -609416.9841271944 3518690.178884924 5336794.803449582 -595751.834186601 14436992.485683465
14744409.19145304 -612950.1253614052 3475514.2580798273 5269314.129760764 -615571.9556613303 14180559.31445244
14929168.937536925 -576399.4547081763 3501788.1466567856 5309926.958979002 -600654.9729857539 14230030.545277335
15073903.974106142 -588655.6552282217 3515569.248819791 5329078.404054635 -636875.3609763067 14165140.163513897
15190398.643789994 -589654.6151537349 3534076.8380285962 5356799.734569538 -621099.3611084109 14195905.122811425
15036333.588813554 -554935.2377789099 3506978.5052992404 5311089.840566273 -587640.0146071564 14031935.61315383
15109124.546164123 -631793.7421303485 3514326.851956985 5322221.853489607 -643929.2809572896 14020121.218826873
15261118.535471926 -506727.70679484546 3534629.3693073355 5356197.832421277 -543379.7525157286 14100991.579714496
15306967.609638233 -539215.2951199248 3531338.0103767384 5356660.347021737 -561064.2250267556 14136802.671859974
15192491.749765508 -479096.4147476357 3486583.666203877 5286328.948729138 -514528.0158195507 13829246.165020285
15279445.4436725 -480793.9617288336 3508250.172829275 5317602.954804457 -515316.1451153297 13891109.436891953
15253859.32653897 -467850.5327504619 3481479.894919049 5274082.6016329145 -439891.75178294216 13635234.672086544
15365770.572362699 -462574.5383380361 3507500.585754616 5314486.8593394365 -470811.1596606495 13758953.398173986
15201941.867692478 -473157.64509002876 3457460.382542504 5236213.872573365 -446943.7193746352 13458206.839661155
15348372.314454729 -446910.30723709025 3484034.4014336974 5279186.63587304 -432684.22523246775 13586603.244062627
15204419.458978064 -394483.7504784427 3509391.101260932 5300355.599100386 -345299.9184843118 13596088.060328322
15343230.260279851 -385924.76103160135 3529614.8772455966 5329995.6410888815 -327045.4439747105 13605155.051346242
15319689.981801178 -357020.8564919658 3531436.0651784022 5330268.679206154 -324984.732356731 13594089.929284805
15382463.85992744 -362191.5863818765 3525636.2581616757 5327175.932109434 -321138.89439148427 13597056.87370949
15427160.360403368 -294312.17052098986 3588376.334832258 5397876.8796670735 -179612.58166766196 13586097.68826164
15154373.03760393 -268917.32475107233 3530519.303402272 5311654.653260787 -177029.75465192454 13407295.16138599
15446805.201978957 -304614.2613357087 3565133.5322347996 5368809.521881923 -181188.6205047586 13496447.351048458
15260217.749599505 -263334.4601746896 3536508.322185558 5324394.162749245 -157584.41957298756 13424482.224892681
15342987.28371588 -132977.72862867583 3571677.911603245 5398839.188668192 81595.42114285867 14056882.26566776
14945735.688101145 -135553.59464313058 3475663.016885682 5263510.144477478 96845.85949443936 13859880.465176929
15415732.739898093 -241429.8366056685 3619055.858986958 5451221.728615729 -101564.00106733 13989472.79781337
15146590.8746271 -224198.19956634063 3542802.783591512 5346474.126669906 -59834.64359403338 13841230.19622237
15068264.672599742 -141647.7158866506 3589263.642165581 5435938.606904126 115768.14355050666 14686706.9723763
14437837.758842407 15506.768599022538 3402837.909679041 5183988.964986684 211409.27043722954 14379507.125837421
15208181.432423145 -236042.16551726725 3660691.6635671128 5520960.727367384 -40361.766789933936 14675816.403628184
14927396.136767415 -253254.8428449542 3533830.563911357 5351063.578086178 -99327.23479463966 14349602.926573262
13974251.86511844 -826665.9789629221 3378685.83173536 5127523.899710853 -675377.3690798156 14245137.291110683
14069618.693909192 -814132.5561666959 3390013.196561743 5138260.283410841 -716003.2703567367 14115296.183326019
13925176.233203012 -839656.9517732392 3340794.6067231265 5073776.16256133 -724118.4454942883 14052865.208249403
13967309.584650492 -821518.4869720603 3352933.8138233228 5084110.024918996 -742685.9282139855 13950346.660145784
14696054.68606734 -634024.8893944422 3493765.440415042 5294907.752116363 -592545.9579686486 14339260.265536645
14796747.76378071 -615072.1499954257 3498028.607980788 5310450.371953739 -594071.3641186398 14455629.87354308
14571035.527904693 -672165.0105857847 3440884.430564316 5220144.222499421 -636111.2619493469 14132391.03953628
14737605.849199247 -612350.1640525949 3478763.5673510223 5274547.07520217 -614496.9174577745 14220536.771426516
14960278.616474317 -610943.417839322 3470304.9460933846 5267891.60042083 -644877.1547360825 14050844.079226775
14953619.3893253 -565177.2288867056 3491924.298124397 5293126.225964265 -595278.4521572358 14086570.06932284
14928557.558098698 -552875.1439401755 3472055.408723612 5263425.379046579 -558705.9996040461 13954730.5168917
14972607.21172988 -552383.3265160762 3495862.0835317657 5295604.803215312 -590639.9642894638 14030522.501624662
15207190.87142306 -498834.2075387225 3506764.689798757 5317246.035450187 -512581.54507247097 13988906.302172355
15292915.920925833 -483291.476752338 3533288.306041408 5350540.143660959 -503377.04291954805 13985543.877999067
15118554.64552123 -499228.49737273616 3473178.5068133264 5263444.572328266 -518932.5113515434 13740409.32248492
15217497.768730482 -490856.9116798263 3509226.0041982606 5317287.047681263 -522970.0634645829 13925270.784984292
15224275.693907863 -452936.0305757163 3485247.319820923 5273445.896949479 -429832.3299884639 13569200.956210531
15285460.80435875 -449951.4289188061 3502395.0189582803 5300428.8580978215 -422404.68719824497 13670425.69141212
15182755.762189925 -432412.8973294695 3472636.6435906873 5254171.1719373865 -387766.3001289242 13502661.254470117
15259210.501599682 -468324.3510166746 3483144.2229663385 5273194.346728555 -435359.8511772774 13575503.253564488
15213059.317305163 -397814.0101771637 3505617.202570497 5292511.009133998 -354806.0197040844 13513582.203286555
15211204.79815325 -392633.37109864445 3509842.162206696 5298382.812787303 -343948.6243068896 13539923.688046923
15252025.86030757 -366749.0314329139 3531546.1009185775 5325727.5155752655 -321632.9197260683 13568510.034324989
15205038.694767395 -395647.4185935541 3509199.4297226206 5297623.1870831605 -347062.18163845607 13545037.398015803
15387846.954817519 -304615.8349834125 3576952.90888984 5374403.120406745 -177322.2709792248 13407251.300934535
15372599.617817013 -313612.88175166835 3552759.4092688146 5347337.014578871 -179507.84743982166 13413433.505095448
15356297.427410698 -306448.1516312357 3558778.8558750856 5353651.751218849 -171720.8683203738 13423602.604389654
15413665.623910818 -306791.0114032258 3561446.2895122166 5359455.012918761 -168499.86634210183 13423616.08955573
15321694.016610216 -182896.70408930167 3574314.2007880127 5380650.017647237 -35585.19598345921 13656393.72551254
15215801.381641561 -192067.51760343942 3530993.425353736 5316580.65217087 -55686.72753324092 13433956.077530934
15383657.01747395 -201999.97938720087 3602087.670804983 5420409.8844604725 -80104.27451945798 13778611.727433532
15187437.179846657 -224943.4267249311 3521594.431370086 5305305.986596281 -120496.47002128046 13443604.841472361
15317154.649737617 -115793.9712577343 3584751.614898038 5424586.6274442505 124439.40075283601 14310042.186914044
14912258.727639904 -100613.86941721657 3489958.432692574 5278617.121564393 96520.53320162656 13880997.778345112
15318805.122083358 -203215.60141931113 3585622.3041810878 5419180.152126425 -17732.245037132197 14181107.093402771
15074406.57472249 -199441.30469071263 3551047.55267909 5361273.180160261 -17669.26917858987 14028010.611045249
15113680.652357921 -168686.76905675637 3586570.108347642 5429948.237566451 64156.88777171072 14580741.25165453
14932905.667582046 -78094.42398533745 3522245.2889524526 5341899.622518657 108756.97770291935 14415690.037038539
15202491.388543509 -239335.4549540908 3661375.241427865 5524427.735597368 -49340.96646015205 14735807.89337543
15106525.076192264 -215230.77910071387 3597492.357935932 5431197.696880072 -46576.10742572428 14372596.886458455
14054707.355603974 -774900.7267344259 3383002.1429138957 5123000.515046731 -681845.6985646681 13979255.432757542
14351797.258607702 -780642.1050389335 3382835.754154445 5132743.25411872 -736421.4222806103 13880680.89951595
14041002.924070757 -786604.1278397032 3374489.4306989373 5111291.081586938 -665412.889105314 13946050.836102495
14371486.830566078 -713623.7687824102 3394140.8992180116 5145568.302201732 -678999.3834486539 13868779.062023614
14712908.608042514 -609562.8698351169 3477764.879012625 5269168.802805194 -605849.5335766883 14159639.684778789
15012171.296641426 -550025.6185063968 3496809.813902567 5306789.849477507 -617042.3277096964 14193809.284236506
14730868.784087535 -596891.6452037531 3464842.184073712 5253821.551469325 -612935.7165414204 14119033.788290525
14937945.052245846 -559719.7667220719 3483198.384063844 5279321.911444773 -597903.9484971085 14018128.268928641
15088434.704972355 -500136.0765235803 3492714.4110852694 5293047.573131017 -529630.6123059604 13932799.226304254
15163877.967867978 -481251.7124365181 3511036.7921468862 5320724.052241427 -523770.75800567743 14007793.28414829
15025381.502334956 -498195.1171326647 3484594.2691180175 5276909.714416112 -515437.98432997346 13851738.476910256
15130838.893009037 -478434.37671188754 3489041.151803462 5287774.927979632 -510386.4871517192 13865754.040756559
15123254.82332095 -449781.3776042931 3455563.887897118 5232752.03105308 -417131.57347501616 13509380.053620793
15166663.932267264 -435994.1570077956 3479621.919760695 5264810.254015195 -425080.10510762903 13577858.68978369
15078954.825866694 -430560.6082030389 3444176.719089684 5216672.020300549 -399662.28871291014 13482597.548633363
15147292.117156196 -404870.79727012914 3475385.6187791904 5257216.351108683 -371602.89314579417 13538551.061319435
15138355.305686638 -401630.3790850664 3475302.4296788056 5255105.671057497 -345952.4433083024 13507104.4350394
15187316.265491096 -410966.7937124365 3477927.375498547 5258487.180212903 -342046.9025009639 13468024.867322888
15207175.243515968 -374392.4660724385 3480800.9593879213 5260918.164308792 -308879.10411216354 13433566.69949455
15219866.355974726 -386224.67242324486 3499518.621750091 5284599.177355595 -322597.1297184418 13482707.299836999
15323903.099708334 -327399.01336935547 3521246.69549706 5308409.797038642 -197496.04572234675 13376865.351513606
15394505.161788596 -316664.063854082 3531291.7936960803 5323603.887945839 -187688.51119291026 13389152.9625158
15326755.184834242 -324988.8447228028 3525226.2814892894 5313982.779584202 -188873.40860217987 13397922.010799542
15323340.922897702 -328411.3306103169 3521333.9282799275 5308550.69934694 -198433.97317544022 13378326.461991863
15237873.20454821 -220951.35105451636 3548357.6077926555 5337606.533278757 -109284.87095688951 13450389.903687153
15161537.26522897 -216751.95297483748 3528656.9261503913 5310382.300835498 -88443.76764985117 13415656.178865008
15222569.23271291 -277127.3417245755 3574258.422379321 5369609.881457619 -184557.16822082244 13535942.904092995
15189848.72924622 -224121.8923349517 3536422.1769891367 5319719.214887066 -135028.26063852318 13403247.486624373
15302708.949088382 -141705.7789845322 3532849.5129046342 5325430.746449986 6086.599335970372 13483216.488531603
15183191.136297708 -157716.31693440716 3501372.5831555855 5283280.742197632 9435.033578388682 13452226.625873346
15291763.396414684 -209576.85513001244 3562266.3531174744 5368221.047629832 -65155.27190590977 13702797.61860598
15266416.670082768 -200211.73198640975 3542482.805695602 5339811.882966809 -81741.36213997769 13595199.064828238
15214391.916850576 -122629.50254397998 3562899.7429420655 5399283.534531973 87923.81234107741 14387484.206257911
14952207.448573835 -146045.17969685368 3495564.4334806367 5290082.481572177 67583.00132339275 13947024.29443448
15137636.262660882 -220774.46696315127 3562863.145662387 5382777.737721709 -18582.772084198143 14134929.114362584
15008314.38263077 -175406.10562149022 3525102.7873663804 5330085.8132969905 25583.928876407597 14041140.331461558
15108193.435520729 -171720.79672845616 3591181.8514263495 5435094.695052724 42142.79376611835 14587699.52357762
15108461.400372962 -153474.26677220743 3584061.79291296 5422858.958189323 75824.53405877692 14499357.826550784
15175624.638056997 -258834.20266242663 3640287.836499879 5488277.022565931 -99888.11961528451 14503583.284591407
15130558.43444624 -234697.7663685057 3605886.542244404 5444518.049978806 -55926.20875312273 14430298.49902509
14199491.127200224 -793939.7732202567 3358888.635345751 5095635.997137302 -714721.0644995178 13817678.310152503
14563076.527494583 -692707.911103432 3439066.32712979 5210923.438624809 -650275.4760606772 13995932.563509079
14368284.499686174 -748076.1929665458 3383488.278520918 5134923.792505523 -690044.2682363687 13893448.830887483
14442468.560296308 -678708.6419550113 3402587.154415304 5160035.247833982 -641819.3590268146 13901318.57997215
14979119.496256443 -555701.4880114292 3490105.508421785 5290730.028657977 -556585.2515081374 14053159.442966707
15004185.118634433 -559928.7455260968 3496328.272598743 5298216.0113631375 -553425.2264893765 14040912.665970974
14970919.68518698 -556527.5995410229 3486961.681592483 5291322.638146215 -559234.1946474361 14142375.669715669
15100721.475059241 -501181.99542065256 3497765.1984784924 5303949.764521053 -528874.7974640502 14027438.947515855
15078793.026679939 -469450.9768030769 3475563.1179244868 5261155.725604047 -471628.1956588525 13681932.57862359
15084253.308418531 -440111.21374008985 3480211.7971047424 5266177.767639866 -428131.24396689865 13674642.236451048
15042449.840855787 -431967.8007379403 3457732.552698249 5235182.169215124 -432535.3624586981 13591077.092536205
15080324.217928283 -422059.66168801003 3473727.92098954 5257110.6542112855 -417224.07150464325 13639874.35060257
15065844.319600904 -355522.71536082047 3478954.4108076533 5256315.347556143 -327662.42477105174 13523465.356189448
15058927.050001211 -354923.27212220966 3479449.0204271316 5256971.979354304 -327359.8023222102 13532633.881919535
15064169.94372473 -359726.6308766633 3479117.060019922 5256468.581737501 -331788.47387444077 13524626.147813534
15057210.540075509 -359124.9249895548 3479611.0380232874 5257121.834274758 -331452.7456935342 13533783.10869882
14986545.980901323 -317131.9795011191 3492533.671932205 5262805.756324253 -221801.93052899875 13433828.14861156
15047231.045825804 -302036.7662899751 3496637.8442755565 5270673.489022686 -219637.46824979194 13440205.973965522
14998983.117271226 -329645.6464483374 3501235.071912444 5273724.455815377 -235455.435275662 13448334.216894854
15117584.482876644 -278661.5531449245 3531550.2302665915 5316689.418328887 -194591.44767719094 13522098.630010476
15126154.692087907 -287425.5906153578 3532896.097893534 5312751.37807667 -177574.80690794412 13405158.510728851
15143230.526548816 -276041.1582460655 3542517.7996691917 5324802.386919131 -167466.57407373816 13417425.426084807
15223738.857906274 -262147.97456718655 3565094.734016743 5358211.349496244 -167618.6388500478 13508403.78440679
15223107.128586674 -269562.9740377799 3555552.9424913223 5344847.463304486 -171578.77527135712 13451677.209640583
15252728.482396515 -215764.7892052781 3536771.706161314 5333091.723147853 -75375.46625373438 13600128.262211384
15147055.776544822 -206417.74362532436 3521211.8393457923 5305244.512308551 -63922.96771373472 13491173.795016399
15280108.57772089 -209901.38363658584 3568858.2423803294 5371890.404221051 -85427.884672631 13642817.996848881
15248526.780426668 -225118.3896927861 3540764.5073276837 5333407.706101785 -118658.77579578599 13522807.992569443
15274919.147657894 -156070.44442214712 3528615.032429407 5327469.991339238 14526.883739816174 13644949.787085712
15118695.135638474 -152801.47927186944 3513145.6561967973 5306673.981280259 56413.296272488784 13725579.776869314
15276459.841727272 -194293.28085281825 3572245.2905823216 5384475.074580506 -45327.341243993505 13823645.100919856
15189848.918900363 -186983.36163252557 3541834.3397470308 5346107.721150979 -11244.216769759036 13811949.82465454
15048477.4709195 -131836.25371183737 3539825.935014127 5357002.8796188785 106387.31821834472 14215409.366954792
14952750.944277158 -145163.8653385975 3491736.707625601 5284208.721195786 59038.67439108969 13913215.670371441
15152273.162967924 -209037.66329697153 3563938.547502979 5384398.178639914 3551.9969714049835 14129042.209278036
15028266.485335082 -194209.79477022716 3540702.6120841606 5349613.807650751 5454.228905842719 14068552.009208493
15105178.308698948 -189267.70532453258 3591633.6764305164 5424670.336177454 -979.1928165437153 14372287.37951611
15141116.923182974 -210186.1031388553 3611303.48973398 5454818.601783164 -33110.67674762766 14506578.105393762
15099977.220210573 -194177.63489899106 3582226.81952883 5407006.269313569 -12054.645839446595 14231158.000594398
15102373.855002765 -221029.78883020405 3585642.260813066 5413991.54600287 -47518.37876742274 14293327.133307662
14320138.615766015 -732594.0727596796 3371394.404075687 5122742.222047643 -657338.3493361342 13964028.613352492
14460647.59150718 -682780.2662560355 3428772.777799766 5197588.648613768 -668764.6682237478 14058123.84576855
14412095.329890406 -749857.125823038 3398921.458145868 5165579.1295512365 -668445.1351392306 14123214.77116396
14611112.43050092 -654393.3401057355 3443539.5337855667 5224513.523177247 -619262.3182823574 14121287.871341165
15047291.530814206 -510764.4641972494 3495550.4089412303 5301390.510138523 -527808.9038270689 14078409.192007305
15063305.595583906 -489222.45167340373 3485643.0747961407 5283665.428954868 -489981.1725740997 13925854.861759404
15044480.645467259 -471726.2209696364 3464671.3394227917 5258128.382098717 -458216.0279084718 13895317.022287833
15091300.444197426 -476292.2755601797 3494050.76238656 5296446.091179885 -472218.43874551484 13968504.200537262
15035602.38906565 -403011.9696002109 3459066.9703779384 5234798.136609083 -387887.1632138969 13560886.703648841
15097854.754267305 -381610.4843735999 3488656.195107715 5273299.867934149 -360336.57699856005 13617706.087343555
15006791.53075459 -386497.41575302504 3463895.8946517636 5239237.725819568 -339033.0711525545 13572253.03376716
15119784.30935719 -369565.24845236744 3514082.05543101 5311100.302939261 -313198.4534925672 13792416.304933848
14999130.469986623 -360984.3731970401 3467495.887553193 5239377.539487664 -283674.0713248181 13503510.56793355
15014623.185223714 -340546.0596373996 3484536.8736544354 5256949.893125562 -250381.72075848846 13464563.223441988
15031255.832733097 -340271.10504996 3484258.2210042714 5256847.581145936 -254783.89609772805 13452014.69831205
15058201.68180789 -327568.6443525283 3515591.5686458624 5297275.926016087 -230228.72227285148 13544302.102719061
15077890.647858921 -304328.8490962392 3532356.4990480393 5311564.054592528 -188562.34131111248 13441547.26297617
15095598.990925822 -284777.4154524042 3553163.9512413093 5338145.78580805 -156692.5647984125 13497709.593536649
15101750.250979967 -285592.47198282555 3553376.7963109203 5341565.867337338 -161310.14980280038 13555277.39354463
15101627.230464311 -283723.66729834146 3557607.0289962767 5347439.79497259 -153342.9571655933 13579813.849168042
15183578.467569208 -235788.39665507415 3523014.1177837355 5306052.432093584 -144411.36499691106 13431159.368782734
15180452.896666268 -229245.7189725047 3518700.44032615 5301395.676025476 -121075.23233529575 13436050.732137635
15281672.398002313 -238330.48664922194 3566448.2861143225 5368582.642128878 -137715.9845524864 13628117.959846536
15282595.597286357 -239977.70636425578 3566303.011066578 5368416.1171618095 -139341.22260430316 13627060.318383973
15234720.44353342 -196945.11299189154 3551988.63744613 5352002.103905734 -50917.57832896815 13661571.42414748
15233835.797889274 -204991.62470406055 3544013.074711581 5340598.423869307 -69609.55023953157 13609844.808895612
15244507.971618783 -213727.17525174064 3550285.633121588 5348250.566538595 -92099.43845553855 13614219.265153266
15248506.318008017 -214965.41687057939 3549982.6504227673 5350360.960714912 -91184.26922145553 13659094.392115468
15236131.96668124 -169169.7239155621 3545842.398976679 5354187.713299256 8188.504254101113 13839089.312925102
15162803.84836899 -149218.55203348736 3515611.447728027 5312620.739796051 55725.71797411328 13746158.884562433
15267167.34415329 -188515.43507251746 3563357.9930520724 5378362.883581679 -1571.7788076428747 13906214.309941873
15184619.650852835 -182506.90658223027 3531238.7556331553 5335560.978113363 -13572.777506261995 13839347.095562309
15060439.527606456 -169349.19402512332 3543093.635581359 5359906.763197836 41018.663823948336 14189635.577410815
14980116.345843233 -151996.02680729792 3496209.585270453 5290680.155631554 58303.65878031146 13916875.691132808
15129301.375012923 -207692.4508494708 3556704.903705701 5372035.201225413 -3778.232029085555 14063894.598007271
15091900.14109637 -209913.382318759 3560206.376074374 5374763.682363838 6284.3961614027185 14078833.057886172
15107675.655780446 -220817.21588492926 3590515.072049446 5419518.647638505 -31352.570591032778 14291365.579269825
15075988.847679172 -210902.86687463554 3572498.7677949998 5394705.80816949 -24839.913760561558 14223154.252021762
15109126.593570348 -233150.69789358228 3576685.6846697167 5397848.236539643 -41680.89361127146 14160752.938987594
15121147.494805109 -218442.10024649047 3574690.569934345 5394631.438074245 -32217.344904198937 14128288.533528863
14340266.307099266 -777127.4867984809 3374734.023185052 5138061.378498098 -644396.9954185804 14176812.38214339
14628257.600042256 -652507.2497756022 3420779.009620162 5202220.97648801 -587832.1697213667 14159023.329081476
14354251.80527191 -726026.2275504936 3406651.549057999 5180159.59830095 -579321.3172180809 14302605.726057617
14778630.968873978 -608800.1298179817 3484052.7883516364 5287633.550995545 -511963.38073268725 14324878.355230326
15057938.614950836 -485999.50386621355 3476967.6356865033 5275483.567461748 -481392.3250790572 13958444.21942117
15067417.655102713 -449319.1226143732 3485633.2126012146 5282666.552999368 -409350.1066805512 13901982.301976463
14991343.89775651 -436736.7454772362 3482240.1232666085 5275926.800236328 -381463.4924133422 13917908.846760903
15069801.002894197 -430265.4904355686 3482973.7927019903 5282272.763572141 -371650.8802475023 13950230.468936497
15043747.048904378 -392931.0186537865 3477395.566427721 5259059.250738317 -334017.98921167455 13634735.21598426
15037350.036813876 -380052.20037740294 3496961.669186111 5284820.318195096 -310892.09710730024 13725899.380210714
15063819.310554879 -354415.34209807694 3498881.76688432 5287112.676382054 -277932.36074495915 13703035.10424148
15098510.701210009 -355999.1183858998 3516225.543026476 5313517.791099027 -274801.0931508373 13814882.96800354
15083712.006794026 -314041.33110209723 3522829.2314029853 5305531.643179641 -196097.8834242625 13524677.53796515
15101896.264212636 -291502.77259131114 3546533.3967675557 5335791.035453685 -159995.5885526169 13590189.51002569
15100644.057834217 -288240.698333359 3538143.1865737755 5331915.629364465 -148603.81628968136 13698518.237479214
15174051.177292774 -287413.5363703581 3565054.496710964 5369080.060867634 -160221.80941054333 13776350.937597804
15118307.503816877 -277761.5582913223 3548771.2068269867 5335516.090498993 -147837.9340094133 13519047.545373427
15111494.371886795 -279985.1498577458 3550785.37534488 5340831.999487134 -151431.67218561206 13587867.184948593
15186343.953185368 -273420.6764060706 3569366.0130729293 5370386.18824909 -153490.48161898297 13695327.33131655
15185325.413499352 -272534.71648358944 3572311.17342189 5378108.63113809 -139687.64362048084 13786001.227010515
15237694.963490238 -249155.95680515032 3556151.436164227 5354128.199053884 -112087.30011757581 13609537.25608274
15219893.479706928 -227086.1268481855 3545917.280387309 5340205.267554032 -100747.55940423395 13574031.51422449
15227221.014805894 -246467.4320263539 3559624.5744654043 5360948.83625101 -119945.93964245678 13680014.926640403
15224231.02452824 -239252.45249854887 3555967.4250118556 5356709.493566742 -99323.59416805432 13678675.328883225
15253860.326815091 -229500.65434099478 3549196.357549074 5351597.211825721 -90734.2583213834 13695763.87041757
15181577.1266085 -223089.16471969133 3537534.020430975 5334174.729233273 -82079.16623032083 13676168.81192286
15287402.914214294 -225033.37464736303 3555892.599407149 5364591.439813223 -81503.92659801844 13774788.544668838
15233254.078561835 -230973.34589515263 3564225.855601419 5374299.340929235 -58151.53043592211 13839763.72816228
15179706.943455828 -183727.87134878873 3543622.7260542936 5353293.507804366 3766.0190596260163 13926463.06214182
15065389.809396453 -179246.8382232544 3512844.6373315346 5309182.665579732 7633.414836997951 13835681.285548998
15233149.833931234 -224741.18006837327 3553556.8439148604 5366486.631146551 -44046.068856647275 13918332.055787608
15158575.56655412 -225806.58722708852 3561973.635781697 5373893.226078016 -61404.746424536155 13955868.78887114
15128432.892254937 -209050.72723136455 3556750.6351103405 5374027.947720097 -6339.930559566771 14103611.925361728
15073869.312406743 -219642.64550030365 3554449.2204547646 5368475.394604781 -7560.987365703589 14097755.537328843
15148855.514801683 -209290.29650073146 3560436.471216254 5377277.881765878 -1716.4903783816753 14067099.586693376
15116060.189633358 -208691.59240511106 3555933.6215149383 5370316.1417653365 -2304.3260996095564 14059722.781062605
15113145.193618432 -225533.72170641142 3561495.949762846 5379574.590830043 -16302.604809747021 14125435.589121593
15115517.57736809 -223129.54431188383 3560011.8791256733 5376684.739288484 -9186.866251102212 14097915.712677324
15185531.500017814 -218797.47791073172 3569232.1252184347 5390892.98471185 -9358.535199260525 14109221.287384458
15133003.10525764 -231510.30834223225 3564724.5619438733 5383004.898094151 -11369.419165907002 14103154.32084094
14428323.419474568 -681489.8528470484 3425920.6084282566 5207034.300444343 -561484.2871081575 14342108.810895877
14731543.975973938 -568789.5384540937 3476622.8106351066 5282442.877767093 -496329.0131778055 14431611.324176397
14591694.509086946 -560084.0908212418 3489713.7125256825 5295076.698884013 -447146.61108655605 14536137.412436683
14978087.171806907 -525399.802657332 3515905.3908061665 5343321.287367193 -449480.421472017 14538419.531378893
15062021.215882473 -433587.2375671911 3512696.119086582 5321786.4707715735 -395887.2362243631 14094393.124903593
15115797.959705085 -397990.4591474383 3515732.5334000904 5322712.297593986 -339606.21682765323 13992331.92802178
15114917.366827592 -408127.1158381476 3536763.464954117 5353521.510778121 -337387.63856121537 14146716.235857373
15096590.208453868 -386016.21085816715 3545488.761906803 5364064.231225629 -315932.66169990116 14183941.376837848
15047686.201720541 -368576.68131407513 3496243.5595118157 5278532.266102828 -276864.39680422685 13605600.543227589
15134312.379152514 -359613.12043846364 3512854.9904480567 5302523.10665608 -266941.24824053916 13633339.744473634
15108711.380591022 -352064.16507091327 3502208.4607859007 5293687.97910149 -252560.85267638305 13716461.839393184
15158303.33706452 -300079.0771056671 3548976.063609824 5356848.4720144505 -167691.5089608873 13901192.516428517
15068302.05067204 -291025.7896041804 3525925.1439843657 5315426.094306547 -158029.96301617075 13669866.481855763
15136934.51055979 -281063.3734824243 3549880.8192675677 5349527.724181907 -151176.92348624024 13756241.789264867
15158976.156910397 -281141.6915864138 3547827.3242587443 5350274.581459824 -152765.2205469873 13794314.167564902
15141910.89736346 -280667.4401858563 3553698.1030259887 5359992.545548221 -133773.3227745985 13876581.60502215
15210597.911084125 -267646.7496653816 3574768.4647119297 5382991.634855564 -134432.4149436349 13804328.382055212
15208509.066432033 -268992.8012291075 3574874.9839492803 5383156.032751658 -135871.28273646385 13807361.761561457
15168384.97814327 -264436.5704543064 3572740.3944284953 5382906.965271185 -125020.14689367931 13889465.483492443
15214560.90317102 -266457.00345818605 3579708.0321615464 5392090.601655595 -122416.23778165919 13873674.256356118
15148020.711223146 -238677.3744008603 3541997.138885833 5342377.747899274 -85657.1211697925 13775597.011695987
15147527.997506725 -239958.1295115917 3542009.694562558 5342407.929330651 -86919.4060475188 13776417.12946425
15152491.04229148 -236475.35334936038 3545138.3054391295 5350198.820771523 -70000.77071357064 13858442.482996117
15152238.02896901 -238351.40792551846 3545889.052566564 5351909.798158118 -74848.41548581643 13876398.609756656
15238979.726392038 -230609.30118647523 3564563.7122145295 5377927.5828314135 -58460.21887153455 13899170.076812044
15162734.145974092 -238158.1722703859 3563929.076792134 5373358.985759649 -60142.53070667488 13898005.673492715
15178494.415535111 -228892.71362965184 3570384.5297659594 5385608.143491755 -52260.427621878145 13985208.62785587
15179327.350391341 -229841.72490280244 3570300.6554612555 5385507.22188217 -53142.354882572334 13984202.471222859
15146458.747877495 -230803.2465554657 3559356.8949928493 5370339.189487438 -62945.97980161289 13954473.169362405
15126268.961095333 -240331.6617738928 3552593.9161064406 5361069.015393939 -73138.4686945118 13938045.020293884
15170256.722056407 -237523.49992978835 3567518.422918314 5381799.675297294 -57138.91542796031 13980331.301120182
15148606.353709659 -249550.1547417034 3557448.445770323 5367638.9334469 -76270.37631862753 13940306.342030227
15136614.68579418 -212036.85894510034 3561075.7455396415 5378533.000738422 5426.14065090947 14090378.753360273
15136388.934940696 -214276.79918241777 3557673.013064153 5373505.846237194 -3034.2797303934435 14064921.534926727
15133347.644742249 -215484.402519954 3555501.460807833 5368275.400075522 -13855.765891456787 14011128.048615715
15134745.776065012 -215144.90452892243 3555422.5793421646 5368161.0667870715 -13442.77785062234 14009178.649400953
15141089.115416726 -210424.25877479484 3557786.6845167005 5375624.237368595 -437.17787673971816 14100088.425459564
15144978.337300079 -213233.91407482626 3561928.8209127896 5380968.948010184 -6609.939290887359 14111966.423255403
15149743.421233002 -205874.27257497024 3558132.5545596085 5371858.112713766 -7783.093997617704 14008502.47537122
15140997.56737179 -216348.39915019795 3544940.4322116976 5354421.020877996 -32302.20080157436 13958733.192351744
14617457.32879727 -536079.0289878157 3496047.5642122645 5303201.184412753 -421146.4645751303 14533519.495470187
14968393.981650174 -495427.2011595085 3535729.543569584 5370674.92154914 -424468.80172172637 14659053.985638967
14719687.24768992 -525757.6552224262 3516498.708294973 5334518.289880017 -425297.4899506597 14607706.576302357
15127633.420990236 -418306.68476135144 3610026.957582028 5468324.208745356 -359324.966902627 14818257.257696556
15096633.958255948 -397746.8435698032 3546407.1932696067 5370809.001420717 -325952.4797605226 14298587.398704866
15099021.167697703 -376127.25377314416 3544834.1433168757 5367493.725287362 -290581.03863820626 14264501.88268309
15123857.822464408 -366390.0408957241 3578348.119545593 5415132.529738229 -259734.09607875487 14455133.819860116
15170880.399789784 -341160.762204552 3617571.1938912813 5470016.9165006885 -260846.19524765114 14642891.413207835
15077976.75219331 -325629.6505681621 3523034.732986405 5319945.413076699 -208071.31051395583 13814167.150546785
15094561.271824492 -302573.19999983226 3543742.1406221115 5347409.508185958 -170548.07920151434 13891301.621027162
15139540.893619914 -292514.260871038 3589193.677568196 5409650.592639071 -142062.32376046036 14091209.844869805
15143296.870502023 -281238.78679515945 3606773.375098739 5435938.775617653 -111372.00709391061 14226464.220798092
15169802.827873603 -281928.7094777322 3549272.480527874 5353856.4751900025 -145808.2622677512 13823331.934707036
15186874.501174174 -271015.50839998585 3556349.032263477 5363055.701783764 -140989.09824131257 13834560.65277272
15189149.913639223 -262607.8672664745 3572429.515202013 5391501.145205629 -100583.81309869487 14047423.492732259
15189968.446741045 -261066.07696060892 3583611.8655087934 5408538.566170657 -83719.34397297371 14141341.663799016
15193366.033181956 -254079.81490032215 3577736.954513226 5388918.681687435 -110587.12413789502 13874794.420025615
15189638.812364276 -282408.87331544206 3569708.6196248373 5378543.587500738 -135306.0332215447 13847643.151094142
15182574.646891734 -262198.60351340007 3576901.938695432 5391083.060602915 -105700.07819331135 13947243.741125323
15208676.54314759 -251525.90533484568 3584008.2013597465 5406744.867651617 -83387.51087938655 14078040.24242945
15147903.637205875 -215629.01885007118 3551979.8322813297 5360341.805694046 -38477.900958497434 13915375.991046503
15148685.282398103 -213409.36791898523 3556074.018866649 5366038.048655618 -30241.897069717274 13938447.100001773
15141666.460622732 -220888.9255915515 3549274.773935548 5357532.408963784 -52553.17831381616 13924936.528222201
15136828.32960286 -217953.87294386004 3545186.2271897667 5352262.506860324 -46267.781569452156 13914324.64229456
15162566.455711387 -226507.57076466444 3552734.395247414 5361613.790366916 -39812.65992518894 13909552.495779466
15155936.85058637 -214898.64816511684 3555340.2360742204 5365449.52395171 -45544.893799787416 13935568.257540377
15158251.31662513 -233260.6582764361 3546536.4694972187 5353814.274512127 -49689.518591818734 13894231.686081259
15160330.834184805 -237739.58274763287 3551299.3063787827 5360529.224038311 -61769.00583948116 13921668.73687958
15169560.577241307 -229154.23060615806 3549261.5792928035 5357523.843585882 -49166.9733746332 13897161.388747735
15159679.708065832 -239023.66865854425 3551295.765172541 5360526.248050909 -62997.638820621665 13922338.251207426
15154775.447810039 -231863.93245763963 3548815.8277696623 5356270.572013256 -49598.5462043918 13896687.619633503
15142337.376027672 -237941.72028015068 3546110.709307113 5352594.507680827 -52067.42617483315 13895117.013247328
15122570.16590527 -225442.02437423516 3542429.0588906268 5350973.084346607 -37925.256890438286 13963452.07867347
15137328.578320628 -223613.43155428086 3541816.558674343 5347459.753631695 -46222.36903686964 13891902.061187312
15167397.83572261 -218083.39222479795 3542939.1009882824 5350222.254787553 -45729.15344229217 13892386.887727782
15157712.792736415 -234028.3637870243 3546635.094302508 5353955.7178956615 -50485.351921568865 13895429.345433012
15143030.429171005 -214617.43156682965 3554695.5958192716 5363927.244371891 -42337.237711421476 13932211.207351755
15181556.35743358 -234932.83677516336 3564988.9616134483 5376703.328213946 -45627.27719667778 13922752.901924191
15165107.187813086 -228949.72621799354 3557616.54780152 5368508.483790897 -49977.66651370208 13937498.27914742
15161414.315337142 -224303.39001310768 3552973.35303759 5361947.8208064735 -37795.587799873436 13912128.177043956
14752492.608406117 -516034.9774819556 3556160.668762902 5386298.865918127 -421639.24757648184 14737949.631422725
15156753.676644603 -404628.61683688284 3616982.5330387745 5477190.701995397 -337973.97357066727 14813444.020279748
14937724.747022392 -436662.29522596375 3551387.3890751163 5391270.283322821 -340396.0355370998 14757157.682258112
15137275.968422698 -384450.36932350177 3625447.2378254766 5490112.90374564 -287809.45578155003 14905142.13403851
15136875.075638916 -378011.08979727456 3587791.5473669143 5428242.445089744 -285825.51841114 14496559.449350186
15159193.947999462 -351066.18242166354 3609736.1135321963 5452244.6592455935 -246741.72177778702 14471504.509852394
15146747.642074328 -348527.5257574897 3608789.445433004 5451463.791564182 -244191.80793714666 14489160.164793164
15214528.962596979 -311085.50333093706 3653047.5706574703 5510717.586098521 -186827.7173349035 14632776.02093566
15165091.74860876 -309782.32449674513 3603444.602955974 5432034.476449401 -172663.14479586753 14199816.319564676
15144236.842090847 -296448.75781128317 3595979.423540849 5423509.101597177 -141646.72099385085 14214397.710122747
15198652.406226289 -280750.7854016954 3626561.809589166 5468378.343934008 -100248.82934992772 14384554.504800418
15191079.691635124 -284196.98202564043 3624277.580424704 5462447.589305122 -115426.13044614755 14323765.187212624
15123745.185534341 -268291.29150215 3568403.7318556984 5383038.157491077 -110770.98288759949 14032135.633799672
15136220.340555195 -257083.39988378683 3578954.0899777217 5397599.013502137 -93137.70826904409 14078769.769922437
15148233.772234716 -270167.2241794839 3591371.5954308254 5413276.633225242 -111908.60731900588 14107123.595568659
15153440.304014575 -257549.90374351037 3607484.5890994803 5436706.082767077 -75686.72242647341 14216020.228677839
15190929.158868585 -260267.73420544932 3578816.32444748 5395983.932662946 -94028.32049907073 13994790.15643502
15188703.438007211 -257985.61071864943 3582749.9430568567 5406690.463286969 -74144.64031876798 14124606.916923823
15150623.391238866 -269632.2961305163 3578359.346777957 5396980.16499905 -88526.63987482809 14065074.088291544
15220934.601781704 -234241.67664629157 3605636.2282872265 5436390.160383725 -40270.191727901896 14182871.428424949
15134099.393142419 -226685.03060683893 3542370.0528113414 5345284.886132972 -59951.57132025557 13839456.991567954
15132782.96618043 -225355.26123303283 3545166.1826671255 5351103.389957626 -48893.339387996 13895628.634623088
15137923.825026663 -223137.8852191601 3548400.048218014 5361126.22363579 -29133.014448855894 14019799.41921387
15143059.413019812 -206852.3482166045 3559289.2668346614 5373578.714993459 954.4875332109971 14024150.846723776
15128085.931491703 -220495.94904146023 3545055.6825769613 5351331.864989984 -34646.022674721324 13907326.16719943
15184205.870540166 -207067.24131275254 3548853.9827198796 5358646.168646661 -31941.632441534937 13913929.70218368
15127127.395259267 -224751.7063887138 3541062.72092196 5345805.530197511 -44913.257528167305 13885603.169532768
15128639.253176183 -221760.25436886778 3547557.8157053837 5358963.244131777 -32701.562782271114 14004353.510091782
15173981.967655752 -230236.75705755726 3553592.8621442774 5363614.375010208 -57172.52349312382 13919262.417187333
15158019.55191456 -232750.03225711902 3546609.595407178 5353913.445357722 -49256.39416980532 13894838.100007024
15169031.412247106 -217142.18707587183 3542854.926519822 5350109.680668806 -44774.73973838273 13890353.672131648
15161038.507012477 -237359.35873476017 3551338.5254321927 5360593.72473234 -61370.48942020112 13921388.268722791
15156570.743859561 -231921.68054034346 3546693.31450306 5354007.532218168 -48508.88867772044 13896326.828443397
15161361.073605606 -225272.13081868071 3553022.276431337 5362020.351567651 -38762.822038642706 13912555.711525073
15162226.184015933 -226452.03417858065 3552873.1441592495 5361824.53831484 -39917.21843208949 13911055.250378221
15160754.338811366 -226240.78385201708 3552993.824315061 5361980.667648726 -39719.121973549394 13912994.709443994
15158155.281462781 -223314.01057847656 3553148.6048818575 5362131.896737533 -36933.65037119515 13915213.199349834
15156070.025299972 -242005.01993325248 3554363.705648761 5363921.219372678 -78356.27440220803 13926352.683819558
15165833.071953373 -232098.154583494 3567769.71022232 5382021.94197903 -52006.03026858246 13983671.980095314
15234037.62510836 -240574.7872155385 3559592.5974447764 5374973.2271485105 -90332.48496156573 13954389.600862393
14908185.836827137 -410622.98579794477 3583930.0390790594 5431586.193191489 -275047.0346091706 14877076.735632496
15194883.358062727 -304720.6507516395 3655088.748664218 5523784.24969386 -192508.36998652038 14868848.69387979
15165170.07816879 -297483.43375905894 3644330.1238508355 5512447.794227465 -191266.7816535388 14908522.909273142
15242913.709329747 -278589.34391108924 3681291.351698312 5561026.48974155 -160207.4837504807 14989206.12440205
15173142.863191783 -328558.1748351008 3636311.07845128 5491129.10884384 -208725.89950594172 14650595.305281973
15219921.200221136 -313034.21952230955 3651664.0847018426 5507923.111754568 -184269.2350852512 14601930.976544462
15189272.560717778 -276690.57826119236 3639028.749916941 5492237.710221813 -145500.6922662731 14596848.978355654
15184958.036258562 -270473.38065337023 3647683.1186149796 5502022.80992596 -120100.56700783262 14606469.418775395
15207019.249848705 -286400.0837574285 3631420.687972995 5476186.124407521 -117750.68436922782 14425447.914457722
15200303.19697489 -287169.6383178786 3631894.527715786 5476819.795160104 -118564.63512092992 14434412.953588536
15193801.485656045 -275301.700371016 3638881.302412602 5485512.840212349 -103599.50766071602 14461066.510215696
15211561.478768917 -283016.128348482 3641571.438238877 5492603.414290875 -112065.38495707707 14525935.039018484
15164217.789930452 -286999.80816247413 3600028.00208425 5423484.813629823 -143322.9779463913 14104862.231368946
15159402.483098868 -257568.27561026913 3607261.1719638 5436412.237331792 -75467.93319960727 14209096.3004269
15183409.915349115 -271466.163291203 3629192.052289359 5466785.730912394 -95325.92855464912 14310079.373099273
15199518.063170116 -263480.8319056222 3624115.4387931596 5460992.283302697 -77255.64467302678 14289787.792793723
15156066.933922604 -253413.17255445136 3576559.656362578 5394911.09666136 -84330.15025446199 14057842.378125815
15162343.997551756 -255687.12165309882 3594186.202980919 5420030.336781403 -50646.84984166412 14166166.08726472
15125785.132388001 -232466.10442090125 3575640.6106327074 5395961.79271301 -28348.958377458697 14129357.110809615
15133639.082825793 -228907.02605809612 3577863.955024854 5400015.4905377235 -17919.471045073646 14153663.54046373
15142272.722158408 -221240.06338754637 3548221.936914998 5360898.5004353635 -27138.631549024303 14014814.491369702
15139466.29991602 -221872.27309314022 3548462.9472389375 5363154.302477007 -29122.46709273125 14057434.757479634
15132652.895968702 -202308.35709328053 3573593.584862126 5394239.366768655 13735.853679795007 14133075.393433174
15150008.714212367 -212085.74727507881 3561653.6195539953 5380609.385371685 -5261.43508428987 14105799.211284276
15133360.810104225 -226142.23603088845 3545122.914242272 5351046.497178825 -49614.57269371751 13894864.855917063
15131166.873626133 -226460.68173146242 3545265.3474029726 5351240.545071663 -50038.09146356366 13897806.214208357
15131113.558817767 -222504.55802212618 3542041.558462784 5350496.6052244995 -34728.79280400884 13953904.096521273
15139704.521194307 -208633.6231255046 3558697.790288681 5373021.532130971 -556.1876374031453 14029374.56635418
15124135.858114284 -222938.46555938962 3541190.12644741 5345939.518044736 -43199.71899910578 13888471.57354668
15149892.436230447 -214512.331987639 3544502.4749210905 5351094.288169843 -40727.85369538671 13892938.729429796
15152196.362798845 -215691.44610952202 3544367.7979408186 5350925.023205165 -41833.65365011263 13890212.398390815
15128719.347590372 -217935.5880623761 3547524.6912737405 5353981.441587697 -35177.71586951004 13905366.123929713
15185443.931801362 -229383.40707305443 3566332.276205565 5379019.987086215 -50477.92219333944 13935645.570697594
15189494.108761096 -217443.39297211324 3554326.1915298733 5364994.390839932 -36128.80568537654 13915217.346142476
15160840.991276411 -225109.95885600027 3552923.4869207344 5361867.540726166 -38613.26784285679 13912192.944767939
15158601.91966655 -224949.8996043005 3553111.2693084986 5362113.131694174 -38569.14235984426 13915212.638104675
15233599.491451096 -240421.19949375247 3557262.441655716 5369999.203211754 -92530.6018704966 13906610.691552427
15230739.990305975 -240435.8709397977 3557337.5264367242 5368297.219868986 -94711.12401104829 13873778.685671927
15262001.944111262 -228967.46610618805 3558236.4959595264 5372967.584688347 -76718.23746585191 13916146.66822955
15228630.091187209 -235036.99455843214 3557104.7525909375 5368394.628890403 -79866.36237345252 13882957.78722085
15145467.421744863 -296127.23512324324 3655374.794365551 5529296.862661363 -169126.59385916305 15022224.286541993
15210084.905413536 -254648.70948224436 3682646.625650725 5566677.4736630805 -142402.4129508363 15105238.693559432
15197825.661317343 -263101.7327796564 3680930.274379117 5560347.849272691 -122189.11004685913 15028665.27635801
15208698.011789313 -257465.23811433412 3679639.7892287984 5558944.1940561505 -131568.35187337874 15018110.455983657
15199929.582895909 -263704.9434830027 3645676.663171312 5501056.170249877 -103159.62058108339 14616307.004576229
15208205.14513815 -251188.86009396348 3657049.6388968593 5514512.472529239 -74966.43771428695 14626952.09253575
15207479.24410327 -248866.65606675562 3659646.309291526 5523408.49908525 -72177.32993482446 14748471.773307214
15204946.948193515 -246400.16962762232 3653548.559109353 5513167.364917476 -50649.91280222001 14680331.920415342
15173475.178679775 -260638.51740369122 3628196.93742507 5472002.306878473 -93842.41264450201 14446238.149220085
15190376.613089826 -277009.09724470886 3639151.9300101893 5485901.971136943 -105324.39465949639 14466320.197002124
15186653.401824886 -253613.04079677595 3637812.3344502626 5484033.535327015 -85411.36240289862 14462145.776356187
15194467.815246856 -247028.22576477978 3646227.242182139 5499306.43926626 -85886.3124322459 14574661.50106518
15186559.22523444 -271551.3676298178 3629105.737860407 5466661.498489734 -95232.05869456814 14306344.359856257
15181425.58456542 -271801.8021098985 3629369.385490669 5467052.636866077 -95718.58423266312 14313500.497859081
15139456.705458019 -252813.43871786582 3617017.300794156 5450417.463314304 -86360.93418872899 14294511.795259176
15181985.955620443 -275153.17567105946 3629400.003873045 5467101.553754565 -99141.11208131087 14313244.869560858
15151411.29558467 -270983.7633610935 3580133.817506295 5398523.633202364 -90608.30658387637 14056117.19372154
15137962.565621123 -244736.3031175792 3594723.1183339744 5420302.263162673 -40447.22616880909 14184173.932599865
15103370.3040097 -217554.82251169585 3563876.5294962153 5380324.823504477 -12542.330938978874 14097842.340139788
15128415.634055177 -225532.03114486864 3589009.130835121 5413500.787069539 -33983.432378956124 14183399.07088946
15111367.237648083 -237117.07368687176 3553699.7675646604 5367797.325122337 -39256.2654364912 14063184.19612901
15160451.969810426 -217467.91300837038 3568630.696011588 5389364.38901731 -12609.460325362728 14116960.351355104
15146335.73707357 -224064.42511006148 3567379.5469222283 5386592.277827494 -7487.718449852689 14103159.603864258
15155059.269199489 -208368.8593806081 3565613.1767271943 5386134.544193603 4554.955436676052 14124141.573426988
15135857.407325082 -224662.34143148176 3545057.0215138015 5350978.88088698 -48059.33206378525 13892465.572920125
15133638.678012174 -223649.10498179376 3546349.573346529 5356059.641369006 -39416.39548497133 13967863.36807495
15133215.507669752 -221244.65779097492 3541981.323653073 5350428.078393782 -33396.00744504124 13951756.777492482
15143291.83573241 -213729.14359194497 3559515.219614464 5373469.536315976 -15378.256980870887 14016763.89364855
15128624.441232998 -224992.14354203542 3545351.2174966903 5351314.287490719 -48632.8871418909 13899934.373652356
15132445.049021004 -218681.66312362085 3551725.8418247225 5359393.400569909 -39304.65522704822 13917454.290830843
15127091.65748965 -220048.41429696203 3544495.9371886984 5350838.726924144 -33957.18614820375 13910772.116855219
15140959.26935592 -223839.6706707141 3546542.6282615615 5354116.4226583345 -54052.65575571209 13917431.205328288
15170882.25067298 -226243.58290576818 3553569.5564717306 5363071.837088167 -50748.077622582765 13912024.077905826
15175223.72382805 -217618.7900023665 3563458.812245123 5376241.536332686 -31880.28897952047 13953512.97812871
15175216.952666128 -214676.1495325376 3559678.655616396 5371163.32025069 -25745.163154559435 13935118.857156718
15182222.966959648 -229121.26775970406 3575308.588904989 5392537.033472102 -60191.53778450147 14011728.583968595
15223518.871147523 -230075.0593132131 3545824.773799179 5352988.497102373 -71753.1107547353 13828105.883043816
15326014.745710267 -232666.39377079884 3573100.388879911 5389748.1369949225 -96420.40281182445 13860739.299496738
15240097.12976685 -232199.053495854 3555650.555612244 5366286.918564614 -86633.15369812034 13861328.848765725
15292667.408586442 -226049.12657491173 3560593.9944833787 5373726.455228358 -90154.06540591075 13848793.675603377
eps 640
0.0014930163181796378 0.0008317869038616091 0.0008317869038616091 -0.015068569428949137
0.0055609350237736735 0.0007890429792973715 0.0007890429792973715 -0.015068035021334488
0.0014926399061733612 0.0031454034892302216 0.0031454034892302216 -0.015168258647873002
0.005559536321572534 0.0030980579656465137 0.0030980579656465137 -0.015166264943093711
0.009329654331066941 0.0012766464658526152 0.0012766464658526152 -0.022131622738786147
0.015543908836009378 0.0013726265709823392 0.0013726265709823392 -0.022131410608998515
0.009326581915211594 0.004854707324097147 0.004854707324097147 -0.021911610910319967
0.01553893255122769 0.004939826327810094 0.004939826327810094 -0.021910820492146876
0.02006297016527249 0.0018107184941962991 0.0018107184941962991 -0.03238593364023668
0.02619704565810813 0.0028876840740386387 0.0028876840740386387 -0.03238950596147085
0.020053937917057504 0.005373704462251151 0.005373704462251151 -0.02986477781372011
0.02618270880060604 0.006438805740478575 0.006438805740478575 -0.029878069359792
0.02970197729277443 0.003221587463724712 0.003221587463724712 -0.040055880542092276
0.03315582746663413 0.004580920259205586 0.004580920259205586 -0.040058801308981706
0.029689989378599492 0.00522275156722531 0.00522275156722531 -0.036873752943819595
0.03314095544642748 0.0065770492414228676 0.0065770492414228676 -0.036884611713810314
0.03481642498962048 0.004959832506866044 0.004959832506866044 -0.04376835943578482
0.03589493744408529 0.006009751313385295 0.006009751313385295 -0.043768913362749864
0.03481224975611271 0.005570106616425418 0.005570106616425418 -0.04132630858041916
0.03589082487838228 0.006619096378907972 0.006619096378907972 -0.04132837153336047
0.03610758442414491 0.006325962437893993 0.006325962437893993 -0.04501451828721659
0.035602275331071055 0.007049101143966628 0.007049101143966628 -0.045014266366115836
0.03611109968100457 0.006026536199824106 0.006026536199824106 -0.04333556288959503
0.03560581718624842 0.0067493142444676225 0.0067493142444676225 -0.04333462399321944
0.03443189341160435 0.007025624121451655 0.007025624121451655 -0.044233814304231504
0.03172236407616775 0.007513149041946776 0.007513149041946776 -0.0442320585267569
0.03444857893712464 0.0054497924279405755 0.0054497924279405755 -0.043070859713254514
0.03173741683140369 0.005935572960657685 0.005935572960657685 -0.04306431043295253
0.028132385325618327 0.006353907149647587 0.006353907149647587 -0.03849559516057224
0.020947783462977453 0.0053399083199661655 0.0053399083199661655 -0.038496761246290714
0.02819882210304985 0.0021800623603788222 0.0021800623603788222 -0.04081878758037324
0.021001986701354437 0.0011505327982425902 0.0011505327982425902 -0.04082314285523077
0.01499135167038525 0.003368138319087419 0.003368138319087419 -0.025397593805304507
0.005857399765221729 0.00015816360785258382 0.00015816360785258382 -0.025407846045225814
0.015051735958262409 -0.0018829117915679988 -0.0018829117915679988 -0.03277571876415419
0.005880048439458766 -0.005128059992929037 -0.005128059992929037 -0.03281433408768668
0.0019650138573028687 0.00041457987022713985 0.00041457987022713985 -0.01973119834405886
0.0005268728228341826 -0.0001077686138602196 -0.0001077686138602196 -0.01973161858497785
0.0019657759185823143 -0.00040219514810098546 -0.00040219514810098546 -0.02092310042615373
0.0005270773379349151 -0.0009253646924325077 -0.0009253646924325077 -0.02092467096108567
0.0017629231919756422 0.005166355356398241 0.005166355356398241 -0.014847119770290601
0.006563873055345793 0.005586774420273812 0.005586774420273812 -0.014848443029792423
0.0017612852194223891 0.007898574175451796 0.007898574175451796 -0.013866854596415026
0.006557794327749824 0.008312403745689706 0.008312403745689706 -0.013868347572002357
0.009527138980520601 0.008024854317989358 0.008024854317989358 -0.020980561430999987
0.012850525489698408 0.009046983554413173 0.009046983554413173 -0.02098859350573513
0.009520032991644285 0.009922442630783113 0.009922442630783113 -0.01863479696399091
0.012838485213275503 0.01094037281978481 0.01094037281978481 -0.018645530920557044
0.014832423458987293 0.010013778471174075 0.010013778471174075 -0.02705965980081668
0.016933565945276185 0.012265516844446652 0.012265516844446652 -0.027088525970035148
0.014822736347357122 0.01120613731883221 0.01120613731883221 -0.021868346134204786
0.016919370956252604 0.013451120806053728 0.013451120806053728 -0.02190329826772204
0.01876405668551799 0.011813724393683963 0.011813724393683963 -0.03287190361361393
0.021549728385011322 0.015177451905194853 0.015177451905194853 -0.03290663673028408
0.018735151857146474 0.013392777941872281 0.013392777941872281 -0.025068041845512565
0.02150915096219468 0.01674184787799508 0.01674184787799508 -0.02511175789929704
0.023641835575922213 0.015296004903058191 0.015296004903058191 -0.037476054511046436
0.026399752005803013 0.018783727364856367 0.018783727364856367 -0.03749364457999354
0.023593742945364864 0.016844141152878276 0.016844141152878276 -0.029368718823610775
0.026338803214149088 0.020316328620450554 0.020316328620450554 -0.029394917183961977
0.028135421950439145 0.019277388919673833 0.019277388919673833 -0.04042277361937876
0.029989774000226534 0.021952975938112247 0.021952975938112247 -0.040420994223904355
0.028092327846246278 0.020302387922245067 0.020302387922245067 -0.03420484728320196
0.02994031469365222 0.022969467474311736 0.022969467474311736 -0.034208048516889994
0.031249218133333964 0.020989712297888447 0.020989712297888447 -0.041684810846326685
0.03262811627708156 0.021992372047758835 0.021992372047758835 -0.041680223827072364
0.031221207401567717 0.021771650393636904 0.021771650393636904 -0.03936976571125452
0.03259898554746105 0.022773061223748947 0.022773061223748947 -0.03936664780534292
0.033783419838380374 0.017303823495850114 0.017303823495850114 -0.04260288979982057
0.03480740080601653 0.01596895716697177 0.01596895716697177 -0.04261986272075228
0.0337553912760337 0.01794172182358781 0.01794172182358781 -0.04574497457240354
0.034780879811230764 0.01660476657616133 0.01660476657616133 -0.045760498060423156
0.03455406319747589 0.011307208577206537 0.011307208577206537 -0.03901861592792204
0.0324178160577692 0.0069077080684814985 0.0069077080684814985 -0.03908577068304173
0.03459668308979118 0.010162545023145701 0.010162545023145701 -0.04933033026672391
0.03245118136138808 0.005740269665261425 0.005740269665261425 -0.04941038183706508
0.024891553680108088 0.006453349346147159 0.006453349346147159 -0.02844170373367545
0.006729587013667682 -0.002103752890023251 -0.002103752890023251 -0.028535419868777803
0.025145346305898632 -0.0039847806738697155 -0.0039847806738697155 -0.04816302963782884
0.006799207195385265 -0.012720268801098299 -0.012720268801098299 -0.048427766380069064
0.001284819686676849 0.010002758419390153 0.010002758419390153 -0.012307486109682353
0.004786884031652571 0.011438247096785589 0.011438247096785589 -0.012337227848992573
0.0012825206268960942 0.011988777253914696 0.011988777253914696 -0.009007740717210642
0.004778341705231935 0.013418611006508091 0.013418611006508091 -0.009042409288881613
0.006493326130640629 0.013103009747983113 0.013103009747983113 -0.01592187079829132
0.007681466821731845 0.01538638433520393 0.01538638433520393 -0.015961742842400276
0.006490149424024183 0.013768613819736668 0.013768613819736668 -0.010723027623426503
0.007675979877021966 0.01604584750668366 0.01604584750668366 -0.010766436117267634
0.008134903168403559 0.015885747185377764 0.015885747185377764 -0.017539490526886716
0.008134761868262832 0.01889770370200855 0.01889770370200855 -0.017579594264536275
0.008140904285118962 0.015859592364673235 0.015859592364673235 -0.010697067861141973
0.008143231316222334 0.018861521306520978 0.018861521306520978 -0.010739369296228433
0.008323678011410532 0.019511908577257698 0.019511908577257698 -0.019079204300668094
0.008703350564716906 0.023343985847316062 0.023343985847316062 -0.019117587558708914
0.008323952516921546 0.01967574759731513 0.01967574759731513 -0.010361477308935286
0.008703674035039405 0.0234915647256013 0.0234915647256013 -0.010402802113872768
0.009352984490833341 0.024405657351174115 0.024405657351174115 -0.02206455914978386
0.010478694293165086 0.029623160419821274 0.029623160419821274 -0.022103006528460558
0.009327983269671249 0.024931221554845878 0.024931221554845878 -0.010174990882373312
0.010447254758386874 0.030118423122401778 0.030118423122401778 -0.010219429082443743
0.011696852110277454 0.03178270655666108 0.03178270655666108 -0.026066239915977025
0.013534433409136544 0.0387617329427045 0.0387617329427045 -0.02608723737726445
0.011631062670440845 0.03259601266561543 0.03259601266561543 -0.01014448092652454
0.013453393099462108 0.0395206391490105 0.0395206391490105 -0.010178127225274742
0.015092555165242426 0.042040368741920464 0.042040368741920464 -0.03068443787409422
0.016896772750214346 0.05121904802317779 0.05121904802317779 -0.03066319588978835
0.01502753639139666 0.04262286600390728 0.04262286600390728 -0.009711235426344098
0.016818547868214233 0.05170851323891871 0.05170851323891871 -0.009713910118477293
0.01916615984698728 0.054393382871204314 0.054393382871204314 -0.03637818192628096
0.021867753206548872 0.06628018257194948 0.06628018257194948 -0.036265800147219585
0.01900543183451569 0.05514823607041262 0.05514823607041262 -0.009167600788191064
0.021676459845941676 0.06687941238006219 0.06687941238006219 -0.009098206625535319
0.02468334250185959 0.07072072180647597 0.07072072180647597 -0.04016751985659358
0.02728694965124901 0.08454584694746234 0.08454584694746234 -0.03994143180424094
0.024429169485209918 0.07105299092224526 0.07105299092224526 -0.00852351147898156
0.026987668031411154 0.08466799364696553 0.08466799364696553 -0.008338085784141133
0.031048636186701627 0.08681800803068027 0.08681800803068027 -0.03988488180783391
0.035060074306641695 0.10121590470995313 0.10121590470995313 -0.03945446950917343
0.030106414521553798 0.08776191574147837 0.08776191574147837 -0.007177396806415111
0.033986163563533 0.10193159426552771 0.10193159426552771 -0.006752457674076736
0.0004200275239438506 0.01262990487354982 0.01262990487354982 -0.007329703840175817
0.001566704232471797 0.013181500831098005 0.013181500831098005 -0.007340464400595043
0.0004196920707239131 0.013278174286260715 0.013278174286260715 -0.006064747177132745
0.0015654539662197026 0.01382907834573006 0.01382907834573006 -0.006076008724199155
0.0016944891659978437 0.011819582005366154 0.011819582005366154 -0.00803292026162606
0.0008868804094131323 0.012725506981919247 0.012725506981919247 -0.008047610371434004
0.0016961783528394872 0.011361471096242675 0.011361471096242675 -0.005997826603860377
0.0008897531497387539 0.012266312255610586 0.012266312255610586 -0.006012062786653988
0.00018586319066874818 0.010999852803525254 0.010999852803525254 -0.007256502287998248
-0.000966496490503625 0.012051498976012261 0.012051498976012261 -0.007269526294438867
0.00019111285374093603 0.010345918706632685 0.010345918706632685 -0.004895636137345935
-0.0009593088170258731 0.011395974207353143 0.011395974207353143 -0.004907891893408794
-0.0017112421288150712 0.011288527285307482 0.011288527285307482 -0.006150351210857569
-0.002635637707968232 0.012415559966264296 0.012415559966264296 -0.006161583688488418
-0.001705283409393797 0.01076161818064677 0.01076161818064677 -0.0036158596980044562
-0.0026282644072971673 0.011887017017695302 0.011887017017695302 -0.0036261873924961366
-0.003271787256676438 0.011544720704085415 0.011544720704085415 -0.004783523153844167
-0.004154565102433134 0.012692462272604881 0.012692462272604881 -0.004791505888748332
-0.003264175541503525 0.011039807258063786 0.011039807258063786 -0.00220299081586406
-0.004145620932054791 0.012185898391224062 0.012185898391224062 -0.002210076408771183
-0.004810205753310226 0.011708156349062636 0.011708156349062636 -0.00324218476819833
-0.005809651735299511 0.012939591201469154 0.012939591201469154 -0.0032475784783352435
-0.004797850622186238 0.011135140271528086 0.011135140271528086 -0.0004762546172002691
-0.005795591328722161 0.01236464984380664 0.01236464984380664 -0.00048062483658594345
-0.006464242932369481 0.011011398345336354 0.011011398345336354 -0.0011760361711429415
-0.007460293037253719 0.012129301096092091 0.012129301096092091 -0.0011767302061726607
-0.006450527597299791 0.010440731762641433 0.010440731762641433 0.0013347777771492032
-0.007445108987353928 0.011557010786647164 0.011557010786647164 0.0013350516639708846
-0.007848752350681203 0.008909592805000609 0.008909592805000609 0.0010431659707393036
-0.008263386476231024 0.009705876643273565 0.009705876643273565 0.0010456216670601346
-0.007847679895046658 0.008668218619295391 0.008668218619295391 0.0028311860783511306
-0.008262066418879659 0.009463828753813484 0.009463828753813484 0.002834045713826298
-0.007908098912964954 0.005200052637656617 0.005200052637656617 0.0021754826803117634
-0.0069773545855453135 0.0055733199305030194 0.0055733199305030194 0.0021768859604805067
-0.007946949803307506 0.005714071860716425 0.005714071860716425 0.002994809189517072
-0.007017177774609647 0.0060871389609497275 0.0060871389609497275 0.002996224865510715
-0.004594807676679664 -0.0005263856164883375 -0.0005263856164883375 0.0011235278385065594
0.0006141986699070537 -0.0007212033468504928 -0.0007212033468504928 0.0011413719342176203
-0.004679741396572415 0.0023924104109081224 0.0023924104109081224 0.0006037521998432587
0.000536269018289028 0.002190345396331461 0.002190345396331461 0.0006176653159146191
6.098142705538581e-05 0.013554831269366395 0.013554831269366395 -0.0051329498133108505
0.00022758369565901543 0.01411977315045403 0.01411977315045403 -0.005144436617476138
6.087911156860864e-05 0.013648819551275029 0.013648819551275029 -0.0038521618767650596
0.00022720184192976647 0.014213408012418847 0.014213408012418847 -0.0038635631415640127
-0.0002423223373720065 0.010837832279809879 0.010837832279809879 -0.004678730229436524
-0.0017186579021703952 0.01154172273770754 0.01154172273770754 -0.004689690687042049
-0.00023940352033404466 0.010004969439907736 0.010004969439907736 -0.0031116834892876287
-0.0017141699772189806 0.010707713856363514 0.010707713856363514 -0.0031219186234437537
-0.0025761908056812196 0.009470131340504931 0.009470131340504931 -0.0034404749125868743
-0.0034813553551667122 0.010185327136915685 0.010185327136915685 -0.003449021038745075
-0.0025733397127907314 0.008958807972721985 0.008958807972721985 -0.0018377158278526707
-0.0034776886725049944 0.009673215341107518 0.009673215341107518 -0.0018456385507280863
-0.004121171688175769 0.00932268995479304 0.00932268995479304 -0.00211671675443192
-0.0049895226840679045 0.010009989760144288 0.010009989760144288 -0.002122758909422618
-0.0041171205037604805 0.00883203499893307 0.00883203499893307 -0.0005765502767336212
-0.004984694046678103 0.009518610534809136 0.009518610534809136 -0.0005820485387618173
-0.005611949379867508 0.00883650052925817 0.00883650052925817 -0.0006965509943955527
-0.00649188992367988 0.009510219221129422 0.009510219221129422 -0.0007007917961440048
-0.0056063667883421335 0.0083392966163311 0.0083392966163311 0.0008124772911455003
-0.006485522764176165 0.009012306122593893 0.009012306122593893 0.0008087645806783621
-0.007089276595832571 0.008036183430541034 0.008036183430541034 0.0010110579515013804
-0.007908849160900702 0.008607772597262269 0.008607772597262269 0.0010095997933187116
-0.007082700988230852 0.007573957207926152 0.007573957207926152 0.0022920982918130293
-0.007901588427663062 0.008145007700899326 0.008145007700899326 0.002290986582873706
-0.008323558478778414 0.006279677355846834 0.006279677355846834 0.0026163670024843843
-0.008761516183456192 0.006725490002063484 0.006725490002063484 0.0026166846374750226
-0.008320512288711768 0.00603142219811756 0.00603142219811756 0.0036166729653385322
-0.008758234459583184 0.006476971761650172 0.006476971761650172 0.003617179379557202
-0.008728159235823766 0.003671203827368182 0.003671203827368182 0.0036500602845074364
-0.008366887093871877 0.0039051064117559425 0.0039051064117559425 0.003650958615157701
-0.008735232857983714 0.003870200063669183 0.003870200063669183 0.004171739112094957
-0.008374173115124957 0.004104025508327402 0.004104025508327402 0.004172651141421415
-0.007440095470372123 0.0004107054305904238 0.0004107054305904238 0.00318664549352595
-0.005431081513184933 0.00037246731603421526 0.00037246731603421526 0.0031870022796402875
-0.0074624502016892354 0.0015352259135388503 0.0015352259135388503 0.003082047759838627
-0.005453071829803162 0.0014958914145495228 0.0014958914145495228 0.00308230185991136
-0.0030940199621158487 -0.0020255331175283334 -0.0020255331175283334 0.00033770153093995724
0.0011987047995158406 -0.0019526952363783337 -0.0019526952363783337 0.0003369002198897812
-0.0031336369999171968 0.0003901267764627588 0.0003901267764627588 0.0004544337748654127
0.0011585503226493787 0.0004578897258008045 0.0004578897258008045 0.0004538555877661224
-0.00031826814269816727 0.013468433010532098 0.013468433010532098 -0.0030006478586978454
-0.0011882960649810574 0.013936794957554424 0.013936794957554424 -0.003010786981575486
-0.00031810630606889074 0.012978342813302903 0.012978342813302903 -0.0019557596376249143
-0.0011876914554552992 0.01344625685691396 0.01344625685691396 -0.0019654364492475125
-0.0019583882149545122 0.00918567829028123 0.00918567829028123 -0.002152413159276778
-0.0032200370344377125 0.009657112173344242 0.009657112173344242 -0.00215860727754607
-0.001956627620367146 0.00847586513435808 0.00847586513435808 -0.0011052305490247176
-0.0032174090044634644 0.008946617093705886 0.008946617093705886 -0.0011109851793559926
-0.003980146089047218 0.007919830519831528 0.007919830519831528 -0.0009041339806876506
-0.004815445215979362 0.008335762461747808 0.008335762461747808 -0.0009078574649845636
-0.003978297656652045 0.007449884582651235 0.007449884582651235 2.5287977579276925e-05
-0.004813111403870298 0.007865435591869611 0.007865435591869611 2.1848202722282264e-05
-0.005424544670642317 0.007289422747746015 0.007289422747746015 0.00033096831837336446
-0.006271059813844501 0.0076977533257587705 0.0076977533257587705 0.00032816856094555405
-0.0054216561739455025 0.006813671911638168 0.006813671911638168 0.0012432679331055212
-0.006267672398905904 0.007221624007635551 0.007221624007635551 0.0012407322224867472
-0.006812994118338788 0.0063393017000559285 0.0063393017000559285 0.0016725938190480362
-0.007479037109619583 0.006703851684919355 0.006703851684919355 0.001671064552068685
-0.006810203477354574 0.005965016478323146 0.005965016478323146 0.00248842939632396
-0.007475899046653892 0.006329299516826405 0.006329299516826405 0.002487089348549458
-0.007893318223315507 0.005102090498556848 0.005102090498556848 0.003017068138664672
-0.008402414740462587 0.0054087022066646 0.0054087022066646 0.003016564532398599
-0.007890706748546196 0.004816121997194464 0.004816121997194464 0.0037037736590669747
-0.008399580558724178 0.0051225612581380486 0.0051225612581380486 0.0037033917291261435
-0.008587664612830826 0.0032710089009118713 0.0032710089009118713 0.0041231042194691545
-0.008650451000806181 0.003447576774118013 0.003447576774118013 0.004123336962047511
-0.008587770093843702 0.0032348315170197613 0.0032348315170197613 0.004518976972187853
-0.008650554866410538 0.003411367380105855 0.003411367380105855 0.00451923206020221
-0.008341409384965923 0.0010068158812905684 0.0010068158812905684 0.004348009171184308
-0.007508163080755019 0.001013658430716071 0.001013658430716071 0.0043479092891999475
-0.008347256949888223 0.0014724541333956506 0.0014724541333956506 0.004359791811473338
-0.007514016155708333 0.0014791108471653065 0.0014791108471653065 0.004359693578785536
-0.006444407549763418 -0.0010655798368790067 -0.0010655798368790067 0.002954139870323747
-0.0044269808324850215 -0.0011248292306079767 -0.0011248292306079767 0.002953359273215002
-0.0064568773331402885 6.54805202783006e-05 6.54805202783006e-05 0.0028079695266762543
-0.004439272321913893 5.112063495200079e-06 5.112063495200079e-06 0.0028073250706659716
-0.002659284098376317 -0.001606348995738734 -0.001606348995738734 0.0004971277377513281
0.00014793514528603106 -0.0015429428075607163 -0.0015429428075607163 0.0004983753907300508
-0.0026748976685472825 -2.8104245802744194e-05 -2.8104245802744194e-05 0.0006198819926088455
0.00013235193852269403 3.313030722152547e-05 3.313030722152547e-05 0.0006208057807783159
-0.0005605531978583459 0.0124253139838741 0.0124253139838741 -0.001324809991735244
-0.002093586068888528 0.012734512755097663 0.012734512755097663 -0.0013307217542048355
-0.0005603368672046563 0.011562886569217737 0.011562886569217737 -0.0006489243105725601
-0.0020927772567178437 0.011871333840208846 0.011871333840208846 -0.000654403921920258
-0.0030156400027693837 0.007661555463473951 0.007661555463473951 -0.0004925399612100391
-0.004019591986136306 0.007938212413554663 0.007938212413554663 -0.0004952050349851117
-0.003014809998532621 0.007097466733588716 0.007097466733588716 0.00012126224936102298
-0.004018351991323763 0.007373762756981442 0.007373762756981442 0.00011879613164172593
-0.004681831887658543 0.006444437823969032 0.006444437823969032 0.0005933722719659086
-0.005497425620844108 0.006715378513134446 0.006715378513134446 0.0005914386102672357
-0.004680583425845282 0.005986608308151839 0.005986608308151839 0.001197003854934087
-0.005495846593717478 0.0062572859794982555 0.0062572859794982555 0.0011952253016904045
-0.006040419552013329 0.005574074651812379 0.005574074651812379 0.0017766353960133566
-0.00672030998138367 0.005809896439263682 0.005809896439263682 0.001775442760749753
-0.006038893463889581 0.005192804740703976 0.005192804740703976 0.0023028872182429606
-0.006718537774781687 0.005428439902221855 0.005428439902221855 0.002301802459401492
-0.007156666593021798 0.004501263426333221 0.004501263426333221 0.002961784143850761
-0.007687237077062091 0.004708196396167528 0.004708196396167528 0.0029610428541003045
-0.007155197586094309 0.004203817537748832 0.004203817537748832 0.0034242824528540727
-0.00768561610977878 0.004410626988553849 0.004410626988553849 0.003423631390581833
-0.007978436714573958 0.003153708532053098 0.003153708532053098 0.004059549505245683
-0.008268431813324774 0.0032786331599651587 0.0032786331599651587 0.0040594576539260754
-0.007977501999973047 0.002991276217000611 0.002991276217000611 0.004339536722650259
-0.0082674404973255 0.003116161593463878 0.003116161593463878 0.004339468020044762
-0.008276115069017376 0.0014603942456047512 0.0014603942456047512 0.004661038273203408
-0.008038558846489234 0.0014610879122715702 0.0014610879122715702 0.004660953773139854
-0.008277071142484337 0.0015932333395092385 0.0015932333395092385 0.004663001606110292
-0.008039528273567183 0.0015939133470211366 0.0015939133470211366 0.004662929676038551
-0.007586845266201876 -0.0002445610618393992 -0.0002445610618393992 0.0042775725076825135
-0.006618546629250858 -0.0003355131016921567 -0.0003355131016921567 0.004276861087437487
-0.007590443867017102 0.00029760999485839993 0.00029760999485839993 0.004071220879700785
-0.006622077096378867 0.0002063932428033194 0.0002063932428033194 0.004070640072285551
-0.005658461955738996 -0.0013974359317178704 -0.0013974359317178704 0.0027010036087164405
-0.004019068421216208 -0.0014379096381375164 -0.0014379096381375164 0.002700722177627847
-0.0056640635120427385 -0.0004780909234280478 -0.0004780909234280478 0.002602707245608711
-0.004024556576073989 -0.0005193030489957845 -0.0005193030489957845 0.0026024804210487947
-0.0027291617688939536 -0.0012417391517796634 -0.0012417391517796634 0.0007112307302272176
-0.0008391764315855693 -0.0011598832893023221 -0.0011598832893023221 0.0007119573282585931
-0.0027351828067996432 -0.0001796798328934799 -0.0001796798328934799 0.0008869682243776727
-0.0008453095474088196 -9.881327747800138e-05 -9.881327747800138e-05 0.0008874933188055668
-0.0006708447834023081 0.010810457463910355 0.010810457463910355 -0.00028794500415352096
-0.002505878232902885 0.010956307037849214 0.010956307037849214 -0.0002891799772768259
-0.0006706839452172562 0.009778884882887586 0.009778884882887586 1.8588823163848583e-05
-0.0025052767645800667 0.009923784572498505 0.009923784572498505 1.747093711963247e-05
-0.0035021531424802134 0.006393779498029785 0.006393779498029785 0.0005045554499479311
-0.004397161478108016 0.0065839202000700535 0.0065839202000700535 0.0005028691124892119
-0.0035017096957600915 0.005891213762481727 0.005891213762481727 0.0009258271935073969
-0.004396486144096294 0.006081094792514514 0.006081094792514514 0.0009242809150203044
-0.004976061497323807 0.005202895367892831 0.005202895367892831 0.0015459598954244741
-0.0056684062029342674 0.00535511459407152 0.00535511459407152 0.0015450762834270154
-0.004975401602006086 0.004814604970895823 0.004814604970895823 0.0018841671905917641
-0.0056675870286449805 0.004966667691008746 0.004966667691008746 0.001883355722319165
-0.0061360547198429085 0.004257045028439026 0.004257045028439026 0.0026035371657946124
-0.006728115321238316 0.004384733297216508 0.004384733297216508 0.0026030047308524765
-0.006135244461084398 0.0039253649958061005 0.0039253649958061005 0.0028877436416563174
-0.00672718896193868 0.004052940023364761 0.004052940023364761 0.002887261508660458
-0.007095039896238107 0.0031400133517873285 0.0031400133517873285 0.0036598251661954717
-0.007515145085536701 0.0032174898689121944 0.0032174898689121944 0.0036597258479913798
-0.007094328387269563 0.002904887417931422 0.002904887417931422 0.003832855209877322
-0.007514373655553786 0.002982309635187812 0.002982309635187812 0.003832768211049182
-0.007696601819569722 0.0018185206860777381 0.0018185206860777381 0.004432564702149439
-0.00778450812814677 0.0018054702502802934 0.0018054702502802934 0.004432665304622987
-0.007696440751211833 0.0017694449068105557 0.0017694449068105557 0.0044040446451372155
-0.007784344213171054 0.001756392975482616 0.001756392975482616 0.004404139638926983
-0.00766666035309012 0.0004072477780592677 0.0004072477780592677 0.004588989290192381
-0.007269170468039579 0.00031855096667018614 0.00031855096667018614 0.00458878008494651
-0.007667446173950651 0.0006297666892663925 0.0006297666892663925 0.004390822906495905
-0.00726993896092713 0.0005410188165373152 0.0005410188165373152 0.004390673166393295
-0.00679782110325451 -0.0007640513249421251 -0.0007640513249421251 0.003909132858123612
-0.005916387768664645 -0.0008620422549948982 -0.0008620422549948982 0.0039086406687583
-0.006799430808704457 -0.00027039325081159096 -0.00027039325081159096 0.0036880066134414393
-0.005917927059807539 -0.00036860683589414053 -0.00036860683589414053 0.003687635829746658
-0.005150972815886884 -0.0013367580576774877 -0.0013367580576774877 0.002542084576610216
-0.003944598231601508 -0.0013561846950801166 -0.0013561846950801166 0.0025419744705452566
-0.005152972976610541 -0.0006601699824442186 -0.0006601699824442186 0.002495082119392681
-0.0039465666824846975 -0.0006799960250505895 -0.0006799960250505895 0.0024949987288144866
-0.003044476847430211 -0.0009433878788523532 -0.0009433878788523532 0.0010164437519661466
-0.001788163550461535 -0.0008544775559671909 -0.0008544775559671909 0.0010169026244448939
-0.0030464832197105657 -0.00023775706973602626 -0.00023775706973602626 0.001213020688951183
-0.0017902569210662559 -0.00014928874981010585 -0.00014928874981010585 0.0012133275433381411
-0.0006920462616829416 0.00898052602791615 0.00898052602791615 0.00017235384112624662
-0.002585147238267994 0.009038761795858235 0.009038761795858235 0.0001726889214394207
-0.0006919526082004675 0.007916658092890678 0.007916658092890678 0.0002845442390573904
-0.0025847970489555993 0.007973903869083669 0.007973903869083669 0.00028483528610202715
-0.0035796877707924596 0.0053504984494756715 0.0053504984494756715 0.0011510500464320924
-0.004406070166454106 0.005436620241335487 0.005436620241335487 0.0011505917915935356
-0.003579459347142466 0.004886630554010251 0.004886630554010251 0.0013399454409827028
-0.004405728830431715 0.0049725565349598875 0.0049725565349598875 0.001339528260279563
-0.004932596237384403 0.004190544373583456 0.004190544373583456 0.0020729289649688448
-0.005547386012292015 0.004267664484520438 0.004267664484520438 0.002072563162112176
-0.004932284770567685 0.0038458329152899254 0.0038458329152899254 0.00224337121736402
-0.005547002796965827 0.003922843164872845 0.003922843164872845 0.002243037284892004
-0.005955821680637155 0.0032104721125466047 0.0032104721125466047 0.0030255770257538953
-0.0064602390060520595 0.0032493633157741697 0.0032493633157741697 0.0030255944456349503
-0.005955463420149816 0.0029279654653361514 0.0029279654653361514 0.003111442288774
-0.006459836663192273 0.002966785723086201 0.002966785723086201 0.003111458836090594
-0.006748924059044003 0.0021091165571102744 0.0021091165571102744 0.0038720083503408515
-0.007037503544849074 0.002077254545537898 0.002077254545537898 0.003872325192916452
-0.006748679421284548 0.0019476661685676345 0.0019476661685676345 0.0038008006806212608
-0.007037250517834387 0.0019157808101859645 0.0019157808101859645 0.003801089666567129
-0.007126025052404856 0.0009323673867220438 0.0009323673867220438 0.004320277648838421
-0.0070837860707264715 0.0008416371533678705 0.0008416371533678705 0.004320457564953756
-0.007126060459631102 0.0009560790901272431 0.0009560790901272431 0.004117984980035546
-0.0070838201945974824 0.0008653398878463476 0.0008653398878463476 0.004118171912567975
-0.006921819723668608 -0.00014920192986612172 -0.00014920192986612172 0.004226588423333899
-0.00652519436255411 -0.0002600298329222797 -0.0002600298329222797 0.00422646324607257
-0.006922116902246042 7.281012011445197e-05 7.281012011445197e-05 0.003978823862674209
-0.006525460979522523 -3.8073797018627555e-05 -3.8073797018627555e-05 0.003978763742338892
-0.006134612224038323 -0.0009157291349987326 -0.0009157291349987326 0.003543715595357555
-0.005466390931770795 -0.0009897313662732099 -0.0009897313662732099 0.0035435033362784976
-0.00613503607288124 -0.0005413778465701525 -0.0005413778465701525 0.003377210194811407
-0.0054667738497971 -0.0006155081426088254 -0.0006155081426088254 0.0033770660216678123
-0.00491435514941578 -0.0011604823394371312 -0.0011604823394371312 0.002480955265996448
-0.0040751366173601596 -0.0011527223838847989 -0.0011527223838847989 0.0024809831609977173
-0.00491482136485504 -0.0006898081453808454 -0.0006898081453808454 0.0024969564404615833
-0.0040756015193127906 -0.000682241283321814 -0.000682241283321814 0.0024969705307024076
-0.0034781978510989506 -0.0006962040260351882 -0.0006962040260351882 0.0013622570099207614
-0.0026855616649823187 -0.0005990985470054302 -0.0005990985470054302 0.0013624941522663349
-0.0034786655160350057 -0.0002511413209212779 -0.0002511413209212779 0.001579243906605574
-0.0026860877853046843 -0.0001542184883985579 -0.0001542184883985579 0.0015793715154489916
-0.0006470106937707306 0.007146001985978015 0.007146001985978015 0.00032824761625057947
-0.0024167695573664564 0.007155315095114906 0.007155315095114906 0.00032894553032351246
-0.0006469694875694299 0.006151508723325768 0.006151508723325768 0.0003350066841618576
-0.002416615546143574 0.00615995994032686 0.00615995994032686 0.00033560632021764234
-0.0033534917183126616 0.004446795645389556 0.004446795645389556 0.0014197815354920903
-0.00414258478982951 0.004460521055752425 0.004460521055752425 0.0014199545337475
-0.0033533877838586726 0.004003879104297854 0.004003879104297854 0.001446963973457184
-0.004142441588772018 0.004017433101393866 0.004017433101393866 0.0014471191759326746
-0.004643062630101991 0.0033670344234058144 0.0033670344234058144 0.002307535380546252
-0.005222120022563007 0.003368409304190386 0.003368409304190386 0.002307752575710633
-0.004642941367162479 0.003042341101149957 0.003042341101149957 0.0023087042988102126
-0.0052219772665875325 0.003043624134345976 0.003043624134345976 0.0023089009946900894
-0.005582055739722917 0.002377197512308695 0.002377197512308695 0.00311432113089647
-0.005987470062574144 0.0023407069439690996 0.0023407069439690996 0.0031147223472419035
-0.005581946155845052 0.0021500429021280186 0.0021500429021280186 0.0030319332674580883
-0.00598735453988177 0.0021135061499366896 0.0021135061499366896 0.0030322963538042457
-0.0062022187261418765 0.0013648219804885575 0.0013648219804885575 0.003705828302253397
-0.006384701812947881 0.0012790239929553792 0.0012790239929553792 0.003706245244462076
-0.00620216738454405 0.0012626342389522602 0.0012626342389522602 0.003514003999601955
-0.006384655119249175 0.0011768194888151671 0.0011768194888151671 0.00351439164577375
-0.006425759043567286 0.00041253593215458606 0.00041253593215458606 0.003954990845144546
-0.006356393921913011 0.00030306311426076866 0.00030306311426076866 0.003955190855380888
-0.006425761554521351 0.0004513428351355657 0.0004513428351355657 0.0037104950698362816
-0.006356390887655906 0.0003418560284278154 0.0003418560284278154 0.0037107060043308896
-0.006223540136420891 -0.00037271515700835486 -0.00037271515700835486 0.0038081758748738782
-0.005930581764007493 -0.0004700683251749187 -0.0004700683251749187 0.0038081557618284043
-0.006223543761889555 -0.00020869054388327244 -0.00020869054388327244 0.0035904298235794473
-0.005930563660974867 -0.000306077285835454 -0.000306077285835454 0.003590450127405272
-0.005657927913073675 -0.0008720535849206744 -0.0008720535849206744 0.003272663780201923
-0.005206418631001453 -0.0009242320251585515 -0.0009242320251585515 0.0032725920781204957
-0.005657914971446049 -0.0006190178646118296 -0.0006190178646118296 0.0031555368309984884
-0.0052063870654938775 -0.000671255040439557 -0.000671255040439557 0.0031554982637083187
-0.00484641853406183 -0.0009352486929761614 -0.0009352486929761614 0.0025162100898431334
-0.004314861883956907 -0.0009177770607259187 -0.0009177770607259187 0.0025162316820410446
-0.004846384287645986 -0.0006370865060636292 -0.0006370865060636292 0.002554940326420882
-0.004314833228946477 -0.0006196926382470445 -0.0006196926382470445 0.0025549474201295654
-0.003951925638359197 -0.0005063315652539762 -0.0005063315652539762 0.0017395266692716742
-0.003492329686631654 -0.0004071566761684105 -0.0004071566761684105 0.0017395877165152594
-0.003951943591956061 -0.0002482681125705981 -0.0002482681125705981 0.0019617555340591857
-0.00349237785470353 -0.00014916182736466802 -0.00014916182736466802 0.0019617467273230294
-0.0005691334311976959 0.005456658277531784 0.005456658277531784 0.00031644913287716175
-0.0021256532030034993 0.005435344403352502 0.005435344403352502 0.00031717115800935976
-0.0005691235948075457 0.004581913773358599 0.004581913773358599 0.0002587878899455087
-0.0021256164935439604 0.004559932930074692 0.004559932930074692 0.000259396925066044
-0.0029735105303081316 0.0036169873415993646 0.0036169873415993646 0.001425532208270166
-0.0037322996184749515 0.0035796009446558683 0.0035796009446558683 0.0014260528143994727
-0.002973480605431234 0.003191008879709033 0.003191008879709033 0.0013387106106536944
-0.0037322727896195954 0.0031534625850066452 0.0031534625850066452 0.001339170031585612
-0.004205856582893961 0.002654782735878452 0.002654782735878452 0.0022636711130125937
-0.0047407390593985545 0.0025989689335626444 0.0025989689335626444 0.002264218577104896
-0.004205838752360381 0.0023547455517522993 0.0023547455517522993 0.002137150120450042
-0.004740727376801991 0.002298849879477662 0.002298849879477662 0.002137637712911153
-0.005062169342842154 0.0017439480884616785 0.0017439480884616785 0.0029367649912641013
-0.0054053888301241375 0.0016636030102343052 0.0016636030102343052 0.002937277842486168
-0.005062166019127524 0.0015515274920830512 0.0015515274920830512 0.0027563522453107198
-0.00540539492443132 0.0014711432455332852 0.0014711432455332852 0.0027568140670308117
-0.005582396040647725 0.0008806167972817221 0.0008806167972817221 0.0033656703024652927
-0.005722578518235748 0.0007843088133057028 0.0007843088133057028 0.0033660283367192485
-0.005582393562860034 0.0008020057830628176 0.0008020057830628176 0.0031501449618095527
-0.005722581003023266 0.0007056825482387965 0.0007056825482387965 0.0031504784852625185
-0.005763682215993327 0.00014675206272659477 0.00014675206272659477 0.0035436406198815634
-0.005735581093482452 5.186141547485905e-05 5.186141547485905e-05 0.003543805450961485
-0.005763664452859642 0.00016243742588363858 0.00016243742588363858 0.0033314134738016677
-0.005735560322743792 6.753692236307733e-05 6.753692236307733e-05 0.0033315811102923865
-0.0056642080143386704 -0.0004120471834278612 -0.0004120471834278612 0.0034461425850133014
-0.0054971886668699925 -0.0004908826829832685 -0.0004908826829832685 0.0034461737850754203
-0.0056641619570650115 -0.000318479686329853 -0.000318479686329853 0.003269734148878233
-0.005497133863257483 -0.00039732948729825234 -0.00039732948729825234 0.0032697854428499875
-0.005337407228187089 -0.0007380113763180657 -0.0007380113763180657 0.003081709168126289
-0.005067921254744105 -0.0007755629415430823 -0.0007755629415430823 0.0030816953941918577
-0.005337318192234186 -0.0005869290684815278 -0.0005869290684815278 0.0029975495779299296
-0.005067825062491185 -0.0006245020011094196 -0.0006245020011094196 0.002997550871035035
-0.004863929239901189 -0.000714436576919042 -0.000714436576919042 0.002586377949145842
-0.004576702851935698 -0.0006931701779668797 -0.0006931701779668797 0.0025863801932148327
-0.0048638476295134 -0.0005532532640430215 -0.0005532532640430215 0.00263394452882679
-0.0045766250909256255 -0.0005320099327278513 -0.0005320099327278513 0.0026339372043017017
-0.004394463900187242 -0.000353566255425216 -0.000353566255425216 0.0021181800939577607
-0.004184605872701983 -0.00026197841105897815 -0.00026197841105897815 0.00211813651224772
-0.00439445190294742 -0.0002356275467183835 -0.0002356275467183835 0.0023234550609316355
-0.004184602551644477 -0.00014406081740056797 -0.00014406081740056797 0.002323377693334298
-0.0004744095548518902 0.003990622964710905 0.003990622964710905 0.00020751930982233917
-0.00177164468391612 0.003956674025165483 0.003956674025165483 0.0002080598701279614
-0.0004744133168082664 0.0032614669967435663 0.0032614669967435663 0.00012510245179099753
-0.0017716587857038056 0.003227053822133085 0.003227053822133085 0.0001255497303510034
-0.0025119204787059767 0.0028540540839884373 0.0028540540839884373 0.001247427274517779
-0.003236256528732136 0.002782504725641375 0.002782504725641375 0.001248081624639322
-0.002511929497953707 0.0024473123798729687 0.0024473123798729687 0.0010845665057170727
-0.0032362896634914725 0.002375612998045647 0.002375612998045647 0.00108512959983432
-0.0036851637645294306 0.0020532624652871037 0.0020532624652871037 0.0020216576102384054
-0.004186850926335982 0.0019689519153329106 0.0019689519153329106 0.0020222452127600684
-0.003685191481719719 0.001771727169251231 0.001771727169251231 0.0018315523306439796
-0.0041868960648054005 0.001687339730391407 0.001687339730391407 0.0018320639914412833
-0.004487332606637599 0.0012855648054578344 0.0012855648054578344 0.0026179727361200144
-0.0048061190887786 0.0011970216361841162 0.0011970216361841162 0.002618392583864644
-0.004487371227830751 0.0011067563557073793 0.0011067563557073793 0.002419163493464187
-0.004806172019897516 0.0010181768164389362 0.0010181768164389362 0.002419535625062906
-0.0049815035260735675 0.0006029607000471339 0.0006029607000471339 0.0030003490504265
-0.005141346600849614 0.0005162055228805611 0.0005162055228805611 0.0030006057267724503
-0.004981531556674188 0.0005133072964971385 0.0005133072964971385 0.0028059632560931197
-0.005141382362339442 0.0004265370125876957 0.0004265370125876957 0.002806197355442435
-0.005213544835746836 4.1291917494769193e-05 4.1291917494769193e-05 0.003186995977665202
-0.0052504870119686135 -4.022282478260302e-05 -4.022282478260302e-05 0.003187129303438207
-0.005213554915224287 2.055432803454019e-05 2.055432803454019e-05 0.003004494721878823
-0.005250499261369511 -6.096792226491262e-05 -6.096792226491262e-05 0.003004623735425339
-0.005242378392501452 -0.00036622558225182404 -0.00036622558225182404 0.0031556005421851567
-0.005183021027510383 -0.0004266728876723406 -0.0004266728876723406 0.0031556436381178416
-0.005242367256035804 -0.0003329412509608673 -0.0003329412509608673 0.0030202564890020097
-0.00518300855765708 -0.0003933934283894038 -0.0003933934283894038 0.0030203062039202335
-0.005119017876253021 -0.0005722359121368681 -0.0005722359121368681 0.002946392505027245
-0.005003554917585367 -0.0005969912450265722 -0.0005969912450265722 0.00294639750160961
-0.005118991271176663 -0.0005074349162835518 -0.0005074349162835518 0.002890928822824595
-0.0050035270644565024 -0.000532194504134507 -0.000532194504134507 0.0028909388933060225
-0.004922102302015754 -0.0005185241534300182 -0.0005185241534300182 0.002670142007993672
-0.004815598520783414 -0.0004955284318765856 -0.0004955284318765856 0.002670129386420677
-0.004922102224806319 -0.0004586496760050219 -0.0004586496760050219 0.0027216322087764474
-0.004815599145025386 -0.0004356575249931802 -0.0004356575249931802 0.0027216148735195286
-0.004763366221016157 -0.00023595697327058706 -0.00023595697327058706 0.002457674288396115
-0.004727852024255358 -0.00016382715984978127 -0.00016382715984978127 0.0024576078562222386
-0.004763423758721652 -0.00021581332102153702 -0.00021581332102153702 0.0026192757644299697
-0.0047279060085412715 -0.00014368937671027865 -0.00014368937671027865 0.0026191999210820136
-0.0003741753624521013 0.0027818607247969158 0.0027818607247969158 6.018192816817473e-05
-0.0013971411296430296 0.0027411374450312994 0.0027411374450312994 6.056297253740749e-05
-0.00037418311638661654 0.0022067448545987907 0.0022067448545987907 -3.476384703792694e-05
-0.0013971701278769496 0.0021657315962898276 0.0021657315962898276 -3.445615241256155e-05
-0.0020220303703108807 0.00214572897260087 0.00214572897260087 0.0009612114032307677
-0.002705793303700202 0.0020688916653994554 0.0020688916653994554 0.0009617369304821759
-0.0020220558989069186 0.0017616673972795742 0.0017616673972795742 0.0007870440676682104
-0.0027058448866901664 0.0016846949011276409 0.0016846949011276409 0.0007874791792822406
-0.003138709758618068 0.0015470679876396646 0.0015470679876396646 0.0016915934198638827
-0.0036373436521038322 0.0014617082738309095 0.0014617082738309095 0.001692038485258969
-0.003138761120771372 0.0012671929067655267 0.0012671929067655267 0.0014992424613842563
-0.0036374180063562084 0.0011817568838896233 0.0011817568838896233 0.0014996166841094462
-0.003939679968670639 0.0009565186507971603 0.0009565186507971603 0.002279386039530205
-0.004266605235933166 0.0008750342739138613 0.0008750342739138613 0.0022796811410164455
-0.0039397339356696415 0.0007730967142380378 0.0007730967142380378 0.00209634337201341
-0.0042666748995306035 0.000691575744587159 0.000691575744587159 0.0020965955902922553
-0.004459117970888176 0.00043643362184886083 0.00043643362184886083 0.0026735810336533123
-0.004657691663020636 0.0003619197330438984 0.0003619197330438984 0.002673758428958086
-0.004459168656515461 0.0003250600081518886 0.0003250600081518886 0.002506474211771538
-0.00465775238919752 0.0002505292871924197 0.0002505292871924197 0.0025066292423638736
-0.004769141602867965 1.1573243994395152e-05 1.1573243994395152e-05 0.0028857160813998144
-0.00487465288317109 -5.1676237409038295e-05 -5.1676237409038295e-05 0.002885805941461856
-0.004769191632379498 -4.75635188894425e-05 -4.75635188894425e-05 0.0027439680020574066
-0.004874709260164634 -0.00011082031798404347 -0.00011082031798404347 0.0027440497519289485
-0.004926391984332483 -0.0002770469786635213 -0.0002770469786635213 0.0029338822821779443
-0.004962034673432478 -0.00032184030819225936 -0.00032184030819225936 0.0029339179396153676
-0.0049264335940552495 -0.0002969725877754658 -0.0002969725877754658 0.002833514076138762
-0.004962079297208503 -0.00034176834997242284 -0.00034176834997242284 0.002833549393869108
-0.004976331283950823 -0.0004081722615296655 -0.0004081722615296655 0.002858746481640085
-0.004979805469752204 -0.0004225328643787311 -0.0004225328643787311 0.0028587508535910374
-0.004976375295320488 -0.00041000976812300403 -0.00041000976812300403 0.002826534253587546
-0.004979850561318504 -0.0004243705033340337 -0.0004243705033340337 0.0028265396418886758
-0.004989092837008627 -0.00035206305563137245 -0.00035206305563137245 0.002756431699961649
-0.005011392069201424 -0.00033245167455006055 -0.00033245167455006055 0.0027564163046371174
-0.004989164817405889 -0.00036439400684231825 -0.00036439400684231825 0.0028003193001049165
-0.005011462585089488 -0.0003447830230087658 -0.0003447830230087658 0.002800303337157813
-0.00504933009587862 -0.0001467376578675949 -0.0001467376578675949 0.002723533489572999
-0.005131099760840993 -9.150990142654626e-05 -9.150990142654626e-05 0.0027234752398647795
-0.005049437186997969 -0.00019236530061309941 -0.00019236530061309941 0.0028471810639614284
-0.005131198842502699 -0.0001371425328579147 -0.0001371425328579147 0.0028471245307184266
-0.0002924778423012234 0.0018327524600658142 0.0018327524600658142 -0.00010164365434309924
-0.0010919701332111024 0.001794491396175539 0.001794491396175539 -0.00010140471123273683
-0.0002924823903312656 0.0013831955228320785 0.0013831955228320785 -0.00018939471183163228
-0.001091987135623669 0.0013447566176634624 0.0013447566176634624 -0.0001892117939488731
-0.001618380711775602 0.0015011248315913203 0.0015011248315913203 0.0006733940853463804
-0.002256887467494823 0.001441003271295321 0.001441003271295321 0.0006736831909190058
-0.0016184035862934025 0.0011424142161381465 0.0011424142161381465 0.0005372477679616241
-0.002256930754791222 0.0010821764191262938 0.0010821764191262938 0.0005374722578541497
-0.002668165192833262 0.001107498406704515 0.001107498406704515 0.0013757555516013555
-0.003153075908196176 0.0010433878462172681 0.0010433878462172681 0.0013759921135587292
-0.0026682075317643918 0.0008352697331408428 0.0008352697331408428 0.0012312520001399596
-0.0031531365062972172 0.0007710899881739265 0.0007710899881739265 0.0012314382440443172
-0.0034632529217135896 0.0007074791346145518 0.0007074791346145518 0.001971523597055818
-0.0038255293591011727 0.0006374865861753512 0.0006374865861753512 0.001971719107728925
-0.0034633139653416543 0.0005042254071857342 0.0005042254071857342 0.0018142394044872022
-0.0038256067038462045 0.0004341914875206005 0.0004341914875206005 0.0018143955385482447
-0.004048131187866586 0.0003318661703608268 0.0003318661703608268 0.002397814476302891
-0.0042937494465404916 0.00027432211730528747 0.00027432211730528747 0.002397917873376054
-0.004048190978050428 0.00019412454970403349 0.00019412454970403349 0.0022686610578402685
-0.004293820453364429 0.00013656036316799837 0.00013656036316799837 0.002268744700505476
-0.004442998766052117 2.4894428876809327e-05 2.4894428876809327e-05 0.0026535464068308335
-0.0046048715903338165 -2.1817877493069307e-05 -2.1817877493069307e-05 0.0026535995904620594
-0.004443061688517327 -6.582386078260463e-05 -6.582386078260463e-05 0.0025487821838930456
-0.004604942012712853 -0.00011254565440313917 -0.00011254565440313917 0.002548826389330543
-0.004704675614382201 -0.00017210632726051762 -0.00017210632726051762 0.002770859700338794
-0.004815370239515302 -0.00020349315837283328 -0.00020349315837283328 0.0027708822653459354
-0.004704743441723775 -0.00023407914228588858 -0.00023407914228588858 0.0027004796708203155
-0.00481544257193672 -0.0002654702717115598 -0.0002654702717115598 0.002700499266303566
-0.0048890343897632724 -0.000254635925580929 -0.000254635925580929 0.0028060119662817423
-0.004979642944341101 -0.00026509315590193735 -0.00026509315590193735 0.002806016672622044
-0.004889109860913259 -0.00030530555131619486 -0.00030530555131619486 0.0027825331946506266
-0.004979720081231287 -0.0003157650096870266 -0.0003157650096870266 0.0027825375432264455
-0.005053313071488938 -0.0002133970373506357 -0.0002133970373506357 0.002828423371234214
-0.005164191946352677 -0.00019849608189537087 -0.00019849608189537087 0.0028284112569871914
-0.005053409718814457 -0.0002753802068518253 -0.0002753802068518253 0.002861732114285938
-0.005164286480143394 -0.00026048269993485067 -0.00026048269993485067 0.002861721439344555
-0.005264293220009565 -7.61609023396217e-05 -7.61609023396217e-05 0.0029250682679964413
-0.005427087723442718 -3.60685207334261e-05 -3.60685207334261e-05 0.0029250284504370363
-0.005264410175653167 -0.00016720671739550087 -0.00016720671739550087 0.0030147529987375296
-0.0054271964649795805 -0.00012712314856576926 -0.00012712314856576926 0.003014719094954163
-0.00024219133942306192 0.001087925476452426 0.001087925476452426 -0.00024109698445967523
-0.0009041640602847265 0.0010645273599439403 0.0010645273599439403 -0.00024099915866611862
-0.00024219206790119559 0.0007156614060516856 0.0007156614060516856 -0.0002945433393278635
-0.0009041667877920369 0.0006921417913827886 0.0006921417913827886 -0.00029447812105241997
-0.0013609268892839804 0.000926419102596153 0.000926419102596153 0.0004589238288311412
-0.0019467934142373027 0.0008921733241599653 0.0008921733241599653 0.0004590394271044433
-0.0013609324561375503 0.0005972333704546334 0.0005972333704546334 0.000381383452816041
-0.0019468048143714027 0.0005628917578303677 0.0005628917578303677 0.0003814604134797189
-0.0023364691514302306 0.0007175175792967128 0.0007175175792967128 0.0011450747300296236
-0.002815137384112276 0.0006774168310299288 0.0006774168310299288 0.0011451722822901247
-0.002336483858632981 0.0004487648220082418 0.0004487648220082418 0.0010546662729518062
-0.002815162487720794 0.0004085992761213007 0.0004085992761213007 0.0010547319042274834
-0.003128907034291166 0.0004757296960475103 0.0004757296960475103 0.0017221175702673466
-0.0035073742354617384 0.0004340407072474991 0.0004340407072474991 0.001722191940824312
-0.003128937115638634 0.00026338013180872503 0.00026338013180872503 0.001628366716237327
-0.00350741514599259 0.00022164990286265414 0.00022164990286265414 0.0016284172564998095
-0.00375063343635446 0.00025333745711164554 0.00025333745711164554 0.002187177417065143
-0.004036683581020653 0.00021199406250810488 0.00021199406250810488 0.002187229899120466
-0.003750675263884344 9.293822492120434e-05 9.293822492120434e-05 0.0020943650385132615
-0.0040367347359714255 5.157056042483706e-05 5.157056042483706e-05 0.002094400957460796
-0.0042162447693639225 5.502636877537924e-05 5.502636877537924e-05 0.0024841376476232944
-0.00442065541370047 2.3232504863419202e-05 2.3232504863419202e-05 0.002484163772489527
-0.004216289568199644 -5.9532531386323736e-05 -5.9532531386323736e-05 0.002412809696187812
-0.004420706412545824 -9.133888497947402e-05 -9.133888497947402e-05 0.002412827829517959
-0.004555399085562979 -7.0088385908948e-05 -7.0088385908948e-05 0.002657405515562452
-0.004719077314244047 -9.098951076138626e-05 -9.098951076138626e-05 0.002657417161668345
-0.00455545365765907 -0.00016174893420903074 -0.00016174893420903074 0.0026105185805567342
-0.0047191359151349845 -0.00018265775976425682 -0.00018265775976425682 0.002610526824492072
-0.004833742172888892 -0.00011895867526218149 -0.00011895867526218149 0.0027674404779542547
-0.004983365445423215 -0.00012669853276337407 -0.00012669853276337407 0.0027674438111206633
-0.004833804642670698 -0.0002026982131218534 -0.0002026982131218534 0.002750052976286944
-0.00498342947385038 -0.00021044410758371763 -0.00021044410758371763 0.0027500553848551707
-0.005099903628133066 -9.561453853094878e-05 -9.561453853094878e-05 0.002881002572902523
-0.0052687488080119145 -8.677231295314284e-05 -8.677231295314284e-05 0.0028809969034271085
-0.005099978204154206 -0.00019008432016466353 -0.00019008432016466353 0.0029007411117742007
-0.005268821780877234 -0.00018124980522554051 -0.00018124980522554051 0.0029007370652012867
-0.005406114065989878 -2.03346201112236e-05 -2.03346201112236e-05 0.003066213261059391
-0.005612604661608796 2.654719104526243e-06 2.654719104526243e-06 0.0030661970508046757
-0.005406191720805689 -0.00013588511263447892 -0.00013588511263447892 0.003117608399659075
-0.005612676882562935 -0.0001129078594592889 -0.0001129078594592889 0.0031175970534042374
-0.000220908492800744 0.0004665898879110719 0.0004665898879110719 -0.0003078472890042735
-0.0008246860595678092 0.00047433837684421944 0.00047433837684421944 -0.000307830786776331
-0.00022090051183526092 0.0001270593431185422 0.0001270593431185422 -0.0002907130161842058
-0.0008246562580869097 0.00013470751743026912 0.00013470751743026912 -0.00029070859468879363
-0.0012452065844747937 0.0004285375816505141 0.0004285375816505141 0.00034617787527096343
-0.0017902792498537582 0.00042042150133745335 0.00042042150133745335 0.00034619499010652593
-0.00124517103863878 0.00012226055523532867 0.00012226055523532867 0.00032771315108254777
-0.0017902409377838148 0.00011406253499430808 0.00011406253499430808 0.00032771773702122643
-0.0021652074395656544 0.00036125331916894997 0.00036125331916894997 0.0010097913353062542
-0.0026444338303571774 0.000347134167129473 0.000347134167129473 0.0010098069397063351
-0.002165175180811976 9.218360802104904e-05 9.218360802104904e-05 0.0009779166144427902
-0.0026444050433331798 7.800103557858366e-05 7.800103557858366e-05 0.0009779207957639534
-0.0029598265292221262 0.00026140344097727976 0.00026140344097727976 0.0015804915655090123
-0.0033422338243730637 0.0002451074584315417 0.0002451074584315417 0.001580504668099596
-0.0029598060957511728 4.683124681402608e-05 4.683124681402608e-05 0.0015438259096818817
-0.003342217487971261 3.0494794210131597e-05 3.0494794210131597e-05 0.0015438294206543835
-0.003592438952122636 0.00016951344809142796 0.00016951344809142796 0.0020443249702610912
-0.003893588524906199 0.00015011882741782222 0.00015011882741782222 0.00204433712645601
-0.0035924311831998772 6.478168415184303e-07 6.478168415184303e-07 0.0020007934230364633
-0.003893584624509384 -1.877205329737874e-05 -1.877205329737874e-05 0.0020007966804411114
-0.004088668885958986 8.414135596951993e-05 8.414135596951993e-05 0.002374022765188097
-0.004320474089903998 6.883840298502593e-05 6.883840298502593e-05 0.002374029253532879
-0.004088670214499244 -4.576227942772975e-05 -4.576227942772975e-05 0.0023396956012948582
-0.004320478397855441 -6.108013395645551e-05 -6.108013395645551e-05 0.0023396973399117415
-0.004474103606777127 2.5291167778318706e-05 2.5291167778318706e-05 0.0025837761685707063
-0.004662015148402608 1.3730572768987925e-05 1.3730572768987925e-05 0.0025837799383034614
-0.00447411120353556 -7.995340263890059e-05 -7.995340263890059e-05 0.0025578570688079994
-0.004662024713325069 -9.152370449911897e-05 -9.152370449911897e-05 0.002557858078937289
-0.004797100179610327 1.6469098095740984e-06 1.6469098095740984e-06 0.0027377929387758207
-0.004978257352703372 -5.435382719071412e-06 -5.435382719071412e-06 0.002737795155004736
-0.004797113929529062 -9.975944449696105e-05 -9.975944449696105e-05 0.002721913863130529
-0.00497827226480352 -0.00010685061593240142 -0.00010685061593240142 0.002721914456978614
-0.005116936326921041 4.206681917561928e-06 4.206681917561928e-06 0.0029069866998523404
-0.0053146688684562364 3.130161645401463e-06 3.130161645401463e-06 0.0029069872650168862
-0.005116953704436783 -0.00010645312546133523 -0.00010645312546133523 0.002904552061708365
-0.005314686275568059 -0.00010754016322497988 -0.00010754016322497988 0.0029045522131433514
-0.00546922648366152 2.5086941368828358e-05 2.5086941368828358e-05 0.0031404742304239285
-0.005693757156545345 3.0173196276045788e-05 3.0173196276045788e-05 0.0031404726577661008
-0.005469242420681417 -0.0001005823445182085 -0.0001005823445182085 0.003151824945327083
-0.005693771753217604 -9.550976700541174e-05 -9.550976700541174e-05 0.0031518245239408075
eps_abs 640
0.0015567453304537087 0.0009282546613121444 0.0009282546613121444 0.015636252432056172
0.005798018641186297 0.0012640321411070156 0.0012640321411070156 0.015635967570740095
0.0015563367243615045 0.003332352802832422 0.003332352802832422 0.015522720255476172
0.005796500552360229 0.0034567668453703683 0.0034567668453703683 0.015521656885743492
0.009569818789553914 0.0016474945821128657 0.0016474945821128657 0.022877747663139318
0.015692078234801628 0.002251713140865782 0.002251713140865782 0.0228779426665029
0.009566890201590171 0.005027206721827448 0.005027206721827448 0.02228369367357354
0.015687219630194576 0.005334895201836738 0.005334895201836738 0.022284420587888404
0.02006297016527249 0.0025143892203573436 0.0025143892203573436 0.0331671597777445
0.02619704565810813 0.003946604931835054 0.003946604931835054 0.03317134370824119
0.020053937917057504 0.005476689534137547 0.005476689534137547 0.03000824224680695
0.02618270880060604 0.006816344036132543 0.006816344036132543 0.03002381135778123
0.02970197729277443 0.0039416495319130485 0.0039416495319130485 0.040055880542092276
0.03315582746663413 0.005355367677894865 0.005355367677894865 0.040058801308981706
0.029689989378599492 0.00522275156722531 0.00522275156722531 0.036873752943819595
0.03314095544642748 0.0065770492414228676 0.0065770492414228676 0.036884611713810314
0.03481642498962048 0.00543592258499843 0.00543592258499843 0.04376835943578482
0.03589493744408529 0.006009751313385295 0.006009751313385295 0.043768913362749864
0.03481224975611271 0.0055986174256635966 0.0055986174256635966 0.04132630858041916
0.03589082487838228 0.006744266285946257 0.006744266285946257 0.04132837153336047
0.03610758442414491 0.006325962437893993 0.006325962437893993 0.04501451828721659
0.035602275331071055 0.007049101143966628 0.007049101143966628 0.045014266366115836
0.03611109968100457 0.006026536199824106 0.006026536199824106 0.04333556288959503
0.03560581718624842 0.0067493142444676225 0.0067493142444676225 0.04333462399321944
0.03443189341160435 0.007025624121451655 0.007025624121451655 0.044233814304231504
0.03172236407616775 0.007513149041946776 0.007513149041946776 0.0442320585267569
0.03444857893712464 0.005597994348882622 0.005597994348882622 0.043070859713254514
0.03173741683140369 0.0060754752545472725 0.0060754752545472725 0.04306431043295253
0.028132385325618327 0.006353907149647587 0.006353907149647587 0.03884331583894143
0.020947783462977453 0.0053399083199661655 0.0053399083199661655 0.03884278484256369
0.02819882210304985 0.002615855488279844 0.002615855488279844 0.04081878758037324
0.021001986701354437 0.0020758028606318556 0.0020758028606318556 0.04082314285523077
0.015111921312647148 0.0034725266777188486 0.0034725266777188486 0.026405470002675777
0.006692718268266304 0.001081434232905119 0.001081434232905119 0.026414261860190198
0.015170254469467107 0.0032900858948210817 0.0032900858948210817 0.03280843973561723
0.006711321929784251 0.005205526588506679 0.005205526588506679 0.032841564093565555
0.0033812448318473387 0.0012517689358592322 0.0012517689358592322 0.020421962230369784
0.0009068623433244402 0.0005536762845367126 0.0005536762845367126 0.020422170024134052
0.0033827860198772015 0.002065149091311854 0.002065149091311854 0.021389171892410207
0.0009072761800931411 0.0018851566198669185 0.0018851566198669185 0.021390343871932636
0.0017629231919756422 0.00536986415350693 0.00536986415350693 0.015017237482187983
0.006563873055345793 0.006032718903557377 0.006032718903557377 0.015020481131597796
0.0017612852194223891 0.008011152535608102 0.008011152535608102 0.013866854596415026
0.006557794327749824 0.00860762576823118 0.00860762576823118 0.013868347572002357
0.009527138980520601 0.008241145898744253 0.008241145898744253 0.021020972800208912
0.012850525489698408 0.009617084960117995 0.009617084960117995 0.02103220246749647
0.009520032991644285 0.0099605563365507 0.0099605563365507 0.01863479696399091
0.012838485213275503 0.011230612055915398 0.011230612055915398 0.018645530920557044
0.014832423458987293 0.010101251851202581 0.010101251851202581 0.02705965980081668
0.016933565945276185 0.012631240455246912 0.012631240455246912 0.027088525970035148
0.014822736347357122 0.01120613731883221 0.01120613731883221 0.021868346134204786
0.016919370956252604 0.013593997868674615 0.013593997868674615 0.02190329826772204
0.01876405668551799 0.011813724393683963 0.011813724393683963 0.03287190361361393
0.021549728385011322 0.015177451905194853 0.015177451905194853 0.03290663673028408
0.018735151857146474 0.013392777941872281 0.013392777941872281 0.025068041845512565
0.02150915096219468 0.01674184787799508 0.01674184787799508 0.02511175789929704
0.023641835575922213 0.015296004903058191 0.015296004903058191 0.037476054511046436
0.026399752005803013 0.018783727364856367 0.018783727364856367 0.03749364457999354
0.023593742945364864 0.016844141152878276 0.016844141152878276 0.029368718823610775
0.026338803214149088 0.020316328620450554 0.020316328620450554 0.029394917183961977
0.028135421950439145 0.019338779434120157 0.019338779434120157 0.04042277361937876
0.029989774000226534 0.021952975938112247 0.021952975938112247 0.040420994223904355
0.028092327846246278 0.020475592461215966 0.020475592461215966 0.03420484728320196
0.02994031469365222 0.022969467474311736 0.022969467474311736 0.034208048516889994
0.031249218133333964 0.021320646201046636 0.021320646201046636 0.041684810846326685
0.03262811627708156 0.021992372047758835 0.021992372047758835 0.041680223827072364
0.031221207401567717 0.021771650393636904 0.021771650393636904 0.03936976571125452
0.03259898554746105 0.022773061223748947 0.022773061223748947 0.03936664780534292
0.033783419838380374 0.017303823495850114 0.017303823495850114 0.04260288979982057
0.03480740080601653 0.01596895716697177 0.01596895716697177 0.04261986272075228
0.0337553912760337 0.01794172182358781 0.01794172182358781 0.04574497457240354
0.034780879811230764 0.01660476657616133 0.01660476657616133 0.045760498060423156
0.03455406319747589 0.011358065791467533 0.011358065791467533 0.03901861592792204
0.0324178160577692 0.007187517627918317 0.007187517627918317 0.03908577068304173
0.03459668308979118 0.010333038356687278 0.010333038356687278 0.04933033026672391
0.03245118136138808 0.006367657226141391 0.006367657226141391 0.04941038183706508
0.024891553680108088 0.0066833041192758255 0.0066833041192758255 0.02844170373367545
0.006729587013667682 0.0027826366341426397 0.0027826366341426397 0.028535419868777803
0.025145346305898632 0.005569115319651879 0.005569115319651879 0.04816302963782884
0.006799207195385265 0.012720268801098299 0.012720268801098299 0.048427766380069064
0.001284819686676849 0.010002758419390153 0.010002758419390153 0.012307486109682353
0.004786884031652571 0.011438247096785589 0.011438247096785589 0.012337227848992573
0.0012825206268960942 0.011988777253914696 0.011988777253914696 0.009007740717210642
0.004778341705231935 0.013418611006508091 0.013418611006508091 0.009042409288881613
0.006493326130640629 0.013103009747983113 0.013103009747983113 0.01592187079829132
0.007681466821731845 0.01538638433520393 0.01538638433520393 0.015961742842400276
0.006490149424024183 0.013768613819736668 0.013768613819736668 0.010723027623426503
0.007675979877021966 0.01604584750668366 0.01604584750668366 0.010766436117267634
0.008134903168403559 0.015885747185377764 0.015885747185377764 0.017539490526886716
0.008134761868262832 0.01889770370200855 0.01889770370200855 0.017579594264536275
0.008140904285118962 0.015859592364673235 0.015859592364673235 0.010697067861141973
0.008143231316222334 0.018861521306520978 0.018861521306520978 0.010739369296228433
0.008323678011410532 0.019511908577257698 0.019511908577257698 0.019079204300668094
0.008715245986758975 0.023343985847316062 0.023343985847316062 0.019117587558708914
0.008323952516921546 0.01967574759731513 0.01967574759731513 0.010412851281261707
0.008712763975173092 0.0234915647256013 0.0234915647256013 0.010450932340847596
0.009352984490833341 0.024405657351174115 0.024405657351174115 0.02206455914978386
0.01113685540642842 0.029623160419821274 0.029623160419821274 0.022103006528460558
0.009327983269671249 0.024931221554845878 0.024931221554845878 0.010213267121758525
0.011071493018309515 0.030118423122401778 0.030118423122401778 0.010252917583149177
0.012559877308657486 0.03178270655666108 0.03178270655666108 0.02649783098499697
0.014624411897448618 0.0387617329427045 0.0387617329427045 0.02651911074517273
0.012489110289261857 0.03259601266561543 0.03259601266561543 0.010559561545751267
0.014526238962939237 0.0395206391490105 0.0395206391490105 0.010589272221600454
0.01587419076890695 0.04204719719956597 0.04204719719956597 0.03068443787409422
0.016972260573497995 0.05121904802317779 0.05121904802317779 0.03066319588978835
0.015859603861570704 0.04262286600390728 0.04262286600390728 0.009898719336292477
0.016943169903685974 0.05170851323891871 0.05170851323891871 0.009901617096943396
0.01916615984698728 0.054393382871204314 0.054393382871204314 0.03637818192628096
0.021867753206548872 0.06628018257194948 0.06628018257194948 0.036265800147219585
0.01900543183451569 0.05514823607041262 0.05514823607041262 0.009494453818083217
0.021676459845941676 0.06687941238006219 0.06687941238006219 0.009442785439100276
0.02468334250185959 0.07072072180647597 0.07072072180647597 0.04016751985659358
0.02728694965124901 0.08454584694746234 0.08454584694746234 0.03994143180424094
0.024429169485209918 0.07105299092224526 0.07105299092224526 0.00891121748425925
0.026987668031411154 0.08466799364696553 0.08466799364696553 0.008791031417003997
0.03108854034655265 0.08681800803068027 0.08681800803068027 0.03988488180783391
0.03743163437159789 0.10121590470995313 0.10121590470995313 0.03945446950917343
0.030145214357962316 0.08776191574147837 0.08776191574147837 0.0072354374798817185
0.03634464822168505 0.10193159426552771 0.10193159426552771 0.0068236618615772964
0.0004388897134085659 0.01262990487354982 0.01262990487354982 0.007329703840175817
0.0016370824696208142 0.013181500831098005 0.013181500831098005 0.007340464400595043
0.00043854197405547297 0.013278174286260715 0.013278174286260715 0.006064747177132745
0.0016357863722908713 0.01382907834573006 0.01382907834573006 0.006076008724199155
0.0018686410215579651 0.011819582005366154 0.011819582005366154 0.00803292026162606
0.001732754026977762 0.012725506981919247 0.012725506981919247 0.008047610371434004
0.001869986297336044 0.011361471096242675 0.011361471096242675 0.0060489107312257226
0.00173161331148467 0.012266312255610586 0.012266312255610586 0.006061460663420756
0.0019140701543604813 0.010999852803525254 0.010999852803525254 0.007374116210187815
0.002268398090519228 0.012051498976012261 0.012051498976012261 0.0073854888584884365
0.00191424714860309 0.010345918706632685 0.010345918706632685 0.0052209738272162905
0.0022649652429196864 0.011395974207353143 0.011395974207353143 0.005230563440581358
0.002612115392702406 0.011288527285307482 0.011288527285307482 0.0065662357318795935
0.003367307135867833 0.012415559966264296 0.012415559966264296 0.006575923355279462
0.0026083216172981755 0.01076161818064677 0.01076161818064677 0.004488776942882601
0.003360259958492133 0.011887017017695302 0.011887017017695302 0.00449464146832685
0.003903265087531591 0.011544720704085415 0.011544720704085415 0.005989883930210227
0.004671315234763609 0.012692462272604881 0.012692462272604881 0.005996202480948011
0.0038958329164089406 0.011039807258063786 0.011039807258063786 0.004148033894294676
0.004662520498701261 0.012185898391224062 0.012185898391224062 0.004146658714385007
0.005238542567523461 0.011708156349062636 0.011708156349062636 0.00544370625132229
0.006106908757676995 0.012939591201469154 0.012939591201469154 0.005447314202764252
0.00522636414811495 0.011135140271528086 0.011135140271528086 0.004417859541086283
0.0060929721864471055 0.01236464984380664 0.01236464984380664 0.004415703712051918
0.006660519625486873 0.011011398345336354 0.011011398345336354 0.005580454695538903
0.007545454214872184 0.012129301096092091 0.012129301096092091 0.005580729125758681
0.006646948550493499 0.010440731762641433 0.010440731762641433 0.004779507594473321
0.007530296155249213 0.011557010786647164 0.011557010786647164 0.004779692905847145
0.007891634574122893 0.009164899551904037 0.009164899551904037 0.005999096433096284
0.008263386476231024 0.010173015392795328 0.010173015392795328 0.005996863104395355
0.007890562118488348 0.008807913803070649 0.008807913803070649 0.004780993292380968
0.008262066418879659 0.009624140431006315 0.009624140431006315 0.004782780163831513
0.007908098912964954 0.007600413768934269 0.007600413768934269 0.005097904262962335
0.007208366036498399 0.008680606494755565 0.008680606494755565 0.0050821913586929345
0.007946949803307506 0.006421416612352427 0.006421416612352427 0.0034468509268946756
0.007226335168613535 0.00734942259727511 0.00734942259727511 0.0034466191534960494
0.005258448174112568 0.0023378923696699876 0.0023378923696699876 0.004442761730799166
0.002821762496028934 0.0017479764677750579 0.0017479764677750579 0.004399313277302382
0.005340657340203473 0.002803407497522841 0.002803407497522841 0.0010800308027957776
0.002781838400886113 0.0024490099118736354 0.0024490099118736354 0.0010628515149326925
0.000258765170970864 0.013554831269366395 0.013554831269366395 0.005165969903203588
0.0009657805574817225 0.01411977315045403 0.01411977315045403 0.005176449959309758
0.0002585409912232897 0.013648819551275029 0.013648819551275029 0.004009349901240033
0.0009649438271510241 0.014213408012418847 0.014213408012418847 0.004017717346016524
0.0012752924584780417 0.010837832279809879 0.010837832279809879 0.004864663781026847
0.00210441208977829 0.01154172273770754 0.01154172273770754 0.004873886414830071
0.0012751226177906316 0.010004969439907736 0.010004969439907736 0.003477270510699236
0.0021004594864790158 0.010707713856363514 0.010707713856363514 0.0034845373289630983
0.002762927923265819 0.009470131340504931 0.009470131340504931 0.004015966513594153
0.003566017378224589 0.010185327136915685 0.010185327136915685 0.004022224470409588
0.0027614964718669977 0.008958807972721985 0.008958807972721985 0.002983106380468853
0.0035623543575416003 0.009673215341107518 0.009673215341107518 0.0029829579682734675
0.0041917164496125345 0.00932268995479304 0.00932268995479304 0.003611726174902053
0.005037996341707802 0.010009989760144288 0.010009989760144288 0.003612902582715335
0.004187679457490328 0.00883203499893307 0.00883203499893307 0.0032106215771329936
0.005033175467012375 0.009518610534809136 0.009518610534809136 0.0032070371670990306
0.005645860568793746 0.00883650052925817 0.00883650052925817 0.0038242567466500108
0.00650895540144945 0.009510219221129422 0.009510219221129422 0.003822713919041677
0.005640283040958131 0.0083392966163311 0.0083392966163311 0.0036760336442953423
0.006502588241945735 0.009012306122593893 0.009012306122593893 0.003673228226898368
0.007094693884968022 0.008036183430541034 0.008036183430541034 0.0043229231552185075
0.007908849160900702 0.008607772597262269 0.008607772597262269 0.004321985568579101
0.007088118277366303 0.007573957207926152 0.007573957207926152 0.004268233260090281
0.007901588427663062 0.008145007700899326 0.008145007700899326 0.004267287024378158
0.008323558478778414 0.006468643223771473 0.006468643223771473 0.00471642899416269
0.008761516183456192 0.006926762481408501 0.006926762481408501 0.00471658710485303
0.008320512288711768 0.0061287957811855445 0.0061287957811855445 0.004784309397709608
0.008758234459583184 0.0065866108684642264 0.0065866108684642264 0.004784666576399488
0.008728159235823766 0.00428310522781782 0.00428310522781782 0.004653014803541845
0.008366887093871877 0.0045968086037186835 0.0045968086037186835 0.0046537048798028485
0.008735232857983714 0.004042110683964412 0.004042110683964412 0.004602401871040879
0.008374173115124957 0.0043324871501637385 0.0043324871501637385 0.004603136967266466
0.007440095470372123 0.002604278977401621 0.002604278977401621 0.003252523870390322
0.005469437861663087 0.00239441232761572 0.00239441232761572 0.0032528797545991286
0.0074624502016892354 0.002265237487447849 0.002265237487447849 0.003131876081238936
0.005489960772722052 0.0020872939111486683 0.0020872939111486683 0.003132129349507083
0.0031903802342525996 0.0021775648859483823 0.0021775648859483823 0.0009586782944911531
0.0020120673866026477 0.0020734171154007342 0.0020734171154007342 0.0009563912636142678
0.003228116573024259 0.0007956888654399267 0.0007956888654399267 0.0007262780978668657
0.0019871432156067315 0.0009149219059342894 0.0009149219059342894 0.0007253304614423971
0.00035510537567601583 0.013468433010532098 0.013468433010532098 0.0032863817235056028
0.0013258755698504446 0.013936794957554424 0.013936794957554424 0.003293776405493902
0.00035491529234686945 0.012978342813302903 0.012978342813302903 0.0025812360638072097
0.0013251653830382354 0.01344625685691396 0.01344625685691396 0.002582904314728916
0.002005167070968804 0.00918567829028123 0.00918567829028123 0.0027418869754013003
0.0032200370344377125 0.009657112173344242 0.009657112173344242 0.0027444516102309675
0.0020036923089820392 0.00847586513435808 0.00847586513435808 0.002274219476898989
0.0032174090044634644 0.008946617093705886 0.008946617093705886 0.002271925550894097
0.003980146089047218 0.007919830519831528 0.007919830519831528 0.0027196410347518018
0.004815445215979362 0.008335762461747808 0.008335762461747808 0.0027179842246299033
0.003978297656652045 0.007449884582651235 0.007449884582651235 0.0025671161648935944
0.004813111403870298 0.007865435591869611 0.007865435591869611 0.002565085879539188
0.005424544670642317 0.007289422747746015 0.007289422747746015 0.0031309236097319753
0.006271059813844501 0.0076977533257587705 0.0076977533257587705 0.0031290334876719907
0.0054216561739455025 0.006813671911638168 0.006813671911638168 0.0031331301816645376
0.006267672398905904 0.007221624007635551 0.007221624007635551 0.0031310490527494002
0.006812994118338788 0.0063393017000559285 0.0063393017000559285 0.0037178234077524254
0.007479037109619583 0.006703851684919355 0.006703851684919355 0.00371655480629218
0.006810203477354574 0.005965016478323146 0.005965016478323146 0.0038013945352221527
0.007475899046653892 0.006329299516826405 0.006329299516826405 0.0038001897555850843
0.007893318223315507 0.005102090498556848 0.005102090498556848 0.004360830435410081
0.008402414740462587 0.0054087022066646 0.0054087022066646 0.004360334604678823
0.007890706748546196 0.004816121997194464 0.004816121997194464 0.004521112593941219
0.008399580558724178 0.0051225612581380486 0.0051225612581380486 0.004520712953143311
0.008587664612830826 0.0034800303847654693 0.0034800303847654693 0.004845102862025156
0.008650451000806181 0.0036469954563596095 0.0036469954563596095 0.004845273740393043
0.008587770093843702 0.00336117310290291 0.00336117310290291 0.004887968437335034
0.008650554866410538 0.003528096935152352 0.003528096935152352 0.004888164606568076
0.008341409384965923 0.0017894327642006909 0.0017894327642006909 0.004556264791980965
0.007508163080755019 0.0018171153571745896 0.0018171153571745896 0.0045561284350286715
0.008347256949888223 0.0017357090057076217 0.0017357090057076217 0.004441254825051315
0.007514016155708333 0.0017648995511330156 0.0017648995511330156 0.004441133462548348
0.006444407549763418 0.0016074548263512356 0.0016074548263512356 0.002991589850712839
0.0044269808324850215 0.0016696904922668065 0.0016696904922668065 0.002990807336249327
0.0064568773331402885 0.0010990647323918053 0.0010990647323918053 0.0028273634048408625
0.004439272321913893 0.0011085987993324495 0.0011085987993324495 0.002826717325808808
0.0027471540993320156 0.0016730199082611366 0.0016730199082611366 0.0007101860349536136
0.0015777089106351306 0.0016084551574680132 0.0016084551574680132 0.0007105187855186653
0.0027621448519732266 0.00044970483332724823 0.00044970483332724823 0.0007863762149903776
0.0015739111395278223 0.00037641130753848594 0.00037641130753848594 0.000787034906748296
0.0005605531978583459 0.0124253139838741 0.0124253139838741 0.002316097891369174
0.002093586068888528 0.012734512755097663 0.012734512755097663 0.002313677528871692
0.0005603368672046563 0.011562886569217737 0.011562886569217737 0.0021828976139583647
0.0020927772567178437 0.011871333840208846 0.011871333840208846 0.0021793819004963856
0.0030156400027693837 0.007661555463473951 0.007661555463473951 0.0021450124115062253
0.004019591986136306 0.007938212413554663 0.007938212413554663 0.002143948468756068
0.003014809998532621 0.007097466733588716 0.007097466733588716 0.0020002845087925885
0.004018351991323763 0.007373762756981442 0.007373762756981442 0.001998924297725887
0.004681831887658543 0.006444437823969032 0.006444437823969032 0.002515207943346064
0.005497425620844108 0.006715378513134446 0.006715378513134446 0.0025138804806856827
0.004680583425845282 0.005986608308151839 0.005986608308151839 0.0025459391681633896
0.005495846593717478 0.0062572859794982555 0.0062572859794982555 0.0025444958984693674
0.006040419552013329 0.005574074651812379 0.005574074651812379 0.0031851178120967686
0.00672030998138367 0.005809896439263682 0.005809896439263682 0.0031841432732486043
0.006038893463889581 0.005192804740703976 0.005192804740703976 0.0032317376800346785
0.006718537774781687 0.005428439902221855 0.005428439902221855 0.0032307732304565034
0.007156666593021798 0.004501263426333221 0.004501263426333221 0.0039053976641493953
0.007687237077062091 0.004708196396167528 0.004708196396167528 0.003904700592396945
0.007155197586094309 0.004203817537748832 0.004203817537748832 0.004005495921086554
0.00768561610977878 0.004410626988553849 0.004410626988553849 0.004004874827680757
0.007978436714573958 0.003153708532053098 0.003153708532053098 0.004595119854665063
0.008268431813324774 0.0032786331599651587 0.0032786331599651587 0.004595014337520176
0.007977501999973047 0.002991276217000611 0.002991276217000611 0.0046216131861290186
0.0082674404973255 0.003116161593463878 0.003116161593463878 0.004621529858780064
0.008276115069017376 0.0016310714901034418 0.0016310714901034418 0.004866700636879899
0.008038558846489234 0.0016510970647314609 0.0016510970647314609 0.004866592442535932
0.008277071142484337 0.0016947574205886543 0.0016947574205886543 0.004745368653756059
0.008039528273567183 0.001711326806731692 0.001711326806731692 0.004745286066626698
0.007586845266201876 0.001159984801547993 0.001159984801547993 0.0043191694940044115
0.006618546629250858 0.001245556155565157 0.001245556155565157 0.004318456366464698
0.007590443867017102 0.0009370030007014966 0.0009370030007014966 0.00408530073540167
0.006622077096378867 0.001014166552097214 0.001014166552097214 0.0040847199279864365
0.005658461955738996 0.0014861911418740863 0.0014861911418740863 0.002713651129236312
0.004042144383314971 0.0015274440806071399 0.0015274440806071399 0.0027133696981477182
0.0056640635120427385 0.0008406165441081367 0.0008406165441081367 0.0026116732771165516
0.004047632538172752 0.0008566406626992092 0.0008566406626992092 0.002611446582336024
0.0028891524055675967 0.001305483572517344 0.001305483572517344 0.0008698371573234592
0.0017686888957915512 0.001226935992396507 0.001226935992396507 0.0008705472408576763
0.002894921827110769 0.000371473411482712 0.000371473411482712 0.0010201378070570138
0.001770684073779024 0.00030571218188578137 0.00030571218188578137 0.001020655057278314
0.0006708447834023081 0.010810457463910355 0.010810457463910355 0.002066236212196913
0.002505878232902885 0.010956307037849214 0.010956307037849214 0.002066315904242408
0.0006706839452172562 0.009778884882887586 0.009778884882887586 0.0018575430846358538
0.0025052767645800667 0.009923784572498505 0.009923784572498505 0.0018573691571331155
0.0035021531424802134 0.006393779498029785 0.006393779498029785 0.0019732832069907958
0.004397161478108016 0.0065839202000700535 0.0065839202000700535 0.001971991669418971
0.0035017096957600915 0.005891213762481727 0.005891213762481727 0.001999196313782255
0.004396486144096294 0.006081094792514514 0.006081094792514514 0.001997954410793868
0.004976061497323807 0.005202895367892831 0.005202895367892831 0.002567560214758971
0.0056684062029342674 0.00535511459407152 0.00535511459407152 0.002566858114738935
0.004975401602006086 0.004814604970895823 0.004814604970895823 0.002574833218162803
0.0056675870286449805 0.004966667691008746 0.004966667691008746 0.0025741382074574624
0.0061360547198429085 0.004257045028439026 0.004257045028439026 0.0032786474952997283
0.006728115321238316 0.004384733297216508 0.004384733297216508 0.0032781798825728846
0.006135244461084398 0.0039253649958061005 0.0039253649958061005 0.0032934798141964912
0.00672718896193868 0.004052940023364761 0.004052940023364761 0.0032930477278494655
0.007095039896238107 0.0031400133517873285 0.0031400133517873285 0.004038176024309619
0.007515145085536701 0.0032174898689121944 0.0032174898689121944 0.0040380862689126445
0.007094328387269563 0.002904887417931422 0.002904887417931422 0.004019639361650032
0.007514373655553786 0.002982309635187812 0.002982309635187812 0.004019557849637679
0.007696601819569722 0.0018271807266686119 0.0018271807266686119 0.004586186538177995
0.00778450812814677 0.0018407121505595305 0.0018407121505595305 0.004586279929019386
0.007696440751211833 0.0017694449068105557 0.0017694449068105557 0.0044579252870217394
0.007784344213171054 0.0017729147226318931 0.0017729147226318931 0.004458017030982631
0.00766666035309012 0.0007692236711082281 0.0007692236711082281 0.004625548792369872
0.007269170468039579 0.0008438368779429587 0.0008438368779429587 0.004625338754056875
0.007667446173950651 0.0007970666837484195 0.0007970666837484195 0.004397234879280811
0.00726993896092713 0.000778237441907773 0.000778237441907773 0.004397085139178201
0.00679782110325451 0.0009661176764135328 0.0009661176764135328 0.003914524048145787
0.005916387768664645 0.0010631039218597696 0.0010631039218597696 0.003914031858780475
0.006799430808704457 0.0007236725395372745 0.0007236725395372745 0.0036880066134414393
0.005917927059807539 0.0008027094726507915 0.0008027094726507915 0.003687635829746658
0.005150972815886884 0.0013898892602506236 0.0013898892602506236 0.0025481812892531605
0.003968736731213598 0.0014113933681297298 0.0014113933681297298 0.0025480711368968665
0.005152972976610541 0.0007800084044160701 0.0007800084044160701 0.0024961893036206007
0.003970705182096788 0.0008021464894376072 0.0008021464894376072 0.0024961059130424066
0.003203952235600877 0.0010108176591186757 0.0010108176591186757 0.0011340427736598211
0.0022979661648810275 0.0009247385887988795 0.0009247385887988795 0.0011344974927389013
0.003205839871508297 0.00036953353338972466 0.00036953353338972466 0.001311817939198703
0.0022998441146524404 0.00029008496415041 0.00029008496415041 0.001312121616796801
0.0006920462616829416 0.00898052602791615 0.00898052602791615 0.0017071509792153153
0.002585147238267994 0.009038761795858235 0.009038761795858235 0.0017080128785408944
0.0006919526082004675 0.007916658092890678 0.007916658092890678 0.0014963986150988218
0.0025847970489555993 0.007973903869083669 0.007973903869083669 0.0014971241802969786
0.0035796877707924596 0.0053504984494756715 0.0053504984494756715 0.001994195205012588
0.004406070166454106 0.005436620241335487 0.005436620241335487 0.0019938914314102624
0.003579459347142466 0.004886630554010251 0.004886630554010251 0.0019451681444441862
0.004405728830431715 0.0049725565349598875 0.0049725565349598875 0.0019448811785900656
0.004932596237384403 0.004190544373583456 0.004190544373583456 0.0025745775241336893
0.005547386012292015 0.004267664484520438 0.004267664484520438 0.002574286403114997
0.004932284770567685 0.0038458329152899254 0.0038458329152899254 0.002546646557965186
0.005547002796965827 0.003922843164872845 0.003922843164872845 0.0025463646921371013
0.005955821680637155 0.0032104721125466047 0.0032104721125466047 0.0032830261464354728
0.0064602390060520595 0.0032493633157741697 0.0032493633157741697 0.00328306404170512
0.005955463420149816 0.0029279654653361514 0.0029279654653361514 0.003225814281870735
0.006459836663192273 0.002966785723086201 0.002966785723086201 0.0032258418038334084
0.006748924059044003 0.0021091165571102744 0.0021091165571102744 0.003964874395103749
0.007037503544849074 0.002077254545537898 0.002077254545537898 0.0039651925326503485
0.006748679421284548 0.0019476661685676345 0.0019476661685676345 0.00382408819346687
0.007037250517834387 0.0019157808101859645 0.0019157808101859645 0.003824377428156935
0.007126025052404856 0.0009849888484713516 0.0009849888484713516 0.004338779883294697
0.0070837860707264715 0.0009249169076286967 0.0009249169076286967 0.004338959556818082
0.007126060459631102 0.000990284036862156 0.000990284036862156 0.004117984980035546
0.0070838201945974824 0.0009279126846705511 0.0009279126846705511 0.004118171912567975
0.006921819723668608 0.0006427849438171102 0.0006427849438171102 0.004226588423333899
0.00652519436255411 0.0007407679214133374 0.0007407679214133374 0.00422646324607257
0.006922116902246042 0.0005537142359711841 0.0005537142359711841 0.003978823862674209
0.006525460979522523 0.0006517455822580241 0.0006517455822580241 0.003978763742338892
0.006134612224038323 0.000963541649131558 0.000963541649131558 0.003543715595357555
0.005466390931770795 0.0010408040744646655 0.0010408040744646655 0.0035435033362784976
0.00613503607288124 0.0006538403998252569 0.0006538403998252569 0.003377210194811407
0.0054667738497971 0.0007270311236646245 0.0007270311236646245 0.0033770660216678123
0.00491435514941578 0.0012091136915880828 0.0012091136915880828 0.002480955265996448
0.004085919133102453 0.0012034994331128275 0.0012034994331128275 0.0024809831609977173
0.00491482136485504 0.0007865364912185245 0.0007865364912185245 0.0024969564404615833
0.004086384035055084 0.0007817451708672667 0.0007817451708672667 0.0024969705307024076
0.003587764511064807 0.0007693907018949856 0.0007693907018949856 0.0014455493343028052
0.003015770963327713 0.0006752277750463371 0.0006752277750463371 0.0014457828389497212
0.0035881928497732848 0.00036131964805797775 0.00036131964805797775 0.0016386822089187194
0.0030162167941992874 0.0002732686518996842 0.0002732686518996842 0.0016388071436465733
0.0006470106937707306 0.007146001985978015 0.007146001985978015 0.0013536249259962702
0.0024167695573664564 0.007155315095114906 0.007155315095114906 0.0013544923975550931
0.0006469694875694299 0.006151508723325768 0.006151508723325768 0.0011715655316224716
0.002416615546143574 0.00615995994032686 0.00615995994032686 0.001172315775657073
0.0033534917183126616 0.004446795645389556 0.004446795645389556 0.0018869677380303374
0.00414258478982951 0.004460521055752425 0.004460521055752425 0.0018872084307056131
0.0033533877838586726 0.004003879104297854 0.004003879104297854 0.0017643645219329682
0.004142441588772018 0.004017433101393866 0.004017433101393866 0.001764580593422559
0.004643062630101991 0.0033670344234058144 0.0033670344234058144 0.002499301576202593
0.005222120022563007 0.003368409304190386 0.003368409304190386 0.002499545616617978
0.004642941367162479 0.003042341101149957 0.003042341101149957 0.002392718631727286
0.0052219772665875325 0.003043624134345976 0.003043624134345976 0.0023929310676428614
0.005582055739722917 0.002377197512308695 0.002377197512308695 0.003161716912209835
0.005987470062574144 0.0023407069439690996 0.0023407069439690996 0.003162121032265282
0.005581946155845052 0.0021500429021280186 0.0021500429021280186 0.0030355819847105786
0.00598735453988177 0.0021135061499366896 0.0021135061499366896 0.0030359456111764983
0.0062022187261418765 0.0013648219804885575 0.0013648219804885575 0.003706164599160578
0.006384701812947881 0.0012790239929553792 0.0012790239929553792 0.0037065815413692567
0.00620216738454405 0.0012626342389522602 0.0012626342389522602 0.003514003999601955
0.006384655119249175 0.0011768194888151671 0.0011768194888151671 0.00351439164577375
0.006425759043567286 0.0005273688292761796 0.0005273688292761796 0.003954990845144546
0.006356393921913011 0.0005650703802366299 0.0005650703802366299 0.003955190855380888
0.006425761554521351 0.0005327116398525984 0.0005327116398525984 0.0037104950698362816
0.006356390887655906 0.0005452099588758194 0.0005452099588758194 0.0037107060043308896
0.006223540136420891 0.0005440941300484221 0.0005440941300484221 0.0038081758748738782
0.005930581764007493 0.0006276779455800759 0.0006276779455800759 0.0038081557618284043
0.006223543761889555 0.0004808279211216877 0.0004808279211216877 0.0035904298235794473
0.005930563660974867 0.0005569861327223737 0.0005569861327223737 0.003590450127405272
0.005657927913073675 0.0009093110635766192 0.0009093110635766192 0.003272663780201923
0.005206418631001453 0.0009633507080186281 0.0009633507080186281 0.0032725920781204957
0.005657914971446049 0.0006732589384004317 0.0006732589384004317 0.0031555368309984884
0.0052063870654938775 0.0007273484315053072 0.0007273484315053072 0.0031554982637083187
0.00484641853406183 0.0009851091229403797 0.0009851091229403797 0.0025162100898431334
0.004317451174930956 0.0009697142782868178 0.0009697142782868178 0.0025162316820410446
0.004846384287645986 0.0007183441239940094 0.0007183441239940094 0.002554940326420882
0.00431741920313646 0.0007043937957111748 0.0007043937957111748 0.0025549474201295654
0.003999024745594892 0.000582014944217335 0.000582014944217335 0.0017826855061250952
0.0036815710278904484 0.0004862161496371266 0.0004862161496371266 0.0017827449239761596
0.003999031932515376 0.00035477244864277186 0.00035477244864277186 0.0019845519657110287
0.0036815898562095745 0.0002615732899948065 0.0002615732899948065 0.001984542325165036
0.0005691334311976959 0.005456658277531784 0.005456658277531784 0.001043747343597335
0.0021256532030034993 0.005435344403352502 0.005435344403352502 0.001044516060020702
0.0005691235948075457 0.004581913773358599 0.004581913773358599 0.000878392078351496
0.0021256164935439604 0.004559932930074692 0.004559932930074692 0.0008790339034607593
0.0029735105303081316 0.0036169873415993646 0.0036169873415993646 0.001655340311572617
0.0037322996184749515 0.0035796009446558683 0.0035796009446558683 0.0016558864048788083
0.002973480605431234 0.003191008879709033 0.003191008879709033 0.0014809683643577623
0.0037322727896195954 0.0031534625850066452 0.0031534625850066452 0.0014814503371157297
0.004205856582893961 0.002654782735878452 0.002654782735878452 0.0022949470422405156
0.0047407390593985545 0.0025989689335626444 0.0025989689335626444 0.0022954993927542426
0.004205838752360381 0.0023547455517522993 0.0023547455517522993 0.0021416157996332593
0.004740727376801991 0.002298849879477662 0.002298849879477662 0.0021421039189093868
0.005062169342842154 0.0017439480884616785 0.0017439480884616785 0.0029367649912641013
0.0054053888301241375 0.0016636030102343052 0.0016636030102343052 0.002937277842486168
0.005062166019127524 0.0015515274920830512 0.0015515274920830512 0.0027563522453107198
0.00540539492443132 0.0014711432455332852 0.0014711432455332852 0.0027568140670308117
0.005582396040647725 0.0008806167972817221 0.0008806167972817221 0.0033656703024652927
0.005722578518235748 0.0007921549181434053 0.0007921549181434053 0.0033660283367192485
0.005582393562860034 0.0008020057830628176 0.0008020057830628176 0.0031501449618095527
0.005722581003023266 0.0007182770600823496 0.0007182770600823496 0.0031504784852625185
0.005763682215993327 0.000401537481537392 0.000401537481537392 0.0035436406198815634
0.005735581093482452 0.0004601353920308921 0.0004601353920308921 0.003543805450961485
0.005763664452859642 0.0003932970795101934 0.0003932970795101934 0.0033314134738016677
0.005735560322743792 0.0004480054975880237 0.0004480054975880237 0.0033315811102923865
0.0056642080143386704 0.0004876581334990183 0.0004876581334990183 0.0034461425850133014
0.0054971886668699925 0.0005548544672101551 0.0005548544672101551 0.0034461737850754203
0.0056641619570650115 0.0004297291107657635 0.0004297291107657635 0.003269734148878233
0.005497133863257483 0.000493292112253627 0.000493292112253627 0.0032697854428499875
0.005337407228187089 0.0007748844561435092 0.0007748844561435092 0.003081709168126289
0.005067921254744105 0.0008138932538583326 0.0008138932538583326 0.0030816953941918577
0.005337318192234186 0.0006321533064422677 0.0006321533064422677 0.0029975495779299296
0.005067825062491185 0.0006706895444642256 0.0006706895444642256 0.002997550871035035
0.004863929239901189 0.0007730355558223847 0.0007730355558223847 0.002586377949145842
0.0045804871191610814 0.0007549251924455429 0.0007549251924455429 0.0025863801932148327
0.0048638476295134 0.0006346918516397263 0.0006346918516397263 0.00263394452882679
0.004580407328327214 0.0006166042884256111 0.0006166042884256111 0.0026339372043017017
0.0044150524479911 0.0004408383892578164 0.0004408383892578164 0.0021334875722782646
0.004251812472627027 0.00035497089883893506 0.00035497089883893506 0.002133443570570347
0.004415038787954846 0.00035191383158252206 0.00035191383158252206 0.002331796887425141
0.004251800493142576 0.0002695478718243831 0.0002695478718243831 0.0023317195461490412
0.0004744095548518902 0.003990622964710905 0.003990622964710905 0.0007660688171404197
0.00177164468391612 0.003956674025165483 0.003956674025165483 0.0007666114494420842
0.0004744133168082664 0.0032614669967435663 0.0032614669967435663 0.0006281499418961773
0.0017716587857038056 0.003227053822133085 0.003227053822133085 0.0006285563036369568
0.0025119204787059767 0.0028540540839884373 0.0028540540839884373 0.0013356361735726552
0.003236256528732136 0.002782504725641375 0.002782504725641375 0.0013363053724133158
0.002511929497953707 0.0024473123798729687 0.0024473123798729687 0.001127588582942901
0.0032362896634914725 0.002375612998045647 0.002375612998045647 0.0011281618615676663
0.0036851637645294306 0.0020532624652871037 0.0020532624652871037 0.0020216576102384054
0.004186850926335982 0.0019689519153329106 0.0019689519153329106 0.0020222452127600684
0.003685191481719719 0.001771727169251231 0.001771727169251231 0.0018315523306439796
0.0041868960648054005 0.001687339730391407 0.001687339730391407 0.0018320639914412833
0.004487332606637599 0.0012855648054578344 0.0012855648054578344 0.0026179727361200144
0.0048061190887786 0.0011970216361841162 0.0011970216361841162 0.002618392583864644
0.004487371227830751 0.0011067563557073793 0.0011067563557073793 0.002419163493464187
0.004806172019897516 0.0010181768164389362 0.0010181768164389362 0.002419535625062906
0.0049815035260735675 0.0006127557421292785 0.0006127557421292785 0.0030003490504265
0.005141346600849614 0.0005490690477712744 0.0005490690477712744 0.0030006057267724503
0.004981531556674188 0.0005223301193355187 0.0005223301193355187 0.0028059632560931197
0.005141382362339442 0.00048045965520211785 0.00048045965520211785 0.002806197355442435
0.005213544835746836 0.00033136019312245715 0.00033136019312245715 0.003186995977665202
0.0052504870119686135 0.0003723836292896539 0.0003723836292896539 0.003187129303438207
0.005213554915224287 0.00032875676179918367 0.00032875676179918367 0.003004494721878823
0.005250499261369511 0.00037545760010134063 0.00037545760010134063 0.003004623735425339
0.005242378392501452 0.00042193150076834835 0.00042193150076834835 0.0031556005421851567
0.005183021027510383 0.0004745650519800378 0.0004745650519800378 0.0031556436381178416
0.005242367256035804 0.00039672382007992945 0.00039672382007992945 0.0030202564890020097
0.00518300855765708 0.0004476482636139889 0.0004476482636139889 0.0030203062039202335
0.005119017876253021 0.0006129284718694848 0.0006129284718694848 0.002946392505027245
0.005003554917585367 0.000639165123964222 0.000639165123964222 0.00294639750160961
0.005118991271176663 0.0005528926197508675 0.0005528926197508675 0.002890928822824595
0.0050035270644565024 0.0005791335268068559 0.0005791335268068559 0.0028909388933060225
0.004922102302015754 0.0005888212450279041 0.0005888212450279041 0.002670142007993672
0.004816495974549615 0.0005685233381900014 0.0005685233381900014 0.002670129386420677
0.004922102224806319 0.0005393563333800416 0.0005393563333800416 0.0027216322087764474
0.004816494830657084 0.0005190618956188193 0.0005190618956188193 0.0027216148735195286
0.004778896151550225 0.0003389186887738149 0.0003389186887738149 0.002464674315734254
0.004758603989570968 0.00027147613556762954 0.00027147613556762954 0.002464607932464339
0.004778952657797882 0.00033773138369465756 0.00033773138369465756 0.002624106041640467
0.00475865498249191 0.0002731268060897891 0.0002731268060897891 0.0026240302569304408
0.0003741753624521013 0.0027818607247969158 0.0027818607247969158 0.0005484037187245842
0.0013971411296430296 0.0027411374450312994 0.0027411374450312994 0.0005487278446860834
0.00037418311638661654 0.0022067448545987907 0.0022067448545987907 0.0004640176954900718
0.0013971701278769496 0.0021657315962898276 0.0021657315962898276 0.000464246597101728
0.0020220303703108807 0.00214572897260087 0.00214572897260087 0.0009900947010422479
0.002705793303700202 0.0020688916653994554 0.0020688916653994554 0.0009906219196515371
0.0020220558989069186 0.0017616673972795742 0.0017616673972795742 0.0008086271306433726
0.0027058448866901664 0.0016846949011276409 0.0016846949011276409 0.0008090616397895505
0.003138709758618068 0.0015470679876396646 0.0015470679876396646 0.0016915934198638827
0.0036373436521038322 0.0014617082738309095 0.0014617082738309095 0.001692038485258969
0.003138761120771372 0.0012671929067655267 0.0012671929067655267 0.0014992424613842563
0.0036374180063562084 0.0011817568838896233 0.0011817568838896233 0.0014996166841094462
0.003939679968670639 0.0009565186507971603 0.0009565186507971603 0.002279386039530205
0.004266605235933166 0.0008750342739138613 0.0008750342739138613 0.0022796811410164455
0.0039397339356696415 0.0007730967142380378 0.0007730967142380378 0.00209634337201341
0.0042666748995306035 0.000691575744587159 0.000691575744587159 0.0020965955902922553
0.004459117970888176 0.0004433884796119193 0.0004433884796119193 0.0026735810336533123
0.004657691663020636 0.00041051399021532775 0.00041051399021532775 0.002673758428958086
0.004459168656515461 0.00036380437994463913 0.00036380437994463913 0.002506474211771538
0.00465775238919752 0.00035427364486838927 0.00035427364486838927 0.0025066292423638736
0.004769141602867965 0.00026992203693475703 0.00026992203693475703 0.0028857160813998144
0.00487465288317109 0.00029725266954288535 0.00029725266954288535 0.002885805941461856
0.004769191632379498 0.0002748021343971012 0.0002748021343971012 0.0027439680020574066
0.004874709260164634 0.0003072634057392166 0.0003072634057392166 0.0027440497519289485
0.004926391984332483 0.0003404831920621908 0.0003404831920621908 0.0029338822821779443
0.004962034673432478 0.00037832376954000644 0.00037832376954000644 0.0029339179396153676
0.0049264335940552495 0.00035216955604566887 0.00035216955604566887 0.002833514076138762
0.004962079297208503 0.00039338720001136937 0.00039338720001136937 0.002833549393869108
0.004976331283950823 0.00046037070510535516 0.00046037070510535516 0.002858746481640085
0.004979805469752204 0.0004751786649869144 0.0004751786649869144 0.0028587508535910374
0.004976375295320488 0.0004650906953361114 0.0004650906953361114 0.002826534253587546
0.004979850561318504 0.00047970481905351486 0.00047970481905351486 0.0028265396418886758
0.004989092837008627 0.0004288414985835838 0.0004288414985835838 0.002756431699961649
0.005011392069201424 0.0004104324793200297 0.0004104324793200297 0.0027564163046371174
0.004989164817405889 0.000444646981081734 0.000444646981081734 0.0028003193001049165
0.005011462585089488 0.0004262383254733733 0.0004262383254733733 0.002800303337157813
0.00505091310423251 0.0002587588840076927 0.0002587588840076927 0.002726766488974169
0.005147043929626697 0.00021086997863400316 0.00021086997863400316 0.002726708301924346
0.005051019198238984 0.000310574894338567 0.000310574894338567 0.0028482215992888895
0.0051471419852164345 0.0002606136450533493 0.0002606136450533493 0.0028481651281712273
0.0002924778423012234 0.0018327524600658142 0.0018327524600658142 0.0004208226260675396
0.0010919701332111024 0.001794491396175539 0.001794491396175539 0.00042098246072459165
0.0002924823903312656 0.0013831955228320785 0.0013831955228320785 0.0003979488503606127
0.001091987135623669 0.0013447566176634624 0.0013447566176634624 0.00039802046816523977
0.001618380711775602 0.0015011248315913203 0.0015011248315913203 0.0006936063954496209
0.002256887467494823 0.001441003271295321 0.001441003271295321 0.000693894525658375
0.0016184035862934025 0.0011424142161381465 0.0011424142161381465 0.0005578654830797982
0.002256930754791222 0.0010821764191262938 0.0010821764191262938 0.0005580892093456897
0.002668165192833262 0.001107498406704515 0.001107498406704515 0.0013757555516013555
0.003153075908196176 0.0010433878462172681 0.0010433878462172681 0.0013759921135587292
0.0026682075317643918 0.0008352697331408428 0.0008352697331408428 0.0012312520001399596
0.0031531365062972172 0.0007710899881739265 0.0007710899881739265 0.0012314382440443172
0.0034632529217135896 0.0007074791346145518 0.0007074791346145518 0.001971523597055818
0.0038255293591011727 0.0006374865861753512 0.0006374865861753512 0.001971719107728925
0.0034633139653416543 0.0005042254071857342 0.0005042254071857342 0.0018142394044872022
0.0038256067038462045 0.0004341914875206005 0.0004341914875206005 0.0018143955385482447
0.004048131187866586 0.00034431318396090603 0.00034431318396090603 0.002397814476302891
0.0042937494465404916 0.0003048537727912236 0.0003048537727912236 0.002397917873376054
0.004048190978050428 0.00024869952950632454 0.00024869952950632454 0.0022686610578402685
0.004293820453364429 0.0002533777273598293 0.0002533777273598293 0.002268744700505476
0.004442998766052117 0.00021155699742733499 0.00021155699742733499 0.0026535464068308335
0.0046048715903338165 0.00022494196333896658 0.00022494196333896658 0.0026535995904620594
0.004443061688517327 0.0002216256038248967 0.0002216256038248967 0.0025487821838930456
0.004604942012712853 0.0002471748762667128 0.0002471748762667128 0.002548826389330543
0.004704675614382201 0.0002471403994030226 0.0002471403994030226 0.002770859700338794
0.004815370239515302 0.00027312906064308614 0.00027312906064308614 0.0027708822653459354
0.004704743441723775 0.0002977748250462571 0.0002977748250462571 0.0027004796708203155
0.00481544257193672 0.00032854037149279393 0.00032854037149279393 0.002700499266303566
0.0048890343897632724 0.0003231991061843574 0.0003231991061843574 0.0028060119662817423
0.004979642944341101 0.00033431082011268576 0.00033431082011268576 0.002806016672622044
0.004889109860913259 0.00037451822823414616 0.00037451822823414616 0.0027825331946506266
0.004979720081231287 0.0003864347677742964 0.0003864347677742964 0.0027825375432264455
0.005053313071488938 0.00030215062669669394 0.00030215062669669394 0.002828423371234214
0.005164191946352677 0.0002885224841048219 0.0002885224841048219 0.0028284112569871914
0.005053409718814457 0.0003641520403245287 0.0003641520403245287 0.002861732114285938
0.005164286480143394 0.0003499831926622612 0.0003499831926622612 0.002861721439344555
0.005264293220009565 0.00019509219041659458 0.00019509219041659458 0.0029250682679964413
0.005427087723442718 0.00016624240785975876 0.00016624240785975876 0.0029250284504370363
0.005264410175653167 0.0002800368521862919 0.0002800368521862919 0.0030147529987375296
0.0054271964649795805 0.00024225423867450346 0.00024225423867450346 0.003014719094954163
0.00024219133942306192 0.001087925476452426 0.001087925476452426 0.000402117754723357
0.0009041640602847265 0.0010645273599439403 0.0010645273599439403 0.00040214090315439507
0.00024219206790119559 0.0007156614060516856 0.0007156614060516856 0.00043088694609138645
0.0009041667877920369 0.0006921417913827886 0.0006921417913827886 0.00043085705141726355
0.0013609268892839804 0.000926419102596153 0.000926419102596153 0.0004761244096685102
0.0019467934142373027 0.0008921733241599653 0.0008921733241599653 0.0004762377592094847
0.0013609324561375503 0.0005972333704546334 0.0005972333704546334 0.0004030076514651429
0.0019468048143714027 0.0005628917578303677 0.0005628917578303677 0.00040308084687075353
0.0023364691514302306 0.0007175175792967128 0.0007175175792967128 0.0011450747300296236
0.002815137384112276 0.0006774168310299288 0.0006774168310299288 0.0011451722822901247
0.002336483858632981 0.0004487648220082418 0.0004487648220082418 0.0010546662729518062
0.002815162487720794 0.0004085992761213007 0.0004085992761213007 0.0010547319042274834
0.003128907034291166 0.0004757296960475103 0.0004757296960475103 0.0017221175702673466
0.0035073742354617384 0.0004340407072474991 0.0004340407072474991 0.001722191940824312
0.003128937115638634 0.00026338013180872503 0.00026338013180872503 0.001628366716237327
0.00350741514599259 0.0002330214178627536 0.0002330214178627536 0.0016284172564998095
0.00375063343635446 0.0002539454022679243 0.0002539454022679243 0.002187177417065143
0.004036683581020653 0.00021978248894492553 0.00021978248894492553 0.002187229899120466
0.003750675263884344 0.0001617726174755227 0.0001617726174755227 0.0020943650385132615
0.0040367347359714255 0.00017581375734607076 0.00017581375734607076 0.002094400957460796
0.0042162447693639225 0.0001605612474431079 0.0001605612474431079 0.0024841376476232944
0.00442065541370047 0.00016317380187536864 0.00016317380187536864 0.002484163772489527
0.004216289568199644 0.00017454614935562214 0.00017454614935562214 0.002412809696187812
0.004420706412545824 0.00020046647461141975 0.00020046647461141975 0.002412827829517959
0.004555399085562979 0.00016960087808436182 0.00016960087808436182 0.002657405515562452
0.004719077314244047 0.00018565480237059796 0.00018565480237059796 0.002657417161668345
0.00455545365765907 0.0002479455132511727 0.0002479455132511727 0.0026105185805567342
0.0047191359151349845 0.00026998486497277886 0.00026998486497277886 0.002610526824492072
0.004833742172888892 0.00021568885175975006 0.00021568885175975006 0.0027674404779542547
0.004983365445423215 0.0002236836451400202 0.0002236836451400202 0.0027674438111206633
0.004833804642670698 0.0002930621848312592 0.0002930621848312592 0.002750052976286944
0.00498342947385038 0.0003016438045461092 0.0003016438045461092 0.0027500553848551707
0.005099903628133066 0.00020393510535711334 0.00020393510535711334 0.002881002572902523
0.0052687488080119145 0.0001977374836264572 0.0001977374836264572 0.0028809969034271085
0.005099978204154206 0.00029223013850012634 0.00029223013850012634 0.0029007411117742007
0.005268821780877234 0.00028530937954530055 0.00028530937954530055 0.0029007370652012867
0.005406114065989878 0.00015584355322472262 0.00015584355322472262 0.003066213261059391
0.005612604661608796 0.00014841936606478572 0.00014841936606478572 0.0030661970508046757
0.005406191720805689 0.0002534593603495705 0.0002534593603495705 0.003117608399659075
0.005612676882562935 0.00023259792352695906 0.00023259792352695906 0.0031175970534042374
0.000220908492800744 0.0004665898879110719 0.0004665898879110719 0.00047987844496678937
0.0008246860595678092 0.00047433837684421944 0.00047433837684421944 0.00047986564684307585
0.00022090051183526092 0.0001270593431185422 0.0001270593431185422 0.0005418048520828256
0.0008246562580869097 0.00013470751743026912 0.00013470751743026912 0.0005418014230609707
0.0012452065844747937 0.0004285375816505141 0.0004285375816505141 0.00037641017382818105
0.0017902792498537582 0.00042042150133745335 0.00042042150133745335 0.00037642600921558773
0.00124517103863878 0.00012226055523532867 0.00012226055523532867 0.00037136793852060866
0.0017902409377838148 0.00011406253499430808 0.00011406253499430808 0.00037137176819983405
0.0021652074395656544 0.00036125331916894997 0.00036125331916894997 0.0010097913353062542
0.0026444338303571774 0.000347134167129473 0.000347134167129473 0.0010098069397063351
0.002165175180811976 9.343969113671212e-05 9.343969113671212e-05 0.0009779166144427902
0.0026444050433331798 8.9595406460609e-05 8.9595406460609e-05 0.0009779207957639534
0.0029598265292221262 0.00026140344097727976 0.00026140344097727976 0.0015804915655090123
0.0033422338243730637 0.0002451074584315417 0.0002451074584315417 0.001580504668099596
0.0029598060957511728 9.161549339157618e-05 9.161549339157618e-05 0.0015438259096818817
0.003342217487971261 0.00010551679225341638 0.00010551679225341638 0.0015438294206543835
0.003592438952122636 0.00017017920272472583 0.00017017920272472583 0.0020443249702610912
0.003893588524906199 0.0001517502933629203 0.0001517502933629203 0.00204433712645601
0.0035924311831998772 0.00012619479590903596 0.00012619479590903596 0.0020007934230364633
0.003893584624509384 0.00014772107351651142 0.00014772107351651142 0.0020007966804411114
0.004088668885958986 0.00012166620790901987 0.00012166620790901987 0.002374022765188097
0.004320474089903998 0.0001235405376039306 0.0001235405376039306 0.002374029253532879
0.004088670214499244 0.00016905718067019098 0.00016905718067019098 0.0023396956012948582
0.004320478397855441 0.00018664056996727549 0.00018664056996727549 0.0023396973399117415
0.004474103606777127 0.0001276140020720724 0.0001276140020720724 0.0025837761685707063
0.004662015148402608 0.0001362098461077832 0.0001362098461077832 0.0025837799383034614
0.00447411120353556 0.00020391278182435625 0.00020391278182435625 0.0025578570688079994
0.004662024713325069 0.00021757214096191122 0.00021757214096191122 0.002557858078937289
0.004797100179610327 0.00013980943689371084 0.00013980943689371084 0.0027377929387758207
0.004978257352703372 0.0001448648441947713 0.0001448648441947713 0.002737795155004736
0.004797113929529062 0.00022585813290914916 0.00022585813290914916 0.002721913863130529
0.00497827226480352 0.0002328403563853642 0.0002328403563853642 0.002721914456978614
0.005116936326921041 0.00014583251959155322 0.00014583251959155322 0.0029069866998523404
0.0053146688684562364 0.00014568410826886098 0.00014568410826886098 0.0029069872650168862
0.005116953704436783 0.00023443454481132818 0.00023443454481132818 0.002904552061708365
0.005314686275568059 0.00023546355899209612 0.00023546355899209612 0.0029045522131433514
0.00546922648366152 0.00014724099699528533 0.00014724099699528533 0.0031404742304239285
0.005693757156545345 0.00014710825722907573 0.00014710825722907573 0.0031404726577661008
0.005469242420681417 0.0002319751177138142 0.0002319751177138142 0.003151824945327083
0.005693771753217604 0.00022736086710066071 0.00022736086710066071 0.0031518245239408075
H_3F 640
0.015713556126570202 0.00859649888125494
0.016676345583993505 0.010716993105963196
0.015600545763830397 0.008539528489918837
0.01656868284240666 0.01065907871905186
0.02479864451544027 0.016223783226346617
0.027742414818810002 0.019285010450652264
0.02425053384705053 0.015925291937581857
0.02725223404904388 0.01898582010904149
0.0387631688536302 0.026615064971508496
0.042268466315011646 0.02968419468317466
0.03609231259872726 0.025031090081932227
0.03983671031328975 0.028103260079193636
0.049866632341705755 0.034878928917433355
0.052000158243121576 0.03660731438780792
0.047340987795600496 0.03328187116120954
0.04958626331133093 0.035012783580118896
0.055927209270246296 0.03929239221270265
0.05660533818528691 0.03983192540341758
0.054034771341849835 0.03806927916826594
0.0547374241634568 0.03860959820587137
0.05770671113117528 0.04056105135568075
0.05739169090756099 0.040308270848593446
0.056409064263906156 0.0397233312852998
0.056086218040925645 0.03947022058973393
0.056055201469705905 0.03933285385791793
0.05443145583295918 0.037977211301462324
0.05515254796676358 0.03875971932518958
0.05349577983538487 0.03740086363217811
0.04796075780753285 0.03348785058227988
0.0441312991689287 0.02989528415277057
0.049611964157157545 0.034508804841711545
0.04590874032232259 0.0309125647782926
0.030423987441192672 0.02075869565766146
0.027248957914699858 0.016553490064228252
0.03614595881359373 0.023989347102542167
0.03352029495927769 0.019776443011674902
0.020699984491577388 0.011901603531108562
0.020442295071845026 0.010664516183729246
0.02165502056104652 0.012385978956143705
0.021409576385965474 0.011148810026012888
0.015120361099432687 0.008390080337081813
0.016392049381068245 0.010792177093471795
0.013978261051442425 0.007814069907918707
0.015340656140560984 0.01021307094987609
0.023079161046738204 0.015274055890364756
0.024647303016661945 0.01694136397859744
0.02092574218638757 0.014077414977817598
0.022638076903326892 0.015742008066916273
0.03085815895679214 0.020946041629901987
0.031945796200005504 0.022011045957655666
0.026418517662212832 0.018345541240780954
0.027677058885656178 0.019411334611987324
0.037850387983216986 0.02581798014956596
0.039334940375786054 0.027228182557647702
0.031295568968764696 0.02190159685132952
0.033064239896108114 0.02331045443074586
0.044310168710058696 0.030558945043484324
0.04585542813952105 0.03194669829289828
0.037672089821408426 0.026481230884487818
0.03946889548753111 0.027866860199055533
0.04925040705834619 0.03427909778490895
0.05033133535515994 0.035205384112065446
0.04426229164297927 0.03114858756472412
0.04546001569829059 0.032074181605271104
0.052097380828969926 0.03646701448983032
0.05293236278559276 0.03715417005207696
0.05024681326980627 0.03529548655641112
0.05111190485741541 0.03598281667640199
0.054372103833417444 0.038193154819100475
0.055027337289809415 0.0387136317633844
0.056850937888727734 0.03975018292421862
0.05747810699023822 0.040270688935826957
0.05211943660848464 0.036786339562698965
0.05078003808429729 0.03575179337040547
0.06025290005501395 0.041963506678257545
0.05911400007641398 0.040930781599226584
0.037795766375136125 0.02666662870689177
0.029318211549512425 0.017632503441222743
0.054331996693826275 0.03665418797186373
0.048902737909531466 0.027613486787727164
0.012374367699696678 0.006796152898179601
0.013233346127508653 0.008562055940322572
0.009098585164019098 0.005145130672053368
0.010227302440018644 0.006910375497056774
0.017195035735826265 0.011207598464465975
0.01771389756943072 0.011821604832066061
0.012534167740976234 0.008606588523725343
0.013222587255891002 0.0092212079971448
0.019334176411268496 0.012837196847645137
0.01937050554732787 0.012857178066399553
0.013442528906621135 0.009418986073130468
0.013477621049364688 0.009441300306225383
0.02081585098871221 0.013701441156039312
0.02101041805092465 0.013916416772733944
0.013331003612243082 0.009368401899091626
0.013606404480245625 0.009581848158010345
0.023965038897529035 0.015708771820308602
0.02475020092728267 0.01661993096744449
0.013831923119351856 0.009770625195714887
0.015089740773827956 0.010662205300729345
0.02932380543036655 0.01952885414682723
0.030284264198771157 0.020571761321310673
0.016354883547609115 0.011524335917506562
0.017976214968440186 0.012557755592269845
0.034547426245913 0.023279314321500585
0.035046957230981515 0.023817728231643173
0.01869523145469558 0.01287916159893159
0.019624296866885497 0.013422393500314685
0.04111829037717719 0.02777217088663412
0.042348635050265794 0.029066776676884228
0.02124502512401756 0.014249942826299454
0.02364392328488667 0.015559622642520976
0.04714548810325276 0.03242543117922658
0.048372467332591464 0.03361419072774498
0.026003732785676737 0.016670193484734586
0.02838338350423365 0.017889349724207575
0.050569765054863686 0.03548671107719328
0.05438549821394748 0.038443051940385664
0.031001379069531317 0.018690325918922016
0.03697966759665613 0.021584155041631175
0.007342832053453489 0.0038842967767921915
0.007520801594826374 0.004488773435107929
0.006080581993982819 0.003251644575594109
0.006292350838304931 0.003855897548245013
0.008247401239001997 0.004950780641592012
0.008232039188950682 0.0048901821992058826
0.006331363975208049 0.0039594485142808835
0.006303950351542126 0.0038965369874527133
0.007618481110901848 0.004644093182274148
0.007725999972555533 0.004826943474503832
0.005560837153739766 0.0035676104879096902
0.005699900126982975 0.0037477643417505226
0.007066724737203592 0.004589175562290999
0.007387931058271749 0.004971615245573648
0.005191575878499653 0.003548549280090388
0.005611875704027032 0.003927450713409492
0.007149418706505705 0.004946574508870909
0.007601028234065552 0.00533375885785581
0.005690667737690617 0.004021933405351809
0.006239701586966686 0.004404589606543134
0.007554883584969438 0.005341124409422875
0.008183371346714576 0.005777111480220623
0.006843417650083065 0.0048221118446006165
0.007524808923650295 0.005254337949249512
0.008689303556123355 0.0061204871605128885
0.009385010222893935 0.0065630916703154326
0.00818691748331054 0.00571322807248341
0.008919126888881367 0.006154994530548179
0.00991297403734522 0.006945365503609588
0.010210089282098178 0.00713012479031319
0.009225988695392767 0.006335777705434658
0.009546555798062416 0.006522423291355586
0.00940886052035883 0.006503001587963644
0.008819819154751234 0.006145278697595667
0.008662262550195756 0.00569690036510109
0.008006191576423002 0.005336477161054792
0.006883996586030632 0.004850604952455867
0.005226499870452927 0.003610537886665658
0.0054487693436643956 0.0032103440714996256
0.002977965451686659 0.0019223449579094027
0.005172446660383543 0.0027123675370872256
0.005265773092951091 0.0030711152583957403
0.004017677198919318 0.0021339454462316614
0.00413196917486553 0.002491330586583774
0.005029048076632931 0.0030699781197524446
0.0053087963822574845 0.0034891492523041806
0.003703693817660925 0.002376196564244934
0.004068652166415431 0.002792498407721057
0.0048746033425778905 0.0033894472184299858
0.005375385533351209 0.0037941209243170884
0.004065069057387323 0.0028723014261679254
0.004646332619301141 0.003272656162907534
0.005533087090985007 0.0039017213122572937
0.006199554194557246 0.004325449462211569
0.005276812499060246 0.003699150517311661
0.00596807696606619 0.004120106317055703
0.006819140798264703 0.004735058657721879
0.0075484860816519336 0.005165834660245564
0.006732459887449104 0.004658158342626737
0.007468350517428454 0.005087908234422052
0.008307968820796511 0.005708808520093265
0.009012738446492594 0.006115417364739901
0.008274009661371876 0.005678175768728292
0.00898024711400555 0.00608443772602061
0.009566939333278042 0.006519993736470552
0.009950394954504602 0.006739051644154611
0.009597944632035341 0.006552410843210689
0.009979965185126888 0.006771450517991336
0.009890971155952041 0.006690587019682805
0.009574015288785612 0.006510295986837363
0.009873519943047611 0.006668817364512297
0.009555922001643628 0.006488655041195711
0.008119971190571468 0.005346309670381222
0.006363644963421087 0.004361158808131108
0.00809300999634427 0.005297163141464086
0.006320593607254826 0.004311045061114568
0.003331304565997852 0.0020745292643718763
0.0022278014761974874 0.0014842293251084576
0.0033088089223276404 0.0019771973354455624
0.002115382338403179 0.0013562368385245643
0.003305511255528509 0.0018207435495908094
0.0035506209366974913 0.0023098259876721734
0.002605521921197479 0.0014680756780770395
0.002903008438060097 0.0019540348488835757
0.003396857248748158 0.0023735270231850522
0.00423091634803263 0.00298224432233434
0.003030982860093486 0.002138955892940514
0.0039387011070666465 0.0027446672776787807
0.004820581940810022 0.00334989356189951
0.005529552502095946 0.0037667147203046328
0.004734652854115193 0.0032727069107728194
0.00545396250037325 0.0036890986417047428
0.006263255346365104 0.004277734140187146
0.0070083551391027675 0.004700046650758246
0.006261857584115008 0.00427739317780502
0.007006224765929923 0.004699360725827652
0.007761385169397971 0.005265408763045607
0.008351573247912058 0.005597795957955882
0.007799325087171914 0.005305799006288364
0.00838632868031145 0.005638044401119488
0.009017833146655772 0.006127074329362794
0.009466419140071002 0.006381374672570705
0.009094158129186361 0.006205909671243707
0.009538857330268385 0.006460146755933744
0.009860172678308994 0.006716383737427991
0.009914987651867805 0.006747862370599612
0.009881398212252139 0.006737869265589368
0.009936108529886531 0.006769359736489307
0.009504665137827998 0.0064488370884734445
0.008782415337689826 0.006032145757891846
0.009455233630561374 0.006394255887469769
0.008728350658653242 0.00597757480912834
0.007104927761936487 0.004717998700238129
0.005342573145381593 0.003708894084367174
0.007048776398656306 0.0046421203689905755
0.005262838548553287 0.0036329948238613507
0.0028374671539455453 0.0017286700671428146
0.001730318569302315 0.001144113848076898
0.0028719038519394746 0.001774260533481802
0.0017597216312729882 0.0011804730231380592
0.002382966497883248 0.0014383255446137598
0.0031202894634071916 0.00220363179888011
0.002253667987475939 0.0013716172405815105
0.0030214933583323825 0.0021360795786071144
0.003700697619614264 0.0025803262071378043
0.00455561574012698 0.003081770227446187
0.003618040553029757 0.0025075472536626045
0.00448807877317395 0.0030086381445248254
0.005314679747883921 0.0035985199155023034
0.006044938670316326 0.004005653050764895
0.005328195515771362 0.0036132612970043356
0.006056301607334583 0.004020171246093423
0.006828736621168004 0.004612768682055049
0.007436486712854352 0.004952226627316137
0.006849260011181079 0.00463531557196213
0.007454974547092889 0.004974655502619095
0.00815291405810326 0.005531032128585597
0.00862208214964478 0.005795968834729518
0.008200051833366107 0.005580346753590431
0.008666470871830244 0.005845245468729768
0.009207093943650121 0.00628677828461951
0.009459446147297271 0.006431723075422474
0.00921953613810237 0.006299557593051033
0.009471489355556147 0.0064444851780527815
0.00960098201876369 0.0065714078529486375
0.009396922386091 0.0064525756445125825
0.00954088205344755 0.006511219898120198
0.009335510415376742 0.006392407170096941
0.008730145829894719 0.005953007380103143
0.007902798546883716 0.005468501497857778
0.008620006971981575 0.0058378723012093865
0.007780542523531061 0.005353398512182652
0.00627551544940741 0.004186056542487654
0.004868398744391322 0.003377757040731345
0.006237183080113861 0.004137868394579645
0.004816947416826272 0.003329539560254388
0.0030172534369617655 0.0018794947814455279
0.001971322629267277 0.0013196180683246138
0.003069406054999802 0.0019575298170838914
0.0020437854180619056 0.001395669565528669
0.0021724099079160767 0.0013685404977996107
0.003247935826684635 0.0022860970685726466
0.001974913483079871 0.001264113514926555
0.003118690727374894 0.002181322960856591
0.004019816320228564 0.002737718174735505
0.00481910574783485 0.0031845765737634935
0.004032214862134803 0.002750453004771173
0.0048291730392316 0.0031972202774450805
0.00559942438841365 0.003771810856041389
0.006222506686429899 0.004117632158836601
0.005602177005646943 0.0037751174100844444
0.006224767484682232 0.004120862618051222
0.00695706094003363 0.004707351107571318
0.007484250070540624 0.0050031476019056
0.006963349329438136 0.004714362137640445
0.007489942233924381 0.0050101183448940725
0.00816372811480879 0.005566607960273863
0.008531327351112913 0.005776615677224673
0.008153955841439482 0.005556983874459798
0.00852189279103326 0.005766965752595733
0.008959396549543336 0.006141394178873858
0.009035072240137828 0.006185394028583078
0.008894284575028057 0.006077183019116786
0.008970503368131627 0.006121180622076843
0.008953959046155969 0.0061461045727299966
0.008615950201991603 0.005947254611048227
0.008838857698480852 0.006032340526615731
0.008496256247123671 0.005833512050052666
0.007844352763317318 0.005356172575700148
0.007093891007109791 0.00491520981372256
0.007735221529028574 0.005243718711072948
0.006972841508168218 0.004802781444777099
0.005746803357772524 0.0038495770525700224
0.004716305520253208 0.0032584039340552325
0.005725739387816075 0.0038245811401155707
0.004690100678264333 0.0032334055475695973
0.0033987296068534074 0.002168997504630349
0.002562758875893101 0.0017162318288099644
0.003463852708669332 0.0022588289053535
0.002647819119382387 0.0018059828657246207
0.0018420891656337225 0.0011995986204491283
0.0030984341588593083 0.0021465800584044444
0.0016486379915751977 0.0010941756116496447
0.002987064879697037 0.0020409606146262887
0.004097679715650833 0.0027869414879025237
0.004836223459680929 0.003199980798932184
0.004073844416273897 0.002762313745793326
0.004815912097010397 0.00317530500451089
0.005564077198317177 0.003753586880759046
0.0061155900822926195 0.004060836207703506
0.005550931610925309 0.0037394656642664352
0.006103541035735664 0.0040466837445514645
0.006800740589798036 0.0046194239135363135
0.007246599031080281 0.004871651523878589
0.006772992125336021 0.0045906388510102755
0.007220494793189886 0.004842839233512841
0.007827400904750715 0.005356899227073876
0.008077698184801743 0.005501348038749711
0.007756824378744322 0.005286383807375708
0.008009291951462164 0.005430813972995661
0.008342975723516423 0.0057324024678497764
0.008307020833699729 0.005711372813772276
0.00823034251839595 0.005622022719833324
0.008193890922562423 0.005600996053582729
0.00811021812204998 0.005574204073501253
0.007774390846845187 0.00537582880431334
0.00798415566848155 0.005450470382460125
0.007642787574741407 0.005252112360930708
0.007084588016257598 0.004839163909697939
0.006514433644850703 0.004504947134024646
0.007003157596077085 0.004756123133846324
0.006425744411313655 0.004421919935732457
0.005505090877221274 0.003697655207706114
0.004780168679806909 0.0032834511470500854
0.005512736209360841 0.003705888902658312
0.004788882574583484 0.003291677282878746
0.003868031419825772 0.002516656922683806
0.003344422598992549 0.002230776901138717
0.003944668212789367 0.002613437529346002
0.0034326742641382193 0.0023275119689229306
0.0015003077278118945 0.0010003178098835005
0.002770455693283652 0.0018856309774607748
0.0013383330350595457 0.0009092675095959508
0.002685955132856327 0.0017944656609003235
0.0038479285270335956 0.0026202297281714996
0.004552204345353266 0.0030148966102675617
0.003789220473288448 0.0025588761528958204
0.004502617792692553 0.002953511091097289
0.005273000944041105 0.0035711821031522923
0.005789496162845918 0.0038608328195904925
0.005223218068348619 0.0035178299994448824
0.00574414185646972 0.0038074541671151967
0.0064152786466627676 0.0043718863259663765
0.006771174726213767 0.004574795547419713
0.00635396575948067 0.004308764070277815
0.006713075311678298 0.004511650075529134
0.00722517634130656 0.0049541916626512274
0.007382625817626088 0.005045641677158569
0.007128471391197451 0.004858085692073003
0.007287988037287042 0.0049495233825114626
0.007545351673127232 0.005190374944355916
0.007486473027602602 0.005155792388646949
0.007420120296790613 0.0050681283121788165
0.007360233975034514 0.005033548445993398
0.007296208284007056 0.005015858005647384
0.0070479678181675255 0.004869368762917949
0.007184962301515794 0.004906986792734501
0.006932742419436925 0.0047605068941900695
0.006536243300840612 0.004465295846637799
0.0061495246865929465 0.0042395053545609745
0.0064783805473205515 0.004406725901222269
0.006087991094606509 0.004180942664601098
0.005460685471946394 0.003681314311952482
0.004997179857241462 0.0034168414284860005
0.005478609379679622 0.003700662307033434
0.005016758405109637 0.0034361833116330126
0.004378374873126875 0.0028908551258599933
0.004090494431895134 0.002732157975933304
0.004464381581124666 0.0029917919491132022
0.00418240506284562 0.0028330660906873053
0.0011888319392468205 0.0008064403873975155
0.0023684204312326407 0.0015850846315121007
0.0010466490861207132 0.0007237578365795208
0.002300205660600717 0.0015023251985023598
0.003403221476920166 0.0023144254209403743
0.004083138526664352 0.00269409301167688
0.0033218751040796526 0.002227224484894498
0.004015539226240375 0.0026068615633676627
0.004791243212628739 0.0032504018125672383
0.0052672501641219 0.0035181192260763986
0.004719703152116152 0.0031737272759968203
0.005202221185279115 0.003441415647855689
0.005852362520343849 0.003999467167053128
0.006151896417267686 0.004171333336305153
0.005763939842281393 0.003909259132219122
0.0060678099911950795 0.004081104495731066
0.006518503059716718 0.004474033171556509
0.006639130339206348 0.004544303427477498
0.006409877625280787 0.0043662692623347935
0.006532491716203303 0.004436529744142892
0.006765901383395441 0.004653661417937445
0.006742065525799767 0.004639693272221968
0.00665718736844511 0.004547538963330655
0.006632954463155157 0.0045335707165180894
0.006630169767505247 0.004555175299675986
0.006488081149007381 0.004471681225972707
0.006540175233141923 0.004466948052971622
0.006396090802423448 0.004383459653053735
0.006163184835490285 0.004209558198156689
0.005931329728388936 0.004074808324467981
0.006121459708051822 0.004167433885082058
0.005887967568563594 0.00403268796676311
0.005508825514262873 0.0037251535945235156
0.005260249495285806 0.003583433656187957
0.005531245568952774 0.003748896079170095
0.005283725625881639 0.003607172266314458
0.004903514794469168 0.0032742700101346823
0.004757046433575639 0.0031926280215986867
0.004992979493584103 0.0033734178376899934
0.004849198230159389 0.0032917600196458088
0.0009010692860871968 0.000620239185996155
0.001930393224310514 0.0012691280666791021
0.0007871723729077333 0.0005512816293522218
0.0018798558135674228 0.0012001075446703812
0.0028449373419283364 0.001923778326139316
0.003501295241493077 0.002286280950572726
0.0027534062204972844 0.001819759040448304
0.003427290470899362 0.0021822257625295693
0.004203276277433543 0.002853410687383918
0.004649644758461821 0.003104548069548025
0.0041152424226073205 0.002758371906181849
0.004570181301241638 0.003009480028123342
0.0051951838436825985 0.0035526526713788066
0.005473094227104025 0.003712255836321622
0.005097926298454413 0.003453267360647469
0.005380840280643379 0.0036128538224802107
0.005815279168249672 0.003990926288250034
0.005952905139308664 0.004070976163811032
0.0057174370520964605 0.0038937474063836536
0.005857350612134058 0.0039737898588909385
0.0061104822326880776 0.0042002704067060186
0.006142101192563145 0.00421880815770341
0.0060173202829712355 0.004109024818551555
0.006049421979422753 0.004127561498397425
0.006118851689002224 0.004198989467343305
0.006068096385392077 0.004169332332814113
0.006050154023371232 0.0041313118725189064
0.005998818823250588 0.0041016573807886566
0.005906401003240358 0.004032705190640133
0.005806618641755636 0.0039749762095974885
0.0058789064538416385 0.004004960047000629
0.005778651293301764 0.003947232978881263
0.005599709761618121 0.003796122155004713
0.0055071067188751585 0.003743312680485146
0.005624444167319351 0.003821867216791383
0.005532251799539599 0.003769054852088306
0.005377031514687418 0.0036217852336422394
0.005358974173321502 0.0036116059610176534
0.0054520015611926815 0.003701529349719174
0.0054341818180551815 0.0036913426197111754
0.0006638929436114789 0.0004612895405883428
0.0015010348375950624 0.0009729344871645565
0.0005960917935324367 0.0004191004059383442
0.001472280295715536 0.0009307083624893388
0.0022514205150285663 0.0015060625356765642
0.0028814317951398657 0.0018482076116758694
0.002177748354313877 0.0014153415147751456
0.002824212684591278 0.0017574532632398585
0.003565527625327152 0.0024151515892409754
0.0040116409459344075 0.0026646910686814007
0.0034784406465086454 0.002319001791077814
0.003934419900344113 0.0025685173452328273
0.004551557862177508 0.003109533004100422
0.004837444195440227 0.0032731431884748057
0.00446275240375842 0.003018038653841526
0.004753969685170218 0.003181635244911429
0.0051992084610841096 0.003566349502270744
0.005370574993815499 0.003665725045989361
0.005115329713862603 0.0034828214341434995
0.005289408991347605 0.0035821908157806968
0.005574232586702453 0.0038274288421338894
0.005664813912493929 0.0038802294123164733
0.005502231294908779 0.003756579817218452
0.005593978853391936 0.003809379506046791
0.005733847157796674 0.0039301371332552135
0.0057645175493481705 0.003947976306523923
0.005683181325306506 0.0038799738350970055
0.005714125752841043 0.0038978143455388053
0.00573901598655355 0.003917538882795455
0.0057420309089625645 0.0039192781616716205
0.005723076704586422 0.003901454774454017
0.0057261014626211765 0.00390319510160359
0.0056999090389973995 0.003872762268485138
0.005719430156556181 0.0038839041869192705
0.005721324475834317 0.003894742058755403
0.005740771378643204 0.0039058829611236506
0.00573994587708806 0.0038888397966033396
0.005824688779436218 0.003936876115775522
0.0057987206536989295 0.003949620398763937
0.005882611258047603 0.003997653556693831
0.0005124792394307886 0.00035665023418438154
0.001170309789783374 0.000756476296967847
0.0004938716798493553 0.0003452156203459392
0.0011622633941779557 0.0007450038018944544
0.0017607515327427434 0.0011559935536126114
0.002361150281890981 0.001475390996576599
0.001711853984818566 0.0010881345346866003
0.0023249085998186193 0.0014075099820684558
0.00300196749382949 0.002021960372217309
0.003440238651521571 0.0022645340108774525
0.0029385902947523797 0.0019497297659521757
0.003385071635318693 0.002192287375170767
0.003985100512346662 0.002717388259384704
0.004303760113799139 0.002898624233415049
0.003909732502272324 0.0026387766849144284
0.004234063984261079 0.0028200011211972245
0.004704984630893691 0.0032229728320847385
0.004917956327289122 0.003345833659958273
0.004640546647770046 0.003158426017945348
0.004856346013393444 0.0032812825769349525
0.005175089039653855 0.003548272586441475
0.005314737354748953 0.0036292355903979378
0.005122215125207164 0.003495921936205186
0.005263269602005551 0.003576884201021698
0.0054600033072814275 0.003737767657360497
0.005555679892868044 0.003793126252430619
0.005424684442892201 0.003702611556272045
0.005520976675455768 0.003757970919120143
0.005637052458439984 0.0038475231780225076
0.005715817826012215 0.003892829808481573
0.0056254676437974376 0.003835821527781943
0.005704395433951156 0.0038811288122288664
0.0057910233780761825 0.003940868221361576
0.00588802077929636 0.003996301601669934
0.005807448706630466 0.003957570916550197
0.0059041768643390185 0.004013003959743975
0.006022358962954498 0.004094680744003003
0.006165149843581156 0.004176058086939877
0.006066527024658964 0.004139581587195349
0.0062083003061198724 0.0042209577799668715
0.0004694202099987715 0.0003221545470732095
0.000989560485215732 0.0006531524817195608
0.0004942879303262611 0.00033653950699629104
0.0010015764468587253 0.0006675119196046502
0.0014418101301691421 0.0009185256494762453
0.0020041973458256564 0.0012115155867233936
0.0014193492583955633 0.0008819700538013466
0.0019880953584709453 0.001174942830621078
0.0026019769854742215 0.001740771940729927
0.003039147585681235 0.0019801548332012003
0.0025634893736769257 0.0016955750657923936
0.0030062600057323154 0.0019349471959741386
0.0035715190262772295 0.002425512302279256
0.0039073800824364424 0.0026147830881430253
0.0035272972140394624 0.0023786519159379807
0.003867001909438963 0.0025679162012461998
0.004341773396622608 0.0029689054267098016
0.004591164227610274 0.0031119567400705594
0.004295803748969516 0.0029225201511988027
0.004547718405883437 0.003065567846716111
0.004893634621375816 0.0033501912084936084
0.005070824778596542 0.0034524095930949985
0.004857854295152034 0.003314549632193728
0.005036306515773252 0.0034167671210318913
0.005273847258206268 0.0036064023005627156
0.00541586158140533 0.003688247237956196
0.005250425248159557 0.003582986119107902
0.005393059807466404 0.0036648313698135282
0.0055699003754990355 0.0038005913254215732
0.005700234768002821 0.003875404628271939
0.005561336053134127 0.0037919288094788207
0.005691869107824915 0.0038667424293527754
0.0058574049579413374 0.003990453100517794
0.0060049860249199215 0.004074872855719511
0.005867203480397197 0.004000359657964203
0.006014545575525962 0.00408477942303926
0.0062151213227731985 0.004236163663524634
0.006395537150378854 0.004339400856206736
0.006240704371762277 0.004261900060232382
0.006420401325108203 0.004365136967983586
0.0005282839048610513 0.00035039346888376667
0.0009541373778788899 0.0006522758532054425
0.0005851064295233585 0.0003813526819590433
0.0009867151189846017 0.0006832288405739402
0.0013008551252851883 0.0008108083791514873
0.001829425137268784 0.001083352629534673
0.0012993710252371432 0.0008082694885796944
0.001828354343537637 0.0010808063529918245
0.0023891006251746797 0.0015874993874359544
0.002830678423738134 0.0018271203850317563
0.0023757744986440577 0.0015715458976273832
0.0028194338289794212 0.0018111629195485665
0.0033553728066687653 0.0022701590473655693
0.0036970964205262496 0.0024613692462363296
0.0033382406389969688 0.0022518160027165273
0.0036815522564509354 0.002443023454312822
0.004133386288354984 0.0028183819611918635
0.004397652315484666 0.0029689628256811046
0.004112023361763991 0.0027966123031181703
0.004377577935877334 0.002947190652475248
0.004727916808557489 0.0032313458255735414
0.0049297577281405686 0.0033472516717184386
0.00471077484387142 0.0032141829078970513
0.0049133203873476024 0.0033300878688835916
0.00516657549770155 0.0035289398876739166
0.005330131706957609 0.003622897543353035
0.0051536689693900085 0.00351598413617178
0.005317622812840194 0.0036099413961311793
0.005523375807314597 0.0037674465591930736
0.005681423112259163 0.003858026253854054
0.005515534165535005 0.0037595138963297955
0.005673800582821109 0.0038500933608910668
0.005885032629211379 0.0040119615133866905
0.006057745466781206 0.004110828066736561
0.005883845502095006 0.004010752883072574
0.006056592587139028 0.004109619244355705
0.006306743749474948 0.004304850357042724
0.00650241794041938 0.004417114907155723
0.006312417377056685 0.00431053368300425
0.006507920912814888 0.004422798138579206
sig_last 640
-122747.77247464377 3905.664214904278 3905.664214904278 -207460.77388968528
-95584.02761260215 2275.2012803181465 2275.2012803181465 -178949.02499641795
-125167.62708603882 14079.557235380302 14079.557235380302 -206754.93159484933
-97501.27523467757 10206.754933865754 10206.754933865754 -178600.5925969857
-110600.95788054177 2496.932236523381 2496.932236523381 -228544.31583075575
-83735.69239230457 1590.1668488812807 1590.1668488812807 -183397.17831843664
-112857.30463265421 12699.45710681607 12699.45710681607 -223704.34715425305
-84570.44690115133 7623.1468271445765 7623.1468271445765 -179694.59613951907
-124389.10600845031 1563.285215635445 1563.285215635445 -246818.36071513675
-100497.37320733553 1296.4477202975058 1296.4477202975058 -188165.9191678002
-108736.72217868571 7347.886540374759 7347.886540374759 -227617.9004090604
-91742.96600978189 6713.662809808215 6713.662809808215 -165857.71145020146
-125219.72626776072 2917.313677097338 2917.313677097338 -240276.21489116564
-110523.57472216674 5042.435535865627 5042.435535865627 -213847.69991035163
-109787.69316597591 5938.619652953851 5938.619652953851 -208564.4427302925
-96259.95498847886 4440.193495076521 4440.193495076521 -180112.19189764417
-124422.36770059205 5245.602010308902 5245.602010308902 -239503.72855210962
-120391.42215204072 6904.947127193145 6904.947127193145 -229163.29656178798
-111622.88785734576 5877.027603230781 5877.027603230781 -212093.21129859093
-108253.53052163415 6613.517451683901 6613.517451683901 -204022.2458158012
-125481.76210524635 8064.838955600866 8064.838955600866 -241800.90922466802
-128064.9196255996 9788.491797841067 9788.491797841067 -247256.78596204746
-117079.38932965076 6727.961003326903 6727.961003326903 -223177.14048565234
-119254.27552222495 8462.745314142154 8462.745314142154 -227635.65511796603
-129067.22119213268 10366.442433461729 10366.442433461729 -246510.66728735986
-141599.17915506664 13172.853057475895 13172.853057475895 -269304.87679458025
-122301.72381581811 6966.039667836522 6966.039667836522 -234867.6220295763
-133238.41892953104 9938.171924629785 9938.171924629785 -255869.30854803408
-126615.89374581035 10372.204484747657 10372.204484747657 -237060.27822065237
-167498.09659447777 11425.965210943981 11425.965210943981 -291141.93784195744
-136234.290988507 222.75049332914807 222.75049332914807 -257499.29537177196
-177968.67900137865 231.99580692852777 231.99580692852777 -315919.6420704527
-102022.8893844684 5869.297868605778 5869.297868605778 -219325.95222478028
-146953.5629494761 -892.6256768261651 -892.6256768261651 -289338.3261380891
-141273.83296078478 -5845.162870873619 -5845.162870873619 -300667.8307638871
-190274.94999595042 -20508.38065058508 -20508.38065058508 -371117.78481854027
-143705.32145437965 2020.2940966266494 2020.2940966266494 -255547.91916964023
-154533.6218448366 -299.2104670255491 -299.2104670255491 -265745.6965539122
-149097.2812958813 -1568.140731879968 -1568.140731879968 -268629.8503899342
-159993.69127381445 -4117.744132276528 -4117.744132276528 -278740.3549491218
-124291.45482212381 21667.748021271804 21667.748021271804 -199180.43922059995
-93282.34846696434 15171.528935388507 15171.528935388507 -166024.6616557551
-123651.8718075352 28561.812210210628 28561.812210210628 -185618.4576322339
-93486.10156467982 20588.21025254074 20588.21025254074 -154169.85276807196
-111944.34143270076 19202.964267167656 19202.964267167656 -209461.21894477302
-95217.62755889137 16434.428058960064 16434.428058960064 -184667.91113106473
-104431.1088688537 22119.02810917489 22119.02810917489 -183699.2307119001
-87455.62839126638 18572.05884980751 18572.05884980751 -161016.36349722746
-117703.81786569748 18714.30242094158 18714.30242094158 -235432.602517537
-111320.44633196954 19640.164533052033 19640.164533052033 -219501.10979934337
-93893.99915378715 18426.03779673046 18426.03779673046 -180788.10663265997
-88458.86588933939 19228.15767681891 19228.15767681891 -167873.01914636212
-133072.23984162475 18366.94735515888 18366.94735515888 -268526.90637013066
-124573.74174656067 19970.22053554932 19970.22053554932 -246522.45995076274
-95049.11820764001 18251.084225960192 18251.084225960192 -187577.8139374516
-88394.17293675446 18813.27910125965 18813.27910125965 -170069.82187614575
-141368.82774873512 21680.62876004596 21680.62876004596 -279952.3802650903
-131992.46619598573 20937.067233158512 20937.067233158512 -258811.08815652796
-100531.2484555838 17879.70478578276 17879.70478578276 -197393.98406459024
-94162.55042454791 17262.285448725062 17262.285448725062 -177462.96426251548
-142183.95411016172 21480.17158146345 21480.17158146345 -276483.79538097547
-135260.5472901718 21183.797596522614 21183.797596522614 -263053.28185115225
-110022.84222343996 17763.293575085525 17763.293575085525 -213212.02818577058
-106411.52666358123 17600.46278314148 17600.46278314148 -200044.037892129
-138936.46899196933 20582.584559220486 20582.584559220486 -264262.3103749536
-133265.288248934 19877.87547907298 19877.87547907298 -255190.26552189086
-124602.2985536627 18953.811809034523 18953.811809034523 -242787.72274305785
-120005.73954733722 17463.656565381065 17463.656565381065 -232807.33957805648
-131684.1397757284 19646.937330985875 19646.937330985875 -239359.53001224782
-126611.48040947477 18410.248998293893 18410.248998293893 -229420.8944927639
-149883.39388863 20969.965819000856 20969.965819000856 -268418.2847543974
-143149.406495379 19986.81282421467 19986.81282421467 -257546.5214822206
-104914.0183834588 11828.891944554962 11828.891944554962 -199459.83909221395
-111124.22479988821 8920.724123971217 8920.724123971217 -214794.826643448
-162019.54428399613 15177.517118837699 15177.517118837699 -309824.5579665071
-163527.049030641 9880.494481246076 9880.494481246076 -317625.5436870508
-88335.67155618648 8574.118121411859 8574.118121411859 -167282.17186615535
-158422.7309907998 -7931.8020171214275 -7931.8020171214275 -315913.7743040124
-200945.3963395194 -16344.146245738197 -16344.146245738197 -358081.1060589576
-287993.5359947561 -45214.25059827334 -45214.25059827334 -539584.0981871993
-122409.59238570037 31428.437502111967 31428.437502111967 -171533.01939719048
-102240.48304079447 27545.225105348447 27545.225105348447 -150827.50261496886
-109011.76768898306 30174.26954652153 30174.26954652153 -141550.64885317275
-88882.02682247691 24939.008885362407 24939.008885362407 -122152.60330407994
-114545.46832296986 30366.713744089364 30366.713744089364 -175186.0815316667
-112036.98056113507 31160.897367908346 31160.897367908346 -169855.5854511559
-88674.28601516664 24674.586684440692 24674.586684440692 -126807.1804562217
-86068.87514481328 24795.91411323699 24795.91411323699 -121262.43171090311
-118839.92476981918 33156.173553748085 33156.173553748085 -183291.7247308974
-125788.00826991051 36208.419807179 36208.419807179 -185152.97260169397
-82658.17379543363 23770.445421976077 23770.445421976077 -117417.05988912308
-89014.36255857765 25510.806169181902 25510.806169181902 -118806.43648632368
-133193.6659610875 36903.40523112741 36903.40523112741 -197987.93436941438
-138063.74311508366 39556.67858938839 39556.67858938839 -196518.3543056193
-86704.2838640427 24621.70852933642 24621.70852933642 -113174.06512971554
-89793.20770353099 26154.43204770793 26154.43204770793 -112713.74134251995
-148974.7714780107 40441.8478958655 40441.8478958655 -219996.1521708179
-151067.92493561818 44497.885279011745 44497.885279011745 -209997.6938946712
-87663.21539679165 26184.75426767254 26184.75426767254 -108742.53419072756
-90464.33157707148 28618.50119292196 28618.50119292196 -108948.8075907311
-168718.4635509348 48472.68546843122 48472.68546843122 -240920.74340139225
-166354.16190522205 48872.10243103477 48872.10243103477 -226939.51396670355
-86205.07447374001 26177.05905696965 26177.05905696965 -101975.88536935906
-85917.82990952134 29105.398431154004 29105.398431154004 -99927.6890392184
-188221.3225057463 54210.46457364359 54210.46457364359 -255789.84410170803
-193964.33377207705 53487.6020444849 53487.6020444849 -245516.35050866165
-81352.66918478788 27514.85862454813 27514.85862454813 -93495.94040121826
-80742.32035534184 26622.369792399295 26622.369792399295 -86147.34494516882
-212800.02214417682 56717.658534324575 56717.658534324575 -281953.365244483
-208913.0308295839 60095.42209854441 60095.42209854441 -277614.3990119932
-70150.55476177346 22110.01741422862 22110.01741422862 -75100.93654615368
-69556.86159748326 18821.592097248824 18821.592097248824 -72350.97598608924
-213969.85314098964 65208.57084707425 65208.57084707425 -299960.93724719627
-220003.59089933592 68882.71862722107 68882.71862722107 -286350.1769449883
-52560.98800480213 15563.791810408424 15563.791810408424 -54714.50049053165
-50913.72448084669 16513.35211198181 16513.35211198181 -51083.42910211009
-200498.10501149725 64519.63283259968 64519.63283259968 -266056.8524778283
-177511.1136522964 54400.53180399559 54400.53180399559 -226486.92198060328
-26087.363671775736 8310.783855791335 8310.783855791335 -28178.307108884663
-31441.71298185439 8274.965321277588 8274.965321277588 -36868.36133627869
-108910.14035069008 30229.325172285146 30229.325172285146 -130833.95199159309
-101306.71940505606 28506.095984104777 28506.095984104777 -124830.15295157353
-104149.2792264524 29205.133394626842 29205.133394626842 -119358.3288895861
-96324.46994529347 27647.113790048494 27647.113790048494 -113804.35101864507
-101033.54281245236 27984.1165917038 27984.1165917038 -130138.1457777655
-109146.46847085429 30325.02257076586 30325.02257076586 -135169.5564257236
-90063.61178220167 24432.433893909878 24432.433893909878 -110929.94947922288
-98232.02444464891 27149.67328028445 27149.67328028445 -115865.02646573428
-106720.60710107897 29309.786110506124 29309.786110506124 -130718.67097462018
-117873.06392542462 32788.69120745388 32788.69120745388 -137755.70558592127
-93716.39723932868 26135.04698212347 26135.04698212347 -109314.56275010876
-104528.20646484914 29004.752576215316 29004.752576215316 -116142.43143783012
-116529.84260065347 31813.15261791251 31813.15261791251 -131254.45704234135
-126133.97876294915 34941.67484537743 34941.67484537743 -137325.71499953014
-103286.16811544342 28324.349217988143 28324.349217988143 -109033.9082555918
-112509.37973686344 30992.72119276518 30992.72119276518 -114908.08470860712
-123556.20625544622 33349.325325213096 33349.325325213096 -128067.29835445475
-133228.79123246137 36400.783162057356 36400.783162057356 -134127.39067983432
-109814.57921937807 29211.121680652817 29211.121680652817 -105037.99208105975
-119037.13926656696 31722.42203505905 31722.42203505905 -110957.32114031859
-129551.51851376638 33564.953363145774 33564.953363145774 -121920.79086890933
-140029.26482074865 36466.82556789892 36466.82556789892 -128335.67980544244
-114901.6958020142 28379.193752578314 28379.193752578314 -98298.5106832155
-124669.97949808589 31241.16063102748 31241.16063102748 -104832.99749571255
-133458.5574859154 31416.414228394045 31416.414228394045 -111333.64667675609
-144021.5621348888 34080.51626562033 34080.51626562033 -117954.3296684609
-118487.7151492059 26222.848580124002 26222.848580124002 -91320.32122924256
-128951.35532637061 29059.55063168239 29059.55063168239 -97991.98823283176
-132512.3671655642 25462.086537818348 25462.086537818348 -97698.09632262685
-137349.0722704953 27470.810265778444 27470.810265778444 -101228.32295323203
-121786.32206223883 22503.79521239768 22503.79521239768 -84722.83324331205
-126597.86963577285 24383.11958583542 24383.11958583542 -88179.50752268094
-125282.34516052227 14899.738830025057 14899.738830025057 -82442.80976909393
-115022.97607979724 15092.034341487848 15092.034341487848 -77931.84195787291
-121804.30489319835 17243.82418857029 17243.82418857029 -79565.21216860214
-111900.7794655265 17786.606653226325 17786.606653226325 -75050.87449182436
-97314.0562896681 -3525.2969533697697 -3525.2969533697697 -73628.69192472252
-48094.85352275031 -3162.971410508615 -3162.971410508615 -48666.76931891626
-104736.63061475052 11301.79436337126 11301.79436337126 -76374.34751257874
-53620.9874013648 8602.596137594795 8602.596137594795 -53383.638701326025
-102988.07134360942 28920.937144549658 28920.937144549658 -113426.28498091952
-102783.64712473244 29157.63807214552 29157.63807214552 -113302.8176177555
-97079.46351349175 27235.511286783905 27235.511286783905 -102799.32897357746
-96770.08229580091 27353.35218316173 27353.35218316173 -102518.49625207651
-96531.13261793576 26926.230210053036 26926.230210053036 -110133.34603162321
-109331.78686776319 30073.488508187613 30073.488508187613 -118835.32325047106
-87453.89460469376 24676.167840299015 24676.167840299015 -96676.78157994046
-100381.40354479256 27739.677665112584 27739.677665112584 -105166.6773834239
-107769.43158705726 28557.85559348696 28557.85559348696 -111151.52319298586
-116511.35277749744 30398.555703704274 30398.555703704274 -116395.63792083507
-99216.10929690966 25762.586388018968 25762.586388018968 -96389.52131631905
-108099.54473982955 27478.415233484593 27478.415233484593 -101606.37232044496
-114937.62175701222 28430.863650785745 28430.863650785745 -106523.08353300483
-123811.27689282062 30170.704121798597 30170.704121798597 -111782.43447021367
-106736.066858887 25281.28040905337 25281.28040905337 -92718.77956985174
-115388.26888708102 27007.36918061658 27007.36918061658 -97991.3036569872
-120640.94122495632 27200.21487607249 27200.21487607249 -100760.02502288696
-129411.582048572 28987.0836899721 28987.0836899721 -105940.13863027743
-112111.64744666463 23949.000190552586 23949.000190552586 -88185.56117015876
-120582.67075603691 25746.089394579307 25746.089394579307 -93651.83912835622
-124406.10529768368 24656.558784191482 24656.558784191482 -93633.79110567884
-132328.34238731238 26318.90312836499 26318.90312836499 -98539.369608408
-116744.95329599806 21930.32763598539 21930.32763598539 -83723.35606039371
-124546.76966032766 23523.75425397355 23523.75425397355 -88564.02859313185
-126401.04102134708 20234.030967397768 20234.030967397768 -85044.48610832743
-130650.59365976692 21349.993821726624 21349.993821726624 -87981.75256790295
-120480.16753497341 18312.500063091604 18312.500063091604 -78334.38155355927
-124716.51122919662 19410.242402882468 19410.242402882468 -81238.55770734652
-124230.76664609788 12761.554165711888 12761.554165711888 -76353.8996144708
-120671.08281553333 13128.688136732511 13128.688136732511 -74852.34950775946
-121224.95920955625 12944.439411474312 12944.439411474312 -73905.2459335024
-117738.48036802698 13360.751561308805 13360.751561308805 -72443.53441383429
-115520.19736408046 1408.5741187655688 1408.5741187655688 -69926.08400817696
-96313.80045899641 1126.0408023824498 1126.0408023824498 -59296.210330410824
-116224.66846019695 6506.697737373506 6506.697737373506 -71124.67467924676
-97001.15860190615 5928.154963870113 5928.154963870113 -60841.0435361365
-90627.5382597648 -10332.55233775685 -10332.55233775685 -70926.07451839748
-49141.41755080516 -7695.314730359805 -7695.314730359805 -52605.44797559373
-91680.26015965911 2072.7826069387193 2072.7826069387193 -68876.49864799641
-47133.44310530693 1907.162682097599 1907.162682097599 -51004.46446556132
-94984.34688111302 26740.659341264436 26740.659341264436 -97926.95152122532
-101718.24955694532 28905.906699232375 28905.906699232375 -104040.59955362673
-88084.87409238506 24669.9989388897 24669.9989388897 -89252.77060807598
-94871.17944067449 26901.943602719773 26901.943602719773 -95281.72980139259
-95672.50321130529 25561.340806689448 25561.340806689448 -96664.63885938913
-106990.24661353229 27588.49316222099 27588.49316222099 -103099.09183509597
-89762.73414836901 23314.158867882274 23314.158867882274 -86640.68170032057
-101121.81951852537 25284.96823057308 25284.96823057308 -93106.21954950088
-106272.30292336943 24832.420499763874 24832.420499763874 -93408.69925677458
-114071.03982014759 26229.612429558227 26229.612429558227 -98027.3584471392
-101189.46278548049 22646.236131431346 22646.236131431346 -84970.18552858247
-108963.49424315557 24047.203745859748 24047.203745859748 -89588.21839424205
-112421.6400945076 23378.782414813606 23378.782414813606 -89169.78708685478
-120246.61964840678 24663.34349588518 24663.34349588518 -94137.25761606293
-106920.97268462401 21302.122553140405 21302.122553140405 -81821.98530967734
-114902.85329999604 22622.766941016096 22622.766941016096 -86627.40810712945
-117317.09113268624 21128.694873344448 21128.694873344448 -84662.15673539414
-123565.51061497204 22282.126814588846 22282.126814588846 -88717.09355405929
-112474.01144365752 19162.348525652233 19162.348525652233 -78296.20989082905
-118782.96844049454 20298.338813190494 20298.338813190494 -82250.31628362952
-119869.5787718632 17286.840581318997 17286.840581318997 -78557.66458828872
-124707.18528835163 18188.73540937591 18188.73540937591 -81499.39129904342
-115844.51092427707 15721.834870201532 15721.834870201532 -73988.44349755353
-120632.31577416958 16639.084007103957 16639.084007103957 -76864.62532192393
-120004.91263890978 11729.86064172745 11729.86064172745 -72714.92783084018
-120519.9509615928 12216.833935265684 12216.833935265684 -73251.46436578027
-117438.9412551643 11268.554716398761 11268.554716398761 -70430.12562049714
-117994.65397111412 11726.144826911484 11726.144826911484 -70943.0774341319
-115792.00896963495 4121.3296898765275 4121.3296898765275 -67574.38165793645
-107962.0237855968 3907.4513747298456 3907.4513747298456 -63382.466262159396
-115969.95543926672 5796.429173475083 5796.429173475083 -68008.62140337209
-107987.61895474762 5530.125821962167 5530.125821962167 -63927.76457429237
-107095.01259371052 -4576.101629021861 -4576.101629021861 -65784.46551210793
-87825.80138897318 -4935.019511758412 -4935.019511758412 -55619.180403197504
-108602.71375324737 421.84793742698673 421.84793742698673 -66841.21636318747
-89429.24453781353 -103.5633385975174 -103.5633385975174 -56597.44947656371
-85871.19712152841 -8558.524322440848 -8558.524322440848 -67014.34384806127
-57108.61050249145 -7680.7869143509215 -7680.7869143509215 -55029.235313200756
-86336.5191144172 -462.15894144814513 -462.15894144814513 -65134.06639362361
-56437.3300651283 -189.48644263409352 -189.48644263409352 -53043.93949775493
-85093.0653424807 23867.62245022501 23867.62245022501 -85405.49054161862
-97432.13977731281 27077.71432426837 27077.71432426837 -94269.19942315605
-80521.62259801068 22510.17055976436 22510.17055976436 -79811.91472224574
-92781.9611825548 25504.120982681103 25504.120982681103 -88084.7545954477
-95301.01367869393 22702.933907219376 22702.933907219376 -85141.36287910603
-104552.27657621205 24153.361553075792 24153.361553075792 -90166.47072672969
-91863.45481080517 21062.60158953638 21062.60158953638 -79193.2913012227
-100940.3762497779 22413.15965162692 22413.15965162692 -84216.50725875619
-103648.59531360197 21274.57874885401 21274.57874885401 -82361.62770738249
-111129.14852677134 22369.98869816812 22369.98869816812 -86747.05942504034
-100155.93565010124 19751.16917040429 19751.16917040429 -77151.31274791596
-107691.61512914205 20858.229068901135 20858.229068901135 -81580.27781583395
-109514.56402156503 19033.59509029111 19033.59509029111 -78843.96770561373
-115911.03917118927 19956.953663632397 19956.953663632397 -82594.83175170708
-106478.86556993779 17446.73509893225 17446.73509893225 -74402.61048688616
-112790.61884787209 18351.029709796894 18351.029709796894 -78146.88366792664
-113207.18378951726 15653.568613621426 15653.568613621426 -74360.34583818287
-118165.30596203722 16388.679426477735 16388.679426477735 -77425.46850247878
-110451.92685385364 14284.308309350292 14284.308309350292 -71120.41200629655
-115463.35669287344 15078.568019346529 15078.568019346529 -74127.38782333198
-114520.07286654081 11360.529269197668 11360.529269197668 -70088.4447866817
-117275.53305307725 11818.889575617268 11818.889575617268 -71634.49721822339
-112704.90121653075 10644.010183394426 10644.010183394426 -68283.2418226222
-115490.34243493424 11129.925455689783 11129.925455689783 -69808.27122201305
-113300.63940578896 5691.692470881624 5691.692470881624 -65913.83509578327
-110931.44514129942 5570.616776951805 5570.616776951805 -64762.49121504264
-113440.27749177623 6153.327395372595 6153.327395372595 -66116.68774296615
-111040.56484374843 6025.371280660627 6025.371280660627 -64970.062599102006
-108973.46230461275 -753.7917574663508 -753.7917574663508 -63426.515506877346
-100002.74432931523 -1204.941846474822 -1204.941846474822 -58503.53519118191
-110476.25870160859 1577.5167441108795 1577.5167441108795 -64771.29833966832
-101525.050725844 1085.431217521278 1085.431217521278 -59749.89125445121
-100881.19065327627 -6070.422161981511 -6070.422161981511 -63677.98218306943
-85570.57488577525 -6141.386536518892 -6141.386536518892 -55489.03334970757
-102192.18363141548 -2150.192579133205 -2150.192579133205 -64091.23595192498
-86628.8706306092 -2586.6563821617474 -2586.6563821617474 -55871.75091951562
-85752.66059293682 -6728.536775420018 -6728.536775420018 -64978.13378207865
-66384.41679288314 -6595.809234225176 -6595.809234225176 -56657.075971511
-85363.92895012266 -1338.7970576405794 -1338.7970576405794 -63057.53561826457
-65995.23692024595 -941.2232459857603 -941.2232459857603 -54396.45930702751
-78527.9521198049 21950.969723439637 21950.969723439637 -77018.84897183755
-92991.4423899825 24860.97658266515 24860.97658266515 -86050.35935068157
-75493.14368087807 20535.064773653263 20535.064773653263 -73226.0403665835
-90467.27037000586 23358.305028266554 23358.305028266554 -82236.8015504945
-93513.5588298321 20151.08267213582 20151.08267213582 -77171.64190540333
-101670.63703103701 21300.160452428827 21300.160452428827 -81776.4292778646
-90948.17454103731 18869.694487615354 18869.694487615354 -73210.6775970644
-99082.23289775524 20081.370156659526 20081.370156659526 -77854.21929610435
-101061.83824628963 17997.229135893147 17997.229135893147 -74645.93675071376
-107495.2876310836 18721.275827713907 18721.275827713907 -78256.10708396955
-99127.22325158249 16595.450381138846 16595.450381138846 -71528.53328036405
-105510.73122812524 17378.839857893545 17378.839857893545 -75114.6051688506
-105736.9281761617 15021.078727243574 15021.078727243574 -71276.20068843654
-111332.6261620952 15640.074636074398 15640.074636074398 -74416.80882614359
-104126.60379126649 13805.441414353514 13805.441414353514 -69002.59789624313
-109723.16813846098 14392.892321830295 14392.892321830295 -72077.15066912581
-108543.62429794791 11312.383073173009 11312.383073173009 -68015.30037660277
-112527.1241191453 11762.806637538659 11762.806637538659 -70199.04939595595
-107445.15567458162 10504.377405939378 10504.377405939378 -66703.5225326478
-111469.51625304396 10923.389279936426 10923.389279936426 -68903.30117545158
-109162.23600218302 6909.612431364592 6909.612431364592 -64760.02483008759
-110004.05959402262 6867.449878553583 6867.449878553583 -65170.89947085604
-109404.98135843589 6766.5367044801005 6766.5367044801005 -64914.20560184933
-110237.55788588925 6729.445324200687 6729.445324200687 -65334.90122838459
-107553.60294317851 1851.5105420262573 1851.5105420262573 -62342.04995079207
-103831.33590716131 1420.453490634141 1420.453490634141 -60243.7934371918
-109043.86504615414 2775.667406248468 2775.667406248468 -63582.86775463515
-105284.46479135244 2311.4598566046716 2311.4598566046716 -61497.07216529374
-104059.22021829209 -2974.5955148922003 -2974.5955148922003 -61438.10857766765
-95744.20921550322 -3349.986337318619 -3349.986337318619 -57066.98506627932
-105627.73436683342 -952.1630393252269 -952.1630393252269 -62775.14550558552
-97508.73282847992 -1426.343504585773 -1426.343504585773 -58294.06224913931
-97070.78797549296 -5922.61532284546 -5922.61532284546 -62239.37899932535
-85954.61486819305 -5971.945643110412 -5971.945643110412 -56169.93804231701
-97872.72484521118 -3068.582155346941 -3068.582155346941 -62268.1799336048
-86520.39867142007 -3320.209365649303 -3320.209365649303 -56228.38211216383
-87257.62518814226 -5246.0823696384805 -5246.0823696384805 -63624.21366807206
-74959.4638609173 -4917.669254117456 -4917.669254117456 -57719.034688825974
-86438.58573798682 -1559.091700672774 -1559.091700672774 -61668.56075164017
-74118.62754126525 -1108.7645537352523 -1108.7645537352523 -55702.09033904322
-73787.19594555719 19844.368026613036 19844.368026613036 -70961.2210405542
-89484.39523741412 22217.010881118582 22217.010881118582 -79902.21991020079
-72012.65442853919 18790.095783648772 18790.095783648772 -68402.66227947392
-87985.60701567354 21174.39524708571 21174.39524708571 -77228.18461918879
-90196.88480831803 17780.888649823548 17780.888649823548 -71100.11504589852
-97762.72094444248 18739.3666491629 18739.3666491629 -75193.24728449984
-88994.19900830231 16664.44880611367 16664.44880611367 -68897.43366227072
-96724.37989566711 17455.707525552243 17455.707525552243 -72966.72337265748
-97624.31439132684 14857.544938921375 14857.544938921375 -68864.93533301646
-103438.47737693127 15419.161261993839 15419.161261993839 -72004.41771317173
-96670.8869383237 13821.078773795394 13821.078773795394 -67152.50923874186
-102501.65687325456 14333.082371384919 14333.082371384919 -70311.50218195425
-101964.48021389272 11701.255755284154 11701.255755284154 -66239.55653642706
-106613.48968710618 12022.877521030241 12022.877521030241 -68767.81006428189
-101497.13733776676 10836.527982981659 10836.527982981659 -65308.98929984082
-106203.82638018436 11158.184444398332 11158.184444398332 -67827.73523484096
-103975.71368723204 8044.382164384371 8044.382164384371 -63627.31979127649
-106599.25792072064 8025.051374217643 8025.051374217643 -65000.51663295249
-104460.31360350379 7597.451564321858 7597.451564321858 -63787.75797824058
-107087.41871274635 7570.664700095496 7570.664700095496 -65191.69347666487
-104444.07932507641 3836.052627217401 3836.052627217401 -61496.33237189519
-104056.72754399721 3468.4950568349213 3468.4950568349213 -61195.11262736079
-105823.49230465754 4062.340973828206 4062.340973828206 -62622.44534273575
-105450.7017348027 3678.402040022233 3678.402040022233 -62317.174577527796
-103059.05806299491 -340.1886756949432 -340.1886756949432 -60284.448772444295
-99445.45338056273 -818.4723383442027 -818.4723383442027 -58313.27018486719
-104767.8158124452 577.885307181183 577.885307181183 -61726.026144626856
-101160.44364538224 93.5729023349773 93.5729023349773 -59699.85796170608
-100151.8162329592 -3670.4276654741593 -3670.4276654741593 -60209.55869713012
-93792.17918263577 -4011.203667352237 -4011.203667352237 -56956.96232242332
-101499.90216352566 -2164.5558282117554 -2164.5558282117554 -61219.16029788541
-95009.87475916807 -2631.2243419383494 -2631.2243419383494 -57873.72207751751
-95342.02594552017 -5277.405064851767 -5277.405064851767 -61404.54521655716
-87591.74224048115 -5270.112167116295 -5270.112167116295 -57157.53984920367
-95549.03760958866 -3222.549287669995 -3222.549287669995 -61106.24442772796
-87671.45176202337 -3315.650956294294 -3315.650956294294 -56896.91540769698
-89481.97106137832 -3844.2747092903887 -3844.2747092903887 -62590.49264143511
-81894.84299995656 -3457.346183690289 -3457.346183690289 -58772.08177850572
-88285.7641975257 -1561.630054929268 -1561.630054929268 -60700.4091614643
-80717.40470225962 -1096.9382367673331 -1096.9382367673331 -56839.3573535391
-70589.3996791528 17851.28055161315 17851.28055161315 -66621.3118404457
-85542.29690200105 20069.971432122402 20069.971432122402 -74748.05618501133
-69269.85221553223 16596.49588844596 16596.49588844596 -65110.67956624567
-84528.36832145577 18938.33989263422 18938.33989263422 -73100.63188672927
-86328.06642759591 15419.427187507274 15419.427187507274 -66481.16348864858
-93885.05209870954 15970.07638960412 15970.07638960412 -70196.7234182126
-86246.26614250605 14405.637354529472 14405.637354529472 -65564.74621075738
-93788.35826472202 14888.005668220281 14888.005668220281 -69280.3447244259
-93799.29406549252 12398.509337896698 12398.509337896698 -64609.55880492944
-99246.66702766389 12689.550105969654 12689.550105969654 -67451.3012971653
-93835.14075459099 11549.211660600187 11549.211660600187 -64200.42156765548
-99412.8315032848 11816.725510874316 11816.725510874316 -67010.79607405106
-98033.16069881956 9119.663382824445 9119.663382824445 -62705.30728569427
-101833.22789864098 9161.091448337384 9161.091448337384 -64614.236914951216
-98595.61829221627 8542.101464906818 8542.101464906818 -62855.75650791823
-102370.49370508442 8566.971887437427 8566.971887437427 -64812.29791529652
-99997.81510102119 5545.571193577569 5545.571193577569 -60844.84309821812
-101693.00243971868 5294.054063303768 5294.054063303768 -61594.85312161358
-101205.68699628522 5343.570170410476 5343.570170410476 -61796.04487509931
-102900.6584306046 5076.969125637273 5076.969125637273 -62577.57767104716
-100411.11692686846 1931.6824359997124 1931.6824359997124 -59522.96695828577
-99792.43081040184 1489.5540670175803 1489.5540670175803 -59104.82293224783
-102043.80492944432 2135.726879878701 2135.726879878701 -60916.07893936412
-101392.97757243497 1679.428663047634 1679.428663047634 -60507.66744229708
-99421.97043190857 -1355.9488935357354 -1355.9488935357354 -59082.47803947185
-96731.37865163645 -1804.8280052703785 -1804.8280052703785 -57633.26409350555
-100941.98920506728 -694.1383098177648 -694.1383098177648 -60362.79300542602
-98261.65169242666 -1141.4652575325806 -1141.4652575325806 -58919.469529472844
-97403.25938998877 -3663.6647404317946 -3663.6647404317946 -59458.39644231093
-93073.60066584102 -3907.9301582386943 -3907.9301582386943 -57287.602380120945
-98301.07925456479 -2629.586548132851 -2629.586548132851 -60242.12427543334
-94002.24248029034 -2922.700949531597 -2922.700949531597 -57976.83320848878
-94593.14364322126 -4313.732833513235 -4313.732833513235 -60709.41614403898
-89650.56673417598 -4284.02608599425 -4284.02608599425 -57997.293651925895
-94548.68738639733 -2973.8356188910348 -2973.8356188910348 -60313.001044946424
-89557.78081972359 -2964.5380380081024 -2964.5380380081024 -57636.26614278294
-91578.28733706771 -2749.0012822424133 -2749.0012822424133 -61816.8716418266
-87325.51965722628 -2306.1865717458772 -2306.1865717458772 -59501.697239559435
-90208.96886940922 -1419.8370921900328 -1419.8370921900328 -60057.989574827225
-85945.01201883508 -981.0078411085823 -981.0078411085823 -57736.29553218696
-67811.06265356742 15662.451483155246 15662.451483155246 -63992.48874509446
-81270.75130604587 17658.14428220063 17658.14428220063 -71019.3402795481
-66810.80504741533 14618.07487372676 14618.07487372676 -63331.80724574022
-81006.01561964683 16331.942027101766 16331.942027101766 -70362.29247993951
-82650.48170241236 13332.698683829145 13332.698683829145 -63399.460097084404
-90081.36730297004 13628.74481155588 13628.74481155588 -66812.77225835508
-83179.46224409144 12420.863300257317 12420.863300257317 -63456.16934887475
-90731.74020550579 12650.543295264923 12650.543295264923 -66879.13966425446
-90133.2338120832 10366.883532051617 10366.883532051617 -61795.568034276555
-95198.26455631683 10371.457574099706 10371.457574099706 -64375.92820533501
-90957.9550878853 9599.059034875854 9599.059034875854 -62216.22052873464
-96090.70017822903 9608.255796280966 9608.255796280966 -64792.143182605534
-94273.44098198375 7117.021389639643 7117.021389639643 -60302.01166133913
-97542.9911469176 6959.323854612916 6959.323854612916 -61876.272009655644
-95395.48834146556 6642.95083560227 6642.95083560227 -61237.50254866108
-98650.93709231941 6425.636675470053 6425.636675470053 -62793.50981697752
-96488.10352973682 3933.4870600788045 3933.4870600788045 -59110.53946211578
-97759.49099858728 3565.473858441412 3565.473858441412 -59737.52901495105
-97856.61917592393 3705.219870687279 3705.219870687279 -60392.59462853159
-99185.99691017669 3307.5035538906523 3307.5035538906523 -61055.288472381944
-97026.31548545556 838.4017674873439 838.4017674873439 -58455.76002205131
-96802.43847077509 419.47865125269016 419.47865125269016 -58316.002418560936
-98395.79563137692 892.9444402979393 892.9444402979393 -59809.660554934984
-98173.05703563275 461.55600230306254 461.55600230306254 -59654.29369515885
-96573.04394999542 -1705.0276891720637 -1705.0276891720637 -58455.49221680278
-94965.78324942854 -2070.2913514857005 -2070.2913514857005 -57586.19354686872
-97782.2031684041 -1295.6562691696167 -1295.6562691696167 -59605.61036467596
-96193.441676116 -1681.0444769506928 -1681.0444769506928 -58745.93271359683
-95646.57741582731 -3178.8734166829154 -3178.8734166829154 -59103.9056299153
-93060.5082616167 -3383.728790499117 -3383.728790499117 -57793.57778058633
-96328.2935707809 -2558.844117286759 -2558.844117286759 -59677.8597138994
-93709.88724138933 -2779.3863937579176 -2779.3863937579176 -58369.68643192746
-94445.2293304507 -3318.0604008370756 -3318.0604008370756 -60195.10523490513
-91739.11843041489 -3258.2212971290764 -3258.2212971290764 -58758.167964238884
-94254.63698887691 -2588.305044932579 -2588.305044932579 -59826.797938583695
-91510.37222134833 -2531.364802672628 -2531.364802672628 -58401.46553230806
-93328.97830859479 -1849.8303688763167 -1849.8303688763167 -61124.38694311386
-91352.5227790808 -1430.8376910732663 -1430.8376910732663 -60088.619316125965
-92030.66948869536 -1268.0403556559295 -1268.0403556559295 -59634.198770997704
-90031.91001044643 -849.0834744328279 -849.0834744328279 -58621.9296345358
-65558.81400182447 13610.184324670223 13610.184324670223 -62614.696000442826
-77462.74260457918 14987.928619812468 14987.928619812468 -68427.34282818029
-65346.85459632705 12356.123017898015 12356.123017898015 -62661.92562547783
-77695.1060083869 13493.413771137213 13493.413771137213 -68303.26700518024
-79316.15682709622 11504.4704814945 11504.4704814945 -61453.23136800539
-86406.08407177565 11535.59532182595 11535.59532182595 -64737.808539715224
-80383.06862225808 10521.138940795943 10521.138940795943 -62220.61367666323
-87573.01562552177 10499.828484646736 10499.828484646736 -65429.93529227159
-86658.2754052102 8529.6581238262 8529.6581238262 -60110.968298365624
-91526.10154996517 8428.244012144896 8428.244012144896 -62418.965209417926
-87914.47532033792 7829.612868127668 7829.612868127668 -61115.48195452389
-92811.75871555072 7677.513568781198 7677.513568781198 -63418.7848242981
-90961.4068618174 5713.320721874011 5713.320721874011 -59025.04124087605
-93962.85598480374 5419.3864842722805 5419.3864842722805 -60513.36682644337
-92255.65020227988 5103.854821342717 5103.854821342717 -60174.16850046635
-95300.10705149466 4797.491915591276 4797.491915591276 -61660.17055648293
-93214.67513789717 2788.671666543167 2788.671666543167 -58281.01671060229
-94754.33882257355 2436.072231326999 2436.072231326999 -59007.29135382207
-94526.55158853861 2459.1513343292963 2459.1513343292963 -59494.29028231304
-96054.63052012325 2070.6699029112115 2070.6699029112115 -60263.00235250918
-94148.81474222182 283.0754033536889 283.0754033536889 -57942.70805445419
-94492.33621503941 -80.1459900366215 -80.1459900366215 -58113.68205778686
-95347.63404711784 183.09217498018586 183.09217498018586 -59133.648923545356
-95699.70028444582 -180.4110374602324 -180.4110374602324 -59314.47890288368
-94518.64485373396 -1605.1218783581216 -1605.1218783581216 -58203.187996207205
-93928.63381092504 -1886.8826309495166 -1886.8826309495166 -57917.641218860925
-95431.06723864425 -1477.9190589244477 -1477.9190589244477 -59100.57945679883
-94855.43411533933 -1768.5030468644768 -1768.5030468644768 -58807.83261502583
-94561.30104093137 -2538.9601499394294 -2538.9601499394294 -58926.3525791811
-93440.19820584943 -2692.768215349254 -2692.768215349254 -58382.23402615477
-94990.69901347297 -2283.4394401604713 -2283.4394401604713 -59318.00568141017
-93874.82410055133 -2420.7251701862683 -2420.7251701862683 -58739.12016459727
-94552.18435524347 -2415.5287151112316 -2415.5287151112316 -59854.07521132733
-93562.52900967316 -2327.8446859868764 -2327.8446859868764 -59326.05014829898
-94253.76060213211 -2147.728987853297 -2147.728987853297 -59502.178109028624
-93264.46366224531 -2064.8027914062523 -2064.8027914062523 -58968.55447608533
-94624.8609574231 -1196.977872132264 -1196.977872132264 -60579.462168466205
-94309.00041738758 -854.5325638286358 -854.5325638286358 -60417.48895556766
-93556.78576892703 -1082.3370594788194 -1082.3370594788194 -59433.37501282277
-93236.10458433896 -744.9214602037355 -744.9214602037355 -59271.11180108471
-64588.464571841374 11469.822349246471 11469.822349246471 -62481.713212460134
-74412.9087872901 12112.687083636849 12112.687083636849 -66757.03772896995
-64803.61100137408 10111.973854363492 10111.973854363492 -62985.71788884247
-75081.35304945681 10622.611888326173 10622.611888326173 -67198.3149276601
-76453.6951926115 9567.34911809135 9567.34911809135 -60584.24267483321
-83280.64654946384 9508.88433720204 9508.88433720204 -63562.864772316374
-77698.56581870446 8504.194282139048 8504.194282139048 -61637.29891987547
-84527.78953821165 8289.05140477881 8289.05140477881 -64711.16120501524
-83700.64379764549 7103.587927554133 7103.587927554133 -59201.57103168333
-88449.83927144457 6874.378435153596 6874.378435153596 -61568.06757231953
-85009.95265252616 6151.7704287903325 6151.7704287903325 -60374.92628030721
-89839.9706852595 5799.632228044894 5799.632228044894 -62733.76739330588
-87904.08718264144 4490.80954891084 4490.80954891084 -58321.273221244024
-91107.68894477368 4180.042180848146 4180.042180848146 -59861.693103239806
-89110.87353655256 3748.822503491223 3748.822503491223 -59494.91949940583
-92346.38916224014 3385.8203097483697 3385.8203097483697 -61061.264978216976
-90485.77719392494 2073.4128401970947 2073.4128401970947 -57757.25812454435
-92407.68752402057 1751.9660915599297 1751.9660915599297 -58752.703719361125
-91563.58408661635 1548.0139518353774 1548.0139518353774 -58864.820424405276
-93471.23432219241 1206.0229850360797 1206.0229850360797 -59882.64669476481
-91954.65183914664 67.9413733091404 67.9413733091404 -57698.83222182909
-92951.173299573 -205.39578650868216 -205.39578650868216 -58228.12746439544
-92876.3726085188 -229.8430395503841 -229.8430395503841 -58663.07184166789
-93881.12316795706 -507.36198269590494 -507.36198269590494 -59181.43089163698
-92977.54935522437 -1279.9297343421738 -1279.9297343421738 -58134.266801131744
-93350.87599360525 -1470.4796505067561 -1470.4796505067561 -58284.64307565072
-93639.94988690162 -1398.0347888259228 -1398.0347888259228 -58799.25967105384
-94001.00634007943 -1589.5863401087672 -1589.5863401087672 -58958.509298373836
-93920.2973742338 -1884.569931060646 -1884.569931060646 -58838.30748036009
-93948.44828843712 -1945.7291145631357 -1945.7291145631357 -58856.12788921028
-94123.6703777906 -1902.7218171125478 -1902.7218171125478 -59063.53397326144
-94158.00610674456 -1965.502202414675 -1965.502202414675 -59083.18142752821
-94745.8710465319 -1656.7822610892433 -1656.7822610892433 -59594.83400138456
-94964.20423607125 -1569.0311688162642 -1569.0311688162642 -59731.77114048515
-94447.1282631243 -1713.7916737922665 -1713.7916737922665 -59295.42808173959
-94667.45066729662 -1621.3201853238406 -1621.3201853238406 -59430.962694884794
-95631.24312432618 -700.1377782989617 -700.1377782989617 -60142.501142124886
-96436.38398907875 -409.1535121339954 -409.1535121339954 -60550.26414870604
-94786.46514625968 -897.8161865085748 -897.8161865085748 -59288.604197691275
-95600.56696102959 -621.4272927823326 -621.4272927823326 -59701.9521743385
-64122.15540302747 8984.173077840987 8984.173077840987 -63159.97781384034
-72418.40520397172 9257.444335644337 9257.444335644337 -66263.76226207313
-64332.56302213639 7307.520031753909 7307.520031753909 -63815.6885086924
-72866.01678570855 7426.022883560923 7426.022883560923 -66912.98939793363
-74424.42666573409 7550.281488227813 7550.281488227813 -60731.65182386581
-80936.2441226224 7395.740815871851 7395.740815871851 -63478.04359474258
-75267.4318067465 6159.922235794421 6159.922235794421 -61694.86089878911
-81905.12404508561 5874.86020740319 5874.86020740319 -64532.326446911604
-81249.31475616239 5498.396408172984 5498.396408172984 -59052.702214489145
-86013.7396394893 5225.547924072867 5225.547924072867 -61310.260203430036
-82216.81119066305 4291.979903423399 4291.979903423399 -60066.68434963517
-87057.90725632443 3970.502868534424 3970.502868534424 -62355.16926349736
-85528.22582256388 3419.676026038661 3419.676026038661 -57941.619183283896
-88928.02136827576 3122.110147660753 3122.110147660753 -59751.27200278693
-86547.67325812117 2439.33304120342 2439.33304120342 -58970.85696190799
-90038.75847909779 2122.3245659879367 2122.3245659879367 -60781.43151294372
-88288.19694579144 1529.3386068159368 1529.3386068159368 -57564.72002774828
-90690.80199359721 1284.8642971974791 1284.8642971974791 -58774.89543130513
-89105.54918142206 834.6859228978427 834.6859228978427 -58462.61358104028
-91504.06345944473 590.0299257293918 590.0299257293918 -59681.059913710546
-90364.59365908024 57.61534410623025 57.61534410623025 -57652.269778984024
-91894.570091112 -128.39177658241064 -128.39177658241064 -58475.685813702075
-91004.84787351574 -390.81285264082055 -390.81285264082055 -58383.39308202778
-92544.39222553665 -582.5819695569674 -582.5819695569674 -59209.643439136315
-91989.79809693008 -855.2422741210057 -855.2422741210057 -58091.64366682632
-93042.17580737825 -985.8867807985822 -985.8867807985822 -58675.813808453095
-92427.44541706673 -1170.3333509919667 -1170.3333509919667 -58581.82728576126
-93478.23533252816 -1298.5566023894842 -1298.5566023894842 -59166.857943959505
-93488.74342034162 -1218.2382832901255 -1218.2382832901255 -58777.0595992344
-94368.89106462337 -1251.3660380781257 -1251.3660380781257 -59230.16452820647
-93613.32424235487 -1458.4785038258165 -1458.4785038258165 -58932.880845437605
-94489.17056499372 -1489.6655753034138 -1489.6655753034138 -59384.59350536059
-94924.05308040624 -1003.2503677334367 -1003.2503677334367 -59430.22127494628
-96012.16932901791 -916.6696557222183 -916.6696557222183 -59974.50044648763
-94679.12847884028 -1282.9466286398692 -1282.9466286398692 -59204.72892706483
-95767.14126945961 -1193.8268395503878 -1193.8268395503878 -59746.48344997703
-96339.03615536696 -298.2346662564664 -298.2346662564664 -59864.46959307816
-97862.7601762871 -89.9918935124993 -89.9918935124993 -60683.4055420532
-95737.67559314781 -721.96045475049 -721.96045475049 -59246.014613740976
-97255.68566472974 -504.38074851071974 -504.38074851071974 -60070.245270201885
-63917.123776317836 6021.251648760527 6021.251648760527 -63999.22264702344
-71126.43607491262 6124.521809198259 6124.521809198259 -66585.23478947615
-64053.4150646459 4137.52903531306 4137.52903531306 -64420.78617868653
-71425.77351321092 4085.1993941142096 4085.1993941142096 -67001.88406292844
-73096.50403244568 5132.869120670364 5132.869120670364 -61144.766596131085
-79279.53153480485 4935.420972420332 4935.420972420332 -63701.5350612371
-73607.23027298834 3356.874542412947 3356.874542412947 -61699.1189501137
-79843.72431169076 3144.287725862094 3144.287725862094 -64236.45114132703
-79507.87940734737 3704.577410687161 3704.577410687161 -59171.988878325756
-84302.85350551813 3502.652825773217 3502.652825773217 -61426.777586433986
-80142.95068258871 2257.0056964610108 2257.0056964610108 -59801.980285139376
-84934.15517952421 2023.3481350208906 2023.3481350208906 -62083.38128753418
-83990.44399231806 2277.197834617579 2277.197834617579 -57983.49007135741
-87592.86354183727 2097.165458453551 2097.165458453551 -59851.77086341834
-84578.43171203767 1164.2001625094686 1164.2001625094686 -58649.68468451171
-88220.8197470564 981.24591209241 981.24591209241 -60524.2122291524
-86859.55152382683 1093.8684321710632 1093.8684321710632 -57559.24205995075
-89584.65105028 929.2252052848545 929.2252052848545 -59012.20745964907
-87489.86566251708 280.7183801503427 280.7183801503427 -58166.63543279831
-90197.85728966871 116.26834861556196 116.26834861556196 -59632.31108937963
-89291.6695446278 165.52897331689604 165.52897331689604 -57705.239106894325
-91259.40359356637 39.49296871118751 39.49296871118751 -58742.416740730885
-89721.21788938472 -407.469701575808 -407.469701575808 -58191.13241162841
-91691.82366112084 -540.9764456629578 -540.9764456629578 -59222.075940864415
-91362.96435493002 -389.9659882446598 -389.9659882446598 -58160.438350737684
-92910.5307713772 -478.02669934792476 -478.02669934792476 -58974.27711982343
-91647.4975009662 -846.8094648391489 -846.8094648391489 -58488.766010137755
-93189.90327182492 -934.4247876235745 -934.4247876235745 -59314.84682527859
-93243.38606646481 -584.9805242381829 -584.9805242381829 -58763.5783529886
-94687.51494450074 -597.7588692066875 -597.7588692066875 -59520.104900193604
-93333.7362573441 -997.251061870358 -997.251061870358 -58879.68049593557
-94778.35844375653 -1013.0101793556096 -1013.0101793556096 -59639.91534358133
-95071.02636106352 -423.26087832171174 -423.26087832171174 -59326.23187338416
-96671.51035323157 -354.7684259370434 -354.7684259370434 -60172.82213576495
-94907.98966275583 -876.8856419902147 -876.8856419902147 -59175.25748530377
-96513.5004677484 -800.7963653426989 -800.7963653426989 -60014.44891571774
-96738.96643544911 -7.559922845785639 -7.559922845785639 -59647.602470590486
-98679.52501355433 114.05849873868841 114.05849873868841 -60684.36775058241
-96349.63849674906 -540.0990605709586 -540.0990605709586 -59281.26009306397
-98308.37944169622 -411.48646183364843 -411.48646183364843 -60312.70816992217
-63837.779669697644 2643.912681752082 2643.912681752082 -64415.862113906034
-70658.81975443063 2742.8685709029955 2742.8685709029955 -66803.07497258914
-63710.89782929334 417.7015151930508 417.7015151930508 -64205.3380980511
-70601.89294411617 505.6268438592805 505.6268438592805 -66537.19903452102
-72576.99741577927 2348.88144668908 2348.88144668908 -61495.438991986026
-78461.39989232771 2291.754863882093 2291.754863882093 -63861.684397831836
-72671.03254966307 415.2246797613627 415.2246797613627 -61620.34778857169
-78583.78683725177 388.53406034132024 388.53406034132024 -63975.27761581822
-78769.73344077928 1762.7615171534378 1762.7615171534378 -59378.68953554964
-83556.98329611904 1680.0125509801192 1680.0125509801192 -61662.15394265998
-79035.65735735797 227.61459409503175 227.61459409503175 -59597.97160823147
-83798.93893070474 141.51460240918257 141.51460240918257 -61898.044131616036
-83205.35197877034 1134.2476611930338 1134.2476611930338 -58236.836389676624
-86945.3248376041 1089.9495261415864 1089.9495261415864 -60144.580144405045
-83454.31682157758 -10.13968362806565 -10.13968362806565 -58484.6943461151
-87173.02698587738 -69.22167804646287 -69.22167804646287 -60375.043760849534
-86368.04572381522 657.4808348932809 657.4808348932809 -57764.27187577904
-89182.20765782706 604.1642874755498 604.1642874755498 -59293.02232499973
-86635.69329054006 -206.71028012364656 -206.71028012364656 -58018.193651950074
-89438.2165558732 -272.7517229277822 -272.7517229277822 -59535.7928167317
-88769.59409404191 279.3801368110031 279.3801368110031 -57856.95694520511
-90992.5061716016 231.95517633692896 231.95517633692896 -59029.946336112844
-88981.13393266822 -372.4301980391517 -372.4301980391517 -58080.82112379853
-91211.25387164087 -416.40396320844354 -416.40396320844354 -59239.457833847846
-91113.35480997953 57.130367732280675 57.130367732280675 -58253.84698275948
-92902.35426164696 24.037638541840245 24.037638541840245 -59208.78140061872
-91245.8165052401 -467.1438808129932 -467.1438808129932 -58438.10714877832
-93027.66814795835 -498.9234332566351 -498.9234332566351 -59398.422627983426
-93135.66550107433 -5.840538697429366 -5.840538697429366 -58793.295644291844
-94877.89318332542 -15.889296162835414 -15.889296162835414 -59703.7799679664
-93201.3374367119 -513.6798116582319 -513.6798116582319 -58892.95250848218
-94949.40510495192 -517.8250091330757 -517.8250091330757 -59802.798458812606
-95106.95111914024 66.48038867041738 66.48038867041738 -59242.93986276088
-96963.8658907976 83.32823735655951 83.32823735655951 -60239.924086901956
-95107.48870645068 -469.49455144702426 -469.49455144702426 -59238.428334992306
-96961.87256536618 -441.524525957441 -441.524525957441 -60235.059848800374
-96843.96739932048 211.1286793800469 211.1286793800469 -59493.291012310336
-98949.76797292323 253.85437770262374 253.85437770262374 -60636.41194703019
-96740.87336950416 -363.03939433357607 -363.03939433357607 -59380.94320467038
-98869.76944435955 -327.4128125571066 -327.4128125571066 -60523.75202912882
