sig 640
-130010.93450042394 4770.871626385516 4770.871626385516 -226379.85063012573
-95233.45564343316 2226.4501791323883 2226.4501791323883 -188611.20088006425
-135648.72041966664 18013.495393903933 18013.495393903933 -228256.2181850954
-99863.27270377208 11392.316977744413 11392.316977744413 -190688.1031948178
-123090.23163076822 2803.4374926240544 2803.4374926240544 -261779.1193412561
-90127.75968086858 2549.6365797046615 2549.6365797046615 -185953.5241562617
-125484.31614885428 16619.091905690322 16619.091905690322 -251380.39080845684
-86478.68180937528 8710.680166760942 8710.680166760942 -182737.75804663452
-142630.14125193423 1147.394136664516 1147.394136664516 -271829.2004498164
-108448.40482753592 2371.530485818641 2371.530485818641 -209997.45091102336
-127465.67727185652 13467.040047352602 13467.040047352602 -237466.38646184866
-94981.65826440584 7771.665252547798 7771.665252547798 -172180.96870611171
-144927.29493173194 4683.8598822849035 4683.8598822849035 -274316.1119550014
-128933.08887228418 3851.463771312318 3851.463771312318 -229083.86649665126
-118874.52042300193 8186.4486989520865 8186.4486989520865 -228210.22342880425
-101642.73308490291 5567.358665414702 5567.358665414702 -183927.31019828288
-149604.25884077468 6291.477540856573 6291.477540856573 -265696.66861450375
-142537.9715353778 6892.124120998473 6892.124120998473 -252813.0676862851
-126120.87182964174 4663.124617358586 4663.124617358586 -224090.63356214802
-122130.23627298941 6908.058151782328 6908.058151782328 -214928.1535949303
-145474.23815981808 7874.340768868902 7874.340768868902 -257939.13566702942
-152969.3630099724 9041.226320462469 9041.226320462469 -275342.3778408384
-131853.38778067692 4023.3076685343785 4023.3076685343785 -234115.62004345536
-140237.08699110418 7208.494763553483 7208.494763553483 -249316.3242523377
-138583.23911599637 9920.903800192085 9920.903800192085 -255122.29471295077
-156307.05310043733 12035.116757947002 12035.116757947002 -294725.56626163993
-137390.98460425393 6621.985666388289 6621.985666388289 -252896.07596149982
-152794.61937977912 8481.857833658669 8481.857833658669 -294029.9709593489
-127018.43025801078 13291.33657404237 13291.33657404237 -243035.35478929954
-172214.0032262572 15228.290504359804 15228.290504359804 -317854.6855621726
-144799.2155357197 89.07830691297137 89.07830691297137 -275544.46972675296
-194823.06700048232 -3744.806144828305 -3744.806144828305 -355983.1668120216
-109104.15681408261 6942.9525671120155 6942.9525671120155 -222742.69318418083
-160246.5047055703 -1151.7699335758034 -1151.7699335758034 -315112.24663431075
-163239.1464459594 -7565.918882083919 -7565.918882083919 -317605.86813463026
-214473.235545734 -25290.859434721173 -25290.859434721173 -418187.64120871073
-153138.72583971478 2673.0263341253785 2673.0263341253785 -271794.99155669217
-162330.88783111685 12.98964963975174 12.98964963975174 -282275.69224526314
-159746.54666580888 -334.97979970715164 -334.97979970715164 -287334.93448742543
-169073.15219253112 -3149.4587562316447 -3149.4587562316447 -297434.16516131774
-136234.19921021754 26823.197392195696 26823.197392195696 -219375.2759503733
-95920.88810926545 17051.632226837843 17051.632226837843 -174491.26718520583
-136577.33826997614 34861.13398479292 34861.13398479292 -204228.52104375424
-97702.26159609879 23716.90922450413 23716.90922450413 -161876.92416435294
-124058.17502242098 24659.22301115608 24659.22301115608 -233971.54036833355
-105069.9613133015 21089.588986037626 21089.588986037626 -202844.47620712666
-111934.37302621521 27595.096718193614 27595.096718193614 -196210.32573047944
-92161.77847598285 22284.3188536705 22284.3188536705 -167867.3199349981
-138313.3744699912 21555.707657344305 21555.707657344305 -274122.7787619292
-126291.49859007928 21613.260305990894 21613.260305990894 -244681.75139619643
-99349.41321168747 21202.005367334023 21202.005367334023 -190115.78035708395
-88337.2021988223 18852.65025990607 18852.65025990607 -164730.1434500907
-155661.41075177252 23116.01724832037 23116.01724832037 -298237.3555625014
-141831.55900781913 22436.034344209547 22436.034344209547 -271866.9079568169
-98449.12213995072 16977.909841395114 16977.909841395114 -190235.1828684611
-91457.7351923172 16628.56166369182 16628.56166369182 -166160.73788359162
-169529.85371415058 21848.233309880758 21848.233309880758 -306747.9064886009
-156297.15950729913 21499.206296807442 21499.206296807442 -281784.27828575583
-106237.9320187644 16104.68158932445 16104.68158932445 -204421.454455787
-98493.22509352695 16134.681884700625 16134.681884700625 -180121.7013730462
-168062.84622949662 20744.73344725664 20744.73344725664 -298915.21249745146
-161824.62309801785 19946.242306930115 19946.242306930115 -277139.1467286312
-123806.78648643194 15120.566025735234 15120.566025735234 -220408.72716763424
-117252.04176400736 18634.210712429274 18634.210712429274 -211317.30186980814
-156624.78243419222 21466.94286274626 21466.94286274626 -274108.29152023036
-150339.2328205609 20384.21383514208 20384.21383514208 -264081.40890200157
-144364.97237446526 17575.6378119503 17575.6378119503 -251973.29500969275
-138423.9534418574 16916.038234813426 16916.038234813426 -236580.88100861388
-131603.05614034898 21171.023821807605 21171.023821807605 -236909.04950167914
-132927.41910517332 20273.769500426926 20273.769500426926 -239662.81278519222
-155599.939924242 20202.09389588081 20202.09389588081 -287737.77015085006
-156914.52713971052 19302.26615351792 19302.26615351792 -289838.2358981707
-108310.19070281794 15554.62152195756 15554.62152195756 -192148.6242485613
-114864.28224195594 11079.110390461157 11079.110390461157 -221024.0228037764
-191673.91675199528 16765.030304943244 16765.030304943244 -356135.4293828506
-197989.49261861295 12429.368037131379 12429.368037131379 -367561.45800428203
-82154.34100275075 11211.099319413057 11211.099319413057 -154517.08189458642
-169578.89784454956 -6990.264051806741 -6990.264051806741 -344347.41720871645
-215832.9467019702 -17207.44768778523 -17207.44768778523 -406999.67689032486
-344006.92113770836 -55597.619799208485 -55597.619799208485 -637538.581465378
-135930.9833839502 38135.76953082213 38135.76953082213 -189366.55979392282
-109369.95952068936 30359.174835142025 30359.174835142025 -161416.27146541982
-120529.4873249631 34457.59008661246 34457.59008661246 -150328.49737969777
-92685.88148344896 26823.2408166398 26823.2408166398 -123048.19130215995
-124287.82250410588 35177.87869375595 35177.87869375595 -188776.47915000282
-123203.83241773967 34289.87163757191 34289.87163757191 -183131.5271607218
-92553.41239654763 26920.539548207114 26920.539548207114 -127959.33643853343
-89209.90795435506 26026.097672646603 26026.097672646603 -121201.05195611193
-131801.39422277224 36781.57317619395 36781.57317619395 -198244.4129611371
-140534.9669954398 39621.330412355805 39621.330412355805 -198699.7341719978
-85742.57727544065 25375.813834714827 25375.813834714827 -115710.09394632166
-94741.03941469861 27891.426607898982 27891.426607898982 -119779.49100970694
-151072.0042660597 42058.64433618185 42058.64433618185 -222804.1096893212
-158690.67683314587 47209.66885525683 47209.66885525683 -217319.28960535274
-90427.17438901482 26606.619954974536 26606.619954974536 -111695.37255694582
-97311.66025265325 29818.44740650022 29818.44740650022 -113739.24768006388
-176158.49630159084 50156.50840277775 50156.50840277775 -250742.34877377024
-180275.74330145385 52466.39885666101 52466.39885666101 -240207.7503461997
-92148.9247097081 29432.512572029238 29432.512572029238 -106619.66545188807
-95377.27341508016 31574.17799248563 31574.17799248563 -106101.65699437467
-205906.65175979174 57402.64502353779 57402.64502353779 -285917.1491275602
-207323.3793899399 58988.12259659782 58988.12259659782 -267107.60230482125
-89323.36599986893 30569.10475311683 30569.10475311683 -98365.50217416955
-87397.09370811709 27945.108319207124 27945.108319207124 -90492.93896112715
-228755.40833158637 57404.14694659186 57404.14694659186 -303488.7437972853
-229407.5511936937 70121.41389816548 70121.41389816548 -308661.26277783635
-77896.78997276841 24309.0007148313 24309.0007148313 -79850.08148150006
-77697.50236238005 20715.75030661084 20715.75030661084 -77252.8250230245
-238562.5322639312 61638.585398770025 61638.585398770025 -332403.9234070937
-230821.58713665724 68353.3125603541 68353.3125603541 -312745.9247139315
-58496.057449385815 15577.261545745725 15577.261545745725 -56640.4118274555
-51757.462115179296 16269.796666422357 16269.796666422357 -50353.05944333481
-243344.16379712822 46187.8291700685 46187.8291700685 -318068.2829797908
-262444.27958723 54277.32872712513 54277.32872712513 -300074.8211455218
-34503.626665493524 10368.20740192952 10368.20740192952 -33854.25767859972
-33808.48370109443 8832.776318537131 8832.776318537131 -32414.138885793174
-188068.9105921308 44097.91847210435 44097.91847210435 -232652.17507557158
-163684.66551031105 34769.76619284808 34769.76619284808 -203443.3875660977
-30885.2449381492 9195.809677487832 9195.809677487832 -31464.1213010068
-25.992292508867532 10.894960106675263 10.894960106675263 -26.889962840068712
-119716.80989742094 33390.00758018379 33390.00758018379 -135976.7848784525
-108520.32426089639 29713.034526005224 29713.034526005224 -126459.570750483
-112678.25183366767 31039.587918324523 31039.587918324523 -120737.34686065993
-102135.97171970205 27391.57974236369 27391.57974236369 -111932.10063380576
-109036.81178251602 31143.03161762058 31143.03161762058 -134088.998131098
-119562.41481321835 33003.48467840388 33003.48467840388 -140088.5649981763
-93939.56891061639 26963.084324749303 26963.084324749303 -109256.06943201221
-104852.79352381446 29695.981537395277 29695.981537395277 -115928.89549167482
-116953.68271278671 33343.52878058175 33343.52878058175 -134076.50549294794
-133356.634609064 37895.601691896256 37895.601691896256 -145367.18925942338
-99865.88328595237 28243.301163805332 28243.301163805332 -106711.88268255911
-115980.38924235044 32729.598762946 32729.598762946 -118105.72426371477
-128316.09716698047 36519.33258720185 36519.33258720185 -133006.76541417118
-144227.78755660378 40830.95202269596 40830.95202269596 -143569.32427542322
-110645.2232942624 31072.343137921962 31072.343137921962 -106278.52294516104
-126814.5844845099 35336.282201667826 35336.282201667826 -116768.31256438007
-138805.1774515937 37099.043525437766 37099.043525437766 -127049.67764123353
-153913.0717228145 41559.200766326976 41559.200766326976 -135826.35097673535
-121011.03849698373 31018.27087864593 31018.27087864593 -101429.69977748465
-135566.5640682992 35315.10094966967 35315.10094966967 -110359.69986303734
-144260.95204860208 34477.05765656605 34477.05765656605 -115192.42403714581
-157611.11703835014 37966.15678124792 37966.15678124792 -123091.53983923813
-127072.17710611904 28661.969174538186 28661.969174538186 -93934.9015837207
-140192.9902689121 32182.22572969063 32182.22572969063 -101809.94673668721
-143491.75432609717 28336.32881097859 28336.32881097859 -100499.61520212141
-152327.18095407766 29970.62351316926 29970.62351316926 -105707.04874309944
-130240.45041162905 24391.076181497458 24391.076181497458 -86541.0778349089
-138594.2783331947 26156.651366467966 26156.651366467966 -91961.27652874729
-136213.18819304215 19190.64547283029 19190.64547283029 -86258.44491924264
-132656.41586143078 18896.509589531095 18896.509589531095 -84981.28076490706
-131811.6227086208 19268.027062936242 19268.027062936242 -82120.69891197499
-128129.31551107905 18798.89972216038 18798.89972216038 -80796.91840502789
-125834.75172821114 10314.397642591139 10314.397642591139 -77626.85625204713
-111190.0218684226 9857.241459582914 9857.241459582914 -70576.9609918348
-125085.19324192623 13941.490292039562 13941.490292039562 -77181.83554275795
-110425.19720749327 13462.936722205006 13462.936722205006 -70194.54358950722
-104255.9394134957 -11447.77079789251 -11447.77079789251 -96622.11707578939
-44323.615024720624 -4474.672899140157 -4474.672899140157 -60685.99551904812
-103077.47046359644 7618.259569478183 7618.259569478183 -77591.19344664564
-40349.4817184703 7007.958534459145 7007.958534459145 -47242.01680447227
-111842.61460789267 31558.608044486304 31558.608044486304 -114597.62664902193
-112287.45782150446 31244.882446000007 31244.882446000007 -114548.57854605169
-103740.48844210793 30095.204002205217 30095.204002205217 -103233.50742397556
-103816.90117391394 30126.00602134821 30126.00602134821 -103183.68589001895
-105920.50282687176 30020.200020627846 30020.200020627846 -111030.3181566119
-121644.14296694873 34688.29817651294 34688.29817651294 -123783.48335521066
-94011.79098034461 26413.112361145002 26413.112361145002 -94715.38103546902
-109311.37426965288 31062.964924218624 31062.964924218624 -107482.01397709824
-116315.26138963089 31969.112766386777 31969.112766386777 -111846.18651232013
-130973.32247140093 35389.167193497 35389.167193497 -120655.1057123397
-104940.28505158272 27592.29104098495 27592.29104098495 -94525.58501864104
-119311.79718654786 30859.082398187114 30859.082398187114 -103251.11981370629
-127005.01798295291 31121.11529084767 31121.11529084767 -105720.70508910513
-140238.4959879378 33612.3141055789 33612.3141055789 -113538.5992444276
-115375.55105591156 26585.496798034997 26585.496798034997 -90318.55667762116
-128438.86446036147 29401.244692007676 29401.244692007676 -98181.11815008825
-133664.12701269926 28022.838550931556 28022.838550931556 -98011.70187794154
-145242.60588410814 30407.726735698772 30407.726735698772 -104692.87925311438
-123088.90034155782 24295.343482929093 24295.343482929093 -85585.14720730875
-134387.00269372363 26777.804442834473 26777.804442834473 -92177.99686020281
-136590.74622235546 22898.339309753013 22898.339309753013 -89184.07260841172
-143683.0453390847 24600.27852055076 24600.27852055076 -93840.24098731614
-128404.55279917663 20582.400105262575 20582.400105262575 -80945.26874078794
-135169.69741305747 21977.75674228424 21977.75674228424 -85478.5303887642
-135734.3965218992 16275.811884835144 16275.811884835144 -81144.34157975671
-134968.86104464572 16713.107226999604 16713.107226999604 -81280.66173667752
-131006.31691914279 16009.892912147705 16009.892912147705 -77383.74131057573
-130486.77605799545 16527.284436449037 16527.284436449037 -77451.5482508523
-130470.18039389122 8615.47726025023 8615.47726025023 -74250.05828282239
-120988.22124132425 8581.192915993175 8581.192915993175 -69990.53445492065
-128563.22496016548 10227.707596125183 10227.707596125183 -73127.10328226585
-119097.01779152798 10243.29013985538 10243.29013985538 -68866.04319179668
-116988.09304554712 -1114.989342135275 -1114.989342135275 -68424.61630756472
-95742.36571076018 -1501.2845250832302 -1501.2845250832302 -56795.11761811906
-118614.22603707293 4197.369477926059 4197.369477926059 -70215.8068813539
-97514.46832682792 3329.316734064888 3329.316734064888 -58615.451250188526
-90687.83180422043 -11770.642158830991 -11770.642158830991 -68993.12707745189
-46813.58251869105 -8279.07506288886 -8279.07506288886 -48004.56637888771
-94039.09689570483 549.9910197449803 549.9910197449803 -69407.45757584786
-44665.4985600811 -96.87038777524316 -96.87038777524316 -48952.06796334514
-101942.03039182832 29678.728470013906 29678.728470013906 -98457.78169163114
-112612.18712683536 33256.6046672389 33256.6046672389 -105692.45144615833
-94727.94404829062 27559.442307780257 27559.442307780257 -89522.54278811226
-105484.50861361306 31183.847640725227 31183.847640725227 -96632.3531126305
-102362.04744840857 28126.647994627612 28126.647994627612 -97272.99903541246
-118366.08456634791 31779.40043560364 31779.40043560364 -107211.011570728
-93935.34002187396 25016.366623187634 25016.366623187634 -85441.72793311515
-109786.52466320519 28078.723700582585 28078.723700582585 -94762.59088680094
-115291.56251228132 26788.284332167354 26788.284332167354 -93014.9593344196
-126953.76115230538 29081.974254864006 29081.974254864006 -100307.10181146533
-107680.5446418183 23852.29433586016 23852.29433586016 -83039.80625632685
-119300.6239534162 26041.53272114551 26041.53272114551 -90258.7554701142
-122578.79908352937 24479.74691111419 24479.74691111419 -87786.40034159351
-133513.55259517368 26466.25997188389 26466.25997188389 -94110.04883220083
-116106.0342548342 21912.039597048086 21912.039597048086 -79691.80001525053
-126871.31039271384 23817.674950946333 23817.674950946333 -86124.92436045919
-128587.44803975 20630.04808529336 20630.04808529336 -82407.27278351573
-136246.98927976063 22030.108718734213 22030.108718734213 -86798.06962487816
-122875.62588739808 18727.200382094932 18727.200382094932 -76665.08878916217
-130493.66863737733 20085.90480857458 20085.90480857458 -80960.0973731456
-130108.37052004432 15274.985638086004 15274.985638086004 -76706.97972496276
-132866.0701018901 15981.632604272276 15981.632604272276 -78554.64676521359
-126178.58895025807 14508.494280970439 14508.494280970439 -73459.70857793714
-128985.32340345084 15166.261644198297 15166.261644198297 -75295.01277619462
-129291.70556834195 8604.054031760006 8604.054031760006 -71570.4697493594
-125175.89626646339 8795.210906415698 8795.210906415698 -69785.69045421557
-127381.17025206075 9312.038787215592 9312.038787215592 -70410.945719922
-123314.14830818887 9531.084956001827 9531.084956001827 -68610.3760787623
-121966.08195668006 892.1170667935598 892.1170667935598 -67255.67877168533
-109825.49701582779 671.0865048861515 671.0865048861515 -61576.49332659871
-122130.69837005163 3380.6318825329677 3380.6318825329677 -67487.60638721411
-109962.12791396628 3123.5819807846783 3123.5819807846783 -61651.83688352778
-110623.92361018389 -6521.887983896404 -6521.887983896404 -66061.04509334896
-87999.23264145364 -6567.954915418386 -6567.954915418386 -54454.84440467562
-112252.06167401506 -1450.4923683596362 -1450.4923683596362 -66847.14506312109
-89880.46658554941 -1903.8806616966772 -1903.8806616966772 -54839.27544861242
-88708.58615187899 -9461.233750433292 -9461.233750433292 -68551.93133989249
-57373.96833340578 -8041.568626668217 -8041.568626668217 -54926.723152754006
-88883.31745041459 -889.8908476852271 -889.8908476852271 -65689.94525966182
-56287.10064270451 -367.54900511103057 -367.54900511103057 -51869.483021719214
-91989.07051026229 26545.24654064446 26545.24654064446 -85141.32618193304
-108155.8209601032 31888.008212219313 31888.008212219313 -96904.53252773543
-85388.25667359884 24286.19191108293 24286.19191108293 -78248.9322423476
-100741.24986728148 29209.8553678119 29209.8553678119 -90544.71892526415
-100057.33911135544 24466.154686127757 24466.154686127757 -84064.05051691423
-114093.51262134351 26817.367715958455 26817.367715958455 -92145.2890867402
-95171.3811617245 22236.765453196655 22236.765453196655 -77083.20839037439
-109017.12233827365 24496.627120644363 24496.627120644363 -85216.57444584098
-111534.86707946898 22414.38560197642 22414.38560197642 -80984.08513824109
-122260.19505853404 24142.51032152569 24142.51032152569 -87345.80237251024
-107429.48892974707 20419.34622148751 20419.34622148751 -75394.74943319849
-118098.88018361002 22113.64952540455 22113.64952540455 -81714.83464996004
-118722.38558759008 19482.94757504412 19482.94757504412 -77399.10459554536
-127416.11424312377 20745.647254274212 20745.647254274212 -82060.14583869794
-115044.90672944194 17848.693767920755 17848.693767920755 -73311.39918543765
-123600.16645264067 18969.54619702566 18969.54619702566 -77870.32267703579
-122798.80768041308 15019.205585188274 15019.205585188274 -73064.70536097174
-127810.51820260611 15670.442057335968 15670.442057335968 -75828.4435452904
-120325.88494905211 14134.567381999808 14134.567381999808 -70741.93678090956
-125261.6194306457 14770.210560764319 14770.210560764319 -73491.67665055851
-124095.88171252317 9661.180802148487 9661.180802148487 -68912.2790252134
-124438.33322076435 9799.499316081085 9799.499316081085 -69208.28488026769
-123241.84160413004 9608.587436013542 9608.587436013542 -68231.69299457902
-123616.21773154005 9769.634828821812 9769.634828821812 -68516.97334019381
-121529.04031127342 3216.3759262881294 3216.3759262881294 -65698.18852756155
-116299.89487277916 3082.5306925319037 3082.5306925319037 -63064.85514156681
-121616.06785407207 4299.099960570449 4299.099960570449 -65821.20816217265
-116372.89757111101 4137.892873259347 4137.892873259347 -63178.09288816861
-115011.78429906553 -3316.946253377967 -3316.946253377967 -64019.622753422685
-102596.38825090499 -3407.6983703524693 -3407.6983703524693 -58082.45838190353
-115951.89684240783 -709.659392974443 -709.659392974443 -64395.63253980115
-103387.76647521186 -1055.1011196387844 -1055.1011196387844 -58309.472674570454
-106524.33011819844 -7604.069053270408 -7604.069053270408 -64973.918918598145
-87509.58363564746 -7438.9638976195965 -7438.9638976195965 -55209.2246038853
-107391.05870707825 -3631.2900114221857 -3631.2900114221857 -64508.54734236532
-88264.58750632481 -3816.1111636624746 -3816.1111636624746 -54364.00665928678
-89526.9054653464 -7558.1134546557505 -7558.1134546557505 -66056.75193203117
-67269.75108612965 -7134.032681219947 -7134.032681219947 -55974.41459056291
-89065.12606595265 -1484.3286933050554 -1484.3286933050554 -63648.444377112915
-66808.03894960979 -1010.3828251700767 -1010.3828251700767 -53255.85392243383
-82664.23443317082 23031.495814789057 23031.495814789057 -74925.98723539046
-100911.19154409324 28319.560475624014 28319.560475624014 -89437.33299513669
-77723.64488000999 21272.619879457532 21272.619879457532 -70550.15875411987
-96688.9097781994 26196.373936157688 26196.373936157688 -84610.14475261274
-98331.00030159017 21257.94545297391 21257.94545297391 -75874.38369197556
-110344.37050087765 23169.281214402497 23169.281214402497 -82833.92193490264
-95285.67005458799 19629.199432824218 19629.199432824218 -71686.39237082266
-107578.23156272253 21419.692316214383 21419.692316214383 -78543.53156793572
-107999.91406100444 19013.894764580742 19013.894764580742 -73419.7951654468
-117092.34741599463 20054.874633977575 20054.874633977575 -78601.82619874831
-105822.48608837975 17704.95380862071 17704.95380862071 -70410.41840193441
-115030.35409000228 18659.604147393948 18659.604147393948 -75584.66611938173
-114190.10892781713 15255.121124513553 15255.121124513553 -70319.85077147157
-120750.69137253232 15818.35616725112 15818.35616725112 -73644.17803386555
-113011.10467505986 14276.61526131164 14276.61526131164 -68625.14383937287
-119482.31328321532 14870.679806445398 14870.679806445398 -71978.27077947865
-117309.9795566641 10747.660942513301 10747.660942513301 -66990.23495704014
-120758.28288429769 10887.452436628108 10887.452436628108 -68595.5925786647
-117151.89661344235 10284.903443033385 10284.903443033385 -66595.68624552293
-120597.59126908168 10437.478751617002 10437.478751617002 -68182.48775044314
-117883.8423625575 5461.6167224728115 5461.6167224728115 -64131.11120909497
-117227.48752856663 5319.6133038091875 5319.6133038091875 -63797.66680260716
-118433.73376742024 5695.981741491313 5695.981741491313 -64509.2262414977
-117766.15112263482 5546.9231840262755 5546.9231840262755 -64193.9574545735
-114906.79664113685 -108.96160138985321 -108.96160138985321 -62381.423506531646
-109270.32855202504 -452.0000248110335 -452.0000248110335 -59663.18632905214
-116183.2061778502 934.0550163904668 934.0550163904668 -63143.8729875181
-110536.55813764919 533.7002507723821 533.7002507723821 -60436.09241021401
-109943.76479880633 -4863.308883901459 -4863.308883901459 -62217.27249949829
-98931.45108818743 -4947.554906361358 -4947.554906361358 -56680.978857576985
-111084.94030101906 -2981.4117467108344 -2981.4117467108344 -62699.69649432022
-100255.13874943132 -3126.8573933861758 -3126.8573933861758 -57169.27864339401
-103724.28656174798 -7339.901897746218 -7339.901897746218 -63553.87835068258
-88782.37876102139 -7154.2369945037635 -7154.2369945037635 -55848.34034612504
-104135.64128694417 -4270.989615999279 -4270.989615999279 -62815.50360839228
-89117.35615259485 -4308.918259244061 -4308.918259244061 -54962.4829869083
-92220.35252030053 -6187.592454742366 -6187.592454742366 -64926.038777985894
-76957.49098165147 -5652.565441153726 -5652.565441153726 -57274.72510150741
-90856.53281345163 -1792.954702522171 -1792.954702522171 -62208.4204654702
-75696.4660389855 -1193.2638211781054 -1193.2638211781054 -54409.03908607433
-75180.39993663081 20428.88293632047 20428.88293632047 -68744.3220099458
-95533.52497455242 24639.34485244578 24639.34485244578 -82025.0934505476
-72756.54295724611 19756.415283459566 19756.415283459566 -66777.30801185466
-93805.0745247151 23423.411804692754 23423.411804692754 -78949.7612440541
-95091.08994774021 18823.856006639995 18823.856006639995 -69940.76615836233
-106136.84270216119 19990.482264551465 19990.482264551465 -75903.73614338147
-94229.45164302587 17973.050734357654 17973.050734357654 -68089.8312025009
-105211.97359400845 19035.522667869536 19035.522667869536 -74015.6155259227
-104187.36357253122 15864.786366328763 15864.786366328763 -67882.52569033983
-111843.86295529499 16382.686788424602 16382.686788424602 -71890.96874913025
-103952.80573021219 14900.088789102794 14900.088789102794 -66880.36910624221
-111649.72262045872 15376.52167404107 15376.52167404107 -70949.19789464408
-109177.24769516649 11884.48624575954 11884.48624575954 -65249.03348853502
-114590.7056235175 12161.424933203412 12161.424933203412 -67980.16376982776
-109434.78316618863 11237.473237997528 11237.473237997528 -65042.8717887934
-114952.14205451311 11469.340451000553 11469.340451000553 -67836.40338910338
-112306.69592819696 7352.622149380728 7352.622149380728 -62961.902429275586
-114703.30510162118 7261.939515713553 7261.939515713553 -64040.60794377768
-113174.14517030443 7168.991667984878 7168.991667984878 -63529.02620448225
-115557.96294062876 7072.294541897512 7072.294541897512 -64610.80654584144
-112182.62425257293 2544.9399320013795 2544.9399320013795 -61110.19352246111
-111074.72212811993 2218.5975915834324 2218.5975915834324 -60589.16258106233
-113549.35660521414 2871.849342713387 2871.849342713387 -62149.760189837085
-112480.44396072632 2533.6007211824767 2533.6007211824767 -61590.18890854719
-109663.58899635996 -1984.0278990673235 -1984.0278990673235 -60276.714890012234
-104512.31571653673 -2368.0878426453182 -2368.0878426453182 -57739.66234248408
-111519.2405555737 -1030.080938618537 -1030.080938618537 -61475.87915059546
-106250.11284022522 -1481.5793436006861 -1481.5793436006861 -58854.488376789806
-106236.68671184711 -5254.959997686026 -5254.959997686026 -60938.61065762193
-97348.95897727122 -5436.218320361082 -5436.218320361082 -56313.49974971434
-107556.68292282845 -3761.5940236436554 -3761.5940236436554 -61609.80426525261
-98874.46181906857 -3931.2857391955577 -3931.2857391955577 -56949.09731402349
-102249.96186585835 -6549.993338072724 -6549.993338072724 -62320.00466527732
-91259.25113504512 -6409.195701456645 -6409.195701456645 -56711.45557992834
-102272.28078251718 -4284.250902987347 -4284.250902987347 -61553.558608209525
-91374.64293215214 -4257.189728316163 -4257.189728316163 -55853.13235529661
-95057.02940390518 -4750.9075162577265 -4750.9075162577265 -63769.3996485724
-85311.63307286504 -4141.60579609294 -4141.60579609294 -58432.09781911071
-93105.0054014121 -1854.7472543987365 -1854.7472543987365 -60943.627840610134
-83355.9190728188 -1228.5590701118917 -1228.5590701118917 -55645.62681092793
-70831.87837799026 18826.26007955661 18826.26007955661 -65015.45251479235
-91204.60248072253 22076.049339266632 22076.049339266632 -76311.39321268609
-69881.76881405976 17932.422026362656 17932.422026362656 -63461.9207235314
-90605.40634374142 20786.603646552474 20786.603646552474 -74879.6443357513
-91279.90126247988 16747.94335373737 16747.94335373737 -65476.88253945024
-101295.38593580535 17462.86816861301 17462.86816861301 -70708.69578981069
-91837.9314192041 15765.322695979936 15765.322695979936 -65049.07704074236
-101905.62044633199 16412.464348669724 16412.464348669724 -70301.65839712645
-99635.75158170925 13133.635358263973 13133.635358263973 -63747.31829995072
-106840.37576681656 13372.308255420005 13372.308255420005 -67385.60736276371
-100606.56791811321 12260.544175873807 12260.544175873807 -63867.994362413905
-107750.11436807989 12497.452694927266 12497.452694927266 -67583.43341546427
-104462.4584271686 9182.731561454373 9182.731561454373 -61892.4642450928
-109337.30860258527 9196.708805063612 9196.708805063612 -64173.30086805963
-105776.76909229612 8681.729720873722 8681.729720873722 -62633.659942380626
-110631.15771593373 8686.941272811055 8686.941272811055 -64917.48660564884
-107226.00421502726 5012.404215337926 5012.404215337926 -60248.62752147296
-109180.76739008255 4706.62388453223 4706.62388453223 -61222.45814952286
-108766.06790564717 4823.687776107747 4823.687776107747 -61413.71190972717
-110732.73088734686 4528.28193778339 4528.28193778339 -62391.35348568247
-107280.57586309577 698.4467241895001 698.4467241895001 -59302.448839428
-106165.08639106175 281.35553243899784 281.35553243899784 -58711.17023187039
-109221.60889563808 1013.7693144959106 1013.7693144959106 -60721.83399811188
-108095.35823023958 575.1875646809044 575.1875646809044 -60106.32693784852
-105841.00751496697 -2898.984964329555 -2898.984964329555 -59135.65706899735
-101488.01904809501 -3222.9801187270814 -3222.9801187270814 -57109.43091587024
-107597.2489919968 -2141.704618013565 -2141.704618013565 -60408.02487816854
-103167.1767875883 -2547.056565484997 -2547.056565484997 -58413.469567783926
-103817.6718776322 -5009.10313659684 -5009.10313659684 -59953.43466533789
-97161.561466175 -5206.915352361462 -5206.915352361462 -56446.550864554236
-105169.94978165512 -3886.517188396195 -3886.517188396195 -60651.78575207116
-98532.60311769565 -4112.091731659037 -4112.091731659037 -57188.16265805757
-101420.99042186984 -5503.381122904106 -5503.381122904106 -61304.52164887664
-94430.68794824393 -5358.043328244871 -5358.043328244871 -57585.9422036213
-101067.6619347872 -3957.698843102229 -3957.698843102229 -60538.078847582365
-94117.57293625089 -3867.939527451272 -3867.939527451272 -56803.50591726383
-97691.72230030302 -3425.3752508407033 -3425.3752508407033 -62599.46809709371
-92067.22499229325 -2786.9604447381616 -2786.9604447381616 -59554.72382607535
-95532.93225766552 -1860.6667292285474 -1860.6667292285474 -60043.36833932548
-89834.93165860411 -1217.368044317746 -1217.368044317746 -57073.447493291256
-68554.16043738901 17105.747845037506 17105.747845037506 -62196.425291073385
-86868.95553839864 19630.616114800272 19630.616114800272 -72106.995264931
-67991.26170165994 15999.990601913109 15999.990601913109 -61552.45820480065
-86524.35045286016 18710.423493098857 18710.423493098857 -71461.25311889293
-87358.5153710467 14543.901434402487 14543.901434402487 -62274.33430863159
-96610.8951672314 15040.039425628953 15040.039425628953 -67007.54516203284
-88544.10201950435 13656.330991493684 13656.330991493684 -62708.45044907848
-97882.30428545566 13997.204465577113 13997.204465577113 -67445.67560396699
-95165.29680005957 10986.568505794461 10986.568505794461 -60792.59517952741
-102121.60181796357 11022.809074445873 11022.809074445873 -64244.06359583605
-96938.78215876278 10234.730858832245 10234.730858832245 -61719.8378479888
-103950.70213412783 10240.742065654766 10240.742065654766 -65204.78485799053
-99996.23593603322 7247.036566653873 7247.036566653873 -59548.929746901806
-104532.74393265496 7022.794949941758 7022.794949941758 -61680.25611530787
-101994.13082795593 6672.264601630346 6672.264601630346 -60916.79004798458
-106473.89696109299 6397.651333757583 6397.651333757583 -63068.88293733064
-102478.1681996332 3371.8393475621633 3371.8393475621633 -58533.67753088455
-104389.03992793088 2899.979280151796 2899.979280151796 -59425.31261081623
-104618.62262003633 3106.02305461542 3106.02305461542 -60223.12789003787
-106565.8032327665 2624.9424840436495 2624.9424840436495 -61117.0027161845
-103147.35303166935 -291.91437674803745 -291.91437674803745 -58051.72877025911
-102441.46489562583 -820.7513368067036 -820.7513368067036 -57708.159710940214
-105334.24148156361 -78.10187078059607 -78.10187078059607 -59759.00715978933
-104589.81620119163 -664.9522795264245 -664.9522795264245 -59419.02329755828
-102642.38676419976 -3072.339633564832 -3072.339633564832 -58414.37885151889
-99759.4404331734 -3414.3783887774407 -3414.3783887774407 -56905.8169451406
-104611.33540672845 -2554.0622899586365 -2554.0622899586365 -59713.8216997339
-101655.49924190545 -2948.784188172147 -2948.784188172147 -58200.27504384861
-102222.78979326933 -4503.727718091263 -4503.727718091263 -59366.026086843136
-97971.82614769568 -4633.529888748333 -4633.529888748333 -57138.20270097827
-102936.35554531419 -3749.976740950595 -3749.976740950595 -59824.19493298705
-98765.11175444719 -3888.5386148159305 -3888.5386148159305 -57557.89112872096
-101314.47138859279 -4414.702113081769 -4414.702113081769 -60603.859627287
-97412.0918503635 -4191.140210645577 -4191.140210645577 -58484.6961990687
-100546.29910619631 -3479.318908521307 -3479.318908521307 -59698.379272030725
-96651.67085969544 -3278.50845646946 -3278.50845646946 -57587.93344451793
-99942.8429314071 -2412.046349313172 -2412.046349313172 -61559.50686473071
-97390.51707231502 -1807.247546331348 -1807.247546331348 -60190.67191960167
-97830.21341240575 -1704.1317400860419 -1704.1317400860419 -59343.62481830435
-95265.18672145202 -1052.9616282081515 -1052.9616282081515 -57981.73816144439
-66599.23276524532 15133.213706863993 15133.213706863993 -60847.29538944592
-82247.10465020042 17215.27641435853 17215.27641435853 -68982.3284555507
-66024.5689389556 13994.592435155768 13994.592435155768 -60969.59054572706
-82496.67412816575 15783.694446476617 15783.694446476617 -69217.23694701031
-83370.26303013047 12613.172005886594 12613.172005886594 -60136.943323246014
-92298.77476182386 12797.324926677073 12797.324926677073 -64470.13491184095
-84954.66401193987 11670.884906005384 11670.884906005384 -61223.30421286053
-94007.47707840368 11769.200962442206 11769.200962442206 -65510.811843111034
-91282.86153307089 9252.185523686485 9252.185523686485 -58811.10333724134
-97731.49305833277 9126.37219347207 9126.37219347207 -61947.0073758803
-93280.81946721 8473.235303710324 8473.235303710324 -60181.09008579424
-99770.65619996282 8314.538573617268 8314.538573617268 -63340.23064321021
-95830.20917898002 5705.748501664898 5705.748501664898 -57748.55917174417
-100061.79839033903 5284.159688196115 5284.159688196115 -59793.05405911551
-98245.42059531435 5203.765720232882 5203.765720232882 -59443.30342492815
-102534.88974804567 4712.93690827517 4712.93690827517 -61501.064065814404
-98411.62148774642 2292.9299894933633 2292.9299894933633 -57026.73080228469
-100535.4396528776 1707.4822563947482 1707.4822563947482 -58126.76276032329
-100944.72473759984 1966.3626248481794 1966.3626248481794 -58976.87952782544
-103104.81927527093 1365.3985159018605 1365.3985159018605 -60032.08101336343
-99675.58940426032 -712.5497778440493 -712.5497778440493 -57071.5602115137
-99872.76440113684 -1286.0410359124216 -1286.0410359124216 -57154.66459664802
-101898.0474652401 -746.1966289024957 -746.1966289024957 -58766.94844994209
-102124.79808695479 -1363.105490364371 -1363.105490364371 -58885.142118609874
-100378.10209212075 -2796.0393865186516 -2796.0393865186516 -57646.39485750884
-99110.62691681091 -3140.4121147820515 -3140.4121147820515 -57039.879545195596
-101923.92661015563 -2609.5099703088035 -2609.5099703088035 -58867.705911165875
-100676.80962195038 -2975.9915847860793 -2975.9915847860793 -58236.332322932474
-100984.369718128 -3699.0241665898243 -3699.0241665898243 -58780.94511102074
-99091.61802070925 -3805.3467224415226 -3805.3467224415226 -57800.16107998488
-101372.61367452038 -3339.389628232244 -3339.389628232244 -59057.70274199195
-99539.79360452284 -3424.9713527132135 -3424.9713527132135 -58072.20978553708
-101505.31339991667 -3324.1731093425497 -3324.1731093425497 -60072.75152091171
-100023.76050958337 -3063.16945819211 -3063.16945819211 -59191.09903194301
-100542.33690118746 -2931.456825725912 -2931.456825725912 -59224.48960322768
-99034.88490748877 -2674.3665698491773 -2674.3665698491773 -58370.39577116745
-101921.35258802955 -1614.3844960458164 -1614.3844960458164 -60909.44454723145
-101622.43105663886 -962.8824729502726 -962.8824729502726 -60742.27565176815
-99585.0677661944 -1468.2775467119336 -1468.2775467119336 -58934.73845830936
-99280.93362560791 -812.4505024475243 -812.4505024475243 -58743.275508372004
-64742.35089082371 12866.303679137933 12866.303679137933 -60644.981659616
-78222.83449353211 14258.363585049316 14258.363585049316 -67133.02955845917
-65196.07862161957 11642.991438004077 11642.991438004077 -61314.506993473515
-78987.90023772637 12435.910721377808 12435.910721377808 -67621.3589554753
-79787.33087580203 10640.023919167386 10640.023919167386 -59123.73641141246
-88469.01121632861 10669.413242340603 10669.413242340603 -63031.95865013075
-81689.58891752231 9570.822583512729 9570.822583512729 -60624.422165872005
-90342.17831711865 9378.527872464561 9378.527872464561 -64624.6529395522
-87711.4794076935 7564.404387174788 7564.404387174788 -57713.34565252713
-93714.00608212812 7300.379659384296 7300.379659384296 -60607.905811029974
-89828.39397883015 6781.708255906089 6781.708255906089 -59417.878746200986
-95921.86664054093 6391.224050866322 6391.224050866322 -62390.05144831853
-92468.65357662993 4510.396639609977 4510.396639609977 -56726.74130643925
-96503.92375221662 4062.6918704382556 4062.6918704382556 -58668.2005711854
-94639.6393600371 3880.3081763345444 3880.3081763345444 -58481.757613922346
-98770.02561118572 3301.899325212705 3301.899325212705 -60555.10730781713
-95181.28655668464 1669.8046977621457 1669.8046977621457 -56208.27955290481
-97869.48656328913 1128.5397057878827 1128.5397057878827 -57568.78680323366
-97378.14761760223 1113.3994314868842 1113.3994314868842 -57944.20768040266
-100113.02595369406 481.2067070736574 481.2067070736574 -59372.510825752805
-96913.74639874685 -640.5673739824467 -640.5673739824467 -56472.90782535592
-98329.19096706189 -1190.1528414324644 -1190.1528414324644 -57143.72261759579
-98810.99764011045 -1044.3733914834731 -1044.3733914834731 -57978.0300378074
-100228.63643083107 -1596.7659458895512 -1596.7659458895512 -58702.34152667019
-98626.27346944007 -2223.66654008144 -2223.66654008144 -57261.62118876499
-98980.26256505729 -2523.48661335443 -2523.48661335443 -57517.33353376716
-99844.6484628923 -2370.0679176273907 -2370.0679176273907 -58262.581571130526
-100207.76021339573 -2660.7798586098493 -2660.7798586098493 -58513.61628787854
-100169.61813193731 -2729.918525760129 -2729.918525760129 -58445.99663761084
-100238.75546805549 -2787.7011962763763 -2787.7011962763763 -58474.16598624922
-100440.24273508172 -2752.3857711573582 -2752.3857711573582 -58673.73409923615
-100493.93495532988 -2808.253183463069 -2808.253183463069 -58703.771516089466
-101750.80205922559 -2268.614574859878 -2268.614574859878 -59585.89746574217
-102192.33810369257 -2026.9969641097452 -2026.9969641097452 -59807.0651178637
-100832.21142117582 -2322.7325502280078 -2322.7325502280078 -58861.57137457722
-101273.49649509948 -2085.9747539877667 -2085.9747539877667 -59066.87027714082
-103153.31553722138 -952.9354033288 -952.9354033288 -60381.85878325501
-104455.82373957585 -347.59824727898285 -347.59824727898285 -61152.001989031734
-101116.69249001284 -1224.6054436396216 -1224.6054436396216 -58731.89816785592
-102381.52886921671 -634.6919364911967 -634.6919364911967 -59457.063518113544
-64371.6908352852 10443.772591101926 10443.772591101926 -61454.47116898231
-75152.11717209037 10909.273947132653 10909.273947132653 -66010.34760559807
-64874.7277517227 8758.981714770393 8758.981714770393 -62646.28339695176
-76333.26648607916 8988.822386214468 8988.822386214468 -66893.74087806024
-77070.00083977845 8697.86427034342 8697.86427034342 -58855.12717154893
-85294.47753856123 8398.96927266091 8398.96927266091 -62638.21639550604
-78705.44952160484 7167.004390314007 7167.004390314007 -60515.44935560337
-87055.73754056238 6756.486578219754 6756.486578219754 -64379.4127023823
-84769.13648692878 6087.795356666539 6087.795356666539 -57351.26845229215
-90725.85059681874 5687.149905765376 5687.149905765376 -60256.19638078223
-86663.9310272056 4800.083595343402 4800.083595343402 -58941.70184863563
-92620.22304382463 4300.182040778956 4300.182040778956 -61966.92918758316
-89557.25922752636 3483.881123446704 3483.881123446704 -56365.746686631406
-93919.602243446 3076.351373013279 3076.351373013279 -58611.806647548394
-91213.03499910932 2428.01919630426 2428.01919630426 -57867.15659953304
-95647.1350676362 1945.769863246729 1945.769863246729 -60177.633618010885
-92771.9213099415 1236.4838638075066 1236.4838638075066 -55982.55854759239
-95948.04691980577 832.4731114976425 832.4731114976425 -57639.116966537586
-94263.92207088748 411.7466781717552 411.7466781717552 -57412.02267771042
-97447.80044048105 -33.91298791370468 -33.91298791370468 -59085.630019722994
-95174.15221189997 -393.76237078225995 -393.76237078225995 -56218.22066299018
-97430.12007168564 -797.1776354255464 -797.1776354255464 -57496.60540037649
-96613.84379756235 -1035.652688320578 -1035.652688320578 -57469.07318229741
-98907.8498752392 -1452.5905964869376 -1452.5905964869376 -58756.1166021601
-97320.85246996101 -1405.9426820039303 -1405.9426820039303 -57173.1561502863
-99029.40969774828 -1683.2157316657854 -1683.2157316657854 -58032.41047969699
-98335.66119182405 -1866.6879319846053 -1866.6879319846053 -57982.30549816346
-100055.25328970546 -2137.996475028248 -2137.996475028248 -58865.33657345791
-99667.8267746459 -1705.2804334767 -1705.2804334767 -58235.667364418325
-101199.15428340275 -1766.7987124500742 -1766.7987124500742 -59055.867850052695
-99922.16023524753 -2093.5876403414204 -2093.5876403414204 -58460.774689623555
-101442.87555174215 -2150.115255304532 -2150.115255304532 -59282.00745861972
-101873.30260861317 -1270.3301827092134 -1270.3301827092134 -59223.89478699114
-103814.53316238144 -1079.3011754782156 -1079.3011754782156 -60296.63663304348
-101218.21457222842 -1769.6107623425287 -1769.6107623425287 -58717.05967355987
-103151.65011727596 -1569.3411057227133 -1569.3411057227133 -59795.41490127531
-103811.29669987799 -397.38660392814916 -397.38660392814916 -59929.121160604795
-106254.71554243496 77.19828411688269 77.19828411688269 -61283.15629072058
-102213.48899651108 -1009.1380845591511 -1009.1380845591511 -58728.51397275303
-104664.67610891836 -569.8034256406271 -569.8034256406271 -60061.88389877018
-64294.57223259961 7259.957389645964 7259.957389645964 -63130.43359346372
-73518.70359019322 7365.594140606472 7365.594140606472 -66460.75412898356
-64586.332183132814 5103.630582136104 5103.630582136104 -63954.540182618315
-74137.92800498729 5003.141003963592 5003.141003963592 -67349.5117310611
-75385.39955161394 6097.483883950486 6097.483883950486 -59661.13709272023
-83080.85589945767 5825.317931633264 5825.317931633264 -63124.99618543269
-76432.53649745039 4072.3551142007177 4072.3551142007177 -60730.86251407915
-84214.5474214969 3663.439294201914 3663.439294201914 -64274.4829194412
-82747.85326969194 4251.621137062124 4251.621137062124 -57498.04196438926
-88799.36164308916 3948.138924637305 3948.138924637305 -60527.50835652232
-83931.47958138796 2532.604582229669 2532.604582229669 -58596.01856721932
-90085.39032967265 2165.524980829041 2165.524980829041 -61721.95187188991
-87412.85118397193 2443.0265810146057 2443.0265810146057 -56401.619280737075
-92302.96125758137 2180.0928798020477 2180.0928798020477 -58867.31888900922
-88483.6020024063 1075.899508332047 1075.899508332047 -57440.73211460766
-93365.41511389549 795.6465684282668 795.6465684282668 -59953.054982145586
-91112.96087670511 911.070832443376 911.070832443376 -56185.15192936777
-94736.97881952622 659.7129301755068 659.7129301755068 -58109.87311439234
-92047.83293503118 -65.24988949245041 -65.24988949245041 -57109.37036704461
-95725.14687101923 -323.74230723859137 -323.74230723859137 -59047.041111384584
-94187.28137003085 -100.14846589894188 -100.14846589894188 -56517.88994531076
-96988.06259130136 -345.2454415501281 -345.2454415501281 -57992.99445209826
-95044.92856381409 -891.7207783504441 -891.7207783504441 -57335.56835929507
-97904.09435659497 -1114.4312171090996 -1114.4312171090996 -58833.71364788451
-96732.03069711286 -586.088883499926 -586.088883499926 -57161.33669629398
-99250.24640493563 -796.7732455712762 -796.7732455712762 -58574.50958200066
-97464.92181004139 -1269.9323688816057 -1269.9323688816057 -57780.9581925383
-99990.10885108418 -1489.7432676775934 -1489.7432676775934 -59207.74940666502
-99353.93885362102 -703.8517442855941 -703.8517442855941 -58164.73461454841
-101961.99779700098 -756.6492261567175 -756.6492261567175 -59537.306823555446
-99564.08417552318 -1396.1919337249687 -1396.1919337249687 -58332.50996966048
-102205.43431388513 -1448.4976261922916 -1448.4976261922916 -59712.61553201054
-101887.70824961034 -474.93145994987185 -474.93145994987185 -58972.400165365165
-104794.59089553809 -325.3226138972912 -325.3226138972912 -60568.797615529584
-101509.70551336613 -1221.9260834982626 -1221.9260834982626 -58673.042260514885
-104408.80591861508 -1083.6128641422845 -1083.6128641422845 -60271.835033107716
-103958.79972419898 -16.942193015629645 -16.942193015629645 -59490.91821375709
-107253.78948147588 274.68718703350135 274.68718703350135 -61312.79348121753
-103050.82973788754 -802.0472544427438 -802.0472544427438 -58793.125642480336
-106283.77495215647 -526.9158123971008 -526.9158123971008 -60587.72056495645
-64286.51667397707 3338.173261523687 3338.173261523687 -64129.17895471296
-72780.85462955291 3392.678453694799 3392.678453694799 -67109.93850695738
-64251.8651680093 610.2631648768865 610.2631648768865 -64119.27989318996
-72835.17460884518 637.071235170129 637.071235170129 -67058.6284107899
-74812.57188210986 2936.9396070841176 2936.9396070841176 -60451.62084513768
-82119.70019323497 2754.494964306532 2754.494964306532 -63708.85907556417
-75088.01394940184 524.3812242756363 524.3812242756363 -60750.36049778801
-82564.2454624498 376.80816665670807 376.80816665670807 -63971.25242898326
-81772.23749907009 2084.9900993990923 2084.9900993990923 -57978.19992143438
-87987.18033012596 1993.226175928483 1993.226175928483 -61104.07243522035
-82240.03415147479 174.13220840446297 174.13220840446297 -58401.95843645621
-88425.86780405405 61.05787867315785 61.05787867315785 -61531.501744529145
-86538.68853269289 1300.366976589396 1300.366976589396 -56748.66724707908
-91546.29882762318 1234.2553753894563 1234.2553753894563 -59374.00338381201
-87041.90323184757 -163.4329895393558 -163.4329895393558 -57202.325437670916
-91966.61261687217 -249.7004882593343 -249.7004882593343 -59846.95450836663
-90480.50909321485 677.9555357814363 677.9555357814363 -56511.42285969497
-94289.16130697791 571.0861134031047 571.0861134031047 -58556.977286862304
-90909.81167051256 -399.6686423559957 -399.6686423559957 -56964.92837087725
-94749.09206085384 -500.932587133364 -500.932587133364 -59014.73595894731
-93780.88191299971 271.2870884349601 271.2870884349601 -56872.35334226038
-96853.33068149869 164.03703295279388 164.03703295279388 -58548.392545461196
-94139.6279949925 -588.2332440103488 -588.2332440103488 -57247.93751568672
-97253.24010833852 -690.8796874015558 -690.8796874015558 -58935.44241129176
-96687.17315592969 105.90276938581928 105.90276938581928 -57456.19357142944
-99586.20706686862 9.230838520251371 9.230838520251371 -59076.44109253504
-97025.59194352206 -685.2157357404064 -685.2157357404064 -57746.49956368256
-99925.96048990877 -778.3477266188744 -778.3477266188744 -59396.08569538162
-99181.52376327025 120.86734001518525 120.86734001518525 -58175.18600876432
-102402.17491700947 89.95380121109761 89.95380121109761 -59867.256592408754
-99331.39545849066 -722.9224098016846 -722.9224098016846 -58286.07631876315
-102614.207616371 -765.12983511679 -765.12983511679 -59992.5232190025
-101758.41369880654 154.91762832601165 154.91762832601165 -58824.05165640403
-105100.48526233896 232.21141773399302 232.21141773399302 -60629.56969964079
-101679.6760837694 -687.4470416357265 -687.4470416357265 -58706.347076929516
-105018.91886551313 -614.4126660807427 -614.4126660807427 -60529.81235652152
-103828.97019273975 216.27289816214423 216.27289816214423 -59192.91557882512
-107650.220399105 397.55866989157914 397.55866989157914 -61047.275880794165
-103614.4799822714 -569.1705412808757 -569.1705412808757 -58968.80041296038
-107347.00228964887 -442.31775222711747 -442.31775222711747 -60864.56988912113
D 640
14738626.982259471 -253818.5909014815 3814919.7211808446 5749519.486006744 -116485.8356644627 16323528.727672407
13298873.64225016 -272067.4183567762 3633811.292867613 5469978.554163233 -91010.29290417346 16156848.733202128
14620753.995511511 -454757.38273770467 3812410.5789552587 5738701.376906256 -243257.70900414023 16280240.602580126
13342673.764507676 -395625.19902009866 3650520.5457260963 5492462.3000551835 -170881.82731208645 16195119.968972925
13315431.42008065 -163158.56810550008 3710931.8553562346 5568808.519842859 -87678.13217076505 16420237.93282251
12683176.879827736 -214641.1707724814 3613782.301994194 5415276.889365063 -182631.51531216022 16119148.180076713
13431297.29600605 -401604.7974508904 3729783.2417497667 5601064.242896753 -196211.3465589542 16534755.988541283
12313723.969868014 -399594.4907331117 3574605.777375047 5354120.470404551 -241523.64743031314 16127357.904823689
13384362.396648813 -146318.48054845462 3749960.4901047805 5615798.34571147 -184078.00202128972 16432473.357341198
12501179.631919442 -97812.29412613883 3623327.239882681 5411320.131777973 -143365.11114821438 16012023.361109227
13105531.545694169 -254784.71982259233 3727272.713647072 5570878.77859481 -251240.39433110552 16312043.909420406
12063563.64238014 -287292.7980426355 3562874.376946965 5301505.948302892 -253182.7193824035 15583318.739483317
12859586.553928966 -142307.10177029535 3709538.9751118603 5528751.730879548 -166398.80739524701 16105590.271237021
12635191.95873622 -170007.4414807604 3672036.3209168594 5463672.124597002 -182567.49619082283 15853447.923748689
12518351.113515837 -244097.07612548542 3642332.783029376 5428330.038727689 -223848.13924999634 15916928.094229296
12672340.849935303 -282968.22319844307 3625705.818152336 5404162.962224402 -203370.89238393912 15645389.601809645
12878334.240885459 -232749.17636273752 3719127.0750698852 5549588.89925339 -186959.50193313253 16292647.678606315
12931020.831732128 -287642.1061689792 3687394.7275659237 5510535.998749858 -164561.97118083434 16157014.681721672
12806732.653237378 -312054.7210443917 3695820.337201512 5507196.799183622 -212138.6996385548 16029155.55582276
12610029.43661224 -332395.78324590094 3665609.3431404294 5455274.3231503535 -212073.27321226435 15852051.024244247
12773681.043994972 -272050.2381784033 3682158.323677863 5498375.695199437 -130313.03448302172 16186349.31805613
12760173.346530389 -200172.9105591412 3690523.032857362 5508720.349223042 -129529.6896396436 16222726.539478818
12720959.141952924 -258884.55592356378 3686594.146270477 5498012.867468202 -184182.83191128113 16134226.693988627
12676032.67679241 -325049.8829384373 3678859.380753875 5484635.059037332 -211291.9467266326 16081761.643792657
12754052.286790125 -252344.04287806005 3672772.7995896945 5480022.8603133885 -201499.3339193471 16045402.810563812
12980840.379260391 -271649.2217549974 3726302.14674089 5564824.75916716 -140516.46175817374 16337007.1402453
12741388.807359258 -272020.68850661145 3653362.5082614473 5461187.538010595 -211125.5679845771 16108385.743103521
12779421.8770623 -190993.50258139966 3733009.562222761 5563884.620113471 -135833.7547863838 16372059.484979985
12659690.853133956 -339743.81230479333 3663588.1081327624 5471134.870654552 -263735.11458315264 16164067.874151465
14104626.733941842 -162096.39461168117 3858700.1860386697 5784471.443343148 -194378.16614341197 16693397.746796157
13228667.844777372 -127291.23163704682 3726766.1924664974 5577970.600715304 -209633.60216501204 16341887.544061309
14033742.777345207 -102732.4326482108 3899908.9271230274 5828428.511747632 -161427.76504313483 16736830.804742467
13218313.033774937 -334316.47327198985 3656821.2319473824 5503506.942528545 -207132.59477650878 16401758.182855848
14116912.228422062 -280728.48593392887 3837668.193869741 5753185.844638454 -70998.47590935531 16518104.266115354
13650785.606264831 -77146.69165593249 3795448.3491513147 5687430.563562565 -19158.76558691202 16597961.72214714
14541862.406972181 -112725.71049791704 3930194.8597900607 5891308.397326097 -11350.006337507057 16820018.492645815
14903445.65060689 -244519.97267648883 3854993.287103439 5811625.574485074 -22761.457380591422 16519213.368313208
15218971.444957063 -242333.50343758977 3911875.7544436823 5892980.77457682 -79645.60485045999 16579377.304371389
14778343.457236497 -277127.76250416366 3866575.6771804304 5817977.444221146 -51370.22652193052 16516540.318787042
15287971.972030336 -225533.93118937762 3901344.9655965045 5885431.344700685 -44138.80842924333 16591065.499600457
14311826.443353498 -566068.1363794873 3738063.942634531 5632999.542291136 -290704.91232143727 16110757.316329261
13171204.00856488 -542164.4025503044 3636716.6114938385 5460002.147376758 -249870.37613245304 16021073.037728151
14155293.180696245 -642012.8897670314 3669934.812914838 5538515.1117011085 -417556.72830617434 15876442.641237238
13236242.477935756 -669032.8937406035 3568130.0214241156 5372815.383616911 -425847.9483697741 15721204.14105741
13410488.882528082 -560036.242538464 3665132.3591573425 5520794.779020842 -272776.75074200716 16372494.343858749
12842336.099055037 -524370.1156762791 3582566.5406361003 5393898.505445752 -245449.06506824773 16219169.607751641
13267093.698658902 -657671.267395913 3609418.314272771 5445191.048372922 -343795.88793110836 16229523.825939164
12946472.513195045 -646499.9350273085 3516546.8818713943 5315186.032575445 -337962.49107675767 15993215.999655122
13288102.99708643 -501106.5771253478 3726731.208121718 5587693.416302137 -174672.50007897356 16477678.084035242
12795328.226326317 -509832.1141379722 3667051.502801889 5488838.910717754 -158044.71055938973 16306316.213137388
12620977.802261557 -623651.2601900048 3524489.0998439286 5309808.934037554 -248883.422034692 16036440.129788859
12236617.813445166 -709972.118369401 3461036.095211165 5206341.904291909 -240801.6567998311 15747424.356984854
13256955.784203103 -508576.97562188114 3721935.7101508593 5572570.681148413 -188405.61672961822 16311871.666554337
12799364.457381854 -501072.82506559306 3696844.7443110305 5522999.600716013 -142888.0044961717 16330042.467256373
12171956.117814543 -632496.4557119624 3536091.1813259227 5295696.510341926 -182876.97855876578 15947967.602592612
12185569.528329054 -773430.0624994577 3514618.533131306 5273724.414067899 -226914.79188811503 15967310.315469228
13149360.111242203 -475610.5402809355 3793505.375690768 5643764.459290682 -165431.32324203002 16268810.279061487
12835391.171052115 -450045.01126341993 3740351.576656899 5569267.123400342 -90058.98086572216 16262215.4468284
12135953.127824906 -620105.7348248914 3574786.309626969 5339823.84626601 -183184.9075565621 16015224.599947505
12251824.038662072 -718854.8974473837 3577404.9657293614 5344169.450406518 -191199.1193124291 15928655.327880716
13124928.755799156 -412489.52275796083 3825103.2546375645 5676038.878710777 -136034.4863436369 16243576.80288125
12927340.688287484 -504184.184053888 3800021.7911967137 5636994.766235826 -74531.00552426792 16212070.372391514
12461815.030861367 -524594.4733617182 3653558.9933971544 5453080.8773531765 -98088.68453446677 16221503.616560174
12379288.743589923 -563233.8276845112 3659609.904561025 5444829.701430859 -137643.09354495408 16005886.902207922
12921467.5097545 -403493.6404494194 3810603.9353388115 5646501.441496703 -119564.9763888692 16175274.087708203
12759600.210577363 -452544.8631710453 3771737.21784277 5587675.187659325 -117849.03132257434 16015683.783887608
12668785.29969275 -416749.0800514443 3748438.5996238147 5559732.331970488 -58628.01030048908 16060211.347050756
12920483.038125632 -446437.7519725213 3800570.194391015 5639770.271992597 -81647.11397310949 16262377.680224933
12368092.188754624 -406072.0688813833 3734696.6688413033 5530690.285875193 -142749.5941182801 16082386.069341525
12462452.424757035 -405536.0162096843 3705712.3653221135 5505676.39298551 -148595.95985256226 16125403.050632803
12776725.85258665 -393569.3798220301 3798773.0695666373 5630263.2968191635 -124361.66348266116 16255531.69735987
12859859.532016812 -391400.87475764024 3800536.2857004376 5639769.278156732 -143316.93287247242 16323727.190595688
12214936.394976735 -459079.3351052432 3549889.2802975075 5295381.37002208 -235491.1801363476 15595126.225398256
12187100.179909617 -331560.12955924275 3601648.8908913806 5368175.037781576 -273411.53286572313 15940124.660401413
13074182.656528428 -407653.37777107145 3771300.4805293726 5624301.418248253 -192049.12624259287 16443232.553269587
13327120.816652302 -265195.7794132316 3814406.960644126 5696493.685620943 -186206.96534498816 16685798.478004023
12102848.805321908 -381152.72823772166 3542404.7703902926 5283621.627659249 -290930.2406706506 15636678.590327807
13820522.11512861 -136341.46552565138 3811403.167864871 5716820.782996288 -10258.359511272627 16665023.482265243
14245096.47922129 -61193.41917896283 3928606.325735886 5870023.92819004 -121547.63354859207 16726042.577221967
15778985.591051605 81435.8835699885 4129784.2246668395 6190506.718320954 8932.048033396377 17175895.363521572
14116322.699353702 -785686.248475729 3598807.5197718525 5455012.524946419 -532860.4897831258 15810161.906416694
13815041.699493673 -843462.8606492133 3535242.497468166 5366095.039017078 -539531.7113634584 15731523.532136772
14136921.88654509 -858466.2061253055 3517320.66285827 5351232.336551335 -583308.8182168346 15506669.706271391
13461488.250580458 -861034.1299180291 3454528.5135005494 5234070.096015598 -613120.6159034414 15220285.491782414
13478896.792054761 -823284.1148704457 3566991.5137586975 5390507.70926326 -499077.8038893977 15857443.367022224
13769793.07969782 -828836.6763489982 3552999.8735606107 5387080.005887289 -522229.55052681145 15805809.121703705
13415141.319004158 -931536.719787573 3482979.20603411 5277189.300976194 -627768.7278940738 15503101.296506854
13172522.269564508 -918512.0540401826 3417349.3864522204 5179001.596741281 -579662.4646393098 15225822.563969305
13679708.838707177 -785013.1071639137 3593749.233121762 5440985.4518442955 -419888.9949170592 16077516.369247526
13981003.121747606 -902286.1009296209 3517652.411139778 5362110.97772293 -539522.7991042744 15872862.122170318
13178190.445008088 -926291.4705221937 3401034.005626235 5160892.683236747 -621962.2276251508 15216914.293137353
13182942.950003957 -1050766.830041552 3297256.149281168 5021412.426575969 -711818.4567783192 14705669.835855413
13963156.471360808 -861242.1365836591 3596780.5113865305 5463437.034875396 -468678.122313191 16176412.493516026
14042861.776365183 -956830.7574051387 3518014.4612493296 5365346.623102433 -588036.3267556659 15867751.893351456
13143688.956914207 -1054870.8310639958 3286778.7290259562 5007523.401800435 -694457.4375063144 14697646.600153465
13398762.81057079 -1106854.987475982 3303852.6224989253 5043984.331719996 -807996.9086146745 14796164.855114175
14249349.002740134 -875079.6278569483 3627601.147023757 5518483.432739834 -445670.03022068547 16313093.906531613
14117207.881305385 -891928.5815257719 3565010.253405274 5422577.809445737 -409643.93470992154 15904122.085761508
13373974.627338486 -1107528.6217491003 3297036.477947527 5032357.306103201 -798689.2796718958 14738368.136606231
13365662.541782986 -1107273.8281733815 3256896.659780731 4974600.960800442 -754342.2177883147 14474629.709642347
14394607.864179084 -849581.3881470537 3654873.3973447764 5550154.990853208 -326434.2919258404 16201276.455679338
14380944.941525418 -833723.657149327 3521922.3612202043 5381488.0107513685 -402890.00656360807 15766522.309625031
13138198.354814714 -1132998.700107469 3176173.3288651044 4851184.893234031 -776276.487437738 14009685.667914141
13487816.934364596 -1083663.2640561778 3157629.851423877 4837249.909759262 -736476.5925117795 13789324.020123383
14125260.304571116 -911454.6083991738 3537972.8290614686 5391945.829884383 -418891.72134000383 15878251.964019759
14354416.815851146 -869612.1917586867 3605104.8520292235 5495804.13839539 -254339.27018322918 16249358.792398635
13275991.796165884 -1180851.5980388972 3056672.5163838435 4699172.019658064 -789506.39055212 13460651.570181383
13273002.09718932 -1111874.177187284 3105832.1045608316 4766172.53504154 -628969.4296683441 13722141.401894322
14173698.206464564 -804515.2246168017 3624896.643961078 5511588.003957564 -250721.6983868836 16310291.686290842
14124144.733851712 -1007278.855642571 3533564.877210188 5398381.289320665 -534810.1535044409 16105051.140202872
12694061.411543306 -1184233.5321093607 3011460.235008157 4643312.295115848 -732610.4569354135 13920057.405874016
12612736.007391375 -1172081.6634223463 2825558.0855712797 4424550.367717516 -815658.4825292719 13715992.946274126
14467936.26053391 -606164.638424679 3700445.1754373866 5588669.236232952 -227579.56949974003 15895643.277483437
14806567.691795668 -885498.0023660823 3555492.6332163406 5440205.187080424 -482325.3842146082 15776697.065432271
12731758.09852118 -1141776.0012565514 2928659.761830441 4513448.808995247 -891052.5431435392 13106701.430085039
12543610.906135557 -1246014.6858126333 2806634.6487392467 4363470.828714682 -856222.0582269527 12979842.573533932
13926606.840418726 -919532.2364499792 3587088.064847482 5416316.9388243705 -528631.0739628993 15483793.853898928
13535856.629369872 -865445.840939857 3289436.288274057 5053691.593258729 -485222.67473875306 15170368.307268955
12419956.14607931 -940532.964585577 2878374.2973211724 4447687.545710589 -709317.8897968495 13209559.669130033
1749954.844838514 -313530.09924259497 490473.6918909018 726813.9689703509 -426276.410353223 1995903.2710734913
14385846.30879399 -771537.0872278648 3486625.122208363 5302350.708282424 -562893.1114005897 14955414.346194992
14087127.284936722 -870384.3510766681 3402698.4246016126 5186319.651167337 -605606.288556136 14779899.36859225
14380994.517199961 -773621.4618646996 3427174.2517082607 5213351.531792538 -572883.3938216622 14488201.788183462
14244765.300456801 -834434.8257210975 3366651.727119102 5126059.10691331 -631132.9973962738 14210078.183247834
14018194.016816065 -827383.5811949173 3491736.6306210477 5307490.469830225 -591231.6242945805 15313408.755606389
14409092.134915628 -784352.8645650641 3499392.5640279427 5329058.627277291 -529536.9538145291 15185443.077716056
14179598.08172925 -863615.4794346774 3437091.055054115 5228393.065355683 -621707.940810701 14772259.245472578
14343017.170388946 -806603.0526998409 3402109.385850979 5187698.846218709 -618957.1473828447 14564552.55336257
14502586.556517925 -819718.3712272025 3492267.7156563494 5321253.055848473 -591519.8266512441 15092584.315107483
14532106.453164179 -814296.4322349061 3496394.2492019585 5325816.6022124905 -632166.7330657166 15063551.624673108
14350829.833451806 -822099.2927726709 3425968.251313895 5215606.5537529 -695897.4678854428 14589999.236323753
14482217.755256817 -832374.227017092 3454079.5838354737 5253389.88119982 -692653.7408965412 14595828.49250293
14691903.645837601 -793376.103196771 3497541.916313939 5321245.36591077 -643668.6941456017 14787081.113807306
14865162.402877526 -821176.4043206745 3538887.215648962 5372762.915220217 -671264.1946618166 14734576.684139883
14442720.167778166 -875595.0480913725 3392606.3686997937 5165205.161423799 -779622.3349909736 14224042.52314016
14757625.735419367 -812170.5081527964 3448022.855146555 5241074.734093258 -717028.4306115573 14207365.736558922
14891088.860817738 -768204.2438526892 3505479.2777980706 5316052.673258453 -663722.6139170433 14309420.167778902
15082745.830664016 -742203.6121844737 3508328.9670326626 5333671.497603441 -635008.8514768697 14407446.542658504
14727058.943232495 -778461.9183773422 3412744.110914236 5183873.411657464 -714757.8691662024 13870038.47698021
15099394.949628193 -783063.666562076 3466659.167614254 5264562.042382684 -737824.7139310151 13925343.900412295
15260872.841612877 -681698.926764253 3490427.942753396 5300840.557993535 -661242.456117491 13966523.421533452
15371110.072046122 -724280.1822215683 3520712.783537666 5348647.067356607 -705150.1986585414 14146149.893633062
15235692.918738823 -673486.090369919 3460656.737023526 5255081.909011316 -677694.9049252317 13731496.7991414
15392957.275673931 -676455.0379939553 3494983.0869208435 5304606.906387729 -723571.8903205869 13809552.708787745
15505623.770208204 -613043.599589877 3531163.282320035 5351447.39091595 -631192.1875133171 13837731.672775969
15501393.366242483 -607154.4134204909 3531468.2588225706 5350707.073941283 -628714.189568344 13820446.216882324
15425785.325262578 -641311.639580505 3503074.1950789564 5290980.674476925 -718362.9898424576 13326195.639763173
15449772.548970079 -632410.6123225462 3505501.707660247 5302557.836946355 -711379.5405220789 13480346.380001388
15433124.369496483 -519519.04072057956 3521386.7793082483 5329016.330221564 -500472.2209284261 13676692.85236018
15315277.308343159 -527440.9918719574 3496517.104761608 5286661.7185054105 -498693.66483722697 13494580.616567744
15332248.898130585 -541517.6997147755 3494113.4431675985 5285310.078785689 -554467.2579277481 13503456.654744219
15282516.025118245 -579700.996230514 3469056.1637863987 5245220.071686726 -565217.2005128589 13302649.591242377
15361545.627848811 -387051.2668496589 3527330.830050886 5335946.034294369 -374456.3603815413 13756096.311529784
15178301.414744526 -420639.830990659 3488357.6110098357 5268280.100788876 -401175.0463607563 13443432.92717109
15324653.750938207 -435357.82111416064 3494336.7271024035 5289362.788273081 -436477.9232788356 13587193.629028203
15171954.951487578 -496933.9961308465 3452888.5879700626 5231428.418091764 -483507.6682107457 13493064.20476052
15253392.427170433 -183043.06539943555 3706133.8745453535 5592511.850613183 3048.6023984901362 15061899.024453022
13839931.583821738 -150351.1505339806 3464868.0903419205 5248763.232095218 -33780.9564829291 14908234.832076583
15245943.442976443 -309490.4780406342 3635608.0295878067 5489255.468878292 -192338.7513728743 14555788.847534234
13345675.691322172 -657023.6882993116 3310063.0282510156 5018313.189932295 -512454.80968868884 14199201.377829297
14352875.18021768 -775067.7248167568 3437232.1869186233 5217716.694972774 -623510.5773781831 14382350.06840264
14328125.56338938 -744454.3811200648 3415587.433367227 5185566.865916254 -593565.7054549729 14240287.626913317
14182546.141345726 -815687.9884268837 3400637.3958980143 5162327.549460324 -651060.8899376903 14249981.70101452
14250393.850040076 -842023.8045055583 3423732.768706955 5193625.301046813 -678189.571104779 14299990.705635676
14414866.561091851 -835159.1097065987 3429263.005133854 5224450.197592666 -699334.4554114003 14630350.844615038
14499169.647865377 -799382.0155321907 3483533.3599161305 5287275.696267599 -652950.5984163148 14608609.88849123
14221580.757811923 -845875.6196334324 3407569.214149829 5175709.928198302 -705324.7452916015 14326094.622226352
14373446.498687407 -783722.074186389 3437392.317813672 5222120.243094557 -666737.7691534343 14446326.96208529
14551262.593042854 -776516.9032009293 3445097.0563754663 5228814.710188799 -708882.197543961 14232895.954885993
14970740.027201708 -769053.1138427908 3473757.4578760006 5282607.25351492 -685826.0451253754 14258740.575474964
14590266.79665285 -736080.0841859307 3436684.934418693 5214300.401750528 -682517.6302427537 14088672.234455334
14806593.851846619 -752181.2483682991 3449184.5036276104 5235787.097602265 -674221.935039916 14027088.569860853
15013135.095812138 -670045.2787993299 3497998.7878467175 5299482.392896081 -630398.3807090526 14020538.870589284
15260159.92056671 -668563.8785066871 3509249.7269226117 5328456.03821091 -651227.7383036666 14105466.316901183
14936454.198086439 -656225.9434311434 3462802.6566633633 5246623.328432389 -631522.026829647 13814353.450671857
15283650.618925517 -616168.908638617 3487716.8461529915 5290662.230186041 -621920.2896085832 13799822.914875038
15483264.69478625 -592908.772476405 3538298.658055026 5364967.32166428 -585009.1165386544 13973511.037962936
15536526.09563324 -623208.7120513888 3548258.1855184245 5380095.113041501 -604207.4285191563 14003695.875765322
15397410.739605796 -595982.5772986183 3503453.207445071 5307480.423482009 -635430.6894689758 13676226.95489215
15521901.943636635 -629239.931338867 3543853.5603130194 5361894.029355222 -664972.9841346187 13751200.093304675
15473346.91405213 -547204.2577654306 3527500.439686564 5344475.432648149 -571690.9858871922 13811151.858404487
15502047.831942916 -555192.7290060027 3524314.0720091313 5339034.138094976 -590353.9797474187 13743725.155716078
15366860.582350627 -529390.1249717227 3488267.7389649856 5276746.021628115 -570457.2742917064 13426169.393517915
15442865.239339806 -558806.1628326441 3510223.4935039803 5307359.14386568 -589459.6220566451 13479400.599110555
15450769.954273356 -451032.0821473845 3514521.864523842 5310735.913075016 -450086.05711297103 13444467.08708661
15447635.019376786 -450526.95262442925 3509744.391995234 5306009.539569589 -450705.85587250185 13458178.963151371
15436045.249275671 -438954.0854483117 3512180.355049123 5301029.628560596 -452589.2202326676 13316579.299834685
15392443.101700164 -455497.55144750123 3489762.5805848516 5268732.467825217 -471095.4216665661 13207429.283978608
15472365.441924721 -324009.2974234872 3579386.6519351467 5394300.8168297885 -244882.01925869146 13667144.34103985
15441133.049878588 -312131.80556438974 3556978.9013269595 5362786.109140904 -258320.6374595795 13561053.118953317
15459563.862327838 -327286.091675219 3577708.072337892 5391705.220469141 -267330.2096302312 13664962.73630323
15460911.2978744 -342224.7112002887 3555170.5556394635 5361764.964324932 -315388.69908372604 13560635.545166798
15322291.66135119 -179584.09092542552 3579995.7591909794 5392495.807071447 -29718.192897898523 13767717.424380366
15202599.712997874 -185976.91860178116 3503677.023700099 5283729.483238546 -57350.09582728987 13391095.044319686
15387674.786889533 -238576.21513959812 3595257.4877914037 5409432.493547956 -140665.64887204437 13705310.100287393
15093416.623902543 -262342.44261964876 3538648.538739882 5317932.089212638 -122103.03701766432 13414956.96940187
14967133.892388334 -19477.843629700674 3541989.9625077834 5374956.780357731 220501.98177408846 14608222.182705063
13667480.581356255 135053.53388715608 3288626.1150840838 5010916.130952672 347428.2317796101 14201067.02125887
15277800.229582861 -249132.43443950795 3674553.962555651 5540944.730511845 -48643.20642564695 14700906.777865548
13676695.665919973 -320603.59613280505 3353992.0549268126 5081875.485967545 -130290.50413360084 14172988.591912571
14433779.92270083 -855276.2022713008 3393678.3354269722 5164909.642113564 -687055.0118351452 14203489.127279138
14782942.968998015 -881373.916433227 3433509.1098225256 5235269.956865952 -683772.3022666167 14385255.329742638
14222853.590933857 -925128.6533459136 3331907.959764908 5076148.032059824 -784923.7586541076 13998131.539546734
14453001.661218818 -924832.7038386848 3369306.8869337086 5138388.333455264 -756462.7169713562 14190013.083198534
14199265.490449157 -758428.5801035622 3397280.134721819 5148063.1854219325 -700508.8049846169 14021834.829257337
14780274.057417503 -761180.7922674541 3458864.2091898676 5250860.735499409 -678136.7411093386 14141927.657095421
14314934.424774995 -782185.6779023362 3382950.659984144 5130224.61534774 -733395.8389374972 13864642.959209483
14818426.686536979 -782124.9727975861 3450566.1554649924 5232258.923798132 -711426.8805170491 13914295.982992463
14949060.281022873 -641181.0165987511 3475081.842355787 5266894.725564493 -652518.9194575051 13937033.17730154
15276110.68821516 -601696.9803436532 3522609.0748046087 5334638.07853471 -608780.0142477916 13919250.749612052
14798149.18605014 -659183.0235993918 3458546.5602519647 5234369.993182896 -638301.4053969779 13801225.812764384
15272521.64447179 -602678.2796204402 3494222.5561435358 5298201.214261592 -615982.8891718563 13818605.781931918
15423040.746090304 -553479.8772719319 3529506.0844043815 5349849.997534056 -606083.9278153626 13924825.0467277
15426174.981688088 -571050.4540104961 3529856.328497017 5355591.004595715 -586313.5894287125 14028805.575778984
15284023.210266057 -556750.6843743299 3490515.1928739417 5289003.392351248 -585744.395188275 13704710.084972434
15401672.785149684 -572523.0945426206 3495721.295146177 5299736.266306259 -597608.2311205316 13687183.757903932
15393749.715974318 -512267.8874537601 3501867.9263236006 5304486.051762994 -563205.8770320404 13654876.73677172
15419025.30044137 -517326.2542718108 3506427.958883082 5310037.2614992205 -553656.408100561 13640304.607651563
15369809.233605081 -522893.09676039324 3477827.585574912 5263117.600337434 -540731.4099411772 13380335.693223359
15381211.145725794 -515174.28718958976 3490402.655065062 5275032.505451113 -555826.0454819505 13330580.340703923
15452906.15857067 -414332.3445295812 3520213.974541031 5309704.422658112 -434160.4199940825 13296474.612633437
15425303.26771282 -422434.5677928326 3512499.2540108785 5300071.853095147 -452237.28090884484 13301150.003290767
15409125.56163717 -427348.1121991723 3509367.0283493917 5281791.679767146 -446916.2106935322 13020633.179350507
15373961.959532578 -436306.78244050907 3505836.9533843864 5279413.761939997 -421278.5623960663 13085900.103252303
15447320.622360043 -319207.97176534217 3580171.1096649207 5383707.124166409 -244952.39557051053 13463057.189835278
15453736.68969386 -315439.13665234495 3582263.8323582155 5388327.786877098 -231870.2106607947 13503014.529017217
15442183.303493269 -313874.54982647294 3582681.0654450697 5388650.1469532335 -231132.00757033797 13511835.95314607
15437796.031555844 -316190.56486724823 3569198.500993948 5371548.821115489 -237943.37676477164 13470813.167440359
15470823.100479875 -248834.27270884067 3568199.8012299812 5356922.81261235 -102072.77908382681 13167237.271567238
15404182.789439162 -250537.82486734155 3549570.6126372432 5336338.863629688 -92500.5228551375 13232040.73846166
15494514.017506076 -291771.2687807581 3591689.6122952052 5389699.6803850485 -157847.17742531505 13282307.884936571
15437629.0492441 -282147.8214575156 3576411.3459640373 5373494.040451387 -130041.48725560955 13351201.922070747
15312881.018075358 -62942.91992407669 3550934.181402886 5364395.390967103 184688.23373885738 13854474.423200384
15070226.114433521 -86654.65254289028 3466048.2646942716 5244853.381564631 160730.14183782876 13573779.243101101
15344507.564257732 -185241.59930673486 3578965.9359722063 5397570.216865247 -33036.06800735201 13869645.945995178
15131281.770264748 -242166.23622878257 3524213.580396691 5313300.876861304 -99726.86060130356 13602036.710631596
15090449.55314106 -128558.10051568443 3610213.990679335 5462890.916064836 120585.053280775 14742660.555929312
14346135.814706404 50467.80983793001 3382717.3194761225 5150621.177813509 254023.622146219 14246506.285670593
15201816.255600542 -237098.05745683544 3660892.8134070938 5521236.876312985 -41484.190257227325 14683279.120382251
14911552.233601443 -236821.5019771449 3514808.3361564153 5324200.857356602 -58564.343803527845 14246681.249494394
14189775.320819851 -902917.1226428163 3333867.5522792083 5072860.709068356 -780271.7507460444 13922352.286818085
14577574.661318507 -892427.9660972256 3418732.9878934585 5198658.35320783 -720367.8829426893 14183466.295132361
14080280.518801436 -866983.2374834678 3328891.987214584 5057799.258374189 -739661.1001426931 13840080.564325605
14507531.952063197 -880311.1517068568 3385555.9549033944 5139539.796520099 -763014.7161458727 13801032.525344998
14614166.48579701 -711020.4751537757 3420232.896240242 5183163.563306367 -692129.2675302321 13803980.651423648
14895202.685070142 -637845.2107168274 3470777.5723012523 5255400.595245096 -640113.9922042555 13855702.208292287
14656803.541782701 -687795.1084848631 3438245.752487782 5205312.411296603 -663482.9262052084 13808037.692351574
14789623.926498435 -659060.3146209363 3459155.096681023 5236380.589048279 -662553.8998497184 13836575.326504499
15136246.836175036 -600803.8250912036 3496126.771703033 5294707.66437759 -604973.4193223045 13843116.985602016
15377200.457526185 -567749.9418826613 3513200.5457363785 5324864.845270883 -599125.7446031026 13829683.991475392
15099880.35133926 -589918.3423257113 3459296.4181886585 5241761.188411725 -626808.7314703194 13630821.76595279
15273383.296820201 -558464.5471201752 3498985.6741017736 5301776.791598191 -574326.4822008462 13784467.29905819
15331388.007373167 -508078.27131172543 3489577.792710763 5288466.239403534 -550600.2472805615 13667225.054396039
15370719.624335852 -527260.2888021359 3501824.3202340426 5304454.577620662 -578610.879548875 13678236.620715424
15248636.069707016 -489741.76852754736 3464363.2805394856 5241905.171044125 -523638.37678805203 13373474.89102866
15345517.965300305 -518099.3109959462 3477845.221978416 5264831.08949271 -552511.7139779598 13438508.660772253
15341707.976819139 -423858.08326782135 3497859.700941884 5272541.128373219 -416769.4181092784 13156200.908859747
15460584.880355325 -415765.5664468746 3520247.0080900225 5308771.061080587 -429246.39943278814 13269401.930104474
15318928.9686928 -404259.6726238435 3501521.4902522867 5273919.589323021 -417204.8171373677 13125989.742131913
15440035.067070479 -433317.33360836667 3516157.783581706 5300055.701682177 -428414.165227243 13205607.465517398
15440143.195866024 -313709.4527786864 3571896.837354324 5371507.941567546 -244964.91771121148 13408284.968580846
15437461.34074554 -320635.8652620701 3574005.0195960277 5378205.944978066 -258906.04559529692 13498546.904364523
15437384.211293347 -314144.0185169239 3572037.1086438294 5371566.34539772 -245407.99948376112 13409126.069359679
15460442.948383013 -319864.4022755907 3575083.7897985848 5377444.435608064 -241807.40151389255 13436602.171456514
15481147.282006208 -299095.0775112126 3597812.187511009 5392770.185626065 -162468.33641022933 13222388.045926498
15473467.959843574 -287503.0696251582 3588026.406927158 5380195.9484884795 -148896.3012927816 13193869.823403645
15461617.643450871 -298291.20972346736 3589614.584180923 5383123.956253849 -173044.59330953076 13229340.380359385
15456005.058604741 -296948.10318745906 3576648.232858291 5369410.620254381 -158016.83232979427 13245946.008509526
15379305.246007869 -167324.86922113373 3544378.10838195 5331347.33611971 13961.13813522944 13271322.75500395
15206066.913721157 -141060.0998027161 3484617.6933801756 5249611.032988247 25992.643483809377 13124564.2017036
15381632.532189416 -205578.68944732693 3546194.66919588 5330533.674257374 -60258.69878037846 13212757.936939338
15200370.209939398 -198858.0257413099 3490783.813335602 5253812.705991266 -36920.60162283135 13078639.769643089
15358043.315789642 -91858.35997114693 3583046.9595796694 5417037.96902484 149343.1269407786 14155682.575848376
14865374.929320777 -65701.31765916426 3448794.545756203 5220393.790559995 183463.69408854746 13669020.333997829
15351475.490501206 -150797.3997626014 3589668.529611558 5411762.764492255 39171.294485904094 13911071.871038716
15036059.497962056 -143993.69156941696 3492449.015502421 5276748.574712578 41038.60071707424 13665033.245772079
15108184.374732055 -157219.15978674527 3595581.0894789966 5445776.724502386 113606.74237998863 14704565.555238226
14796975.479528556 -6454.355744322518 3476748.1475816313 5283668.900418835 184852.07842793828 14387942.788331605
15186584.367714778 -250498.5603570792 3645992.6128683104 5494922.067908942 -96132.94309016575 14500019.328187866
15123760.289781833 -240690.4928918941 3589693.4101431603 5423063.415638666 -78816.05338557067 14364252.908580085
14163800.803080535 -847740.907293997 3339054.662857108 5075607.217302296 -743392.9375864615 13889140.52902812
14527842.757462276 -900879.706566343 3374931.747353652 5131985.800297592 -796177.6154912469 13863374.465393478
14087272.735629756 -821587.088156339 3339330.4948740033 5054882.689948678 -745515.7733625005 13545109.64656051
14394540.356663086 -847724.5244454428 3365787.7870637127 5110076.834720138 -784185.3468113256 13759664.646948917
14845478.114961304 -648476.3751148779 3456547.9758550175 5231543.321788649 -652866.6726273497 13741332.345231304
15085586.08581007 -641491.6238187195 3472470.233358348 5265398.046008321 -641804.3415480145 13828029.247929085
14826648.898975212 -612782.5592917504 3444743.4312544297 5214361.502171772 -626991.9878730513 13676225.071372343
15102280.515516367 -615397.3738328096 3478442.346593544 5265393.660584968 -629952.7879472319 13679860.556053085
15037816.476837067 -529935.4523475779 3472117.7480735052 5250683.291578028 -581303.3657257314 13589258.479838394
15366685.729165059 -502998.4827981271 3506672.054469595 5312163.671951696 -561333.0067420016 13729802.098786578
15091464.886151263 -499079.4358473723 3439059.3179405653 5207074.505350089 -532001.8756199812 13390719.904130153
15219313.246206956 -506005.83537815785 3452035.9767845203 5236227.331469208 -529648.2178695863 13560441.553784687
15213826.209485954 -448707.7379620184 3444574.3593143164 5216095.110789976 -443826.04583403276 13327439.844263611
15314564.257375287 -420139.60079528776 3488416.479891312 5271459.58262875 -415342.772489958 13369464.572111715
15217714.02601711 -437752.45329420187 3465297.961953514 5242513.268726246 -408978.96137426305 13395995.905972961
15322898.6208933 -411460.09199518926 3500908.4126024884 5286800.257703959 -402258.0161621766 13393121.181966225
15456332.370852195 -314296.0720907037 3566842.8663630798 5369985.457915828 -248608.21750308614 13472833.496925542
15469745.409239987 -316166.6694944594 3579235.8079014993 5387880.750453841 -270349.7205366944 13544681.609647062
15485605.581916187 -294104.13168969814 3583988.7565278886 5389197.902826219 -221073.5310342856 13450599.609676305
15456376.654364504 -324223.6032790728 3576031.041179903 5380848.930585377 -269144.14933451696 13487918.83944135
15453493.994958468 -296321.17044961685 3578029.0558003183 5369452.78904671 -175879.32431704845 13218922.335449712
15454431.412510445 -296901.3536021855 3577995.2476224066 5369408.803135913 -176344.7948393514 13217848.991470432
15434858.445810948 -316881.9664232294 3557345.2379220338 5343111.164034136 -208515.86363977767 13165769.368297981
15455938.13251598 -296428.21291208826 3577959.5853734976 5369417.6946779145 -175789.8552852735 13217304.669864157
15373521.760889051 -223029.0478653333 3530122.6070825695 5302134.286638181 -62691.87767417092 13006466.372836301
15293916.503237443 -183970.56790112573 3506012.09336749 5269286.118766908 -33817.18398782666 12959539.595230367
15388260.539080355 -243448.86525929312 3536917.9002289427 5311856.721275633 -99692.4160808718 13036679.841423292
15404813.774733862 -234685.35853564518 3541041.2234039544 5317343.555084907 -78420.50823583681 13039150.20096932
15305015.565793918 -135240.1232325475 3502212.958770378 5280706.48460126 64615.88899652812 13260428.713045085
15095012.812627705 -97503.1592603553 3447607.5628598686 5206029.065248469 127875.49990746907 13178201.75537857
15342232.728280488 -195505.055340597 3517970.0169492518 5300474.414797681 3506.7171024345967 13271914.908651983
15118090.24618278 -154773.85283726922 3489773.7381125647 5253303.352873159 60.53573012148544 13172954.296898361
15335024.558113098 -102761.24784537347 3554924.772917604 5376067.980579306 151286.036087756 13977989.761420038
14879029.472958127 -66685.01559155562 3447872.9378623255 5219678.653499436 190178.7827129583 13661338.469115555
15328533.370333238 -126234.29790781924 3564657.975625643 5382153.623888441 77853.67069050169 13892063.407762792
15060540.391487842 -142810.30791892772 3505755.755096589 5292580.005254398 77439.4745362259 13664432.775571967
15087811.367492648 -155694.8207099663 3587469.3979703374 5427711.722675555 74639.7949333956 14542096.187773516
15086276.162645234 -146990.00538928492 3567796.5510941073 5404883.087496916 74981.10235523002 14519861.237097634
15142586.509238658 -232371.42882066584 3595480.2406731234 5426421.685355712 -50993.546519294876 14285281.791282905
15122979.969795104 -235479.12075142143 3593034.623611956 5423955.104698611 -63297.21739499645 14309360.26427237
14000178.771147506 -820308.4562637236 3318567.7828769786 5019010.398724384 -760221.772101297 13371537.447161311
14560422.618844371 -800871.2824939864 3397105.6584177613 5146624.136645393 -752587.9475931705 13635735.224730358
13904002.480722828 -799043.0429695407 3325265.766226177 5032343.733520452 -748837.8674772893 13587024.903834239
14419369.449120022 -746559.4672046117 3377604.836263991 5122381.363928158 -704405.6303732864 13720951.036331078
14965627.242228255 -571264.7918188311 3453537.0485249367 5225980.295883847 -618588.1947101385 13576163.066309815
15082044.207077945 -580916.8919313992 3496667.21962784 5291344.883861138 -606266.4983788593 13818174.037968293
14921775.01904646 -571982.4149615953 3436814.3994075153 5205649.01802453 -603063.8428480517 13581288.036458021
14921443.550532287 -538587.5191614091 3447622.483765565 5223542.5608001035 -552634.3876082192 13701712.44062176
15086002.561114991 -490324.81290032965 3434175.2456757496 5202185.736560387 -462133.7921440565 13405856.42405307
15138818.506325202 -493933.3508163451 3443142.1628233087 5216229.52065331 -454586.57949408115 13436644.005254842
15094074.491302267 -469644.6818939515 3435280.5053148195 5202543.847553305 -447270.39447963634 13380630.996150104
15188055.941054335 -480619.3241090845 3450986.2580981376 5227915.9709939845 -453412.36411654804 13448565.507307447
15136034.769292086 -428405.90951886214 3472417.5136668463 5247476.3906755205 -388772.3310723646 13420307.495379364
15306024.655319583 -382086.53558073693 3522874.913514714 5311105.613877414 -343908.4719973807 13412839.292662246
15157385.123917464 -411188.4071263826 3479487.2235881123 5253103.098289477 -361225.9559065874 13355957.676834626
15367855.739611289 -382787.8677791092 3517786.7256119302 5309474.2941802675 -324834.68628136115 13430321.944945423
15458323.145531802 -315355.1504603274 3560450.6350232954 5358031.905530756 -213465.78385495013 13372400.796594908
15455075.864353161 -316327.7160544266 3560656.18786066 5358310.300515183 -214334.2734053473 13376693.831344888
15461029.174151408 -317484.383306104 3560494.4719103267 5358173.067398339 -215161.8198496359 13371553.568990149
15457800.407427335 -318464.33022053516 3560694.007987728 5358445.991372623 -216066.9968879775 13375851.044714134
15456410.413545467 -280364.0520540992 3566328.646260074 5351190.996346948 -142165.30406970394 13108179.091657951
15457864.206202285 -281870.7113986842 3566302.4928350616 5351146.433875677 -143307.49413877827 13106409.436224429
15478295.277957473 -283508.8810446337 3580595.9568512156 5371024.964252566 -141216.55439956806 13169092.744346602
15479648.892939476 -285036.2314244436 3580596.2422508043 5371005.678773273 -142402.96013371696 13167347.147747379
15319899.22182556 -177373.83315601374 3517375.586661885 5290316.476097308 -18092.874944003623 13104167.114102148
15310045.25366763 -193932.16390531274 3506078.7392584486 5276164.833945655 -16534.596176462444 13079518.899405487
15378926.847561605 -177029.62768036182 3537108.704205871 5315055.952745534 -39430.59113052707 13105800.458187215
15323501.294054635 -194178.78204317758 3515960.8941186494 5290082.442382018 -11751.151359713635 13127007.650518423
15274677.127454229 -106527.26893469314 3493586.8610687167 5270594.348959303 119060.42820491006 13278298.564081132
15139319.879971422 -96609.05210894193 3458436.885243564 5223714.312017135 109290.03387661581 13249354.576872198
15267889.141254276 -141023.78118006213 3495370.5645702365 5274050.657521346 42390.45502029751 13314971.308142593
15142363.526545335 -130998.33958334694 3460988.8676559427 5219191.304424108 58278.37131644676 13099707.215206085
15307891.588934094 -106228.7482953603 3526059.742718799 5330190.115382837 117770.39315731022 13722596.118628398
15124133.092095656 -115388.10155439525 3487577.721611108 5277849.98123427 138637.50421272035 13706156.313320288
15316112.742312448 -134673.74006252844 3542065.29075582 5345784.1041111415 61102.517923068546 13674132.721775118
15121379.950221231 -147250.63393669887 3506538.773075092 5299721.22131835 64221.23066160983 13729191.172344018
15087072.465895757 -188483.38798520903 3577266.1834056214 5409288.62376201 28094.302602133153 14398843.809010938
15047755.824714435 -186223.97883725664 3544158.53846036 5360054.480483179 7346.335865593449 14181845.790237054
15114499.931256086 -224371.30708098598 3560151.545279829 5376878.597277579 -10575.546470062021 14099737.846903726
15049774.465291072 -190535.5141277447 3544371.007499986 5354713.401072561 6698.894444772501 14068331.197536327
14197085.745708205 -786121.1269546564 3331401.5132821435 5057911.0472434135 -755834.5663064275 13670301.47435423
14450581.807726616 -683120.0389964536 3399399.4736098163 5147812.142185822 -688267.2368197006 13718872.167753885
14324863.535583068 -734968.6486967608 3354122.1530079804 5090649.264216898 -691938.9292591412 13697433.91141955
14563931.019523246 -637189.6356888326 3430767.0162266744 5196077.171641755 -644094.7078766038 13880737.557960274
14939518.726315003 -543715.9663587839 3455868.231597156 5231132.062882392 -563411.3589463576 13654020.977929903
15044609.141810283 -520049.75424456096 3460824.6828933754 5245636.209143903 -547539.7562822574 13729971.591148105
14929949.599601513 -528263.5191248588 3442408.8316377914 5211517.357129884 -543552.3526415408 13567402.80061519
15116123.815857138 -499489.0256409557 3469288.2857998507 5257947.196878879 -514235.9861178659 13718477.517992483
15005767.058228858 -426257.26564272726 3416966.507623382 5175985.777949717 -407809.16326775175 13340685.03478973
15109158.3354542 -413579.2378304608 3455030.761263583 5227006.716024733 -379021.49468643457 13420298.943988433
15051979.703931287 -394496.52579087846 3449984.865065347 5219520.204676502 -361721.1880437706 13438757.070683196
15126877.937304877 -401674.2131725617 3464222.4245161153 5238859.927090105 -352779.95672887587 13437427.00064585
15187416.846845046 -369547.8438365122 3480984.764743495 5252440.461766496 -272767.97110156814 13279727.351924924
15272104.658987211 -356220.2630106118 3516784.4002956566 5301528.178095142 -261880.67357936766 13389201.879380256
15250159.57936815 -366969.1169433849 3490897.1374944267 5264418.913583888 -246795.6560890729 13238481.444512205
15219767.70565693 -360603.9497234227 3512328.578006698 5289678.369598135 -260009.7719542458 13302570.741341587
15309433.077365221 -327820.63804069656 3531871.2429782148 5312248.418065733 -205383.1408839253 13234367.711592281
15439417.369851762 -310041.6658926465 3576705.9592354205 5374924.311669834 -146453.50590068774 13371537.533086171
15358595.14397442 -295552.668138884 3568950.7560713403 5362041.913066992 -163451.93306174077 13365326.26338074
15424212.367702961 -299049.96619718475 3573612.05818828 5370350.010923506 -150463.24109734542 13363322.338649834
15312964.002363222 -228559.94171212564 3530532.8322081272 5304682.578439526 -90832.97729637971 13108965.035097305
15304101.110728536 -220794.57139311387 3521428.3680629022 5293266.308862236 -79629.90756068232 13089800.750931395
15330759.45399368 -238477.95299359818 3542203.834600864 5323332.061413537 -99094.64671340345 13207397.16839632
15285321.412651695 -214083.47331482894 3525196.454426279 5300995.210244533 -80082.75766072657 13180260.55904882
15288826.212869266 -176842.65753466243 3505631.8709663777 5278622.529340772 3319.4415187995387 13159722.975891858
15216735.862858979 -148794.6976584084 3486940.655535472 5250305.382171374 35597.93806923805 13076677.121249592
15340244.646556154 -166710.64497848146 3516360.5439774855 5294247.876099175 -523.3982550770518 13184780.694683924
15231031.937691554 -158178.0051595769 3502682.327579122 5272985.273579617 1684.326975105143 13169662.105633914
15223004.998735387 -79116.4258085956 3495001.2388494103 5272321.790455164 132610.88704466552 13333403.246349687
15225034.351650123 -95287.40643324632 3478868.0187966796 5251980.558011788 107802.90698376037 13279480.11710789
15222089.993271865 -128338.2979126891 3487038.6414090754 5258953.911446868 33587.91210949846 13242137.861342488
15119189.094833504 -132927.88446982895 3459655.0668026754 5218520.579684159 56096.12582342744 13138810.788417375
15277891.578178154 -112211.39855322943 3522898.152822826 5326420.986372583 117725.58858747307 13746768.546059888
15140735.995858546 -130302.57727333577 3516078.145173286 5306258.667811489 101744.84648708727 13630717.871702233
15221669.778731028 -150226.36411060626 3524490.7055163747 5317226.054936759 25134.908929001715 13584055.578707356
15118999.788285311 -152202.82427051695 3513013.0917331977 5304699.6173733985 54951.87875382757 13688704.251834664
15154793.942773892 -210336.44021826072 3565146.5645774677 5388588.495919903 -3624.7186860110924 14183751.379101766
15096098.710444698 -215458.21358703577 3561830.121150349 5378797.040340974 -14471.523971362027 14119579.238346068
15152868.262380935 -222673.2059622576 3559128.2403624128 5373352.801170874 -15560.603707432796 14013366.290335055
15131852.634735953 -224634.70460807456 3540757.2569060186 5345404.205017288 -44595.92983774177 13879571.594786074
14349462.532594198 -740122.8373497736 3362787.0939735305 5104341.068611209 -696363.1836459028 13756042.362469384
14538865.569072662 -651569.9278507335 3447732.124323974 5221867.30130418 -648784.7414744174 14048373.238729393
14296620.49903141 -723995.4903250413 3362515.5978890993 5107560.544438822 -630298.6611492545 13879246.818885725
14682951.812710637 -619277.9263128719 3444271.4581539254 5225125.332710699 -611118.0583354735 14045582.293106297
14929985.750557544 -537041.8123503742 3430534.398100589 5200024.000015998 -539922.2988948907 13598737.051546752
15058290.11756098 -477076.71672908857 3463976.5843889583 5245274.782908912 -490725.30049528915 13639720.318882931
14949008.151678856 -471441.51676475414 3437580.687301756 5205850.134873775 -470442.24535860104 13541218.953000125
15025345.24139485 -443200.7249358813 3448809.6720402115 5224008.68375173 -442637.39390805794 13581015.388029277
14956234.715594353 -396259.6683791177 3445425.163967298 5209717.330087945 -357047.1811276368 13438758.003798654
15070557.458454752 -389918.05216359446 3461010.04889491 5233475.032720693 -356007.4826067215 13456721.859241972
14954337.535420766 -353751.4576498471 3452278.2841937635 5216035.294772446 -284770.23733848415 13416245.832590975
15016296.392780801 -336268.25579442043 3471404.6943728123 5247701.34337711 -274576.8457497237 13566826.974788712
15097386.695172234 -362580.4449738079 3486717.7857627124 5250518.547651352 -222515.33635393006 13205192.75911837
15221536.101290787 -349062.27897071006 3504484.481803956 5278509.482857205 -204747.7803911451 13249994.739273805
15043317.65253439 -334658.0683892976 3491424.619076291 5259569.6157385325 -209506.31030925465 13336732.831672192
15244706.42784779 -311204.9308949206 3517833.952288572 5300310.547475853 -196755.74011362682 13369157.368931077
15274902.454060268 -269940.7033667959 3536758.342829172 5318113.22924833 -134909.26287784733 13278678.3752975
15282395.644470792 -258556.6992372814 3555543.6624959516 5343081.196359995 -100927.4449369647 13357267.493495787
15209346.377433412 -271769.8244529103 3526946.521985535 5303833.346223603 -147152.51074659944 13274496.829586478
15357693.836002845 -285801.38945668185 3545919.4756897837 5334663.778564602 -170750.58482909406 13325353.045011459
15216719.974485923 -214874.84211493548 3504852.6088278666 5271228.658390043 -67649.67219195429 13101095.579500152
15231325.918504642 -194161.35931282592 3490018.2627345216 5252211.634200557 -44524.34885851744 13032504.757775122
15275711.97806521 -225506.95931967182 3529630.8355145617 5307316.60937918 -91746.77532980544 13218741.596336704
15216348.849483281 -206777.86168889556 3523337.713418586 5300295.31325597 -67825.10520811041 13276127.463246323
15161870.73272405 -154583.0304109966 3486154.033743353 5251130.8595727915 6819.341838321698 13165357.45324736
15137633.98547148 -128461.02526056588 3459675.4909316963 5215210.088227857 48076.60740357107 13053706.717006832
15177628.427911947 -158387.85491472037 3496574.8063667896 5267383.702617283 7116.719312317135 13245399.607592568
15173644.372314217 -157180.61309641853 3489943.387123199 5256771.878014532 -2521.661202574552 13183038.41935623
15232276.744299611 -112757.79385521059 3474283.0434137788 5243708.929587823 64248.77518993922 13207674.646453382
15100045.15552678 -126948.85689815308 3462414.94781751 5225348.237175876 65751.3517965832 13233790.444271034
15243157.582710853 -138804.00556057467 3497173.255733173 5273633.500038996 18920.981603437456 13291700.582369793
15164691.001855727 -144368.0715432307 3490550.292695388 5260108.580988813 12434.07760098663 13245373.932295887
15248408.218371755 -147066.32288405712 3527943.512184265 5324379.223937632 29426.54991090431 13624418.76892762
15179481.340332333 -159394.08656119514 3512935.7224189728 5301619.177592384 14921.694774878717 13568316.07595393
15267330.275180757 -153726.4708709991 3523658.3798831264 5314794.975578674 15857.761405477286 13508084.63727184
15200836.8167464 -163579.32018604595 3513400.0175222647 5300991.230113944 6276.766376761152 13524187.148345085
15333241.247557424 -192571.0054616041 3591651.2436072994 5418826.822365736 -27192.281011403054 14026967.673687581
15166583.018882481 -235744.34666640655 3567741.9150605495 5382066.505670195 -55563.98366633749 13984424.769591387
15288602.821062703 -226170.51254747092 3555777.195325295 5364470.868427422 -82530.40988505124 13773716.059402889
15230670.893666228 -243759.13202081487 3555656.239886708 5360183.281196361 -94338.88315834502 13748557.22654257
14369308.50389497 -752579.4579070065 3391566.5101410463 5156418.235451393 -623434.5528321555 14144592.55370075
14706884.175140223 -605759.8459352234 3448981.958461508 5232815.871250072 -580031.67135246 14071829.770142622
14410137.800242985 -680383.4831114345 3426210.5904956507 5206259.975451069 -555802.6526544297 14338428.295614429
14946269.188421587 -552928.1217387284 3506112.220439875 5327126.460521074 -473283.35373724677 14461790.754232995
14940615.70122849 -465498.2078107935 3429514.15524481 5194573.846920599 -462472.4230580833 13501549.343661033
15042518.404865036 -415934.6699828035 3461652.5839294195 5240017.778354751 -418664.8870552132 13601480.015045997
15017309.831650496 -431033.2651163646 3484753.5300520216 5274764.121000897 -384001.29841773654 13813394.527455576
15028606.705791803 -416553.5034866758 3496152.444112421 5289066.881778683 -377265.9935174369 13837376.906001002
14969382.364268377 -356582.60431683256 3454701.5216344376 5221462.743392726 -276147.72180633125 13456438.773301564
14991041.433747012 -358799.4819740479 3464472.6860501473 5234676.705453852 -269834.16459353105 13484093.32270494
15025657.632476976 -361347.931230096 3480815.516624831 5252996.3097870145 -283187.1797363046 13456326.922330262
15042134.067788659 -347150.4037635371 3501343.198202572 5279418.161731004 -247782.68872571463 13516678.606804095
14989165.902633388 -320442.7341553852 3485736.5021715546 5249703.786220518 -209130.1221033343 13318706.530194754
15009253.786789231 -303273.4261090469 3500982.3353822455 5268826.077052475 -194762.2030123482 13345656.149811532
15084188.231149489 -280976.2103835294 3536626.2842013207 5315962.829209112 -162545.24929695297 13429289.83679281
15171113.03784702 -280515.34340497566 3553896.4768427126 5342814.964903774 -158158.03578862268 13499463.564125972
15114015.555947538 -224303.15030501544 3493634.492108186 5258550.459207913 -89082.5122723164 13197034.554419117
15092962.292290153 -237396.2700857721 3511240.757360815 5280379.673691022 -106112.64864984437 13267334.270496188
15111344.516344372 -242157.81207381008 3522659.3805402587 5300201.188540509 -125873.67997970515 13394172.655711692
15163425.270229679 -229040.43461777896 3512885.8307066117 5289766.903989213 -126088.28431971151 13348424.327050837
15109814.724088559 -208667.4769004655 3505529.0812885826 5273174.586482245 -81023.65916770266 13232036.981012773
15082718.774125772 -184782.46702262285 3481365.177770892 5243537.0245123 -50345.608212099636 13197987.572546765
15134988.625714371 -210064.89240034658 3521580.3933314993 5295241.979446493 -71265.14935112203 13295082.077922078
15157351.135891298 -194800.31583852597 3535124.1060396126 5312882.790259475 -53717.44792799634 13327574.113332
15133438.406362789 -182850.39869858918 3482065.077610322 5243618.786903652 -23742.6896809997 13133505.357068403
15107781.676807575 -161959.84294560095 3458334.7857849267 5214555.682830267 317.3446603682969 13099966.429394927
15190777.749458054 -160273.18375217036 3505670.716652929 5279752.299195355 5289.210099370191 13279512.24674558
15178849.822805164 -159163.93178888602 3506825.13497245 5278565.709668119 -4624.351365313402 13242311.152582511
15165429.1876629 -140303.61730330036 3494765.4343690835 5265974.57929781 22534.673369657758 13269222.616431069
15145241.54502771 -158159.24685312284 3480905.185128014 5247966.928853625 2556.3563888315775 13234182.713301782
15164932.058606485 -143765.1181558006 3493161.285493917 5266532.708895827 2605.912793264751 13316173.609997846
15220287.46921039 -142599.37696583668 3494956.270035757 5268726.578929657 23461.30647092685 13265205.917831993
15203319.115609948 -137220.34082272285 3519877.6742668776 5308773.67747074 33874.80505714346 13534845.392507099
15254263.608374903 -142436.61617864826 3515316.592756935 5305936.702950432 28117.09219361996 13527505.178164622
15207897.576377263 -136293.95152320142 3514326.405112246 5299027.476645201 20631.132784969966 13457470.820691591
15174860.753683746 -159218.9579892629 3498713.088293579 5279242.08633875 -3863.5899631649145 13438292.77318168
15277400.551003164 -210563.19808361356 3551360.7818330107 5353543.394196161 -91792.09190802368 13663529.951743359
15278445.52257271 -229251.4966645088 3559118.046293552 5363404.0325203575 -104514.71205277083 13689037.925969377
15241190.973702507 -212962.16222251853 3553626.3878054614 5353525.056533803 -76227.09363723257 13649529.397847893
15239509.29857269 -224612.47587810582 3546809.0879777772 5342531.778695543 -117390.77830186536 13581326.115720889
14520800.405831974 -644195.2565113294 3435108.7573247105 5223125.625581051 -541985.5707535308 14369319.064337166
14959447.547000673 -535983.159722534 3496384.3442672524 5317043.560461515 -478810.5066031377 14460967.70219022
14565099.009745441 -565844.7170913911 3476860.21874349 5276430.742302111 -474533.1606822451 14472590.575359553
15107332.804699918 -453739.6869621981 3562441.372736536 5403351.905523684 -381324.4633940294 14585994.587076003
14996181.565827053 -414104.3296548427 3492782.8709855177 5284203.354108373 -370531.5135439991 13846661.916834645
15112522.427618999 -381494.0795676215 3511233.8028405025 5313460.163315965 -307159.24576336914 13909536.88602305
15074039.0846664 -394422.2685456256 3522309.804905926 5331778.888818001 -335557.0043928464 14070722.648034098
15121194.589815598 -349510.52270118264 3536522.464538371 5349128.46940883 -285322.8862735741 14057880.346087473
15000436.887463344 -354395.62845954753 3465855.73119535 5233520.655043288 -260347.1236946908 13421149.874054061
15053179.096971799 -322231.9040260341 3499401.8851834727 5281862.661693875 -216551.94217211477 13597232.438637763
15039840.793333862 -320082.0371521773 3497848.4680764684 5279768.232771905 -193778.09853812016 13602857.339198893
15137405.233945908 -283673.0118033478 3543812.7689961405 5341231.525238123 -161328.6231382967 13723344.17097191
15093212.26068377 -277876.206939753 3529978.456192231 5312162.346650244 -163159.24523140557 13490508.401688863
15103192.84408175 -283330.8162941953 3546300.3768744324 5332663.956171448 -156085.6544584802 13531477.770616094
15146087.777804626 -278733.7887344193 3547577.634221902 5339631.728751726 -157049.93707596828 13599838.634381728
15186596.00694015 -273372.03735557536 3571328.630271916 5374608.565910261 -146028.201311298 13736345.272459077
15111427.149387714 -235685.80959660138 3500527.038319496 5273781.678460057 -111740.77433472351 13352611.338412682
15116331.472915377 -245780.27430053806 3514781.023594961 5293696.4165465785 -124867.35689430987 13432414.127146076
15194900.388917482 -239980.1582449251 3531927.5129933017 5320762.59740589 -126663.56907574389 13517946.07853297
15273851.633096755 -226784.14754456712 3556490.2322024107 5354618.192625227 -110678.40657021361 13575726.930997552
15149424.12350932 -208811.3125534803 3523273.5289877458 5301292.072008335 -65728.33598491322 13364399.42897777
15158613.505575866 -220253.99508151563 3532620.5331616392 5313451.944998542 -76034.22086260145 13392773.426113408
15215076.045359742 -194512.04031147226 3530299.6993898167 5319193.461174737 -51935.03627289662 13502199.584166806
15229936.917394347 -211253.17919867954 3549553.9437801335 5342966.4242942715 -71681.70613975637 13539204.592375489
15113229.80926861 -182987.48497846888 3489479.523376964 5254092.336603024 -24215.605346262077 13200067.171145914
15212201.79135434 -170613.2453710963 3510618.533129253 5287580.90268959 -17334.524473666675 13305808.287875397
15186292.795927165 -177791.3055388513 3511596.290883133 5292371.590948754 -30343.54137817453 13406020.383183388
15206261.755642124 -164715.67392959516 3521227.2163858814 5302843.462584357 -20379.088944679814 13383608.492924204
15205563.075038945 -165120.27070330278 3521212.1216325993 5302819.857687583 -20807.85187355875 13384167.179016896
15210142.139800832 -168309.94135413622 3490389.2664012318 5265458.286495601 -13350.601393382567 13310459.50211633
15237063.336939402 -183076.37753147766 3511738.1483153473 5293432.998056483 -31667.013237404553 13373357.130164646
15160073.366854532 -165764.47920584554 3491372.5397175825 5265335.622563092 -18718.504207917056 13336442.978935555
15261283.718371693 -168507.90823902353 3523875.1226389864 5311242.083261459 -26946.077099119262 13438305.026854625
15258074.2434789 -197514.62021055273 3533207.7158786613 5325781.41921855 -53082.36467771641 13526984.16785479
15206466.575323926 -163516.9423103955 3521356.93314239 5304704.303507479 -19887.029225327085 13417766.728087584
15186363.831303049 -178647.88812395927 3514029.4451691653 5296225.511609162 -36559.866213146626 13429498.36511765
15218415.174852492 -201952.281860278 3545078.177180095 5341805.520474878 -67309.0666355174 13625975.148587244
15305409.03438486 -212056.0512925194 3569186.3534709173 5377035.410238675 -53449.863406687764 13713199.21659518
15142099.115132218 -207955.51179503463 3521435.6178981964 5301978.909807549 -66563.92333117704 13425895.242584096
15195159.441657422 -214063.06151932135 3526838.252881282 5312184.663570542 -76109.50272205095 13458092.037031248
14696774.721772017 -529335.1234285852 3498595.3509482844 5309588.530938238 -429045.4388157226 14525897.737410173
15096385.22410081 -413564.55593372067 3579333.476547457 5428372.908754911 -340287.153176751 14725735.981731659
14868671.52468075 -482297.6025476174 3560178.316431064 5394417.784243612 -398696.48568578664 14695760.795857972
15201162.987441627 -400542.2374790292 3635895.028745333 5502351.113504697 -344208.0316610523 14856167.710937515
15093937.523055973 -375568.7486038346 3526752.9227813925 5339835.98853757 -287252.0114426689 14114217.496686758
15164954.481647843 -334770.2879666677 3595932.8026336115 5430272.186024816 -225105.296123082 14329967.341621496
15145102.687223189 -336249.4176976566 3591387.0023505776 5425489.3076110985 -204072.8574783902 14354169.099946143
15173671.22567652 -297795.6758668591 3619784.06069825 5462523.235992786 -130835.24773200334 14441543.99003892
15098471.063929958 -294651.23219757684 3553095.2290753983 5353598.226960107 -170305.41549370554 13805398.152333254
15151828.148258979 -283728.97391050804 3546240.76534419 5349359.724210416 -146715.38525474482 13818069.295736283
15107314.524852132 -299940.20998596895 3562534.152064779 5373636.238215133 -160675.0440130051 13989658.669358857
15205289.603629634 -246821.04397823382 3596765.6107987175 5425955.598823463 -55078.225264611254 14184978.75669847
15183263.34173566 -268088.9139902 3537804.065875168 5334454.225862938 -141384.37592881135 13674131.493450325
15199922.695458699 -272612.1849344949 3571996.1018740837 5379265.845291493 -135728.61454426774 13801479.76945862
15168063.318265475 -273505.44852026046 3560022.7823515423 5364928.172712176 -141093.8797553076 13809998.742794264
15191864.434935097 -262956.617093677 3568412.615162141 5377440.44376206 -128027.39118278922 13851866.726977434
15117494.665506734 -229113.20101907817 3511341.929634146 5289593.747350618 -86653.94788304566 13424857.618715279
15202874.559903434 -240820.81513242482 3531554.8720182506 5320393.785315547 -127292.42628779988 13510793.772031792
15145568.926339868 -239638.89393899962 3541922.114757254 5336112.776577181 -94824.34862750987 13654399.897085838
15226313.482691381 -241195.29102880182 3555139.5896833865 5357234.077888058 -97565.97495957442 13705296.934168065
15189598.064653667 -235240.18705770947 3528151.4197575077 5314062.466668301 -105238.04818279977 13472319.797059417
15228069.527827756 -214549.5875600117 3538155.6285308087 5331621.484470239 -105624.73581671542 13564936.10914576
15218707.159115989 -230321.57826056954 3530251.2681190297 5321455.8087270325 -101938.60929220311 13544880.908536367
15233749.480190072 -206295.93552862146 3541408.536068329 5337101.514307753 -82737.35423352891 13597292.806223383
15158336.981519677 -215656.25157648002 3529711.5287717334 5313755.890391573 -87003.86175061222 13463126.960819732
15219765.667206632 -201649.3031278901 3540903.3337351955 5332111.916547356 -60472.02046708658 13522599.101557277
15208064.614623718 -185449.66856531 3524829.6681253538 5311922.672338358 -37189.498795718675 13484135.906782633
15195507.748585938 -176706.99670821664 3516006.1969855777 5300863.004614911 -25418.184976379463 13469615.799481489
15216571.386885615 -201809.4514576113 3541074.41755584 5332279.202426561 -60774.67409638167 13525375.258997185
15214488.256671641 -202140.30687196492 3541220.60016922 5332478.432206395 -61070.970409275906 13528226.978569375
15192384.62527238 -173383.5015742425 3520229.036009614 5306592.69579875 -16411.872451916708 13494430.28199901
15238567.796107521 -182350.6576090726 3514256.8414672324 5299060.206436681 -37050.5930963496 13428985.61338138
15199822.08394178 -217163.9613346132 3533862.8452159218 5321589.227381141 -94159.81841922224 13486979.632067567
15208316.451209528 -199929.88540340378 3541683.611443462 5333016.761437819 -59155.83823043503 13534979.121980833
15173438.577444343 -185560.9510980622 3509821.6553892735 5288252.928844625 -22445.558346131955 13375543.332811696
15207195.783339098 -201099.24926647425 3542401.994409695 5332635.838300026 -62830.99832974226 13512676.890445378
15155645.948532857 -196730.24970402315 3533632.607815321 5313618.432016567 -72194.89140180942 13376805.096606666
15152198.434930343 -195203.04106730944 3533998.2448931476 5317580.032387281 -69676.84420378595 13451440.61089253
15115593.718731334 -202663.4350511998 3513368.8692202624 5284193.026527148 -57533.7215882548 13274151.45860182
15181649.387890952 -193772.98840032547 3519772.853632075 5294236.8126509 -55405.304852338784 13268083.840528615
14981173.103489026 -440030.6977626508 3551208.1678475635 5392712.595290055 -339150.454059755 14746498.591084193
15187276.650040306 -350775.04113281175 3639323.7959097736 5501989.609395264 -269205.61778692785 14787391.480282862
15026382.407813987 -362198.6114782714 3605531.9629677692 5458162.288497548 -230168.18459868294 14815159.915180596
15236529.109118182 -279527.2554730609 3677206.7728866637 5553778.949773885 -173174.2152107709 14940500.570488991
15170860.603652325 -340246.1755721285 3602830.614383385 5442227.200906798 -216008.99394926144 14411409.568904994
15190071.577033924 -292796.0351124725 3624860.8019380406 5467782.640629126 -118167.23734784017 14418643.364131145
15175588.64073813 -274076.1986963203 3625187.2356526954 5467864.768170587 -122643.46969244433 14427587.139246454
15216627.892494014 -283587.3584790946 3636485.0458052848 5483636.585029121 -106265.7255706617 14453432.648324318
15134874.843009466 -301774.86078563787 3585599.9453589907 5404901.797049741 -154474.09945905017 14079962.045077344
15169623.399301864 -273471.1187728734 3608805.9955251133 5435547.315921232 -121627.82153995271 14147590.795734959
15193169.38524006 -284212.0388736271 3624193.8185746535 5457261.9543854445 -125012.37789588304 14219805.500613239
15178490.228793895 -268819.0480001978 3629595.4874606775 5467378.474055756 -92751.69437408444 14317978.3518502
15172632.687376173 -275798.83509446547 3559523.521183787 5366806.036614225 -137532.55880885824 13853970.346528532
15193715.233542195 -256669.48444383018 3574476.9237223426 5386094.982123925 -120649.3267928828 13889691.894377442
15149114.03513995 -268785.3387316301 3578276.8944118274 5396838.935343106 -87660.24678267115 14065572.780182749
15186237.542710515 -259548.2699244978 3582942.7084438396 5406963.6018428365 -75871.10914092907 14128294.730591498
15151537.23101151 -239814.33174691786 3536888.8437497886 5334980.584087314 -95428.42458135456 13736519.669056224
15148828.923457555 -237225.08182539977 3542017.835082034 5342405.681992418 -84257.96884004693 13774892.154754981
15135790.749708353 -228769.27176884955 3537195.8988383315 5337476.2967440905 -78105.14988249358 13795425.205738356
15173334.698014062 -221415.3195906384 3559951.8929543626 5371071.110961551 -41974.81506706095 13929145.69533308
15218393.157010958 -234327.5138638318 3538858.925547062 5333286.676146596 -113702.96771882576 13592443.79312737
15204421.940415848 -244863.4060330163 3540651.9692146084 5333469.356376426 -129514.72588220764 13570621.662336867
15231983.191795982 -246856.39165907222 3547391.735702368 5344054.922845237 -127556.61210818289 13606496.895105401
15282711.298184365 -225646.3028823496 3554590.4731654082 5359114.543362419 -91287.46670308812 13698588.978178341
15165317.067770787 -229285.94370604557 3534392.992823771 5324179.026203045 -107680.73775351683 13561617.374368874
15236915.194212155 -223829.26088111935 3546011.1299914736 5340984.683610767 -114018.6521790138 13570533.400518315
15228762.338982603 -212291.85760253418 3533762.4272449086 5326054.112158637 -99719.14577754801 13549546.276969768
15246154.897203322 -207013.21658358374 3560474.5940369805 5362651.144483504 -62556.463397991705 13676426.717545735
15153568.861725258 -210452.80255450564 3526193.6987899058 5312172.199980043 -74025.02729880874 13513613.541184656
15215298.711518873 -198475.13691893546 3541393.3621839765 5336198.289068398 -56566.458697774506 13598012.895144304
15219561.479524553 -200650.9225868775 3540970.0331064383 5332201.102779335 -59565.754470544074 13523119.61334661
15236455.560904166 -186671.3690125683 3550965.5068256534 5344810.041541997 -49473.409998877585 13538503.899203535
15192346.336182734 -212809.387100741 3526251.282965106 5310602.541406463 -71996.31915329705 13442176.023049623
15137252.084409945 -209626.612439073 3527043.6836104197 5309859.469396456 -74923.92319965993 13464976.0506841
15186494.9902761 -211589.39880112474 3517379.037275968 5292431.3179868 -65961.01327727812 13279792.29279519
15203044.922029583 -184822.37590967724 3532117.7482863353 5318767.60489027 -51612.8118127394 13465716.49338979
15104389.88265149 -209728.17095283238 3503971.667551934 5268773.314282868 -97286.68864604057 13183699.46501462
15339506.029224858 -220059.42768853984 3536205.2842386 5317814.359569504 -77161.50112918203 13220264.692045894
15102611.340506576 -210238.67045396107 3506764.164252871 5275455.6760117235 -85569.3789857905 13257690.337784804
15351176.50557549 -214645.87159258858 3542215.282463642 5329314.4419479435 -69365.8056334975 13306375.899926022
15176162.105680943 -294173.97337043914 3647347.718210647 5518049.1862739315 -193368.22561701975 14943171.681728948
15269960.8874445 -276271.88436749467 3698323.431381411 5584254.386155002 -138956.42068125113 15052011.159897022
15196624.250707554 -262695.91902449884 3680936.9765769416 5560360.708415723 -121789.6349046872 15029976.387555622
15205567.425164469 -257235.89175345085 3679738.361983819 5559091.9102671305 -131336.92049321756 15022026.71902085
15187261.96454607 -259264.486538648 3626767.5639956924 5469134.878587851 -96910.65265906727 14406548.896548249
15217007.499586208 -263029.03679319826 3648544.868144303 5497707.829678744 -89885.32541323917 14469161.861011457
15202944.861077948 -248306.0520416444 3648283.5647046277 5501104.113897257 -58574.6253678968 14556898.748425163
15211809.164732167 -239686.33403721702 3653432.3216490434 5509620.748570633 -57395.77689934349 14605094.616579311
15200004.806208152 -284760.8306532779 3628745.2697280273 5470586.092203803 -122203.46798802595 14379320.850334324
15183586.383252574 -269329.15815528703 3629454.4819761273 5467172.88084447 -93125.02615531624 14311872.474080246
15155601.116787275 -264230.0226986285 3621428.124629807 5459386.905002874 -100376.0179931109 14360718.019751526
15215150.94402831 -268781.3175227485 3630628.8877141015 5470036.490486765 -97767.74755689107 14311743.197710767
15123711.343952904 -258761.71346258058 3575344.428552725 5391992.450497396 -84638.78911046524 14058559.976157665
15191161.47011528 -258186.21459151822 3582776.328753547 5406751.151119306 -74313.1995929834 14122782.110822065
15096577.965388134 -219440.44423241596 3561223.8996546497 5374674.921172936 -24377.08396740416 14049994.422434943
15181478.202928158 -219220.47176377624 3578258.1348403343 5402178.607402112 -24881.685379784933 14140414.777833842
15153211.776294695 -221314.4377183148 3540955.3157458864 5343488.989934649 -78621.9706696076 13815550.847579561
15169453.157033833 -229112.91365208596 3547635.144011491 5353630.785849482 -66114.16708834047 13855189.196258226
15130061.467816055 -225577.07347426048 3545784.4019438457 5350257.861486485 -52643.020874966955 13867838.710871374
15154556.569060724 -207716.2766884718 3550703.4267736143 5358910.389367334 -30823.298808158394 13908175.645762198
15129425.729131022 -233417.07971236392 3527811.2675144835 5316740.030014469 -87076.39539586932 13593526.787643103
15224047.1646033 -242696.30710697584 3552500.051535004 5351587.526197483 -108991.48973866964 13652702.0547342
15154915.497968655 -248814.09236207517 3555970.0959260054 5354122.997178235 -105910.02533961557 13696202.14190741
15222737.410870502 -239550.87560149666 3550905.4795275093 5351781.212784853 -92414.00244239932 13692966.12766065
15198249.705221562 -240300.6981093299 3536227.2406007256 5325089.331840152 -120700.57695673441 13506537.411595698
15275403.853246246 -226573.25089112698 3558983.413168718 5360069.931645313 -100518.61852967774 13628359.48957596
15196817.460527739 -237050.95108038833 3534578.1083814055 5325223.041129484 -103959.05375857603 13546924.755219111
15244259.099610692 -213858.348426398 3550147.5484254574 5348036.015572242 -92179.54602135815 13613214.951282872
15184803.55087848 -224806.15762471367 3530028.2235536664 5317097.720939989 -100083.29087309954 13496529.714748522
15232567.457917338 -238588.51805974878 3533553.054161618 5326165.465692933 -116309.43983641456 13552574.447355747
15181817.20015139 -209331.41021230034 3549374.627266986 5343962.381975567 -68323.93891800448 13611188.404039707
15237220.782390341 -184132.2551454306 3551054.0370506938 5348427.1570808245 -46064.53187896731 13608133.328689566
15188044.915501293 -214887.81917280387 3522641.343995257 5303801.3394706715 -85895.13256142382 13389872.045574948
15169535.81685724 -197173.193004959 3526570.1990722395 5310505.775307986 -77475.57655611607 13456035.076871267
15137187.85914647 -210047.21649489025 3521491.227371193 5295169.760671371 -71155.83434062914 13293400.087527916
15205122.45341033 -201818.50853577163 3534676.008634172 5318237.713688561 -77045.34850686917 13396759.389508516
15206557.234265463 -212938.72368073772 3513051.3097368823 5283360.851441933 -92785.92170187611 13173530.737664696
15347095.238490231 -214155.12553816463 3540575.8006539023 5324424.151886487 -84096.73819889357 13248719.963971572
15139014.946407096 -192208.0989624285 3514930.2542807013 5286696.931182022 -68435.4352243081 13266457.825517176
15384833.194590028 -201011.96395466552 3547146.2204665085 5336700.975244239 -65742.71838743809 13311969.247207709
eps 640
0.0019619094905995523 0.0010588896675403868 0.0010588896675403868 -0.016945149218292575
0.007302760380370026 0.0009039928726205615 0.0009039928726205615 -0.016944168194988625
0.001961621418909473 0.004104782747482497 0.004104782747482497 -0.017300175797080847
0.0073016882574786736 0.003941867776304128 0.003941867776304128 -0.017296514588228704
0.01262129414184412 0.0017833303069931976 0.0017833303069931976 -0.02725590072319571
0.021773815505971423 0.0020576028460751665 0.0020576028460751665 -0.027256753366466577
0.012618646042454714 0.007085843324742144 0.007085843324742144 -0.026607431014587155
0.021767770879666224 0.0073362439586435405 0.0073362439586435405 -0.026610611229823826
0.02803966130312486 0.002494474595749164 0.002494474595749164 -0.04168278237987361
0.03602000139166272 0.003972594452944752 0.003972594452944752 -0.041688602273593764
0.028027015925814455 0.00716943257672111 0.00716943257672111 -0.03819554740181534
0.03599596840771262 0.008626900202623466 0.008626900202623466 -0.03821717876496806
0.04063295081057332 0.00457851577906273 0.00457851577906273 -0.051674999354588746
0.04527533926538021 0.0066325629125356085 0.0066325629125356085 -0.05168027281540154
0.0406107558899062 0.007305009681930977 0.007305009681930977 -0.04678919560554153
0.045245463471243044 0.009348574732760241 0.009348574732760241 -0.0468087660356066
0.047469590377241216 0.0072605334496004545 0.0072605334496004545 -0.056763483783975804
0.04881051998169381 0.008845249854363961 0.008845249854363961 -0.0567645998905689
0.047461264030569 0.008025769209209697 0.008025769209209697 -0.053000126380931926
0.04880160591860392 0.009607899043596926 0.009607899043596926 -0.053004275226715754
0.04868047355922712 0.009080096326767588 0.009080096326767588 -0.05710584679842053
0.046947876892321126 0.009987850524696909 0.009987850524696909 -0.057105382977154485
0.04870700873071108 0.0080201543754588 0.0080201543754588 -0.05496951864586965
0.046976833176993284 0.008926499790020845 0.008926499790020845 -0.0549677915152942
0.04462260530107269 0.009690013748064991 0.009690013748064991 -0.052976754651742876
0.03996173065208528 0.009757420301789882 0.009757420301789882 -0.0529761747704879
0.04468182282114914 0.006925186852280253 0.006925186852280253 -0.05283834003746599
0.040020480701686234 0.00698700176843498 0.00698700176843498 -0.05283617262773162
0.03479836807065672 0.008068962118954344 0.008068962118954344 -0.04371100699304713
0.025242240407831764 0.006327590329310471 0.006327590329310471 -0.04371736136155489
0.03491395004819844 0.0024790876561924177 0.0024790876561924177 -0.04777719666219691
0.025338599822028823 0.0007082737590221759 0.0007082737590221759 -0.04780103310442212
0.01763332263775191 0.0039044146829856755 0.0039044146829856755 -0.027776858544812422
0.006361267842279621 3.2643091705120906e-05 3.2643091705120906e-05 -0.027793171519305132
0.01772023200511864 -0.002590796570889365 -0.002590796570889365 -0.036697143291432414
0.0063943524954072515 -0.006515795364145814 -0.006515795364145814 -0.036758744049376874
0.0017351291393251 0.0005191429275553033 0.0005191429275553033 -0.020791943465995735
0.0004651824000656813 -5.376853555926951e-05 -5.376853555926951e-05 -0.020792428004638666
0.0017356132775173268 -0.00020072983070014379 -0.00020072983070014379 -0.022100361517193187
0.00046531222170257617 -0.0007743733162031317 -0.0007743733162031317 -0.022102172559130433
0.0023482024837581106 0.006792919214421084 0.006792919214421084 -0.0170185117706298
0.008736146107001847 0.007269660171483757 0.007269660171483757 -0.017021304050311357
0.002345942145917244 0.01043793002626 0.01043793002626 -0.015887582415341488
0.008727770288272837 0.010903007316759493 0.010903007316759493 -0.015891345733481808
0.012611091712699125 0.011505135840131343 0.011505135840131343 -0.025116998559415623
0.016859753823493546 0.0130044625727714 0.0130044625727714 -0.025140763546949916
0.012600970764762687 0.013941290417667337 0.013941290417667337 -0.021640332037708692
0.0168415686273176 0.015433109164787762 0.015433109164787762 -0.021670499560702505
0.019802061635014103 0.013745198592944945 0.013745198592944945 -0.033992757723337125
0.02357787009798386 0.017226233854853598 0.017226233854853598 -0.034057346378150166
0.01977620951053765 0.015909504451949552 0.015909504451949552 -0.025887003491824222
0.02353633403511553 0.019373141137193756 0.019373141137193756 -0.02596520637782241
0.02635997530426491 0.016851096280563336 0.016851096280563336 -0.041141864270735615
0.030006475118575356 0.021417002166947464 0.021417002166947464 -0.04119753492834434
0.02631262136042233 0.018912831092817356 0.018912831092817356 -0.03047765925615377
0.02994003120824425 0.02345177817930396 0.02345177817930396 -0.030551265052673488
0.032768765511087934 0.021477480394655208 0.021477480394655208 -0.047527823266880216
0.03631733052545687 0.026258127438452607 0.026258127438452607 -0.047555461004572884
0.032690236109396566 0.023446722164680033 0.023446722164680033 -0.036307444166681475
0.03621900292069429 0.02819848548127443 0.02819848548127443 -0.03635351763042602
0.03862250408025117 0.025800257752933268 0.025800257752933268 -0.051242650623238184
0.04082358122429909 0.02917658455838484 0.02917658455838484 -0.05123910493659539
0.03856012779550938 0.0269942993623809 0.0269942993623809 -0.04331733444950667
0.04075290092135822 0.030357126903897164 0.030357126903897164 -0.04332246782960874
0.04235468619613603 0.02763215292237603 0.02763215292237603 -0.05178153180728479
0.04387793957164716 0.028602722120903853 0.028602722120903853 -0.051776988267213796
0.04231873957775239 0.02850170672400256 0.02850170672400256 -0.04954084093754725
0.04384066160452522 0.029471080931564846 0.029471080931564846 -0.04953771093884997
0.04457982356750998 0.0228284624068561 0.0228284624068561 -0.05061724856243174
0.044003323708366626 0.020797387240958976 0.020797387240958976 -0.050657979504832557
0.04465679536404556 0.02252859888331615 0.02252859888331615 -0.05544533850683887
0.0440762741914154 0.02049327521721111 0.02049327521721111 -0.055484865684979644
0.042800178002415125 0.01564832591703461 0.01564832591703461 -0.04502925529060471
0.0398774194124409 0.009262176244201234 0.009262176244201234 -0.04518752799651323
0.04287870730327382 0.014138838967944926 0.014138838967944926 -0.06021682882886753
0.03993904451731115 0.007704506152336447 0.007704506152336447 -0.060404800911771965
0.030510406247348257 0.00883623665900653 0.00883623665900653 -0.03153681634556464
0.008265730645171903 -0.0019771121541919904 -0.0019771121541919904 -0.03168196916594119
0.03089144870953706 -0.003972421433826648 -0.003972421433826648 -0.05658659178776018
0.0083708687835846 -0.015064257491869452 -0.015064257491869452 -0.057012827852630496
0.0017457431277163467 0.013242749619259832 0.013242749619259832 -0.013987365705651943
0.006500148548147971 0.015009241261229543 0.015009241261229543 -0.014031214842557333
0.0017416493377568328 0.015943244997899935 0.015943244997899935 -0.009900211581595058
0.006484962172187548 0.017700029796860514 0.017700029796860514 -0.00995180017936258
0.008613404555735792 0.017782590933600968 0.017782590933600968 -0.01814423146311048
0.009696295579773362 0.020528046625424838 0.020528046625424838 -0.018204248320906384
0.008610867315603529 0.018384095773466603 0.018384095773466603 -0.011887618564683615
0.00969189854140297 0.021120881938052238 0.021120881938052238 -0.011952084995466879
0.00997109708077278 0.02112330477483246 0.02112330477483246 -0.019944969114958702
0.009567209852418051 0.02480394601968227 0.02480394601968227 -0.02001075660012297
0.009985149187735645 0.020852584056239323 0.020852584056239323 -0.011577716085913563
0.009586828842680232 0.02451811736799076 0.02451811736799076 -0.011645203874173515
0.00972645028047832 0.024763534630383565 0.024763534630383565 -0.022375507913216828
0.010235459610329345 0.02984747709050074 0.02984747709050074 -0.022449072088517735
0.00972331434089512 0.02495963933007881 0.02495963933007881 -0.010783712106629097
0.010231448926796779 0.0300148474883902 0.0300148474883902 -0.010861307805265839
0.010995902108234083 0.03093485867761848 0.03093485867761848 -0.026330460888638347
0.012031824924466505 0.03795406570501021 0.03795406570501021 -0.02640131540119941
0.010977789551980408 0.031315331294631196 0.031315331294631196 -0.01030076871120481
0.012009217605560715 0.03827986971236397 0.03827986971236397 -0.010382037384260967
0.013663324210529782 0.03989513075781713 0.03989513075781713 -0.03217391194001773
0.016033169907909213 0.04963255729278232 0.04963255729278232 -0.03221256316984534
0.01355782351506818 0.04079879531370088 0.04079879531370088 -0.009884920083419289
0.015903123656468506 0.050430600846706 0.050430600846706 -0.009949089438994004
0.018072689216386478 0.05414461814572695 0.05414461814572695 -0.03788870486196725
0.02009011195620413 0.06670015204223985 0.06670015204223985 -0.03784917752616926
0.01797803911074078 0.05446760973682255 0.05446760973682255 -0.009102665784860525
0.0199754429451001 0.06684904864095557 0.06684904864095557 -0.00910034397698514
0.0235643192332358 0.070414606637625 0.070414606637625 -0.043366006207535696
0.028030184948281092 0.08567048495103168 0.08567048495103168 -0.04315602494785584
0.02310271958227101 0.07166440978441578 0.07166440978441578 -0.008355590583027693
0.027482570875783523 0.08666185322602718 0.08666185322602718 -0.00821525773645245
0.03149045333386332 0.09388571245578754 0.09388571245578754 -0.04867042690510178
0.0353326454194463 0.11121939922158215 0.11121939922158215 -0.04826248480490568
0.03101149371037466 0.09418775653899833 0.09418775653899833 -0.008836258913311771
0.034772543071196 0.1111927777113741 0.1111927777113741 -0.00850888111144686
0.040663943229921874 0.11426238034406325 0.11426238034406325 -0.04629624251877075
0.04633792619649144 0.13039810413454458 0.13039810413454458 -0.04572238062081782
0.03926909869912273 0.11571899756790933 0.11571899756790933 -0.009555038421419797
0.04475968806359282 0.1315674050022382 0.1315674050022382 -0.009012057976273715
0.0005748235320647971 0.016879560923893665 0.016879560923893665 -0.007775500025943294
0.0021436598940636456 0.017613793495295325 0.017613793495295325 -0.007798014465344564
0.0005742666488145284 0.017767063234947533 0.017767063234947533 -0.006081036638155718
0.002141585390135664 0.01850003176056887 0.01850003176056887 -0.006104607141561291
0.002319177692902378 0.016028083358458393 0.016028083358458393 -0.00858540107282556
0.0012165816974322472 0.017196884625939015 0.017196884625939015 -0.008613342749069094
0.0023217737844970234 0.015402118946654428 0.015402118946654428 -0.005962466109163763
0.0012209902938821297 0.016569073920565655 0.016569073920565655 -0.005989301401845226
0.00021692162296878378 0.015063042411227884 0.015063042411227884 -0.007329897045951485
-0.001474394987762691 0.016400650964534986 0.016400650964534986 -0.007353585849541337
0.00022610092567609445 0.014103013508638107 0.014103013508638107 -0.0043354596240223415
-0.0014618192751794056 0.015437842548827019 0.015437842548827019 -0.004357482049127047
-0.0026424378324037233 0.014833664820522076 0.014833664820522076 -0.005319990872990837
-0.004235368819224352 0.01617298314082668 0.01617298314082668 -0.005337537416987818
-0.0026283577898221894 0.013928536488456635 0.013928536488456635 -0.0023198482790929512
-0.004217999635808933 0.01526517977670069 0.01526517977670069 -0.002335932981177773
-0.005245656660807836 0.014207668475363294 0.014207668475363294 -0.0031791322193346766
-0.006579273452789103 0.015561908074901574 0.015561908074901574 -0.0031917366801457276
-0.005230648272603264 0.013446813090772293 0.013446813090772293 -0.00014160898106566175
-0.006561694453545144 0.014798564150250361 0.014798564150250361 -0.00015279578783138043
-0.007411504760469114 0.013231844228288827 0.013231844228288827 -0.0006314977153401461
-0.00858255588838957 0.014456053244673889 0.014456053244673889 -0.0006369784899916708
-0.007395939889738496 0.012563437079067796 0.012563437079067796 0.0021176259840531234
-0.008564810238380852 0.013785692948820863 0.013785692948820863 0.0021130701980641236
-0.009164560174329983 0.011188022722683233 0.011188022722683233 0.002014342926347718
-0.009939711712146523 0.012078027544057896 0.012078027544057896 0.00201278087645541
-0.009157140475834047 0.010746140981667752 0.010746140981667752 0.004018513343224412
-0.009931367379428988 0.011635225429375383 0.011635225429375383 0.004017434871365258
-0.00994036869821761 0.00799999759315153 0.00799999759315153 0.0039087014713038845
-0.009594398270748393 0.008361119691607992 0.008361119691607992 0.0039023190520392466
-0.009961266080009959 0.008194406550497172 0.008194406550497172 0.004722715230832745
-0.009616196755219065 0.008555529402402506 0.008555529402402506 0.004716762550477641
-0.008809350532772655 0.004248895947439562 0.004248895947439562 0.003622380950662127
-0.007370165113605703 0.004402500804872374 0.004402500804872374 0.0036157492773954674
-0.00886390396819866 0.005052920934746382 0.005052920934746382 0.003942575991184001
-0.0074259991040710824 0.005206261216234712 0.005206261216234712 0.003936434987142085
-0.004284976550658855 -0.0018570317372702046 -0.0018570317372702046 -0.0010720586012194294
0.002251613447719203 -0.0011413092969065623 -0.0011413092969065623 -0.0009997220892029994
-0.004413239397431688 0.0017804361987213133 0.0017804361987213133 0.00041132643524273416
0.002129838273560083 0.0024845942063418396 0.0024845942063418396 0.000468630420646969
6.0278366608906963e-05 0.018114720954733085 0.018114720954733085 -0.004875975107429573
0.0002249724386430471 0.018818132598064533 0.018818132598064533 -0.004896327306449586
6.016703023984106e-05 0.01820754310225368 0.01820754310225368 -0.0032815559013622034
0.00022455689141346675 0.018910411221608314 0.018910411221608314 -0.0033018211982869068
-0.0004020890805013368 0.014595608795130124 0.014595608795130124 -0.004328080362938369
-0.0023179161861060773 0.015417310998122217 0.015417310998122217 -0.00434421260241782
-0.00039783220429780256 0.013515026157114455 0.013515026157114455 -0.0025067733342802956
-0.002311358715074661 0.014334966069356917 0.014334966069356917 -0.0025217290932231093
-0.0035357070165434584 0.012620868675395015 0.012620868675395015 -0.0025130738225666613
-0.005006472754324234 0.013489137063601513 0.013489137063601513 -0.002526729732578386
-0.0035294409479508133 0.011791525886731852 0.011791525886731852 -0.0005777081635453907
-0.004998413178894994 0.012658367205302475 0.012658367205302475 -0.0005903260525650825
-0.005986553193423488 0.01168733656603278 0.01168733656603278 -0.0005143477519121227
-0.007260964208518199 0.01252438044325003 0.01252438044325003 -0.0005241419490467095
-0.005978817905650089 0.01096852641197455 0.01096852641197455 0.001354587448017279
-0.007251743462031628 0.011804353360066258 0.011804353360066258 0.0013456724016878588
-0.008085202271203596 0.010389780919705976 0.010389780919705976 0.0015892381429538464
-0.009168527654188803 0.011118295590252687 0.011118295590252687 0.0015840940612820648
-0.008077348446831533 0.009778603243997819 0.009778603243997819 0.0032185463180894767
-0.00915956847993047 0.010506217365780685 0.010506217365780685 0.003214042479372531
-0.009770336311251099 0.008531540787281288 0.008531540787281288 0.0036061856227028568
-0.01047608808504408 0.00910224602268333 0.00910224602268333 0.0036046958127697102
-0.009765635975207757 0.008132337720894754 0.008132337720894754 0.004885724396113708
-0.010470861462944037 0.008702562270712408 0.008702562270712408 0.004884583641057676
-0.0106409122039713 0.005862735458218166 0.005862735458218166 0.005015124569214283
-0.010577353648793262 0.006191148120892671 0.006191148120892671 0.005014888593361811
-0.010646231334439803 0.005894291332627107 0.005894291332627107 0.005753584930825298
-0.010582878619557345 0.006222616681428935 0.006222616681428935 0.005753476359949741
-0.010160874626441085 0.0028714810772448177 0.0028714810772448177 0.005109781037289762
-0.009269182138408029 0.0030283080854907325 0.0030283080854907325 0.005109178045709581
-0.010177099669663287 0.0033662344582572395 0.0033662344582572395 0.005455298547672048
-0.009285870653621745 0.00352284990272624 0.00352284990272624 0.00545483061827313
-0.008087999697165874 -0.0001435109865447822 -0.0001435109865447822 0.003923056194110264
-0.00588205015350794 -0.00021400237718569552 -0.00021400237718569552 0.003922136175769286
-0.008113829530898295 0.0010914504433078393 0.0010914504433078393 0.0037431998681414706
-0.005907485153529972 0.001019634035098597 0.001019634035098597 0.0037423575282454166
-0.0033413143043503346 -0.0024636373797404494 -0.0024636373797404494 0.0007589957970944372
0.0013272421771729007 -0.0025227533044664156 -0.0025227533044664156 0.0007526766300105962
-0.003387694995245887 0.00016600617958899646 0.00016600617958899646 0.0005700238159584063
0.0012804007331731998 0.00010087042165423563 0.00010087042165423563 0.0005652625239421242
-0.0004311036614274567 0.01791910639985768 0.01791910639985768 -0.002301379576780482
-0.0016098314079356986 0.018405569107313554 0.018405569107313554 -0.00231228061250656
-0.00043082290818103876 0.01725532427357323 0.01725532427357323 -0.001226139437548418
-0.0016087820928983429 0.017741144070011115 0.017741144070011115 -0.0012365445821271178
-0.0026700819199169602 0.012298515621674713 0.012298515621674713 -0.001338935481159025
-0.004428865381300304 0.012905203683812367 0.012905203683812367 -0.001350256300344225
-0.0026671970604088355 0.01130967391061208 0.01130967391061208 9.939145237268434e-07
-0.004424545019140886 0.011915103619622065 0.011915103619622065 -9.421208401050069e-06
-0.005518262385062079 0.010359644955107402 0.010359644955107402 0.0005819278658444045
-0.006772494856437249 0.010899171300819528 0.010899171300819528 0.0005748508385727262
-0.005514610305399365 0.009655182342124181 0.009655182342124181 0.001780814945905508
-0.006767893957956583 0.010193957170412403 0.010193957170412403 0.001774283704601175
-0.007616491139500581 0.009028780717902292 0.009028780717902292 0.002434025713579441
-0.008710420076232883 0.009494312021583474 0.009494312021583474 0.002430035444594881
-0.007612082240595169 0.008414912338591133 0.008414912338591133 0.0034707753373500144
-0.008705265286222908 0.008879878117632398 0.008879878117632398 0.0034671637821726293
-0.009364420649960096 0.007322352631638937 0.007322352631638937 0.004154710766961152
-0.010120300145428704 0.007719413092355694 0.007719413092355694 0.004152732527996675
-0.009361003620020653 0.0068978185225293445 0.0068978185225293445 0.005042084587321662
-0.010116463102904767 0.007294551068699279 0.007294551068699279 0.005040348847057969
-0.010471373803840561 0.005288086955618099 0.005288086955618099 0.005577146937398435
-0.010753891207620691 0.005550904859537896 0.005550904859537896 0.005576868590919745
-0.010470908803675362 0.005127978982341543 0.005127978982341543 0.006167237370820691
-0.010753343600464399 0.005390706612295881 0.005390706612295881 0.006167033975147467
-0.010681283678578044 0.002852436081328856 0.002852436081328856 0.006122657837115749
-0.010291727159333342 0.002981564753556423 0.002981564753556423 0.006122703916442508
-0.01068595093977458 0.003067282509339382 0.003067282509339382 0.006411907010799952
-0.010296528699447693 0.0031963621505001747 0.0031963621505001747 0.006411971236942913
-0.0096862132661821 0.00033408040444614763 0.00033408040444614763 0.0055748889679970845
-0.008505094336684267 0.0003590120022322049 0.0003590120022322049 0.005575062651837124
-0.009695643419506385 0.0009926551852506736 0.0009926551852506736 0.005623818904062086
-0.008514529143230276 0.0010172110772141694 0.0010172110772141694 0.00562395459928323
-0.007210478234541558 -0.0016177947860566938 -0.0016177947860566938 0.0035810715047216364
-0.004905403911769554 -0.0016770511732736556 -0.0016770511732736556 0.003580260401383129
-0.007225858158312215 -0.00032619502338223456 -0.00032619502338223456 0.0034311371593962726
-0.0049205483823312225 -0.000386913407596283 -0.000386913407596283 0.0034304658083572632
-0.00295209370185972 -0.0018050246627749817 -0.0018050246627749817 0.0005301207087472242
9.110169257814876e-05 -0.0017014655425803052 -0.0017014655425803052 0.0005323069660682516
-0.0029700159949043454 -9.452908687152587e-05 -9.452908687152587e-05 0.0007399524951494826
7.317897162806931e-05 6.469982182037777e-06 6.469982182037777e-06 0.0007415654794940493
-0.0007146025884628038 0.016565073212740266 0.016565073212740266 -0.0005457841020578586
-0.0026695016122044828 0.016927636594693506 0.016927636594693506 -0.0005544648447154987
-0.0007142778970124708 0.015465830241046209 0.015465830241046209 0.0002367863550167732
-0.0026682869833816896 0.015827194165135235 0.015827194165135235 0.0002287352475878282
-0.003947228175819643 0.010316222776509593 0.010316222776509593 0.0007734715169257436
-0.0055102070320216185 0.010663357409561952 0.010663357409561952 0.0007686895979940589
-0.003945551994444777 0.009439365535255735 0.009439365535255735 0.0015347236441689165
-0.005507731603600764 0.009785697173244056 0.009785697173244056 0.0015303222235591605
-0.00649347087022208 0.008412223462865357 0.008412223462865357 0.002470503049327152
-0.0076361095439176005 0.00871071253410898 0.00871071253410898 0.0024678914583614988
-0.006491344520148928 0.007771972097915917 0.007771972097915917 0.0031310035957981862
-0.007633450531593568 0.008070005279907665 0.008070005279907665 0.0031286069933538023
-0.008356026947572388 0.006864103751957535 0.006864103751957535 0.004074717935857343
-0.009204454170632427 0.007126369320612399 0.007126369320612399 0.004073057806880128
-0.008353859653899584 0.006389053145775468 0.006389053145775468 0.004658049491724699
-0.009201944981084493 0.00665104727851385 0.00665104727851385 0.004656538846073269
-0.009689641908034887 0.005124917918700206 0.005124917918700206 0.0055107168345090215
-0.010200147971094259 0.005289676824193448 0.005289676824193448 0.005510437795179918
-0.009688286461712547 0.004838760396197335 0.004838760396197335 0.005879691193879985
-0.010198646412075787 0.005003420297052151 0.005003420297052151 0.0058794503414747465
-0.010387550765132581 0.00315681941583893 0.00315681941583893 0.006434492742818511
-0.010427781619336423 0.003214172522638714 0.003214172522638714 0.006434644632751789
-0.010387955513463996 0.003133076768848663 0.003133076768848663 0.006565020226415172
-0.010428171089292459 0.0031904305314337336 0.0031904305314337336 0.00656515746991244
-0.010238350196660424 0.001022277769048593 0.001022277769048593 0.006518332017017251
-0.00972161807486585 0.00102990576663947 0.00102990576663947 0.006518292592706071
-0.01024085419223979 0.0013097835183811322 0.0013097835183811322 0.006534868299025254
-0.009724132557796413 0.001317342275557809 0.001317342275557809 0.006534832636023591
-0.009064714268723885 -0.0009309498988360586 -0.0009309498988360586 0.005594476834825714
-0.00782250665483402 -0.0009676111588766095 -0.0009676111588766095 0.005594418608478552
-0.009069782376132372 -0.0002368720151467955 -0.0002368720151467955 0.0055069620421080625
-0.007827457658868723 -0.000273954937864022 -0.000273954937864022 0.005506900908178068
-0.006647558398340457 -0.0019380482406500857 -0.0019380482406500857 0.003345293372876234
-0.004693824313268536 -0.0019441191031411259 -0.0019441191031411259 0.003345560960174498
-0.0066547270559019385 -0.000843370207909593 -0.000843370207909593 0.003321125240338044
-0.004700846922198899 -0.0008504883385313445 -0.0008504883385313445 0.00332130733283439
-0.003187818910944552 -0.001435785393344974 -0.001435785393344974 0.0008708784661639128
-0.0010147040767558907 -0.0013390937566875724 -0.0013390937566875724 0.0008718014658253143
-0.0031952481330151617 -0.0002148697172131672 -0.0002148697172131672 0.0010776804735814997
-0.0010222943517607407 -0.00011948960849726204 -0.00011948960849726204 0.0010783394646319588
-0.0008873381804596495 0.014497517539553702 0.014497517539553702 0.0006575040342641438
-0.00331554736879727 0.014675307353897628 0.014675307353897628 0.0006550184424331827
-0.0008871077678058547 0.013133391769468162 0.013133391769468162 0.0010194404807003033
-0.0033146851394865165 0.01330952002357604 0.01330952002357604 0.0010171957409675727
-0.004691554744131766 0.008466861359378408 0.008466861359378408 0.0019706570430782413
-0.006034253773913036 0.00865641593630157 0.00865641593630157 0.0019690145791393153
-0.004690780514195313 0.007714247779751607 0.007714247779751607 0.002383452476505052
-0.006033066397396803 0.007903268868025162 0.007903268868025162 0.0023819465546282134
-0.006878179767471921 0.00669636738712401 0.00669636738712401 0.0035047751987038575
-0.007850140334239817 0.006850727281937268 0.006850727281937268 0.0035037980518193438
-0.006877133599795372 0.006152291930195415 0.006152291930195415 0.0038443541385521094
-0.007848848572656617 0.006306367305958628 0.006306367305958628 0.0038434587340025516
-0.008444742167096017 0.005178218469579421 0.005178218469579421 0.004950735915816683
-0.009108754182133567 0.005266517188857659 0.005266517188857659 0.004950810737677889
-0.008443795004720806 0.00480663850696961 0.00480663850696961 0.005146746734889395
-0.00910767317102663 0.004894809042436138 0.004894809042436138 0.005146816721949954
-0.009467785550149082 0.0034729813355408945 0.0034729813355408945 0.0060314254256923355
-0.00979985765802253 0.0034855120445693136 0.0034855120445693136 0.006031912877143284
-0.009467278527980273 0.0032868282490270324 0.0032868282490270324 0.006060736713081064
-0.00979929818847358 0.0032993306596319737 0.0032993306596319737 0.006061179532907876
-0.009892866767527691 0.001702998082080552 0.001702998082080552 0.006586681610282444
-0.009831356607052023 0.0016680683591172218 0.0016680683591172218 0.006586843844898446
-0.00989306677372502 0.001736786396487398 0.001736786396487398 0.006509896428596161
-0.009831546473498215 0.0017018561487644904 0.0017018561487644904 0.006510051848951591
-0.00960233020988213 -6.087788615215763e-05 -6.087788615215763e-05 0.006480804814684048
-0.009054371680258676 -0.0001302514711780683 -0.0001302514711780683 0.006480660655434297
-0.00960345705567541 0.0002450362070650469 0.0002450362070650469 0.006325203597558778
-0.009055454180029987 0.0001755766166113347 0.0001755766166113347 0.00632509963172958
-0.00843766299422254 -0.0014586506693071014 -0.0014586506693071014 0.005407981901762307
-0.00731235870594387 -0.0015292622446293714 -0.0015292622446293714 0.005407741773776243
-0.008439735496044574 -0.0008293875568996613 -0.0008293875568996613 0.005246650354386926
-0.007314302529739316 -0.0009003503896767252 -0.0009003503896767252 0.005246462330220603
-0.006338024126828698 -0.0018747916337005532 -0.0018747916337005532 0.0033097168108410517
-0.004804148384392161 -0.0018626934918870583 -0.0018626934918870583 0.003309906917577335
-0.0063405325677134165 -0.0010153872554382467 -0.0010153872554382467 0.0033314680859021697
-0.00480661164283666 -0.0010039349716312218 -0.0010039349716312218 0.0033315847109851803
-0.003677832748337639 -0.0011591131778506236 -0.0011591131778506236 0.0012478898073311736
-0.0021289964196390663 -0.0010309800911311089 -0.0010309800911311089 0.001248621565014273
-0.003680307431885387 -0.0002895805818323842 -0.0002895805818323842 0.0015312709546508867
-0.0021316279054808245 -0.0001621255981718637 -0.0001621255981718637 0.0015317319234799001
-0.0009353989739128084 0.012061749334943134 0.012061749334943134 0.0011802853513127893
-0.003495350018515981 0.012110069911327723 0.012110069911327723 0.0011811539666061529
-0.0009352891883008301 0.01062417068968198 0.01062417068968198 0.0012548111334967779
-0.0034949393607059454 0.010670680485595897 0.010670680485595897 0.0012555718227529932
-0.004867990095432598 0.006924543307585043 0.006924543307585043 0.002578134051819652
-0.006059817810138242 0.006977005047695738 0.006977005047695738 0.002578494572455599
-0.00486770383246006 0.0062566232202524 0.0062566232202524 0.0026868837250579535
-0.006059368575213433 0.006308692170320299 0.006308692170320299 0.0026872111508207254
-0.006789994931318419 0.005284495898055586 0.005284495898055586 0.003991294721242495
-0.007596112160599801 0.005307337726046425 0.005307337726046425 0.0039919260745839135
-0.006789607157109197 0.004833214604421493 0.004833214604421493 0.004038895494432388
-0.007595629162143473 0.004855878219389913 0.004855878219389913 0.004039471256820783
-0.008098540728713632 0.0038319736342892967 0.0038319736342892967 0.005206521466648745
-0.00866930014448043 0.0038110021259066436 0.0038110021259066436 0.005207315571322378
-0.008098142395512159 0.0035125940043018223 0.0035125940043018223 0.005158804313776838
-0.008668854992673709 0.003491533490529191 0.003491533490529191 0.005159524954020446
-0.008961430157783754 0.0022743611423722008 0.0022743611423722008 0.006026425478101059
-0.009194089679422892 0.002214290598183069 0.002214290598183069 0.006026963379464737
-0.008961212540262681 0.002143950166224587 0.002143950166224587 0.005892842780621716
-0.009193858208923874 0.002083861925685197 0.002083861925685197 0.005893336144685774
-0.009240071921882548 0.0007542481915574595 0.0007542481915574595 0.00640874696199588
-0.009138208677152199 0.0006631700308492149 0.0006631700308492149 0.006408927804476572
-0.009240119908933983 0.0008110097399890348 0.0008110097399890348 0.006205794803440649
-0.009138244042479713 0.0007199206281773287 0.0007199206281773287 0.006205983077708809
-0.008909559014373644 -0.0006441692044997029 -0.0006441692044997029 0.006176353406472341
-0.008390625329847287 -0.000754777183465391 -0.000754777183465391 0.006176240978501148
-0.008909857391260372 -0.00035419730845581525 -0.00035419730845581525 0.005928885012124001
-0.008390859862615823 -0.0004648917010795854 -0.0004648917010795854 0.00592883444324287
-0.007863345204507766 -0.0015790734170391277 -0.0015790734170391277 0.005116101181720683
-0.006943796188695121 -0.00166163993418741 -0.00166163993418741 0.005115882487764956
-0.007863658273536727 -0.0010647933279553635 -0.0010647933279553635 0.004929883770123549
-0.00694401475746016 -0.0011475984490941695 -0.0011475984490941695 0.0049297390755614744
-0.006198461053540544 -0.0016525835049214991 -0.0016525835049214991 0.003354228320034977
-0.0050831359702604734 -0.0016286365789946297 -0.0016286365789946297 0.0033543281974584547
-0.006198717025172976 -0.0010277730352703403 -0.0010277730352703403 0.003405724415099171
-0.005083397072684015 -0.0010041679404517883 -0.0010041679404517883 0.0034057736158878502
-0.004300666250170917 -0.0009169656763541697 -0.0009169656763541697 0.0017544221545494501
-0.003277964648022002 -0.0007673936630477436 -0.0007673936630477436 0.001754771102960844
-0.004300984363987434 -0.00034311202052090677 -0.00034311202052090677 0.002088619303235228
-0.003278405426559697 -0.0001938518069976587 -0.0001938518069976587 0.0020887553770202083
-0.0008807698605274637 0.009570521707203121 0.009570521707203121 0.0012383432817504644
-0.0032909710428205225 0.009527896492725518 0.009527896492725518 0.0012409119037098827
-0.0008807414813702141 0.008217034608510162 0.008217034608510162 0.0011168455531922708
-0.0032908651098731653 0.008172803953984665 0.008172803953984665 0.0011190529030609786
-0.004568076576876187 0.005605801816326011 0.005605801816326011 0.002693694695224685
-0.005644698136027736 0.005565482277626314 0.005565482277626314 0.0026949823233450797
-0.0045680096222812435 0.005002271779829104 0.005002271779829104 0.0025968435491341662
-0.005644602031187453 0.004961631860835116 0.004961631860835116 0.00259800116571305
-0.006315984491373181 0.00417185106843015 0.00417185106843015 0.004009417749625666
-0.007073791724160279 0.004112050645739911 0.004112050645739911 0.004010580426539257
-0.006315892107887889 0.003747505434471861 0.003747505434471861 0.003872710943499091
-0.007073687184389536 0.003687543704960669 0.003687543704960669 0.003873760495774049
-0.007533911555075311 0.002815217020191416 0.002815217020191416 0.005070022076456239
-0.008033820231779072 0.002724807466346568 0.002724807466346568 0.005071011641444828
-0.0075338202477828195 0.0025354343250357063 0.0025354343250357063 0.00486709489089073
-0.008033734168421219 0.0024449477358387223 0.0024449477358387223 0.0048679903445360585
-0.008293147273770679 0.001463890828990461 0.001463890828990461 0.005757964652218796
-0.008502253781561194 0.001356241793043132 0.001356241793043132 0.005758525159358175
-0.00829310638980853 0.001346878456933133 0.001346878456933133 0.005517451635433156
-0.00850222336447676 0.0012392053053836146 0.0012392053053836146 0.0055179734014381065
-0.008539780418351703 0.0001863327114876009 0.0001863327114876009 0.006028351719322276
-0.008432909426450705 5.903533853419298e-05 5.903533853419298e-05 0.00602859916282358
-0.008539740702389147 0.00024596264689967317 0.00024596264689967317 0.005744194239423299
-0.008432853589794178 0.00011864504515953547 0.00011864504515953547 0.005744455291490893
-0.008232515167252548 -0.0008775096317474438 -0.0008775096317474438 0.005740468523664513
-0.007790884503971837 -0.0009967908929239245 -0.0009967908929239245 0.005740461156568705
-0.008232311887465246 -0.0006307908231086531 -0.0006307908231086531 0.005473850010967991
-0.0077906196746631694 -0.0007501404482658891 -0.0007501404482658891 0.005473896117903837
-0.0073758510849003785 -0.0014647284251518007 -0.0014647284251518007 0.004796927830918653
-0.006683588845302005 -0.0015425177919943473 -0.0015425177919943473 0.0047968317483514334
-0.007375372941046887 -0.001077648255610643 -0.001077648255610643 0.004622561233707902
-0.006683054802698591 -0.0011555749384055613 -0.0011555749384055613 0.004622527281529033
-0.006166353467569762 -0.0013701387286653747 -0.0013701387286653747 0.0034539416381616757
-0.0054478346006341626 -0.0013328084065132653 -0.0013328084065132653 0.0034539790782224383
-0.006165907753175322 -0.0009676262039236172 -0.0009676262039236172 0.0035369220928994556
-0.005447405795390423 -0.0009304387054236956 -0.0009304387054236956 0.0035369178027276496
-0.0049692451355408665 -0.0007100205557536938 -0.0007100205557536938 0.002337997963250328
-0.004382413435924149 -0.0005545998069007849 -0.0005545998069007849 0.002338005142198625
-0.004969003172059427 -0.00038075578325249724 -0.00038075578325249724 0.0026860690758707916
-0.004382240473790317 -0.00022545592019593519 -0.00022545592019593519 0.0026859443105515276
-0.0007759602207534752 0.007275436113379604 0.007275436113379604 0.0010068450344441601
-0.0028989431583527634 0.007203507959420089 0.007203507959420089 0.0010089375653463135
-0.0007759733493223815 0.006083005187344021 0.006083005187344021 0.0008276631369721455
-0.0028989924743303293 0.006009827327905373 0.006009827327905373 0.0008294205959666947
-0.004035186501515242 0.004518296581874011 0.004518296581874011 0.002488959145154974
-0.00501347487474532 0.00443177708129506 0.00443177708129506 0.002490322574217615
-0.0040352119603976775 0.003969597503443178 0.003969597503443178 0.002290240599648196
-0.00501353251672869 0.003882806053379037 0.003882806053379037 0.002291445800561298
-0.0056410849581529695 0.0032959656627880025 0.0032959656627880025 0.003725514133697131
-0.006376952054354841 0.003177656181010914 0.003177656181010914 0.0037268732839443692
-0.0056411674282890265 0.0028837813697091073 0.0028837813697091073 0.0034581452698232143
-0.006377077372918521 0.0027653080442352506 0.0027653080442352506 0.003459354965233974
-0.006820409600595095 0.0020944132764335295 0.0020944132764335295 0.004681303882774187
-0.007295255194294215 0.0019574450075987445 0.0019574450075987445 0.004682321673733419
-0.006820512150552575 0.0018286262699417073 0.0018286262699417073 0.004374038156177849
-0.007295399751338649 0.0016915758761166077 0.0016915758761166077 0.004374954955794646
-0.007543927215785973 0.0009417469177971147 0.0009417469177971147 0.005305400448233352
-0.007747083277296203 0.0007891908733903359 0.0007891908733903359 0.005306073476146447
-0.007544000496439176 0.0008280157295773431 0.0008280157295773431 0.004964366216413282
-0.007747180048812064 0.0006754232754355181 0.0006754232754355181 0.004964994914393811
-0.007797467599991198 -0.0001084283928295552 -0.0001084283928295552 0.005518028570383655
-0.0077298965109817465 -0.00025856580633850084 -0.00025856580633850084 0.005518366800756542
-0.007797384948053635 -7.085604347250255e-05 -7.085604347250255e-05 0.005182823076712984
-0.007729800046803645 -0.0002210190429389575 -0.0002210190429389575 0.005183169511977577
-0.007591517963070144 -0.0008996818397439766 -0.0008996818397439766 0.005274397226486987
-0.007279264065936687 -0.0010245337520778824 -0.0010245337520778824 0.00527449980195075
-0.007591133883437703 -0.000725379042288856 -0.000725379042288856 0.004995636153822434
-0.007278837586368829 -0.0008502741759864472 -0.0008502741759864472 0.004995781321463973
-0.007004067720203203 -0.0012633220020776563 -0.0012633220020776563 0.004524616761424122
-0.006564840882249781 -0.0013048975575365557 -0.0013048975575365557 0.0045246073780908875
-0.0070035111945708104 -0.001017697802514633 -0.001017697802514633 0.004431568679510113
-0.006564261988785755 -0.0010593275417505865 -0.0010593275417505865 0.004431576872414789
-0.006254773289217622 -0.0010971905202683905 -0.0010971905202683905 0.003614821817551946
-0.005849290451912745 -0.0010390775539585123 -0.0010390775539585123 0.0036147742437069104
-0.006254344171729026 -0.0008699700203390307 -0.0008699700203390307 0.0037446881491724204
-0.0058488762040171125 -0.0008119055062570548 -0.0008119055062570548 0.0037446038666408294
-0.005601663862454625 -0.000540295053385936 -0.000540295053385936 0.0029322886223144577
-0.005333015685053978 -0.0003955501499311647 -0.0003955501499311647 0.00293209647386676
-0.005601486893631105 -0.0003894198599867443 -0.0003894198599867443 0.003256347008674257
-0.005332863859306955 -0.00024471746054436765 -0.00024471746054436765 0.0032560944673519785
-0.0006473977358857267 0.005282642406133136 0.005282642406133136 0.0006977898850806179
-0.002418222783236315 0.0052094415738427715 0.0052094415738427715 0.0006990913914709039
-0.0006474230223738298 0.004287720318052464 0.004287720318052464 0.0005223981372203863
-0.0024183174633989695 0.004213647940904432 0.004213647940904432 0.0005234652716838545
-0.0034012957751231206 0.0035737267381961957 0.0035737267381961957 0.0021235604984659665
-0.004314071999982618 0.0034612003258367857 0.0034612003258367857 0.0021247649817592393
-0.0034013599752963954 0.0030615240587918047 0.0030615240587918047 0.0018675842023621225
-0.004314199210187391 0.0029487537868479173 0.0029487537868479173 0.0018686221715230762
-0.004895677809502236 0.0025442659359067605 0.0025442659359067605 0.0032442507485301703
-0.005570992500410247 0.0024036484233583844 0.0024036484233583844 0.0032454200929481814
-0.004895824115634171 0.0021657382896934432 0.0021657382896934432 0.002927361150434426
-0.005571200014198601 0.0020249737293409984 0.0020249737293409984 0.0029283817726841487
-0.005984590744385956 0.0015475569731889743 0.0015475569731889743 0.004124271318175863
-0.006438118429620679 0.0013801390245629036 0.0013801390245629036 0.0041252796511486185
-0.005984784226063607 0.0012935360302643252 0.0012935360302643252 0.00374891166394211
-0.006438366847276918 0.0011260311657569438 0.0011260311657569438 0.0037498082692391417
-0.006690865137420399 0.0005995482653694604 0.0005995482653694604 0.004699717865994729
-0.006926302301218594 0.0004284330881063967 0.0004284330881063967 0.004700411582699847
-0.006691018513659126 0.00046764835817259204 0.00046764835817259204 0.004317064016036082
-0.006926486077075666 0.0002964862832671339 0.0002964862832671339 0.004317700262066062
-0.007021142470406614 -0.00022409243218406895 -0.00022409243218406895 0.00494006418684433
-0.007043059454630023 -0.00037119476688703 -0.00037119476688703 0.004940418944912653
-0.007021113233774246 -0.00023660786314981432 -0.00023660786314981432 0.004611450241999986
-0.007043027620025539 -0.0003837337547798592 -0.0003837337547798592 0.004611795311942629
-0.0070029370446620465 -0.0007838230922570458 -0.0007838230922570458 0.004811186358706205
-0.006870447538512162 -0.00088475780627294 -0.00088475780627294 0.004811322657341204
-0.007002720352655678 -0.0007099285536335156 -0.0007099285536335156 0.004585722482335048
-0.006870215008198788 -0.0008108788812980729 -0.0008108788812980729 0.004585872078065125
-0.006750857989161556 -0.0009985336165770986 -0.0009985336165770986 0.004377235982971942
-0.006557317849909293 -0.0010233551081549226 -0.0010233551081549226 0.004377240262250472
-0.006750597534229182 -0.0008902397882146221 -0.0008902397882146221 0.004321710787318359
-0.006557051680030329 -0.000915071910438584 -0.000915071910438584 0.004321719936031452
-0.006427326377984539 -0.0008387221354804689 -0.0008387221354804689 0.003845739812185677
-0.006267586375310428 -0.0007733444572655299 -0.0007733444572655299 0.003845621949864204
-0.00642715665174186 -0.0007490635899285437 -0.0007490635899285437 0.003991811960787006
-0.0062674230333644235 -0.0006836972204355597 -0.0006836972204355597 0.003991677889434503
-0.006195414146811883 -0.00040053227265668726 -0.00040053227265668726 0.003495182750211584
-0.006159571478663523 -0.00025363573053370546 -0.00025363573053370546 0.0034948499650304414
-0.006195455068308879 -0.00038001961391626287 -0.00038001961391626287 0.0038235307375944763
-0.006159610439921153 -0.00023314652587239142 -0.00023314652587239142 0.0038231844944570563
-0.000516991621297229 0.0036354278919583797 0.0036354278919583797 0.00040063023293433086
-0.0019307790527274455 0.003568283110505602 0.003568283110505602 0.0004013620510337987
-0.0005170171905336526 0.002840853563914491 0.002840853563914491 0.0002435444907436417
-0.0019308747001558007 0.0027731518398296383 0.0027731518398296383 0.00024412870163900515
-0.0027638346740108243 0.0027045499344757295 0.0027045499344757295 0.0016670491396080904
-0.0036247860031333517 0.0025758730057750265 0.0025758730057750265 0.001668096107950805
-0.0027639129834769426 0.002221216655586656 0.002221216655586656 0.0013757236548216768
-0.0036249314441680535 0.002092316816000017 0.002092316816000017 0.001376591345370285
-0.004169265702967551 0.0018840038426591766 0.0018840038426591766 0.002693273084353659
-0.004795033519875289 0.0017406753029654807 0.0017406753029654807 0.002694179538382302
-0.004169411640427247 0.0015330195688291704 0.0015330195688291704 0.0023706882699740537
-0.004795236620091686 0.0013895605947136219 0.0013895605947136219 0.0023714535558523936
-0.005182974771173711 0.0010997154703408125 0.0010997154703408125 0.003486949885970264
-0.005616134084321418 0.000948042561368401 0.000948042561368401 0.0034876773688044737
-0.005183155837874624 0.0008569063673008108 0.0008569063673008108 0.0031468049356931055
-0.005616358324759994 0.0007051567480696015 0.0007051567480696015 0.0031474311498195314
-0.005880028232378376 0.00037976620013145353 0.00037976620013145353 0.00405713016041728
-0.006166766186190154 0.0002336726876540358 0.0002336726876540358 0.004057630991757257
-0.005880221365947546 0.0002191031502625922 0.0002191031502625922 0.003730120151549346
-0.006166990363906172 7.296393810540455e-05 7.296393810540455e-05 0.003730560446131379
-0.006325741189287263 -0.00020921275066712163 -0.00020921275066712163 0.004389281422590901
-0.006472484779884452 -0.00033341980153251695 -0.00033341980153251695 0.004389566286028076
-0.006325868422928956 -0.00029146341272490465 -0.00029146341272490465 0.004111538641178995
-0.006472626348418431 -0.0004156930017848399 -0.0004156930017848399 0.004111798083096591
-0.006541198653273205 -0.0005899568454409982 -0.0005899568454409982 0.004437801918803814
-0.006581954212293009 -0.0006696030502353004 -0.0006696030502353004 0.00443792294944677
-0.006541235018220526 -0.0006128324376566899 -0.0006128324376566899 0.004259724202085076
-0.006581993167597575 -0.0006924857977251488 -0.0006924857977251488 0.0042598408652703
-0.006598589316654412 -0.0007185413015584147 -0.0007185413015584147 0.004286845624236773
-0.006603955537274404 -0.0007360129605387135 -0.0007360129605387135 0.004286855106239208
-0.006598624092666071 -0.000721455543984608 -0.000721455543984608 0.004247691834697672
-0.006603991287201926 -0.000738927362393638 -0.000738927362393638 0.004247702155150133
-0.006621994079284807 -0.0005844863488442 -0.0005844863488442 0.004093307300883838
-0.006667200164369513 -0.0005253872216909269 -0.0005253872216909269 0.004093180833497586
-0.0066221128600506855 -0.0006094938388086868 -0.0006094938388086868 0.004225175971596274
-0.006667316227465071 -0.0005503987393059762 -0.0005503987393059762 0.004225052586889309
-0.006734529720607737 -0.0002742569515248363 -0.0002742569515248363 0.004050502939454762
-0.006873959941078861 -0.00014316897780804045 -0.00014316897780804045 0.004050179247284059
-0.006734760803258474 -0.00035184285127173723 -0.00035184285127173723 0.004343079697193013
-0.006874173524755291 -0.00022077836682852543 -0.00022077836682852543 0.00434277826966558
-0.000389191836500277 0.0023310346093333304 0.0023310346093333304 0.00012896372761419264
-0.0014532437722267909 0.0022629760716938755 0.0022629760716938755 0.00012945160886058347
-0.00038920824048153355 0.0017328303604633153 0.0017328303604633153 -2.6991719408965454e-05
-0.0014533051040695286 0.0016644536544826842 0.0016644536544826842 -2.6621706032182515e-05
-0.00214600065235883 0.0018826456736274024 0.0018826456736274024 0.0011814091711952167
-0.002974207788529274 0.0017768220746161253 0.0017768220746161253 0.0011820271432302512
-0.0021460767839235457 0.0014175681260942979 0.0014175681260942979 0.0009420059666025159
-0.002974339681525008 0.0013115427764521165 0.0013115427764521165 0.0009424849518722278
-0.0035004644184029013 0.0013284725102185669 0.0013284725102185669 0.002153387546112521
-0.004109499722554195 0.0012082802451493227 0.0012082802451493227 0.0021539533126401895
-0.0035005809954597768 0.0009867428843756882 0.0009867428843756882 0.0018829309237655347
-0.004109659751125501 0.0008664324403948802 0.0008664324403948802 0.0018833782431248425
-0.004500404846905767 0.0007706994552486265 0.0007706994552486265 0.002932386447161641
-0.004958782284311928 0.000661725203227627 0.000661725203227627 0.002932764267739745
-0.004500560364606665 0.0005137088598100589 0.0005137088598100589 0.00268772112613452
-0.004958973165117596 0.00040466375458489504 0.00040466375458489504 0.002688024215815712
-0.005248376063890012 0.00026330519011652357 0.00026330519011652357 0.0035253773656966463
-0.005580519433950113 0.00016022986534174651 0.00016022986534174651 0.003525641814232656
-0.005248547370896128 7.720244547150055e-05 7.720244547150055e-05 0.003294396844487919
-0.005580716888732332 -2.591478017150958e-05 -2.591478017150958e-05 0.0032946122152336275
-0.005792487303761732 -0.0001317732055955271 -0.0001317732055955271 0.003930565048794262
-0.006039125593441921 -0.0002279679676860798 -0.0002279679676860798 0.0039307508361356444
-0.005792685982095822 -0.0002698539018066176 -0.0002698539018066176 0.003715283158919396
-0.006039344822338673 -0.00036607523743558096 -0.00036607523743558096 0.0037154377498016997
-0.006194051585808729 -0.00037344354665176476 -0.00037344354665176476 0.0041406899253370365
-0.0063708669815752805 -0.00043865049861292033 -0.00043865049861292033 0.004140787862004462
-0.006194231984663981 -0.000472357109351365 -0.000472357109351365 0.00399481050931842
-0.00637105820603375 -0.0005375770135257563 -0.0005375770135257563 0.003994894301841541
-0.006494167333969934 -0.0004513391073214564 -0.0004513391073214564 0.004219268816698179
-0.006654750900692398 -0.00046797192299281696 -0.00046797192299281696 0.004219286245502812
-0.006494370710861371 -0.0005410361346722105 -0.0005410361346722105 0.004181939685572522
-0.006654958010060414 -0.0005576760848445562 -0.0005576760848445562 0.0041819550550963695
-0.006789840889534207 -0.00036261908083775013 -0.00036261908083775013 0.004306886111392395
-0.0069990267050933416 -0.00032104233275153684 -0.00032104233275153684 0.0043068065147623714
-0.006790130366462441 -0.00047932171931903164 -0.00047932171931903164 0.004399498136511246
-0.006999308658292621 -0.0004377584788075276 -0.0004377584788075276 0.004399429690478499
-0.007172437867797442 -0.00016967484595542138 -0.00016967484595542138 0.004533862923632641
-0.007437177575910702 -6.64919409522408e-05 -6.64919409522408e-05 0.0045336348854819125
-0.007172740400443214 -0.00031736801505410076 -0.00031736801505410076 0.00476385557794322
-0.007437458063657585 -0.00021421537402608308 -0.00021421537402608308 0.004763664665442921
-0.00030748810073149267 0.0013499499941525333 0.0013499499941525333 -0.00012058184058007038
-0.0011480360936663363 0.0013062317045431074 0.0013062317045431074 -0.00012038481685825122
-0.0003074938378068612 0.0008773116235653626 0.0008773116235653626 -0.00022020442601956893
-0.0011480575416327355 0.0008333956832120573 0.0008333956832120573 -0.0002200739910192347
-0.0017299332241986127 0.0011510289906678044 0.0011510289906678044 0.0007994605486831073
-0.002479064068033993 0.001084926539948376 0.001084926539948376 0.0007997169613532576
-0.0017299669849294502 0.0007302474546214506 0.0007302474546214506 0.0006500303412231527
-0.002479121847911324 0.0006639851577113557 0.0006639851577113557 0.0006502007772754401
-0.002981259115294346 0.0008627682258653025 0.0008627682258653025 0.0017215598734325694
-0.0036039948245525726 0.0007875797204693757 0.0007875797204693757 0.0017217909235712054
-0.0029813272157859184 0.0005133236921258558 0.0005133236921258558 0.0015522503166340326
-0.003604091465790462 0.00043802200038238427 0.00043802200038238427 0.0015524063633511954
-0.004012159787983599 0.0005230224221845534 0.0005230224221845534 0.0025384753710781093
-0.004504300804255128 0.00045105261614618476 0.00045105261614618476 0.002538640278335224
-0.004012256160764545 0.00024708989901281946 0.00024708989901281946 0.002376793222730909
-0.004504422635607804 0.00017504771262345334 0.00017504771262345334 0.002376905449144055
-0.0048224879777831586 0.00020029887062545293 0.00020029887062545293 0.0031547298558384884
-0.005199357370906272 0.00013376218693354004 0.00013376218693354004 0.00315484244710568
-0.004822603350117674 -1.0846821025694368e-05 -1.0846821025694368e-05 0.0030055195633078894
-0.0051994926659513436 -7.742737056259892e-05 -7.742737056259892e-05 0.0030055969240050206
-0.00544413008612152 -4.906861648161989e-05 -4.906861648161989e-05 0.0035853672415336038
-0.005735847558364128 -0.0001108637707887359 -0.0001108637707887359 0.0035854496785830536
-0.005444260441711712 -0.00021238690293033001 -0.00021238690293033001 0.003446996721924239
-0.005735992314646089 -0.0002742094908112901 -0.0002742094908112901 0.0034470540557461457
-0.005941892059467773 -0.00017994801650086998 -0.00017994801650086998 0.003901084489872249
-0.006213332048403431 -0.00022864545287158068 -0.00022864545287158068 0.003901142224058526
-0.005942072534384481 -0.00033174042715018937 -0.00033174042715018937 0.003792109822384147
-0.006213524162864073 -0.0003804603989769072 -0.0003804603989769072 0.003792150478041558
-0.00641267091952831 -0.0002222138347766421 -0.0002222138347766421 0.004156097289901475
-0.006686152227534216 -0.00023648906047203582 -0.00023648906047203582 0.004156110341576992
-0.006412886676294801 -0.00037500378397902325 -0.00037500378397902325 0.004124025136561559
-0.0066863726195487035 -0.00038929938534007334 -0.00038929938534007334 0.004124034351985429
-0.006901469326064551 -0.00018157515974836846 -0.00018157515974836846 0.004453545839549379
-0.007216454387637558 -0.00015622557510902924 -0.00015622557510902924 0.004453508143793174
-0.006901731779492357 -0.0003574232940738524 -0.0003574232940738524 0.004509898906206356
-0.007216710778629976 -0.00033210116175929315 -0.00033210116175929315 0.004509872253888175
-0.007459450968587353 -7.544155058480332e-05 -7.544155058480332e-05 0.004897428568167202
-0.007808362560586195 -1.4224982912823905e-05 -1.4224982912823905e-05 0.004897333587472622
-0.007459701166578753 -0.0002702099563951176 -0.0002702099563951176 0.005033743269801478
-0.007808595446031289 -0.00020903034063280408 -0.00020903034063280408 0.00503367717015335
-0.00027063816485458633 0.0005677742662340926 0.0005677742662340926 -0.0002577186166856283
-0.0010104033174696395 0.0005667277694955275 0.0005667277694955275 -0.0002576839709484074
-0.0002706297862994117 0.00015179833517894368 0.00015179833517894368 -0.0002605170732738615
-0.001010372030266382 0.00015060068714263197 0.00015060068714263197 -0.00026050779031537905
-0.0015359513818995756 0.0005249851861393215 0.0005249851861393215 0.0005796527718321716
-0.002231978961552312 0.0005062428580565788 0.0005062428580565788 0.0005796897747146408
-0.0015359154055758118 0.00013400002490825398 0.00013400002490825398 0.0005371761145496806
-0.002231944836904067 0.00011512342216109725 0.00011512342216109725 0.0005371860297914335
-0.0027145607983196304 0.000432073174745024 0.000432073174745024 0.001467508525563254
-0.003336926054940811 0.00040478986267978396 0.00040478986267978396 0.0014675462085810458
-0.002714536460643894 8.28182593926244e-05 8.28182593926244e-05 0.0014060026774057762
-0.003336911671563344 5.542724605738512e-05 5.542724605738512e-05 0.0014060127752181279
-0.0037513780018640893 0.0002958182064458287 0.0002958182064458287 0.0022899710028736627
-0.004261242879999964 0.000262584680541992 0.000262584680541992 0.0022900067742172335
-0.0037513746188590396 9.946004573501113e-06 9.946004573501113e-06 0.002215308658806998
-0.004261250657459544 -2.3360341081711703e-05 -2.3360341081711703e-05 0.002215318244517433
-0.004592686666965921 0.00015034596611113122 0.00015034596611113122 0.002923315074010505
-0.004988266209833183 0.0001170928684212303 0.0001170928684212303 0.002923342339209648
-0.004592699899791276 -7.128658386310119e-05 -7.128658386310119e-05 0.0028487633231661187
-0.004988288366444735 -0.00010458387703608987 -0.00010458387703608987 0.0028487706294823313
-0.005251415228807924 3.878938750571506e-05 3.878938750571506e-05 0.00337246039527591
-0.005574747482392449 9.977824072796563e-06 9.977824072796563e-06 0.0033724782932082996
-0.005251446109911602 -0.00014221020400756066 -0.00014221020400756066 0.003307930390427036
-0.0055747856903197324 -0.00017105128941019896 -0.00017105128941019896 0.0033079351865305407
-0.005806698352263471 -1.9425647304022067e-05 -1.9425647304022067e-05 0.003732520075473338
-0.006117114274951667 -4.3157040545681755e-05 -4.3157040545681755e-05 0.003732533095710437
-0.005806755700976417 -0.00019300699418992848 -0.00019300699418992848 0.003679398490371286
-0.006117178182922791 -0.00021676520774306077 -0.00021676520774306077 0.0036794019793590926
-0.006355061064208976 -3.352938835072214e-05 -3.352938835072214e-05 0.004103393004567468
-0.006694816517300071 -4.4017457672383236e-05 -4.4017457672383236e-05 0.00410339745126471
-0.00635514949822269 -0.00022333496001100702 -0.00022333496001100702 0.004079847486272468
-0.00669490950528171 -0.00023385435776934532 -0.00023385435776934532 0.004079848677787913
-0.006950887848973206 -3.039105473130243e-05 -3.039105473130243e-05 0.004535148742865281
-0.007310747371902683 -2.4297561241931593e-05 -2.4297561241931593e-05 0.004535142108508904
-0.006950984120141325 -0.0002313513243245476 -0.0002313513243245476 0.004548595122757092
-0.007310843851246319 -0.00022529287871791908 -0.00022529287871791908 0.00454859334509541
-0.007582984318881003 8.200677112516131e-07 8.200677112516131e-07 0.005093524266008977
-0.00796689316160999 1.3347690286750658e-05 1.3347690286750658e-05 0.005093516305377592
-0.007583076865319122 -0.00021353977177406377 -0.00021353977177406377 0.005121365329266641
-0.007966981312743048 -0.00020105224294250814 -0.00020105224294250814 0.005121363196253839
eps_abs 640
0.002025638502873623 0.0011553574249909223 0.0011553574249909223 0.01751557282546165
0.00753984399778265 0.001455359126995823 0.001455359126995823 0.017515005190168575
0.002025318237097616 0.004291732061084698 0.004291732061084698 0.017654637404684016
0.007538652488266369 0.004300576656027984 0.004300576656027984 0.017651906530878482
0.012861458600331093 0.002154178423253448 0.002154178423253448 0.028002025647548882
0.021921984904763676 0.002940774118893735 0.002940774118893735 0.028003285423970962
0.012858954328833293 0.007258342722472445 0.007258342722472445 0.02697951377784073
0.02191605795863311 0.007731312832670185 0.007731312832670185 0.026984211325565353
0.02803966130312486 0.0031981453219102085 0.0031981453219102085 0.042464008517381434
0.03602000139166272 0.005031515310741169 0.005031515310741169 0.0424704400203641
0.028027015925814455 0.007272417648607506 0.007272417648607506 0.03833901183490218
0.03599596840771262 0.009004438498277437 0.009004438498277437 0.03836292076295729
0.04063295081057332 0.0052985778472510675 0.0052985778472510675 0.051674999354588746
0.04527533926538021 0.007407010331224887 0.007407010331224887 0.05168027281540154
0.0406107558899062 0.007305009681930977 0.007305009681930977 0.04678919560554153
0.045245463471243044 0.009348574732760241 0.009348574732760241 0.0468087660356066
0.047469590377241216 0.007736623527732841 0.007736623527732841 0.056763483783975804
0.04881051998169381 0.008845249854363961 0.008845249854363961 0.0567645998905689
0.047461264030569 0.008054280018447876 0.008054280018447876 0.053000126380931926
0.04880160591860392 0.00973306895063521 0.00973306895063521 0.053004275226715754
0.04868047355922712 0.009080096326767588 0.009080096326767588 0.05710584679842053
0.046947876892321126 0.009987850524696909 0.009987850524696909 0.057105382977154485
0.04870700873071108 0.0080201543754588 0.0080201543754588 0.05496951864586965
0.046976833176993284 0.008926499790020845 0.008926499790020845 0.0549677915152942
0.04462260530107269 0.009690013748064991 0.009690013748064991 0.052976754651742876
0.03996173065208528 0.009757420301789882 0.009757420301789882 0.0529761747704879
0.04468182282114914 0.0070733887732222995 0.0070733887732222995 0.05283834003746599
0.040020480701686234 0.0072868030577235825 0.0072868030577235825 0.05283617262773162
0.03479836807065672 0.008068962118954344 0.008068962118954344 0.04405872767141632
0.025287048003578328 0.006382001330921579 0.006382001330921579 0.04406338495782787
0.03491395004819844 0.0032119706812813115 0.0032119706812813115 0.04777719666219691
0.02537349888199788 0.002721985123343817 0.002721985123343817 0.04780103310442212
0.018266112450771924 0.004415251530489097 0.004415251530489097 0.029033652834878392
0.007838683207784053 0.001686214915798109 0.001686214915798109 0.02904510306507111
0.018351333712818135 0.004986909698940059 0.004986909698940059 0.036729864262895456
0.007864582571678174 0.006976639315786293 0.006976639315786293 0.036785974055255743
0.004229840766742884 0.0016270437684679875 0.0016270437684679875 0.02148270735230666
0.0011345829804565377 0.0007439020797987061 0.0007439020797987061 0.021482979443794868
0.004232371051756913 0.0027748850515459515 0.0027748850515459515 0.022566432983449663
0.001135262636600734 0.0024131177127491472 0.0024131177127491472 0.0225678454699774
0.0023482024837581106 0.006996428011529773 0.006996428011529773 0.017188629482527182
0.008736146107001847 0.007715604654767321 0.007715604654767321 0.01719334215211673
0.002345942145917244 0.010550508386416305 0.010550508386416305 0.015887582415341488
0.008727770288272837 0.011198229339300968 0.011198229339300968 0.015891345733481808
0.012611091712699125 0.011721427420886237 0.011721427420886237 0.025157409928624547
0.016859753823493546 0.013574563978476221 0.013574563978476221 0.025184372508711254
0.012600970764762687 0.013979404123434923 0.013979404123434923 0.021640332037708692
0.0168415686273176 0.01572334840091835 0.01572334840091835 0.021670499560702505
0.019802061635014103 0.013832671972973451 0.013832671972973451 0.033992757723337125
0.02357787009798386 0.017591957465653858 0.017591957465653858 0.034057346378150166
0.01977620951053765 0.015909504451949552 0.015909504451949552 0.025887003491824222
0.02353633403511553 0.019516018199814644 0.019516018199814644 0.02596520637782241
0.02635997530426491 0.016851096280563336 0.016851096280563336 0.041141864270735615
0.030006475118575356 0.021417002166947464 0.021417002166947464 0.04119753492834434
0.02631262136042233 0.018912831092817356 0.018912831092817356 0.03047765925615377
0.02994003120824425 0.02345177817930396 0.02345177817930396 0.030551265052673488
0.032768765511087934 0.021477480394655208 0.021477480394655208 0.047527823266880216
0.03631733052545687 0.026258127438452607 0.026258127438452607 0.047555461004572884
0.032690236109396566 0.023446722164680033 0.023446722164680033 0.036307444166681475
0.03621900292069429 0.02819848548127443 0.02819848548127443 0.03635351763042602
0.03862250408025117 0.025861648267379588 0.025861648267379588 0.051242650623238184
0.04082358122429909 0.02917658455838484 0.02917658455838484 0.05123910493659539
0.03856012779550938 0.027167503901351798 0.027167503901351798 0.04331733444950667
0.04075290092135822 0.030357126903897164 0.030357126903897164 0.04332246782960874
0.04235468619613603 0.02796308682553422 0.02796308682553422 0.05178153180728479
0.04387793957164716 0.028602722120903853 0.028602722120903853 0.051776988267213796
0.04231873957775239 0.02850170672400256 0.02850170672400256 0.04954084093754725
0.04384066160452522 0.029471080931564846 0.029471080931564846 0.04953771093884997
0.04457982356750998 0.0228284624068561 0.0228284624068561 0.05061724856243174
0.044003323708366626 0.020797387240958976 0.020797387240958976 0.050657979504832557
0.04465679536404556 0.02252859888331615 0.02252859888331615 0.05544533850683887
0.0440762741914154 0.020676583923806627 0.020676583923806627 0.055484865684979644
0.042800178002415125 0.015753064546888434 0.015753064546888434 0.04502925529060471
0.0398774194124409 0.009728250712024876 0.009728250712024876 0.04518752799651323
0.04287870730327382 0.015525469038302861 0.015525469038302861 0.06021682882886753
0.03993904451731115 0.009775343071219715 0.009775343071219715 0.060404800911771965
0.030535130752232728 0.009323791002961851 0.009323791002961851 0.03153681634556464
0.008272477682477377 0.0037172986005867595 0.0037172986005867595 0.03168196916594119
0.030916654236353137 0.008143789206956844 0.008143789206956844 0.05658659178776018
0.008377749554087212 0.01520064089801993 0.01520064089801993 0.057012827852630496
0.0017457431277163467 0.013242749619259832 0.013242749619259832 0.013987365705651943
0.006500148548147971 0.015009241261229543 0.015009241261229543 0.014031214842557333
0.0017416493377568328 0.015943244997899935 0.015943244997899935 0.00993143713138509
0.006484962172187548 0.017700029796860514 0.017700029796860514 0.009974992431924797
0.008613404555735792 0.017782590933600968 0.017782590933600968 0.01814423146311048
0.009696295579773362 0.020528046625424838 0.020528046625424838 0.018204248320906384
0.008610867315603529 0.018384095773466603 0.018384095773466603 0.011987312007103741
0.00969189854140297 0.021120881938052238 0.021120881938052238 0.01203790012202459
0.00997109708077278 0.02112330477483246 0.02112330477483246 0.019944969114958702
0.009583302492408094 0.02480394601968227 0.02480394601968227 0.02001075660012297
0.009985149187735645 0.020852584056239323 0.020852584056239323 0.011855002505112289
0.009602503581453257 0.02451811736799076 0.02451811736799076 0.011912391319683815
0.00972645028047832 0.024763534630383565 0.024763534630383565 0.022375507913216828
0.010247355032371414 0.02984747709050074 0.02984747709050074 0.022449072088517735
0.00972331434089512 0.02495963933007881 0.02495963933007881 0.01137229492891483
0.010240538866930465 0.0300148474883902 0.0300148474883902 0.011420602941146494
0.010995902108234083 0.03093485867761848 0.03093485867761848 0.026330460888638347
0.013042364546865219 0.03795406570501021 0.03795406570501021 0.02640131540119941
0.010977789551980408 0.031315331294631196 0.031315331294631196 0.01148739764943548
0.012935910930284383 0.03827986971236397 0.03827986971236397 0.011524104802572401
0.014838361576297199 0.03989513075781713 0.03989513075781713 0.032605503009037674
0.01741688948818284 0.04963255729278232 0.04963255729278232 0.03264443653775362
0.014729427782507916 0.04079879531370088 0.04079879531370088 0.012317412931348961
0.017271627206831116 0.050430600846706 0.050430600846706 0.012344739908002658
0.018854324820051 0.054151446603372455 0.054151446603372455 0.03788870486196725
0.02016559977948778 0.06670015204223985 0.06670015204223985 0.03784917752616926
0.018810106580914823 0.05446760973682255 0.05446760973682255 0.011423689871327277
0.02010006498057184 0.06684904864095557 0.06684904864095557 0.011430703414612555
0.0235643192332358 0.070414606637625 0.070414606637625 0.043366006207535696
0.028113293183594498 0.08567048495103168 0.08567048495103168 0.04315602494785584
0.02310271958227101 0.07166440978441578 0.07166440978441578 0.011584722847109258
0.027482570875783523 0.08666185322602718 0.08666185322602718 0.01155920026417242
0.03149045333386332 0.09388571245578754 0.09388571245578754 0.04867042690510178
0.0353326454194463 0.11121939922158215 0.11121939922158215 0.04826248480490568
0.03101149371037466 0.09418775653899833 0.09418775653899833 0.010824506666928772
0.034772543071196 0.1111927777113741 0.1111927777113741 0.010724173048165921
0.040703847389772896 0.11426238034406325 0.11426238034406325 0.04629624251877075
0.04870948626144764 0.13039810413454458 0.13039810413454458 0.04572238062081782
0.039307898535531245 0.11571899756790933 0.11571899756790933 0.009647379147328175
0.04711817272174487 0.1315674050022382 0.1315674050022382 0.009160178041690765
0.0006615651785951591 0.016879560923893665 0.016879560923893665 0.008140867169858313
0.002467088692098757 0.017613793495295325 0.017613793495295325 0.008160005526142829
0.0006609113377642667 0.017767063234947533 0.017767063234947533 0.00674354625087314
0.002464653053996728 0.01850003176056887 0.01850003176056887 0.006749034405406084
0.0029035919367102186 0.016028083358458393 0.016028083358458393 0.009048560673094704
0.002780067386085206 0.017196884625939015 0.017196884625939015 0.009073627560032532
0.00290509470052728 0.015402118946654428 0.015402118946654428 0.006658053915271724
0.002778074752999282 0.016569073920565655 0.016569073920565655 0.006670798273715523
0.0029113285078588296 0.015063042411227884 0.015063042411227884 0.008293282166046074
0.0030279004909369556 0.016400650964534986 0.016400650964534986 0.00831191861185271
0.002913856514928842 0.014103013508638107 0.014103013508638107 0.006005034317034635
0.0030258694112292313 0.015437842548827019 0.015437842548827019 0.006011333361642772
0.0035838453248018664 0.014833664820522076 0.014833664820522076 0.007686768729065259
0.004967038247123953 0.01617298314082668 0.01617298314082668 0.007697931963028803
0.0035731312035746864 0.013928536488456635 0.013928536488456635 0.005808520652224572
0.004949995187003898 0.01526517977670069 0.01526517977670069 0.005809398688085987
0.005877134491662989 0.014207668475363294 0.014207668475363294 0.007664805866967631
0.007096023585119578 0.01562789530774097 0.01562789530774097 0.007668552274371202
0.005862305647508681 0.013446813090772293 0.013446813090772293 0.006128048953750074
0.007078594020191613 0.014798564150250361 0.014798564150250361 0.006122157701168179
0.007839841574682349 0.013472882583645639 0.013472882583645639 0.008068357002684363
0.008879812910767055 0.015037618208750058 0.015037618208750058 0.008073007550912902
0.00782445341566721 0.012602227748259929 0.012602227748259929 0.007007795045834481
0.008862191096105797 0.014090415624753638 0.014090415624753638 0.007004601066029501
0.009360836867447375 0.011893042414062424 0.011893042414062424 0.008861537854400131
0.010024872889764988 0.01327679719974536 0.01327679719974536 0.00886122268298918
0.009353561429027754 0.011041984978027622 0.011041984978027622 0.007463243160548529
0.010016554547324273 0.012455813239867003 0.012455813239867003 0.007462076113241519
0.0099832509216593 0.01005628078309772 0.01005628078309772 0.009006059855672955
0.009643974689680108 0.011654899962269998 0.011654899962269998 0.008992879839456845
0.010004148303451648 0.009321799985823604 0.009321799985823604 0.006672522444862584
0.009655602807311658 0.010733726577939638 0.010733726577939638 0.006665497000482855
0.008842047001290885 0.008649689294638574 0.008649689294638574 0.007650448485770783
0.008047493647451767 0.010118777632729961 0.010118777632729961 0.007599457867858461
0.00890529612436114 0.007239428172479502 0.007239428172479502 0.004394617728561605
0.008049935947343276 0.008143625906847963 0.008143625906847963 0.004386829275127419
0.005808228903069833 0.0038754482552553243 0.0038754482552553243 0.006931245166967145
0.0046981197183824696 0.0027076729086977125 0.0027076729086977125 0.006826719332591379
0.005916456688677308 0.0033268390016280235 0.0033268390016280235 0.0013632392025852162
0.004596217159847656 0.0030093267552445293 0.0030093267552445293 0.0013168130025654472
0.00039583298775922634 0.018114720954733085 0.018114720954733085 0.005892883066558413
0.001477287399006265 0.018818132598064533 0.018818132598064533 0.00590788980098498
0.00039542178524077135 0.01820754310225368 0.01820754310225368 0.004697464591987162
0.0014757527924173937 0.018910411221608314 0.018910411221608314 0.0046999072274210045
0.001883113471522891 0.014595608795130124 0.014595608795130124 0.005543509365869128
0.0027593974900838713 0.015417310998122217 0.015417310998122217 0.0055514163262874025
0.001883241688089928 0.013515026157114455 0.013515026157114455 0.004239848743502387
0.002754423633591381 0.014334966069356917 0.014334966069356917 0.004245180665955193
0.0037224441341280577 0.012620868675395015 0.012620868675395015 0.004985608351677349
0.005091134777382112 0.013489137063601513 0.013489137063601513 0.004989841369878133
0.0037175977070270797 0.011791525886731852 0.011791525886731852 0.004230817559121731
0.0050830788639315986 0.012658367205302475 0.012658367205302475 0.004225989026578241
0.0060570979548602525 0.01168733656603278 0.01168733656603278 0.005192488752528083
0.007309437866158097 0.01252438044325003 0.01252438044325003 0.005189776163975202
0.0060493768593799365 0.01096852641197455 0.01096852641197455 0.005141759301883894
0.0073002248823659 0.011804353360066258 0.011804353360066258 0.005134758107548708
0.008119113460129834 0.010446458303718521 0.010446458303718521 0.006083064865167232
0.009185593131958374 0.011233683302951165 0.011233683302951165 0.006079952073354862
0.008111264699447531 0.009802168263637053 0.009802168263637053 0.006082102671239319
0.00917663395770004 0.010588376911781869 0.010588376911781869 0.0060785061255925355
0.009775753600386548 0.008905187273056865 0.008905187273056865 0.006918050826419982
0.01047608808504408 0.009559333664504602 0.009559333664504602 0.006917081588030099
0.009771053264343209 0.0083213642571229 0.0083213642571229 0.00686185936439096
0.010470861462944037 0.00897476291125205 0.00897476291125205 0.006860884082562128
0.0106409122039713 0.007148367274863664 0.007148367274863664 0.007115186560892587
0.010577353648793262 0.007727973657470046 0.007727973657470046 0.007114791060739819
0.010646231334439803 0.006566946680165191 0.006566946680165191 0.006921221363196374
0.010582878619557345 0.007218415297595261 0.007218415297595261 0.006920963556792026
0.010191138466846295 0.005053231743780335 0.005053231743780335 0.006112735556324171
0.009269182138408029 0.005463248686540465 0.005463248686540465 0.006111924310354729
0.010209097968970184 0.004485482914829677 0.004485482914829677 0.00588596130661797
0.009285870653621745 0.004863203329033339 0.004863203329033339 0.005885316444118181
0.008155316220460314 0.00320787807052172 0.00320787807052172 0.004048243921926948
0.006151428856222721 0.002953224977110907 0.002953224977110907 0.004046240564448264
0.008179790222696428 0.0026397231664885097 0.0026397231664885097 0.0038079640455274317
0.006171722142198195 0.002562060635612256 0.002562060635612256 0.003806720750782661
0.003647957111816787 0.002837238494940041 0.002837238494940041 0.0014035014038480328
0.002534946841637588 0.002841336579696624 0.002841336579696624 0.0013957416568473396
0.003696144690662383 0.0011585271173557598 0.0011585271173557598 0.0009508447007042563
0.0025003026515207664 0.001334667477776572 0.001334667477776572 0.0009486883214217116
0.00047019328190702674 0.01791910639985768 0.01791910639985768 0.0040407142118997295
0.0017558258716834038 0.018405569107313554 0.018405569107313554 0.0040490831583039595
0.00046988184288455464 0.01725532427357323 0.01725532427357323 0.0033077581814807554
0.0017546618572539697 0.017741144070011115 0.017741144070011115 0.0033095623452348414
0.0027168607759312526 0.012298515621674713 0.012298515621674713 0.003629262839950077
0.004428865381300304 0.012905203683812367 0.012905203683812367 0.0036286796914288275
0.0027142617490237284 0.01130967391061208 0.01130967391061208 0.0033804439404474334
0.004424545019140886 0.011915103619622065 0.011915103619622065 0.0033734895218490396
0.005518262385062079 0.010359644955107402 0.010359644955107402 0.004205702881283857
0.006772494856437249 0.010899171300819528 0.010899171300819528 0.004200692528187193
0.005514610305399365 0.009655182342124181 0.009655182342124181 0.004322643133219825
0.006767893957956583 0.010193957170412403 0.010193957170412403 0.004317521381418081
0.007616491139500581 0.009028780717902292 0.009028780717902292 0.005233981004938052
0.008710420076232883 0.009494312021583474 0.009494312021583474 0.005230900371321317
0.007612082240595169 0.008414912338591133 0.008414912338591133 0.005360637585909031
0.008705265286222908 0.008879878117632398 0.008879878117632398 0.005357480612435283
0.009364420649960096 0.00738624823634793 0.00738624823634793 0.006199940355665541
0.010120300145428704 0.0077945138529560525 0.0077945138529560525 0.006198222782220173
0.009361003620020653 0.006942964485953228 0.006942964485953228 0.006355049726219855
0.010116463102904767 0.007350881254399446 0.007350881254399446 0.006353449254093594
0.010471373803840561 0.005735853697161545 0.005735853697161545 0.006920909234143844
0.010753891207620691 0.0060670247478823575 0.0060670247478823575 0.0069206386631999696
0.010470908803675362 0.005400169919997318 0.005400169919997318 0.006984576305694935
0.010753343600464399 0.005729613618202973 0.005729613618202973 0.006984355199164634
0.010681283678578044 0.004056315506806555 0.004056315506806555 0.00684465647967175
0.010291727159333342 0.004259642369029609 0.004259642369029609 0.0068446406947880395
0.01068595093977458 0.00377725575010611 0.00377725575010611 0.006780898475947133
0.010296528699447693 0.003961307227352025 0.003961307227352025 0.0067809037833087785
0.0096862132661821 0.0024306239149143793 0.0024306239149143793 0.0057831445887937425
0.008505094336684267 0.002438304553992059 0.002438304553992059 0.005783281797665848
0.009695643419506385 0.0021655627658348996 0.0021655627658348996 0.005705281917640063
0.008514529143230276 0.0021770167663120858 0.0021770167663120858 0.0057053944830460415
0.007210478234541558 0.0021596697755289227 0.0021596697755289227 0.0036185214851107285
0.0049368520804839 0.002221912434932486 0.002221912434932486 0.003617708464417454
0.007225858158312215 0.0014907402760523407 0.0014907402760523407 0.003450531037560881
0.0049515999024423996 0.001500624270423933 0.001500624270423933 0.0034498580635001
0.0031120432807615625 0.0019036949497133835 0.0019036949497133835 0.0009114390090424069
0.0020579869578934143 0.0018129825190439151 0.0018129825190439151 0.0009114842503784918
0.003128150524705151 0.0005602329265879211 0.0005602329265879211 0.0009684834064908071
0.002051463710313026 0.0004926232209149309 0.0004926232209149309 0.0009690233923095118
0.0007146025884628038 0.016565073212740266 0.016565073212740266 0.0030830809406023965
0.0026695016122044828 0.016927636594693506 0.016927636594693506 0.0030781339109397818
0.0007142778970124708 0.015465830241046209 0.015465830241046209 0.003068608279547698
0.0026682869833816896 0.015827194165135235 0.015827194165135235 0.0030625210700044717
0.003947228175819643 0.010316222776509593 0.010316222776509593 0.0034110238896420085
0.0055102070320216185 0.010663357409561952 0.010663357409561952 0.003407843101735239
0.003945551994444777 0.009439365535255735 0.009439365535255735 0.003413745903600481
0.005507731603600764 0.009785697173244056 0.009785697173244056 0.0034104503896433213
0.00649347087022208 0.008412223462865357 0.008412223462865357 0.004392338720707308
0.0076361095439176005 0.00871071253410898 0.00871071253410898 0.004390333328779945
0.006491344520148928 0.007771972097915917 0.007771972097915917 0.004479938909027489
0.007633450531593568 0.008070005279907665 0.008070005279907665 0.004477877590132765
0.008356026947572388 0.006864103751957535 0.006864103751957535 0.005483200351940754
0.009204454170632427 0.007126369320612399 0.007126369320612399 0.00548175831937898
0.008353859653899584 0.006389053145775468 0.006389053145775468 0.005586899953516417
0.009201944981084493 0.00665104727851385 0.00665104727851385 0.005585509617128281
0.009689641908034887 0.005210273062642205 0.005210273062642205 0.006454330354807657
0.010200147971094259 0.005406573136702687 0.005406573136702687 0.006454095533476559
0.009688286461712547 0.004888348751791028 0.004888348751791028 0.006460904662112466
0.010198646412075787 0.0050598366548432515 0.0050598366548432515 0.00646069377857367
0.010387550765132581 0.003568789915268676 0.003568789915268676 0.00697006309223789
0.010427781619336423 0.0037105548622286526 0.0037105548622286526 0.00697020131634589
0.010387955513463996 0.003382874787820246 0.003382874787820246 0.0068470966898939315
0.010428171089292459 0.0035011685256449375 0.0035011685256449375 0.006847219308647742
0.010238350196660424 0.0020852088219572343 0.0020852088219572343 0.0067239943806937435
0.00972161807486585 0.002095108863743016 0.002095108863743016 0.006723931262102149
0.01024085419223979 0.0020241871518583386 0.0020241871518583386 0.006617235346671021
0.009724132557796413 0.00203624306268346 0.00203624306268346 0.006617189026611738
0.009064714268723885 0.0018463736385446526 0.0018463736385446526 0.005636073821147612
0.00782250665483402 0.0018776542127496097 0.0018776542127496097 0.005636013887505763
0.009069782376132372 0.0014714850107066923 0.0014714850107066923 0.005521041897808948
0.007827457658868723 0.0014945147327645558 0.0014945147327645558 0.005520980763878953
0.006647558398340457 0.0020268034508063013 0.0020268034508063013 0.003357940893396105
0.004716900275367299 0.002033653545610749 0.002033653545610749 0.0033582084806943694
0.0066547270559019385 0.0012058958285896815 0.0012058958285896815 0.0033300912718458846
0.004723922884297661 0.001187825952234769 0.001187825952234769 0.0033302734941216194
0.0033478095476181945 0.0015128897084373994 0.0015128897084373994 0.0010453965441463576
0.0022212224500056557 0.0014181674654583417 0.0014181674654583417 0.0010460069545965064
0.0033549871533262877 0.0004233637693508449 0.0004233637693508449 0.0012108500562608405
0.00222232485036268 0.00035073086544010803 0.00035073086544010803 0.0012115012031047058
0.0008873381804596495 0.014497517539553702 0.014497517539553702 0.003011685250614578
0.00331554736879727 0.014675307353897628 0.014675307353897628 0.0030105143239524163
0.0008871077678058547 0.013133391769468162 0.013133391769468162 0.002858394742172309
0.0033146851394865165 0.01330952002357604 0.01330952002357604 0.002857093960981056
0.004691554744131766 0.008466861359378408 0.008466861359378408 0.003439384800121106
0.006034253773913036 0.00865641593630157 0.00865641593630157 0.0034381371360690752
0.004690780514195313 0.007714247779751607 0.007714247779751607 0.0034568215967799108
0.006033066397396803 0.007903268868025162 0.007903268868025162 0.003455620050401777
0.006878179767471921 0.00669636738712401 0.00669636738712401 0.004526375518038354
0.007850140334239817 0.006850727281937268 0.006850727281937268 0.004525579883131263
0.006877133599795372 0.006152291930195415 0.006152291930195415 0.004535020166123148
0.007848848572656617 0.006306367305958628 0.006306367305958628 0.00453424121914085
0.008444742167096017 0.005178218469579421 0.005178218469579421 0.0056258462453218
0.009108754182133567 0.005266517188857659 0.005266517188857659 0.005625985889398298
0.008443795004720806 0.00480663850696961 0.00480663850696961 0.005552482907429569
0.00910767317102663 0.004894809042436138 0.004894809042436138 0.005552602941138962
0.009467785550149082 0.00354786878069086 0.00354786878069086 0.0064097762838064825
0.00979985765802253 0.0035917660886381065 0.0035917660886381065 0.006410273298064549
0.009467278527980273 0.003333478891623607 0.003333478891623607 0.006247520864853775
0.00979929818847358 0.003360170465700904 0.003360170465700904 0.0062479691714963734
0.009892866767527691 0.0020893910090490878 0.0020893910090490878 0.006740303446310999
0.009831356607052023 0.002118083476200715 0.002118083476200715 0.006740458469294845
0.00989306677372502 0.0019698543800679437 0.0019698543800679437 0.006563777070480685
0.009831546473498215 0.0019824914671901055 0.0019824914671901055 0.006563929241007238
0.00960233020988213 0.0012362779500425596 0.0012362779500425596 0.006517364316861539
0.009054371680258676 0.0012926393157912132 0.0012926393157912132 0.006517219324544662
0.00960345705567541 0.0011779783191142835 0.0011779783191142835 0.006331615570343684
0.009055454180029987 0.0011427667890367334 0.0011427667890367334 0.006331511604514486
0.00843766299422254 0.0016607170207785088 0.0016607170207785088 0.005413373091784481
0.00731235870594387 0.0017303239114942431 0.0017303239114942431 0.005413132963798417
0.008439735496044574 0.0012826668456253447 0.0012826668456253447 0.005246650354386926
0.007314302529739316 0.0013344530264333763 0.0013344530264333763 0.005246462330220603
0.006338024126828698 0.001927922836273689 0.001927922836273689 0.003315813523483996
0.00482828688400425 0.0019179021649366715 0.0019179021649366715 0.003316003583928945
0.0063405325677134165 0.0011352256774100982 0.0011352256774100982 0.0033325752701300893
0.00483075014244875 0.0011260854360182393 0.0011260854360182393 0.0033326918952131
0.003837308136508305 0.001226542958116946 0.001226542958116946 0.001365488829024848
0.00276502185033633 0.001105178006636459 0.001105178006636459 0.0013662164333082805
0.0038396640836831186 0.00042135704548608264 0.00042135704548608264 0.0016300682048984068
0.0027668435252568317 0.0003083726114819162 0.0003083726114819162 0.00163052599693856
0.0009353989739128084 0.012061749334943134 0.012061749334943134 0.002715082489401858
0.003495350018515981 0.012110069911327723 0.012110069911327723 0.002716477923707626
0.0009352891883008301 0.01062417068968198 0.01062417068968198 0.0024666655095382088
0.0034949393607059454 0.010670680485595897 0.010670680485595897 0.0024678607169479447
0.004867990095432598 0.006924543307585043 0.006924543307585043 0.0034212792104001463
0.006059817810138242 0.006977005047695738 0.006977005047695738 0.003421794212272326
0.00486770383246006 0.0062566232202524 0.0062566232202524 0.003292106428519436
0.006059368575213433 0.006308692170320299 0.006308692170320299 0.0032925640691312276
0.006789994931318419 0.005284495898055586 0.005284495898055586 0.004492943280407341
0.007596112160599801 0.005307337726046425 0.005307337726046425 0.004493649315586734
0.006789607157109197 0.004833214604421493 0.004833214604421493 0.004342170835033554
0.007595629162143473 0.004855878219389913 0.004855878219389913 0.004342798664065881
0.008098540728713632 0.0038319736342892967 0.0038319736342892967 0.005463970587330323
0.00866930014448043 0.0038110021259066436 0.0038110021259066436 0.0054647851673925475
0.008098142395512159 0.0035125940043018223 0.0035125940043018223 0.0052731763068735735
0.008668854992673709 0.003491533490529191 0.003491533490529191 0.005273907921763261
0.008961430157783754 0.002299098005850781 0.002299098005850781 0.006119291522863958
0.009194089679422892 0.0022713329844680184 0.0022713329844680184 0.006119830719198634
0.008961212540262681 0.00215842810445993 0.00215842810445993 0.005916130293467326
0.009193858208923874 0.0021223507051889826 0.0021223507051889826 0.005916623906275581
0.009240071921882548 0.001187372204204245 0.001187372204204245 0.006427249196452156
0.009138208677152199 0.0011503188028601655 0.0011503188028601655 0.006427429796340898
0.009240119908933983 0.001135326255634641 0.001135326255634641 0.006205794803440649
0.009138244042479713 0.0010959810601891583 0.0010959810601891583 0.006205983077708809
0.008909559014373644 0.0011377522184506915 0.0011377522184506915 0.006176353406472341
0.008390625329847287 0.0012355152719564486 0.0012355152719564486 0.006176240978501148
0.008909857391260372 0.0009807216645414513 0.0009807216645414513 0.005928885012124001
0.008390859862615823 0.0010785634863189823 0.0010785634863189823 0.00592883444324287
0.007863345204507766 0.001626885931171953 0.001626885931171953 0.005116101181720683
0.006943796188695121 0.0017127126423788657 0.0017127126423788657 0.005115882487764956
0.007863658273536727 0.001177255881210468 0.001177255881210468 0.004929883770123549
0.00694401475746016 0.0012591214301499688 0.0012591214301499688 0.0049297390755614744
0.006198461053540544 0.0017012148570724507 0.0017012148570724507 0.003354228320034977
0.005093918486002767 0.0016794136282226582 0.0016794136282226582 0.0033543281974584547
0.006198717025172976 0.0011245013811080197 0.0011245013811080197 0.003405724415099171
0.0050941795884263084 0.001103671827997241 0.001103671827997241 0.0034057736158878502
0.004410232910136772 0.000990152352213967 0.000990152352213967 0.001837714478931494
0.003608173946367396 0.0008495414764123509 0.0008495414764123509 0.0018380597896442304
0.004410511697725712 0.0004532903476576067 0.0004532903476576067 0.0021480576055483737
0.0036085344354543003 0.00031290197049878494 0.00031290197049878494 0.00214819100521779
0.0008807698605274637 0.009570521707203121 0.009570521707203121 0.002263720591496155
0.0032909710428205225 0.009527896492725518 0.009527896492725518 0.0022664587709414633
0.0008807414813702141 0.008217034608510162 0.008217034608510162 0.001953404400652885
0.0032908651098731653 0.008172803953984665 0.008172803953984665 0.0019557623585004093
0.004568076576876187 0.005605801816326011 0.005605801816326011 0.003160880897762932
0.005644698136027736 0.005565482277626314 0.005565482277626314 0.0031622362203031933
0.0045680096222812435 0.005002271779829104 0.005002271779829104 0.002914244097609951
0.005644602031187453 0.004961631860835116 0.004961631860835116 0.0029154625832029345
0.006315984491373181 0.00417185106843015 0.00417185106843015 0.004201183945282006
0.007073791724160279 0.004112050645739911 0.004112050645739911 0.004202373467446602
0.006315892107887889 0.003747505434471861 0.003747505434471861 0.0039567252764161655
0.007073687184389536 0.003687543704960669 0.003687543704960669 0.003957790568726821
0.007533911555075311 0.002815217020191416 0.002815217020191416 0.0051174178577696045
0.008033820231779072 0.002724807466346568 0.002724807466346568 0.005118410326468207
0.0075338202477828195 0.0025354343250357063 0.0025354343250357063 0.00487074360814322
0.008033734168421219 0.0024449477358387223 0.0024449477358387223 0.004871639601908312
0.008293147273770679 0.0014734026180221952 0.0014734026180221952 0.005758300949125976
0.008502253781561194 0.0013950371606726998 0.0013950371606726998 0.005758861456265356
0.00829310638980853 0.0013565514559588736 0.0013565514559588736 0.005517451635433156
0.00850222336447676 0.0012781300132009476 0.0012781300132009476 0.0055179734014381065
0.008539780418351703 0.0007535720499431647 0.0007535720499431647 0.006028351719322276
0.008432909426450705 0.0008090981559632057 0.0008090981559632057 0.00602859916282358
0.008539740702389147 0.000738091828088491 0.000738091828088491 0.005744194239423299
0.008432853589794178 0.0007684209421440993 0.0007684209421440993 0.005744455291490893
0.008232515167252548 0.0010488886047875113 0.0010488886047875113 0.005740468523664513
0.007790884503971837 0.0011544005133290818 0.0011544005133290818 0.005740461156568705
0.008232311887465246 0.0009029282003470685 0.0009029282003470685 0.005473850010967991
0.0077906196746631694 0.0010010492951528086 0.0010010492951528086 0.005473896117903837
0.0073758510849003785 0.0015019859038077456 0.0015019859038077456 0.004796927830918653
0.006683588845302005 0.0015816364748544238 0.0015816364748544238 0.0047968317483514334
0.007375372941046887 0.0011318893293992451 0.0011318893293992451 0.004622561233707902
0.006683054802698591 0.0012116683294713115 0.0012116683294713115 0.004622527281529033
0.006166353467569762 0.001419999158629593 0.001419999158629593 0.0034539416381616757
0.005450423891608212 0.0013847456240741645 0.0013847456240741645 0.0034539790782224383
0.006165907753175322 0.0010488838218539974 0.0010488838218539974 0.0035369220928994556
0.005449991769580406 0.0010151398628878258 0.0010151398628878258 0.0035369178027276496
0.005016344242776561 0.0007857039347170527 0.0007857039347170527 0.0023811568001037495
0.004571654777182944 0.0006399062750574863 0.0006399062750574863 0.0023811623496595253
0.005016091512618742 0.000487260119324671 0.000487260119324671 0.0027088655075226346
0.0045714524752963615 0.0003378673828260736 0.0003378673828260736 0.0027087399083935344
0.0007759602207534752 0.007275436113379604 0.007275436113379604 0.001734143245164334
0.0028989431583527634 0.007203507959420089 0.007203507959420089 0.0017362824673576556
0.0007759733493223815 0.006083005187344021 0.006083005187344021 0.0014472673253781323
0.0028989924743303293 0.006009827327905373 0.006009827327905373 0.0014490575743614101
0.004035186501515242 0.004518296581874011 0.004518296581874011 0.0027187672484574256
0.00501347487474532 0.00443177708129506 0.00443177708129506 0.0027201561646969506
0.0040352119603976775 0.003969597503443178 0.003969597503443178 0.002432498353352264
0.00501353251672869 0.003882806053379037 0.003882806053379037 0.0024337261060914154
0.0056410849581529695 0.0032959656627880025 0.0032959656627880025 0.003756790062925053
0.006376952054354841 0.003177656181010914 0.003177656181010914 0.0037581540995937157
0.0056411674282890265 0.0028837813697091073 0.0028837813697091073 0.003462610949006432
0.006377077372918521 0.0027653080442352506 0.0027653080442352506 0.003463821171232208
0.006820409600595095 0.0020944132764335295 0.0020944132764335295 0.004681303882774187
0.007295255194294215 0.0019574450075987445 0.0019574450075987445 0.004682321673733419
0.006820512150552575 0.0018286262699417073 0.0018286262699417073 0.004374038156177849
0.007295399751338649 0.0016915758761166077 0.0016915758761166077 0.004374954955794646
0.007543927215785973 0.0009532125337726886 0.0009532125337726886 0.005305400448233352
0.007747083277296203 0.0008443615825177021 0.0008443615825177021 0.005306073476146447
0.007544000496439176 0.0008463184706279758 0.0008463184706279758 0.004964366216413282
0.007747180048812064 0.0007591505877180509 0.0007591505877180509 0.004964994914393811
0.007797467599991198 0.0006567179370935419 0.0006567179370935419 0.005518028570383655
0.0077298965109817465 0.0007705626138442519 0.0007705626138442519 0.005518366800756542
0.007797384948053635 0.0006265905488663343 0.0006265905488663343 0.005182823076712984
0.007729800046803645 0.0007365614628900586 0.0007365614628900586 0.005183169511977577
0.007591517963070144 0.0009752927898151338 0.0009752927898151338 0.005274397226486987
0.007279264065936687 0.0010885055363047693 0.0010885055363047693 0.00527449980195075
0.007591133883437703 0.0008366284667247664 0.0008366284667247664 0.004995636153822434
0.007278837586368829 0.0009462368009418218 0.0009462368009418218 0.004995781321463973
0.007004067720203203 0.0013001950819031 0.0013001950819031 0.004524616761424122
0.006564840882249781 0.0013432278698518058 0.0013432278698518058 0.0045246073780908875
0.0070035111945708104 0.0010629220404753728 0.0010629220404753728 0.004431568679510113
0.006564261988785755 0.0011055150851053926 0.0011055150851053926 0.004431576872414789
0.006254773289217622 0.001155789499171733 0.001155789499171733 0.003614821817551946
0.005853074719138127 0.0011008325684371755 0.0011008325684371755 0.0036147742437069104
0.006254344171729026 0.0009514086079357355 0.0009514086079357355 0.0037446881491724204
0.005852658441418701 0.0008964998619548145 0.0008964998619548145 0.0037446038666408294
0.005622252410258483 0.0006275671872185362 0.0006275671872185362 0.0029475961006349615
0.005400222284979022 0.0004885426377111216 0.0004885426377111216 0.002947403532189387
0.005622073778638531 0.0005057061448508828 0.0005057061448508828 0.003264688835167763
0.005400061800805053 0.0003702045149681828 0.0003702045149681828 0.003264436320166721
0.0006473977358857267 0.005282642406133136 0.005282642406133136 0.0012563393923986988
0.002418222783236315 0.0052094415738427715 0.0052094415738427715 0.0012576429707850266
0.0006474230223738298 0.004287720318052464 0.004287720318052464 0.001025445627325566
0.0024183174633989695 0.004213647940904432 0.004213647940904432 0.0010264718449698076
0.0034012957751231206 0.0035737267381961957 0.0035737267381961957 0.0022117693975208423
0.004314071999982618 0.0034612003258367857 0.0034612003258367857 0.0022129887295332332
0.0034013599752963954 0.0030615240587918047 0.0030615240587918047 0.001910606279587951
0.004314199210187391 0.0029487537868479173 0.0029487537868479173 0.0019116544332564223
0.004895677809502236 0.0025442659359067605 0.0025442659359067605 0.0032442507485301703
0.005570992500410247 0.0024036484233583844 0.0024036484233583844 0.0032454200929481814
0.004895824115634171 0.0021657382896934432 0.0021657382896934432 0.002927361150434426
0.005571200014198601 0.0020249737293409984 0.0020249737293409984 0.0029283817726841487
0.005984590744385956 0.0015475569731889743 0.0015475569731889743 0.004124271318175863
0.006438118429620679 0.0013801390245629036 0.0013801390245629036 0.0041252796511486185
0.005984784226063607 0.0012935360302643252 0.0012935360302643252 0.00374891166394211
0.006438366847276918 0.001128538747364097 0.001128538747364097 0.0037498082692391417
0.006690865137420399 0.0006460551994958597 0.0006460551994958597 0.004699717865994729
0.006926302301218594 0.0006368414825454388 0.0006368414825454388 0.004700411582699847
0.006691018513659126 0.0005669976797543094 0.0005669976797543094 0.004317064016036082
0.006926486077075666 0.0006105103845226796 0.0006105103845226796 0.004317700262066062
0.007021142470406614 0.0005967445428012954 0.0005967445428012954 0.00494006418684433
0.007043059454630023 0.0007033555713940808 0.0007033555713940808 0.004940418944912653
0.007021113233774246 0.0005859189529835384 0.0005859189529835384 0.004611450241999986
0.007043027620025539 0.0006982234326162872 0.0006982234326162872 0.004611795311942629
0.0070029370446620465 0.0008395290107735702 0.0008395290107735702 0.004811186358706205
0.006870447538512162 0.0009326499705806374 0.0009326499705806374 0.004811322657341204
0.007002720352655678 0.0007737111227525777 0.0007737111227525777 0.004585722482335048
0.006870215008198788 0.0008651337165226581 0.0008651337165226581 0.004585872078065125
0.006750857989161556 0.0010392261763097154 0.0010392261763097154 0.004377235982971942
0.006557317849909293 0.0010655289870925724 0.0010655289870925724 0.004377240262250472
0.006750597534229182 0.0009356974916819378 0.0009356974916819378 0.004321710787318359
0.006557051680030329 0.0009620109331109328 0.0009620109331109328 0.004321719936031452
0.006427326377984539 0.0009090192270783549 0.0009090192270783549 0.003845739812185677
0.0062684838290766294 0.0008463393635789458 0.0008463393635789458 0.003845621949864204
0.00642715665174186 0.0008297702473035637 0.0008297702473035637 0.003991811960787006
0.0062683187189961215 0.0007671015910611988 0.0007671015910611988 0.003991677889434503
0.00621094407734595 0.0005034939881599152 0.0005034939881599152 0.003502182777549723
0.006190323443979132 0.00036221745821824716 0.00036221745821824716 0.0035018500412725417
0.006210983967385109 0.0005019376765893835 0.0005019376765893835 0.003828361014804973
0.006190359413871792 0.0003625839552519019 0.0003625839552519019 0.0038280148303054835
0.000516991621297229 0.0036354278919583797 0.0036354278919583797 0.0008888520234907404
0.0019307790527274455 0.003568283110505602 0.003568283110505602 0.0008895269231824747
0.0005170171905336526 0.002840853563914491 0.002840853563914491 0.0007423260332716405
0.0019308747001558007 0.0027731518398296383 0.0027731518398296383 0.0007428314511532947
0.0027638346740108243 0.0027045499344757295 0.0027045499344757295 0.0016959324374195707
0.0036247860031333517 0.0025758730057750265 0.0025758730057750265 0.0016969810971201663
0.0027639129834769426 0.002221216655586656 0.002221216655586656 0.001397306717796839
0.0036249314441680535 0.002092316816000017 0.002092316816000017 0.0013981738058775949
0.004169265702967551 0.0018840038426591766 0.0018840038426591766 0.002693273084353659
0.004795033519875289 0.0017406753029654807 0.0017406753029654807 0.002694179538382302
0.004169411640427247 0.0015330195688291704 0.0015330195688291704 0.0023706882699740537
0.004795236620091686 0.0013895605947136219 0.0013895605947136219 0.0023714535558523936
0.005182974771173711 0.0010997154703408125 0.0010997154703408125 0.003486949885970264
0.005616134084321418 0.000948042561368401 0.000948042561368401 0.0034876773688044737
0.005183155837874624 0.0008569063673008108 0.0008569063673008108 0.0031468049356931055
0.005616358324759994 0.0007127617490852701 0.0007127617490852701 0.0031474311498195314
0.005880028232378376 0.0005093956667268666 0.0005093956667268666 0.00405713016041728
0.006166766186190154 0.0005387610356051904 0.0005387610356051904 0.004057630991757257
0.005880221365947546 0.00046976123783393556 0.00046976123783393556 0.003730120151549346
0.006166990363906172 0.0005318389939554043 0.0005318389939554043 0.003730560446131379
0.006325741189287263 0.0004907080315962738 0.0004907080315962738 0.004389281422590901
0.006472484779884452 0.0005789962336663641 0.0005789962336663641 0.004389566286028076
0.006325868422928956 0.0005187020282325633 0.0005187020282325633 0.004111538641178995
0.006472626348418431 0.0006121360895400131 0.0006121360895400131 0.004111798083096591
0.006541198653273205 0.0006533930588396678 0.0006533930588396678 0.004437801918803814
0.006581954212293009 0.0007260865115830475 0.0007260865115830475 0.00443792294944677
0.006541235018220526 0.0006680294059268928 0.0006680294059268928 0.004259724202085076
0.006581993167597575 0.0007441046477640955 0.0007441046477640955 0.0042598408652703
0.006598589316654412 0.0007707397451341044 0.0007707397451341044 0.004286845624236773
0.006603955537274404 0.000788658761146897 0.000788658761146897 0.004286855106239208
0.006598624092666071 0.0007765364711977154 0.0007765364711977154 0.004247691834697672
0.006603991287201926 0.0007942616781131191 0.0007942616781131191 0.004247702155150133
0.006621994079284807 0.0006612647917964114 0.0006612647917964114 0.004093307300883838
0.006667200164369513 0.0006033680264608962 0.0006033680264608962 0.004093180833497586
0.0066221128600506855 0.0006897468130481026 0.0006897468130481026 0.004225175971596274
0.006667316227465071 0.0006318540417705838 0.0006318540417705838 0.004225052586889309
0.006736112728961628 0.0003862781776649341 0.0003862781776649341 0.004053735938855932
0.006889904109864566 0.0002625290550154973 0.0002625290550154973 0.0040534123093436255
0.006736342814499489 0.00047005244499720477 0.00047005244499720477 0.004344120232520474
0.006890116667469027 0.0003442494790239599 0.0003442494790239599 0.004343818867118381
0.000389191836500277 0.0023310346093333304 0.0023310346093333304 0.0006514300080248315
0.0014532437722267909 0.0022629760716938755 0.0022629760716938755 0.0006518387808179119
0.00038920824048153355 0.0017328303604633153 0.0017328303604633153 0.0005603518427832795
0.0014533051040695286 0.0016644536544826842 0.0016644536544826842 0.0005606105560819304
0.00214600065235883 0.0018826456736274024 0.0018826456736274024 0.0012016214812984572
0.002974207788529274 0.0017768220746161253 0.0017768220746161253 0.0012022384779696205
0.0021460767839235457 0.0014175681260942979 0.0014175681260942979 0.0009626236817206901
0.002974339681525008 0.0013115427764521165 0.0013115427764521165 0.0009631019033637679
0.0035004644184029013 0.0013284725102185669 0.0013284725102185669 0.002153387546112521
0.004109499722554195 0.0012082802451493227 0.0012082802451493227 0.0021539533126401895
0.0035005809954597768 0.0009867428843756882 0.0009867428843756882 0.0018829309237655347
0.004109659751125501 0.0008664324403948802 0.0008664324403948802 0.0018833782431248425
0.004500404846905767 0.0007706994552486265 0.0007706994552486265 0.002932386447161641
0.004958782284311928 0.0006667116697905824 0.0006667116697905824 0.002932764267739745
0.004500560364606665 0.0005220582103722448 0.0005220582103722448 0.00268772112613452
0.004958973165117596 0.0004600243370096782 0.0004600243370096782 0.002688024215815712
0.005248376063890012 0.00042211925895363587 0.00042211925895363587 0.0035253773656966463
0.005580519433950113 0.0004220477303516333 0.0004220477303516333 0.003525641814232656
0.005248547370896128 0.00036562163373885745 0.00036562163373885745 0.003294396844487919
0.005580716888732332 0.00041585287069933726 0.00041585287069933726 0.0032946122152336275
0.005792487303761732 0.00036856280827133746 0.00036856280827133746 0.003930565048794262
0.006039125593441921 0.000431092053531977 0.000431092053531977 0.0039307508361356444
0.005792685982095822 0.00042565564484890956 0.00042565564484890956 0.003715283158919396
0.006039344822338673 0.0005007044592991546 0.0005007044592991546 0.0037154377498016997
0.006194051585808729 0.0004484776187942698 0.0004484776187942698 0.0041406899253370365
0.0063708669815752805 0.0005082864008831732 0.0005082864008831732 0.004140787862004462
0.006194231984663981 0.0005360527921117335 0.0005360527921117335 0.00399481050931842
0.00637105820603375 0.0006006471133069904 0.0006006471133069904 0.003994894301841541
0.006494167333969934 0.0005199022879248847 0.0005199022879248847 0.004219268816698179
0.006654750900692398 0.0005371895872035653 0.0005371895872035653 0.004219286245502812
0.006494370710861371 0.0006102488115901618 0.0006102488115901618 0.004181939685572522
0.006654958010060414 0.0006283458429318259 0.0006283458429318259 0.0041819550550963695
0.006789840889534207 0.0004513726701838083 0.0004513726701838083 0.004306886111392395
0.0069990267050933416 0.0004110687349609878 0.0004110687349609878 0.0043068065147623714
0.006790130366462441 0.0005680935527917349 0.0005680935527917349 0.004399498136511246
0.006999308658292621 0.000527258971534938 0.000527258971534938 0.004399429690478499
0.007172437867797442 0.0002886061340323942 0.0002886061340323942 0.004533862923632641
0.007437177575910702 0.00020306014502619884 0.00020306014502619884 0.0045336348854819125
0.007172740400443214 0.0004301981498448918 0.0004301981498448918 0.00476385557794322
0.007437458063657585 0.00032934646413481733 0.00032934646413481733 0.004763664665442921
0.00030748810073149267 0.0013499499941525333 0.0013499499941525333 0.0005242922031509507
0.0011480360936663363 0.0013062317045431074 0.0013062317045431074 0.0005244048947420308
0.0003074938378068612 0.0008773116235653626 0.0008773116235653626 0.0005161244862211071
0.0011480575416327355 0.0008333956832120573 0.0008333956832120573 0.0005161245212290004
0.0017299332241986127 0.0011510289906678044 0.0011510289906678044 0.0008166611295204762
0.002479064068033993 0.001084926539948376 0.001084926539948376 0.000816915293458299
0.0017299669849294502 0.0007302474546214506 0.0007302474546214506 0.0006716545398722546
0.002479121847911324 0.0006639851577113557 0.0006639851577113557 0.0006718212106664747
0.002981259115294346 0.0008627682258653025 0.0008627682258653025 0.0017215598734325694
0.0036039948245525726 0.0007875797204693757 0.0007875797204693757 0.0017217909235712054
0.0029813272157859184 0.0005133236921258558 0.0005133236921258558 0.0015522503166340326
0.003604091465790462 0.00043802200038238427 0.00043802200038238427 0.0015524063633511954
0.004012159787983599 0.0005230224221845534 0.0005230224221845534 0.0025384753710781093
0.004504300804255128 0.0004537822582932641 0.0004537822582932641 0.002538640278335224
0.004012256160764545 0.00028170471975048715 0.00028170471975048715 0.002376793222730909
0.004504422635607804 0.0002796236081019543 0.0002796236081019543 0.002376905449144055
0.0048224879777831586 0.00031934825903684065 0.00031934825903684065 0.0031547298558384884
0.005199357370906272 0.0003042321321910235 0.0003042321321910235 0.00315484244710568
0.004822603350117674 0.0002655576634224214 0.0002655576634224214 0.0030055195633078894
0.0051994926659513436 0.0003048116883335068 0.0003048116883335068 0.0030055969240050206
0.00544413008612152 0.00026509394972970405 0.00026509394972970405 0.0035853672415336038
0.005735847558364128 0.0002972700775275237 0.0002972700775275237 0.0035854496785830536
0.005444260441711712 0.0003274005208996283 0.0003274005208996283 0.003446996721924239
0.005735992314646089 0.0003833370804432359 0.0003833370804432359 0.0034470540557461457
0.005941892059467773 0.0002812911008096416 0.0002812911008096416 0.003901084489872249
0.006213332048403431 0.0003233107444807923 0.0003233107444807923 0.003901142224058526
0.005942072534384481 0.00041793700619233143 0.00041793700619233143 0.003792109822384147
0.006213524162864073 0.0004677875041854293 0.0004677875041854293 0.003792150478041558
0.00641267091952831 0.00032087100863500246 0.00032087100863500246 0.004156097289901475
0.006686152227534216 0.00033412668135944404 0.00033412668135944404 0.004156110341576992
0.006412886676294801 0.0004653677556884291 0.0004653677556884291 0.004124025136561559
0.0066863726195487035 0.000480499082302465 0.000480499082302465 0.004124034351985429
0.006901469326064551 0.000289895726574533 0.000289895726574533 0.004453545839549379
0.007216454387637558 0.0002671907457823437 0.0002671907457823437 0.004453508143793174
0.006901731779492357 0.00045956911240931515 0.00045956911240931515 0.004509898906206356
0.007216710778629976 0.0004361607360790532 0.0004361607360790532 0.004509872253888175
0.007459450968587353 0.00021095048369830236 0.00021095048369830236 0.004897428568167202
0.007808362560586195 0.00017738579045662112 0.00017738579045662112 0.004897333587472622
0.007459701166578753 0.0003877842041102092 0.0003877842041102092 0.005033743269801478
0.007808595446031289 0.0003287204047004743 0.0003287204047004743 0.00503367717015335
0.00027063816485458633 0.0005677742662340926 0.0005677742662340926 0.0005537241847495747
0.0010104033174696395 0.0005667277694955275 0.0005667277694955275 0.0005537205184294993
0.0002706297862994117 0.00015179833517894368 0.00015179833517894368 0.000606480622052209
0.001010372030266382 0.00015060068714263197 0.00015060068714263197 0.0006064789050160744
0.0015359513818995756 0.0005249851861393215 0.0005249851861393215 0.0006098850703893892
0.002231978961552312 0.0005062428580565788 0.0005062428580565788 0.0006099207938237028
0.0015359154055758118 0.00013400002490825398 0.00013400002490825398 0.0005808309019877415
0.002231944836904067 0.00011789447783816685 0.00011789447783816685 0.0005808400609700412
0.0027145607983196304 0.000432073174745024 0.000432073174745024 0.001467508525563254
0.003336926054940811 0.00040478986267978396 0.00040478986267978396 0.0014675462085810458
0.002714536460643894 0.00010397721869802529 0.00010397721869802529 0.0014060026774057762
0.003336911671563344 0.00011216919598180754 0.00011216919598180754 0.0014060127752181279
0.0037513780018640893 0.0002958182064458287 0.0002958182064458287 0.0022899710028736627
0.004261242879999964 0.000262584680541992 0.000262584680541992 0.0022900067742172335
0.0037513746188590396 0.00012850073563210114 0.00012850073563210114 0.002215308658806998
0.004261250657459544 0.00015937192754525968 0.00015937192754525968 0.002215318244517433
0.004592686666965921 0.0002014982852071746 0.0002014982852071746 0.002923315074010505
0.004988266209833183 0.00019382772574732832 0.00019382772574732832 0.002923342339209648
0.004592699899791276 0.0001981291966136556 0.0001981291966136556 0.0028487633231661187
0.004988288366444735 0.00023353289725522257 0.00023353289725522257 0.0028487706294823313
0.005251415228807924 0.0001678317450689363 0.0001678317450689363 0.00337246039527591
0.005574747482392449 0.00018240111651615998 0.00018240111651615998 0.0033724782932082996
0.005251446109911602 0.00026550510525002194 0.00026550510525002194 0.003307930390427036
0.0055747856903197324 0.0002966117254210189 0.0002966117254210189 0.0033079351865305407
0.005806698352263471 0.00017399355390577192 0.00017399355390577192 0.003732520075473338
0.006117114274951667 0.00019309745942245292 0.00019309745942245292 0.003732533095710437
0.005806755700976417 0.0003169663733753841 0.0003169663733753841 0.003679398490371286
0.006117178182922791 0.000342813644205853 0.000342813644205853 0.0036794019793590926
0.006355061064208976 0.00017533507081985949 0.00017533507081985949 0.004103393004567468
0.006694816517300071 0.00018344691914808314 0.00018344691914808314 0.00410339745126471
0.00635514949822269 0.0003494336484231951 0.0003494336484231951 0.004079847486272468
0.00669490950528171 0.000359844098222308 0.000359844098222308 0.004079848677787913
0.006950887848973206 0.00018051649128251137 0.00018051649128251137 0.004535148742865281
0.007310747371902683 0.00017525512832406375 0.00017525512832406375 0.004535142108508904
0.006950984120141325 0.00035933274367454054 0.00035933274367454054 0.004548595122757092
0.007310843851246319 0.00035321627448503545 0.00035321627448503545 0.00454859334509541
0.007582984318881003 0.00017376677343381277 0.00017376677343381277 0.005093524266008977
0.00796689316160999 0.00018352860378596287 0.00018352860378596287 0.005093516305377592
0.007583076865319122 0.00034493254496966954 0.00034493254496966954 0.005121365329266641
0.007966981312743048 0.00033290334303775717 0.00033290334303775717 0.005121363196253839
H_3F 640
0.017632314163160055 0.009770605664167637
0.019068944761641407 0.012527424593975612
0.01777042869073192 0.009839977820890817
0.01919429825530788 0.012595279509572425
0.030814453714028682 0.020431742123939986
0.035563428078590385 0.02496263516436732
0.029887235906314893 0.01991923405333701
0.034762929354542824 0.024450134642099233
0.05088629113384272 0.035251834910253146
0.05568822834117394 0.03924522070601341
0.04749098283024501 0.03318301388035832
0.0526063060010298 0.03717944458533495
0.06573691694832683 0.04615397508258103
0.06870740093956117 0.04847780604039087
0.06195532518971374 0.04369997574772387
0.0651015556074027 0.04602711475342482
0.07399631816433001 0.05211653708060851
0.07486445526162404 0.05278755993613136
0.07114481695650175 0.050230695205750464
0.07204894123125023 0.05090294057265984
0.07503909810568946 0.052893160178823825
0.07392650343188176 0.052026629934737806
0.07344399689322591 0.051838263688290365
0.07230685278317613 0.050972312346143744
0.06926552849207375 0.04879967997640779
0.0663582324208767 0.04646895271128659
0.06919794410627707 0.048760081429307565
0.0662819735187592 0.046428326664708926
0.05614354730870616 0.039428547871036515
0.05080370745011634 0.0346752164807031
0.05917469415946596 0.04134557335519767
0.05411795645961521 0.03658726599321
0.03430165974119164 0.023649882642825158
0.030084264433297998 0.018441893136427582
0.04105915705186774 0.027540598987856796
0.03761727723029264 0.022325278313466958
0.021895165404646994 0.012856274059524771
0.021512919009796287 0.011308781212125703
0.0229598968272132 0.013399402017603288
0.02259638179910317 0.011851554053289068
0.01734828632437021 0.009768415983142646
0.01928551952016428 0.012964744129559287
0.016059848055204596 0.009116762280629366
0.01813032937996187 0.012309558010877322
0.028141338072361903 0.018884250820661835
0.030306829554513557 0.0210220631661024
0.025041733864025573 0.01712065140123569
0.027445381852673426 0.01925603409401005
0.03933991894544768 0.026897409679175616
0.0414224432002592 0.028817608238067012
0.032576608362295784 0.022831606501180934
0.03504498483457294 0.024750770206468972
0.04886206395265234 0.033750919787500264
0.05096690527404851 0.03560200502345985
0.04026464648536193 0.028395140308288047
0.04277598935231479 0.03024564813045887
0.05772942038171236 0.040148294388984075
0.059837031743333775 0.04193639576501487
0.04885572677593475 0.03449884013803902
0.05131660955942975 0.03628626027556016
0.06416780395435293 0.044932577351744676
0.06551343876396949 0.04603134308044724
0.057993748968457215 0.040938731122508024
0.0594780224314286 0.04203768437548348
0.06689728304708648 0.047068109001710406
0.06786847644581624 0.04782746391943048
0.06515497402538799 0.045929790257649816
0.06615125406962098 0.0466891862716876
0.06744973329332975 0.04759853606497086
0.06710084488957897 0.04733065160659959
0.07119280114115605 0.050051066935442215
0.07086104900914933 0.04978056993819752
0.062124786269772164 0.04391471664650992
0.06026708276855107 0.04253247370447706
0.07392327112760202 0.05154776806607067
0.07241455137019472 0.05017192271454156
0.04389720942462997 0.031035973548898685
0.03274417592853322 0.01997722342420928
0.06448163986224932 0.04375162301205666
0.05762507464068648 0.03269528870335885
0.014095886579127151 0.007866554416684145
0.015463729210833698 0.010265681695352653
0.0100829948879469 0.005836543234570961
0.011897697608851067 0.008229977302056171
0.02008491656511668 0.013378818009423137
0.020625537687525997 0.013950271950339873
0.01475949474347217 0.010299089661353636
0.015454576561157821 0.01086489933171378
0.022298532911177185 0.014958033097865742
0.022187159943768384 0.014797029546265533
0.015499815763342365 0.010920075846423967
0.015300756255332641 0.010757447450568537
0.024398098069994014 0.016050979096847575
0.024677299746830764 0.016348213560444573
0.01496235054134472 0.010547804634904975
0.0153394526572638 0.01083057090403848
0.028534243178713895 0.018663181498436217
0.02944711748010212 0.019721839974032315
0.01588937280712571 0.011232593600707944
0.017324629378342362 0.012230007866428392
0.03582311824424694 0.023721932292667437
0.03700009832839633 0.02503066301296823
0.01920090373189446 0.01352342035692844
0.021229736450742442 0.014808183557416886
0.04232067485918971 0.028371514841009124
0.042886030987653236 0.02900738865282852
0.022007289698225917 0.015116898226121049
0.023123010028455324 0.015765384197592196
0.04935471239221105 0.033465162720385744
0.051505337033424956 0.03563465906572517
0.025844563365268594 0.017343721214690133
0.02981454028975977 0.019520885569977973
0.057969467017535005 0.04008044011948255
0.059813570967465826 0.041797565112175986
0.03284634967132562 0.020918000188651715
0.036388702081898844 0.02274835805968096
0.061645318262514945 0.04350004495427182
0.06680681208895611 0.04721593344113273
0.04047447111071276 0.02447763884142971
0.04800032356548918 0.02813917538171782
0.008167703885597625 0.004401216174226736
0.008524800103308174 0.005313547109120792
0.0067758556532773444 0.0037022287943187034
0.007184982956272788 0.004606843729701406
0.009503015120981586 0.005976076304902461
0.009489967954074268 0.005926847473058869
0.007264245119604432 0.004781574307899501
0.007226150354224442 0.004724436513357402
0.008789446101224433 0.005602305336952451
0.008846251883881657 0.005669909551394833
0.006674653319713083 0.004459445415981738
0.006729934210570867 0.004518601386436002
0.008481176852668486 0.005635307026933562
0.00916131133931233 0.006332485105076379
0.006819543882495255 0.0046908259278996296
0.007632271317798978 0.0053796969375449425
0.0096586727251417 0.00677097017931531
0.010447978019948982 0.00738228792974539
0.008480543112582445 0.005995177300629378
0.009358809124064092 0.006600375860679896
0.011249955583862704 0.007954099288683356
0.012001021966787746 0.00847641023083998
0.010503868937604303 0.007416124230750845
0.011296143904807451 0.00793339608106765
0.012890000775947551 0.009111187360923752
0.01337981105597037 0.009443047786377085
0.0119661652119662 0.00840840229478814
0.012490554227868843 0.008739315330282896
0.013445237561634054 0.009494655388666128
0.013186285891868866 0.009318427264568475
0.01202520432486074 0.008338335374157116
0.011732839206092048 0.008160549903897257
0.01169235464765201 0.008246247743530834
0.0110686003582717 0.007823475757655114
0.009930607435738738 0.006649956926461372
0.009167646363459079 0.006218382611235348
0.00904310137923164 0.006369737035018488
0.008287124093087484 0.005762419525486924
0.006071480945573299 0.0036398479456312624
0.004781130479730027 0.0029565150812065513
0.0059061624249870815 0.0031443580271588198
0.006089789812452073 0.0036925885999956228
0.004714078062698592 0.0025464431886139667
0.0049261520734435234 0.003087830009919199
0.00585462316772905 0.0037133114186960097
0.0061993949491907265 0.0041554069081856364
0.004639279752670513 0.0030615452157961576
0.0050604751199750525 0.0034998021497732873
0.006221967612260556 0.004354026242902704
0.007128686430052656 0.005040488073630122
0.005632082201980522 0.003974207633074406
0.006610345981089632 0.00465453394525492
0.007978118517539264 0.005624793353694167
0.008964466439860824 0.006249607015066649
0.007939310367110673 0.005595568080631915
0.008925190426884538 0.006217491494957305
0.010145130927311558 0.007101089162648533
0.011015486298850947 0.007632772602656618
0.010138273419473364 0.007096683685343426
0.011007217973333656 0.007627570041646288
0.01197600875468955 0.008346902213403265
0.012553662384382795 0.00869658483653709
0.011939790443358375 0.008316456314367084
0.0125184132449173 0.008665872772753082
0.012800581718380295 0.008878049382431943
0.012747574751678195 0.00884607235476654
0.01269824975281136 0.008783726348818088
0.012645040784067378 0.008751921088174686
0.01188380575539604 0.008151937011585232
0.011102853520176134 0.007690553224381379
0.011784321017480602 0.008047529637794077
0.010993832063625558 0.007585593548869963
0.009104804309106351 0.006101780071193631
0.007362889356669443 0.005098834710335492
0.00902272454746069 0.00599387713411193
0.007251294855054426 0.004989221446490428
0.003908632405363553 0.00252572925783241
0.0028937951314126124 0.001965344249242464
0.0038164893841289653 0.0023234946956833197
0.0026742331387528124 0.001724495486471239
0.004067978990186521 0.0022554537469033783
0.004413388597725511 0.002902454514993682
0.003340965898273351 0.001888820012182655
0.003745936618563946 0.0025321121012444056
0.004533528563628586 0.0031730618079406645
0.005725571139080214 0.0040287725363645655
0.004335276009289503 0.0030473528447355807
0.00556390422099713 0.0038990172704949626
0.006938238715699422 0.004861982633172968
0.007969473275997398 0.005486593692312221
0.007006865952591743 0.004918626719309595
0.008027787958407192 0.005542707669687332
0.009241509316023178 0.006425236072219316
0.010160400415295175 0.006970660223777099
0.009310221875178108 0.0064863599132520995
0.010221753382670585 0.0070313729493290955
0.011230834097394959 0.007782180502812819
0.011867537263122346 0.008159261463824438
0.011314373416003505 0.007858026673120255
0.01194609321647776 0.00823495617849918
0.012551838668777411 0.008696141518992203
0.012788331228581775 0.00883726493541033
0.012586669032947568 0.008727742554685149
0.01282246529095504 0.008868849399814516
0.01268617922571529 0.008762970079124898
0.012359965783241798 0.00856818392706069
0.012655833896996727 0.008733424707860857
0.01232879391412807 0.008538716241378235
0.011281289322274136 0.007734678927487922
0.010285085222160869 0.007144188067175057
0.011249699688345825 0.0077004626685732245
0.010249328404246295 0.007109961813138159
0.008067508544092501 0.005414499859826143
0.006120483885943652 0.004277280272450677
0.008007445945194895 0.005338194597936548
0.006034887095229226 0.0042007289829712495
0.0032427664807286685 0.0020117411449019846
0.002250802936186869 0.0014847356041359531
0.0032746428528713095 0.002048316965597979
0.0022688123962933387 0.0015102435513112689
0.003164813572036037 0.0018988417645326
0.0040744505434769695 0.0028738177615721325
0.003150642741960637 0.0018914430882800844
0.004061870348731665 0.0028654040266930807
0.005216866324499121 0.003679126032730826
0.006478871517616702 0.004459025066878428
0.005217378808867171 0.003679648949022629
0.006478138565785771 0.0044590909966220425
0.007839502750802975 0.005442904795464694
0.008808245892600038 0.006013221436348772
0.007887167191576828 0.005485641714588208
0.008849912696207761 0.006055664060863166
0.00999443207231302 0.006919613649756571
0.010713153170348743 0.0073431062450057035
0.010049896626714775 0.006970379803708
0.010764465110628518 0.007393727299106387
0.011642488592862675 0.008071986131421273
0.0120705578904813 0.00832712175228541
0.011645006810522236 0.008074595561912506
0.012072818756986575 0.008329670095324728
0.012509316144697252 0.008678806928685235
0.012542820093223075 0.008698991467841156
0.012441557492149586 0.008617526101678964
0.012475222023205581 0.0086376951989701
0.012248914857286648 0.008481172288677084
0.011820368421120933 0.008222774668484
0.012192739569922242 0.008429044769455406
0.011762055288745544 0.008170660792204076
0.010674004538645834 0.007350394044935748
0.009641382831579729 0.006729260271169891
0.010618043887070877 0.00729541213697066
0.009578638838399956 0.006674219211373838
0.007447536485502342 0.0050027496458682815
0.005790225592113635 0.0040375543780308346
0.007441431318461349 0.004992409163873912
0.005779807000449077 0.004027098189209641
0.003507232912373612 0.002196603045882276
0.0024551903635916675 0.001633614702301081
0.003566804824731977 0.0022829186047935643
0.002531099149710192 0.001716913026733693
0.003139684234962305 0.0019495117155371138
0.0044783982459648645 0.0031630308463748433
0.002992888353042891 0.001872751254989082
0.004376085405451677 0.003085889550233786
0.005817220446268938 0.004065469772126436
0.006944998601468612 0.004736195454991056
0.005826923492231425 0.004073801055487612
0.00695263979277923 0.0047443432238992896
0.008233919616073324 0.005702277642755138
0.009061212752488555 0.00618786010868554
0.008237801554818984 0.00570607688295926
0.009064423166967091 0.006191544895898734
0.010147108762831456 0.0070352942062089086
0.010706125348521028 0.007367370035765933
0.01010582705764578 0.006998138956075187
0.01066682286401079 0.007330138056082796
0.011433468206631783 0.007938780916977781
0.011710201273820282 0.008105065478043539
0.011342877927719208 0.007857399696417024
0.011621676460588235 0.008023633679984977
0.011970818828651853 0.008316585106919345
0.011920123871475249 0.008285907538173433
0.011872486665410494 0.008228421922102852
0.011821356654018397 0.008197737857252727
0.011605205000271002 0.008059847263371835
0.011155975719249693 0.007785795502401669
0.011502858042713577 0.007967536313009546
0.011049402228388835 0.007693482892272237
0.010024907233233071 0.006925518043003511
0.0090979447309903 0.006362745834871144
0.009937629253719582 0.00684319292521575
0.009001354813525281 0.006280382429979959
0.007152983234621903 0.004826918825156347
0.005857323108970264 0.004072145233966597
0.007162988983191104 0.004836553918921753
0.005868814378321033 0.004081721018830925
0.004073020191050431 0.0026013984827665763
0.0030841357258523726 0.002065619141822305
0.00417134781912835 0.002734866144290763
0.003211547620688215 0.002198684761097696
0.0028716970879000673 0.0018252407316573334
0.0044268187292829785 0.003105913971111804
0.0026380304398732433 0.0017009773489195194
0.004278427006887754 0.002981400038826945
0.005949998235692689 0.0041446346529163715
0.006959171468156898 0.004740806011205284
0.0058764364488391565 0.004079905130489748
0.006896152962312978 0.004675966322172331
0.008141902141900706 0.00564146910586288
0.008825746661211465 0.006044880738093268
0.008059355613725233 0.005565888996071375
0.008749484705136455 0.005969213913104677
0.009769408196704875 0.006781255658021977
0.010247957939064837 0.007067042655936489
0.009663658656086949 0.0066856593511928665
0.01014707601485478 0.006971381457218485
0.010851403559661342 0.007540360840323856
0.011044619190579539 0.007656960199310763
0.010737966653004792 0.0074386714168650035
0.010933136202120077 0.007555241057599728
0.011255596890207872 0.007833660559167352
0.011172229482698184 0.007782819236746548
0.011130665077787991 0.0077229573561873165
0.01104634465064005 0.00767211356009426
0.010841013939307021 0.007542956210422992
0.010418663352387949 0.007283433154174217
0.01070220707235595 0.0074193712016921865
0.010274123178619197 0.007159847152929347
0.009381188043465445 0.0064897231931142245
0.008624880239096484 0.006029839338230038
0.009281210881662488 0.006396771021830137
0.008515965494583817 0.0059368769165108175
0.007047820021480657 0.00477634468678776
0.0060991411853067974 0.004224123341730611
0.007072697614755766 0.0048022207201360734
0.006127802183639501 0.004249976602157079
0.004777797487098832 0.0031239736945341333
0.0040493682244952065 0.0027231168680058133
0.004905788918464548 0.003279284651637043
0.004199552996064951 0.002878362720336045
0.002429029942914922 0.0015722452260118094
0.0039959136333335196 0.002778714906880993
0.002142777242154736 0.0014170729410115496
0.003828158770781014 0.0026233137341867873
0.0055550420036258475 0.0038644787373195598
0.006470112437962142 0.0044034671781654645
0.005418443556013891 0.0037411268599455974
0.006353066516615566 0.004280032307195194
0.007585618408367364 0.005258584218327594
0.0082279081251979 0.00563808259580344
0.007452930164137532 0.0051363086921520276
0.008105624995550913 0.0055157388765581785
0.0091075676692911 0.006325664706422458
0.009525775127864353 0.0065761152791236396
0.008971208994453892 0.006202281927963019
0.00939541149177299 0.006452686885164765
0.010096252845742086 0.007025724111448327
0.010269021600840577 0.007130557618913275
0.009960817543857888 0.006905279012620844
0.010135868615882554 0.0070100983829574325
0.010453175309231115 0.007284066068836989
0.010366193576270817 0.007230754294637143
0.010291887034177246 0.007141967470906223
0.010203518327657488 0.007088654440642535
0.010036298363950041 0.0069864918454585305
0.009677333085323798 0.006765672830270271
0.009886050422442519 0.006853080949216619
0.009521412375527675 0.006632257896283503
0.008798505318613384 0.006086389457909515
0.008226782765761938 0.005740210296826719
0.008704263230102002 0.005998967087377394
0.00812594486594346 0.0056527910421138115
0.007067788050503254 0.004810147552865719
0.006452680998702162 0.004452201484915325
0.007108321624118299 0.004851414923037389
0.0064970914901781975 0.004493454786154028
0.005552802649898327 0.003698750521440155
0.005154605856627227 0.003476408563421235
0.005700800505263418 0.0038624785100706883
0.005313703945951171 0.0036400961918449477
0.0018998334292618575 0.0012550517329589046
0.0033791342444202898 0.0023176128128552095
0.001642168490126932 0.001111620337350257
0.0032409759672108124 0.0021740250243458695
0.004865637209379218 0.0033769768749863337
0.005703874111517664 0.003866815519721135
0.004711685877093033 0.003233855156874971
0.005573018128067303 0.0037236293114100523
0.00677755937502521 0.0046989375105390115
0.007401975394435831 0.005067553076974278
0.006619096957906589 0.004551889188647729
0.007257077436989759 0.004920449272075364
0.008272399480366408 0.005750856741684641
0.008668614918554777 0.005988788434013816
0.008102567234373005 0.005597275153365212
0.008506649657595178 0.005835177353566647
0.009222695471129411 0.006424663832009663
0.009389979501555224 0.006526578376721324
0.009030884531480848 0.006254183356426229
0.009201628834541637 0.006356087481602938
0.009552441587179834 0.006657748085187426
0.00949756138270134 0.006624131655869144
0.009362738225147707 0.00649010401238331
0.00930672095603277 0.006456484779390611
0.009243939154191264 0.006432957594778566
0.008989328868297989 0.006276881933943719
0.009087447068217442 0.006293385018630068
0.008828324168301928 0.0061373094539164015
0.008338412406864547 0.005764342240813663
0.007973030022214427 0.005544724130170334
0.008287820582860954 0.0057175399370404615
0.007920126831909902 0.005497919430600272
0.007224204154933593 0.004934797553384784
0.006879322386745713 0.004733924481422519
0.007289685202599163 0.004999516160450723
0.006948069440497197 0.004798631154029766
0.006348074112448259 0.004284924255446722
0.006152201907345574 0.004173812908584204
0.006501223482001214 0.004443381306903147
0.006310088108809381 0.004332249060485887
0.0014133338237382904 0.0009518685641422128
0.0027257049127387537 0.0018379328770106707
0.0012127222701429987 0.000836434324849698
0.0026271474648934625 0.0017223946541843884
0.004057183360125605 0.0028065325863219815
0.004848560233520373 0.0032635303647579254
0.003901239038709267 0.002655983127442173
0.004718764403672898 0.003112926821721907
0.005873059180171028 0.004069964279016203
0.006447380012015656 0.004408206296679215
0.005704256049328245 0.003911592633034299
0.0062939406896470864 0.0042497908934413745
0.007268076794016291 0.00505443103128091
0.00764639137855252 0.005281699040384649
0.007062009692472885 0.004866847945002859
0.00745074692337411 0.00509408755825803
0.00817649217617786 0.005695291501707564
0.008370635138067175 0.005813356941959221
0.007962836835492912 0.005504041264847603
0.00816203068659806 0.005622093169570864
0.008584909770049387 0.005980603328625472
0.008603047473581975 0.005991739199771338
0.008400089545708521 0.0058162817378871155
0.008418604044359054 0.005827411465984084
0.008496389905701167 0.005907061701684126
0.008387602463904251 0.005840885097926683
0.008370599920106752 0.005794221417495363
0.008260149936608731 0.0057280435431319564
0.008045761520232298 0.005564046986066749
0.007884075703480124 0.005467279056079882
0.008015469493321336 0.005536154160773771
0.007853164326568003 0.00543938580803089
0.00749000928385044 0.005136533095085109
0.007354093941246098 0.005057052889470417
0.007565904133433878 0.0052094843062644326
0.007431373489195484 0.005129998304215313
0.00713029526312092 0.004856563427447837
0.007112176745036513 0.004846086742625837
0.007296072224340535 0.005019672491095041
0.0072783409657661575 0.005009187122088638
0.0010282695445043197 0.0007029218223939847
0.0021258329890933513 0.00141015298795496
0.0009046296009860168 0.0006296716119026465
0.0020688343753244875 0.0013368530756545478
0.003242679283795486 0.0022298835557151976
0.004002351610302951 0.002660883550126759
0.0030970439202298353 0.0020806098506368905
0.0038852307481487543 0.002511552625022824
0.004963516536574183 0.003431269393660605
0.005500086348573582 0.0037446065291287956
0.004796264828043047 0.0032700499552006505
0.005349587480379519 0.0035833450879720397
0.006246762920576642 0.004334962328571988
0.006610964792066863 0.004551905726562945
0.006063619854756421 0.004164980386783865
0.006438152194143533 0.004381894737289763
0.007143881098683986 0.0049685791963978276
0.007381962778313586 0.005112198588973705
0.006963533561169972 0.004805170758748446
0.00720755516043766 0.004948775405018776
0.00769940211968092 0.005357511305939082
0.00782057231954735 0.005431025532956264
0.007544624662772674 0.005218703532053975
0.00766823156421331 0.005292212215757511
0.007904515525452651 0.00548950028603851
0.007938342481774642 0.005509938580869889
0.0078059596361641425 0.005400479610152801
0.007840209069643996 0.0054209170164339375
0.007868826238766728 0.005442717470445592
0.007873331914773213 0.005445405321756806
0.007847593633647858 0.005423157963681872
0.007852112742460213 0.00542584672117603
0.00778498363810432 0.005357650690084322
0.007823406378776501 0.005380190498933549
0.00785522060302594 0.00542364441582348
0.007893299375989682 0.005446184407177189
0.007861805756901595 0.00539492433390878
0.007993805726477662 0.005471658209604095
0.008015590752343375 0.0055402315235099815
0.00814508870680167 0.005616967767293704
0.0007588355164023956 0.0005203109222625543
0.001592737033440905 0.0010525412765223514
0.0006822589260459319 0.00047478004163240657
0.0015576841531918576 0.0010069578300757295
0.0024595147863435223 0.0016738110668286436
0.0032080039475129865 0.0020882231332494472
0.0023520820383449905 0.0015543502328221178
0.0031263815853726494 0.001968720792444388
0.004109784552535238 0.002826925982257711
0.004639774007719196 0.003131726517597192
0.003974858006199302 0.0026917559596126555
0.004520665534708018 0.0029965189971251716
0.0053714554881847615 0.0037163956470337043
0.005761130791202094 0.003945773276025836
0.005242030946812341 0.0035941407453705925
0.005640646154224541 0.003823498690466654
0.006322478697360699 0.004386876714793329
0.006600935339401578 0.004553080624091385
0.006196797565962004 0.004271472107692024
0.006480653565879672 0.004437664551982979
0.007000160767228414 0.004861526176277997
0.007205681096825359 0.004984938214788783
0.006881754125084644 0.004753984570507609
0.007090709665171778 0.004877391286070187
0.007450609914996708 0.005167370755572883
0.0075982939015972265 0.0052558274217898715
0.007370686595236238 0.0050945212469912
0.007519944358009306 0.005182976253937646
0.007744445668294395 0.005356718075334057
0.007879599353504942 0.005437018573097605
0.0077243427205077085 0.005338155198216947
0.007859848229992316 0.005418456532578391
0.008040597445569288 0.005548363500463301
0.00821796551308226 0.0056529166099278565
0.008090825313076614 0.0055948142514868435
0.0082671218265799 0.00569936917438556
0.008485268291439313 0.005853150395715042
0.00871007781655753 0.005985406230696307
0.008610605368941896 0.005968297989193217
0.008832229814347827 0.006100561364550254
0.0006078085606310085 0.0004158901519412217
0.001262136033076491 0.0008362204942041836
0.0006007802806069736 0.0004118091620139841
0.001258737717045797 0.000832091031430868
0.0019130092421773262 0.0012732971768595444
0.002610193335770994 0.001647989680746146
0.0018557762768924768 0.0012008107624008524
0.0025685382761198297 0.0015754715292888993
0.0034426260776242884 0.0023514094943634578
0.00399416357700757 0.002662892874061889
0.003361218977257547 0.0022667887662099753
0.003924212126116136 0.002578248914570829
0.004747766145660793 0.003275317579530854
0.0051704371379990045 0.003521470541295176
0.004663404928076977 0.0031945246917477275
0.005093083819685934 0.0034406640423759296
0.0057626999539436225 0.003988608916810824
0.0060816402340534035 0.004177099909005976
0.005682486332407027 0.003914061456712782
0.0060056920377979965 0.004102544794978182
0.006518697005635082 0.004514748663827561
0.006764273546393806 0.004660648618473591
0.0064437379026573895 0.004445628581817976
0.006692069149143257 0.004591523185196117
0.007108061721980754 0.0049214882746700115
0.007336511827568294 0.005057237136230979
0.007048994460836859 0.004867091178384314
0.007279305445618179 0.005002837320452815
0.007641694380521276 0.005284384104714893
0.007872603430957512 0.005421131284555604
0.0076244802347432816 0.00526845590642818
0.007855904667433692 0.005405203485767066
0.008213668449820547 0.005677507582806965
0.008480032353457472 0.005834981265715366
0.00824457941318149 0.005705815342849356
0.008509986028706774 0.005863291516259075
0.008923464312309375 0.006178439768377278
0.009217071234646702 0.006352848074029409
0.008999206231714444 0.006246722218190116
0.009290428875628058 0.00642113630809232
0.000616324175294495 0.00041218117480208054
0.0011521810953506774 0.0007820619179495693
0.0006641228998892446 0.00043855520417581035
0.0011784177110745185 0.0008084254676412281
0.0016526059562530584 0.0010729182261444824
0.0023138136181530856 0.0014209498776880075
0.0016420720659547812 0.0010583731537817766
0.002306285526861408 0.001406392448937054
0.0030858421217512966 0.002091034661941442
0.003645376163095305 0.0024022361317609284
0.0030570495130169697 0.002060269569024835
0.003621029056482736 0.002371462223390736
0.004395088634700331 0.0030206745023688758
0.004837594640760137 0.0032756248271085986
0.004356650546555813 0.002983341638833019
0.004802696335413181 0.0032382844509884884
0.005444129117027221 0.003758000870488213
0.0057817584014190045 0.003955804274521415
0.0054044745203358354 0.0037207316114786972
0.005744433386001534 0.003918529497963534
0.006241061690374509 0.004311937812041916
0.006515475372572757 0.004473612887800374
0.006206455487088944 0.0042796882501693195
0.0064823352806901696 0.004441360438425137
0.006902858239018877 0.004769609213868405
0.007165953555765709 0.004924823685331052
0.0068743279687376434 0.004743077095673852
0.007138477978346517 0.004898290081140942
0.0075646966416214045 0.005229227034388223
0.00785228876464433 0.005399106984282391
0.007552024937459084 0.005217498492247579
0.007840087915167736 0.005387379091534812
0.008299543120492591 0.005743018295919243
0.008603170408643118 0.005922944740205794
0.008306978862933653 0.005749789621449208
0.008610350703447123 0.005929718598170864
0.009134858544543396 0.00633825429244499
0.009455966106202762 0.006530204733493791
0.00915048837937913 0.006352221097292882
0.009471069222930444 0.006544172254498444
sig_last 640
-129726.01392643306 4746.037035338886 4746.037035338886 -225534.48533971378
-95383.31783808363 2230.7435181566025 2230.7435181566025 -188206.24712375796
-134958.44443806406 17861.935931994176 17861.935931994176 -226966.1234146127
-99707.2568700304 11373.952010834673 11373.952010834673 -189948.3709634481
-122044.17884504508 2841.8050747109364 2841.8050747109364 -259720.71427449965
-89272.66412609468 2430.377128232293 2430.377128232293 -186773.67887319849
-124382.21823738175 16395.29352298729 16395.29352298729 -249055.27605964604
-85995.39934485513 8618.34295439017 8618.34295439017 -182013.01642002494
-142734.12641444392 1158.1171279302825 1158.1171279302825 -269458.25296829955
-109064.55684953055 2400.200600990426 2400.200600990426 -210388.05207334863
-126685.68209375926 13028.698684191206 13028.698684191206 -235073.55349457797
-95359.02424587567 7675.692191098175 7675.692191098175 -172158.90022732696
-139444.50418948935 3807.8683923158906 3807.8683923158906 -267736.3291078869
-124234.54417794826 5326.340998271101 5326.340998271101 -233114.9277240094
-117088.51507241091 8455.834646657546 8455.834646657546 -225546.5017682274
-101307.4794100698 5875.628144898188 5875.628144898188 -187382.028397267
-148124.94798218462 5705.002349555996 5705.002349555996 -265225.82153452234
-141085.05949106894 6561.918351037104 6561.918351037104 -251164.72710358002
-125314.15467279432 4573.473196829463 4573.473196829463 -224432.2082539895
-120868.34717761683 7010.3262430374425 7010.3262430374425 -213825.4169307123
-145694.20074652362 7547.354915316358 7547.354915316358 -258049.83262989583
-152897.95425696622 8731.366742504124 8731.366742504124 -272806.8381122277
-132026.81166442478 4196.234598736088 4196.234598736088 -234594.8189267451
-140654.08916778537 7141.702575674714 7141.702575674714 -246464.94926569794
-137596.16939756114 9874.195369129195 9874.195369129195 -254150.70119006088
-155069.3741134774 11863.239294132094 11863.239294132094 -292126.3530525283
-135221.36778687764 5939.571012022368 5939.571012022368 -253926.67252102908
-150536.17945076598 8630.28976143416 8630.28976143416 -292744.33166168607
-127448.09899877828 13078.830959180337 13078.830959180337 -243209.5945454873
-171957.44738031863 14918.522442705489 14918.522442705489 -315908.8339771489
-144275.93111178922 -137.25955994294566 -137.25955994294566 -273606.35057081794
-193184.14716831944 -3400.168646640741 -3400.168646640741 -352518.69075976044
-109436.22020479086 6512.273998624066 6512.273998624066 -222167.71949638939
-160276.49315755191 -1154.2088462248278 -1154.2088462248278 -314226.8151535798
-162222.8701472311 -7881.638016099648 -7881.638016099648 -314151.63347722305
-213257.29243157487 -25054.285814913193 -25054.285814913193 -414441.976588071
-152796.12595702824 2839.8386605237547 2839.8386605237547 -270557.43172170984
-161851.1461080865 107.19140175862697 107.19140175862697 -281035.5140083712
-159499.94704305616 -117.39218587154767 -117.39218587154767 -286417.7394613275
-168763.27723019058 -3040.3164794954073 -3040.3164794954073 -296579.30103736895
-135311.43629495203 26617.90722846859 26617.90722846859 -218191.53486108122
-95728.43557576319 16834.32116483896 16834.32116483896 -173854.89135356524
-135805.14820958723 34427.68587201975 34427.68587201975 -203246.21696960734
-97498.25058924002 23395.254273743707 23395.254273743707 -161482.157423856
-123023.14470625648 24328.313538825532 24328.313538825532 -232262.62247103278
-105066.07551966573 20980.914904973448 20980.914904973448 -202568.13430097952
-111014.89389880569 27189.79596533257 27189.79596533257 -195337.68626586173
-92313.73570625325 22376.6570580481 22376.6570580481 -168502.67521066664
-136931.81728440733 21092.445767766138 21092.445767766138 -272689.53072698717
-125009.36921472846 21428.491184479848 21428.491184479848 -243587.22335090613
-99068.9341306678 21088.732514898184 21088.732514898184 -189784.5210490698
-88292.11480285438 19183.4718244061 19183.4718244061 -165310.17596560429
-153019.44908511397 22991.353581320254 22991.353581320254 -295470.86032528954
-138996.35646578274 21984.603178670965 21984.603178670965 -269153.6570137008
-98203.39623576206 17044.863147634056 17044.863147634056 -190122.08717244415
-90832.72478029375 16607.084110913805 16607.084110913805 -166050.6567479674
-166408.34199955137 22640.12484353363 22640.12484353363 -303590.5143857226
-153713.11485977858 22075.820922308238 22075.820922308238 -280475.9527201833
-105984.73445919818 16543.13466130278 16543.13466130278 -203431.25181958306
-98807.85467879803 16033.99568089596 16033.99568089596 -179896.18475865867
-167559.5560909256 20291.543709714868 20291.543709714868 -296615.1955026741
-159584.0621883977 19866.63073772646 19866.63073772646 -277564.17157176987
-122011.20163934455 15709.929733412922 15709.929733412922 -220799.28300919803
-116289.45112805517 18571.041182193723 18571.041182193723 -208972.69424886414
-155580.22302667116 21104.33790647897 21104.33790647897 -272402.11623646336
-148199.114454899 20413.76927811826 20413.76927811826 -262875.34259601857
-143519.75540194396 17570.462530922574 17570.462530922574 -249929.00748610822
-137672.56270248062 16206.440970352369 16206.440970352369 -233117.63223013387
-131352.11682855836 20896.61345685179 20896.61345685179 -237376.82462407986
-133707.5994953427 20129.620272308097 20129.620272308097 -240033.23454326417
-153912.60914900442 19893.74179816656 19893.74179816656 -286291.2324143735
-156564.11987889794 18956.241404355198 18956.241404355198 -288727.17713843536
-109231.94074636101 15822.281914459378 15822.281914459378 -194051.19340342635
-115541.6834361491 11316.457504723407 11316.457504723407 -222359.98363654074
-190373.89160847472 17926.643304048303 17926.643304048303 -356962.6801998126
-195056.3261910918 12304.395100890604 12304.395100890604 -367817.4299375678
-83893.17203103927 11554.600605075684 11554.600605075684 -157093.0523635321
-169442.5927944432 -6756.325438280984 -6756.325438280984 -343606.5731302501
-216618.8396606511 -16406.515867344206 -16406.515867344206 -405808.7206412157
-340412.82575505803 -54575.091583336674 -54575.091583336674 -632186.7395224252
-135073.94932734122 37786.53380252971 37786.53380252971 -188257.6878801675
-109280.83154911938 30287.865395305547 30287.865395305547 -161125.9810160092
-119546.81082939032 34253.46784953674 34253.46784953674 -149206.19889146398
-92576.32695935988 27054.457444093765 27054.457444093765 -122680.5441979064
-123631.6343891105 35137.84649463474 35137.84649463474 -188065.3182865646
-122464.6913822246 34110.988150815014 34110.988150815014 -182409.31793596514
-91967.19610447691 26976.917778990435 26976.917778990435 -127633.96432622074
-88941.23019537498 25411.950071946707 25411.950071946707 -120606.9088848952
-130819.48474779747 36246.06002345838 36246.06002345838 -196443.17116677662
-138806.75060074337 38984.046896170374 38984.046896170374 -197503.0457997785
-86085.39766399116 25137.902233184293 25137.902233184293 -116299.40044386883
-93962.92850247178 27352.92533873635 27352.92533873635 -119509.79152934268
-149083.61795043288 40696.03695247437 40696.03695247437 -220658.48139432597
-155962.8998816955 46321.71305474745 46321.71305474745 -215343.9890664651
-89984.24870865104 26429.437494539154 26429.437494539154 -112684.89276951706
-96866.73526507812 30908.143667269134 30908.143667269134 -114654.88532024832
-173734.6087486867 49215.172088377905 49215.172088377905 -248100.14961118734
-178020.32663242097 51819.89355630018 51819.89355630018 -237853.88403128093
-92149.3320295204 29467.120862402586 29467.120862402586 -107760.73933620837
-94952.18428002034 30902.692495246312 30902.692495246312 -106495.19991906802
-202257.61099382743 56183.3665116957 56183.3665116957 -281323.32785414095
-204529.35902579888 59043.58366912388 59043.58366912388 -263386.26705653983
-89673.3858495289 30703.894302151017 30703.894302151017 -99556.30362276151
-87429.47936001745 27443.83932705174 27443.83932705174 -92028.78404474256
-226316.68422729557 61282.20586376291 61282.20586376291 -305435.797306717
-227367.60896170442 67031.07890447424 67031.07890447424 -304988.793132966
-78729.42346105655 26076.634874567484 26076.634874567484 -80664.98384490794
-80535.4025539848 22410.912405560222 22410.912405560222 -79466.82636721493
-240476.11781486802 74842.51834945986 74842.51834945986 -338832.9701990508
-225770.55804109425 69486.67105766013 69486.67105766013 -310657.24653291615
-60967.29309531063 16741.031164582826 16741.031164582826 -59612.68119008972
-50737.88218123579 15072.368255015648 15072.368255015648 -49472.59775460338
-245355.27841968005 51437.72693410634 51437.72693410634 -318992.42826649087
-259860.55908896893 55199.52973649443 55199.52973649443 -298922.2013662422
-35227.17794993619 11010.058412554043 11010.058412554043 -34569.47826043257
-33962.66702059503 8461.560904868245 8461.560904868245 -33387.986114377716
-187780.45565438725 43805.03614657854 43805.03614657854 -234649.8215636306
-167866.02747439736 35462.84155797347 35462.84155797347 -207461.4252483329
-30471.105700515658 9475.312394718578 9475.312394718578 -31870.68429292301
-24.30769058721718 8.939946269913424 8.939946269913424 -17.88457513080958
-118708.94769799805 33393.474681497864 33393.474681497864 -135385.31006758683
-107992.972224942 29965.54407959171 29965.54407959171 -126424.02230429435
-112356.38955387335 31137.666319154152 31137.666319154152 -121216.61595528449
-101901.26324744317 27414.38092430221 27414.38092430221 -112639.18643091939
-108384.09036052591 31100.56452430918 31100.56452430918 -133664.8998010605
-118212.72511304419 33351.67071646017 33351.67071646017 -140027.0357324362
-93640.55171861731 26962.43201665979 26962.43201665979 -110126.0671912335
-104299.81342453879 29708.179837185635 29708.179837185635 -116469.30609324928
-116417.26677292671 33131.68679583115 33131.68679583115 -134649.65840536382
-132290.48593190208 37707.22225198 37707.22225198 -145324.21994273356
-99589.23303780008 27973.859371240163 27973.859371240163 -107293.41572720688
-114794.66485472715 32660.2708294775 32660.2708294775 -118473.55353132058
-127458.86538917261 36251.82304691616 36251.82304691616 -134005.92062038358
-142159.95860411198 40110.51879816588 40110.51879816588 -143687.16886169207
-110090.93056724385 30907.476222938603 30907.476222938603 -106989.27623177874
-125052.21316654747 34782.648423879764 34782.648423879764 -116764.09996685405
-137492.5114170273 37148.48336885243 37148.48336885243 -128077.73601264422
-152336.9662237038 41450.55193405399 41450.55193405399 -136771.4732320782
-119695.44471046017 30991.91226437883 30991.91226437883 -101967.02333417177
-134089.84285479755 35122.11146780425 35122.11146780425 -110891.14265335204
-144128.0118463396 34986.192464092805 34986.192464092805 -117528.27769441955
-158387.06018127265 38916.15446533079 38916.15446533079 -125812.323960866
-126067.79470029654 28809.755018344276 28809.755018344276 -94419.5021429621
-140010.5683430595 32658.23895556108 32658.23895556108 -102667.0770852818
-143595.84857869902 28818.02639497476 28818.02639497476 -101666.69061827118
-152794.69035955798 30613.98922454828 30613.98922454828 -107078.61359454018
-130001.40590941285 24766.760873132116 24766.760873132116 -86915.66631451373
-138725.94043973248 26663.117812972218 26663.117812972218 -92543.42529281128
-135468.10336917365 19576.819724228495 19576.819724228495 -85886.42450210224
-131902.82638586347 19063.286918857644 19063.286918857644 -84658.32316653001
-131412.2873758816 19690.715327201717 19690.715327201717 -82230.10803878815
-127677.2400672539 18978.71760645155 18978.71760645155 -80911.73670924237
-124835.94042622617 10794.68082638278 10794.68082638278 -76448.66945019907
-110537.15704450791 9965.904202884849 9965.904202884849 -69501.42470336382
-124644.38540029683 14373.20941912437 14373.20941912437 -77159.69308532488
-110154.32208376401 13510.968347055066 13510.968347055066 -70351.50743604841
-103928.27128347446 -10600.892598735234 -10600.892598735234 -94537.35509806499
-45327.9353552936 -4363.480109572596 -4363.480109572596 -60282.52028913552
-103474.79059997035 7804.240778244814 7804.240778244814 -77233.60771857895
-42227.168452570535 7284.229993966676 7284.229993966676 -48250.61231409155
-111581.66079010509 31429.409858170147 31429.409858170147 -115249.42624853355
-111865.7398722317 31407.399854932806 31407.399854932806 -115038.06341940354
-103502.78786388774 29924.94895773116 29924.94895773116 -103623.83116912213
-103412.85381698069 29994.44685396379 29994.44685396379 -103576.90477903995
-105139.82024921244 29733.48907674203 29733.48907674203 -111216.44184126565
-120381.85465710859 34497.013364337625 34497.013364337625 -123845.0735779168
-93414.0842029224 26304.343626086666 26304.343626086666 -95237.52873322711
-108429.06507367016 30876.330439094127 30876.330439094127 -107604.33656549995
-115560.3166680556 31712.770074264175 31712.770074264175 -111980.96337731456
-129590.51116819786 35008.25098238945 35008.25098238945 -120486.29202960053
-104755.19255050438 27559.508530379302 27559.508530379302 -95035.34571565353
-118329.35376388226 30692.08598046336 30692.08598046336 -103356.77225476023
-125943.51883638494 30944.38112292184 30944.38112292184 -106184.95178849547
-138691.29193990087 33431.18586500459 33431.18586500459 -113627.09335120504
-114613.04970539807 26600.125364392734 26600.125364392734 -90693.95886522716
-127045.33883736708 29378.194451421696 29378.194451421696 -98259.11827009145
-132557.09307063156 28261.28460025583 28261.28460025583 -98651.87870613363
-144635.8711073975 30776.744100887845 30776.744100887845 -105470.22565479833
-121953.84839302603 24454.911784264244 24454.911784264244 -85845.70127310735
-133589.4667851084 26948.540471775952 26948.540471775952 -92658.14600976591
-135973.14045226204 23261.825025719045 23261.825025719045 -89612.90231325431
-143615.20605955427 24993.642701178484 24993.642701178484 -94487.1302774705
-127907.43600551572 20854.684280216818 20854.684280216818 -81205.444438087
-135177.50517010715 22311.38351528633 22311.38351528633 -85939.06541144222
-135487.01284840607 16337.984060249435 16337.984060249435 -81495.98143013149
-134726.15489969842 16759.364580718553 16759.364580718553 -81689.15232457478
-130849.42572592686 16081.65876246955 16081.65876246955 -77582.40688024559
-130276.70147830578 16604.189088530282 16604.189088530282 -77764.80749009488
-130025.07742212038 8682.553475828005 8682.553475828005 -74516.89017601727
-120366.57676070578 8648.284728157712 8648.284728157712 -70226.67559380717
-128246.8881236688 10326.305223178568 10326.305223178568 -73311.49224733587
-118601.44242366526 10285.136657258452 10285.136657258452 -69124.10897744083
-116722.61235698214 -748.3004614575858 -748.3004614575858 -68447.31831859826
-95836.55449012187 -1113.036572127427 -1113.036572127427 -56972.64566457786
-118179.77787737505 4423.8700910350635 4423.8700910350635 -70240.39707291155
-97336.65607853407 3618.664419673147 3618.664419673147 -58905.570355111726
-90734.00235750459 -11453.511057497737 -11453.511057497737 -68805.58133280044
-47522.19502367952 -8077.928662312937 -8077.928662312937 -48195.6457750775
-93751.07560264257 886.0913717266769 886.0913717266769 -69364.22657928674
-45447.81117214989 107.57006269723703 107.57006269723703 -49132.11144336624
-101611.80447783046 29527.899882415826 29527.899882415826 -98661.17848352125
-111964.26686439202 32877.341122400045 32877.341122400045 -105760.19968301136
-94402.90785098301 27442.947065308803 27442.947065308803 -89654.85845261686
-104741.10951887816 30848.431061631607 30848.431061631607 -96708.82843314754
-101908.36996746717 27982.532252854522 27982.532252854522 -97531.14691094743
-117365.37468626 31436.578453460235 31436.578453460235 -107023.14154686166
-93611.26917655171 24923.224772944886 24923.224772944886 -85663.67466386546
-109099.41189117396 27829.574594918893 27829.574594918893 -94761.4884796931
-114726.80645540552 26696.753159653992 26696.753159653992 -93310.92491510404
-125934.73466844908 28875.443468348258 28875.443468348258 -100318.67514789251
-107165.51609040033 23856.95367085548 23856.95367085548 -83383.8568632095
-118337.1335388071 25972.47750415038 25972.47750415038 -90345.02341420787
-121512.92293777551 24426.351347305186 24426.351347305186 -88223.35352308328
-132497.89931949158 26479.847569876823 26479.847569876823 -94395.28256577169
-115155.37065279418 21857.32402760692 21857.32402760692 -80009.35685196705
-125827.29040113151 23864.39087386124 23864.39087386124 -86247.74723061633
-127574.56592086608 20887.67381765537 20887.67381765537 -82563.5204339047
-135483.5989140622 22277.634456595028 22277.634456595028 -87200.59664070554
-121940.88813282581 18905.756840153474 18905.756840153474 -76799.14767676343
-129872.70142096147 20263.955296165514 20263.955296165514 -81241.80011935452
-129533.93149585355 15472.795281013981 15472.795281013981 -76828.00289823744
-132523.50879248494 16166.086208754394 16166.086208754394 -78830.95109145965
-125665.15000765536 14673.969729786433 14673.969729786433 -73532.68249311087
-128722.91084825362 15342.051434447376 15342.051434447376 -75465.11062637047
-128824.93106168929 8742.173181219707 8742.173181219707 -71651.39359384307
-124842.9937264888 8931.364527876949 8931.364527876949 -70048.96774250497
-126975.02454418199 9414.60688610445 9414.60688610445 -70517.5953746516
-123017.75514896782 9633.908232206146 9633.908232206146 -68884.53030077726
-121618.18368495452 1005.7719411041465 1005.7719411041465 -67476.44602306752
-109558.83940093468 796.9580767151533 796.9580767151533 -61826.216396955926
-121788.73096063004 3485.3669340449005 3485.3669340449005 -67625.82052696262
-109668.0540832808 3257.189614715377 3257.189614715377 -61931.605075409665
-110386.11554629599 -6351.857571487511 -6351.857571487511 -66169.1243531532
-88140.67488304274 -6411.842831082653 -6411.842831082653 -54718.82804520279
-111986.89067802911 -1267.7977546066772 -1267.7977546066772 -66877.47035623487
-89931.05797845827 -1706.5170589375334 -1706.5170589375334 -55060.76255823765
-88474.3724735123 -9337.854097764139 -9337.854097764139 -68572.2305688763
-57588.51369916735 -7816.149852277549 -7816.149852277549 -54930.794879956324
-88673.28629861689 -798.9319539564108 -798.9319539564108 -65757.43626558337
-56397.515705584236 -280.1551179684718 -280.1551179684718 -51917.94808904575
-91689.34946043366 26359.835663690974 26359.835663690974 -85265.67586025383
-107401.91723615177 31463.418199005755 31463.418199005755 -96964.71106881177
-85075.76872973827 24060.22598684035 24060.22598684035 -78469.34030597997
-100031.87003523351 28850.959832234745 28850.959832234745 -90529.47130196201
-99913.27773932402 24357.59671415352 24357.59671415352 -84389.55138196515
-113600.55989336717 26658.29279503862 26658.29279503862 -92164.42353096126
-95072.42719946148 22159.222528427676 22159.222528427676 -77310.25223564157
-108486.36405731886 24379.39286414579 24379.39286414579 -85167.99393139216
-110949.0754815121 22398.09222044183 22398.09222044183 -81271.94903270321
-121355.0487052778 24040.59664249278 24040.59664249278 -87422.58274252478
-106822.43974403104 20286.619077641524 20286.619077641524 -75625.03685532429
-117151.79254623833 21956.077156675372 21956.077156675372 -81792.88278085765
-117738.92738685019 19536.959571699743 19536.959571699743 -77708.3153422328
-126328.49501272471 20753.185679860464 20753.185679860464 -82262.39996252183
-114294.63898351716 17924.744857042057 17924.744857042057 -73482.15401824345
-122626.89682853897 18953.722846157172 18953.722846157172 -77947.91787848492
-122020.67185509847 15177.213704681268 15177.213704681268 -73198.98042153016
-127112.67132972261 15770.402067301213 15770.402067301213 -76067.14256735964
-119627.90409096963 14236.112705408967 14236.112705408967 -70831.76521565573
-124721.4133202029 14876.64747860275 14876.64747860275 -73656.7007422695
-123401.2711194201 9847.231107656295 9847.231107656295 -68996.55229213389
-124027.99265357501 9979.463379121804 9979.463379121804 -69428.11423631114
-122589.2244945185 9749.623259501412 9749.623259501412 -68305.43840102844
-123206.33565326454 9900.982955801366 9900.982955801366 -68719.44754220362
-121138.3604050245 3395.5002704564695 3395.5002704564695 -65658.39434098173
-115995.71091972812 3236.844173915101 3236.844173915101 -63236.04256445251
-121192.10677642633 4452.575748402855 4452.575748402855 -65812.89731776243
-116050.42118947409 4278.281040974543 4278.281040974543 -63378.09749134926
-114602.32253216376 -3179.4631566145426 -3179.4631566145426 -64058.597534905275
-102445.70285794968 -3308.2329218866917 -3308.2329218866917 -58169.5050503422
-115535.88008072764 -568.6047501742335 -568.6047501742335 -64438.259474314495
-103269.96407991831 -893.9850239913837 -893.9850239913837 -58419.563686429516
-106238.36404329249 -7498.974782825693 -7498.974782825693 -64937.44477805039
-87409.79046325767 -7292.135892972874 -7292.135892972874 -55330.20301764089
-107170.85536930982 -3514.4977048786923 -3514.4977048786923 -64446.50840679334
-88224.99030425359 -3702.6315521534525 -3702.6315521534525 -54482.94115477635
-89269.52454117291 -7502.277321729564 -7502.277321729564 -66049.14306897856
-67229.55899712112 -7053.61858360657 -7053.61858360657 -56041.82386372132
-88814.05460819254 -1460.2034799569865 -1460.2034799569865 -63643.674841376094
-66766.50679236044 -974.3406881569347 -974.3406881569347 -53335.274979213114
-82426.45827407831 22899.16138624277 22899.16138624277 -75018.73252974066
-100338.3908819431 28071.545151313116 28071.545151313116 -89358.45797066578
-77438.49113991205 21110.24274049228 21110.24274049228 -70796.64899100475
-96311.68856036139 25912.38607689085 25912.38607689085 -84429.1833994845
-98249.39885293465 21129.23021807123 21129.23021807123 -76137.50686677241
-109761.04590557404 22931.445042105723 22931.445042105723 -82814.27916156605
-95310.76855366815 19679.538538716213 19679.538538716213 -72009.66312484581
-106965.8285695857 21287.39849409303 21287.39849409303 -78604.41762610212
-107397.1176497043 18941.49402614592 18941.49402614592 -73579.15870574942
-116220.2653235888 19960.564484768365 19960.564484768365 -78581.61974719129
-105397.90030670507 17646.27622107515 17646.27622107515 -70660.73026402484
-114300.49983518297 18595.474703695898 18595.474703695898 -75628.70837625429
-113514.49496955606 15284.13013938263 15284.13013938263 -70462.00107702246
-119963.8051860414 15819.95743377224 15819.95743377224 -73775.40581261253
-112256.03359274412 14250.074721627801 14250.074721627801 -68717.93114434913
-118648.51172348994 14866.117660148659 14866.117660148659 -72057.09014982414
-116632.17887124768 10877.515423483517 10877.515423483517 -67055.8749301694
-120169.19819928214 11051.500601476566 11051.500601476566 -68813.89576547095
-116357.3232016828 10403.116803678819 10403.116803678819 -66560.38224974113
-119904.02747579673 10517.141612141208 10517.141612141208 -68339.63540349947
-117300.34738163222 5606.974374064611 5606.974374064611 -64141.77025738104
-116844.04107299904 5489.186332423766 5489.186332423766 -63935.0966326391
-117806.3011544922 5812.489947957491 5812.489947957491 -64518.54026321602
-117357.99782687862 5685.786556339563 5685.786556339563 -64307.429100124114
-114432.84442014048 10.65640736143282 10.65640736143282 -62356.06361584173
-108974.53764459756 -319.9700222680044 -319.9700222680044 -59739.212857357605
-115690.99324272247 1049.4206713870517 1049.4206713870517 -63170.281394954
-110206.90372620182 677.4273592594445 677.4273592594445 -60616.94355058899
-109492.22011499848 -4737.743626407854 -4737.743626407854 -62188.065327710785
-98828.03561264634 -4829.925734051802 -4829.925734051802 -56705.39349660656
-110684.46163873254 -2826.8485090356407 -2826.8485090356407 -62794.77188873828
-100184.88891965657 -2994.1442723811087 -2994.1442723811087 -57269.97229510256
-103330.41232059922 -7243.570163551647 -7243.570163551647 -63472.181164426
-88588.03681312887 -7023.719446750192 -7023.719446750192 -55964.91560852399
-103838.06212939318 -4172.286162324157 -4172.286162324157 -62758.78467572615
-88984.66290829929 -4244.26105259687 -4244.26105259687 -55055.28346431303
-91907.24290176624 -6098.139132368113 -6098.139132368113 -64822.51962202453
-76810.9068484534 -5608.9553974285045 -5608.9553974285045 -57301.046156908254
-90585.38609513758 -1779.6454015371232 -1779.6454015371232 -62141.43780117376
-75550.07885006936 -1191.5693941612458 -1191.5693941612458 -54486.83426877046
-75108.23347287206 20381.4827646958 20381.4827646958 -68981.77387209618
-95173.93640469605 24523.62022982728 24523.62022982728 -81768.46327105566
-72760.62585815604 19786.0018977784 19786.0018977784 -66965.60733999916
-93584.58209350421 23290.407306560992 23290.407306560992 -78952.72365693435
-95055.71575431747 18836.734144215592 18836.734144215592 -70062.57444913979
-105522.87623671097 19885.91139444614 19885.91139444614 -75807.19028531572
-94098.11085408783 17880.23612181277 17880.23612181277 -68262.08049403793
-104582.12719139899 18874.625204226868 18874.625204226868 -73924.6237480625
-103717.97191459483 15771.129029438389 15771.129029438389 -68002.5320185089
-111183.68111293206 16330.911376642336 16330.911376642336 -71994.17011148065
-103302.82723519142 14757.936923546851 14757.936923546851 -66981.92746358879
-110831.39192470147 15260.759197741452 15260.759197741452 -70961.85519128309
-108613.53371454412 11898.617417793508 11898.617417793508 -65376.10547319818
-114001.9685289654 12177.557015140525 12177.557015140525 -68166.02991918173
-108763.29160208639 11183.93953811267 11183.93953811267 -65137.720853144485
-114274.6688853798 11476.129840108311 11476.129840108311 -67857.83950612223
-111621.6932951298 7474.0536006374 7474.0536006374 -63058.62929342957
-114121.86900539706 7376.899063550671 7376.899063550671 -64222.12725408734
-112501.40663640421 7234.58180491044 7234.58180491044 -63533.56145352087
-114933.55954009583 7130.051109222377 7130.051109222377 -64733.93300577979
-111613.64456069689 2671.4813084000752 2671.4813084000752 -61166.28584094195
-110644.00753537346 2366.09393896472 2366.09393896472 -60702.98609610689
-112949.1671553338 2983.8909518176733 2983.8909518176733 -62220.173765564316
-111968.46766763594 2659.7127415403183 2659.7127415403183 -61729.468739307566
-109236.34087113025 -1896.4483223330085 -1896.4483223330085 -60257.384865904656
-104199.02157057452 -2250.706128341298 -2250.706128341298 -57776.14019807268
-111005.82071681051 -895.2784102288886 -895.2784102288886 -61445.47493117572
-105829.91068653786 -1361.5215838284962 -1361.5215838284962 -58955.48451541306
-105798.54464039573 -5104.215866837364 -5104.215866837364 -60880.59884671552
-97221.56864643605 -5303.915545359727 -5303.915545359727 -56289.07598735042
-107322.21921304023 -3636.98956198174 -3636.98956198174 -61637.54714915508
-98802.78806883942 -3849.175203202035 -3849.175203202035 -57080.80385166832
-101756.83246021146 -6437.317290761872 -6437.317290761872 -62240.110541846494
-91009.46770602243 -6329.702515420332 -6329.702515420332 -56779.96404441272
-101848.95714763431 -4192.474916507856 -4192.474916507856 -61516.38239083565
-91146.54468507784 -4195.77351057752 -4195.77351057752 -55970.059022772606
-94662.59930799791 -4704.326653551194 -4704.326653551194 -63673.9899987132
-85074.86501975002 -4091.7461140120436 -4091.7461140120436 -58436.16778190154
-92778.65585624779 -1835.0963094442322 -1835.0963094442322 -60934.85692598122
-83211.58804276769 -1238.8819701770697 -1238.8819701770697 -55701.41523372631
-70860.27854076025 18697.56095284465 18697.56095284465 -65224.717358602444
-90963.50693246262 21958.889749536822 21958.889749536822 -76338.45170440809
-69961.15476664927 17904.138438817186 17904.138438817186 -63645.65730932138
-90312.80112956317 20701.647184239668 20701.647184239668 -74787.22105495699
-91079.04128677036 16592.30117637282 16592.30117637282 -65699.80157723832
-100798.84673319058 17353.469539092926 17353.469539092926 -70673.86977808955
-91554.52758122273 15623.138084334452 15623.138084334452 -65199.15647489437
-101279.96474798156 16313.193625502128 16313.193625502128 -70223.75116207432
-99213.27647902817 13108.740660630312 13108.740660630312 -63870.434223794815
-106261.86736493954 13319.099942385628 13319.099942385628 -67477.49318334396
-100040.07246322033 12195.664952888805 12195.664952888805 -64005.55548182629
-107160.5717935854 12437.873902002182 12437.873902002182 -67566.75304398761
-103942.86745528005 9198.190115573192 9198.190115573192 -62021.08268478978
-108775.90192527593 9225.76231092399 9225.76231092399 -64335.449110564856
-105171.04828027704 8687.06970974831 8687.06970974831 -62710.245936202446
-110032.40004525411 8692.582856278734 8692.582856278734 -64975.39706850182
-106730.32190844491 5071.382185388187 5071.382185388187 -60382.672504196555
-108713.74776397839 4821.716768052683 4821.716768052683 -61327.92880763956
-108148.36261337316 4856.879077951956 4856.879077951956 -61505.78657806454
-110100.88217998634 4612.2430722568315 4612.2430722568315 -62459.10507996636
-106695.3892541742 813.3854065383284 813.3854065383284 -59339.60415639452
-105751.3066792584 408.7611667216256 408.7611667216256 -58784.74012657181
-108609.5564253231 1092.2822403062314 1092.2822403062314 -60739.2559206465
-107621.4117590085 665.8719704406124 665.8719704406124 -60220.719322556935
-105304.81939058148 -2769.72555179156 -2769.72555179156 -59235.398988411485
-101050.82971164215 -3138.3914651817754 -3138.3914651817754 -57221.886958584306
-107084.03726822702 -1989.665215375799 -1989.665215375799 -60567.82761446551
-102876.76373993649 -2427.2510231555316 -2427.2510231555316 -58501.06569016885
-103501.19895914922 -4885.628623456349 -4885.628623456349 -59935.14760546304
-96985.93349856135 -5090.701015888564 -5090.701015888564 -56534.16718447107
-104822.52788515693 -3775.891301111137 -3775.891301111137 -60672.88087867439
-98357.68314872312 -4038.069207948846 -4038.069207948846 -57293.48407368362
-100911.64844310663 -5405.083050914736 -5405.083050914736 -61233.093425618354
-94057.16008873792 -5301.203146923775 -5301.203146923775 -57687.35917701775
-100630.58590312826 -3910.622780473113 -3910.622780473113 -60495.93400377927
-93804.04596603618 -3831.860345584856 -3831.860345584856 -56927.11909597994
-97265.80706457871 -3380.168424956697 -3380.168424956697 -62519.336944804425
-91750.32906095227 -2768.6118553187825 -2768.6118553187825 -59517.29249501185
-95142.03042721619 -1830.2609602692364 -1830.2609602692364 -60032.30110399564
-89579.17262328674 -1206.050518537582 -1206.050518537582 -57118.64061098312
-68593.03213080058 17030.78663481685 17030.78663481685 -62333.77021651615
-86539.42785770848 19519.00888785349 19519.00888785349 -72046.89204205638
-67978.1904148682 15908.703750064458 15908.703750064458 -61719.618543126824
-86156.66529357448 18553.50536238272 18553.50536238272 -71369.01266964029
-87103.05949061061 14427.922372337152 14427.922372337152 -62463.99901438572
-96166.14940893326 14938.035187618214 14938.035187618214 -66985.23423020904
-88220.37326276017 13554.48242437088 13554.48242437088 -62793.28204069073
-97299.55826015366 13891.395997769001 13891.395997769001 -67377.01509058767
-94850.02411568385 10963.9829123967 10963.9829123967 -60938.31677457632
-101669.67569695914 10980.164756298895 10980.164756298895 -64257.15005143506
-96559.72554832017 10187.941595553486 10187.941595553486 -61793.26447558544
-103344.12148142983 10193.97077359493 10193.97077359493 -65179.53734116553
-99529.64785468105 7262.664308229032 7262.664308229032 -59634.63933889235
-103970.85444812904 7046.62499244278 7046.62499244278 -61768.373444667064
-101482.47208096326 6701.534865783182 6701.534865783182 -60944.60418875429
-105876.64745572471 6403.390061442187 6403.390061442187 -63115.60020764177
-101967.73932189174 3394.9906852322492 3394.9906852322492 -58635.33813689071
-103880.5264307973 2930.089476795033 2930.089476795033 -59528.062958031616
-104173.67563954185 3192.848645925118 3192.848645925118 -60241.47485457797
-106071.79270342102 2686.2989571438166 2686.2989571438166 -61159.21929915484
-102634.73562408853 -182.19050905809468 -182.19050905809468 -58153.75289209767
-101893.80743910738 -747.4581762510015 -747.4581762510015 -57771.814110432584
-104812.53691745068 10.001291747854248 10.001291747854248 -59838.33642669879
-104143.2697467692 -556.4313283710185 -556.4313283710185 -59428.77237694711
-102244.03331709966 -2939.3017656385127 -2939.3017656385127 -58380.802136431
-99399.38515395529 -3296.9937505629105 -3296.9937505629105 -56921.86900261996
-104180.8290682313 -2434.0619833633436 -2434.0619833633436 -59711.03287475902
-101348.14574105795 -2836.630430945752 -2836.630430945752 -58180.253198184895
-101780.76764689494 -4414.752858144264 -4414.752858144264 -59293.34384894396
-97672.3169979913 -4543.868386943213 -4543.868386943213 -57236.46519794944
-102483.93842411561 -3658.6227518019678 -3658.6227518019678 -59726.85984173228
-98444.10817633108 -3824.5154641393838 -3824.5154641393838 -57601.50285471441
-100841.59824244637 -4346.2400876881275 -4346.2400876881275 -60566.360281497895
-97073.03753666076 -4160.581326858515 -4160.581326858515 -58516.89034569003
-100148.68462310775 -3417.092166461095 -3417.092166461095 -59700.80538701928
-96385.99425979287 -3254.084500053841 -3254.084500053841 -57672.82555304378
-99433.28974104827 -2374.2508734367175 -2374.2508734367175 -61527.59378947137
-96972.95893802555 -1788.2634564990676 -1788.2634564990676 -60174.416743587615
-97422.24619680687 -1683.495892364081 -1683.495892364081 -59409.06935835329
-94924.65886217773 -1060.3188147426742 -1060.3188147426742 -58067.956544166336
-66555.8706741895 15041.868124596052 15041.868124596052 -60990.8999140867
-81941.2429716992 17111.21493429337 17111.21493429337 -68926.817368368
-65993.7834742945 13902.731987243485 13902.731987243485 -61082.13814404019
-82164.93768981745 15672.780401422668 15672.780401422668 -69136.73042286329
-83086.10181115495 12504.843514442782 12504.843514442782 -60318.1911622906
-91916.15553558497 12701.453196073227 12701.453196073227 -64444.173592374165
-84653.1698220077 11630.451651468344 11630.451651468344 -61294.64485313159
-93555.45626572409 11700.300017660702 11700.300017660702 -65468.03083872363
-91065.91473195478 9214.74242972684 9214.74242972684 -58928.70143911935
-97291.24881198876 9076.669956065507 9076.669956065507 -61997.86802582162
-92886.67493346114 8417.236400297053 8417.236400297053 -60200.833857047925
-99210.83606662089 8260.238124885182 8260.238124885182 -63322.41263015551
-95443.19076342657 5699.6370708275335 5699.6370708275335 -57824.95870374362
-99584.54484996755 5288.403077207286 5288.403077207286 -59781.63948190018
-97826.72428094393 5189.435942978951 5189.435942978951 -59514.19619615288
-101939.30407764441 4730.240205320452 4730.240205320452 -61489.81282635974
-97949.54531638855 2320.0624714225005 2320.0624714225005 -57127.141092170015
-100076.69030340076 1742.8156386922055 1742.8156386922055 -58105.380727006916
-100533.77465003428 2032.7329073666901 2032.7329073666901 -58992.858492350846
-102576.43248427343 1437.1576592138972 1437.1576592138972 -60008.41127355065
-99241.79605160917 -624.9406418553689 -624.9406418553689 -57076.212454969755
-99460.42721341632 -1194.2925267856099 -1194.2925267856099 -57190.601015559165
-101437.10977302874 -665.8235871134996 -665.8235871134996 -58736.65154327083
-101678.01114197446 -1274.3691161811626 -1274.3691161811626 -58881.65217675982
-99959.25338941046 -2699.569815628045 -2699.569815628045 -57711.53981930587
-98839.34212189904 -3028.9593760566127 -3028.9593760566127 -57126.331112927735
-101406.70681269628 -2533.8701037315986 -2533.8701037315986 -58849.198197977676
-100277.98533519122 -2877.87201993486 -2877.87201993486 -58245.702680586466
-100490.47578800739 -3603.5375141706495 -3603.5375141706495 -58777.299174743704
-98687.85171038371 -3703.270155151368 -3703.270155151368 -57851.833375844675
-100914.80430003372 -3254.956479660327 -3254.956479660327 -59071.63069564769
-99139.26414519505 -3337.3204311860068 -3337.3204311860068 -58137.16946561828
-101076.43361533702 -3272.8170783284277 -3272.8170783284277 -59993.708172410894
-99580.53555288407 -3023.593288652017 -3023.593288652017 -59161.349760861835
-100158.68820403545 -2877.1439227005976 -2877.1439227005976 -59225.216186246646
-98679.22818721026 -2632.88157535085 -2632.88157535085 -58400.16959763612
-101407.2588579064 -1579.2077296684351 -1579.2077296684351 -60842.4190300862
-101100.25154971729 -965.4638168637757 -965.4638168637757 -60672.89646865804
-99207.25251040222 -1431.9257902657337 -1431.9257902657337 -58974.46173746983
-98914.13946565417 -825.8022528273423 -825.8022528273423 -58809.23131008219
-64705.26791279659 12751.477543450628 12751.477543450628 -60770.74822104906
-77947.47342680248 14131.373860952532 14131.373860952532 -67095.94216733566
-65188.93585430416 11553.113729141536 11553.113729141536 -61461.58726490525
-78743.67209250272 12322.533913664884 12322.533913664884 -67564.8083239074
-79594.36348475564 10599.803635068221 10599.803635068221 -59181.56777140548
-88123.44366974002 10595.852622525006 10595.852622525006 -63069.4840346016
-81465.09387861253 9513.564053413174 9513.564053413174 -60690.690482719976
-89963.41243643143 9294.862011209607 9294.862011209607 -64612.528512799276
-87460.04512313324 7522.834671004533 7522.834671004533 -57829.23069261267
-93331.02493640275 7269.994781279958 7269.994781279958 -60654.379479073476
-89485.45695446324 6742.376964263327 6742.376964263327 -59536.94140027939
-95461.2678513846 6331.159566851753 6331.159566851753 -62400.769670074864
-92173.06148454416 4504.855475495855 4504.855475495855 -56866.65152533214
-96117.72806043444 4089.1322840239327 4089.1322840239327 -58688.665375891425
-94219.98298888472 3853.3018238512495 3853.3018238512495 -58551.564504545786
-98258.9250478223 3293.7177635493654 3293.7177635493654 -60561.78873911064
-94836.43695752247 1711.150950933869 1711.150950933869 -56329.89551127299
-97446.45052298049 1173.1336546360956 1173.1336546360956 -57627.579886694504
-96951.06747179752 1131.4861140750181 1131.4861140750181 -57979.02726048431
-99535.82158670103 542.8614849026553 542.8614849026553 -59381.76496549373
-96598.2546253374 -568.3540285287787 -568.3540285287787 -56518.24403043842
-97931.96416829657 -1087.5204650817032 -1087.5204650817032 -57283.46285410338
-98400.6466344498 -983.5874005284652 -983.5874005284652 -57992.348471381665
-99753.37382324079 -1526.3382397496457 -1526.3382397496457 -58776.04948069436
-98172.29805707741 -2133.447733339775 -2133.447733339775 -57356.648258571564
-98609.62384786794 -2433.774716907732 -2433.774716907732 -57588.36468899801
-99380.32258274608 -2282.2000948008526 -2282.2000948008526 -58311.96709909955
-99799.3904264158 -2565.1799908399566 -2565.1799908399566 -58530.8691656915
-99763.15455483388 -2657.2159148258334 -2657.2159148258334 -58455.880054033274
-99779.79175565539 -2714.0082234754727 -2714.0082234754727 -58488.51882809818
-100026.85511685135 -2671.491797814135 -2671.491797814135 -58662.08025182961
-100043.23632391183 -2737.3187146155888 -2737.3187146155888 -58690.294063566784
-101263.83765564935 -2218.9964853567067 -2218.9964853567067 -59579.27092497086
-101705.48108288147 -1978.474273253918 -1978.474273253918 -59788.87825388675
-100398.92960935296 -2273.7975942724497 -2273.7975942724497 -58893.69196717071
-100831.27119569207 -2050.8616244898917 -2050.8616244898917 -59094.769750647305
-102617.48839102658 -920.7643992189238 -920.7643992189238 -60395.90062705344
-103892.97938594554 -370.8880607962933 -370.8880607962933 -61062.59284156008
-100719.99546375012 -1177.7021728487698 -1177.7021728487698 -58836.92022332674
-101982.61322531464 -637.5883850182277 -637.5883850182277 -59485.40882730727
-64389.818090811554 10343.257278466683 10343.257278466683 -61593.401735028034
-74975.33148352793 10800.31332555567 10800.31332555567 -66044.2217292401
-64846.46894720881 8650.87013293926 8650.87013293926 -62782.26506133825
-76087.51149881973 8879.252503945434 8879.252503945434 -66910.63216301949
-76906.44024914497 8601.45401381751 8601.45401381751 -58988.61149871171
-84957.48176051605 8319.823055986206 8319.823055986206 -62707.25541653931
-78478.07190579217 7092.393219839715 7092.393219839715 -60619.244825057656
-86645.75715608186 6697.306730739376 6697.306730739376 -64379.48375110086
-84588.63669539575 6040.759046218585 6040.759046218585 -57442.0105106408
-90353.54232938074 5663.244725286171 5663.244725286171 -60335.87803967707
-86411.53387501405 4750.083432920079 4750.083432920079 -59004.16241496172
-92192.80550743689 4257.724604921791 4257.724604921791 -62011.342760966756
-89287.56875024704 3461.708551517434 3461.708551517434 -56500.882024269464
-93565.55192459906 3075.420376520795 3075.420376520795 -58723.534030257375
-90850.97314894413 2424.159292125157 2424.159292125157 -57956.28334792251
-95254.77336631839 1974.7956699807696 1974.7956699807696 -60187.83649503417
-92454.97785026376 1234.5075538225515 1234.5075538225515 -56145.367810650365
-95550.25503896948 869.0109891650771 869.0109891650771 -57738.88997702209
-93861.24145921308 434.43053775536134 434.43053775536134 -57506.37255036387
-96949.06687376632 24.530736760913356 24.530736760913356 -59108.90572405036
-94864.86812059503 -372.7943282337118 -372.7943282337118 -56333.00138998531
-97051.63691032778 -752.1113724782266 -752.1113724782266 -57546.32069776518
-96208.4206668722 -1003.3423946533367 -1003.3423946533367 -57547.91020801101
-98471.86563257064 -1376.7775298679567 -1376.7775298679567 -58757.018379010595
-96954.27557635811 -1332.6548531197418 -1332.6548531197418 -57168.63519591415
-98629.57131845504 -1619.5160433411895 -1619.5160433411895 -58109.71715684611
-97939.94620722739 -1797.888477801146 -1797.888477801146 -57983.047707465594
-99632.0656028042 -2086.234636896118 -2086.234636896118 -58932.36352229837
-99218.67711126225 -1663.3141502322135 -1663.3141502322135 -58289.967807567074
-100721.00322767318 -1718.6235243575143 -1718.6235243575143 -59036.838047150086
-99464.53327587935 -2036.6668839553506 -2036.6668839553506 -58508.07043853062
-100970.55742880746 -2093.3155917323124 -2093.3155917323124 -59251.61119931549
-101403.68742140457 -1242.8111557380128 -1242.8111557380128 -59243.77156000178
-103239.03251450189 -1051.7339121226883 -1051.7339121226883 -60220.18019747436
-100800.09324389775 -1697.391672514902 -1697.391672514902 -58763.33916353125
-102640.36380997235 -1512.9479970240645 -1512.9479970240645 -59759.80087011561
-103305.72914187651 -378.16419251266575 -378.16419251266575 -59889.08294399061
-105638.0229332181 51.30339548821584 51.30339548821584 -61193.864836755034
-101850.20830732163 -977.1036972706506 -977.1036972706506 -58756.03400347884
-104156.26306539898 -534.1098307556063 -534.1098307556063 -60048.21302632525
-64282.20762853301 7167.604751087407 7167.604751087407 -63219.28044096966
-73357.71467119074 7277.86873705877 7277.86873705877 -66497.24212255781
-64562.345728757005 5044.070938643448 5044.070938643448 -63993.7141874516
-73971.57371921389 4948.838994305974 4948.838994305974 -67330.75210528435
-75210.82512722553 6014.079540090221 6014.079540090221 -59799.65420451074
-82820.91979403184 5761.828617443727 5761.828617443727 -63191.77532702846
-76209.16996555818 4006.8889335078356 4006.8889335078356 -60828.51521543555
-83886.63018296451 3623.729488634036 3623.729488634036 -64295.747944986884
-82536.87950920053 4192.5459938457325 4192.5459938457325 -57664.72630516576
-88511.29505182925 3914.4417626855306 3914.4417626855306 -60615.25844488145
-83667.01782213042 2491.957194980002 2491.957194980002 -58746.19131792454
-89707.97602176749 2149.9387064876196 2149.9387064876196 -61798.927894714405
-87156.5761099436 2421.3858920286666 2421.3858920286666 -56575.92020916534
-91930.283628193 2172.6830533018974 2172.6830533018974 -58972.21789605836
-88167.14427298229 1079.4741018725676 1079.4741018725676 -57593.49508868346
-92946.33681193339 805.0651310427338 805.0651310427338 -60032.948250498695
-90800.86606219716 913.2507313479473 913.2507313479473 -56320.41115780512
-94350.20244152527 673.083849230406 673.083849230406 -58213.98126498551
-91740.71499847145 -41.54977096582931 -41.54977096582931 -57201.40066031638
-95306.24987254353 -294.68693036624495 -294.68693036624495 -59123.637312011306
-93851.95534500359 -96.44290262677458 -96.44290262677458 -56678.12969698896
-96587.57651994994 -330.90166576393176 -330.90166576393176 -58078.210895147444
-94624.6381383401 -856.8074385907396 -856.8074385907396 -57424.09671961107
-97389.03008895631 -1076.8648722275539 -1076.8648722275539 -58862.90932027732
-96437.10537177006 -583.4237835475808 -583.4237835475808 -57254.534784568576
-98865.86133248263 -777.2595014428164 -777.2595014428164 -58615.47389971069
-97141.48224812672 -1255.035196964784 -1255.035196964784 -57843.77010644701
-99558.72610781486 -1450.591667102987 -1450.591667102987 -59245.51829797453
-98865.27127789879 -676.5357135320526 -676.5357135320526 -58181.89258751738
-101390.11198912679 -744.9189027294054 -744.9189027294054 -59550.54970859106
-99129.34351593192 -1350.5649800276628 -1350.5649800276628 -58411.085966944236
-101673.4073908147 -1417.8451207392563 -1417.8451207392563 -59779.0993795218
-101434.05258926134 -444.97034385478935 -444.97034385478935 -59022.40821695044
-104221.29615875521 -333.36764115401536 -333.36764115401536 -60544.19395998197
-101113.68849175159 -1170.5027500921701 -1170.5027500921701 -58758.94739469095
-103880.77675790804 -1057.740290123484 -1057.740290123484 -60271.81747218404
-103516.05946338602 6.662029208719618 6.662029208719618 -59560.49613100645
-106575.54305289907 287.1764832710134 287.1764832710134 -61244.10414714475
-102568.73768946185 -755.3939630735642 -755.3939630735642 -58858.17530611648
-105644.99378849402 -482.7343603553366 -482.7343603553366 -60540.49202067489
-64260.43632241571 3288.5914947728807 3288.5914947728807 -64151.58314810911
-72629.97941625495 3347.5399919336132 3347.5399919336132 -67088.44314857406
-64215.58895360011 596.0425144547132 596.0425144547132 -64130.297727831974
-72672.73328716 628.4222764791834 628.4222764791834 -67021.3699928438
-74641.78662885523 2892.650013423834 2892.650013423834 -60532.07011523164
-81857.29938749222 2726.074313539319 2726.074313539319 -63700.14845869338
-74902.23001498068 518.2482244534983 518.2482244534983 -60820.95578199779
-82274.6641402555 377.55854419422997 377.55854419422997 -63966.35536861506
-81536.75818807856 2060.1388234982733 2060.1388234982733 -58108.6418636219
-87678.05403953872 1964.3504631250257 1964.3504631250257 -61125.56983105298
-81995.38681059371 169.4170664700216 169.4170664700216 -58513.98178938513
-88071.7508403372 63.97150609322793 63.97150609322793 -61545.24766284983
-86283.23634138187 1285.3638364620888 1285.3638364620888 -56889.7535557687
-91167.3123325403 1204.0953745625677 1204.0953745625677 -59461.112391614224
-86785.21077976232 -152.44786087181836 -152.44786087181836 -57324.47031457866
-91581.82620968876 -247.7375805534017 -247.7375805534017 -59910.68477618609
-90195.7496499439 669.3330440595212 669.3330440595212 -56634.140767533485
-93908.68981256684 574.102693233681 574.102693233681 -58612.89703359094
-90562.83939307167 -393.81428830586793 -393.81428830586793 -57085.55713356758
-94311.53364261394 -485.41249647226266 -485.41249647226266 -59069.373420734264
-93423.49673984929 264.4832005485365 264.4832005485365 -56983.886007503206
-96400.02447311 180.1910624999743 180.1910624999743 -58601.274444985065
-93785.21410282262 -576.3908802350434 -576.3908802350434 -57336.738617946794
-96785.45907012078 -650.8665937253782 -650.8665937253782 -58979.94397613944
-96359.93055540035 69.59437709530239 69.59437709530239 -57600.23286443556
-99104.66755473733 -0.5489176025183178 -0.5489176025183178 -59114.095773905596
-96686.6502371682 -683.6022580894379 -683.6022580894379 -57867.767132811074
-99453.18451287327 -753.5566725783353 -753.5566725783353 -59395.15445646763
-98797.32174412123 105.2194362274897 105.2194362274897 -58207.28801697202
-101856.76739525571 67.19041995559158 67.19041995559158 -59871.99391005301
-98976.63499006041 -710.3385791249974 -710.3385791249974 -58378.347469699394
-102061.07331277493 -757.5123300591545 -757.5123300591545 -60065.18573402768
-101343.90547610326 195.31715706517372 195.31715706517372 -58851.432936708145
-104581.27343823462 236.65527644915846 236.65527644915846 -60647.72640962499
-101300.48559254278 -655.2965587737831 -655.2965587737831 -58775.525766995896
-104548.39533564493 -620.7920945205094 -620.7920945205094 -60584.332053864106
-103366.08139389541 269.26648665741493 269.26648665741493 -59238.55182017282
-106911.98228776162 402.1814062756947 402.1814062756947 -61142.50090195336
-103099.52040974166 -536.7078097956553 -536.7078097956553 -58979.27965151421
-106566.22070798748 -457.69914264729846 -457.69914264729846 -60901.02556211462
