sig 640
-135523.40852674542 5483.374945221489 5483.374945221489 -242191.5800301804
-95184.44332480361 1933.5415837285095 1933.5415837285095 -195609.8609839954
-144009.57636840641 21122.863678172165 21122.863678172165 -246367.1748726652
-101856.76890659498 11967.638085830975 11967.638085830975 -199843.45184306646
-139666.28355066848 2887.9169092296297 2887.9169092296297 -291220.0580080919
-98470.63706330297 876.7316867928307 876.7316867928307 -184270.4982099317
-138310.390043687 19283.001235191776 19283.001235191776 -280538.11927057104
-98145.22601829201 9601.22457901107 9601.22457901107 -175662.17008329934
-150914.18242377142 1636.8443896901258 1636.8443896901258 -289607.2128989604
-116818.42452439219 3064.0899059982066 3064.0899059982066 -219370.30929071034
-132116.42797635554 13187.781633358592 13187.781633358592 -253298.73947881052
-96510.2599659765 7180.448310334641 7180.448310334641 -177063.43930153773
-165468.98887231806 9436.315149532758 9436.315149532758 -295909.6621447244
-138804.8149832548 1950.9227778409331 1950.9227778409331 -235910.03783212038
-132384.04602200259 4886.52547318233 4886.52547318233 -234084.80540175657
-110339.0891207511 5752.125844557942 5752.125844557942 -197771.94644886244
-161764.17350312212 2676.5199347484886 2676.5199347484886 -288784.45977531007
-154199.581373809 4372.810221961084 4372.810221961084 -255523.65996170003
-130813.12199728475 3488.55766894339 3488.55766894339 -227269.85572195938
-125567.19920468211 5931.992989458734 5931.992989458734 -216412.4338036851
-154580.38893910928 7060.93211587453 7060.93211587453 -259953.61080822407
-164170.7568035983 6952.725219997136 6952.725219997136 -296621.9175275167
-135833.26417367786 4102.172057505408 4102.172057505408 -230375.90640838403
-148345.93709162992 7234.375069837125 7234.375069837125 -246956.47149197364
-144380.15540141313 9708.636399750929 9708.636399750929 -261025.12946081138
-166185.04303570619 12889.086866927455 12889.086866927455 -306685.71616411477
-141157.57561395064 5034.797132744163 5034.797132744163 -251263.0140212043
-163565.1405986124 8568.584123852284 8568.584123852284 -298354.4663467694
-125762.17318238059 9946.453851808157 9946.453851808157 -236406.04579389314
-178491.0233315447 19225.152403803513 19225.152403803513 -337874.6164280393
-155591.3903572242 5307.28502033908 5307.28502033908 -271880.69013201393
-203045.61530294438 -4242.471059573223 -4242.471059573223 -392499.6319990356
-113144.83124657378 10725.453306824613 10725.453306824613 -216676.5412473128
-163651.40004735338 -371.8621558669538 -371.8621558669538 -330543.6846148377
-182771.34430194335 -8559.726439763974 -8559.726439763974 -337527.5390245149
-235891.3229585341 -27995.51486507521 -27995.51486507521 -464007.4382671489
-154170.66281094533 3103.5631192205306 3103.5631192205306 -279970.19255811966
-165962.41870569627 -166.6442406260005 -166.6442406260005 -291647.8855013728
-162662.90808726373 -858.8352192058212 -858.8352192058212 -298901.97680052114
-174270.22424513634 -4216.548220518731 -4216.548220518731 -310553.2962403567
-146138.2343010603 30824.676264216476 30824.676264216476 -236529.88996639027
-99509.04115052932 18892.999958103966 18892.999958103966 -183237.1325392875
-147028.38472912772 39560.83122983334 39560.83122983334 -218917.09507194167
-101396.23215517754 25780.691001764455 25780.691001764455 -169929.9933051321
-137209.06162455436 27829.349539377323 27829.349539377323 -256597.36994041706
-112391.94591096159 21716.11749445735 21716.11749445735 -215950.41203398904
-118538.19582975656 27207.994227401323 27207.994227401323 -207987.95113771426
-93167.7065570788 21220.809430812085 21220.809430812085 -169679.9829406965
-151385.031296031 23109.009376076556 23109.009376076556 -294745.3920772212
-133290.6546223268 20792.410918586138 20792.410918586138 -260434.18318328456
-104224.66887816993 19415.97570272794 19415.97570272794 -196895.79477861171
-90860.2105746057 15952.264211994323 15952.264211994323 -166085.96431008013
-174268.44441410076 20738.472744396626 20738.472744396626 -318753.4601258008
-159783.75747269345 19367.21039813624 19367.21039813624 -275668.2892336432
-103776.5408541236 14708.364018300379 14708.364018300379 -202482.03201540915
-91703.59068506588 13291.193798241922 13291.193798241922 -172597.08420725193
-182540.0830020937 21155.123245299896 21155.123245299896 -328553.3766210373
-167230.27490646334 21986.16402645505 21986.16402645505 -295359.0800661855
-117497.05491504313 12512.080800675416 12512.080800675416 -209704.53958468192
-107640.3501449155 13888.816628125138 13888.816628125138 -188306.70072736984
-181102.9172923056 20521.462375921365 20521.462375921365 -316856.4119635006
-171670.52737613916 26554.21055418236 26554.21055418236 -308298.8061416959
-131664.11006892583 16646.600811992834 16646.600811992834 -228522.66349250384
-127708.69220209666 18976.00668355431 18976.00668355431 -219196.76829652823
-164740.51115894955 22899.41768653535 22899.41768653535 -294613.9952613503
-160691.5570501549 25406.168363378893 25406.168363378893 -292848.1995688251
-142902.16700239416 18634.061345845454 18634.061345845454 -261284.28033169868
-141262.3696176145 20095.665600680688 20095.665600680688 -256262.2944704397
-140197.0221805207 22418.957971945136 22418.957971945136 -259078.01930644197
-133353.44729510558 19395.022051560874 19395.022051560874 -246276.98251974786
-167499.60075394015 26486.623646519736 26486.623646519736 -313791.91254736646
-162284.6539563131 23387.175433065946 23387.175433065946 -304309.6135591916
-102606.80238947111 13258.505860537958 13258.505860537958 -191458.81905613278
-117997.69792183855 7243.812677273358 7243.812677273358 -214279.4225620392
-207466.20045791697 14451.63253871154 14451.63253871154 -378871.5697302658
-213140.80915230582 10750.150704223965 10750.150704223965 -396504.04949804745
-75048.88511708232 10131.566652465717 10131.566652465717 -141247.72198167595
-177299.73431612758 -8956.465986144603 -8956.465986144603 -366716.68442577106
-228796.61661145644 -18237.13623505208 -18237.13623505208 -429749.33852988685
-391260.68758164777 -67069.14016710239 -67069.14016710239 -709022.8469865371
-147568.95219876608 42149.61146155114 42149.61146155114 -203076.987422728
-114300.38585588188 32333.403638197058 32333.403638197058 -167818.7111139753
-128272.7944162483 33740.22273775134 33740.22273775134 -155591.10901103393
-93036.93138326977 25643.935768573072 25643.935768573072 -121729.91390386409
-131993.96961339828 36284.9151808561 36284.9151808561 -199319.0894790261
-131171.55987869686 36920.02887584848 36920.02887584848 -192818.8180839504
-94774.86403712383 28216.244753014915 28216.244753014915 -130421.31130268543
-95262.97932365976 28602.684322511075 28602.684322511075 -126429.66489588455
-141737.02452311997 39563.22184239206 39563.22184239206 -217019.2344302518
-151716.0987895852 44679.72620495184 44679.72620495184 -215387.42658690724
-88224.3834107257 26164.90293932308 26164.90293932308 -116648.5287704535
-98259.12599862737 31477.77915237053 31477.77915237053 -123013.1380805588
-167036.07178137425 46814.00831854945 46814.00831854945 -247190.89255332513
-178393.08038297613 50353.9677989976 50353.9677989976 -244715.48419746046
-90869.0532685673 29282.899930241954 29282.899930241954 -110465.37738459566
-96850.62406465331 30376.026062559235 30376.026062559235 -113600.97419230094
-203359.54040577952 54271.92349783277 54271.92349783277 -291236.34550300834
-209425.7398078175 58312.083167194694 58312.083167194694 -271268.63320926763
-92964.23080883775 30490.578480851967 30490.578480851967 -108071.65585467897
-94589.65194026916 27184.088907652473 27184.088907652473 -104464.17410564104
-232153.6428815675 64855.610386706714 64855.610386706714 -312038.90794093284
-228224.28004905966 60836.432522947376 60836.432522947376 -307998.85978626885
-86012.82815035479 26805.566772785343 26805.566772785343 -95587.86726498911
-92074.25363160176 27168.956758376247 27168.956758376247 -96427.63852237177
-248455.70046667484 73715.05496178647 73715.05496178647 -339973.58058815217
-240374.72135080426 72617.54613541698 72617.54613541698 -326051.6890343887
-74518.95053521307 20539.6375491453 20539.6375491453 -78596.1139998878
-72574.25972328488 20467.552735137077 20467.552735137077 -74242.48988200625
-264972.07910092175 81001.47568978378 81001.47568978378 -371344.37664261565
-243543.53511057515 56397.82608327462 56397.82608327462 -322525.58916283614
-47431.85763940466 13852.153277964942 13852.153277964942 -50671.60634592116
-55567.39129697755 13719.070754087785 13719.070754087785 -53301.040652551164
-262474.43584318156 71547.94970292825 71547.94970292825 -355463.58445082506
-270300.42120234465 54982.778064743325 54982.778064743325 -309753.5802580425
-31886.94568830191 9414.509523256122 9414.509523256122 -33139.63871807361
-34220.362338386425 10580.24102240794 10580.24102240794 -33978.34125420284
-203610.2966320226 54747.67522091507 54747.67522091507 -259418.6512843418
-159757.52108154268 45282.18351054637 45282.18351054637 -210749.87515856934
-19444.04009962179 4412.545706335657 4412.545706335657 -19922.219147388227
-27.085854914611744 13.34595160495364 13.34595160495364 -24.829316625477055
-128894.28076618316 35933.414619516756 35933.414619516756 -142299.42608106733
-115031.81521304502 32634.22390357887 32634.22390357887 -132317.9323320195
-118603.34797857775 32549.844848750028 32549.844848750028 -123664.10568443756
-104573.44639443263 30019.89148834985 30019.89148834985 -113786.81129941056
-115971.18301894751 32365.98003595577 32365.98003595577 -137768.44431226247
-128310.65796572699 36265.55015897994 36265.55015897994 -147660.5648903198
-98075.16307691917 27425.43932022398 27425.43932022398 -109156.77108399672
-110504.8212531655 30522.540725579827 30522.540725579827 -118699.94174725961
-123285.00736783672 33541.4826602064 33541.4826602064 -134603.4748652802
-144544.89467168265 39810.5583041522 39810.5583041522 -149612.20137541942
-104465.01666806132 29768.652432750474 29768.652432750474 -107845.36218376062
-125486.74829176214 36585.21535711133 36585.21535711133 -123185.283792016
-135981.4297121163 39498.852981614065 39498.852981614065 -133285.80962232922
-155308.45763373259 45991.77448323245 45991.77448323245 -145099.03621011425
-118668.80522038272 34116.43964946747 34116.43964946747 -109526.10598814773
-137496.08448475154 39969.040438319586 39969.040438319586 -121345.39372733126
-147857.0512317189 40423.178311209296 40423.178311209296 -127541.41004217361
-166492.4012155952 45677.97352729198 45677.97352729198 -138097.6618869705
-129246.72944638277 34023.864584558876 34023.864584558876 -103407.61054793364
-147006.87417387465 38703.401964734905 38703.401964734905 -113940.18894695232
-156319.41240006874 35863.4987142142 35863.4987142142 -118417.80538895843
-167901.20629114972 39824.50794812198 39824.50794812198 -126230.92348076917
-136697.6887817945 29623.340044473895 29623.340044473895 -95263.33191276086
-147618.1286388236 33153.026406333665 33153.026406333665 -103506.81385116714
-153903.21776654743 27778.69873290628 27778.69873290628 -106114.03331263752
-158051.80521402156 30610.911829665594 30610.911829665594 -110036.13543203786
-137293.87237924378 24327.398767384562 24327.398767384562 -88792.06323153133
-141342.11837643618 26878.180985059822 26878.180985059822 -92534.80442527418
-142587.40144651756 21835.818329277943 21835.818329277943 -90323.00124140669
-142743.5829765486 23034.741968942093 23034.741968942093 -91567.50743943488
-134509.34720916997 20086.9896466789 20086.9896466789 -82187.41796275658
-134362.77485513256 20917.863099311005 20917.863099311005 -83409.29396649658
-134793.29374313305 8363.424090615044 8363.424090615044 -81972.4254794589
-112590.79288031683 8564.226139456834 8564.226139456834 -71358.01856447829
-131079.18178476192 13449.663371744786 13449.663371744786 -78705.94223436512
-109154.70791362331 13753.850245933965 13753.850245933965 -68414.11066228725
-103985.06849770083 -12650.600437925994 -12650.600437925994 -105802.61884932865
-41153.93844107292 -3660.6509221494634 -3660.6509221494634 -63395.49888080002
-99219.31426009594 8332.77468914883 8332.77468914883 -79141.2452956918
-33913.174968353356 6383.390045992593 6383.390045992593 -43558.19480877535
-117320.53141945036 33596.72639551986 33596.72639551986 -116226.39516541458
-116989.2528824325 33080.08764159579 33080.08764159579 -116120.11474578823
-110085.83926585103 31741.679369334743 31741.679369334743 -105677.25556853856
-109184.20977288958 31966.896222116997 31966.896222116997 -104995.71171722506
-110595.73668854547 31685.36629657415 31685.36629657415 -112759.67504874698
-132165.72858743134 38564.2462598984 38564.2462598984 -127710.7340900443
-97762.75251532874 28219.03818527737 28219.03818527737 -95777.83290592759
-118231.94331014708 35041.0822173923 35041.0822173923 -110721.71566776335
-124020.94742890101 34846.307748220745 34846.307748220745 -115998.29354547935
-143133.20098548598 40174.168894801915 40174.168894801915 -127021.84789073524
-109957.67220034903 29890.04238172399 29890.04238172399 -96291.89295115706
-128596.78219139765 34515.046812114015 34515.046812114015 -107327.07705924584
-137112.7596953644 33741.63765063498 33741.63765063498 -110495.37619881237
-152429.97827084523 37819.51663479305 37819.51663479305 -119548.63866092815
-122585.66182027962 28355.791799220788 28355.791799220788 -91832.58080919007
-137581.27077709546 32142.1949618564 32142.1949618564 -100932.20255850967
-142932.14545395307 30447.063140237304 30447.063140237304 -100631.81805230449
-156979.28368736783 33144.8814314773 33144.8814314773 -109220.18708583045
-128596.61034590068 25931.66633040458 25931.66633040458 -86426.65504299977
-142427.0344904346 28500.055962110382 28500.055962110382 -94956.02723033937
-146293.24877229074 23889.83727818887 23889.83727818887 -91715.01902709292
-152288.1046519308 25985.458387477396 25985.458387477396 -95989.07132573459
-135795.4775063079 21006.884805514157 21006.884805514157 -82538.21863732599
-141358.82680700827 22725.218168969102 22725.218168969102 -86738.79198399652
-144802.46369851968 16606.176354819967 16606.176354819967 -83842.62281819843
-141780.61098866028 17546.16239953789 17546.16239953789 -83291.79171369316
-138036.9880213135 16190.09129278663 16190.09129278663 -78714.32222973186
-135074.61006179644 17081.75490658745 17081.75490658745 -78208.7360294269
-136611.49611910683 8836.204093998611 8836.204093998611 -75099.86120802496
-126492.72055074025 9047.140311986195 9047.140311986195 -70399.10359785987
-133509.89874498374 10260.575193821003 10260.575193821003 -73495.5794765424
-123394.9076634389 10495.764369795688 10495.764369795688 -68925.33243493084
-121307.15744479428 -2940.6077540533097 -2940.6077540533097 -69656.29366678731
-95739.96080525994 -3108.6010791974495 -3108.6010791974495 -56083.09212414682
-123237.05988737565 3313.806424955369 3313.806424955369 -70947.37086115796
-97427.66802132511 2511.7421143275187 2511.7421143275187 -57399.655240039254
-90417.97978631682 -13230.044680509702 -13230.044680509702 -70867.63431844772
-42003.808576064395 -7807.928342998286 -7807.928342998286 -45421.17724587266
-94594.24947469789 79.72667261788172 79.72667261788172 -71080.44335703024
-38797.22216373958 -366.70072792399776 -366.70072792399776 -46731.590966814554
-108633.25072365398 31749.619983646655 31749.619983646655 -101971.09238209389
-121869.23612263995 34764.42008340701 34764.42008340701 -110796.26593242593
-100953.93950795186 29749.974275889857 29749.974275889857 -92132.30860131855
-113504.75237525986 33131.92957728449 33131.92957728449 -100183.78216836847
-108621.93467087115 31310.695623537482 31310.695623537482 -100897.69572474383
-128792.61805599181 36878.23349604552 36878.23349604552 -113376.785189604
-97520.77820159783 27359.477519199107 27359.477519199107 -87602.28547511669
-117702.24095298914 32162.01763133147 32162.01763133147 -99464.46654192102
-122015.71096916264 29383.666206201335 29383.666206201335 -96090.1052736791
-138134.97931560877 32737.187048478052 32737.187048478052 -105140.98071138673
-112860.98106174756 25851.316788052198 25851.316788052198 -84842.28942346654
-128778.1115652496 28862.77545317993 28862.77545317993 -93703.32802471203
-131059.95749941783 26745.557453750123 26745.557453750123 -90183.06810313294
-144358.32502505474 29060.781439667335 29060.781439667335 -98128.76126100884
-122568.82232795283 23564.588293583314 23564.588293583314 -81070.63083696974
-135444.6805137601 25843.935919862182 25843.935919862182 -88978.07685114477
-136211.97837828973 21966.14960619063 21966.14960619063 -84197.12963479359
-144422.79954527973 23337.38674683105 23337.38674683105 -89174.85561658948
-129159.0416277103 19837.853149234583 19837.853149234583 -77996.13090344176
-137516.53498247103 21111.585051081718 21111.585051081718 -82733.54179421515
-138725.53334080364 15811.735056247275 15811.735056247275 -78394.05198413917
-140196.63509841738 16611.893258257485 16611.893258257485 -79658.86537564141
-134033.59349170607 14908.359497644076 14908.359497644076 -75021.02083999208
-135571.87938987173 15660.030436015684 15660.030436015684 -76267.09147953634
-136877.12044145341 8332.702123652689 8332.702123652689 -73039.50460537395
-130673.93893132218 8739.275186338953 8739.275186338953 -70285.41858520472
-134128.68639587637 9219.684050202437 9219.684050202437 -71384.00924918734
-127858.19233764081 9528.629467144463 9528.629467144463 -68732.03688005028
-127695.93755039721 87.13767580499623 87.13767580499623 -68268.15742915808
-113325.23518655245 -29.187839790372003 -29.187839790372003 -61516.23755767062
-127416.55935630435 2613.3260458388077 2613.3260458388077 -68047.1433415947
-113170.48627540434 2464.322069082309 2464.322069082309 -61140.01076758181
-114112.3731250556 -7687.914126298772 -7687.914126298772 -67518.14779250955
-87648.15849702145 -7498.267164023564 -7498.267164023564 -53580.143386461255
-116144.46037111928 -2659.362302334792 -2659.362302334792 -67809.24603638695
-89990.96414786458 -2940.8888168108642 -2940.8888168108642 -53501.259803547546
-89673.03888927563 -11046.58074718598 -11046.58074718598 -70647.58148558732
-53700.39453310929 -8440.81915938998 -8440.81915938998 -54557.858626186084
-89732.81815300338 -1115.7268284719044 -1115.7268284719044 -66672.5474696067
-51407.198831654045 -381.83427832540445 -381.83427832540445 -50511.14655797253
-98800.72575713672 29469.519463198478 29469.519463198478 -87526.27974408242
-119023.5726375712 35685.97620895796 35685.97620895796 -100697.56516306971
-91313.68948118646 27320.07544627535 27320.07544627535 -79753.72232024578
-110390.26454307589 33554.41150216761 33554.41150216761 -94021.14431766632
-105368.98087309042 26858.48619013526 26858.48619013526 -86843.86858143337
-122959.4892869085 30567.051723074077 30567.051723074077 -96800.63152031357
-98708.19244905717 24003.925658176082 24003.925658176082 -78733.70440016201
-116244.63743933669 27257.083596198347 27257.083596198347 -88605.49536743792
-117927.31776156474 24455.27348380231 24455.27348380231 -83093.24280330316
-132142.15211895673 26827.698754167563 26827.698754167563 -90965.94792785696
-112329.80086496894 22111.481245947118 22111.481245947118 -76520.08725085898
-126449.02985986666 24220.31340676848 24220.31340676848 -84264.96624140724
-126386.68838680323 20851.36143587614 20851.36143587614 -78796.32551674092
-135860.98863085257 22166.39926355565 22166.39926355565 -84483.91227394404
-121568.25601735766 19007.768926347548 19007.768926347548 -74198.2130182538
-130968.44979917165 20230.372942870985 20230.372942870985 -79596.97184426751
-129882.8537931977 15774.729689340398 15774.729689340398 -74175.94322283738
-135315.32065005787 16428.70677489468 16428.70677489468 -77063.15035244865
-126958.95247722117 14715.188960335287 14715.188960335287 -71749.99590711364
-132369.59584325444 15383.478413151242 15383.478413151242 -74653.01751365534
-131305.25245315584 9774.138235511244 9774.138235511244 -69891.20401630724
-130728.73492527008 9971.347370455178 9971.347370455178 -69712.54026660872
-130062.12910014889 9769.91044152273 9769.91044152273 -69110.81810122155
-129509.40053252001 9956.479396454848 9956.479396454848 -68929.51317979288
-128368.46193358241 2501.57017745589 2501.57017745589 -66761.80521908276
-120945.16537212583 2481.019599518578 2481.019599518578 -63261.78371863957
-127927.89788053864 3685.220102696776 3685.220102696776 -66505.13234358616
-120490.82522134125 3640.969829734826 3640.969829734826 -62981.56281226069
-120167.32517760027 -4285.573068467438 -4285.573068467438 -65177.12773541167
-104845.32538071775 -4274.931337007591 -4274.931337007591 -57813.58689459252
-121078.47553106093 -1733.748769982294 -1733.748769982294 -65146.074017740124
-105687.74261860919 -1997.6882245899765 -1997.6882245899765 -57473.20098330451
-110238.16525474098 -8955.956090817901 -8955.956090817901 -66421.10301092768
-87746.14041585976 -8455.908481629696 -8455.908481629696 -54644.689580946324
-111078.59839245479 -4849.729872664806 -4849.729872664806 -65199.39518242752
-88461.62579095078 -4727.9971295356 -4727.9971295356 -53222.61761120282
-91000.60106267789 -8883.171376549253 -8883.171376549253 -67366.16749900386
-64386.10046331941 -8042.988488151586 -8042.988488151586 -55329.621374371556
-90449.27530142377 -1713.0212181452753 -1713.0212181452753 -64379.11526343909
-63695.63520727954 -1160.7603334497605 -1160.7603334497605 -52012.57247145184
-88013.01463306192 25801.483823249167 25801.483823249167 -76260.04966026539
-109426.2179237883 33006.67919639095 33006.67919639095 -93432.04965217874
-82119.08061336825 23471.96382038055 23471.96382038055 -71930.43523113609
-103961.21151702109 30549.74313976471 30549.74313976471 -88709.2935058452
-101956.12801596471 23062.084911978734 23062.084911978734 -77254.24759864518
-118251.30806662519 25642.15519972515 25642.15519972515 -86061.7878574383
-98251.4098891588 21151.558685305143 21151.558685305143 -72116.08363408706
-113902.92847762187 23759.504491265572 23759.504491265572 -81094.80524285354
-114277.10383095706 20457.53516347953 20457.53516347953 -74547.01041330614
-125833.62693261406 21937.31141820992 21937.31141820992 -80781.69303376561
-111160.61566556768 18807.70288035481 18807.70288035481 -70869.85018105998
-122742.13340920789 20162.825992681526 20162.825992681526 -76986.83805142851
-120459.81601024994 16037.457172020928 16037.457172020928 -70979.8828631291
-128030.71458494477 16687.49405283294 16687.49405283294 -75091.5966994031
-118887.28991606126 14985.287550695433 14985.287550695433 -69212.4551073968
-126622.95704892777 15601.641155263856 15601.641155263856 -73218.35996057642
-123833.50684256831 11086.348032758684 11086.348032758684 -67507.10592182656
-127252.66546143041 11214.056532132516 11214.056532132516 -69143.95768369535
-123756.22593259683 10703.130085116325 10703.130085116325 -67215.09564118621
-127202.75956620327 10830.731159835204 10830.731159835204 -68866.7038510961
-124289.35215957453 5137.701543662699 5137.701543662699 -64635.28085691323
-122583.34838120817 4991.445042241125 4991.445042241125 -63760.12212182241
-124914.63898974382 5521.868462005719 5521.868462005719 -65106.870708823066
-123185.97621556465 5366.526743498779 5366.526743498779 -64214.01192438076
-120894.31622183045 -814.1552903341614 -814.1552903341614 -63041.417461900244
-113322.4013459884 -1116.5987659366779 -1116.5987659366779 -59384.818995888476
-122118.77139967245 340.75269435120435 340.75269435120435 -63628.48277466392
-114575.38124037065 58.16905764311764 58.16905764311764 -60006.80557616483
-114671.76634239109 -6014.547462487874 -6014.547462487874 -63246.457196036295
-100848.72066685832 -6011.892199119962 -6011.892199119962 -56500.42622905941
-115488.87069502292 -4010.4998284348558 -4010.4998284348558 -63137.33541406467
-101915.61562254875 -4070.0893445855363 -4070.0893445855363 -56371.94585991554
-107608.06646935496 -8770.360681592429 -8770.360681592429 -64850.08382153041
-89386.24549768362 -8267.653183934715 -8267.653183934715 -55356.07284683441
-107856.33139387256 -5508.3547953171 -5508.3547953171 -63472.087422664044
-89573.03690593241 -5311.102680767814 -5311.102680767814 -53809.6910705125
-94431.26657040566 -7360.607456977097 -7360.607456977097 -66099.5684627866
-75601.1884574769 -6712.373420999267 -6712.373420999267 -56808.627271564575
-92745.39326911594 -2091.4056844146403 -2091.4056844146403 -62659.80987864588
-74069.4786463863 -1402.1147513349842 -1402.1147513349842 -53232.93502915189
-78965.29577739492 22084.703668679664 22084.703668679664 -69333.05724419444
-102202.03084459844 28300.699486160636 28300.699486160636 -85922.54114062176
-74477.96824862399 20393.841164014702 20393.841164014702 -66318.90090294924
-98747.55649906777 25958.077951432177 25958.077951432177 -81814.2365481824
-98341.58658399315 20079.982602903277 20079.982602903277 -70112.45125084349
-112676.44267918036 22218.07897018624 22218.07897018624 -78264.3243366137
-96750.8919454075 18739.224248471844 18739.224248471844 -67600.55881863527
-111238.0726926254 20727.513322722014 20727.513322722014 -75851.91664282807
-109632.04697025096 16869.809939881154 16869.809939881154 -68576.06748927229
-118976.22398729822 17609.432450661043 17609.432450661043 -73064.56547408423
-109333.9524809502 15840.636984862227 15840.636984862227 -67462.0052596545
-118545.4468879223 16472.727356562486 16472.727356562486 -71936.12660268591
-114721.19606464871 12521.257969818318 12521.257969818318 -65498.40090068345
-121091.42954457429 12643.027489344728 12643.027489344728 -68564.87187093681
-115768.39318061854 11920.256026002287 11920.256026002287 -65772.01465757017
-122203.07525009595 12009.526706639466 12009.526706639466 -68782.75667665931
-117805.80439918864 7422.70909456787 7422.70909456787 -63154.96188590946
-120174.40062978391 7222.809958950787 7222.809958950787 -64165.35123241252
-119426.27515650405 7286.444239532363 7286.444239532363 -64183.78912588753
-121779.42249333832 7131.47779498821 7131.47779498821 -65221.22334826992
-117941.02888973369 2220.651034157495 2220.651034157495 -61427.59987607546
-116143.33085462639 1857.4613058106515 1857.4613058106515 -60520.068703166224
-119785.06664773756 2551.58642527643 2551.58642527643 -62671.06447213185
-117982.21891580393 2182.149135659417 2182.149135659417 -61714.860974770134
-114861.24624020435 -2812.867408788746 -2812.867408788746 -60771.56888881084
-108133.92779119601 -3107.594724484272 -3107.594724484272 -57579.311499689975
-116632.92430332808 -1815.7112087299179 -1815.7112087299179 -61763.81657484834
-109851.40570350211 -2175.3710225541545 -2175.3710225541545 -58507.494532475714
-110487.99683792483 -6388.853019608051 -6388.853019608051 -61638.04491121909
-98934.79831320822 -6452.248206337645 -6452.248206337645 -55928.24509291057
-111740.05305657799 -4827.251525842217 -4827.251525842217 -61830.971206743845
-100271.62737288688 -4967.583497568509 -4967.583497568509 -56172.31796054587
-106082.3908901123 -7892.549709775933 -7892.549709775933 -63371.66511002959
-92375.4696268695 -7540.095123841646 -7540.095123841646 -56103.97553147812
-105849.22253289717 -5410.300939297176 -5410.300939297176 -62047.25845861622
-92150.98454745751 -5195.641266893692 -5195.641266893692 -54744.513398714014
-97959.36261613824 -5843.718487073467 -5843.718487073467 -64675.43815570927
-85757.65875608195 -5059.761953858258 -5059.761953858258 -58154.75395672054
-95566.69944399812 -2282.125336411048 -2282.125336411048 -61148.19762426743
-83195.10814980984 -1550.3487489837207 -1550.3487489837207 -54717.21118300177
-72155.66799460267 19414.167921507884 19414.167921507884 -64584.09577610188
-96256.32124135162 24194.272643828008 24194.272643828008 -78991.24454058449
-70355.32980808085 18786.2008960469 18786.2008960469 -63045.38997089619
-95200.29497346909 22933.65253308043 22933.65253308043 -77066.28806573285
-94734.82086909113 17473.927742364154 17473.927742364154 -65481.95793931299
-106914.20807089492 19051.49683884009 19051.49683884009 -72259.35058931443
-95161.55501696384 16968.2371690114 16968.2371690114 -64954.00008579805
-107670.91144288228 18003.773959791044 18003.773959791044 -71728.52637351541
-104812.81911812622 13910.141206869213 13910.141206869213 -63931.04242898497
-112648.08123778288 14302.042723959261 14302.042723959261 -67732.3799126121
-105932.13928211259 13193.385068760796 13193.385068760796 -64299.53301013345
-113853.73450951077 13607.153575652203 13607.153575652203 -68149.85783560993
-110008.09994468816 9624.730366858923 9624.730366858923 -61817.95837173206
-115140.70739395701 9437.968574099823 9437.968574099823 -64140.43209140663
-112053.8544409989 9152.023502320431 9152.023502320431 -62956.96774467808
-117233.78657774419 8970.973603930724 8970.973603930724 -65211.423914357256
-112011.65869912335 4975.6977300309245 4975.6977300309245 -59977.37255020254
-114363.98007349465 4552.731984189243 4552.731984189243 -61047.968360390296
-114572.03863836269 4849.590672558948 4849.590672558948 -61626.50018133399
-116919.14960321349 4389.655129701639 4389.655129701639 -62744.240752725644
-112339.3010254403 299.36638720981534 299.36638720981534 -59166.04645977605
-110972.63580385322 -132.39650796325196 -132.39650796325196 -58530.03702584832
-114766.54948548714 482.6609271884157 482.6609271884157 -60737.753540792764
-113397.00854569543 41.599553585386076 41.599553585386076 -60097.822541184745
-110113.73206572894 -3770.9868428721434 -3770.9868428721434 -59314.23238923436
-104722.67407817626 -4072.4994960671947 -4072.4994960671947 -56774.827542108775
-112129.70173876976 -3069.874627642899 -3069.874627642899 -60513.173098858206
-106719.30189581335 -3420.25266130664 -3420.25266130664 -57940.24841964548
-107614.2458831704 -6174.8644854746 -6174.8644854746 -60450.113072965956
-98705.60127405966 -6296.80901783469 -6296.80901783469 -55946.5721493835
-108974.47533487409 -4995.827215943289 -4995.827215943289 -60812.98672290077
-100032.73532874044 -5134.645857414296 -5134.645857414296 -56300.5365688907
-105334.00476411915 -6719.464450753725 -6719.464450753725 -62048.634222432214
-95990.5468257217 -6425.607625171027 -6425.607625171027 -56982.54531543034
-104483.64465003161 -4917.158235349715 -4917.158235349715 -60731.338381112306
-95190.38019800467 -4696.640981827265 -4696.640981827265 -55714.579784612535
-101358.94308655472 -4325.570428685996 -4325.570428685996 -63296.517170767234
-94150.11851201947 -3482.5024110940894 -3482.5024110940894 -59300.07018506986
-98403.58439008522 -2275.9209425956747 -2275.9209425956747 -59882.19597504253
-91121.78378730934 -1422.0997335337538 -1422.0997335337538 -56104.934543489195
-68657.25379412525 17676.726330849124 17676.726330849124 -61436.25838550966
-91238.09643740996 21189.08043465302 21189.08043465302 -73908.70075298
-68470.53080164848 16968.414606847346 16968.414606847346 -60704.36933596422
-91397.93732491562 20008.66625537925 20008.66625537925 -73207.65989864022
-90562.14518838962 15597.552481343557 15597.552481343557 -61732.8760058564
-101803.31183110952 16215.406466031316 16215.406466031316 -67746.10695959425
-92306.03048524375 14736.950041936823 14736.950041936823 -62704.748065027256
-103873.60353873121 15269.023823369313 15269.023823369313 -68681.74749759474
-99427.08735987727 11557.686415354296 11557.686415354296 -60577.18255942027
-107208.193861102 11778.149151460742 11778.149151460742 -64288.72259887575
-101496.7805624102 10952.476799152331 10952.476799152331 -61842.349960505686
-109380.96871967422 11101.37737897758 11101.37737897758 -65644.10456589727
-105206.74882139672 7379.6918054288535 7379.6918054288535 -59295.16240509366
-109849.82221098349 7150.801353494928 7150.801353494928 -61428.11460422212
-107583.3860265238 6977.220276410505 6977.220276410505 -60852.13585336923
-112198.88576170575 6728.838831691957 6728.838831691957 -63042.99103003284
-107375.79096648996 3195.3388574805667 3195.3388574805667 -58118.785025561476
-109648.47308352237 2703.28097476553 2703.28097476553 -59111.88590536441
-109977.1248174778 3012.955863141631 3012.955863141631 -59975.66765405521
-112170.92880639249 2479.8589088181634 2479.8589088181634 -60991.154577182584
-107365.76531965086 -826.9564918349602 -826.9564918349602 -57689.28844575449
-106806.37252000715 -1323.1565980009914 -1323.1565980009914 -57479.94841223309
-110230.4482685954 -794.6204919382741 -794.6204919382741 -59587.097945640984
-109643.31756407148 -1324.3509885799838 -1324.3509885799838 -59333.75297186615
-106437.14403025077 -3928.9776442927796 -3928.9776442927796 -58254.867889036715
-102555.80507797541 -4349.035180185304 -4349.035180185304 -56514.90950997346
-108777.21404079383 -3523.7872823759803 -3523.7872823759803 -59645.437089663836
-105034.42689449241 -3957.702068854418 -3957.702068854418 -57865.76282104102
-105668.9323645907 -5616.328852157851 -5616.328852157851 -59520.287348925274
-99819.14732044672 -5755.945528420085 -5755.945528420085 -56575.9588781516
-106683.95564891196 -4773.567469527331 -4773.567469527331 -59914.96939157376
-100864.33775403898 -4930.110829542986 -4930.110829542986 -56970.35741026338
-105178.0888699298 -5446.626024224352 -5446.626024224352 -61024.37281083202
-99899.91853848644 -5114.47046925447 -5114.47046925447 -58038.59365376461
-103774.78866935488 -4311.2020315625305 -4311.2020315625305 -59748.11448242113
-98477.60183937811 -3975.146298605183 -3975.146298605183 -56818.07555001299
-104356.47804402115 -3090.7935987232354 -3090.7935987232354 -62237.63715762295
-101099.17128756661 -2091.028643207803 -2091.028643207803 -60271.521654339274
-100731.90219689773 -2147.3348498374185 -2147.3348498374185 -59050.27470964154
-97324.6455033418 -1088.724497119717 -1088.724497119717 -57191.85311706915
-67103.78015462011 16110.278604086401 16110.278604086401 -59677.25133196406
-86270.30520321055 18749.831020320766 18749.831020320766 -70122.35568175899
-67073.72207439656 15104.233558893979 15104.233558893979 -59915.398040187916
-86836.81683549141 17661.279006085708 17661.279006085708 -70417.56545628812
-86476.88779452784 13459.707743668525 13459.707743668525 -59528.571830279056
-97016.77481181068 13874.61689715277 13874.61689715277 -64912.79885120628
-88644.86272470874 12621.983604061083 12621.983604061083 -61013.36538353078
-99547.95389465778 12807.03449514092 12807.03449514092 -66404.78360276489
-94609.94868005898 9693.288937561832 9693.288937561832 -58339.06931409199
-102307.71175352487 9666.931393471072 9666.931393471072 -62199.046414325596
-97449.32098284297 9067.379817504754 9067.379817504754 -60205.62168105182
-105194.96830099316 8895.783980761238 8895.783980761238 -64132.73278244403
-100511.10044348463 5826.660102391181 5826.660102391181 -57594.96095718245
-105267.03150444847 5524.271939255874 5524.271939255874 -59777.947522436254
-103058.27396348084 5329.3946354240325 5329.3946354240325 -59556.34365050508
-107793.64025087187 4925.283414580128 4925.283414580128 -61755.83160916021
-102963.17862069607 1919.9298272116553 1919.9298272116553 -56998.60521038264
-105293.85930784675 1444.6190267759066 1444.6190267759066 -58069.82317566173
-105456.11542350863 1631.483538161318 1631.483538161318 -58751.26840894586
-107809.08364194827 1195.0771550095149 1195.0771550095149 -59868.13945048741
-103876.06619290335 -1377.2660645686076 -1377.2660645686076 -56783.92337082324
-103856.34022922497 -1902.387850409706 -1902.387850409706 -56881.00202985505
-106410.41592124704 -1455.2414766697802 -1455.2414766697802 -58601.31424628724
-106387.59570624826 -2040.1869127892724 -2040.1869127892724 -58686.30442862836
-103803.5743351382 -3714.391602144312 -3714.391602144312 -57494.52867176599
-101821.46882758218 -4099.2498353313085 -4099.2498353313085 -56628.686011396094
-106015.52332597562 -3554.0061513837763 -3554.0061513837763 -58853.88409768776
-104021.22272145658 -3985.34402849155 -3985.34402849155 -57947.619008505026
-104260.5238055682 -4663.048528186715 -4663.048528186715 -58685.86858576536
-101586.12693587302 -4781.57459685341 -4781.57459685341 -57464.947522251416
-104966.54567975382 -4311.142221158951 -4311.142221158951 -59063.141035333356
-102318.56908590377 -4389.531381035419 -4389.531381035419 -57876.98929681084
-105188.15903216916 -4097.2817044978765 -4097.2817044978765 -60311.825317094765
-103394.63346083663 -3758.755249397952 -3758.755249397952 -59254.51883943913
-103668.70683673512 -3675.8220796847527 -3675.8220796847527 -59106.80917301125
-101855.5795625476 -3374.7356430952996 -3374.7356430952996 -58083.99946657523
-106456.31851055444 -2082.1338761342677 -2082.1338761342677 -61427.2386450434
-106050.66615475004 -1070.283408757401 -1070.283408757401 -61219.725863828484
-102778.19544574541 -1846.1113158437531 -1846.1113158437531 -58682.0271440642
-102408.27835442791 -958.1088537020438 -958.1088537020438 -58475.20794036048
-65411.970059806205 14098.947926529325 14098.947926529325 -59521.75882759695
-81681.95735306361 15942.439245317302 15942.439245317302 -67897.10473699193
-65422.16612612158 12718.567425572404 12718.567425572404 -60265.6082762506
-82568.22792811377 14176.167848359833 14176.167848359833 -68568.92340788402
-82583.32044848788 11575.05830680716 11575.05830680716 -58226.89486895387
-92553.92518655297 11664.183059308696 11664.183059308696 -63211.31332157025
-84921.87633774336 10516.544003340407 10516.544003340407 -60059.33501887858
-95210.74628075915 10488.540261863134 10488.540261863134 -64978.1880312949
-90733.38714992598 8153.950077434132 8153.950077434132 -56903.42183871922
-98225.79126744611 7936.055734510237 7936.055734510237 -60658.187555085344
-93626.70384045914 7304.395685230347 7304.395685230347 -58857.93866079247
-101227.1211783147 6881.9061793604515 6881.9061793604515 -62694.36025773329
-95919.87145886486 4629.411659768943 4629.411659768943 -56072.9481915672
-101111.38730272876 4182.914172880637 4182.914172880637 -58747.061276322915
-98754.2333152353 3913.869878864997 3913.869878864997 -58171.37084979143
-104028.5384591198 3359.422283074015 3359.422283074015 -60809.54559567955
-98926.14970636595 1206.8243098617907 1206.8243098617907 -56021.33301062141
-101960.25830503713 735.3878163816495 735.3878163816495 -57480.42172699016
-101411.967823998 752.6788310132556 752.6788310132556 -57841.319236754774
-104353.98464914534 212.86783870820682 212.86783870820682 -59317.6685227758
-101020.70316687103 -1485.650419720152 -1485.650419720152 -56334.186971596966
-101955.232205121 -1941.1347144276106 -1941.1347144276106 -56821.063179986195
-102965.99653115011 -1718.6161984282746 -1718.6161984282746 -57905.55355601851
-103870.21044346051 -2184.227924547915 -2184.227924547915 -58387.6628142427
-102248.7678854208 -3194.5684035847507 -3194.5684035847507 -57164.24815802238
-102018.696101315 -3441.08037366172 -3441.08037366172 -57111.886785955125
-103570.13379567239 -3246.8566528582182 -3246.8566528582182 -58214.12429429821
-103350.84957470401 -3512.0966881729646 -3512.0966881729646 -58167.7337575341
-103533.15094078184 -3619.0208621763204 -3619.0208621763204 -58358.03749584541
-103412.54967403157 -3674.7781655175286 -3674.7781655175286 -58316.35966662172
-103791.3894350117 -3617.0244584650836 -3617.0244584650836 -58532.71804177361
-103666.74458015943 -3658.1734640059613 -3658.1734640059613 -58500.493670222844
-105294.3722621189 -2870.686330501322 -2870.686330501322 -59592.35091438768
-106103.27413550539 -2630.017643655306 -2630.017643655306 -59942.2385758418
-104152.60958984909 -2955.8647356963697 -2955.8647356963697 -58718.316820764645
-104965.47055764939 -2703.1515324545117 -2703.1515324545117 -59078.24896841273
-107448.2746977803 -1231.7749334801401 -1231.7749334801401 -60583.46506056631
-109338.48704004675 -519.4492597082277 -519.4492597082277 -61413.533761734165
-105010.1554872222 -1538.8871115811864 -1538.8871115811864 -58580.81377835574
-106823.55274849392 -854.6067985071904 -854.6067985071904 -59458.043857513105
-64558.98665547821 11561.56356015812 11561.56356015812 -60294.550505527994
-77780.53742783936 12407.096181359579 12407.096181359579 -66399.6315017103
-65323.7356487518 9972.143902910067 9972.143902910067 -61509.60881364606
-79488.16865076445 10312.401662490629 10312.401662490629 -67296.54456539062
-79169.2682431582 9328.182745922015 9328.182745922015 -57853.2882241963
-88997.5895157597 9270.154033480036 9270.154033480036 -62367.23034463435
-81581.6435285748 8057.730630549071 8057.730630549071 -59661.1612728174
-91342.29064956118 7734.1874053598995 7734.1874053598995 -64254.24394247258
-87586.38247108184 6521.247042790599 6521.247042790599 -56282.952841700586
-94893.20368780803 6200.291491858445 6200.291491858445 -59760.10779088107
-89962.2285842522 5377.1086369616805 5377.1086369616805 -57986.28314680527
-97246.1304320052 4880.34300246173 4880.34300246173 -61652.01067325668
-92549.08182569129 3629.0141108081007 3629.0141108081007 -55263.85747742684
-98046.53466098887 3175.8812215632242 3175.8812215632242 -58109.63534364031
-94875.90063365638 2647.397819066953 2647.397819066953 -56893.479757228735
-100550.65440534784 2050.904985091189 2050.904985091189 -59808.26464613294
-95797.87769460304 963.3890140083898 963.3890140083898 -55174.88114711892
-99615.00861230372 488.3296425942349 488.3296425942349 -57194.3664268574
-97826.83824653161 231.98619581533222 231.98619581533222 -56643.366313590515
-101727.38653646984 -312.9501837176606 -312.9501837176606 -58666.75115594754
-98570.12108272598 -1138.3461900033108 -1138.3461900033108 -55887.680696335876
-100746.19231305277 -1478.0270061310857 -1478.0270061310857 -57081.341566246934
-100176.6091497283 -1617.034852963282 -1617.034852963282 -57086.136441016075
-102373.4036357999 -1982.5703757193278 -1982.5703757193278 -58298.15137488605
-100875.6425053987 -2364.8302185545526 -2364.8302185545526 -57053.94618505012
-102266.33921120966 -2549.1284169239716 -2549.1284169239716 -57752.378331965236
-101709.9184399091 -2640.782913384901 -2640.782913384901 -57701.75488783847
-103083.04691647328 -2817.071573577462 -2817.071573577462 -58412.914039540396
-103208.15927951867 -2572.3141746193405 -2572.3141746193405 -58153.82220666339
-104743.20183405111 -2569.882292519091 -2569.882292519091 -58893.24476935103
-103222.39358269046 -2855.4953855927074 -2855.4953855927074 -58193.0209563942
-104774.63538657517 -2866.326362958289 -2866.326362958289 -58903.83683000459
-105711.9853648527 -1848.6220243547343 -1848.6220243547343 -59071.00819432767
-108109.92433451494 -1639.8359497540896 -1639.8359497540896 -60237.34778105439
-104925.19504510515 -2280.9275598308272 -2280.9275598308272 -58474.223169312245
-107270.72259271526 -2071.9745979727345 -2071.9745979727345 -59649.602916589974
-108427.84680753593 -589.7823737489364 -589.7823737489364 -59809.12718186374
-111751.13215428952 -98.06941108004517 -98.06941108004517 -61458.52488162459
-106531.46933156718 -1156.6786311450023 -1156.6786311450023 -58517.1980988357
-109815.8395276266 -708.7438532375224 -708.7438532375224 -60066.16140603061
-64547.501881803684 8407.494900358357 8407.494900358357 -61975.68506813576
-75763.57507708496 8505.323388919089 8505.323388919089 -66105.75417317917
-65053.310159428205 6020.017090800826 6020.017090800826 -63234.39900615426
-76711.43055413516 5860.576707667394 5860.576707667394 -67428.2514212741
-77210.27350231977 6920.822318401296 6920.822318401296 -58231.44555852824
-86604.57530011113 6649.336234110428 6649.336234110428 -62590.490739235436
-78699.5427742195 4717.637601851066 4717.637601851066 -59679.58705804686
-88307.34606207555 4230.894678771402 4230.894678771402 -64127.68939757611
-85006.38559081695 4699.286908649741 4699.286908649741 -56093.288599290994
-92533.36745461475 4402.451067794512 4402.451067794512 -59806.31930214642
-86635.78712535797 2883.733280603256 2883.733280603256 -57304.752746445214
-94190.456626062 2470.532558579396 2470.532558579396 -61202.142596312704
-90312.59337337232 2592.1958956373883 2592.1958956373883 -54985.58344239758
-96213.84072238274 2321.9577308929743 2321.9577308929743 -57950.07348150946
-91681.259020324 1166.951247384874 1166.951247384874 -56080.62863182668
-97637.16809994768 817.4392909131994 817.4392909131994 -59192.686327993084
-93847.38694944012 856.1477809324779 856.1477809324779 -54840.21490744271
-98221.7385767177 564.6420053936549 564.6420053936549 -57159.53209145151
-95322.38106214526 -133.34722128163168 -133.34722128163168 -55848.96959236826
-99707.63665144843 -514.6740222198976 -514.6740222198976 -58281.47129869932
-96933.21381346311 -489.52787487634873 -489.52787487634873 -55564.741584112366
-100092.74970600639 -741.2575096263477 -741.2575096263477 -57236.91775032315
-98137.85414076636 -1206.9884534663024 -1206.9884534663024 -56359.206957348644
-101298.53957591378 -1486.4201412665734 -1486.4201412665734 -58107.75227195466
-99904.78647658476 -1289.3703250436174 -1289.3703250436174 -56624.8130596121
-102421.11751884407 -1430.6889821939872 -1430.6889821939872 -58032.52627126928
-100531.21942975686 -1854.9469920780034 -1854.9469920780034 -57159.86226072661
-103047.7905436294 -1997.2383675219187 -1997.2383675219187 -58583.239010187324
-102911.35429465158 -1434.1414064324786 -1434.1414064324786 -57936.702254232325
-105693.50079206131 -1418.467301089709 -1418.467301089709 -59179.465350097555
-102907.1849768622 -1969.3751280709234 -1969.3751280709234 -57996.933502595864
-105706.89106875387 -1962.5272647695804 -1962.5272647695804 -59252.581939803444
-106165.2252552844 -933.4083696020881 -933.4083696020881 -58821.02486535967
-109596.62438054229 -717.2731872585491 -717.2731872585491 -60519.981880595486
-105527.95756329397 -1580.6293772262786 -1580.6293772262786 -58459.78213387496
-108968.7276494544 -1377.604993066231 -1377.604993066231 -60133.40558959182
-108915.65725254343 -136.8157727618776 -136.8157727618776 -59402.08976494445
-113157.73962758842 208.79530380323797 208.79530380323797 -61551.16461993739
-107594.1111081844 -829.1039778339518 -829.1039778339518 -58524.90364523651
-111851.05429887006 -512.358881006505 -512.358881006505 -60644.82461714894
-64641.05751333832 4020.503377770436 4020.503377770436 -63566.12622921025
-74818.99886439812 4045.3345063063243 4045.3345063063243 -67140.2892117051
-64683.073389418205 803.8340910386329 803.8340910386329 -63693.99460542662
-74971.99816821558 775.2660701016434 775.2660701016434 -67274.46123170771
-76518.33191147979 3446.8867331969113 3446.8867331969113 -59098.50385050547
-85449.46200282927 3255.7227648164317 3255.7227648164317 -63268.586268825304
-77146.6963721561 604.3745052691529 604.3745052691529 -59538.54509734212
-86006.05786726747 392.5591001999687 392.5591001999687 -63774.75832353001
-83933.9545685804 2436.2223853853893 2436.2223853853893 -56307.50517171779
-91593.51016135461 2294.5583408047078 2294.5583408047078 -60334.62017292438
-84701.68377059505 156.58206757249218 156.58206757249218 -56798.73495016095
-92273.32744658401 12.462523721578693 12.462523721578693 -60923.89737958045
-89218.52154213938 1444.787243644214 1444.787243644214 -55162.40319966595
-95366.40952424488 1343.4168084047228 1343.4168084047228 -58374.98043434715
-89804.10293786273 -187.2546204156131 -187.2546204156131 -55612.50218302122
-95995.10146109526 -293.63002670596745 -293.63002670596745 -58892.661115079
-93257.90558403946 709.8099463870112 709.8099463870112 -55002.86452572251
-97839.10932305966 615.14832946822 615.14832946822 -57473.97060886137
-93853.77517244741 -419.3702687705703 -419.3702687705703 -55438.58206219617
-98434.92962377393 -573.4046390539909 -573.4046390539909 -57953.19570143582
-96293.56100386221 151.19293751630076 151.19293751630076 -55599.70131921565
-100000.56860465942 100.29586169657532 100.29586169657532 -57621.6088037352
-96747.15773398925 -716.5090870430461 -716.5090870430461 -55881.34327903432
-100482.80594579932 -787.1675332756831 -787.1675332756831 -57914.40281822249
-99461.75753336497 -205.8002272688094 -205.8002272688094 -56658.005882999714
-102656.54922063975 -234.83043087829486 -234.83043087829486 -58353.57400803341
-99757.96589156496 -911.1878593654161 -911.1878593654161 -56810.00576346591
-102945.41457980516 -958.8714043934481 -958.8714043934481 -58526.49539098278
-102699.71735762055 -301.83603671654123 -301.83603671654123 -57788.55794537617
-106208.25760467286 -218.15075948219555 -218.15075948219555 -59451.66310552891
-102823.0160606586 -915.7549836163894 -915.7549836163894 -57891.81359787282
-106280.50231146881 -895.6991047224718 -895.6991047224718 -59554.16880950085
-106194.80293636829 -53.60816797301392 -53.60816797301392 -58686.31728349058
-110184.82869335229 38.47747553697227 38.47747553697227 -60651.532413598245
-106085.01151581065 -770.4711724364346 -770.4711724364346 -58566.173665471506
-110055.9289091781 -691.3898705940233 -691.3898705940233 -60566.11945250443
-108845.18407026122 217.93192625251723 217.93192625251723 -59093.43380988188
-113475.60872212843 388.6240111401771 388.6240111401771 -61395.72225684371
-108452.28215500772 -551.4084784784022 -551.4084784784022 -58818.312413266736
-113097.63031775669 -411.85600312911663 -411.85600312911663 -61138.787588106265
D 640
14563289.224159574 -249726.91475112268 3818688.4523096415 5745775.825359447 -70604.01434056248 16341081.192745743
12971652.57306813 -234857.3099386093 3620176.95754407 5439029.240638153 -64670.37285468887 16165038.889823364
14558721.681891046 -488780.8128268683 3820912.8601515084 5751420.428811679 -211581.8992068777 16409603.667569522
13236290.477394843 -369006.5278783912 3632324.3864169284 5466431.736470096 -137336.56733157087 16181207.368767971
13328631.97665728 -197236.66143249124 3747580.54747379 5612827.97000822 -104159.79187849094 16481155.1076189
12636690.42096716 -124096.06963612909 3589910.4222907764 5369544.57409809 -180175.55589101865 15776171.230532235
13645398.810393311 -398065.09559281496 3758056.864632012 5645072.761847556 -213195.1169400943 16578805.147686208
12164989.66497311 -321148.41626742797 3560763.518648884 5312343.714708801 -195697.99593276923 15745083.431843797
13304893.29763294 -171390.4849187442 3753409.445179305 5612235.904917772 -219471.30432742508 16364816.694754278
12386333.552864512 -130457.51068917515 3642950.302689694 5421113.621454831 -162207.99112224331 15891031.767869765
12736562.110997908 -329175.6222950264 3702928.9880301836 5523519.188213698 -250811.9978124123 16269383.474939933
12515705.448800704 -306341.78812767344 3554025.5167981437 5301435.625210958 -142603.36948957824 15324445.160097383
12951947.604886515 -113345.33668854005 3760745.294668825 5596948.8035547985 -143690.88945942372 16250631.557060141
12847379.656434234 -249167.9900404226 3738993.2052616556 5561228.290826646 -163191.02409516586 16119335.23642317
12755550.211406454 -346034.11678885436 3665220.154333943 5463994.228677927 -235246.79523141705 15889490.561349194
12425700.189298023 -258695.81374503885 3664774.8716672626 5433857.454472192 -122151.60528070958 15626401.468124282
12920704.575333513 -263308.1325219411 3723338.7022511754 5551567.824984357 -115373.57227239748 16197199.832732223
13259334.37301153 -273174.2002076215 3776765.460953195 5622415.459205471 -174445.08158881473 16100134.09699496
12885503.44012629 -257597.24562407786 3766623.1826021574 5593916.121980752 -107111.74127133524 16127108.570274236
12677419.692750625 -314706.74673850904 3761479.7536049774 5575150.044219094 -141125.1275840919 16073025.99657839
13276613.689460363 -318353.74009727535 3778359.492094126 5630242.697558197 -181664.2241049826 16204331.088246215
12921309.737361385 -340907.9179100174 3732889.264778627 5565663.06274869 -160444.4190036017 16268387.133422494
12907777.598968228 -328705.20640056516 3754374.60929777 5576510.904786013 -167905.89640265526 16026197.88715813
13008697.305742813 -340392.92241774267 3772341.0208276864 5610254.376921221 -171310.35225351143 16204884.27269073
12638893.82215028 -240163.11903474742 3685190.8289185627 5487487.676174937 -151944.5986500467 16036661.154499207
13296842.938463608 -253476.39158524695 3804142.919265134 5664830.386336831 -146447.56805247368 16308620.237571895
12709595.355198935 -331899.0729078417 3697265.6671664403 5511120.46417607 -177347.81363762871 16172967.846144522
12981491.285003064 -173532.03779578497 3767408.7750259936 5607229.940297963 -142155.00665915065 16280114.12479095
12768898.430330051 -309476.648065133 3667266.199871986 5472670.545988463 -140690.3340207282 16004655.69008636
13468597.565083656 -346088.46302899567 3827498.2387755476 5720019.006795536 -215712.953757122 16726820.773190813
13392906.8177455 -83739.44453641596 3806434.5853297603 5671625.106452634 -156964.63016053176 16298033.971148983
13810253.564571586 -107767.18001122776 3887513.155628118 5807601.373700288 -142738.3653116407 16816484.27230831
13307406.234697472 -361383.6439060082 3654134.9758065687 5496657.03900039 -249255.50319531857 16234763.545020761
14105717.387258904 -262671.38952957944 3857321.7325041783 5775394.030798756 -53185.66313216939 16541084.954460552
14204769.67767072 -74800.16432854084 3850848.5376811475 5775155.108656808 -70971.66531614719 16579664.1718435
14650245.300164746 -114954.9277442484 3940737.3377249553 5907845.848449334 -444.17353209191606 16810450.082982086
14870252.139750717 -279287.2808478013 3867219.244116888 5822973.995522764 -36326.314745302676 16510404.216213036
15169571.802027818 -270144.74488769943 3903684.968471286 5884211.2534318855 -71703.58968777567 16633583.829495287
14696204.369314106 -251876.4910326817 3862590.7848361377 5808255.302164958 -49191.64206939473 16491904.236508518
15139313.662608912 -256179.4297037729 3919061.1666361876 5898885.939740516 -76484.0300456177 16619059.318400543
14289456.624598857 -553210.2422316382 3767019.270268285 5677343.797900651 -245822.65973200998 16382994.880772214
13100134.676015485 -581810.1784789874 3631211.241719981 5461826.287557397 -283457.50564721145 16249743.146475218
14136067.131211564 -754870.443404397 3664884.719314746 5543919.554650581 -453268.9442420687 16114859.644287046
13211787.946540693 -743897.110793823 3546993.2055192525 5358532.79631645 -470782.4714682407 15925016.885921763
13609362.946766136 -549046.8342510122 3723591.377174362 5604866.399931786 -215612.87720283866 16568954.438449439
12626707.534401782 -564016.5272447742 3598999.7703899266 5398341.55769239 -192390.57043751064 16162128.183700306
13321036.525091877 -680183.3295665176 3620319.328931361 5465097.520711186 -280464.4978431428 16333887.593601461
12507848.653748725 -761007.2187806976 3479572.71825541 5250808.67182015 -279817.3620724551 15957724.416916477
13315758.363767063 -468446.9006495358 3743041.866869194 5604335.491493352 -156338.3918813737 16424029.965146696
12798193.873396048 -524286.97072388034 3700266.476543069 5528893.557846681 -163468.32996559932 16373814.228109399
12383131.22668746 -683132.611928402 3583994.2371533695 5364939.625109142 -242349.5909388188 16067787.438612353
12319062.702549674 -760639.3145187212 3515800.5340281995 5281780.528333425 -225751.1559653691 15968935.65103651
13346651.807182372 -423282.2096744806 3797985.0903620142 5666679.030876642 -137475.38301614617 16431255.932524748
12843136.8613214 -494489.34704377584 3778765.8792742337 5611074.960105458 -126772.13397662301 16245511.799450165
12175101.89595089 -649802.3740699117 3595857.2637720634 5368189.2912121015 -201059.88035874025 16079823.645097828
11969925.76390996 -644887.6085515126 3576076.1048852894 5324233.691154393 -149991.7342732105 15841073.364434673
13286458.364793587 -387462.410670958 3881959.440935006 5747470.236068573 -155585.29676375366 16259838.140073579
12862654.753937341 -519190.27592875884 3813533.4150597574 5651430.127253917 -134685.0483046379 16268212.089857869
12466004.328969173 -515504.4525755088 3637992.281070473 5426051.9186795745 -110603.18702490281 16019202.685171502
12033474.092852522 -604320.250214138 3602864.69231949 5357303.276681963 -98248.29904822003 15849564.003505995
13030328.591924433 -364041.72950086417 3884266.4673608253 5743827.516525417 -135043.75726812735 16392358.504540404
13043314.509776855 -441189.7109328192 3902417.616565711 5769092.41059105 -35115.56098372351 16485345.725999024
12657636.740160624 -470456.9904864366 3752529.4701890424 5570905.457716436 -59334.35630102908 16204823.734760419
12361098.492213136 -484647.1337184568 3718426.1181466887 5513335.480015741 -822.2299258841248 16100235.529827518
12717830.740010338 -375874.4812086547 3816802.814073021 5636320.390793503 -96335.98833537483 16038914.505081218
12525412.502770027 -443016.0319739856 3838552.4567586724 5665016.4176000655 -66425.26386463926 16326761.14584049
12520173.647098223 -550501.659090774 3806441.9920907407 5627318.032074689 -120096.15186577871 16284462.836115032
12370450.148257213 -529437.2724327493 3777325.2495329897 5589118.855893699 -111659.76673150345 16310771.04548978
12558522.561762437 -421100.0226722811 3717897.4660489587 5520053.289416048 -90405.4591424017 16048798.0175249
12453322.77280892 -471441.63508269965 3683206.775407384 5468162.381987442 -156958.56858098088 15879375.35325497
12780998.682731219 -480576.3472702912 3791121.754497233 5614859.923437167 -192042.6442328989 16111520.75812904
12771305.16557743 -444899.5614902071 3756592.8009294164 5574725.660252347 -116852.67310260622 16078165.959584523
11999024.934449298 -375063.6203108402 3589725.120910508 5336044.89661842 -165569.65700283163 15747919.912035251
12669520.438565787 -275548.1273369512 3669099.038353082 5454822.90000026 -216826.1495564118 15706758.150984744
13036367.89502033 -372863.8470590272 3818790.9540933887 5672323.939973449 -186168.98683756532 16396709.275643611
13549349.045748463 -183799.49119236218 3906918.278732787 5806871.138203117 -76840.41662377055 16635871.240254795
11644276.230320847 -348097.3281400373 3426947.4658095716 5116971.124155443 -358872.8146581734 15302301.685662437
13858998.73889646 -138378.27076248213 3819899.9062790745 5728408.711406662 10130.531324901434 16671377.386475105
14060261.200866098 -54509.866097380844 3926333.2221279778 5860749.22122878 -126763.32131378358 16775392.02157897
15683991.801606854 180051.86098345142 4094681.547563902 6143775.906069472 80808.88556909504 17108532.044702172
14219938.549453799 -815781.662411326 3583193.1736254524 5447743.120300465 -512139.0089506786 15904673.420659786
13764174.691513263 -871834.3035345579 3540313.6925592152 5373925.848122015 -571252.0739739805 15827440.215856075
14174447.9503169 -845407.2259127892 3481379.1520981034 5301951.55232362 -548812.8898909428 15274240.452639494
13528924.766977418 -847717.7791184771 3439747.3883012407 5212025.084024124 -555308.5193412824 15037133.859548803
13643883.766492547 -772374.145186645 3562577.393766368 5400130.169428886 -429346.40974188753 15982016.32469597
13620162.604848975 -892457.045026135 3494186.435979548 5316571.178953852 -525164.3533252532 15839157.744650653
13301415.59864627 -915597.2417312443 3399549.8582420405 5170515.827626738 -586102.7427650174 15318803.430111235
13120003.540309498 -969072.4912736139 3350611.756602746 5088722.0368597405 -641705.1634144558 14940978.105227256
13667897.795646619 -813926.3480183836 3613865.7456469703 5470923.948289584 -406494.8666763112 16245533.950714644
13982072.582806556 -904056.4162252594 3554651.0731075197 5414359.333175427 -476745.5996819542 16102789.845843423
13026221.033385376 -1015225.1497533727 3314495.614527564 5046475.264188421 -694787.662294336 14984379.872308288
13167431.358382005 -1104541.2573178355 3315473.234668855 5052640.992893968 -769770.1606113204 14944976.663173892
14034220.096085709 -849065.1946453135 3619168.3893912793 5494569.900752613 -382977.201158492 16235472.632253844
14289377.57750816 -877076.3303401548 3591546.5766910776 5466442.010526208 -439658.72932533 16025437.302621348
13055519.027353587 -1166213.2066191402 3270817.796838635 4990506.772156631 -822634.5037365573 14796624.198993387
13390817.043626042 -1106373.1124914775 3281693.946656005 5013465.362428272 -768022.4041260112 14681222.768321207
14651437.713230522 -796956.7150206579 3706517.2020995077 5629556.576101214 -312382.84940712614 16396315.013310159
14394339.1106059 -803134.90439324 3548471.1660392373 5415907.12361117 -345245.85524160124 15857437.08235935
13264757.645181933 -1133182.5471097822 3285527.230517374 5013904.967357466 -774049.4724667702 14731742.043331252
13432324.062109899 -1016596.8504912419 3226223.333000699 4928421.564612939 -730192.0930102362 14159192.87251003
14499202.492767727 -873068.6897585823 3579278.3602206227 5472053.418188835 -330768.94609662564 16197741.026502438
14380792.122474622 -907739.5176118566 3618192.052927457 5509817.104575436 -327167.26715305 16215324.135594577
13205521.027624235 -1081337.5245945798 3124166.356361536 4788162.229074252 -741061.2030303288 13826063.01017271
13504945.533794472 -1160249.6061232258 3163584.9374681497 4869074.332165518 -676922.1869325214 14277671.94179883
14384711.187432405 -914227.9465103458 3590381.7525591166 5477090.381834107 -347334.114852831 16168697.259327227
14359215.41153443 -960072.6190744742 3577317.413623272 5461408.709070957 -500476.16927089466 16167975.164247552
13208421.220224151 -1128715.4289529803 3098734.3847728204 4769569.408015126 -637246.7025059682 14010809.564211389
13095510.254954046 -1183736.4634218821 3001752.2486787075 4654252.518066473 -847005.5478751307 13950989.760613369
14450320.788408868 -863019.1980034481 3685662.6286014817 5602164.047555079 -323235.8234264885 16508381.577680178
14307193.356403045 -716010.6159728455 3708128.4729500837 5592550.1861611605 -263560.58047286764 15964983.311380817
12588094.387722114 -1022409.4751989194 2886474.7817005096 4479204.706815931 -822233.5260255969 13493554.042294234
12981322.724217806 -1172743.5382826598 2888441.0257256553 4504647.442846229 -699250.8205918537 13565922.582763046
14193258.86039318 -786381.1744224975 3666480.1063389927 5533609.351133189 -253891.17680721683 15816364.115240145
14597969.259611543 -758884.3536923476 3751127.8645800166 5668444.031287718 -246431.74972789138 16246097.507756304
12555925.505172728 -1207111.4119270493 2793776.5952759054 4345172.343670562 -898878.5338712703 12884435.756319044
12445364.940261543 -1101479.0788499834 2905363.4882123484 4469173.895808095 -830733.0213871442 13020115.83201601
14010142.600307815 -856929.9162469323 3522623.9437751938 5348360.993990336 -452465.0480599795 15459349.417399451
13636300.50405207 -853156.548060501 3352319.140454241 5139913.500071893 -490841.4971385715 15410947.951689288
12102058.892478082 -1004557.7210114959 2700468.011821598 4203962.298395376 -838526.0471809023 12566890.234197814
2179718.806641976 -542007.8605566582 592342.6477665462 874159.5328105787 -510869.1339561415 2271933.536785775
14414079.31174693 -860746.7626808293 3430812.8701587403 5229744.409056746 -646416.4845617989 14702925.167931626
14205765.043230519 -853589.7845902522 3424601.33135152 5201944.571891732 -595127.3209834313 14491896.665843384
14492392.253648356 -752615.3565471792 3492680.2362545487 5295925.139502742 -598128.3011746843 14587144.130549213
14079831.511180982 -867015.106045791 3349092.1315002 5101927.437389923 -652292.9997709255 14278687.435685804
14042242.68981507 -870114.7225990607 3410020.489225824 5190898.520144706 -607910.5804071658 14755276.448246118
14319337.528024165 -850945.0547089146 3450053.726880608 5250756.750473927 -575207.3577342478 14794615.056529235
14161137.188179705 -871850.9760729407 3368965.001779037 5124532.800608318 -664776.2520916212 14212288.330840774
14322277.635504955 -772975.9456362801 3455324.9831313947 5237386.349558995 -595643.2692664805 14408298.974919302
14401380.732963031 -798692.8952690052 3433764.043306218 5233778.988028561 -584577.0588365186 14731389.120141748
14664112.3064086 -798987.4152371277 3547788.113361797 5383126.834092862 -585367.6200908188 14947078.660030577
14251582.998450989 -798419.5103599494 3393676.669004781 5159628.951414838 -653614.8876614968 14280108.7343508
14733421.689929632 -830681.6782656224 3504834.7141890735 5330053.409434225 -627127.0283492617 14761282.273163572
14694723.172666635 -836367.0443465862 3523001.1978820977 5345743.573692337 -662327.20982224 14714121.41759291
14962684.889720596 -795424.1868817061 3517716.344208166 5347858.33636607 -671904.1265054848 14604721.842364894
14620842.494457094 -865413.0010709724 3434597.654812216 5224333.937857251 -711928.2147628445 14304687.498615557
14840457.180158623 -834465.2349109049 3475973.498705509 5282532.750072616 -713219.1042133948 14338780.487916421
15156971.033456326 -758274.6520844033 3493012.904604318 5313316.8106098445 -694309.7263712959 14263080.95399952
15246800.586006187 -758466.1483615992 3536674.745486844 5380167.677646389 -701224.9458800562 14549708.185159491
15021890.430111855 -807790.3955908066 3445411.806234469 5232246.507265393 -767138.4410207638 13823979.671897862
15182411.769575795 -762455.6862924773 3501575.1507939706 5314757.824433962 -743444.7964008839 14078091.077054318
15485764.404428426 -663213.005323215 3525409.9663928677 5358635.877220269 -682178.8109060661 14127933.490761107
15497045.796968993 -658082.7305632436 3552037.408438448 5394958.291179116 -677912.3496222317 14257296.655675989
15444576.163510658 -660125.026162105 3511841.220803364 5319778.785131493 -711472.5000560697 13690492.301197609
15472738.363969062 -685202.9628109566 3517925.1487543066 5336258.880352137 -741841.7999206663 13858085.593573911
15514504.742128905 -614451.6668295788 3544134.376382823 5367929.081240742 -649335.4054361241 13873120.184160793
15570296.626292245 -618277.0094672168 3552824.130707787 5379791.111912995 -675567.3781674324 13863394.40764573
15326774.650871027 -653401.0375155587 3488530.9833241864 5271058.296743811 -728064.999837142 13346709.269666012
15397758.67595122 -620484.6800554094 3499746.6396625377 5284581.910717498 -700076.4877724261 13299453.052407414
15525616.754664578 -553166.0872546931 3540915.1998306625 5356862.64607241 -567389.5230352965 13711501.393251088
15463607.186297216 -644582.857180306 3523499.178996219 5330553.475325888 -641718.1275984051 13630480.01847407
15338243.26835058 -572920.950249621 3475874.3332185824 5253536.342680493 -572825.0657256366 13263247.718984226
15344802.876253517 -601347.4498936487 3472565.2110234615 5246751.722485721 -621826.8454793422 13193796.527108923
15465707.927941032 -381325.73599877063 3551171.13625099 5367773.102282253 -341030.7887665958 13763988.840276137
15184119.478732511 -404798.12220726104 3481638.611259163 5264727.655821392 -394371.47032799356 13514383.952179996
15427255.039171524 -441436.19693499117 3517379.0123586277 5318396.4262770405 -425329.0589817455 13558334.912934536
15154666.57667352 -492973.229709435 3439219.4813321773 5205385.282583911 -466342.3403148003 13290210.066990204
15341377.597493103 -174971.81436370884 3740337.06650031 5643015.716854528 -16722.38120093606 15231521.16180548
13375356.000606218 -105561.6880353572 3465774.311952916 5235043.647241762 -20816.31875311816 15078481.885301556
15276167.800305586 -320895.355027076 3671109.590063593 5546507.622496736 -217082.6558712369 14889573.164908495
12870694.440960726 -737955.2697552174 3236784.0570647633 4913865.778349057 -552398.3834765342 14197371.625981288
14513211.952977318 -819171.1173024711 3454467.6421670313 5245475.629504419 -672476.8523137921 14398012.078086648
14235253.337122465 -845798.4558808001 3407006.981205836 5175283.630972037 -709160.513453556 14316264.733787678
14296337.182407293 -911644.1621564584 3399151.8499900764 5167988.416049757 -763796.6028759022 14282089.669235164
14270129.81064182 -953710.6950003476 3341517.685719166 5091176.059023978 -812577.2138886477 14040001.798321225
14321399.984883728 -831137.309356955 3423929.4826666773 5199846.893351041 -676560.6772457556 14349088.798198618
14826925.847072678 -845984.0575675606 3492413.8567889617 5317413.091531538 -682650.6230963896 14688230.478957495
14248072.678652326 -803036.5436346189 3391380.3064871067 5157632.239625627 -673633.8124806132 14294204.975965027
14674134.279921034 -855452.6037140756 3451748.7950858898 5256348.204376315 -698283.3914307476 14514355.930895643
14712852.215873402 -874736.1622971789 3425649.529746467 5212348.952469978 -755715.2060454648 14169836.871520372
14972435.535075625 -787231.6787408725 3471717.111706194 5281235.404100124 -690460.316011718 14274495.739162084
14637634.929182716 -816745.8713809809 3389654.579941812 5149519.034429746 -761197.0547607117 13780344.686160926
14943951.011618664 -785824.8291212885 3466568.984583783 5259262.408698615 -717495.3744848056 13976779.205776347
15194060.313359413 -706409.5878893496 3495317.8866440137 5303270.417576539 -670341.8678926666 13974354.20333379
15484482.701616948 -690839.0660419947 3527327.077319248 5358485.337531122 -689584.4469018574 14084028.040015504
15261772.85582659 -668462.2153229628 3454153.933075882 5244046.839891955 -681126.8384935568 13627777.014089456
15382912.557840155 -676183.3241542421 3480023.6608423376 5287497.922154867 -731262.1982540878 13806525.020817628
15482277.94473472 -603723.6575058901 3530548.1561656618 5344508.670701745 -641829.0095773557 13735835.67138836
15603781.822681393 -611056.7762670894 3549411.8243074026 5373915.4846985545 -669672.4523241463 13787467.347606987
15373095.782034328 -603655.3458897945 3507531.5805701506 5298327.811710018 -686353.5334059576 13427765.244331716
15431641.816298269 -598514.1103559707 3527515.9336143257 5325267.694237026 -692440.7528675874 13468361.098633876
15531124.965048345 -517837.6849735524 3531109.2836093004 5328775.783204752 -590302.6438312166 13359986.195945576
15505722.577680565 -548995.5913943626 3557460.617617355 5365388.16182348 -640311.6821814307 13537906.637429427
15403410.036222879 -513718.20448807033 3497101.0229721474 5270737.4624558985 -572510.7521395171 13075116.300085086
15415033.607590662 -538593.774456474 3541928.184686111 5330363.672313046 -596335.4266194586 13269819.141305592
15490589.217890004 -428985.0592597732 3514146.093881889 5310825.020993221 -433383.4552007075 13414696.903642865
15451659.392328756 -454833.19572299195 3515638.4153749635 5309911.151440005 -463710.6918047087 13402518.222103264
15544500.006034218 -414327.25096272485 3523637.8390363813 5309990.189460547 -420553.8024706224 13135271.027913876
15531746.812491173 -454763.2248746826 3514380.1612838423 5300474.5361613715 -485140.6347460397 13161380.056502465
15599114.217943981 -326978.3977839816 3586156.8723478527 5394515.821105483 -267531.21782264486 13395750.797865035
15486217.582808847 -330849.57987379987 3580287.3085696436 5387180.188435597 -241670.96151399068 13491065.132950505
15605297.947898136 -329080.3511838716 3586175.5394686605 5396141.782919782 -270767.04104120465 13421675.614444131
15470910.791504752 -331240.22752939234 3571677.4676761827 5375151.361797779 -286214.8737976317 13455211.857405888
15375210.928294977 -124666.03082761187 3563990.375903742 5368793.435941185 11976.240830435407 13592869.374804085
15068513.676011812 -147704.68270555307 3452577.46108285 5208063.99143703 34849.86921426517 13136061.40967969
15468491.461212471 -248572.4968968916 3632498.0602090685 5459541.405995809 -136822.1498925395 13807379.222480647
15132435.450560985 -243124.89922826597 3504520.2824282628 5277350.887239623 -121563.9554890117 13315135.721123513
14909883.666246504 42156.12666142004 3534345.8977449937 5360330.883910442 256791.00725460384 14541123.627958423
13508538.298926573 139013.6091393922 3269221.7879214757 4978216.389173026 275701.8103913161 14132909.936212223
15279331.737730565 -250797.09778423628 3674650.6859780573 5541111.860927931 -50460.01975777644 14700590.203790952
13250584.437483352 -296605.7672742545 3291833.817545232 4992592.543899946 -143078.37171170444 14180922.327623213
14312792.88126023 -964164.1208883299 3363064.842587573 5124903.912037121 -783166.6935389327 14197858.167133572
14549685.640021475 -946129.8309272255 3341167.099210537 5107485.695592307 -775724.978635788 14094351.589074763
14152261.794198345 -1025552.5898061026 3263816.6017421475 4994244.314895056 -858006.204363017 13928658.579743458
14471823.765596079 -970834.5160550113 3311192.3441661727 5066937.438298685 -821977.7559693273 14020692.747520765
14400886.195522493 -877167.8296077248 3381995.0737203313 5139653.253948099 -737213.2300687708 13988286.91966824
14892002.510615 -776938.1652668971 3475768.611604047 5275779.487993051 -680826.1605691725 14156677.411155526
14472350.767391901 -880652.8327970788 3355556.5999699766 5103497.632773936 -797072.3945624542 13775356.314631281
14790414.268095043 -805979.9470100353 3414957.485749457 5187940.087349993 -752264.1355666779 13839322.491846763
14902695.499660257 -731763.6511414965 3428236.3469906705 5203035.800964537 -705450.7733870519 13736820.478395684
15433461.160853354 -685585.3762913094 3503517.171336083 5323706.877392053 -701529.5468711699 13963298.298462164
14771406.865008263 -712196.491918213 3410473.159794988 5163277.01098088 -735375.0105634201 13463723.45082295
15507597.694105765 -655268.5229572264 3495819.019150975 5300753.3753417125 -696121.7134123405 13599451.00723851
15420042.193999559 -648915.0726974214 3527733.5679708533 5327943.656839622 -761720.0606468164 13528692.057347927
15463645.026323931 -608436.7074199695 3518390.2283835267 5320224.638438973 -701450.6462913298 13536262.304669287
15285160.110561216 -603119.6670699046 3479808.1092159995 5260699.825822394 -654500.2674098106 13373057.459837556
15299127.799870234 -604628.5991127853 3504692.819164425 5289901.187619604 -676309.3440947415 13395653.485131314
15441755.324047172 -504913.5033875158 3522179.683936557 5316959.69755691 -559876.153686356 13409484.97732548
15378683.826749139 -525651.18335338 3517651.5507500577 5308398.890536042 -577292.8985229472 13400959.265091803
15305550.338152677 -493847.2467880183 3469985.94483916 5235287.510626675 -566478.2980896567 13060508.424380431
15417937.2528852 -484964.4662211814 3474858.061147731 5243519.739285949 -546547.3938162683 13005579.6174066
15520617.400250636 -379253.40852748643 3507589.3398943036 5282678.127947367 -394217.0358575468 12965979.452865513
15527895.213201044 -404819.6732067904 3514245.065226559 5295218.919124728 -434136.07052597887 13063091.466415947
15522278.781650428 -389396.3805041493 3503373.6885232725 5269732.798845754 -392225.04213137657 12798155.766263653
15507913.431845546 -373765.2257348161 3494763.9477100014 5258960.657095013 -376695.21775092074 12786492.516014563
15577167.530256387 -301792.1416258461 3580742.4580144524 5379138.942611573 -247470.02085134454 13229277.079230748
15557394.232868839 -314422.54581848846 3568964.2993268184 5361156.019889459 -267408.3902171064 13148511.388012998
15620994.466241037 -329960.3961454815 3584518.7283643647 5382474.63611663 -274618.63375342794 13169086.033309154
15558790.066987459 -327572.6527990441 3556988.3818702064 5348855.2450999385 -274511.2680998837 13164570.164913397
15517984.880103176 -189087.35649311854 3535885.175063815 5317974.4638938615 -51539.097137537065 13052030.373529132
15330934.919738669 -198751.02315145475 3494466.181374501 5256903.444673982 -35973.05760944621 12928877.718799312
15619122.475763487 -245896.55531076493 3593888.334664718 5392387.686583743 -122428.31924231378 13163087.696594544
15423454.435169505 -259211.47236938335 3548706.5154542695 5326672.325626714 -111473.74045127927 13038448.442809187
15228601.163196072 -66077.11827211175 3492757.8100765576 5282882.15143575 150438.08547155996 13588369.811968017
14882186.718655003 44679.00594038008 3386843.812475444 5130765.367166754 266414.2492582207 13222556.199048618
15330814.673564753 -198981.2609605791 3577246.794475558 5382619.3583227275 -57501.1390185937 13622142.861667668
15112644.818044735 -166816.54033613528 3480367.5146753574 5250047.672183544 4461.249006103666 13320222.987398667
15090910.766069278 -112546.30360820342 3609422.5920013487 5462010.94170057 121068.13970923876 14742010.402174456
13935341.018407622 57257.225828833645 3376831.630642588 5130901.488856354 270089.7863402237 14392392.710804578
15200962.316595715 -237969.2044279672 3660993.6982354005 5521385.834849363 -42365.590726747265 14684892.95455715
14318413.471192287 -309950.3163635905 3417029.7346967175 5180034.798680108 -130859.10293480106 14107628.24021046
14168311.99442143 -1015670.8315553799 3284571.7593056303 5013146.955111443 -839757.4133226409 13834047.919052934
14359991.620053735 -1042091.6268745724 3296980.044335465 5031146.783126144 -915648.4729177671 13729382.441879412
14175453.453927193 -1069094.9678698564 3246549.4683108386 4956433.724465602 -917235.1522073816 13529132.3335208
14388249.9931177 -994816.5670101686 3339129.306094744 5076221.521648514 -872734.950814013 13675335.290773656
14685665.0651203 -833513.7734799254 3393842.379248109 5153388.8618653035 -778646.6346261285 13717579.521849586
14849207.305715859 -786533.0157969383 3399618.9917098787 5167449.410497701 -739128.9559854848 13708162.77461373
14512837.340412308 -806483.0260179936 3360974.548848122 5090380.599151462 -776410.6387449442 13353334.116724402
14928612.161580147 -700150.5567714154 3427375.7650072654 5194800.187702928 -694851.9405433019 13565124.39026401
15209552.213734835 -611941.8151154584 3478276.378583186 5268873.323518084 -651252.6333098004 13645833.486262491
15418951.689802678 -632386.6555919921 3528493.874556239 5337120.60584645 -679842.3730968379 13696594.776722439
15230124.75956445 -616527.0578915706 3467040.9885668475 5251415.650330643 -639453.7674330821 13523286.088743273
15358184.034449324 -607577.4370718102 3502600.056264089 5299051.216659283 -649586.9574038388 13565638.581553625
15338187.557760604 -522464.924758836 3478554.533253374 5260475.018152141 -574083.884171154 13343112.621253716
15392817.50561676 -509310.90909448697 3519933.042959589 5311012.351940597 -587762.1875072573 13388902.101423757
15303853.556789637 -514095.9296635925 3461283.7791843787 5229003.089158138 -555441.982510811 13127964.619256523
15340947.10469029 -513049.43036362284 3476299.9852920235 5249653.264645146 -565848.7241167256 13173518.04885829
15488253.728429869 -395824.0821535756 3487694.490548995 5254459.837628583 -394641.06287632824 12871663.891329538
15481952.589492211 -393397.23474994005 3491180.3673340036 5256903.870796558 -391032.7149379566 12850156.390274594
15439975.388523014 -380095.54798624164 3465587.762606637 5221801.324628729 -374048.2776069512 12753119.965308832
15495371.384353882 -370581.18537416396 3504436.689435416 5271989.588718425 -367556.683055448 12846812.842380172
15539147.072068349 -329377.43809080415 3549071.3615719085 5332910.239128482 -293422.0048892209 13039487.544595389
15540534.2379644 -328193.26282256434 3550754.4628162486 5337292.697514481 -292558.73670349474 13088721.290359806
15533604.391008226 -332106.6456758235 3544875.103157544 5325741.4593525445 -307331.6684284375 12993972.298018504
15534219.291643588 -333369.26004413114 3543591.035291337 5322807.586654874 -321867.4601022584 12962929.404882485
15560919.778288001 -224110.57398749745 3552663.624475607 5336582.491326492 -91376.18776415667 13012130.104414107
15527153.791273287 -216575.51138026087 3542641.989049936 5321218.133376187 -82848.0362292226 12959084.865714472
15580639.788134465 -236341.00177388362 3568127.8154052966 5355859.423058026 -106237.81989422426 13037736.48336568
15576087.540237151 -231700.3708341413 3580332.995949692 5366359.273234453 -107431.00844924492 12983771.729556985
15397525.229660528 -90818.91612285243 3513740.6270858888 5289452.623154597 101105.93006396978 13089233.191861337
15270651.234260993 -138085.1807426005 3485799.4559424017 5244789.045698362 89713.98222363392 12937541.319670768
15455770.98985309 -134095.86474253426 3517600.2679770133 5292664.597745199 18537.95772013756 13010314.856818035
15235728.626597086 -184308.5314519488 3482436.3237484293 5238122.391625557 -4446.916871837075 12913119.782453349
15275419.584000824 -61683.510827921506 3530243.542417275 5344550.986363519 186906.36846717424 13950241.870694559
14887782.833240498 77953.18836098062 3423731.6368532074 5183903.266817534 283274.65938697004 13468185.804482244
15289487.850694595 -111956.57447485908 3522866.5917023523 5317235.601791577 68476.57383221558 13552158.930012997
15072873.160416199 -145494.9389555908 3465352.4957377785 5234803.917767288 61988.043297222335 13385449.997763047
15027174.840259228 -132170.0176056092 3593889.4181237756 5442189.69969042 114955.09026343274 14751051.583184866
14641686.760427637 8781.582587118575 3456364.438446384 5251197.776458677 196262.91592845094 14342250.905581657
15170246.092459673 -262515.7296865768 3636586.05385529 5483167.163633867 -109748.07078456847 14488203.970755298
15046645.81386511 -185419.24396175134 3546570.4752445812 5367962.926104611 -21324.895477950042 14288062.168320948
14178196.159991406 -1080362.605805393 3236925.069271282 4943067.129778927 -923163.6622261495 13470794.53599564
14386398.387873366 -948266.0437000141 3315395.1591333454 5045945.856992194 -812221.5708752322 13593824.867392438
14225408.88457239 -932777.7488180697 3310344.4319070755 5034660.375589806 -789482.8230650676 13640220.769541107
14477331.343549907 -930742.7120999327 3347825.336081851 5087939.406382569 -852877.7559282731 13629299.001313489
14695545.771269461 -688870.4878071555 3408005.8941943413 5155405.626561774 -685919.7159970277 13436436.682406992
15275500.28570898 -623316.0954961728 3478864.6607008125 5272381.3491703905 -659116.1952455165 13637103.776924213
14722084.96393806 -615995.3976786634 3439743.1089059534 5194706.49784002 -661786.2233924549 13497696.166997299
15204541.560094114 -638467.0997967853 3478859.8884354974 5268485.923441282 -659515.7012466253 13630258.95549369
15250705.754428308 -580858.9691745234 3459040.28702775 5241778.152633828 -599773.7983053355 13485970.533470443
15349494.678281892 -538753.1560009886 3481049.54831234 5269299.848383767 -571106.1775398202 13453411.78090185
15347904.966925472 -528855.2660660866 3457098.7851198376 5229297.450551189 -529799.2679068327 13181870.141244056
15381964.884564906 -509977.047360225 3491967.775449774 5277002.485247504 -544997.1112434075 13334793.360060958
15318633.909396676 -439428.78319535096 3473396.4122422105 5236056.446259422 -444554.5617700647 12987773.561394285
15458653.216643402 -425793.2334632875 3499641.619671621 5276230.427560437 -421544.2614424863 13073839.335376127
15348165.312957754 -437729.1654014778 3478652.072835279 5234270.722998043 -438283.36410908354 12806903.150766548
15529676.324114505 -410917.6735684065 3500594.507170508 5272193.365737511 -404036.27823453036 12901111.460674457
15532405.388667857 -333756.7540711991 3538311.6009429893 5313471.042213099 -310639.10018663097 12894159.954070501
15527415.101152267 -333739.62222520146 3538692.3743088585 5313942.217795591 -310713.580247797 12900196.75278012
15556907.862645911 -344097.2993998168 3545178.1010295576 5328227.502719165 -318030.22712776455 13013723.694309905
15527473.224130696 -336598.18343271775 3538742.8377856496 5314015.950025346 -313416.24063246435 12900503.0838454
15561749.573868513 -271005.705183997 3546267.10204355 5323153.768736227 -203438.75611203734 12883449.300066894
15570525.257079307 -264146.87602046155 3554392.2533064135 5333761.726289346 -188521.47162076845 12908079.4343804
15574058.730472278 -279530.7178496451 3555165.00972329 5334396.885454759 -214965.28080627564 12900248.500015194
15561325.441038784 -276667.723613715 3549116.685789798 5324858.625219454 -199632.43979261917 12855279.700768633
15456001.610672178 -153408.28009073526 3501691.976954447 5266003.814328559 -5493.003659736155 12826850.938216813
15452773.632709045 -160231.5279846156 3497679.4926242256 5262807.994956407 -4916.325952277498 12854437.172254631
15460358.55277243 -171064.82604486315 3512666.8870711597 5279921.870105866 -31940.933223522712 12859407.066191254
15477433.649509732 -135732.52959931648 3511544.589744308 5280405.436193543 13038.811344551981 12876693.841512714
15405129.465028238 -71220.92545823463 3492170.6810574112 5262973.266574933 165171.39558583638 13026580.570832653
15148377.538082946 -73589.88586613984 3445409.1568321115 5193013.668583918 195564.5638618933 12912894.011764174
15433281.780993693 -99389.53379997748 3515390.1618728456 5290109.602828235 84726.10291325599 13030326.41620883
15259793.85482804 -117785.98625160081 3482801.5257975273 5245302.246364489 87129.78582684905 13024617.19368957
15293101.613129297 -84192.04023281745 3537450.801245807 5350134.10046319 145827.447937787 13885662.35100576
14938244.204202944 71710.29973223933 3428636.232786532 5191194.905143941 277697.8827618764 13455656.144720342
15267539.747476064 -101022.19317381056 3513777.4500225843 5307136.951821295 110428.97023861202 13572095.076361455
15066259.115143204 -136395.69086514454 3469018.0344629134 5239418.621166108 83414.69956237498 13403716.143452253
15063283.124893086 -137396.2614631104 3573491.8873509984 5412093.650636041 126808.8219391086 14561767.898054954
15036018.712061372 -127623.12821249929 3565617.358343367 5395879.512558876 70282.47705774762 14437989.169521283
15132559.289558286 -224658.5204949571 3592130.1099348436 5422558.133890818 -30166.268278251413 14291740.872396082
15083077.774595838 -220303.81353250498 3556393.5757093667 5374409.336758446 -62685.70126624987 14164450.175596647
14273469.213996544 -867860.2463272552 3298669.031274209 5014000.144058589 -801717.2371948395 13435814.643823072
14704027.444281822 -845004.6541450628 3391228.8741940134 5148822.108761778 -776060.9139543456 13665379.156646296
13925055.637673885 -822467.7309735289 3279495.0598334973 4969284.110477767 -794906.762499626 13311734.896876628
14508043.496527817 -855085.2507928492 3342193.1603617533 5076050.813694173 -796849.945181245 13484722.921051087
14832049.496067284 -615528.3416684179 3436350.550309458 5198169.252793104 -618653.1366913462 13531623.034001056
15222596.421566833 -593044.3651892609 3483119.3183119483 5276673.040259083 -620962.1603338603 13682238.904870851
14897170.106690131 -598147.9060469504 3426644.3753269026 5188013.407492762 -613207.7283254175 13476921.288829843
15133274.235028496 -583051.9321631931 3471049.2591517745 5259530.771868007 -599291.5349827497 13694256.96638708
15256967.83092315 -494773.1191791861 3467463.6617097054 5235116.172889267 -499597.6987131856 13161154.704807445
15319805.81296865 -466623.72062109987 3481262.5351748406 5255371.459233974 -479314.66360793286 13199847.276599651
15239545.126001703 -474793.49048415845 3466247.1256844946 5230053.915048078 -456280.05385311175 13104096.035588944
15356593.862273775 -453079.6830630334 3472417.957096461 5242393.811832956 -440920.58678405796 13098086.989394361
15404363.582811214 -375893.3629078196 3498143.299517799 5261902.834199967 -349107.53872951824 12874540.126852078
15487586.159524987 -365599.1749580034 3536582.3662279365 5320366.282852477 -317648.43420164473 13114927.105535334
15368116.665652929 -336376.81281939463 3513947.0230660453 5287071.0372918695 -292032.5574161768 13066469.1989195
15418686.784571098 -326494.1704697041 3536058.0867999443 5324082.232432995 -296104.9279607324 13269679.650489936
15509747.280668989 -303507.2381431244 3564523.6320876614 5348608.654231501 -231131.99171301856 13042905.631905954
15533743.13701207 -298512.3564601584 3549478.774116251 5325590.502551102 -219049.79656231165 12889533.62266995
15503913.131060857 -296009.4307904236 3550553.0737772067 5332634.645416413 -212900.15373209762 13036611.887365839
15500184.335168341 -299148.7727235122 3549588.458475383 5326737.623048631 -222961.59314233772 12943621.790979259
15491423.720143653 -195147.6647680473 3525595.609562014 5299952.940313013 -68323.63018552405 12944531.39728947
15480747.339467237 -182686.91531059562 3511124.30497699 5279576.470550263 -42859.36796632389 12866047.095960384
15504157.471570056 -198728.36186871884 3529077.509045899 5304504.658400146 -70689.79985552272 12946230.227634141
15501922.373247476 -179474.75142429315 3524469.1943517393 5298685.08792125 -51447.997635295294 12933456.8462629
15410186.500141386 -128579.33050581794 3503722.128275551 5267690.491303753 15974.72396886057 12861736.24527186
15359252.302917775 -110862.22805334891 3474094.4353038184 5228548.970245126 32218.465680959158 12781649.258651042
15450071.325969793 -135166.64976368958 3510315.557061583 5280683.730802319 13401.029805781833 12936660.79036872
15367146.123476543 -128907.97654763212 3487364.263919247 5249197.095443701 5902.546345590442 12894781.714717677
15259449.510556048 -78829.1409341216 3463149.433132062 5219816.388825432 186522.93700870968 12947590.39344491
15013921.700621752 2911.6822757617797 3389775.7335470617 5119063.320400944 244516.11753770793 12792278.215400355
15275621.690142263 -129371.43310129801 3491066.873201838 5257982.685767074 131008.50400395352 13080560.465178488
15227240.188054064 -96848.96131865481 3480223.797008694 5245001.668430141 140208.80497539835 13107869.330752838
15282249.140802898 -84223.07145897523 3520961.959012308 5322526.861709075 136460.80858809262 13707124.57674653
15062752.212932268 17247.943543567315 3452384.2269654344 5218411.098294322 252335.46980873554 13353016.114247913
15293830.171749754 -91360.96081223393 3517039.8049497143 5312127.9294471545 112806.12302054497 13573852.431696108
15087344.414183792 -129228.31469649386 3467677.9819869786 5234986.961285087 92854.01712201661 13323478.85144156
15051849.186890563 -166162.21098331545 3581835.4891994246 5418655.771274391 80355.0203216604 14520884.791207843
15033944.551904885 -141776.87431601383 3532099.6531222886 5345230.74394169 94417.9309877346 14164477.452172663
15160625.884393472 -215564.58571048453 3569460.1587942904 5391468.278716818 -20188.699165265964 14140615.958565902
15031290.680099059 -205147.645757306 3528625.030625601 5331743.637648342 -31944.07605056444 13973831.292747738
13938533.805899672 -843959.4000144887 3284202.724696652 4968885.572489262 -818347.3140550893 13186717.292242603
14568638.036856355 -835874.1562841156 3345709.4281143793 5078818.43006594 -810686.6418718933 13402122.774300523
13964529.629540898 -780103.010254514 3297178.590520033 4994286.743056847 -769505.3499489122 13383275.845681522
14517450.288824385 -720234.3884896064 3392787.546354845 5137715.387911951 -680365.4048724559 13595531.088984935
14927637.75370386 -556488.1005076458 3448128.3723983974 5217979.681619567 -592314.200002012 13573131.15526629
15013562.076547133 -559718.9839243989 3465006.4920670628 5239965.776660134 -598081.6421271996 13555610.121960307
14850265.171368398 -524532.0745588723 3422033.5994323306 5176192.120001654 -551885.7118500109 13388837.542820364
15091606.427369617 -501998.53066308895 3443242.842351508 5215240.963307986 -547003.6201840703 13461869.802834516
15063523.016376331 -470752.06055089645 3416616.962069482 5161570.782273523 -464634.540548286 13002319.144995479
15276312.283446534 -452562.17395133595 3469281.5757598067 5236626.468042497 -463532.781873923 13132022.08505461
15100226.460614556 -477578.94688565854 3432193.9897947907 5189151.656660378 -455509.90474243445 13174538.603135271
15260572.297359947 -447722.33797187253 3475615.524469322 5251914.643805117 -415546.3113165019 13314178.736561824
15459728.460851148 -325623.05079046154 3559413.4379417947 5353559.892710145 -267720.0815739741 13304373.445640879
15443341.241402913 -314292.97775395226 3571584.577563298 5370805.000831147 -245486.79331634223 13397897.787327312
15471579.86088079 -321294.57729181 3570588.243061629 5369980.627961113 -242447.9111819258 13375091.075799534
15451165.843280979 -315784.71474472975 3575521.4868206317 5377017.423832303 -237671.60591002714 13427709.686643021
15377611.167648349 -294831.956059877 3525795.4260587906 5293567.330874415 -180975.84467058544 12926235.832236988
15525350.83986155 -246344.67793992956 3562208.2924894365 5343111.670449921 -147485.415083497 12968299.885310713
15423827.571526894 -284256.420408643 3561857.765722925 5341477.17341822 -163505.55760482434 13044844.80164884
15460048.828961262 -255218.68300613493 3574056.8011243725 5359225.533328795 -144369.39761246645 13095211.985133337
15423551.417689472 -145590.76034615492 3486472.5142545956 5247647.450310026 -10964.628613710262 12827002.005158296
15437385.276655419 -159677.179499802 3496879.297168754 5260804.444619057 -28509.892992839286 12847358.814778958
15450627.38870978 -135215.15925011403 3501514.993363445 5269885.453889995 -4328.687431743095 12913751.5752546
15452123.403725196 -138473.14044381137 3500332.6170346504 5268160.280605785 -9055.626281553179 12903764.395130564
15378964.302503547 -104622.03223638663 3481553.8366596573 5239726.890425631 44003.76058404351 12821388.827925488
15245429.641664518 -133438.26819631914 3476516.067913058 5233983.7197897015 71189.53683883905 12950890.991204614
15376885.868025258 -123861.598756997 3498534.4301837706 5264787.320016 19372.63273264455 12951102.79724705
15226324.952250253 -152518.89228358076 3455148.7796346648 5204592.6576554505 32366.443530990855 12852254.804333497
15223692.993086917 -106704.33984949926 3462566.3135138573 5217332.105594323 152828.72279966046 12946489.872514857
15030931.367782712 -30980.302951673322 3423674.751294641 5163141.738042088 194925.94269835093 12911058.518307213
15288258.581394263 -130621.31705203674 3491187.796642167 5262328.763974507 122356.65932735089 13152184.835925724
15138829.53410336 -82144.06813789699 3472221.2097977945 5233195.847485581 138267.63015711837 13136220.482295075
15279170.438638067 -80120.29162556365 3516443.214740634 5309570.076429088 130287.84562387558 13550480.015460724
15232138.122545999 -77861.42337686691 3477453.2430138504 5258353.074575932 155870.43029532666 13430951.606876384
15226203.436051488 -105952.70850100032 3489421.9206814533 5269251.504457706 113639.25345707983 13391544.104468504
15107167.53505442 -121169.28015887231 3467748.837894193 5233858.157212039 89507.12755639589 13279520.85310189
15345202.509033425 -162171.0491427013 3588601.1491545294 5428987.6298568165 27240.41234417249 14285324.543963898
15125943.643171899 -208894.52783396686 3556666.655297828 5371952.251212208 -5025.259742614493 14066434.53125493
15271650.694834344 -209597.75539339488 3568145.623608865 5381898.082323373 -64987.63164359683 13867107.004796682
15139371.449287795 -227167.16484168347 3531568.3215732984 5329938.276008637 -51248.96600517459 13764890.79973894
14289445.6980986 -739421.3680830332 3327538.960447815 5051739.076419856 -759151.7787380718 13539478.16877533
14482691.592141539 -661495.3990184536 3414986.066094668 5169033.9549091915 -655051.3964986824 13768293.649003105
14241204.124722116 -745855.846620708 3335617.8119963123 5056887.792664932 -720565.4482149655 13512959.487720396
14506693.344551833 -646682.8343781094 3419580.171034787 5179300.82691017 -664412.7268117524 13848558.947786782
14915149.127272984 -535869.1364822196 3408758.4288264215 5159728.960368729 -522989.76447915845 13286744.076578269
15030049.868480276 -476333.2355946415 3429428.293441838 5190547.673291267 -475211.86102085875 13333480.70192638
15015703.931706587 -525045.5981341695 3427771.423278393 5187201.656575899 -517282.5737879962 13317357.394460097
15057764.092870263 -463389.5967216493 3445179.602633728 5216163.260742835 -442491.49389814807 13471549.491117217
15139667.791160744 -425984.3956408337 3453388.190528615 5216613.061264388 -386858.804424575 13218052.950901777
15136851.997109773 -431643.32468081097 3467600.1765040336 5240081.941655309 -395276.02852845134 13377582.67435113
15143022.481264258 -426933.3664525833 3447171.717106008 5214053.18629955 -371967.590067825 13300263.190790575
15170837.479495332 -415810.04039693164 3489121.148154347 5271298.863240747 -373420.2046171619 13494474.275141722
15271026.64877544 -356120.3110908656 3508215.4164085123 5281382.706546501 -274446.6645974625 13175888.029093625
15393278.777920796 -336710.633343485 3552853.626515522 5346171.371434014 -220367.1630334689 13367368.619272279
15347231.270803146 -313589.4122258259 3529041.7752197073 5309394.522920896 -231126.9314117352 13201739.862493563
15462416.096718227 -313571.02129577217 3557773.2608570787 5354222.46235036 -193026.77661675125 13351021.148646735
15433542.454046655 -265828.5381872164 3552317.4986737804 5330853.095737088 -136353.98101411617 13032534.25980157
15445027.534711173 -278933.7878924139 3566765.4123032107 5349632.8820255585 -141130.51208109566 13078790.788746312
15456138.8454968 -278600.11275816365 3566358.6092721806 5351101.566623775 -140655.79402635034 13106002.875517426
15453127.110533921 -281360.9942947618 3566608.456227448 5349734.154183394 -142545.44699812215 13076169.721523793
15361027.249347966 -189502.74327762765 3499816.7201190386 5263901.526107297 -31089.402394068653 12921035.188131936
15200258.473821044 -179347.97368780503 3466367.5941762747 5217976.669783163 -10668.52843560653 12899187.629276544
15332978.11098664 -204286.68273729854 3496319.661903479 5260897.66974916 -32666.054930314956 12965942.481230058
15263002.851722414 -183287.02544284085 3488060.562017975 5246273.598557885 -25445.385593695933 12925136.510198753
15301694.870010585 -124911.32397288433 3488073.0477202446 5247167.05585372 69879.80391398312 12904038.921796193
15281512.14470944 -148330.32955355043 3497053.8881575502 5262219.07175441 85742.52593805623 13027683.454514194
15267796.526882058 -141087.0773028953 3479438.04143689 5235575.20514173 65466.32948809122 12896070.362027442
15276694.745699512 -137478.9813739966 3486390.7085469174 5246745.400049817 86660.42597443583 12957617.329327596
15284866.631879268 -121989.24195676652 3491329.2907026354 5261995.983254273 122615.25225510792 13145808.280662572
15074731.943688631 -46663.39160222498 3436778.5353122414 5181331.052228803 178958.85348392028 12942760.994221764
15298537.237227315 -129058.46909463523 3490699.688882687 5261870.490680027 124282.58842457348 13143479.136929229
15190428.769368824 -84595.81765857954 3479920.625452585 5245374.03254975 134112.08481376045 13158797.794199757
15244770.701144887 -72330.64316662948 3500180.7870974042 5281935.982838168 140638.15162909203 13389971.282726875
15225029.334994914 -96290.19135705411 3476759.137682299 5246402.537735043 96135.22466865138 13214320.032429164
15205451.74882314 -115074.37715641121 3468049.8060215535 5232931.24268636 72042.17119339344 13156077.016006447
15118027.07076353 -140016.66437706735 3467784.1368575175 5229438.384790395 40279.28992187662 13179489.315877512
15313429.879585419 -155830.76554105588 3545608.635968777 5351457.166182198 7309.673495976258 13712323.266675556
15284653.518496715 -188523.21879255777 3572760.1156223235 5381045.545277769 -49544.306564981394 13735534.587371377
15191661.929168344 -176699.05385896823 3516236.746323969 5301088.922852395 -25633.29909821563 13472907.87973791
15158204.771843098 -211787.30184095935 3525811.6250364217 5308245.628068075 -76111.95540257735 13438851.791468479
14203132.088669842 -777044.122185396 3310983.8330010166 5032355.4506623745 -716240.9440576464 13602332.155999541
14635166.799358804 -625489.4197566172 3435935.778261193 5206723.683446791 -607572.3174766744 13908719.283625182
14313282.13747819 -745547.3375313838 3373955.6217026673 5125605.391919388 -654161.746931966 13971801.597190605
14791160.935168505 -562799.8052609953 3483838.34220266 5281334.7156489855 -546641.3827869433 14191089.440538963
14926253.428494198 -476786.4562493441 3426129.6033787504 5182828.278066011 -485722.8528225132 13355460.38056021
15073871.273691164 -441734.11662732303 3426557.099323173 5190943.888953474 -429518.3981574398 13360749.956253244
14936506.844325215 -446274.5858700431 3426564.86348464 5187423.586708012 -431645.90156429936 13427537.504501965
15072319.844198463 -372297.09431176475 3469274.0361709697 5245875.212798136 -356310.2044835666 13521155.364566362
14975934.044251952 -406407.0846255383 3441222.5479105487 5199718.460794942 -346109.26403084904 13311538.828054901
15115871.041282946 -404828.018890034 3466011.3653746 5236656.672447981 -309561.9942915806 13365012.117536405
14934126.476479985 -359398.10577326926 3449890.636156148 5209604.026315835 -295559.9317901391 13360359.780127728
15083293.901199048 -335772.3298558216 3487375.2632141993 5261472.9007302085 -234795.9298230585 13423908.05215787
15281731.332974833 -341497.17939281324 3496997.796692662 5267495.605947617 -206675.14651595024 13134229.044817412
15307804.129734006 -329473.58473631827 3532383.6375574167 5313343.84784028 -195039.7925183562 13246632.570252543
15317267.397160947 -338915.8498213601 3533632.6251135557 5319075.370312882 -186193.57270801268 13324322.002110982
15351262.04863622 -311168.9203302766 3559378.4889882472 5353127.626641549 -179552.9764585809 13404963.486760367
15314128.55460352 -268596.6338943416 3530454.5990161984 5304044.756507116 -127907.45705211237 13096765.171191957
15308853.146568678 -226326.67811444774 3528567.7505255505 5303181.616649822 -94292.63775494481 13126288.434924655
15257443.64229364 -237036.46859533823 3524648.536054357 5297308.728202343 -92983.57823145259 13146462.90952232
15334547.619779155 -244563.0418003135 3550073.9799680198 5333962.771533076 -115635.25620634654 13243080.02356411
15260295.82329278 -195957.30897278112 3494334.214148512 5255567.459770214 -24981.60904646655 12975700.398173096
15247108.440685352 -185825.75708639264 3484477.7433407 5248382.3246397525 -12670.161266325555 13062027.437634315
15314654.3996933 -197853.13728785727 3512200.8802883434 5282292.217875364 -28088.041722590522 13062770.342896037
15307844.664412614 -192672.45378958 3506469.8641847936 5276613.158819604 -15482.105989220263 13082081.256134335
15264785.685186027 -153709.00447966688 3473982.180266392 5236831.191270397 62683.50746315324 13044229.902961476
15268019.477651 -126731.78694283185 3495370.473716263 5261599.443184186 99060.6389302277 13065818.675932238
15291370.043485047 -137492.93639381675 3484098.9338446422 5248263.258763186 69462.01502520253 13023718.296665309
15262226.945099719 -125288.85495230772 3484090.0909340666 5248854.968798404 71258.83809510684 13064890.141397698
15212897.614655212 -88811.78518090636 3483861.516850892 5254477.216232215 137128.86296517565 13231693.010478444
15179292.548038473 -88402.49517564697 3478557.894245696 5245433.846188162 140051.495140066 13201110.397051781
15216400.528956309 -107295.71491049929 3495591.6160420687 5270240.803951923 111497.07568862505 13285399.699087081
15220145.773746377 -107799.0511197582 3495145.6784159555 5269706.621382102 110849.47185473189 13280781.449031254
15198781.325764239 -114360.09657619343 3468475.0342690703 5233348.481325788 72629.01437624326 13161737.23661753
15201066.995950034 -112772.71677522702 3468457.718243234 5233277.519488906 74189.4785591764 13158413.294388775
15193177.104000255 -146212.62627488087 3473080.2406574837 5237585.106938452 39607.22162686533 13150759.446193576
15144852.106159072 -140951.09307892143 3474732.8160969093 5237582.775248989 15463.739959107641 13162681.172723737
15271483.081914894 -162172.63473622786 3523884.179803043 5308831.170803711 -15068.391487220651 13379688.166016331
15235888.674479727 -188156.6505351808 3538264.0078956406 5328579.7954936465 -48770.08074494796 13493898.844196554
15152493.217795832 -168613.09222821024 3498555.482013316 5266304.092508389 -13844.196901844147 13205367.778854791
15167722.978170704 -186308.24278337383 3510873.728695281 5283000.332277741 -50402.404198405464 13253061.399766473
14402374.733169898 -731190.106257007 3403517.0187388184 5171764.019149398 -626929.1306429857 14155530.791104566
14806625.297537379 -563901.3134904688 3492651.607288141 5298142.41664103 -506171.2235417396 14317887.241904387
14549238.71270818 -622074.4064602855 3451623.8980948585 5243859.841586764 -525453.8643396931 14392231.954732073
15086248.892118141 -473415.65309649054 3524377.597091647 5354099.047461896 -419085.74907550303 14459424.51479062
14939390.258046241 -446318.6520297089 3425689.723252594 5186311.905524965 -410412.0653087948 13421673.487446934
14984674.21100226 -397488.0665702245 3453834.721451171 5223529.691311627 -361047.2373724149 13501555.448103942
15024172.958037078 -404143.7986005097 3471427.854384554 5250371.200729052 -353382.42002639076 13611837.935195005
15108777.434832014 -367550.9198664366 3523458.638423223 5323046.736660862 -295597.7388854505 13836067.007244168
14952598.484215708 -354113.73808447906 3448155.2813395113 5207835.047814639 -255059.6722569646 13344686.010085909
14974765.193598505 -343148.5362398141 3485837.8457001927 5254809.425040369 -253551.14700598194 13432990.42816805
15033052.440881964 -334327.86952077853 3484328.34228019 5255973.210296485 -230479.46726297823 13431187.959329404
15067090.843627179 -312506.09777118755 3526546.891371277 5310111.9222886 -193939.3308316616 13551115.745866064
15115560.23809824 -333587.1008665838 3489849.1171576045 5257927.9656298375 -204008.82681136605 13266318.265392123
15154578.15219808 -295910.98854936525 3525633.407159047 5301608.0316945305 -157288.03038004294 13313647.29248891
15100815.781230139 -281330.5704424577 3522478.655544577 5299875.881190932 -166159.11293123037 13402171.174994145
15119777.778780041 -263059.2353703678 3540640.8879654333 5321171.2172607975 -146791.00283050106 13409546.801474012
15129617.706773948 -201241.48835596297 3487838.1189098973 5245715.997677973 -58969.14277640245 13052263.398577647
15232126.69742231 -219133.19806905175 3513095.1473320634 5281949.641973078 -91814.61429380008 13118772.688155146
15251602.098553017 -219246.8520575519 3521742.162617257 5295884.20180389 -86599.05085338617 13187754.102039432
15208183.549425276 -204287.8771203036 3527442.5580230276 5299583.559309079 -77972.20948560919 13179751.128258137
15216593.522703033 -186134.00534235119 3490511.7782190624 5254281.269557589 -19233.299465476575 13077772.519001765
15287059.987873714 -176740.69412104393 3501331.284479549 5271970.760768677 -5583.376024408237 13123066.756596921
15295315.582782662 -177076.0781630778 3503344.526270281 5275268.283888834 -10920.983238874638 13136470.28173711
15293885.690109586 -179130.763908256 3503139.491455962 5275311.27170743 -13121.569497248202 13143270.715895008
15278482.473029343 -158578.04849019405 3478374.649091275 5242730.925153342 45634.35345868488 13051893.485515498
15260296.92096454 -150213.5070603346 3476402.6479713023 5239911.389775097 50880.58309288363 13057072.364535322
15260735.163632985 -144929.35227643626 3472369.7312287777 5234792.89182312 59610.49867147858 13042988.346187774
15205003.169393215 -124138.83860225246 3472731.292584873 5234112.234789742 54138.238142470036 13077152.851616228
15193341.718406918 -130447.65946228021 3470030.7637576 5230461.387187036 51559.20244358639 13075208.971293012
15193533.056976879 -130718.23483556575 3469982.11194795 5230409.380745479 51315.64558358352 13075047.846422065
15194191.758346729 -130368.55670229917 3470022.432085095 5230480.133723847 51628.40640074306 13074917.13496255
15195246.491751444 -128583.75852128425 3472567.7824583743 5235990.802674302 63275.08950176014 13128078.06969291
15227240.86791387 -152209.78413568862 3498743.0213494226 5269542.430931178 26491.54719615961 13191261.02841186
15300482.152718743 -175230.4817566168 3510325.421837431 5287803.815650824 9531.107158189838 13228434.642384853
15226134.081076082 -158675.42076005327 3500323.135600419 5269262.971415787 6656.004541845829 13152016.132135393
15295085.02613016 -176060.37314032836 3505431.7762083225 5278472.48013165 4133.679039576622 13154865.28451865
15313573.615682606 -190885.04425394954 3517761.934397122 5296645.8218478765 -35269.395517671284 13228580.053410115
15362873.007040003 -220798.51290045178 3539176.0287302383 5324754.134575979 -67662.85902104498 13270336.838380866
15296927.1860914 -182394.69911684943 3507946.814028154 5281743.277796718 -17882.069036953162 13163108.23653001
15336421.173294403 -202402.75995153515 3520034.8388080844 5296373.5046597775 -35471.05474100315 13150282.242456524
14561990.955179267 -559990.9442116887 3474426.0551074906 5273851.541076376 -455645.5929302026 14477666.252412807
15050439.637762979 -485547.8757071469 3537492.9526206213 5368843.046148234 -422578.08877741935 14501575.797672361
14768898.36057621 -501684.794330767 3520990.718019083 5342226.686853775 -404716.0151023173 14613839.008687044
15154633.754719311 -386155.5754448111 3606086.279197391 5463635.189149896 -338888.0611509239 14784171.430696396
14987591.961956698 -391224.44378799206 3490434.3257387485 5275988.336721062 -323778.47276952135 13742619.246119687
15089559.408058926 -348772.5724627381 3512062.3660974316 5308490.452065465 -275097.32366809744 13814877.311519857
15091605.170015607 -358902.5700247504 3531951.0928532416 5346004.373401315 -255582.06944886417 14125557.97796991
15163774.448276425 -308204.34287723876 3543255.4039110392 5352281.446750252 -167736.5125513742 13930235.384400677
15010893.065426813 -327692.1431482636 3466731.822457538 5232743.603631638 -229898.44649920895 13375878.655500166
15097751.202290138 -287585.31411291665 3539811.5360621177 5327281.1145766 -153218.05962695924 13572017.052625615
15072034.050394796 -288957.8606460467 3529848.564323965 5320870.077514182 -149947.6811442076 13688698.835781636
15196874.522883732 -271450.58905814926 3569505.2145771245 5377171.830498975 -136035.35852582258 13817447.185033431
15074108.831663122 -276639.0479667896 3526128.6590898964 5301661.38653521 -148096.98730457213 13384288.153302433
15152463.96549529 -269842.82981404883 3535346.830975885 5317930.627812108 -155369.39252401827 13428518.070515145
15135122.561825762 -245732.27088786164 3514950.3865189473 5293326.534268399 -127224.5141913705 13402499.37185066
15219844.414272582 -254015.5479107305 3562488.50055242 5360883.933947457 -140662.3535731809 13623087.040489025
15094154.158899749 -231039.1743464357 3514009.239562479 5284571.826972464 -78776.2252087922 13289078.86832467
15125946.607281158 -211589.55699344396 3515297.3938326677 5283325.613508876 -96818.38335050664 13204022.757043893
15076580.349797577 -229083.19538565917 3518539.2813628414 5292608.676857614 -93562.91467182747 13367728.759609468
15205186.3011986 -202020.4493294896 3527725.3420855566 5305053.185361184 -75504.25723328917 13285919.633162485
15119803.41965501 -183457.20240284686 3477024.212524401 5235030.205572719 -33677.26066707745 13086267.749586366
15065492.945426773 -181791.79707185092 3476892.0695213196 5232394.324067321 -35022.747988349605 13090767.731716663
15103922.9246403 -176322.8593908628 3477805.71224475 5237142.257700682 -36457.545766071395 13127196.324034313
15146180.328635065 -172491.28157756454 3494709.525914995 5260818.0593727715 -23808.50368550776 13186571.045681536
15144000.669759264 -164415.5574684615 3489342.7365387063 5249238.510519344 -9038.307804002698 13075229.089150915
15226172.797274726 -160230.50400000848 3495606.4356560153 5262310.698267714 -3662.9889633824782 13116699.36280352
15215603.350562666 -168112.51048832864 3493033.3547697747 5260037.518090115 1350.2346394291728 13138412.953974722
15213719.77448615 -169033.0743367911 3493094.8554081423 5260144.311074226 492.33071596653843 13141079.381956572
15225261.322073031 -162176.70807036103 3498074.754352813 5266158.907580512 -10975.167105401544 13140271.996141562
15293288.81959632 -180785.70294824798 3503089.6634516385 5275297.837329986 -14645.036920916531 13144695.107075434
15226691.330192812 -158054.54156218373 3500348.5989949494 5269246.0581503725 7233.609427694006 13150560.426322872
15294781.564220337 -176650.51373615675 3505340.996708046 5278363.762737659 3574.5627476085624 13154991.511460476
15289569.258856643 -177914.627312257 3503534.708645079 5275736.139835195 -11979.4778015429 13147389.740875512
15335789.758709908 -204043.18504686438 3520029.7221760843 5297433.669655357 -29554.238292903447 13172229.521888254
15287162.684596224 -179845.40652789705 3503367.3945113253 5275491.584034112 -13923.58187327899 13148586.101878146
15319049.138100741 -193990.79064661363 3509943.847911233 5284689.720623999 -18231.30435762929 13155980.37287491
15286896.427201964 -207891.36468419095 3507655.7606701446 5277715.134335726 -51605.03082802654 13098979.294986097
15332117.364719756 -208157.81216538625 3530159.3473252677 5306889.213656524 -68707.35608872474 13142161.069290861
15272918.104657006 -203287.58904962477 3501301.944909501 5268223.160769288 -40530.92083516888 13062902.085829245
15306083.007229887 -180905.01647978564 3514785.975386197 5286508.064378976 -20360.35760762107 13098786.583606103
14926676.924579373 -475182.35748804465 3558974.773347253 5395993.543409486 -395350.6209175389 14695748.427500032
15191332.537336642 -391277.1172304641 3624385.9973846525 5486544.666619111 -321608.79300394567 14803068.296435772
15016252.85778654 -366687.0827063566 3598574.2811770956 5449412.026975063 -237434.7260463712 14803353.04938702
15259421.511060795 -308224.741647548 3681732.610138509 5557650.8628248405 -184314.09670161133 14895478.065463874
15123784.552520879 -345301.1525315941 3563770.2834817194 5385770.000871108 -201419.40735972326 14188668.87638558
15163134.940782659 -296706.9298203094 3608610.6496477243 5441062.826660753 -131663.4759091639 14268687.098267144
15184444.552987477 -304616.87475931144 3613621.598802851 5452614.545768489 -144490.7244343472 14368170.945412071
15200990.120783074 -284017.65827152727 3634122.4537052014 5477552.809153737 -118530.85742631271 14399371.931536289
15151163.850209853 -288673.5445671042 3542771.0348009868 5341679.979353009 -163993.71719957324 13741472.7109647
15159068.918847397 -283866.71012582164 3547815.2402062686 5350269.472271966 -155498.3047817158 13794385.060430659
15119003.663912151 -267112.54834176734 3571289.686379791 5386660.581309261 -108291.55742797792 14045834.61292529
15189883.590081709 -254559.58690998616 3583069.7494731587 5407138.891123619 -70681.11519426997 14125359.566604868
15094614.692792937 -271453.7525514281 3526715.7798805004 5304984.077346425 -150937.6000729718 13417319.493842563
15147235.323628685 -249611.294712847 3549932.3542884775 5340593.129820245 -117435.7658490898 13566115.245185733
15130728.177705029 -236841.28743400305 3519932.196333716 5308200.63188353 -109638.40411263451 13594775.927216297
15225231.52779304 -240383.90758324318 3552585.795370907 5351710.63999553 -106768.58082018935 13652093.57335495
15109451.95537233 -244950.9395871783 3509103.6410370856 5283684.932935372 -124590.41027841863 13363966.331900042
15107839.200684015 -240760.5074336457 3516373.4918932943 5293390.152888406 -112488.61212805854 13399746.771237366
15085741.418612616 -236098.26505607748 3506135.5052946312 5281085.8863420505 -115644.66042001036 13400994.936550718
15172331.926385233 -194790.20487706465 3535079.719832463 5322863.059236578 -59656.96236316764 13513175.18560662
15129151.242801514 -191558.57460036734 3508983.0229019895 5274993.829006909 -68140.22793393204 13173098.614652617
15145066.451601742 -195579.9767869656 3510310.835829185 5280414.933023142 -77822.08347162875 13236393.605707671
15098294.722842913 -193700.95726050518 3489285.7491012677 5252781.768075398 -59171.301024921995 13193053.915609773
15085590.000840273 -180834.2976960017 3484457.9592650314 5245531.659344618 -31365.145257432774 13166967.853066556
15068091.348130219 -181073.25608650863 3476937.724671684 5234528.429274435 -36316.11373595517 13129847.033755658
15122702.54214972 -154328.77591435288 3491597.386503941 5254274.865584317 -23135.092299405915 13147652.007991685
15070038.251710176 -183528.54237999124 3476678.122004229 5234327.164637013 -38620.565960596854 13129586.12097745
15208485.645933468 -150994.0349414922 3496606.1411062554 5265381.02597119 -15802.479678060728 13173799.522160685
15272795.869838517 -186976.94440401802 3505703.963054706 5276877.014355588 -14470.787267569907 13139257.023205917
15299522.723098423 -180963.9442858793 3507042.9089881037 5280190.457404626 -13798.485793896529 13149342.2082355
15295996.05089057 -178114.96015963785 3503084.111826679 5275235.616852675 -12235.82145427051 13140865.611878455
15292250.257344464 -178307.2324993492 3503400.6577058425 5275642.529020694 -12308.283100763712 13145785.628366256
15332757.957708776 -202631.58330265924 3520178.465931861 5296429.676562903 -35730.88416063392 13151909.114877626
15327367.066015072 -202249.216628757 3518676.993404094 5291952.224149897 -39170.07808127568 13100783.344661564
15315607.929218594 -189843.84621470902 3507223.490114476 5279773.793746029 -6376.491498909659 13120950.929849477
15330505.49242153 -191355.9459424403 3515659.7141382555 5288614.7425515335 -20590.28688660364 13097275.419752078
15297805.260741858 -183038.92944316435 3507719.6327959383 5273267.875953349 -25003.30129024812 12997720.110622395
15308935.18910011 -211567.4302304174 3519084.1181905926 5287351.737920535 -66201.2057914973 13018248.73543051
15270553.442329723 -227113.97840119255 3511477.7775497274 5277672.66909789 -80663.18918878173 13030388.58956369
15304460.11062073 -200610.23637955458 3502045.860206479 5266615.9936460825 -43804.44495191272 12982850.58678487
15131418.220278893 -303969.9017463097 3643189.2705254233 5509637.491285562 -192825.66518846565 14911167.473795926
15237176.470319102 -278403.58254726656 3681983.254391846 5560735.027399364 -163548.0596825052 14973892.21743154
15194814.754526658 -262239.8085649136 3680930.057097899 5560351.732136497 -121341.72953570636 15031758.600824095
15199598.538677104 -254063.01746611876 3676325.275843121 5551736.74805795 -123039.45189340651 14955980.234552287
15151933.770993244 -274612.15520768374 3614559.7938776617 5453549.846004637 -110323.0145496772 14398747.443006696
15208636.049920252 -284533.6009455838 3636618.9619164835 5483777.491779228 -107291.39023622048 14461296.470219117
15175118.157733308 -261860.22525762208 3633111.219880395 5477749.987492191 -88131.77757895722 14451434.578758901
15196319.055096747 -246366.0375475662 3646372.7860800168 5499537.0851129545 -85229.86796463681 14574221.222472498
15138328.843223 -262561.79497570335 3573769.112447703 5390035.901503186 -107212.77331848325 14039468.478681013
15199463.384162184 -258847.2079643594 3587574.2816193523 5413517.572055934 -82325.27855311341 14144253.654759562
15072933.772045983 -223960.47567954994 3546360.3418419384 5354150.314833006 -47712.757162534785 13990144.747397775
15195025.593984542 -254985.6320287508 3615289.1791470023 5447012.980027198 -62718.83473255791 14208871.865873033
15139664.471301613 -238925.2580237259 3524147.658432493 5315973.542399178 -116359.47129314108 13648557.694418544
15149827.785701053 -245112.93771725378 3544152.9973312207 5342698.908213627 -110027.48881978943 13732784.215535842
15138190.029301792 -213403.1321971744 3531134.586006131 5330146.358656952 -64561.345157936135 13779776.014833476
15170776.224797292 -232305.9731667512 3562374.49057253 5374056.991475372 -66358.58438968609 13938124.587589623
15122406.662643168 -246829.74303829792 3514394.6043299413 5295278.543124994 -123208.23976433238 13466482.676147675
15115958.100464724 -247975.09109531387 3514659.267733399 5293587.5708960015 -126951.24618529875 13433289.187327351
15126707.368071036 -247709.6420987814 3518694.034914764 5299690.263754093 -117628.63048492967 13455828.917550886
15224878.404443962 -213155.00851875363 3537456.069137836 5330224.594057997 -101812.27774313059 13555579.721801896
15072473.632419245 -225856.61496026703 3514242.8005400677 5282933.801420539 -84482.96241804383 13272860.558468994
15131061.783573946 -212828.10219015495 3515962.87880897 5285826.890241919 -93044.59201807038 13234292.45462742
15132580.503828749 -207149.89572774697 3509915.4616065547 5279944.418659251 -74506.1600664119 13248167.494785976
15163686.454894254 -208678.6140816688 3518854.8091902407 5292669.823778105 -86322.52010942483 13274903.991275718
15157371.275675165 -178140.83748284742 3513303.4929812495 5280062.994028167 -69536.98816733538 13151211.516710976
15189823.1742981 -210693.32228121563 3522075.6437730403 5293918.309921265 -78316.28178141711 13202878.609041987
15076241.863106783 -176377.20127197684 3480784.702507739 5240012.789625201 -25419.87509552189 13146750.241638573
15071718.209920837 -183513.55591768588 3481383.1680965973 5240957.432569033 -45592.78085459032 13157000.496250441
15221442.649250304 -180906.18212169263 3502826.547940341 5269127.876738017 -24491.65187283909 13098930.61969971
15333561.828847203 -212902.26823689102 3536184.4583911686 5315757.214344891 -72416.89843392976 13185524.174184244
15250681.427025052 -204838.40930259635 3489145.037739119 5252272.215608868 -46819.224559830625 13033571.841925034
15306600.908677358 -186861.43204822417 3512689.5123145003 5285816.619701443 -27094.67237507954 13130562.01034369
15328591.030933578 -229979.05429841953 3524758.622914276 5300406.793600505 -76300.27186543115 13134854.91393398
15333268.2652297 -207363.23380862668 3530063.3189888597 5306737.9599491805 -67828.45980788635 13140097.701498432
15327957.501085587 -200046.50971077356 3517544.1959476224 5291666.847221653 -25531.102914026193 13119406.89921779
15316452.43194492 -193989.83403285884 3514103.5882421797 5286647.548565295 -47318.433984896306 13106219.382398425
15322363.679839728 -214904.25227791927 3515959.294033676 5282297.9631800065 -72655.38297289325 12972490.886892341
15363381.37562974 -230588.03471087094 3521744.846748314 5291222.116873498 -76851.66359679702 12982674.104551084
15282331.40159965 -193113.40159536726 3499521.325217207 5262519.0338919675 -41827.153695707544 12978579.89610876
15346472.214465193 -216172.2020579878 3507688.3176260362 5275256.879017159 -47858.375643418185 12989522.1338927
eps 640
0.002388826931855253 0.0012626094583889143 0.0012626094583889143 -0.01859433320363321
0.008886735475456322 0.0009960953313366187 0.0009960953313366187 -0.018592832578484434
0.0023887629270719587 0.004976573473716013 0.004976573473716013 -0.01920364977754804
0.008886489738646057 0.004698087991903059 0.004698087991903059 -0.019198047626535656
0.015464479011830862 0.0021365934460336328 0.0021365934460336328 -0.03215105429927405
0.026876668719167253 0.0025527252267489994 0.0025527252267489994 -0.03215306630622011
0.01546314826457987 0.008778748739593436 0.008778748739593436 -0.031155811097219974
0.02686983066665295 0.009157389304129146 0.009157389304129146 -0.031163312563750874
0.034444901412885746 0.0029688159887037166 0.0029688159887037166 -0.048607548260690046
0.04373886209539257 0.0047596739651389755 0.0047596739651389755 -0.0486157689726326
0.03442939593884936 0.008444158838205191 0.008444158838205191 -0.04435160353034776
0.043707005930257226 0.010206403234157209 0.010206403234157209 -0.04438212688719759
0.04910349501479333 0.005488408673530664 0.005488408673530664 -0.06093011133575152
0.054492083710515456 0.007875378897573435 0.007875378897573435 -0.060936831816731575
0.04907416663176705 0.008675630336525918 0.008675630336525918 -0.05521725373795873
0.05445103024054489 0.01104817928694133 0.01104817928694133 -0.05524216975188196
0.0570034820719926 0.008680510465777738 0.008680510465777738 -0.06699852603884501
0.05845993271788647 0.01078474410571865 0.01078474410571865 -0.06700009525859743
0.056991841594389143 0.00951219490391275 0.00951219490391275 -0.06192655568154374
0.05844677738160726 0.011611638745282746 0.011611638745282746 -0.06193238076236361
0.058443273229383794 0.011360207207303468 0.011360207207303468 -0.06705695046716208
0.05690664457690577 0.012637663474032789 0.012637663474032789 -0.06705583011312577
0.05846381525481101 0.010415585471107188 0.010415585471107188 -0.06399008463016946
0.05692896656070478 0.011690984413516545 0.011690984413516545 -0.06398591878428933
0.054307959222256535 0.012252902527128181 0.012252902527128181 -0.061149793123436186
0.0486614869892684 0.012509845456545253 0.012509845456545253 -0.06114832781593062
0.05439584260729325 0.008868742897342954 0.008868742897342954 -0.06053645325715368
0.048749508497491725 0.009116892231650586 0.009116892231650586 -0.06053098394166108
0.04210931435364879 0.010269097779938825 0.010269097779938825 -0.04892915619673231
0.02965677684498156 0.008039344857275869 0.008039344857275869 -0.04894007948723205
0.0423026034112416 0.002930587810524565 0.002930587810524565 -0.054165755090197026
0.02981848087081097 0.0006500762575340452 0.0006500762575340452 -0.0542067956726888
0.020364992251300375 0.005306318799063659 0.005306318799063659 -0.02975926314357531
0.007435593224862137 0.00032262964189630987 0.00032262964189630987 -0.029786875697456906
0.020479149098580295 -0.0021471192075234657 -0.0021471192075234657 -0.041288104748298464
0.007479102641613833 -0.007207026766523026 -0.007207026766523026 -0.04139273532546325
0.0020952614171268415 0.0006478555783889912 0.0006478555783889912 -0.02164253352158871
0.0005618065540569762 -5.983337678677799e-05 -5.983337678677799e-05 -0.021643191191312514
0.0020962382970964462 -0.0002233974320189877 -0.0002233974320189877 -0.023261205438875877
0.0005620687541175492 -0.0009322075346024176 -0.0009322075346024176 -0.023263664431353547
0.002784967276896306 0.008237031424786769 0.008237031424786769 -0.018932603373529238
0.010354943350768111 0.008804687534567373 0.008804687534567373 -0.01893825226350563
0.0027821616373733416 0.012564467312384503 0.012564467312384503 -0.017571830726419473
0.010344560443080401 0.013115653637170105 0.013115653637170105 -0.017580007092661623
0.015150662194453194 0.01447527140396564 0.01447527140396564 -0.029133665453282945
0.020747581624890262 0.016451539997541696 0.016451539997541696 -0.029180209673374813
0.015135585043048946 0.01770026935948357 0.01770026935948357 -0.02450154255308646
0.02071914148505019 0.01966337397113598 0.01966337397113598 -0.02455994772528955
0.024562924333199412 0.016606067142151782 0.016606067142151782 -0.03941477682207146
0.029338766941107396 0.02063784568895658 0.02063784568895658 -0.03950124606304504
0.024524706739894323 0.01935719621307225 0.01935719621307225 -0.02997884420253119
0.029276208203444745 0.023364451459741083 0.023364451459741083 -0.030084085893955795
0.03288353744123355 0.020199631659442607 0.020199631659442607 -0.04861901641061869
0.03755108504169404 0.025525093217172085 0.025525093217172085 -0.04869353214343103
0.032806135663715416 0.0228543158585923 0.0228543158585923 -0.03611454275446553
0.037442763619238865 0.028141898260706504 0.028141898260706504 -0.03621378719018273
0.04077373794540803 0.02510894972903321 0.02510894972903321 -0.055700764623529284
0.044395270839510115 0.030208123058252764 0.030208123058252764 -0.05573074437787712
0.04069243787212617 0.027106920957395027 0.027106920957395027 -0.04370727310002883
0.04429344020534287 0.03217356132463182 0.03217356132463182 -0.043758475470605206
0.04655727084691737 0.02997456783127045 0.02997456783127045 -0.059530147444253695
0.04827735291599805 0.033763277133314167 0.033763277133314167 -0.05952415556037471
0.0465284245705967 0.030841839405828853 0.030841839405828853 -0.0505809501921899
0.04824410771462842 0.03461439325428493 0.03461439325428493 -0.05058553894001537
0.049502271230946936 0.031106282900307237 0.031106282900307237 -0.05889151389493252
0.05017351325023582 0.03247856253479956 0.03247856253479956 -0.05887858552980687
0.049535307788699266 0.03141231242107298 0.03141231242107298 -0.0556390195924623
0.050207511514971236 0.032783299348196904 0.032783299348196904 -0.05562883177740815
0.05131116147890651 0.025337916275540186 0.025337916275540186 -0.05748948690181584
0.05223345914826037 0.02314623740324702 0.02314623740324702 -0.05753755236456919
0.051264144028131155 0.025988430915946572 0.025988430915946572 -0.06275824620631708
0.05218981467691009 0.023792026783347495 0.023792026783347495 -0.06280552304116997
0.0512398623364667 0.018511846891979468 0.018511846891979468 -0.05129567773333644
0.047703177048579744 0.011175744931757381 0.011175744931757381 -0.051503483627195396
0.05136050360134146 0.01668563928475115 0.01668563928475115 -0.06884561419586703
0.04779727147986294 0.009284981522466042 0.009284981522466042 -0.06909254545882867
0.03651861901232722 0.010254662843937614 0.010254662843937614 -0.034400750367264706
0.009915297645274466 -0.0024735062948220738 -0.0024735062948220738 -0.03459713374903592
0.03706088827880474 -0.0051082538863675255 -0.0051082538863675255 -0.06399322568459095
0.010065828017435188 -0.018232530183982576 -0.018232530183982576 -0.06458824226885282
0.002121654195548276 0.015861451366300947 0.015861451366300947 -0.015442961180897974
0.007895844589653506 0.017787090711517243 0.017787090711517243 -0.015496293297959087
0.0021159504768705336 0.019145389883578993 0.019145389883578993 -0.01095910404040937
0.007874711546742403 0.021057658460224758 0.021057658460224758 -0.011022138039449878
0.010293084391903053 0.02186988596377791 0.02186988596377791 -0.020308249979829635
0.011179269285660723 0.024948651532448393 0.024948651532448393 -0.020388645476039326
0.010292524101802267 0.02235490806053618 0.02235490806053618 -0.0132915630849012
0.011178181533684032 0.02542293047400234 0.02542293047400234 -0.013376998311367058
0.011520532513649212 0.024836953346317588 0.024836953346317588 -0.022849593084818924
0.011394029962852954 0.02933868967834065 0.02933868967834065 -0.022958376389002815
0.011527964540083566 0.02470775422830115 0.02470775422830115 -0.012584644189192612
0.011404144010728506 0.029186913883310853 0.029186913883310853 -0.012693749735485612
0.011535928285843117 0.02943505660964615 0.02943505660964615 -0.02614956427241479
0.011607050800620255 0.03594836669909386 0.03594836669909386 -0.02627675101536274
0.01155005797262975 0.02932320351078969 0.02932320351078969 -0.011281747628899013
0.011625951975253034 0.03578930215396882 0.03578930215396882 -0.011412923887425546
0.012639549967303987 0.0369186116235589 0.0369186116235589 -0.03174893884940781
0.014473978869792157 0.045953015332634344 0.045953015332634344 -0.031862562043828535
0.012571723171265347 0.03762908700906521 0.03762908700906521 -0.011068153454821362
0.014387901203188915 0.046572395867176396 0.046572395867176396 -0.011197859488737163
0.0164170322283248 0.04852649599834616 0.04852649599834616 -0.03745924578191344
0.018506935508590474 0.06010753874388849 0.06010753874388849 -0.03750361081235518
0.01634192071268407 0.04909225106055067 0.04909225106055067 -0.010910141142987774
0.01841454482650516 0.060524867981168934 0.060524867981168934 -0.010989513445510406
0.02097474803874003 0.06419759833067844 0.06419759833067844 -0.04228075324499713
0.023441587385555084 0.0781347359615981 0.0781347359615981 -0.04222172324591719
0.020817561712432976 0.06458926903603039 0.06458926903603039 -0.010293372351961122
0.023251481386667106 0.0783116694589176 0.0783116694589176 -0.010279265374977614
0.027063333508331205 0.08362978648291311 0.08362978648291311 -0.04880117641737253
0.03191083935130445 0.10068900356186128 0.10068900356186128 -0.04851797835011676
0.02652677011355527 0.08474767507048507 0.08474767507048507 -0.009580374027758926
0.03127502058034166 0.10148522774479014 0.10148522774479014 -0.009389476363408547
0.03579055155286848 0.10945133606109822 0.10945133606109822 -0.055297663405060524
0.03919927165874374 0.12899805686172092 0.12899805686172092 -0.054753738460349796
0.03542111813703075 0.10890095417041974 0.10890095417041974 -0.010221977928813018
0.038765239281393034 0.1280322868316766 0.1280322868316766 -0.00978425719143663
0.04606036211177012 0.13139910846755867 0.13139910846755867 -0.05176962897392792
0.05344214023511771 0.14929961789348317 0.14929961789348317 -0.05101592868027929
0.04408471243752443 0.13328679761114792 0.13328679761114792 -0.010902109438539503
0.051225717805028215 0.15083379731906224 0.15083379731906224 -0.010214203934597467
0.0007270646642396413 0.020421774030720465 0.020421774030720465 -0.008463545378991596
0.002710855785174686 0.021423501715263558 0.021423501715263558 -0.008505639436733122
0.0007261887579315422 0.02154443508469694 0.02154443508469694 -0.006144964783037615
0.0027075947654327383 0.02254397395779854 0.02254397395779854 -0.006189101237294833
0.0029664600852360046 0.02009328995642572 0.02009328995642572 -0.009489453263482777
0.0016693528038877203 0.02154590404873425 0.02154590404873425 -0.00953495334522466
0.0029698862350589507 0.019355874200944683 0.019355874200944683 -0.0062300045065972675
0.0016751379073275795 0.020805685019071304 0.020805685019071304 -0.006273552830670012
0.0004101182196302455 0.01871792814191856 0.01871792814191856 -0.00754745513787477
-0.0018301431764586552 0.02017701701180861 0.02017701701180861 -0.0075770070105512025
0.0004245593355829022 0.01744723504792298 0.01744723504792298 -0.004294098949480661
-0.0018106054166356373 0.01890256078359303 0.01890256078359303 -0.004321432666249095
-0.0032815857203778226 0.017397072045352242 0.017397072045352242 -0.004661954251621639
-0.005181212261052887 0.018636685998734633 0.018636685998734633 -0.004675904464191532
-0.003262862469297851 0.016321432340288766 0.016321432340288766 -0.0018919206779107948
-0.005158333079490287 0.01755837433266454 0.01755837433266454 -0.0019047900255623495
-0.006417608636471682 0.01615432334817573 0.01615432334817573 -0.002194727240286309
-0.008105042624571126 0.01748407708138598 0.01748407708138598 -0.0022068229014861615
-0.006395595069146381 0.01519645902598738 0.01519645902598738 0.0007830914168149198
-0.00807941503894797 0.016523518703917595 0.016523518703917595 0.0007723464837994199
-0.008956044300203983 0.013674938062054491 0.013674938062054491 5.812021789438124e-05
-0.010003175416879003 0.015054117143912306 0.015054117143912306 5.1413606197812613e-05
-0.008943494761873423 0.013071326288890139 0.013071326288890139 0.003151784873479008
-0.009988836389257972 0.014448252919495764 0.014448252919495764 0.003146333121805696
-0.010332413313201111 0.011009800849914403 0.011009800849914403 0.0020853274039534507
-0.010671569872323674 0.012154479675949065 0.012154479675949065 0.0020858560731935377
-0.01033761019550112 0.01080213732368313 0.01080213732368313 0.004651950182460488
-0.010676891368131249 0.01194556525842101 0.01194556525842101 0.004653250411267642
-0.010663707384212618 0.00855539906129691 0.00855539906129691 0.004050137698303767
-0.010681768287826967 0.009164651306386927 0.009164651306386927 0.004049513325527516
-0.010672736267426805 0.008540242993228052 0.008540242993228052 0.005419057091386738
-0.01069127715924908 0.009149343777826141 0.009149343777826141 0.005418800502221049
-0.009668635812275997 0.003708822252952423 0.003708822252952423 0.0035417966825582563
-0.007493955308978158 0.004104934057497986 0.004104934057497986 0.0035439133853460637
-0.009747966887179467 0.004914498555973734 0.004914498555973734 0.004383318198251343
-0.00757507088251734 0.005309617349664005 0.005309617349664005 0.004385271825612446
-0.003828932905023202 -0.0021882023126881893 -0.0021882023126881893 -0.002136252113339317
0.003507435267056752 -0.001118368169916504 -0.001118368169916504 -0.0020398905795348185
-0.003985533413505594 0.0018882246632220868 0.0018882246632220868 0.00011382516195222229
0.0033562244696456883 0.0029429479798371364 0.0029429479798371364 0.00018991570285994733
0.00011016979457519642 0.021894584827523288 0.021894584827523288 -0.004732396733411426
0.00041113945089060966 0.02256009275975717 0.02256009275975717 -0.004750221742381528
0.00010998581515310142 0.02206432948049399 0.02206432948049399 -0.003216837503131493
0.00041045288395066804 0.02272934106801386 0.02272934106801386 -0.0032345772502583954
-0.0003187666523662841 0.017820257677399212 0.017820257677399212 -0.00426212265980696
-0.002659855375259614 0.01872833857181051 0.01872833857181051 -0.004282841040189457
-0.000313087049104915 0.0165002884757411 0.0165002884757411 -0.0022603804990587164
-0.0026510553434249025 0.017405935072258374 0.017405935072258374 -0.0022795340645268935
-0.004165500112401862 0.014913275024833448 0.014913275024833448 -0.0022142455840948503
-0.006029155368498125 0.015939965357699214 0.015939965357699214 -0.0022344090328927403
-0.0041566055646168115 0.013863115969020668 0.013863115969020668 6.62577855133736e-05
-0.006017632281446713 0.014887680746519534 0.014887680746519534 4.771440384476786e-05
-0.007191055078100531 0.013293491722857523 0.013293491722857523 2.1415136128428012e-05
-0.008614412628073236 0.014339711521365607 0.014339711521365607 5.119667905921491e-06
-0.00718178893708964 0.01248957900421833 0.01248957900421833 0.002353664529456744
-0.008603352487506767 0.013534033146058163 0.013534033146058163 0.002338892346839009
-0.009581398686990093 0.011818987802591273 0.011818987802591273 0.002649908138345031
-0.010939549780062176 0.012738209511543778 0.012738209511543778 0.0026411166138404114
-0.009569708114584128 0.011052832084032866 0.011052832084032866 0.004699131830754064
-0.010926243801898071 0.011970628469557435 0.011970628469557435 0.004691477665971149
-0.01155865968126951 0.009185237837161245 0.009185237837161245 0.0048718477891914955
-0.012122917797964509 0.00988670393390356 0.00988670393390356 0.00486972409037215
-0.011556285899262565 0.008862142217896702 0.008862142217896702 0.006441041008401773
-0.012120210535740427 0.009563005328445517 0.009563005328445517 0.006439424351952305
-0.012138628529476132 0.006062840833637002 0.006062840833637002 0.00596885269839081
-0.011873271661892762 0.006533950001963139 0.006533950001963139 0.005969932281118867
-0.0121479117621343 0.006203162912410138 0.006203162912410138 0.007021599481543724
-0.011882968168657778 0.006674054112376411 0.006674054112376411 0.007022781399710424
-0.011345518368581838 0.002951183888554215 0.002951183888554215 0.0060543242309145685
-0.010384206908306312 0.0031714607536610473 0.0031714607536610473 0.006055132062833509
-0.011363314042284144 0.00348309980501082 0.00348309980501082 0.006539275933319427
-0.010402508996429421 0.003703119690404059 0.003703119690404059 0.006540111883904529
-0.008998084298157797 -0.000585728502338661 -0.000585728502338661 0.004544715105903545
-0.006363224090855521 -0.0006372394346919743 -0.0006372394346919743 0.004544419219908655
-0.009032562695912386 0.0008876768498701676 0.0008876768498701676 0.004398120284337262
-0.006397183725581355 0.0008342797592131555 0.0008342797592131555 0.004397807625497712
-0.003362862250008078 -0.003007135045061981 -0.003007135045061981 0.0006788116770304892
0.0021163791985882993 -0.003074558602969325 -0.003074558602969325 0.000671605063527511
-0.003425121349792036 7.937531806475119e-05 7.937531806475119e-05 0.00045031802994691925
0.0020539370026845206 3.657030709983285e-06 3.657030709983285e-06 0.00044488453173237503
-0.0004782869691411228 0.021836719265499557 0.021836719265499557 -0.0021692480479764235
-0.001786135152818653 0.022447647720225297 0.022447647720225297 -0.0021897998870888434
-0.000477956227390846 0.021100286543630813 0.021100286543630813 -0.0008192940292286463
-0.0017848988272335838 0.02171033583433477 0.02171033583433477 -0.0008389721104203436
-0.0030377361220820564 0.015402013905013638 0.015402013905013638 -0.0009517856251126144
-0.005201389084193571 0.016122872128374818 0.016122872128374818 -0.0009687661489834707
-0.003033823811077645 0.014186352188454335 0.014186352188454335 0.0006322930028385788
-0.005195465439771406 0.014905343732561128 0.014905343732561128 0.0006167192935116328
-0.006555790569107549 0.012579116837402832 0.012579116837402832 0.0014024898000456587
-0.008151363992960552 0.013197340044926061 0.013197340044926061 0.0013925822965351205
-0.006550421688917176 0.011684181231105477 0.011684181231105477 0.00276965168354033
-0.008144613893996799 0.012301284086734119 0.012301284086734119 0.002760538052697372
-0.009191832788574958 0.010626087422768507 0.010626087422768507 0.003681523974166383
-0.010505948246072054 0.011195711195638097 0.011195711195638097 0.0036748162624740148
-0.009185839408390035 0.00988936759511714 0.00988936759511714 0.004945916197844132
-0.010498958163430959 0.010458162714511512 0.010458162714511512 0.004939863075879552
-0.011257517980884377 0.008493703026383036 0.008493703026383036 0.005851635482643882
-0.01208454775926541 0.008968127286783032 0.008968127286783032 0.005848532841148739
-0.011253437313953008 0.008029213002792829 0.008029213002792829 0.0069095694491028885
-0.012079971158240492 0.008503205839285561 0.008503205839285561 0.006906835376605992
-0.012401506123168616 0.005860324191707064 0.005860324191707064 0.007289276736982107
-0.01255678894433251 0.006185170153435233 0.006185170153435233 0.007288799345241892
-0.01240239356807073 0.005769820775893451 0.005769820775893451 0.008016626166688754
-0.012557678454160517 0.006094554126235681 0.006094554126235681 0.008016252895717356
-0.012354362786897125 0.0029040733787952756 0.0029040733787952756 0.0075520701269526196
-0.011773418101292519 0.0030951751403534133 0.0030951751403534133 0.007552666241273875
-0.012361334850880614 0.0032238235525900213 0.0032238235525900213 0.007977199908037169
-0.011780593094859505 0.0034148073106557964 0.0034148073106557964 0.007977753270637013
-0.011013204585285501 4.7606448460996004e-05 4.7606448460996004e-05 0.006724844061983516
-0.009626545306261542 0.0001044238458916848 0.0001044238458916848 0.006725755182048263
-0.011025144714270636 0.0008195472944458172 0.0008195472944458172 0.006841886119133834
-0.009638487148068484 0.0008758462252704917 0.0008758462252704917 0.0068426650909942256
-0.008089978946007085 -0.0021590405204802107 -0.0021590405204802107 0.004220140458027802
-0.005347336980563298 -0.0022301075528097032 -0.0022301075528097032 0.004219048130109316
-0.008110472056997923 -0.0006233667820810408 -0.0006233667820810408 0.004036912588449816
-0.005367475433542653 -0.0006965042877069937 -0.0006965042877069937 0.0040360163279564145
-0.0030388162377724248 -0.002150672688776588 -0.002150672688776588 0.000410937436713562
0.0005467216345843968 -0.002004658444781145 -0.002004658444781145 0.0004141960373747503
-0.0030630036993704274 -0.00013570673184087805 -0.00013570673184087805 0.0007075669136273141
0.0005224256395098231 6.74005664132304e-06 6.74005664132304e-06 0.0007099736932065278
-0.0008511372749991874 0.020281051461559806 0.020281051461559806 2.3118423079274798e-06
-0.003180142232114576 0.0206976318180998 0.0206976318180998 -1.0059645650069248e-05
-0.0008507051643604424 0.018972078598029317 0.018972078598029317 0.0008910523254433625
-0.003178524996027076 0.019386968728099283 0.019386968728099283 0.0008795584682743104
-0.004715398398350494 0.012895893088417085 0.012895893088417085 0.001543400511472432
-0.006615828022453925 0.013299154169620261 0.013299154169620261 0.001536221507153813
-0.0047131776578349755 0.011830629875903926 0.011830629875903926 0.002422007051008625
-0.00661254725371537 0.012232719425477327 0.012232719425477327 0.0024154300356666655
-0.007825064213021617 0.010090401076662625 0.010090401076662625 0.0035946035329056047
-0.009260487798660275 0.01047322714797769 0.01047322714797769 0.003589457912961961
-0.007822036090053408 0.009287312678216197 0.009287312678216197 0.0044373302989371985
-0.009256696573503972 0.009669413702463308 0.009669413702463308 0.004432622961317973
-0.010134555599939525 0.008039449237082972 0.008039449237082972 0.0056936931105679095
-0.011123653112574978 0.008370945938550993 0.008370945938550993 0.005690570412923815
-0.01013179817864685 0.007486212387064458 0.007486212387064458 0.0064287122333833435
-0.011120460730049238 0.007817321660998246 0.007817321660998246 0.00642587739565445
-0.011662799985992633 0.005950278506608108 0.005950278506608108 0.007472616780508124
-0.012191455617056365 0.006150193100440658 0.006150193100440658 0.007471914570406395
-0.01166134445474875 0.005653938086527417 0.005653938086527417 0.007919135929596092
-0.012189845266590131 0.00585373539135693 0.00585373539135693 0.007918508990528112
-0.01234562868669395 0.003483452165172259 0.003483452165172259 0.008353897495032191
-0.012293065392836318 0.0035641280667105574 0.0035641280667105574 0.008353986950824139
-0.012346580466568264 0.003510809016417585 0.003510809016417585 0.008536102619202488
-0.012294016782635841 0.003591482479837806 0.003591482479837806 0.00853617723571578
-0.011992306173895202 0.0008325475025169955 0.0008325475025169955 0.008156051412164073
-0.011281429058986651 0.0008726887845808991 0.0008726887845808991 0.008156278627897515
-0.011996014304767667 0.0012270793528100837 0.0012270793528100837 0.008243560078908085
-0.011285150044297095 0.0012670859461993166 0.0012670859461993166 0.008243743447764261
-0.010447637051079482 -0.0014758056635897705 -0.0014758056635897705 0.006845153200529407
-0.008929025620121548 -0.0014922485242581428 -0.0014922485242581428 0.006845477517958694
-0.010454394388694098 -0.0006286529739121556 -0.0006286529739121556 0.006799970221638286
-0.008935630350049812 -0.0006457239699188937 -0.0006457239699188937 0.006800222518256129
-0.007511373957267214 -0.0025422766344150314 -0.0025422766344150314 0.003943307237502422
-0.005174322060271836 -0.0025286610418763693 -0.0025286610418763693 0.003943991808672737
-0.007520789172046311 -0.0012339542221564666 -0.0012339542221564666 0.003958904022769032
-0.005183566289769659 -0.0012218382504769836 -0.0012218382504769836 0.003959404608056715
-0.0033742512476326748 -0.001717431312833257 -0.001717431312833257 0.0008761163022841466
-0.0007733861682474874 -0.0016016935267746052 -0.0016016935267746052 0.0008773269566235768
-0.003384238417688977 -0.00025651972652960685 -0.00025651972652960685 0.0011216289018097308
-0.000783620624676198 -0.00014266271013694209 -0.00014266271013694209 0.001122485130041749
-0.0010484474521139544 0.017812486128026408 0.017812486128026408 0.0013360086033578637
-0.0039183976376150394 0.017977471422869255 0.017977471422869255 0.0013346942188130332
-0.0010481641138454132 0.016201097387975327 0.016201097387975327 0.0016535864418860229
-0.003917336848511933 0.016363775336255906 0.016363775336255906 0.0016524020030792787
-0.005599239962020924 0.010595792506367835 0.010595792506367835 0.0029518826912777966
-0.007335502043504019 0.01084586872871108 0.01084586872871108 0.0029480711866595936
-0.005598179680866641 0.009623822324091936 0.009623822324091936 0.0034917465072645346
-0.0073338596020001146 0.009873003943679693 0.009873003943679693 0.00348828386777299
-0.008395566037227327 0.00799671999935763 0.00799671999935763 0.00493095205243749
-0.009570013334014896 0.008213889836089396 0.008213889836089396 0.004928375024523148
-0.00839421355070525 0.007340212123321203 0.007340212123321203 0.005406972958491844
-0.009568327364066096 0.00755695313194444 0.00755695313194444 0.005404618705537776
-0.010280306664704763 0.006058851668940574 0.006058851668940574 0.006788756412614078
-0.011062721964051071 0.006158474510951526 0.006158474510951526 0.006788631589344173
-0.01027910446161438 0.005621736288437281 0.005621736288437281 0.007008615709955728
-0.01106136084553118 0.005721182409502973 0.005721182409502973 0.007008502488319964
-0.011464740991546624 0.004024365889536425 0.004024365889536425 0.008093018886603133
-0.011799762209812568 0.00402580363780978 0.00402580363780978 0.008093613736036263
-0.011464225844109733 0.003836624747476073 0.003836624747476073 0.00809773478108704
-0.011799195045914786 0.0038380343830604216 0.0038380343830604216 0.008098276569214422
-0.011854410659660863 0.0017869021568734543 0.0017869021568734543 0.008573305610484567
-0.011690545014876954 0.0017467100348968017 0.0017467100348968017 0.008573483297974988
-0.01185485131524487 0.0018772500168151602 0.0018772500168151602 0.008484984307924296
-0.011690965521763385 0.001837051031676055 0.001837051031676055 0.008485154672229064
-0.011356076968264985 -0.0004490923325001878 -0.0004490923325001878 0.008220733870463202
-0.010627701549567313 -0.0005092516061246061 -0.0005092516061246061 0.008220642281383505
-0.011357592447187386 -4.342044867218095e-05 -4.342044867218095e-05 0.008085003583742867
-0.010629143842323642 -0.00010372697814414102 -0.00010372697814414102 0.008084937856464967
-0.00984688550847933 -0.002151148400785846 -0.002151148400785846 0.006734597607064246
-0.008457108205825912 -0.0021929436910503937 -0.0021929436910503937 0.006734685280963223
-0.009849456791298864 -0.0013752135052742588 -0.0013752135052742588 0.006635633163069166
-0.008459507873194015 -0.00141753819000655 -0.00141753819000655 0.006635689173891801
-0.007256808899920604 -0.002512623950933324 -0.002512623950933324 0.00397612111373997
-0.005370406405987551 -0.002475844966816462 -0.002475844966816462 0.003976614140746266
-0.007259907952076775 -0.0014567050643982365 -0.0014567050643982365 0.004050625835316633
-0.0053734676719484785 -0.0014209046218005214 -0.0014209046218005214 0.004050949659837579
-0.003986890342527648 -0.0014264358425170676 -0.0014264358425170676 0.0013270122469269247
-0.002085224022793437 -0.0012673358219925887 -0.0012673358219925887 0.00132799465617483
-0.003990030045348626 -0.00035925796904463656 -0.00035925796904463656 0.0016781318368002777
-0.0020886319897273527 -0.00020118149387960853 -0.00020118149387960853 0.0016787307003522855
-0.00110352407141121 0.014961607634377526 0.014961607634377526 0.001819200326593503
-0.004124540135281316 0.015042734135774496 0.015042734135774496 0.001818718278687309
-0.0011033956999852033 0.0132660646541131 0.0132660646541131 0.001953506078023253
-0.004124059723680122 0.013344662514698319 0.013344662514698319 0.001953077497160744
-0.005824253911456 0.008734178877221194 0.008734178877221194 0.003749477726963211
-0.007448786065300544 0.008812683960917741 0.008812683960917741 0.003749088631791098
-0.005823867734910702 0.007825255644998901 0.007825255644998901 0.003908915518637364
-0.007448188684354281 0.007903030669035216 0.007903030669035216 0.003908572880207208
-0.008385617841033241 0.006403905874862127 0.006403905874862127 0.005603897536405526
-0.009324381339461752 0.00642746669724579 0.00642746669724579 0.005604483993258966
-0.008385178543390876 0.005878976855983495 0.005878976855983495 0.0056513844481741
-0.009323843418583725 0.005902296238253187 0.005902296238253187 0.005651918576737351
-0.009900761952234147 0.004502809618732029 0.004502809618732029 0.007040356168673763
-0.010541657730834179 0.00443469504249487 0.00443469504249487 0.007041882996411249
-0.009900328270216698 0.004144669151312758 0.004144669151312758 0.006887541177339886
-0.010541187308313642 0.004076438370654674 0.004076438370654674 0.0068889349060405804
-0.010859834760414704 0.0026241377467604147 0.0026241377467604147 0.008017117112654359
-0.011093743034637872 0.002515710469120384 0.002515710469120384 0.008018089949369858
-0.01085961653635206 0.0024930596110914523 0.0024930596110914523 0.007776495721961409
-0.011093511741480468 0.002384606045546314 0.002384606045546314 0.007777399883591338
-0.011114023556160382 0.0006714268499777165 0.0006714268499777165 0.00835743637377615
-0.010940542536127624 0.0005519575919762784 0.0005519575919762784 0.008357704261217826
-0.01111405974865694 0.0007677818442597271 0.0007677818442597271 0.008091763217358307
-0.010940548530810666 0.000648289910824979 0.000648289910824979 0.008092045909885406
-0.010635239083472263 -0.0011589418456225344 -0.0011589418456225344 0.00794834600423609
-0.009977603804816552 -0.0012623301272829755 -0.0012623301272829755 0.007948260794252197
-0.010635455530871866 -0.0007921736551781736 -0.0007921736551781736 0.007716630829170581
-0.009977720905859445 -0.000895691110480091 -0.000895691110480091 0.00771659622547469
-0.009306763857876129 -0.0023178409730795027 -0.0023178409730795027 0.006539254543279369
-0.008132809940304304 -0.0023836464295458708 -0.0023836464295458708 0.006539137613739117
-0.009306818871521216 -0.0016623025753530834 -0.0016623025753530834 0.00638943226039055
-0.008132725875225904 -0.0017284895903732873 -0.0017284895903732873 0.006389350030106959
-0.007181379222836661 -0.0022726679250594985 -0.0022726679250594985 0.004113867413013329
-0.005758073263578068 -0.00221983693817927 -0.00221983693817927 0.004114121726248277
-0.007181251838016463 -0.0014761905725800102 -0.0014761905725800102 0.004228812357138725
-0.005757977352650015 -0.0014239182111699718 -0.0014239182111699718 0.0042289377013138224
-0.004769107893406464 -0.001165497476787185 -0.001165497476787185 0.00195966238471173
-0.003491819489045092 -0.0009735631060551054 -0.0009735631060551054 0.001960107264795235
-0.004769171453019182 -0.0004492286066399522 -0.0004492286066399522 0.0023883016572326123
-0.003492105792622271 -0.000257782939805298 -0.000257782939805298 0.002388430001945767
-0.001091901033863472 0.011989043386424609 0.011989043386424609 0.001956772357317359
-0.004081027527140805 0.01194942184289135 0.01194942184289135 0.0019593955669059185
-0.001091902966432496 0.010311560215881943 0.010311560215881943 0.0018282322091325047
-0.004081035324403819 0.010269468530399084 0.010269468530399084 0.0018304859432610617
-0.005680758513610224 0.006961564676098627 0.006961564676098627 0.003925286737041251
-0.007056954199136056 0.006910195348178161 0.006910195348178161 0.003926870597915976
-0.005680778265844582 0.006191092585816996 0.006191092585816996 0.003799599373115429
-0.00705698118704842 0.006139199829432942 0.006139199829432942 0.003801021972126465
-0.007868835683611616 0.005048993402488494 0.005048993402488494 0.0055990971558530795
-0.008709753115953978 0.00495865004403497 0.00495865004403497 0.005600836274295116
-0.007868786097657857 0.00457845015349836 0.00457845015349836 0.005393626416269622
-0.008709705690326168 0.004487903857713141 0.004487903857713141 0.005395198299200224
-0.00920294346614 0.003266805813637042 0.003266805813637042 0.006728707099454254
-0.009708625209077514 0.003134715741608382 0.003134715741608382 0.006730258753854448
-0.009202859300591937 0.002983809700436855 0.002983809700436855 0.006433294652434874
-0.009708548783571944 0.0028516310438183165 0.0028516310438183165 0.006434707096490947
-0.009981298313376496 0.0016452146479055013 0.0016452146479055013 0.0075549353476874895
-0.010219974380084807 0.001477334990056619 0.001477334990056619 0.007556000136124706
-0.009981300138869704 0.0015117798570128778 0.0015117798570128778 0.007180869901671353
-0.010219997452552214 0.0013438547113423047 0.0013438547113423047 0.007181868848845523
-0.010263223083303864 -1.72181962984991e-05 -1.72181962984991e-05 0.007867574155212302
-0.01013991038087187 -0.0001746392444233931 -0.0001746392444233931 0.007867927206311666
-0.010263150830509594 5.146059600341525e-05 5.146059600341525e-05 0.007516697664542413
-0.01013981664335725 -0.0001059910403613878 -0.0001059910403613878 0.007517071954852637
-0.009899045351053978 -0.0014547666291814699 -0.0014547666291814699 0.007524634740748911
-0.009359634318381722 -0.0015853790041682365 -0.0015853790041682365 0.007524631440959785
-0.009898610834379845 -0.0011538718916929596 -0.0011538718916929596 0.00723282747693582
-0.009359109624617248 -0.0012845819262988902 -0.0012845819262988902 0.007232888198854983
-0.008830087489071764 -0.002182128659482563 -0.002182128659482563 0.006276088281203729
-0.007921133498803528 -0.0022513635667351165 -0.0022513635667351165 0.006276005647814473
-0.008828984181897787 -0.0016746868825268772 -0.0016746868825268772 0.006120493529378004
-0.007919940691297393 -0.001744152436256817 -0.001744152436256817 0.006120459838406784
-0.00722996905645232 -0.001926682178585567 -0.001926682178585567 0.0043314859333917705
-0.0062550481811741885 -0.0018505170174178786 -0.0018505170174178786 0.004331562072218533
-0.007228743952898083 -0.0013812538366235986 -0.0013812538366235986 0.004500849273830487
-0.006253873513428437 -0.001305354959944228 -0.001305354959944228 0.004500813061221201
-0.005621219733989349 -0.0009351121537231205 -0.0009351121537231205 0.0027176802939370536
-0.00487014684301363 -0.0007244584670585213 -0.0007244584670585213 0.002717596945614395
-0.0056205254073611235 -0.0005140213339350066 -0.0005140213339350066 0.0031892241195377777
-0.00486958784746119 -0.0003035710339443111 -0.0003035710339443111 0.003188927452446906
-0.0009742358765184367 0.009126253907804664 0.009126253907804664 0.0016829801171665804
-0.0036406690978643096 0.009018275778231258 0.009018275778231258 0.0016863772853748904
-0.0009742930641414297 0.00762944626668341 0.00762944626668341 0.0014131704134948504
-0.003640883629579255 0.007519490073240303 0.007519490073240303 0.0014160193257655577
-0.005072642097017393 0.005510977178583262 0.005510977178583262 0.003635264239135635
-0.006312565502756412 0.005367390932469301 0.005367390932469301 0.003637806514687503
-0.005072792216971027 0.004816296069651045 0.004816296069651045 0.0033061961019297988
-0.006312817741896643 0.0046722634834809006 0.0046722634834809006 0.003308440227179915
-0.007067154020151483 0.003946360914113962 0.003946360914113962 0.005192466017955767
-0.00788690196634113 0.0037900181119411517 0.0037900181119411517 0.00519440027275805
-0.0070673122541127205 0.0034874629375470753 0.0034874629375470753 0.004839678824389541
-0.007887129682155665 0.0033309088369398256 0.0033309088369398256 0.004841399057009275
-0.00836142743088442 0.002392296991746188 0.002392296991746188 0.0061970217862638635
-0.008835129655258355 0.0022327105410605837 0.0022327105410605837 0.006198288905561868
-0.008361531163078993 0.0021271222871909 0.0021271222871909 0.005839490909897555
-0.008835275242602383 0.0019674466620363627 0.0019674466620363627 0.005840633548118095
-0.00909175780693969 0.0009871159279223767 0.0009871159279223767 0.006902850578952172
-0.009315684152360592 0.0008125426143885138 0.0008125426143885138 0.00690369681489345
-0.009091881371960498 0.0008618335541879265 0.0008618335541879265 0.006512920309569586
-0.009315838459842317 0.0006872136381015358 0.0006872136381015358 0.006513711918003271
-0.009382521198117262 -0.0003626822390573031 -0.0003626822390573031 0.007237492725590565
-0.009335771260971527 -0.0005483571005040943 -0.0005483571005040943 0.007237972516067187
-0.009382500714764014 -0.0003367382099617424 -0.0003367382099617424 0.0068234506084328345
-0.009335745222939762 -0.0005224509421015288 -0.0005224509421015288 0.0068239441386321355
-0.009179239287393674 -0.0014607147503297958 -0.0014607147503297958 0.007000102509790672
-0.008792559671805273 -0.0016153343906807546 -0.0016153343906807546 0.007000245179584844
-0.009178598261481406 -0.0012452333134996892 -0.0012452333134996892 0.006655374298490563
-0.008791853791931547 -0.0013999194131888433 -0.0013999194131888433 0.006655582672662893
-0.008433736919622866 -0.0018921419826909277 -0.0018921419826909277 0.006016020309378566
-0.007840155081659169 -0.001950236476928157 -0.001950236476928157 0.006016028075962888
-0.008432579633658732 -0.0015608268626563107 -0.0015608268626563107 0.005886296213851257
-0.007838957384595613 -0.0016190206735464693 -0.0016190206735464693 0.005886338478935203
-0.007415758820656533 -0.0015677193930865834 -0.0015677193930865834 0.004643594627498574
-0.00685550347783538 -0.0014691631358972662 -0.0014691631358972662 0.004643471774474663
-0.0074147180444066214 -0.00125419999861097 -0.00125419999861097 0.004863646951239969
-0.0068545033929203695 -0.001155739817609771 -0.001155739817609771 0.004863443426804958
-0.006516280566681831 -0.0007449474888312311 -0.0007449474888312311 0.003558372216849017
-0.006155361203280798 -0.0005055917208864037 -0.0005055917208864037 0.00355781589088226
-0.006515768473808018 -0.0005423281783674786 -0.0005423281783674786 0.004093509464282511
-0.006154914563545315 -0.00030307041573777473 -0.00030307041573777473 0.004092829156294478
-0.0008172095017364041 0.006618065770399411 0.006618065770399411 0.001208096143561608
-0.003053222880372111 0.0064962766519136685 0.0064962766519136685 0.0012106018161423576
-0.0008172738883475769 0.005362359154373164 0.005362359154373164 0.0009175973336129237
-0.003053464067611252 0.005239171332285595 0.005239171332285595 0.000919642422749607
-0.004286625565274284 0.004304508289036074 0.004304508289036074 0.00304723853602248
-0.005416151790644221 0.004138000544671061 0.004138000544671061 0.0030493406305444172
-0.004286801047714689 0.003671210966148157 0.003671210966148157 0.0026686578743873087
-0.00541645875871611 0.0035043203652264546 0.0035043203652264546 0.002670470805768438
-0.006135593648741382 0.0030766735254271096 0.0030766735254271096 0.004544680352003873
-0.006970092796991506 0.0028750785909362367 0.0028750785909362367 0.00454662491715285
-0.006135906034727814 0.0026093815342879438 0.0026093815342879438 0.004090731023850211
-0.006970527885566122 0.0024075504180159192 0.0024075504180159192 0.0040924261571454726
-0.007457336812478241 0.0017863120820586227 0.0017863120820586227 0.005555762201504761
-0.007951079421497457 0.0015991950076292337 0.0015991950076292337 0.005556955260751919
-0.007457591336386661 0.0015098719593640117 0.0015098719593640117 0.005136364351773106
-0.007951404700729544 0.0013226497707763847 0.0013226497707763847 0.00513742498173536
-0.008222760635623388 0.0005873595386202636 0.0005873595386202636 0.006229988534961284
-0.008467126686821728 0.00041544489521590607 0.00041544489521590607 0.006230682840484949
-0.008222934974905251 0.00045049907806167066 0.00045049907806167066 0.005845499773773014
-0.00846733481703467 0.0002785361276943652 0.0002785361276943652 0.005846136262973401
-0.008560584581278147 -0.000496540366552673 -0.000496540366552673 0.006534697512859426
-0.008566045855291153 -0.0006647740963717538 -0.0006647740963717538 0.00653514089622784
-0.008560508147325117 -0.0004999743315154408 -0.0004999743315154408 0.006159208595598009
-0.008565961229142034 -0.0006682387500887712 -0.0006682387500887712 0.0061596419795222745
-0.008494871443875724 -0.0012649438177152743 -0.0012649438177152743 0.0064116935041163186
-0.008291083113531255 -0.0014090706802492095 -0.0014090706802492095 0.006411943506947346
-0.008494389513601144 -0.0011516161130680803 -0.0011516161130680803 0.006090412672303172
-0.008290566388470623 -0.0012957764473748848 -0.0012957764473748848 0.006090691860116052
-0.008118863809428122 -0.0015064696671795463 -0.0015064696671795463 0.005801446071616418
-0.007853647496709467 -0.0015523840642856293 -0.0015523840642856293 0.005801502577789169
-0.008118314776800754 -0.001358418525764372 -0.001358418525764372 0.00569912902908038
-0.007853088110975692 -0.0014043538884354148 -0.0014043538884354148 0.005699201415482272
-0.00768438912986201 -0.0012039253732964853 -0.0012039253732964853 0.005025596919262215
-0.007492276259588511 -0.0011044091136402224 -0.0011044091136402224 0.005025361092072204
-0.007684074112262271 -0.0010961383346845277 -0.0010961383346845277 0.0052476760910301476
-0.007491974469744056 -0.0009966425617868439 -0.0009966425617868439 0.0052474117512637955
-0.007406937097558107 -0.000564230405099086 -0.000564230405099086 0.004481342391719459
-0.0073699095556594 -0.00032945248368019604 -0.00032945248368019604 0.004480593900118339
-0.007406962593038967 -0.0005427533747339702 -0.0005427533747339702 0.005005268810503158
-0.007369936139342503 -0.0003080353439157187 -0.0003080353439157187 0.005004502431154835
-0.0006524292392264356 0.004545654742433445 0.004545654742433445 0.0007279570577478384
-0.0024370372670290087 0.004448844176265526 0.004448844176265526 0.0007291933687914895
-0.0006524805262726988 0.0035430148646858335 0.0035430148646858335 0.0005009144213412257
-0.0024372292000067945 0.0034453131572274682 0.0034453131572274682 0.0005018930266557234
-0.0034710328192977214 0.003272584182942572 0.003272584182942572 0.002388059926830552
-0.00450910456505907 0.003102142010886951 0.003102142010886951 0.002389639837344209
-0.00347119147740035 0.0026901677371008108 0.0026901677371008108 0.0020020409120478063
-0.004509390065299674 0.002519395591681369 0.002519395591681369 0.0020033531119329397
-0.005184117915015859 0.0023153473851020017 0.0023153473851020017 0.0037571615068017813
-0.005989073908651412 0.0021128324300330164 0.0021128324300330164 0.0037586754820832613
-0.005184450064973748 0.0018643181970443479 0.0018643181970443479 0.003301480018675712
-0.005989531077877054 0.001661579590641283 0.001661579590641283 0.0033027582294715063
-0.006490095802747118 0.0013315864634234164 0.0013315864634234164 0.004820315405934974
-0.007052115369611727 0.0011340691900286028 0.0011340691900286028 0.004821388848464753
-0.006490490243021012 0.0010169193289966923 0.0010169193289966923 0.004377440831466716
-0.0070526041578957656 0.0008192724706626411 0.0008192724706626411 0.004378364117067156
-0.007376339041837559 0.0003597785772716603 0.0003597785772716603 0.005565257970919742
-0.007696923078481616 0.00018965654222422167 0.00018965654222422167 0.005565888264538812
-0.00737660623465089 0.00018022248848093768 0.00018022248848093768 0.005184634333355231
-0.007697233252440303 1.0040745018172743e-05 1.0040745018172743e-05 0.00518518812464137
-0.00785057516138519 -0.0004809376546536649 -0.0004809376546536649 0.005911002656672164
-0.007945787269219953 -0.0006162108590124862 -0.0006162108590124862 0.005911331141092751
-0.007850543206796975 -0.000534584083803151 -0.000534584083803151 0.0056087492396779135
-0.007945754056393854 -0.000669879388790959 -0.000669879388790959 0.005609048718230469
-0.007973847579904735 -0.0010016111184460489 -0.0010016111184460489 0.005897733193712028
-0.007953041429503411 -0.0010931899337344791 -0.0010931899337344791 0.005897891890640413
-0.007973670008069932 -0.000990312417264068 -0.000990312417264068 0.005693225852474269
-0.007952854529991508 -0.0010819000509959397 -0.0010819000509959397 0.005693379560594879
-0.007940852299065389 -0.0011153468104992401 -0.0011153468104992401 0.005646709417690768
-0.007929590507629829 -0.001133164354049707 -0.001133164354049707 0.005646719387867812
-0.007940824281046498 -0.0011090221162707971 -0.0011090221162707971 0.005606835309512274
-0.007929563056398414 -0.0011268396677576156 -0.0011268396677576156 0.005606846408032546
-0.007953324508293141 -0.0008556552034681063 -0.0008556552034681063 0.0053921249135414
-0.008032994319352262 -0.0007775733013097111 -0.0007775733013097111 0.0053919270830704484
-0.00795355294586873 -0.0008997833426312206 -0.0008997833426312206 0.005566168779626767
-0.008033215517899695 -0.0008217091730356399 -0.0008217091730356399 0.005565976748099662
-0.008126391188967574 -0.00040637892967610605 -0.00040637892967610605 0.005336000090478575
-0.008304349650054168 -0.0002354662630121049 -0.0002354662630121049 0.00533549616733051
-0.008126739887717697 -0.0005052647689474558 -0.0005052647689474558 0.005717026388072854
-0.008304668973213154 -0.0003343917977044972 -0.0003343917977044972 0.0057165589554686895
-0.0005003886193894697 0.0029000877656612705 0.0029000877656612705 0.00034778831429111524
-0.001868733624772594 0.0028171695011490415 0.0028171695011490415 0.00034843628124492804
-0.000500424523236589 0.002131006389005829 0.002131006389005829 0.0001566701186451363
-0.0018688679064985546 0.0020475623936260672 0.0020475623936260672 0.00015715901637993233
-0.00272953571079962 0.0023102282335584175 0.0023102282335584175 0.001737986705178655
-0.0037120886594252628 0.0021622925604446066 0.0021622925604446066 0.0017389835792543278
-0.0027296742081181543 0.001758695711388404 0.001758695711388404 0.0014034749443968034
-0.0037123267243488432 0.001610468844171625 0.001610468844171625 0.0014042477118363262
-0.004350029275872617 0.0016263823614826192 0.0016263823614826192 0.0030035209781088057
-0.005109569966108391 0.001467782425378968 0.001467782425378968 0.003004372670778548
-0.004350283057717736 0.001200531649394633 0.001200531649394633 0.002646602008794514
-0.005109914294761505 0.0010417447584065054 0.0010417447584065054 0.0026472772268768927
-0.005607450873620376 0.0009355086997626686 0.0009355086997626686 0.004081309231525499
-0.006207143115770558 0.0007731952861630208 0.0007731952861630208 0.004082002873145937
-0.005607810571672459 0.0005996379352232479 0.0005996379352232479 0.003717195537897546
-0.0062075807555526715 0.0004371966243255595 0.0004371966243255595 0.0037177525095950298
-0.006580118742804181 0.00024387496864977144 0.00024387496864977144 0.004926868256689842
-0.006997785171256741 0.00010019029707429271 0.00010019029707429271 0.00492730972461538
-0.006580450656727059 1.0057139769421631e-05 1.0057139769421631e-05 0.004605186513508381
-0.0069981667428301265 -0.00013369808968292625 -0.00013369808968292625 0.004605545622401027
-0.007239167014375153 -0.0003425509418798129 -0.0003425509418798129 0.005408107437704873
-0.00747901770254128 -0.0004517888938332251 -0.0004517888938332251 0.005408336593176662
-0.007239343799102992 -0.0004768947735411905 -0.0004768947735411905 0.005163791679074171
-0.0074792130534866285 -0.0005861612492190642 -0.0005861612492190642 0.005163982264416363
-0.007619341099932367 -0.0007059682693902371 -0.0007059682693902371 0.005571599099282337
-0.0077615652933445 -0.0007623966116406291 -0.0007623966116406291 0.00557167082728896
-0.007619418587389167 -0.0007856352978331802 -0.0007856352978331802 0.005445286183553668
-0.007761648821217995 -0.0008420721680641043 -0.0008420721680641043 0.005445346989940098
-0.007870296062083084 -0.0007747651480107011 -0.0007747651480107011 0.00559092374017494
-0.008025537555474088 -0.0007754858842614304 -0.0007754858842614304 0.005590892456088126
-0.007870470048695039 -0.0008614773731600629 -0.0008614773731600629 0.005589007859780744
-0.00802571601232829 -0.000862204192978326 -0.000862204192978326 0.00558898081276159
-0.008169995948483881 -0.0005867481643270536 -0.0005867481643270536 0.005673575091665931
-0.008411298031792419 -0.0005322010099095961 -0.0005322010099095961 0.0056734522716880755
-0.008170370038358042 -0.0007212781158851486 -0.0007212781158851486 0.005794996654795664
-0.008411661637583735 -0.0006667494653279287 -0.0006667494653279287 0.005794891436369349
-0.008616501107270205 -0.0002780767238052711 -0.0002780767238052711 0.005956002949159562
-0.008937273843105333 -0.0001550225246657468 -0.0001550225246657468 0.005955693570013311
-0.008616951179402416 -0.000456815470409844 -0.000456815470409844 0.006229954396816551
-0.008937688869725326 -0.00033380529655430586 -0.00033380529655430586 0.006229695530649715
-0.00038082316887743295 0.0016411761440386374 0.0016411761440386374 3.0436586348177424e-05
-0.0014219807472556317 0.0015736971897687532 0.0015736971897687532 3.077720730950207e-05
-0.0003808380880800335 0.001055816247967805 0.001055816247967805 -0.00012326567224224392
-0.0014220365276093173 0.0009880318902384122 0.0009880318902384122 -0.00012304167598795154
-0.002145866388626639 0.0014124912354415103 0.0014124912354415103 0.0012030641995111665
-0.0030822775693523296 0.0013184912980712985 0.0013184912980712985 0.001203477358118987
-0.0021459525107186384 0.0008867282730583896 0.0008867282730583896 0.0009905044319118103
-0.0030824209426073106 0.0007924760800731048 0.0007924760800731048 0.0009907788867813524
-0.0037053168673369754 0.0010311329049388128 0.0010311329049388128 0.0024319978469360946
-0.0044707273991605795 0.0009298564977394821 0.0009298564977394821 0.002432351596641667
-0.0037054694986297827 0.0006018827742919718 0.0006018827742919718 0.002203938294611558
-0.004470937503428579 0.0005004332690442923 0.0005004332690442923 0.0022041776056281304
-0.004977603266532695 0.0005972481416348012 0.0005972481416348012 0.0035059995952325188
-0.005596494586885961 0.0005033392568843402 0.0005033392568843402 0.0035062495554763666
-0.004977818849602696 0.00025055042638541546 0.00025055042638541546 0.0032950589415282365
-0.00559675921432928 0.00015652627842650495 0.00015652627842650495 0.0032952293724532356
-0.005998141765399637 0.00018496466624055564 0.00018496466624055564 0.004407304226565451
-0.0064759542074007545 8.822205118710947e-05 8.822205118710947e-05 0.004407506410353036
-0.005998383375159598 -8.247612162671547e-05 -8.247612162671547e-05 0.0041905813472461395
-0.00647623423480474 -0.00017929177741811303 -0.00017929177741811303 0.0041907201060619025
-0.00677697566701195 -0.0001627713242216485 -0.0001627713242216485 0.005008988950415921
-0.007120964523585918 -0.00024168914904104452 -0.00024168914904104452 0.005009111648039904
-0.006777179390652955 -0.0003552367853846494 -0.0003552367853846494 0.004832407304851069
-0.0071211904964786086 -0.0004341937846092161 -0.0004341937846092161 0.004832492663594799
-0.007349378431769083 -0.00039228121590508967 -0.00039228121590508967 0.005362286416898231
-0.007628943085880173 -0.0004363190047472193 -0.0004363190047472193 0.005362333908513438
-0.007349566678577698 -0.0005486041831534486 -0.0005486041831534486 0.005263683037642328
-0.007629143874133047 -0.000592665133532316 -0.000592665133532316 0.005263716393244362
-0.007833119044813852 -0.0004537426034391062 -0.0004537426034391062 0.005586324543688633
-0.00811141832706956 -0.00045522134124579194 -0.00045522134124579194 0.005586308811512095
-0.007833334159862303 -0.0006092174405103535 -0.0006092174405103535 0.005582715396540684
-0.008111638682222031 -0.0006107168629858303 -0.0006107168629858303 0.00558270402154937
-0.008337464578749211 -0.00035037735052043274 -0.00035037735052043274 0.00587028778786438
-0.008677396921405378 -0.00031157004204474545 -0.00031157004204474545 0.005870216741712586
-0.00833777414469188 -0.0005400536996907958 -0.0005400536996907958 0.005956492131915662
-0.008677698917250707 -0.0005012791236400719 -0.0005012791236400719 0.005956442011203035
-0.008953210274143902 -0.00015459886054071067 -0.00015459886054071067 0.006394319110589055
-0.009367449547593094 -7.488766313646797e-05 -7.488766313646797e-05 0.006394171300030285
-0.008953579258299975 -0.0003855499237625052 -0.0003855499237625052 0.006571512643991918
-0.009367791760099659 -0.00030589210672323853 -0.00030589210672323853 0.006571409779921348
-0.0003254834922171232 0.0006799775554583612 0.0006799775554583612 -0.00018725884907296636
-0.001215254019430162 0.0006709262263694125 0.0006709262263694125 -0.0001872038911536219
-0.0003254756485868589 0.0001796960174152431 0.0001796960174152431 -0.00020826127245983364
-0.0012152247318961585 0.0001704254287577734 0.0001704254287577734 -0.00020824654675103077
-0.001859740922625769 0.0006406094453774726 0.0006406094453774726 0.0008870877515067798
-0.0027307309733017233 0.0006100015054810236 0.0006100015054810236 0.0008871527538563501
-0.0018597114590002705 0.0001515129324437926 0.0001515129324437926 0.0008177623024485437
-0.002730713190660837 0.00012069411309693829 0.00012069411309693829 0.0008177797209461756
-0.0033375120898556827 0.000516071891347614 0.000516071891347614 0.0020821669219039485
-0.004124199576748642 0.0004701214624984368 0.0004701214624984368 0.0020822439468495208
-0.00333751133646157 7.48740452854259e-05 7.48740452854259e-05 0.0019786840329015197
-0.004124222442643884 2.875041135505681e-05 2.875041135505681e-05 0.0019787046740588113
-0.004644751646022283 0.0003205543859146481 0.0003205543859146481 0.0031816086679610253
-0.005280065899212412 0.0002770591719584361 0.0002770591719584361 0.0031816619752777597
-0.004644783792208731 -3.5376523995640486e-05 -3.5376523995640486e-05 0.003083899810182035
-0.005280120118522266 -7.898511075330272e-05 -7.898511075330272e-05 0.0030839140954442824
-0.005692571158350243 0.0001349185650127145 0.0001349185650127145 0.0040757169355018765
-0.006184080907122173 9.216852659076481e-05 9.216852659076481e-05 0.004075756839428558
-0.005692625804232602 -0.00014020701542654299 -0.00014020701542654299 0.003979910266496017
-0.006184152632576585 -0.00018302550507856525 -0.00018302550507856525 0.003979920959920852
-0.006512290574522876 -1.2956706213435186e-06 -1.2956706213435186e-06 0.004741813999352284
-0.006917387372563558 -3.2387133254530484e-05 -3.2387133254530484e-05 0.004741833776274846
-0.006512366297111196 -0.00022784341801373596 -0.00022784341801373596 0.004672139632787754
-0.006917476350101883 -0.00025898090529273993 -0.00025898090529273993 0.004672144932421815
-0.00719280889343159 -9.56901123231948e-05 -9.56901123231948e-05 0.00521015608245762
-0.0075400744101838755 -0.0001163896719205408 -0.0001163896719205408 0.005210165801704209
-0.007192886261353485 -0.00028980440486174835 -0.00028980440486174835 0.005163774611735166
-0.0075401604565284745 -0.0003105371448082271 -0.0003105371448082271 0.005163777216123497
-0.007794525233810328 -0.00012775931572596858 -0.00012775931572596858 0.005571759181507024
-0.00814243702546362 -0.0001389304240112825 -0.0001389304240112825 0.005571764215606819
-0.007794617557305344 -0.0003221150288574234 -0.0003221150288574234 0.0055467146456600214
-0.008142534261978153 -0.0003333189037724205 -0.0003333189037724205 0.005546715994551784
-0.008414024430428605 -0.00010651964976597747 -0.00010651964976597747 0.005990776086556643
-0.008808216000210117 -0.00010253080656420487 -0.00010253080656420487 0.005990771629231631
-0.008414147475769306 -0.00032653764568851476 -0.00032653764568851476 0.005999521672734557
-0.008808339107352011 -0.0003225909101093354 -0.0003225909101093354 0.005999520478374253
-0.009118489103916345 -4.895971153694833e-05 -4.895971153694833e-05 0.006651531869761485
-0.009572105076868443 -2.9720280025198545e-05 -2.9720280025198545e-05 0.006651515136769102
-0.009118634388207567 -0.0003019546097039817 -0.0003019546097039817 0.006694195467564775
-0.00957224381429608 -0.0002827714627281187 -0.0002827714627281187 0.006694190984145679
eps_abs 640
0.0024525559441293237 0.0013590772158394498 0.0013590772158394498 0.019164756810802284
0.009123819092868945 0.0016047439993977515 0.0016047439993977515 0.019163669573664385
0.0024524597452601025 0.0051635227873182135 0.0051635227873182135 0.01955811138515121
0.009123453969433752 0.005056796871626915 0.005056796871626915 0.019553439569185434
0.015704643470317838 0.0025074415622938833 0.0025074415622938833 0.03289717922362722
0.027024838117959506 0.003480807284253526 0.003480807284253526 0.03289959836372449
0.01570345655095845 0.008951248137323736 0.008951248137323736 0.03152789386047355
0.027018117745619834 0.00955245817815579 0.00955245817815579 0.031536912659492405
0.034444901412885746 0.0037299393282476147 0.0037299393282476147 0.04938877439819787
0.04373886209539257 0.005870912962505606 0.005870912962505606 0.04939760671940294
0.03442939593884936 0.008547143910091587 0.008547143910091587 0.0444950679634346
0.043707005930257226 0.010583941529811179 0.010583941529811179 0.04452786888518682
0.04910349501479333 0.006208470741719001 0.006208470741719001 0.06093011133575152
0.054492083710515456 0.008649826316262715 0.008649826316262715 0.060936831816731575
0.04907416663176705 0.008675630336525918 0.008675630336525918 0.05521725373795873
0.05445103024054489 0.01104817928694133 0.01104817928694133 0.05524216975188196
0.0570034820719926 0.009156600543910124 0.009156600543910124 0.06699852603884501
0.05845993271788647 0.01078474410571865 0.01078474410571865 0.06700009525859743
0.056991841594389143 0.009540705713150929 0.009540705713150929 0.06192655568154374
0.05844677738160726 0.01173680865232103 0.01173680865232103 0.06193238076236361
0.058443273229383794 0.011360207207303468 0.011360207207303468 0.06705695046716208
0.05690664457690577 0.012637663474032789 0.012637663474032789 0.06705583011312577
0.05846381525481101 0.010415585471107188 0.010415585471107188 0.06399008463016946
0.05692896656070478 0.011748044382007355 0.011748044382007355 0.06398591878428933
0.054307959222256535 0.012252902527128181 0.012252902527128181 0.061149793123436186
0.0486614869892684 0.012509845456545253 0.012509845456545253 0.06114832781593062
0.05439584260729325 0.009016944818285001 0.009016944818285001 0.06053645325715368
0.048749508497491725 0.009416693520939188 0.009416693520939188 0.06053098394166108
0.04210931435364879 0.010269097779938825 0.010269097779938825 0.0492768768751015
0.029701584440728124 0.008093755858886977 0.008093755858886977 0.04928610308350503
0.0423026034112416 0.0038634839699508983 0.0038634839699508983 0.054165755090197026
0.029853379930780025 0.003284177632091596 0.003284177632091596 0.0542067956726888
0.02099778206432039 0.00581715564656708 0.00581715564656708 0.03101605743364128
0.009045857384781147 0.002000839490267347 0.002000839490267347 0.031038807243222884
0.02111025080627979 0.005681741320315794 0.005681741320315794 0.04132082571976151
0.009079581706065466 0.007976501028634193 0.007976501028634193 0.041419965331342116
0.004921544488037039 0.0019920474053352535 0.0019920474053352535 0.02235829665570394
0.001320186026554093 0.0008979887672389384 0.0008979887672389384 0.022358660565276856
0.0049250128504387414 0.0033499145020284885 0.0033499145020284885 0.023727276905132353
0.0013211177505509258 0.002822314468722022 0.002822314468722022 0.023729337342200514
0.002784967276896306 0.008440540221895458 0.008440540221895458 0.01910272108542662
0.010354943350768111 0.00925063201785094 0.00925063201785094 0.019110290365311002
0.0027821616373733416 0.01267704567254081 0.01267704567254081 0.017571830726419473
0.010344560443080401 0.01341087565971158 0.01341087565971158 0.017580007092661623
0.015150662194453194 0.014691562984720533 0.014691562984720533 0.02917407682249187
0.020747581624890262 0.01702164140324652 0.01702164140324652 0.02922381863513615
0.015135585043048946 0.017738383065251155 0.017738383065251155 0.02450154255308646
0.02071914148505019 0.019953613207266567 0.019953613207266567 0.02455994772528955
0.024562924333199412 0.01669354052218029 0.01669354052218029 0.03941477682207146
0.029338766941107396 0.02100356929975684 0.02100356929975684 0.03950124606304504
0.024524706739894323 0.01935719621307225 0.01935719621307225 0.02997884420253119
0.029276208203444745 0.02350732852236197 0.02350732852236197 0.030084085893955795
0.03288353744123355 0.020199631659442607 0.020199631659442607 0.04861901641061869
0.03755108504169404 0.025525093217172085 0.025525093217172085 0.04869353214343103
0.032806135663715416 0.0228543158585923 0.0228543158585923 0.03611454275446553
0.037442763619238865 0.028141898260706504 0.028141898260706504 0.03621378719018273
0.04077373794540803 0.02510894972903321 0.02510894972903321 0.055700764623529284
0.044395270839510115 0.030208123058252764 0.030208123058252764 0.05573074437787712
0.04069243787212617 0.027106920957395027 0.027106920957395027 0.04370727310002883
0.04429344020534287 0.03217356132463182 0.03217356132463182 0.043758475470605206
0.04655727084691737 0.03003595834571677 0.03003595834571677 0.059530147444253695
0.04827735291599805 0.033763277133314167 0.033763277133314167 0.05952415556037471
0.0465284245705967 0.03101504394479975 0.03101504394479975 0.0505809501921899
0.04824410771462842 0.03461439325428493 0.03461439325428493 0.05058553894001537
0.049502271230946936 0.03143721680346543 0.03143721680346543 0.05889151389493252
0.05017351325023582 0.03247856253479956 0.03247856253479956 0.05887858552980687
0.049535307788699266 0.03141231242107298 0.03141231242107298 0.0556390195924623
0.050207511514971236 0.032783299348196904 0.032783299348196904 0.05562883177740815
0.05131116147890651 0.025468328278065267 0.025468328278065267 0.05748948690181584
0.05223345914826037 0.02314623740324702 0.02314623740324702 0.05753755236456919
0.051264144028131155 0.026720059514796796 0.026720059514796796 0.06275824620631708
0.05218981467691009 0.024342812897717645 0.024342812897717645 0.06280552304116997
0.0512398623364667 0.018616585521833293 0.018616585521833293 0.05129567773333644
0.047703177048579744 0.011641819399581022 0.011641819399581022 0.051503483627195396
0.05136050360134146 0.018474085012173323 0.018474085012173323 0.06884561419586703
0.04779727147986294 0.011747209953760732 0.011747209953760732 0.06909254545882867
0.03654334351721169 0.011346724366036896 0.011346724366036896 0.034400750367264706
0.00992204468257994 0.004457580154706859 0.004457580154706859 0.03459713374903592
0.03708609380562082 0.009557150415127431 0.009557150415127431 0.06399322568459095
0.0100727087879378 0.018368913590133054 0.018368913590133054 0.06458824226885282
0.002121654195548276 0.015861451366300947 0.015861451366300947 0.015442961180897974
0.007895844589653506 0.017787090711517243 0.017787090711517243 0.015496293297959087
0.0021159504768705336 0.019145389883578993 0.019145389883578993 0.010990329590199402
0.007874711546742403 0.021057658460224758 0.021057658460224758 0.011045330292012094
0.010293084391903053 0.02186988596377791 0.02186988596377791 0.020308249979829635
0.011179269285660723 0.024948651532448393 0.024948651532448393 0.020388645476039326
0.010292524101802267 0.02235490806053618 0.02235490806053618 0.013391256527321326
0.011178181533684032 0.02542293047400234 0.02542293047400234 0.01346281343792477
0.011520532513649212 0.024836953346317588 0.024836953346317588 0.022849593084818924
0.011410122602842996 0.02933868967834065 0.02933868967834065 0.022958376389002815
0.011527964540083566 0.02470775422830115 0.02470775422830115 0.013142186354362276
0.011419818749501532 0.029186913883310853 0.029186913883310853 0.013227135684645801
0.011598462978893366 0.02943505660964615 0.02943505660964615 0.02614956427241479
0.011763833021482106 0.03594836669909386 0.03594836669909386 0.02627675101536274
0.01160962863536378 0.02932320351078969 0.02932320351078969 0.012453038374944539
0.01177604486468143 0.03578930215396882 0.03578930215396882 0.012538508282491053
0.012680383328085795 0.0369186116235589 0.0369186116235589 0.03174893884940781
0.01548451849219087 0.045953015332634344 0.045953015332634344 0.031862562043828535
0.012622774710982191 0.03762908700906521 0.03762908700906521 0.012922386883074323
0.015314594527912583 0.046572395867176396 0.046572395867176396 0.012991581873122743
0.017592069594092218 0.04852649599834616 0.04852649599834616 0.037890836850933377
0.0198906550888641 0.06010753874388849 0.06010753874388849 0.03793548418026346
0.01751352498012381 0.04909225106055067 0.04909225106055067 0.01435129386244567
0.01978304837686777 0.060524867981168934 0.060524867981168934 0.014389202617630922
0.021756383642404554 0.06420442678832394 0.06420442678832394 0.04228075324499713
0.02378552859311139 0.0781347359615981 0.0781347359615981 0.04222172324591719
0.02164962918260702 0.06458926903603039 0.06458926903603039 0.01387111502680866
0.023452195945807372 0.0783116694589176 0.0783116694589176 0.013873222817370665
0.027063333508331205 0.08362978648291311 0.08362978648291311 0.04880117641737253
0.032253328874713716 0.10068900356186128 0.10068900356186128 0.04851797835011676
0.02652677011355527 0.08474767507048507 0.08474767507048507 0.013212135146530597
0.03134187910772726 0.10148522774479014 0.10148522774479014 0.013185340633788626
0.03579055155286848 0.10945133606109822 0.10945133606109822 0.055297663405060524
0.039499340596204184 0.12899805686172092 0.12899805686172092 0.054753738460349796
0.03542111813703075 0.10890095417041974 0.10890095417041974 0.012478329363991703
0.038765239281393034 0.1280322868316766 0.1280322868316766 0.012305648735486141
0.04610026627162114 0.13139910846755867 0.13139910846755867 0.0518173806130761
0.05581370030007391 0.14929961789348317 0.14929961789348317 0.051037694676357825
0.04412351227393295 0.13328679761114792 0.13328679761114792 0.010994450164447882
0.05358420246318027 0.15083379731906224 0.15083379731906224 0.010362324000014515
0.0008138063107700033 0.020421774030720465 0.020421774030720465 0.00888021488595576
0.0030342845832097977 0.021423501715263558 0.021423501715263558 0.008908469261905973
0.0008128334468812805 0.02154443508469694 0.02154443508469694 0.007211052740343083
0.0030306624292938023 0.02254397395779854 0.02254397395779854 0.007223510257137049
0.003550874329043846 0.02009328995642572 0.02009328995642572 0.010037532463075238
0.003328589270584234 0.02154590404873425 0.02154590404873425 0.010072660798411827
0.0035532071510892068 0.019355874200944683 0.019355874200944683 0.007349610636872246
0.0033269943209549816 0.020805685019071304 0.020805685019071304 0.007371019847348141
0.0033385548194768805 0.01871792814191856 0.01871792814191856 0.0091036576088873
0.0035937266684670363 0.02017701701180861 0.02017701701180861 0.00912855279395695
0.0033427324697259367 0.01744723504792298 0.01744723504792298 0.006601738717499605
0.0035876028191090545 0.01890256078359303 0.01890256078359303 0.006610349293864041
0.004222993212775966 0.017397072045352242 0.017397072045352242 0.008618127251749855
0.005912881688952489 0.018636685998734633 0.018636685998734633 0.008634090325479737
0.0042076358830503485 0.016321432340288766 0.016321432340288766 0.006535637019595212
0.005890328630685251 0.01755837433266454 0.01755837433266454 0.006537987722507241
0.007049086467326835 0.01615432334817573 0.01615432334817573 0.0088787294475226
0.0086217927569016 0.017550064314225376 0.017550064314225376 0.008886011783070143
0.007027252444051797 0.01519645902598738 0.01519645902598738 0.007107101585294673
0.008596314605594438 0.016523518703917595 0.016523518703917595 0.007102811919319217
0.009384381114417218 0.014177803928709723 0.014177803928709723 0.009740258825405856
0.010300432439256487 0.016238006286466808 0.016238006286466808 0.009749202519851159
0.009372008287802134 0.013221075517475585 0.013221075517475585 0.008041953935260367
0.010286217246982917 0.015233730399996747 0.015233730399996747 0.008037863989771075
0.010528690006318503 0.012976397063107395 0.012976397063107395 0.010448994953439456
0.01075673104994214 0.014594517185582094 0.014594517185582094 0.010444431797672082
0.010534031148694827 0.011626441785620846 0.011626441785620846 0.008139267378559514
0.010762078536026533 0.013523759719346605 0.013523759719346605 0.008136878310100792
0.010742246407728685 0.01113404229306219 0.01113404229306219 0.010619143056705927
0.010731344706758681 0.012657206681291463 0.012657206681291463 0.010592892996527676
0.010762715831437772 0.010182949276181484 0.010182949276181484 0.0074355172535336776
0.010730683211341673 0.011542338095337173 0.011542338095337173 0.007429877316309681
0.009781684260158999 0.009487069104535154 0.009487069104535154 0.008824945458914036
0.008357629628728607 0.010700737272787145 0.010700737272787145 0.008750885727750362
0.009869618018819781 0.007948174996839204 0.007948174996839204 0.0049247415416948616
0.008354592738123947 0.008556089052177822 0.008556089052177822 0.004924119645538441
0.0063474106169428175 0.0045030604015219204 0.0045030604015219204 0.008026541353106698
0.006031528396689132 0.0031898299808029084 0.0031898299808029084 0.00789564663607318
0.006446574556879773 0.0037614015865171683 0.0037614015865171683 0.0016785235766442934
0.0058968742023275435 0.003467680528739826 0.003467680528739826 0.0016178517715379336
0.0005167540752692585 0.021894584827523288 0.021894584827523288 0.006366641702155487
0.0019285064186900622 0.02256009275975717 0.02256009275975717 0.006384414048654636
0.0005161575010912572 0.02206432948049399 0.02206432948049399 0.005195068502576198
0.0019262801922642196 0.02272934106801386 0.02272934106801386 0.005195923077556354
0.0023685145262516616 0.017820257677399212 0.017820257677399212 0.0060549103413012435
0.0032140449170563494 0.01872833857181051 0.01872833857181051 0.006063071155435069
0.0023689186549267793 0.0165002884757411 0.0165002884757411 0.004779945267756649
0.0032085738352302063 0.017405935072258374 0.017405935072258374 0.004784049816841079
0.004352237229986461 0.014913275024833448 0.014913275024833448 0.005557648612146986
0.006113817391556003 0.015939965357699214 0.015939965357699214 0.00556330667622479
0.004344762323693078 0.013863115969020668 0.013863115969020668 0.004900971156182964
0.006102297966483318 0.014887680746519534 0.014887680746519534 0.004892742045738208
0.007261599839537296 0.013293491722857523 0.013293491722857523 0.0059099738823068255
0.008662886285713134 0.014339711521365607 0.014339711521365607 0.005906662128165893
0.007252347890819487 0.01248957900421833 0.01248957900421833 0.006140836383323358
0.008651833907841041 0.013534033146058163 0.013534033146058163 0.006127978052699859
0.009615309875916331 0.012125586957873467 0.012125586957873467 0.007143734860558419
0.010956615257831747 0.01321051392459323 0.01321051392459323 0.0071369746259132075
0.009603624367200126 0.011250454306386728 0.011250454306386728 0.0075626881839039066
0.010943309279667641 0.012333577097113902 0.012333577097113902 0.007555941312191153
0.011564076970404959 0.009973482838689991 0.009973482838689991 0.00818807844748562
0.012122917797964509 0.010863531002975027 0.010863531002975027 0.008186824617408717
0.011561703188398017 0.009358229498511056 0.009358229498511056 0.008417175976679027
0.012120210535740427 0.010247192314292983 0.010247192314292983 0.008415724793456756
0.012138628529476132 0.00781359944242431 0.00781359944242431 0.008068914690069115
0.011873271661892762 0.00856497340011561 0.00856497340011561 0.008069834748496875
0.0121479117621343 0.007115215395590096 0.007115215395590096 0.008189235913914801
0.011882968168657778 0.007948580058045848 0.007948580058045848 0.008190268596552709
0.011375782208987047 0.005363996423858346 0.005363996423858346 0.007057278749948978
0.010384206908306312 0.00579771800988806 0.00579771800988806 0.007057878327478657
0.011395312341591041 0.004708210212184706 0.004708210212184706 0.0069699386922653485
0.010402508996429421 0.0051293659794350984 0.0051293659794350984 0.0069705977097495805
0.00909593346431688 0.0037031636381527804 0.0037031636381527804 0.004741278063494419
0.00666739170096155 0.003391738179681223 0.003391738179681223 0.004737595929828994
0.009129201582524555 0.0029255017385644627 0.0029255017385644627 0.004474219708410028
0.006694740674292863 0.0028702381176519036 0.0028702381176519036 0.004473463027670408
0.003974407121718319 0.003466248197421381 0.003466248197421381 0.0016998584888239946
0.0033905637424997493 0.003439408589312455 0.003439408589312455 0.0016903830041313137
0.0040192674460608315 0.001418176932220968 0.001418176932220968 0.001178173528032747
0.0033390493571626477 0.0015787437168419051 0.0015787437168419051 0.001175918068874808
0.0005502078179362151 0.021836719265499557 0.021836719265499557 0.004518749099687504
0.002054822079310045 0.022447647720225297 0.022447647720225297 0.004530767972150267
0.000549805549938184 0.021100286543630813 0.021100286543630813 0.003774662088116173
0.002053318225824731 0.02171033583433477 0.02171033583433477 0.0037722066604345245
0.0031473126011830246 0.015402013905013638 0.015402013905013638 0.004186566551436258
0.005201389084193571 0.016122872128374818 0.016122872128374818 0.004186919160731662
0.003144262454272036 0.014186352188454335 0.014186352188454335 0.004031859395528275
0.005195465439771406 0.014905343732561128 0.014905343732561128 0.004021360126882883
0.006555790569107549 0.012579116837402832 0.012579116837402832 0.0050262648154851125
0.008151363992960552 0.013197340044926061 0.013197340044926061 0.005018423986149588
0.006550421688917176 0.011684181231105477 0.011684181231105477 0.005311479870854646
0.008144613893996799 0.012301284086734119 0.012301284086734119 0.005303775729514277
0.009191832788574958 0.010633264923225756 0.010633264923225756 0.006481479265524994
0.010505948246072054 0.011251999144705368 0.011251999144705368 0.006475681189200452
0.009185839408390035 0.009898558157220284 0.009898558157220284 0.006835778446403149
0.010498958163430959 0.010516414715639744 0.010516414715639744 0.006830179906142205
0.011257517980884377 0.008872599923365029 0.008872599923365029 0.00789686507134827
0.01208454775926541 0.009387114082474172 0.009387114082474172 0.007894023095372238
0.011253437313953008 0.00831272155001848 0.00831272155001848 0.008222534588001078
0.012079971158240492 0.008826697874621965 0.008826697874621965 0.008219935783641618
0.012401506123168616 0.006564359582597895 0.006564359582597895 0.008633039033727518
0.01255678894433251 0.006982715018666058 0.006982715018666058 0.008632569417522117
0.01240239356807073 0.006260923258443542 0.006260923258443542 0.008833965101562997
0.012557678454160517 0.006677502745539584 0.006677502745539584 0.008833574119734521
0.012354362786897125 0.004362652776725886 0.004362652776725886 0.008274068769508622
0.011773418101292519 0.004605038845464717 0.004605038845464717 0.008274603019619407
0.012361334850880614 0.0040824542334477925 0.0040824542334477925 0.00834619137318435
0.011780593094859505 0.004322169588954974 0.004322169588954974 0.008346685817002878
0.011013204585285501 0.0027170978708995317 0.0027170978708995317 0.006933099682780174
0.009626545306261542 0.002692892710332579 0.002692892710332579 0.006933974327876988
0.011025144714270636 0.002342689841280827 0.002342689841280827 0.006923349132711812
0.009638487148068484 0.002337026606532309 0.002337026606532309 0.006924104974757037
0.008089978946007085 0.00270091550995244 0.00270091550995244 0.004257590438416893
0.005378785149277645 0.0027749688144685335 0.0027749688144685335 0.004256496193143641
0.008110472056997923 0.001787912034751147 0.001787912034751147 0.004056306466614424
0.00539852695365383 0.0018102151505346433 0.0018102151505346433 0.004055408583099252
0.003301614651552429 0.0022621444064515306 0.0022621444064515306 0.0011258866308424748
0.002689495263903297 0.002136570728142903 0.002136570728142903 0.001124904770421213
0.0033179448536010407 0.0006709103548281688 0.0006709103548281688 0.0011099227504012786
0.0026772419277353715 0.0005964395253282388 0.0005964395253282388 0.0011098849001101524
0.0008511372749991874 0.020281051461559806 0.020281051461559806 0.0036311768849681832
0.003180142232114576 0.0206976318180998 0.0206976318180998 0.0036225391100052112
0.0008507051643604424 0.018972078598029317 0.018972078598029317 0.003722874249974287
0.003178524996027076 0.019386968728099283 0.019386968728099283 0.003713344290690953
0.004715398398350494 0.012895893088417085 0.012895893088417085 0.004180952884188696
0.006615828022453925 0.013299154169620261 0.013299154169620261 0.0041753750108949935
0.0047131776578349755 0.011830629875903926 0.011830629875903926 0.004301029310440189
0.00661254725371537 0.012232719425477327 0.012232719425477327 0.0042955582017508275
0.007825064213021617 0.010090401076662625 0.010090401076662625 0.005516439204285763
0.009260487798660275 0.01047322714797769 0.01047322714797769 0.005511899783380406
0.007822036090053408 0.009287312678216197 0.009287312678216197 0.005786265612166499
0.009256696573503972 0.009669413702463308 0.009669413702463308 0.005781893558096934
0.010134555599939525 0.008105022705436638 0.008105022705436638 0.00710217552665132
0.011123653112574978 0.008454350118500958 0.008454350118500958 0.007099270925422666
0.01013179817864685 0.00754794579232392 0.00754794579232392 0.007357562695175061
0.011120460730049238 0.007896872295079764 0.007896872295079764 0.007354848166709463
0.011662799985992633 0.006241302049616532 0.006241302049616532 0.00841623030080676
0.012191455617056365 0.00649560224623543 0.00649560224623543 0.008415572308703037
0.01166134445474875 0.005863387602090865 0.005863387602090865 0.008500349397828573
0.012189845266590131 0.006092824802129795 0.006092824802129795 0.008499752427627034
0.01234562868669395 0.004047395663082164 0.004047395663082164 0.008889467844451571
0.012293065392836318 0.004225166624009437 0.004225166624009437 0.00888954363441824
0.012346580466568264 0.0038993883298601892 0.0038993883298601892 0.008818179082681246
0.012294016782635841 0.004053678915081705 0.004053678915081705 0.008818239074451081
0.011992306173895202 0.00232413380927553 0.00232413380927553 0.008361713775840567
0.011281429058986651 0.002295873832198833 0.002295873832198833 0.008361917297293592
0.011996014304767667 0.002184305228875138 0.002184305228875138 0.008325927126553853
0.011285150044297095 0.0021859737357387225 0.0021859737357387225 0.008326099838352408
0.010447637051079482 0.0023912294032983647 0.0023912294032983647 0.006886750186851304
0.008929025620121548 0.002402291578131143 0.002402291578131143 0.006887072796985905
0.010454394388694098 0.0018632659694720523 0.0018632659694720523 0.006814050077339171
0.008935630350049812 0.0018662837648194272 0.0018662837648194272 0.006814302373957014
0.007511373957267214 0.002631031844571247 0.002631031844571247 0.003955954758022294
0.005197398022370599 0.0026181954843459932 0.0026181954843459932 0.0039566393291926094
0.007520789172046311 0.0015964798428365554 0.0015964798428365554 0.003967870054276873
0.005206642251868422 0.0015591758641804085 0.0015591758641804085 0.003968370769343944
0.0035378743635480748 0.0017945356279256825 0.0017945356279256825 0.0011700991599854493
0.0027272518985170125 0.0016807672355453745 0.0016807672355453745 0.0011704907420859248
0.003546891048938894 0.0004773693986034091 0.0004773693986034091 0.0013127259044656023
0.0027255944767630128 0.0003983096062628249 0.0003983096062628249 0.0013132925166602976
0.0010484474521139544 0.017812486128026408 0.017812486128026408 0.0036901898197082977
0.0039183976376150394 0.017977471422869255 0.017977471422869255 0.0036901901003322662
0.0010481641138454132 0.016201097387975327 0.016201097387975327 0.003492540703358029
0.003917336848511933 0.016363775336255906 0.016363775336255906 0.0034923002230927615
0.005599239962020924 0.010595792506367835 0.010595792506367835 0.00442061044832066
0.007335502043504019 0.01084586872871108 0.01084586872871108 0.004417193743589353
0.005598179680866641 0.009623822324091936 0.009623822324091936 0.004565115627539394
0.0073338596020001146 0.009873003943679693 0.009873003943679693 0.004561957363546556
0.008395566037227327 0.00799671999935763 0.00799671999935763 0.005952552371771986
0.009570013334014896 0.008213889836089396 0.008213889836089396 0.005950156855835067
0.00839421355070525 0.007340212123321203 0.007340212123321203 0.006097638986062883
0.009568327364066096 0.00755695313194444 0.00755695313194444 0.0060954011906760724
0.010280306664704763 0.006083537556999918 0.006083537556999918 0.007463866742119195
0.011062721964051071 0.006212748050721276 0.006212748050721276 0.007463806741064582
0.01027910446161438 0.005632675277964068 0.005632675277964068 0.007414351882495902
0.01106136084553118 0.005761693811455559 0.005761693811455559 0.007414288707508972
0.011464740991546624 0.004218378782348484 0.004218378782348484 0.008471369744717279
0.011799762209812568 0.00428066326214422 0.00428066326214422 0.008471974156957527
0.011464225844109733 0.003970033593082385 0.003970033593082385 0.008284518932859749
0.011799195045914786 0.004015099965346553 0.004015099965346553 0.00828506620780292
0.011854410659660863 0.0023045466308527873 0.0023045466308527873 0.008726927446513122
0.011690545014876954 0.0023433438118916246 0.0023433438118916246 0.008727097922371387
0.01185485131524487 0.0022118965429645822 0.0022118965429645822 0.00853886494980882
0.011690965521763385 0.0022346363016896033 0.0022346363016896033 0.008539032064284711
0.011356076968264985 0.0016244923963905896 0.0016244923963905896 0.008257293372640693
0.010627701549567313 0.0016716394507377509 0.0016716394507377509 0.00825720095049387
0.011357592447187386 0.0014664349748515115 0.0014664349748515115 0.008091415556527773
0.010629143842323642 0.0014220703837922093 0.0014220703837922093 0.008091349829249873
0.00984688550847933 0.0023532147522572528 0.0023532147522572528 0.00673998879708642
0.008457108205825912 0.002394005357915265 0.002394005357915265 0.006740076470985397
0.009849456791298864 0.0018284927939999425 0.0018284927939999425 0.006635633163069166
0.008459507873194015 0.001851640826763201 0.001851640826763201 0.006635689173891801
0.007256808899920604 0.00256575515350646 0.00256575515350646 0.003982217826382913
0.005394544905599641 0.0025310536398660756 0.0025310536398660756 0.003982710807097876
0.007259907952076775 0.0015765434863700878 0.0015765434863700878 0.004051733019544553
0.005397606171560568 0.0015430550861875387 0.0015430550861875387 0.004052056844065499
0.004146365730698315 0.0015175550876419556 0.0015175550876419556 0.001467237851329339
0.0030750331809425006 0.0013745362514539375 0.0013745362514539375 0.0014680493585596975
0.004149386697146359 0.0004910344326983351 0.0004910344326983351 0.0017769290870477978
0.003076140480570284 0.00035009917878633956 0.00035009917878633956 0.0017775247738109454
0.00110352407141121 0.014961607634377526 0.014961607634377526 0.003353997464682572
0.004124540135281316 0.015042734135774496 0.015042734135774496 0.0033540422357887833
0.0011033956999852033 0.0132660646541131 0.0132660646541131 0.003165360454064684
0.004124059723680122 0.013344662514698319 0.013344662514698319 0.0031653663913556963
0.005824253911456 0.008734178877221194 0.008734178877221194 0.004592622885543705
0.007448786065300544 0.008812683960917741 0.008812683960917741 0.004592388271607825
0.005823867734910702 0.007825255644998901 0.007825255644998901 0.004514138222098847
0.007448188684354281 0.007903030669035216 0.007903030669035216 0.0045139257985177105
0.008385617841033241 0.006403905874862127 0.006403905874862127 0.006105546095570372
0.009324381339461752 0.00642746669724579 0.00642746669724579 0.006106207234261787
0.008385178543390876 0.005878976855983495 0.005878976855983495 0.005954659788775266
0.009323843418583725 0.005902296238253187 0.005902296238253187 0.005955245983982449
0.009900761952234147 0.004514169691398367 0.004514169691398367 0.00729780528935534
0.010541657730834179 0.004473621305611531 0.004473621305611531 0.0072993525924814175
0.009900328270216698 0.004146346960474209 0.004146346960474209 0.007001913170436622
0.010541187308313642 0.004105677776534093 0.004105677776534093 0.007003317873783395
0.010859834760414704 0.002718023926120075 0.002718023926120075 0.008109983157417257
0.011093743034637872 0.0026612322726564533 0.0026612322726564533 0.008110957289103755
0.01085961653635206 0.002554078197881364 0.002554078197881364 0.007799783234807019
0.011093511741480468 0.002488962448627951 0.002488962448627951 0.007800687645181145
0.011114023556160382 0.001305866111127913 0.001305866111127913 0.008375938608232426
0.010940542536127624 0.0012909415648885935 0.0012909415648885935 0.008376206253082151
0.01111405974865694 0.0012280494188526608 0.0012280494188526608 0.008091763217358307
0.010940548530810666 0.0012067766861174082 0.0012067766861174082 0.008092045909885406
0.010635239083472263 0.0016525248595735229 0.0016525248595735229 0.00794834600423609
0.009977603804816552 0.0017430682157740334 0.0017430682157740334 0.007948260794252197
0.010635455530871866 0.0014186980112638097 0.0014186980112638097 0.007716630829170581
0.009977720905859445 0.0015093628957194877 0.0015093628957194877 0.00771659622547469
0.009306763857876129 0.002365653487212328 0.002365653487212328 0.006539254543279369
0.008132809940304304 0.0024347191377373264 0.0024347191377373264 0.006539137613739117
0.009306818871521216 0.0017747651286081877 0.0017747651286081877 0.00638943226039055
0.008132725875225904 0.0018400125714290866 0.0018400125714290866 0.006389350030106959
0.007181379222836661 0.0023212992772104505 0.0023212992772104505 0.004113867413013329
0.0057688557793203615 0.002270613987407299 0.002270613987407299 0.004114121726248277
0.007181251838016463 0.0015729189184176895 0.0015729189184176895 0.004228812357138725
0.005768759868392309 0.0015234220987154243 0.0015234220987154243 0.0042289377013138224
0.00487867455337232 0.0012538392237189434 0.0012538392237189434 0.0020429547090937738
0.003885324365786272 0.0010867982938790794 0.0010867982938790794 0.0020433959514786215
0.00487869878675746 0.000559406933776652 0.000559406933776652 0.0024477399595457584
0.0038856561989538186 0.00038170246421307465 0.00038170246421307465 0.0024478656301433485
0.001091901033863472 0.011989043386424609 0.011989043386424609 0.002982149667063049
0.004081027527140805 0.01194942184289135 0.01194942184289135 0.0029849424341375
0.001091902966432496 0.010311560215881943 0.010311560215881943 0.0026647910565931188
0.004081035324403819 0.010269468530399084 0.010269468530399084 0.0026671953987004917
0.005680758513610224 0.006961564676098627 0.006961564676098627 0.004392472939579499
0.007056954199136056 0.006910195348178161 0.006910195348178161 0.00439412449487409
0.005680778265844582 0.006191092585816996 0.006191092585816996 0.004116999921591214
0.00705698118704842 0.006139199829432942 0.006139199829432942 0.00411848338961635
0.007868835683611616 0.005048993402488494 0.005048993402488494 0.005790863351509421
0.008709753115953978 0.00495865004403497 0.00495865004403497 0.005792629315202462
0.007868786097657857 0.00457845015349836 0.00457845015349836 0.005477640749186697
0.008709705690326168 0.004487903857713141 0.004487903857713141 0.005479228372152996
0.00920294346614 0.003266805813637042 0.003266805813637042 0.006776102880767619
0.009708625209077514 0.0031610029938777574 0.0031610029938777574 0.006777657438877827
0.009202859300591937 0.002983809700436855 0.002983809700436855 0.006436943369687365
0.009708548783571944 0.0028755736299955707 0.0028755736299955707 0.0064383563538632
0.009981298313376496 0.0016944735433352918 0.0016944735433352918 0.007555271644594669
0.010219974380084807 0.0015689413044199432 0.0015689413044199432 0.0075563364330318876
0.009981300138869704 0.001553085388852586 0.001553085388852586 0.007180869901671353
0.010219997452552214 0.00143116500389467 0.00143116500389467 0.007181868848845523
0.010263223083303864 0.0009571229577292645 0.0009571229577292645 0.007867574155212302
0.01013991038087187 0.0010427727389207917 0.0010427727389207917 0.007867927206311666
0.010263150830509594 0.0009325938789847489 0.0009325938789847489 0.007516697664542413
0.01013981664335725 0.0009930570276650225 0.0009930570276650225 0.007517071954852637
0.009899045351053978 0.0016261456022215375 0.0016261456022215375 0.007524634740748911
0.009359634318381722 0.0017429886245733939 0.0017429886245733939 0.007524631440959785
0.009898610834379845 0.0014260092689313754 0.0014260092689313754 0.00723282747693582
0.009359109624617248 0.00153549077318581 0.00153549077318581 0.007232888198854983
0.008830087489071764 0.002219386138138508 0.002219386138138508 0.006276088281203729
0.007921133498803528 0.0022904822495951925 0.0022904822495951925 0.006276005647814473
0.008828984181897787 0.0017289279563154794 0.0017289279563154794 0.006120493529378004
0.007919940691297393 0.0018002458273225672 0.0018002458273225672 0.006120459838406784
0.00722996905645232 0.001976542608549785 0.001976542608549785 0.0043314859333917705
0.006257637472148238 0.0019024542349787778 0.0019024542349787778 0.004331562072218533
0.007228743952898083 0.0014625114545539788 0.0014625114545539788 0.004500849273830487
0.00625645948761842 0.0013900561174083582 0.0013900561174083582 0.004500813061221201
0.005668318841225043 0.0010107955326864792 0.0010107955326864792 0.002760839130790475
0.005059388184272425 0.0008110463971347027 0.0008110463971347027 0.0027607541530752953
0.0056676137479204376 0.0006205256700071805 0.0006205256700071805 0.0032120205511896207
0.005058799848967234 0.00041598249657444954 0.00041598249657444954 0.003211723050288913
0.0009742358765184367 0.009126253907804664 0.009126253907804664 0.002410278327886754
0.0036406690978643096 0.009018275778231258 0.009018275778231258 0.002413722187386233
0.0009742930641414297 0.00762944626668341 0.00762944626668341 0.002032774601900837
0.003640883629579255 0.007519490073240303 0.007519490073240303 0.0020356563041602736
0.005072642097017393 0.005510977178583262 0.005510977178583262 0.0038650723424380863
0.006312565502756412 0.005367390932469301 0.005367390932469301 0.003867640105166839
0.005072792216971027 0.004816296069651045 0.004816296069651045 0.003448453855633867
0.006312817741896643 0.0046722634834809006 0.0046722634834809006 0.0034507205327100323
0.007067154020151483 0.003946360914113962 0.003946360914113962 0.005223741947183689
0.00788690196634113 0.0037900181119411517 0.0037900181119411517 0.005225681088407396
0.0070673122541127205 0.0034874629375470753 0.0034874629375470753 0.004844144503572759
0.007887129682155665 0.0033309088369398256 0.0033309088369398256 0.0048458652630075085
0.00836142743088442 0.002392296991746188 0.002392296991746188 0.0061970217862638635
0.008835129655258355 0.002246277523677479 0.002246277523677479 0.006198288905561868
0.008361531163078993 0.0021271222871909 0.0021271222871909 0.005839490909897555
0.008835275242602383 0.0019850435194821146 0.0019850435194821146 0.005840633548118095
0.00909175780693969 0.0010508275757770017 0.0010508275757770017 0.006902850578952172
0.009315684152360592 0.0009162791354489082 0.0009162791354489082 0.00690369681489345
0.009091881371960498 0.0009183646565563228 0.0009183646565563228 0.006512920309569586
0.009315838459842317 0.0008112409264060522 0.0008112409264060522 0.006513711918003271
0.009382521198117262 0.0009109717833212898 0.0009109717833212898 0.007237492725590565
0.009335771260971527 0.0010603539080098455 0.0010603539080098455 0.007237972516067187
0.009382500714764014 0.0008924727153555743 0.0008924727153555743 0.0068234506084328345
0.009335745222939762 0.00103799336205263 0.00103799336205263 0.0068239441386321355
0.009179239287393674 0.001536325700400953 0.001536325700400953 0.007000102509790672
0.008792559671805273 0.001679306174907641 0.001679306174907641 0.007000245179584844
0.009178598261481406 0.0013564827379355998 0.0013564827379355998 0.006655374298490563
0.008791853791931547 0.001495882038144218 0.001495882038144218 0.006655582672662893
0.008433736919622866 0.0019290150625163715 0.0019290150625163715 0.006016020309378566
0.007840155081659169 0.0019885667892434074 0.0019885667892434074 0.006016028075962888
0.008432579633658732 0.0016060511006170505 0.0016060511006170505 0.005886296213851257
0.007838957384595613 0.0016652082169012754 0.0016652082169012754 0.005886338478935203
0.007415758820656533 0.001626318371989926 0.001626318371989926 0.004643594627498574
0.006859287745060763 0.0015309181503759294 0.0015309181503759294 0.004643471774474663
0.0074147180444066214 0.0013356385862076747 0.0013356385862076747 0.004863646951239969
0.006858285630321958 0.0012403341733075307 0.0012403341733075307 0.004863443426804958
0.006536869114485689 0.0008322196226638314 0.0008322196226638314 0.0035736796951695207
0.006222567803205842 0.000606368702045637 0.000606368702045637 0.003573122949204887
0.006536355358815444 0.000658614463231617 0.000658614463231617 0.004101851290776017
0.006222112505043413 0.00042881614710235725 0.00042881614710235725 0.004101171009109221
0.0008172095017364041 0.006618065770399411 0.006618065770399411 0.0017666456508796885
0.003053222880372111 0.0064962766519136685 0.0064962766519136685 0.0017691533954564804
0.0008172738883475769 0.005362359154373164 0.005362359154373164 0.0014206448237181037
0.003053464067611252 0.005239171332285595 0.005239171332285595 0.0014226489960355597
0.004286625565274284 0.004304508289036074 0.004304508289036074 0.003135447435077356
0.005416151790644221 0.004138000544671061 0.004138000544671061 0.003137564378318411
0.004286801047714689 0.003671210966148157 0.003671210966148157 0.002711679951613137
0.00541645875871611 0.0035043203652264546 0.0035043203652264546 0.002713503067501784
0.006135593648741382 0.0030766735254271096 0.0030766735254271096 0.004544680352003873
0.006970092796991506 0.0028750785909362367 0.0028750785909362367 0.00454662491715285
0.006135906034727814 0.0026093815342879438 0.0026093815342879438 0.004090731023850211
0.006970527885566122 0.0024075504180159192 0.0024075504180159192 0.0040924261571454726
0.007457336812478241 0.0017863120820586227 0.0017863120820586227 0.005555762201504761
0.007951079421497457 0.0015991950076292337 0.0015991950076292337 0.005556955260751919
0.007457591336386661 0.0015098719593640117 0.0015098719593640117 0.005136364351773106
0.007951404700729544 0.0013297141361217817 0.0013297141361217817 0.00513742498173536
0.008222760635623388 0.000667614486511496 0.000667614486511496 0.006229988534961284
0.008467126686821728 0.000659270206652337 0.000659270206652337 0.006230682840484949
0.008222934974905251 0.000585188722593055 0.000585188722593055 0.005845499773773014
0.00846733481703467 0.0006356694280836851 0.0006356694280836851 0.005846136262973401
0.008560584581278147 0.0008691924771698995 0.0008691924771698995 0.006534697512859426
0.008566045855291153 0.0009969349008788046 0.0009969349008788046 0.00653514089622784
0.008560508147325117 0.0008492854213491645 0.0008492854213491645 0.006159208595598009
0.008565961229142034 0.0009827284279251992 0.0009827284279251992 0.0061596419795222745
0.008494871443875724 0.0013206497362317985 0.0013206497362317985 0.0064116935041163186
0.008291083113531255 0.001456962844556907 0.001456962844556907 0.006411943506947346
0.008494389513601144 0.0012153986821871424 0.0012153986821871424 0.006090412672303172
0.008290566388470623 0.00135003128259947 0.00135003128259947 0.006090691860116052
0.008118863809428122 0.001547162226912163 0.001547162226912163 0.005801446071616418
0.007853647496709467 0.0015945579432232793 0.0015945579432232793 0.005801502577789169
0.008118314776800754 0.0014038762292316882 0.0014038762292316882 0.00569912902908038
0.007853088110975692 0.0014512929111077637 0.0014512929111077637 0.005699201415482272
0.00768438912986201 0.0012742224648943712 0.0012742224648943712 0.005025596919262215
0.007493173713354713 0.0011774040199536385 0.0011774040199536385 0.005025361092072204
0.007684074112262271 0.0011768449920595474 0.0011768449920595474 0.0052476760910301476
0.007492870155375754 0.0010800469324124828 0.0010800469324124828 0.0052474117512637955
0.007422467028092175 0.0006671921206023138 0.0006671921206023138 0.004488342419057598
0.007400661520975009 0.00045104912864922763 0.00045104912864922763 0.00448759397636044
0.007422491492115197 0.0006646714374070907 0.0006646714374070907 0.0050100990877136545
0.007400685113293143 0.0004379905268445958 0.0004379905268445958 0.005009332767003262
0.0006524292392264356 0.004545654742433445 0.004545654742433445 0.0012161788483042479
0.0024370372670290087 0.004448844176265526 0.004448844176265526 0.0012173582409401654
0.0006524805262726988 0.0035430148646858335 0.0035430148646858335 0.0009996959638692243
0.0024372292000067945 0.003446277932084442 0.003446277932084442 0.0010005957761700132
0.0034710328192977214 0.003272584182942572 0.003272584182942572 0.0024169432246420324
0.00450910456505907 0.003102142010886951 0.003102142010886951 0.0024185248265135703
0.00347119147740035 0.0026901677371008108 0.0026901677371008108 0.0020236239750229686
0.004509390065299674 0.002519395591681369 0.002519395591681369 0.0020249355724402496
0.005184117915015859 0.0023153473851020017 0.0023153473851020017 0.0037571615068017813
0.005989073908651412 0.0021128324300330164 0.0021128324300330164 0.0037586754820832613
0.005184450064973748 0.0018643181970443479 0.0018643181970443479 0.003301480018675712
0.005989531077877054 0.001661579590641283 0.001661579590641283 0.0033027582294715063
0.006490095802747118 0.0013315864634234164 0.0013315864634234164 0.004820315405934974
0.007052115369611727 0.0011340691900286028 0.0011340691900286028 0.004821388848464753
0.006490490243021012 0.0010169193289966923 0.0010169193289966923 0.004377440831466716
0.0070526041578957656 0.0008313158827547008 0.0008313158827547008 0.004378364117067156
0.007376339041837559 0.0005462423268796754 0.0005462423268796754 0.005565257970919742
0.007696923078481616 0.0005863288409746481 0.0005863288409746481 0.005565888264538812
0.00737660623465089 0.00050864189961559 0.00050864189961559 0.005184634333355231
0.007697233252440303 0.0005947621870426361 0.0005947621870426361 0.00518518812464137
0.00785057516138519 0.0007624329355828172 0.0007624329355828172 0.005911002656672164
0.007945787269219953 0.0008617872911463332 0.0008617872911463332 0.005911331141092751
0.007850543206796975 0.0007618226993108097 0.0007618226993108097 0.0056087492396779135
0.007945754056393854 0.0008663224765461319 0.0008663224765461319 0.005609048718230469
0.007973847579904735 0.0010650473318447183 0.0010650473318447183 0.005897733193712028
0.007953041429503411 0.0011496733950822262 0.0011496733950822262 0.005897891890640413
0.007973670008069932 0.001045509385534271 0.001045509385534271 0.005693225852474269
0.007952854529991508 0.0011335189010348863 0.0011335189010348863 0.005693379560594879
0.007940852299065389 0.0011675452540749298 0.0011675452540749298 0.005646709417690768
0.007929590507629829 0.0011858101546578905 0.0011858101546578905 0.005646719387867812
0.007940824281046498 0.0011641030434839045 0.0011641030434839045 0.005606835309512274
0.007929563056398414 0.0011821739834770968 0.0011821739834770968 0.005606846408032546
0.007953324508293141 0.0009324336464203176 0.0009324336464203176 0.0053921249135414
0.008032994319352262 0.0008555541060796803 0.0008555541060796803 0.0053919270830704484
0.00795355294586873 0.0009800363168706364 0.0009800363168706364 0.005566168779626767
0.008033215517899695 0.0009031644755002475 0.0009031644755002475 0.005565976748099662
0.008127974197321464 0.0005184001558162039 0.0005184001558162039 0.005339233089879745
0.008320293818839872 0.00035959852078266036 0.00035959852078266036 0.005338729229390076
0.008128321898958712 0.0006234743626729233 0.0006234743626729233 0.0057180669234003145
0.008320612115926888 0.0004578629098999316 0.0004578629098999316 0.00571759955292149
0.0005003886193894697 0.0029000877656612705 0.0029000877656612705 0.0008702545947017541
0.001868733624772594 0.002818005058779599 0.002818005058779599 0.0008708234532022566
0.000500424523236589 0.002131006389005829 0.002131006389005829 0.0007440136808373811
0.0018688679064985546 0.0020503840676984707 0.0020503840676984707 0.0007443912784940453
0.00272953571079962 0.0023102282335584175 0.0023102282335584175 0.0017581990152818953
0.0037120886594252628 0.0021622925604446066 0.0021622925604446066 0.001759194913993697
0.0027296742081181543 0.001758695711388404 0.001758695711388404 0.0014240926595149774
0.0037123267243488432 0.0016119978271150034 0.0016119978271150034 0.0014248646633278662
0.004350029275872617 0.0016263823614826192 0.0016263823614826192 0.0030035209781088057
0.005109569966108391 0.001467782425378968 0.001467782425378968 0.003004372670778548
0.004350283057717736 0.001200531649394633 0.001200531649394633 0.002646602008794514
0.005109914294761505 0.0010435338762788716 0.0010435338762788716 0.0026472772268768927
0.005607450873620376 0.0009355086997626686 0.0009355086997626686 0.004081309231525499
0.006207143115770558 0.0007781817527259761 0.0007781817527259761 0.004082002873145937
0.005607810571672459 0.0006079872857854339 0.0006079872857854339 0.003717195537897546
0.0062075807555526715 0.0004957816601016706 0.0004957816601016706 0.0037177525095950298
0.006580118742804181 0.0004653812698191388 0.0004653812698191388 0.004926868256689842
0.006997785171256741 0.00048503492053387126 0.00048503492053387126 0.00492730972461538
0.006580450656727059 0.0004327669394409363 0.0004327669394409363 0.004605186513508381
0.0069981667428301265 0.0005236361802107538 0.0005236361802107538 0.004605545622401027
0.007239167014375153 0.0005933796894932843 0.0005933796894932843 0.005408107437704873
0.00747901770254128 0.0006593432473871949 0.0006593432473871949 0.005408336593176662
0.007239343799102992 0.0006326965165834826 0.0006326965165834826 0.005163791679074171
0.0074792130534866285 0.0007207904710826378 0.0007207904710826378 0.005163982264416363
0.007619341099932367 0.0007821142685005848 0.0007821142685005848 0.005571599099282337
0.0077615652933445 0.000832032513910882 0.000832032513910882 0.00557167082728896
0.007619418587389167 0.0008493309805935488 0.0008493309805935488 0.005445286183553668
0.007761648821217995 0.0009051422678453385 0.0009051422678453385 0.005445346989940098
0.007870296062083084 0.0008433283286141295 0.0008433283286141295 0.00559092374017494
0.008025537555474088 0.0008447035484721785 0.0008447035484721785 0.005590892456088126
0.007870470048695039 0.0009306900500780142 0.0009306900500780142 0.005589007859780744
0.00802571601232829 0.0009328739510655957 0.0009328739510655957 0.00558898081276159
0.008169995948483881 0.0006755017536731119 0.0006755017536731119 0.005673575091665931
0.008411298031792419 0.0006222274121190469 0.0006222274121190469 0.0056734522716880755
0.008170370038358042 0.0008100499493578518 0.0008100499493578518 0.005794996654795664
0.008411661637583735 0.000756249958055339 0.000756249958055339 0.005794891436369349
0.008616501107270205 0.0003970080118822439 0.0003970080118822439 0.005956002949159562
0.008937273843105333 0.0003002716059713852 0.0003002716059713852 0.005955693570013311
0.008616951179402416 0.0005696456052006349 0.0005696456052006349 0.006229954396816551
0.008937688869725326 0.0004489363866630401 0.0004489363866630401 0.006229695530649715
0.00038122381860172393 0.0016411761440386374 0.0016411761440386374 0.0006753106300791983
0.0014234772280646494 0.0015736971897687532 0.0015736971897687532 0.0006755669189097843
0.00038123877703660184 0.001055816247967805 0.001055816247967805 0.0006131416318514576
0.0014235331550772991 0.0009880318902384122 0.0009880318902384122 0.0006132290286998444
0.002145866388626639 0.0014124912354415103 0.0014124912354415103 0.0012202647803485353
0.0030822775693523296 0.0013184912980712985 0.0013184912980712985 0.0012206756902240284
0.0021459525107186384 0.0008867282730583896 0.0008867282730583896 0.0010218975603666783
0.0030824209426073106 0.000796292107360005 0.000796292107360005 0.001022151037554465
0.0037053168673369754 0.0010311329049388128 0.0010311329049388128 0.0024319978469360946
0.0044707273991605795 0.0009298564977394821 0.0009298564977394821 0.002432351596641667
0.0037054694986297827 0.0006018827742919718 0.0006018827742919718 0.002203938294611558
0.004470937503428579 0.0005017501864542227 0.0005017501864542227 0.0022041776056281304
0.004977603266532695 0.0005972481416348012 0.0005972481416348012 0.0035059995952325188
0.005596494586885961 0.0005066448624851872 0.0005066448624851872 0.0035062495554763666
0.004977818849602696 0.00029611851150446265 0.00029611851150446265 0.0032950589415282365
0.00559675921432928 0.00030304304098695907 0.00030304304098695907 0.0032952293724532356
0.005998141765399637 0.00036742011630150963 0.00036742011630150963 0.004407304226565451
0.0064759542074007545 0.00036285280391911275 0.00036285280391911275 0.004407506410353036
0.005998383375159598 0.0003371869640234425 0.0003371869640234425 0.0041905813472461395
0.00647623423480474 0.00040667609518902086 0.00040667609518902086 0.0041907201060619025
0.00677697566701195 0.00039205857422081123 0.00039205857422081123 0.005008988950415921
0.007120964523585918 0.0004313065337370287 0.0004313065337370287 0.005009111648039904
0.006777179390652955 0.0004702504033539477 0.0004702504033539477 0.004832407304851069
0.0071211904964786086 0.000543321374241162 0.000543321374241162 0.004832492663594799
0.007349378431769083 0.000511277391725745 0.000511277391725745 0.005362286416898231
0.007628943085880173 0.0005438181120516609 0.0005438181120516609 0.005362333908513438
0.007349566678577698 0.0006348007621955905 0.0006348007621955905 0.005263683037642328
0.007629143874133047 0.0006799922387408381 0.0006799922387408381 0.005263716393244362
0.007833119044813852 0.0005547652230145896 0.0005547652230145896 0.005586324543688633
0.00811141832706956 0.0005606173350070366 0.0005606173350070366 0.005586308811512095
0.007833334159862303 0.0006995814122197593 0.0006995814122197593 0.005582715396540684
0.008111638682222031 0.0007019165599482221 0.0007019165599482221 0.00558270402154937
0.008337464578749211 0.0004586979173465973 0.0004586979173465973 0.00587028778786438
0.008677396921405378 0.00042649067518803446 0.00042649067518803446 0.005870216741712586
0.00833777414469188 0.0006421995180262584 0.0006421995180262584 0.005956492131915662
0.008677698917250707 0.000605338697959832 0.000605338697959832 0.005956442011203035
0.008953210274143902 0.00029020717417183094 0.00029020717417183094 0.006394319110589055
0.009367449547593094 0.00023858822743602577 0.00023858822743602577 0.006394171300030285
0.008953579258299975 0.0005031241714775967 0.0005031241714775967 0.006571512643991918
0.009367791760099659 0.00042558217079090874 0.00042558217079090874 0.006571409779921348
0.0003254834922171232 0.0006799775554583612 0.0006799775554583612 0.0006264318136641942
0.001215254019430162 0.0006709262263694125 0.0006709262263694125 0.0006264465264888543
0.0003254756485868589 0.0001796960174152431 0.0001796960174152431 0.000666763534894742
0.0012152247318961585 0.00017063718121554345 0.00017063718121554345 0.000666765146586513
0.001859740922625769 0.0006406094453774726 0.0006406094453774726 0.000931495994587274
0.0027307309733017233 0.0006100015054810236 0.0006100015054810236 0.0009315595399850863
0.0018597114590002705 0.00015220739545311206 0.00015220739545311206 0.0008757827832379704
0.002730713190660837 0.00012562908564990794 0.00012562908564990794 0.0008757993979102204
0.0033375120898556827 0.000516071891347614 0.000516071891347614 0.0020857415231316455
0.004124199576748642 0.0004701214624984368 0.0004701214624984368 0.002085812932189161
0.00333751133646157 0.00011184532915766637 0.00011184532915766637 0.001988994863356436
0.004124222442643884 0.00013884603068413582 0.00013884603068413582 0.0019890139995672974
0.004644751646022283 0.0003205543859146481 0.0003205543859146481 0.0031816086679610253
0.005280065899212412 0.0002770591719584361 0.0002770591719584361 0.0031816619752777597
0.004644783792208731 0.00017382326420124276 0.00017382326420124276 0.003083899810182035
0.005280120118522266 0.0002149966972168507 0.0002149966972168507 0.0030839140954442824
0.005692571158350243 0.0002260187242565082 0.0002260187242565082 0.0040757169355018765
0.006184080907122173 0.0002234334319834544 0.0002234334319834544 0.004075756839428558
0.005692625804232602 0.00026704962817709736 0.00026704962817709736 0.003979910266496017
0.006184152632576585 0.00031197452529769794 0.00031197452529769794 0.003979920959920852
0.006512290574522876 0.00021209466409172293 0.00021209466409172293 0.004741813999352284
0.006917387372563558 0.00022619154498111063 0.00022619154498111063 0.004741833776274846
0.006512366297111196 0.0003511383192561972 0.0003511383192561972 0.004672139632787754
0.006917476350101883 0.0003845413413035598 0.0003845413413035598 0.004672144932421815
0.00719280889343159 0.0002623476548558749 0.0002623476548558749 0.00521015608245762
0.0075400744101838755 0.0002771952067220796 0.0002771952067220796 0.005210165801704209
0.007192886261353485 0.000413763784047204 0.000413763784047204 0.005163774611735166
0.0075401604565284745 0.00043658558127101935 0.00043658558127101935 0.005163777216123497
0.007794525233810328 0.0002763577021066979 0.0002763577021066979 0.005571759181507024
0.00814243702546362 0.0002885792387785895 0.0002885792387785895 0.005571764215606819
0.007794617557305344 0.00044821371726961137 0.00044821371726961137 0.0055467146456600214
0.008142534261978153 0.0004593086442253832 0.0004593086442253832 0.005546715994551784
0.008414024430428605 0.0002566450863171864 0.0002566450863171864 0.005990776086556643
0.008808216000210117 0.00025412627202314064 0.00025412627202314064 0.005990771629231631
0.008414147475769306 0.00045451906503850764 0.00045451906503850764 0.005999521672734557
0.008808339107352011 0.0004505143058764517 0.0004505143058764517 0.005999520478374253
0.009118489103916345 0.0002235465526820127 0.0002235465526820127 0.006651531869761485
0.009572105076868443 0.00022659657409791206 0.00022659657409791206 0.006651515136769102
0.009118634388207567 0.00043334738289958747 0.00043334738289958747 0.006694195467564775
0.00957224381429608 0.0004146225628233678 0.0004146225628233678 0.006694190984145679
H_3F 640
0.019321048995235134 0.010808656377465805
0.02122475692129335 0.014143744333266664
0.019711272910598713 0.011005285565205657
0.021577173385737138 0.014338446769309593
0.0364535351838645 0.02430091134697253
0.04257611358257468 0.029962218240841998
0.03522224636398317 0.023615675205716
0.04152776837982785 0.02927751520255612
0.0602138046456085 0.04191683790554181
0.06597887242901754 0.046568234407397754
0.05626006023623438 0.039462231951141985
0.06239417821274617 0.04411743740772202
0.07825363691263755 0.055016803175272425
0.08174768901305073 0.057714457763623515
0.07387299195893283 0.05214571018486289
0.0775668228893802 0.05484659999621343
0.08796703621078622 0.06200100405541881
0.08891893216880724 0.06273001398824195
0.08416037254491737 0.05945919863796644
0.08515659441986595 0.06018957907198544
0.08895083356394046 0.06275011184827294
0.08794799911972224 0.061981237345015774
0.08667611334805525 0.061226949942490234
0.08564522774994245 0.06045744267249706
0.0817841771611436 0.05772887617284636
0.07814766989930827 0.05490490740259951
0.08138531726247046 0.05746614793222346
0.07772074752402121 0.0546402462195764
0.0648182455015432 0.04569309561437515
0.05754393169959441 0.03949384376211658
0.06872728191817275 0.04823417925071931
0.06188377000791188 0.042030087801734416
0.03745534234722237 0.026006919748980832
0.03233009574541568 0.020042332314002015
0.046401005670857406 0.03121553826302065
0.04240344717127018 0.02524977351870379
0.022893558689993782 0.013639920571870488
0.022397602403337172 0.011839423295915474
0.024233023354707804 0.014326144877785548
0.023766085138507195 0.01252522754637572
0.019304662535278516 0.010943844181161464
0.02173541004085534 0.014732616858039557
0.017790718323170973 0.010176996181896408
0.020397710169001243 0.013962283767871012
0.032873535303874615 0.022162369508472533
0.03583983424767496 0.024985700130013208
0.028799505587354682 0.019818563798067703
0.03213213121077535 0.02263954460516987
0.04644202712772324 0.03198885057763544
0.04920479332501913 0.03442000650207622
0.03873231648633291 0.027251775471212755
0.041977953628617434 0.02968014704870027
0.05869527912349526 0.040751276925926117
0.06149100796386321 0.04312230859256254
0.04879039593557547 0.034460339209090474
0.052090295930259795 0.0368282754047108
0.06902950735509139 0.04823725128446865
0.07125205921112553 0.050063007608693616
0.0597176709343001 0.0421998554860775
0.062263255783293586 0.04402595783797404
0.07557392356790671 0.05304370914558553
0.07664090226342271 0.05390075423818638
0.06872646371934542 0.048554687381393305
0.06990272297294635 0.049414823327321895
0.0769329920506103 0.05419689256293973
0.07735676612851893 0.05452604939002134
0.07449461201275952 0.05258716369058078
0.07493571336449092 0.05291817164618969
0.07705761738172597 0.05440032419036117
0.07771038660757343 0.05488550575641478
0.08103462179728914 0.05701119511722412
0.08165972373505284 0.057497668859040035
0.07250358643806777 0.05126777003490157
0.07020115331150144 0.049603330337887566
0.0858930726204947 0.06010305889860425
0.084014040486695 0.05844490846934581
0.05018792266320454 0.0354720469422382
0.03599178565078139 0.02225958921580793
0.0739629048055733 0.05053965974510589
0.06536895671269831 0.03733047552839531
0.015588023176792153 0.008782307688223124
0.017391936860520516 0.011696068943806297
0.011192166498126321 0.006553140033534967
0.013565043428018876 0.009460020919377247
0.022767797511882622 0.015300667185866344
0.02325237463376453 0.015783957380850026
0.016889695194606282 0.011841890314561797
0.017498545312807076 0.0123204974858044
0.025589579393570604 0.01718506279923407
0.025637432481257372 0.017184249495922906
0.01748173414196115 0.012335075447222921
0.017474821277812747 0.012323477217073667
0.028606363891797083 0.01887401362565408
0.028789849101387797 0.019020292018422424
0.017025323545204654 0.01203133350515416
0.01720143664363784 0.012157276573586243
0.034187530466686725 0.022214661088746805
0.03542588281090288 0.023673540268009705
0.01806439935785474 0.012772580797028258
0.020082778819685822 0.014153088200517663
0.041775548229406094 0.0277414532225128
0.042833854833007674 0.028913069634563783
0.022642508534959006 0.01593240942128474
0.02446258684302883 0.017086125497249346
0.04754999815099706 0.032018568443700844
0.04846055390014175 0.03300362591951429
0.025712142575665422 0.01776037210470784
0.02724833583947757 0.018662709381589017
0.05580303612083019 0.037932254962851866
0.058260376300559885 0.04038565361241524
0.02963494639420828 0.019869452630042934
0.034002449818100286 0.02226360987075794
0.06586953133671064 0.0455441074789645
0.06751421911656338 0.04712653952827699
0.037554817451210525 0.023949723750511225
0.04067152280582606 0.025535444008439587
0.06935614957532436 0.04895882344234862
0.0756307835412512 0.053425697488215865
0.045472654087994904 0.027558981219190416
0.0545769595369362 0.031973263231597396
0.008917426598083067 0.0048470105983628815
0.009411041787295826 0.005971376922557886
0.007256719633303907 0.004011943093612182
0.007833518698215839 0.005127086343215426
0.010647101316694222 0.0067942033960595415
0.010608393002340687 0.00670062503449803
0.008163458677066795 0.005451408893980727
0.00808707764286129 0.005349007084151561
0.009696521548602052 0.00622110621418209
0.009810471317918953 0.006361139731211994
0.007399784757565141 0.004972235593612771
0.007521144312840173 0.005098976056486548
0.009597176095211829 0.006420560232262911
0.010464687554633078 0.007273486007216113
0.007772949953282619 0.00537163645132278
0.008800071297275142 0.0062141581765962454
0.011336730420458772 0.007963907957424719
0.012381297014118605 0.008753902269985871
0.009994657065459026 0.007067177014673236
0.011151078959436142 0.007849563262456827
0.01352550372025113 0.009562319969911536
0.01418258996829421 0.010024817479553822
0.012349395225819019 0.00870698111153125
0.013054253052939774 0.009162040618376995
0.014833570331722378 0.010488842479878979
0.014993112367250936 0.01060058142380711
0.013312155561792233 0.009336649263627171
0.013491891010862478 0.009449478423063663
0.015105034165573593 0.010680694732217305
0.015078830898022652 0.010662118851643178
0.013081397818883051 0.009099116542485724
0.013051844280314686 0.009080280263825676
0.013174255550817653 0.009303314859536518
0.012100742705765926 0.008554257678239485
0.01103006976813416 0.007397179780257321
0.00969774067004738 0.006639356191831194
0.010233034136228137 0.007186975985024758
0.009935822593112313 0.006963587516381155
0.006661513710468544 0.004062549066762034
0.006114782883532704 0.0037573629869327384
0.006387578675674586 0.0034416978887123724
0.006669323785181481 0.004156460233672349
0.005220647020474768 0.0028556130018337275
0.005541495466658091 0.003561101634910287
0.006501676730064475 0.0042117124337764525
0.006862282168835999 0.004638558036245709
0.005334758884561633 0.003574431961341714
0.005760388763455209 0.0039963118260356425
0.007058996175248967 0.004954942921066723
0.008266144462264131 0.005838562033890396
0.006549540283342049 0.00462286673993802
0.007821570507122016 0.0054975200061107635
0.009362618411487084 0.006585786860922061
0.010484953805120266 0.007284774206939513
0.009502969084250551 0.006696592137071422
0.010602185858738714 0.00738990598027045
0.01197861142903683 0.008379522368237375
0.013076078338671743 0.009046794941872476
0.012223905004262745 0.008583156275552017
0.013298431001578228 0.009249625295929396
0.01416942147159258 0.009876077708945288
0.014628370833842504 0.010154871207686614
0.014301112965045602 0.009989439582538522
0.014755471094813476 0.01026796766459859
0.01457579112268782 0.010103771609772622
0.014356072332819773 0.009971553205194819
0.01465043839051763 0.01016857383802455
0.014432097289757004 0.010036618382605243
0.013387068544710886 0.009216530479468013
0.012555691920400463 0.008721042617892485
0.013357888633176827 0.009182625516928195
0.012522037607832088 0.008686553353089502
0.010257471582346845 0.00691860576390565
0.008179176443162428 0.005702493815395272
0.010166659408748458 0.0068017106454672915
0.008051796331003743 0.005584101850981635
0.00432266478589218 0.0028371328052711566
0.003788577198977198 0.0025404733733155314
0.004188389149198232 0.0025987204870467893
0.003540061286796395 0.0022574837130187276
0.004552122809068837 0.0025344784588118593
0.004974952481690925 0.003292795025730156
0.003814493416196229 0.0021622338190271785
0.0042948409546257485 0.0029127624431296278
0.005237644136362295 0.003666939576309641
0.006677180577434608 0.004694154122462617
0.0051129518447423725 0.0035880609249001553
0.006569946606019155 0.004608412783327145
0.008260855160416691 0.00579102769229633
0.009572320212492649 0.00658489398955507
0.008433258132011057 0.005930950779885911
0.009719298970155738 0.006724194811755538
0.011247193582514355 0.007836656027049976
0.012341369268169113 0.008490814717636254
0.011450218888957591 0.008010808927396591
0.01252515389397441 0.008664569034786582
0.013751079559256989 0.009577191526116323
0.014434399716518763 0.009989285427318823
0.013937357225455044 0.009737985950977043
0.014611401283624856 0.010149953470941055
0.015110483681234417 0.010517272578448067
0.015237919915160643 0.010594679180927314
0.015226894155833458 0.010618179334816864
0.015353413948921289 0.01069562628694752
0.014869112074122866 0.010314215778202874
0.014390358887815721 0.010024010560455963
0.01491514363770636 0.010353763112032482
0.014437781609181115 0.010063639455931191
0.013013782941509365 0.008973152134032839
0.011863826301542148 0.008280259817069265
0.013018701132756338 0.008974246923491224
0.011867757336790151 0.00828129606141276
0.009141927350845491 0.006173784692211989
0.006859233887566165 0.004817640671210642
0.009068262189551101 0.006083389261806174
0.006752068723376709 0.0047269677683765415
0.0034883061810648854 0.002213750641197452
0.0029152693729867685 0.001907200017162255
0.0034986692560737965 0.0022139338020011595
0.002898183712451081 0.001893563413922762
0.0037295951832364165 0.002241157079983685
0.004820383202609107 0.0034013406710598935
0.003818833847890104 0.0022867897071673646
0.004887938928789518 0.003445934643359015
0.006302011510222128 0.004448175641269595
0.007823230592555288 0.005395601516674459
0.006380665855816334 0.004507103484137583
0.007885277512380112 0.005454052727733099
0.009574065564455498 0.00667075170865369
0.010776719050395848 0.0073861937910203405
0.009729600111445412 0.0068041508511099535
0.010914060865282134 0.007519295065800452
0.012375383404954796 0.008618365563295424
0.013196033731445619 0.009111462018998822
0.012521464097551185 0.008744680436910957
0.013332608087089217 0.00923765444837935
0.014382414122444382 0.010039515143399697
0.01481396123073314 0.0103035139628797
0.014430623492332685 0.010080846926288661
0.014860623101147594 0.010344798847108583
0.015213059726013669 0.010617548265572761
0.015170479319414261 0.010591304513627279
0.015172288276712978 0.010582379774624756
0.01512957993554043 0.010556127928543461
0.01461963284893047 0.010177009974867885
0.01404251766955364 0.009821673178140122
0.0146022402978747 0.01016097071566076
0.014024212991840602 0.009805624941324751
0.012513210942327522 0.008667193618965393
0.011276491929486328 0.007908049208553727
0.012479007993059569 0.008634222233016634
0.011237446622629516 0.007874966362003414
0.008489423818695316 0.0057336643576447535
0.006532070191314202 0.004577018675781605
0.008503308917003792 0.005744329613161592
0.006546532677832206 0.004587506510606183
0.0037263503668401 0.0023539867617667623
0.0029678193164802856 0.0019488713203014685
0.003782021339614292 0.0024298084767022483
0.0030254921064311138 0.0020194434967116554
0.0038362407334945757 0.0023693186359111263
0.005382503415981952 0.003804293868973653
0.003646435050040784 0.0022703524086017213
0.005248017609814505 0.0037048185358023473
0.007133952963686673 0.005009925205170792
0.008562779385144555 0.005876347893546686
0.007223565354592739 0.005081647654203018
0.0086369526830165 0.005947908482773335
0.010291666960416727 0.007174059204499657
0.011268962766034146 0.007760085094924981
0.010375163725898383 0.0072459262683840665
0.011344902124797345 0.007831864277371085
0.012704094295324094 0.00887208670341198
0.013345120019012908 0.009263264352557827
0.012674091776938148 0.00884672817205514
0.013316357639885817 0.009237824776520076
0.014254977774621773 0.009968055368131952
0.014526139691063039 0.010135868183385048
0.01414431787516334 0.00987437238848474
0.014417465997851977 0.010042130626858853
0.014720268840771393 0.010290669053086992
0.014588731298215188 0.01020882146862417
0.014609918354927127 0.010196858132526845
0.0144773527768699 0.01011499879302405
0.014040775546636103 0.009806685170452838
0.013458432589403282 0.009442451250030591
0.013945103510007648 0.009724504001857578
0.01335846701085527 0.009360246835786758
0.011932669575662885 0.008293437152782874
0.010814402897977258 0.007598592338405654
0.011876170534245735 0.008242544977184015
0.010751541483393736 0.007547598523542908
0.008277640619568401 0.005619513363151758
0.006705453013145737 0.004688627856348758
0.00831401250506007 0.005655820485810664
0.006749319747263925 0.0047248315078130335
0.004398310548958874 0.002806801791013827
0.0034074914501822143 0.0022715412697510992
0.004513854997986941 0.002963157892097078
0.0035527784307095244 0.002426832627190615
0.0035308730321665623 0.002228760768046891
0.005316148102432948 0.0037392911855350496
0.0033521618211092407 0.002134378077024944
0.0051987895702754455 0.0036447130575179092
0.00741715030142509 0.005208438398499852
0.008750682481030647 0.006020587168454185
0.007368505905673663 0.005169002978504774
0.008709250300242088 0.005981057241435996
0.010372862657000218 0.007245581968301806
0.011145844703361586 0.00771529428686177
0.010284415024910256 0.007169919166083071
0.011063408643994225 0.007639544701283087
0.01229971744700463 0.008599283620794743
0.012822133051229081 0.008920505161657799
0.01212614068466904 0.008451120720326659
0.01265555574086759 0.008772252591048519
0.013553886447698426 0.009484908958915982
0.013742589372612486 0.009602350161870814
0.013370410981962663 0.00932969988557954
0.013561590264273832 0.009447099693330806
0.013916819578329182 0.009744981082196404
0.013778835298347622 0.009658374394604888
0.013747689117175629 0.009602911483007622
0.013607968590598546 0.009516297220348035
0.013277217877464833 0.009291792543854177
0.012756466099172463 0.008962932299534375
0.013139988801473873 0.009176043180021224
0.012613515441074898 0.008847158565667068
0.011374432007272681 0.007923009200577749
0.01043565610091336 0.007335973777021711
0.011289008907668686 0.007848125565955884
0.010342389664327909 0.0072610379526664316
0.008276237830925539 0.0056476233179249945
0.007085597686927056 0.004941488752784319
0.008333860564762529 0.005705032097577594
0.0071527969704701586 0.0049988487848530655
0.005289152043676853 0.0034608146312330467
0.004389898910213277 0.0029643601586324467
0.0054583085989586356 0.003663219373151609
0.004592425311282192 0.003166760914548584
0.0031757620352470322 0.0020370253504632604
0.0050561514032310875 0.0035329849806391526
0.0028798200401071515 0.0018783470115128075
0.0048753236419627425 0.0033741153615521554
0.0071808659516031355 0.005036615726594862
0.008313178251737207 0.005725539347005072
0.0070157629706307945 0.004898889093717898
0.008170856069280691 0.005587732288332385
0.009769988401811662 0.0068298495175605186
0.010460131630348299 0.00725119121557822
0.009587614032064712 0.006673213423422277
0.010289845322759054 0.007094467031239582
0.011428461781522313 0.007989523173453809
0.01184035657440735 0.00824314132397767
0.011230621498877684 0.007819901335139651
0.01164939277483281 0.008073452568717571
0.012518324394431898 0.008768284978985583
0.012710078544948293 0.008888155406558348
0.012295984914065645 0.008581085020270529
0.012491100355540798 0.008700933150698868
0.012931839433948515 0.009065398619258083
0.012834409260107472 0.009003918793591768
0.012721360334096632 0.008889924247526004
0.012622291881244734 0.008828444299104943
0.012434276289511537 0.008711840045901444
0.01200928111487567 0.008442132879670754
0.012259538725483101 0.008565719155657833
0.011828254506170336 0.008295998911736116
0.010833269551623115 0.007553087885137746
0.01010606762283266 0.007098569573309001
0.010742969921179122 0.0074747388556378955
0.010009270162565231 0.007020200264852089
0.008428180286896386 0.0057807274949220454
0.007610549041844215 0.0052945997721833855
0.008515420325638718 0.005864796613364285
0.0077071787012025295 0.005378636274419811
0.006304924360520967 0.004214578986007759
0.005763607576238854 0.003910071168673861
0.006514516222781337 0.004439817149555029
0.005992213352649256 0.004135261449628074
0.002599726362711317 0.0016922571022025953
0.004368126174691467 0.0030271956426252715
0.002254200425198967 0.0015035338330211334
0.004171322355417485 0.0028382699668697644
0.006377341300002129 0.004468857219727739
0.007403183315958431 0.0050901028039616256
0.0061339265459408555 0.004260623036302447
0.007194382533426454 0.004881769137303338
0.008788182171263275 0.006145447983667586
0.009461023489264484 0.006556291527374263
0.00856811755688646 0.00595572837884274
0.009256847453121594 0.006366497472581587
0.010407523610416428 0.0072792246085741415
0.010792511356585962 0.007516709280410112
0.01019876744895761 0.0071005110364882745
0.010591274184721363 0.007337954395360238
0.011415314543865584 0.00799730419294593
0.011594955840300222 0.008109690483627021
0.011183936598559843 0.007802400840765042
0.011367202345371315 0.007914775188922793
0.011849599359729263 0.008310006961853914
0.01181291120683322 0.008286871888519357
0.011601327418371988 0.008102975661598424
0.01156383813769522 0.008079844680785948
0.01154382384839656 0.008089670898592173
0.01123888509401877 0.00789640242569506
0.011337577920291364 0.007916986279985985
0.011026943085522463 0.007723718232297221
0.010359556882042069 0.0072248786145007165
0.009882339071051944 0.0069280915788110286
0.010283816528662677 0.007159437923754995
0.009802970650068238 0.006862647931765407
0.008749654276065928 0.006029676724077553
0.008283215468034358 0.005751379759767713
0.008867530961003463 0.006139182497823295
0.008407684803369654 0.005860864528563458
0.007449955998768304 0.005055274404827605
0.007175483097020619 0.004897845376205365
0.007716807979233139 0.005319103324795731
0.0074521330953878934 0.005161641757076316
0.0019465015349339903 0.0012919275763080464
0.003528749593536351 0.0024111881379142957
0.0016389534232954302 0.0011189593560328402
0.0033686158846199785 0.002238056531823406
0.005310949948455195 0.00371103650017582
0.006259313895898751 0.004276858084481316
0.005072462063206424 0.003499240499663913
0.0060581452922667724 0.004064980913108947
0.007635419367943428 0.005340137000372627
0.008321898325258969 0.005758358857072179
0.0073745117246160645 0.005113318529289012
0.008083081767193957 0.005531477021355797
0.00929937449371796 0.006506549506991501
0.009700485335124152 0.006754017341124688
0.009055269587081046 0.006296977844079884
0.00946667693320853 0.006544414841232452
0.010316324423771608 0.007226374585292336
0.010512546931614731 0.007348904763653338
0.010088930924865151 0.007034217374339133
0.010289463936912368 0.007156735540004035
0.0107696740878166 0.007547641047068786
0.010774284576179542 0.007550593375759497
0.010546001624526145 0.007359858371461563
0.010550681546471659 0.007362801604332154
0.010642962672052487 0.0074532824739960216
0.010481177354275012 0.0073515133102393
0.010452166269617421 0.0072924010929521586
0.010287371791498679 0.007190629124293337
0.009978613434636862 0.00696015494052227
0.009764077588931034 0.006827575037249318
0.009919027497962094 0.006908721902940567
0.009703189663867386 0.006776144763228981
0.009181854970213768 0.0063549930245621125
0.009022300505094207 0.006259267402713459
0.0093050039935031 0.006465875101646209
0.00914759166407323 0.006370140953319775
0.008673997605131517 0.005955404723574887
0.008654957576135578 0.005944127748667725
0.008955136672280982 0.006216295289914426
0.008936641142884238 0.006205008940148202
0.0013801285821474143 0.0009343040437653418
0.0027241717507663047 0.001827197753984587
0.001193785096799887 0.0008260882450709616
0.0026346305396876867 0.0017189124880884039
0.00422961976822798 0.002943988021969877
0.0051167652198531675 0.00346381469578632
0.004017987588963483 0.0027474077262116593
0.004943173356615901 0.003267162818869962
0.006402448058749201 0.00447063971090882
0.007070830761862636 0.004873874695367337
0.0061464048670683315 0.00424296504182473
0.006839787603076343 0.00464614465367428
0.008084354281049899 0.005655205604341046
0.008542723313698871 0.00593675210903824
0.007828694132979201 0.005433965537243864
0.008301162433634816 0.005715484137481461
0.009240263737741622 0.006470798506378651
0.009498512359806338 0.006631405671510214
0.009016360280717282 0.00628062028400306
0.009280817616481567 0.0064412106885408365
0.009827079055942487 0.0068807889090286775
0.00990350297558146 0.006928559205156352
0.009648269102557915 0.006729646223237445
0.009726069866507349 0.006777401387312162
0.009917938397256017 0.006935790386808381
0.009901312879264022 0.006925466660071912
0.009797562656338327 0.0068334479302721
0.009780719094024016 0.006823117045293193
0.009743842285433898 0.006793780858378078
0.009734672334702146 0.006788154947748821
0.009720766042367815 0.006773829795279386
0.009711575408174826 0.00676820473221548
0.00960886995527831 0.006672724710917271
0.009674806220482883 0.0067124607012113546
0.009707792712353764 0.006759860862747748
0.009773057286100935 0.006799596132999679
0.00972478146491685 0.0067336036436006046
0.00988581402903013 0.0068295115241149736
0.009938103754417968 0.006923194411179513
0.010095718430665415 0.007019105834424189
0.0010038584711073637 0.0006853216070456119
0.0020616737974283954 0.0013697785389874253
0.0008966499097918628 0.000622219102036985
0.002011662403943139 0.0013066295924963
0.0032467874851718603 0.0022438673630407577
0.004107842372931918 0.00273564178670948
0.003078824643488147 0.002076883433816566
0.0039763813973404324 0.0025685956938383547
0.005286198347289716 0.0036767751269907115
0.005927390689289675 0.004056971318443469
0.0050920982782366965 0.003498442533256125
0.005754937081823656 0.0038785957608191987
0.006935458913684168 0.004844380052572938
0.007429089655942343 0.0051445729944582476
0.0067279329719258365 0.004662503054785002
0.007235726816243689 0.00496266663257385
0.008220218579100004 0.005753493499747011
0.00855846822891515 0.00596254744793606
0.008031816336907801 0.005592818585117719
0.008377672006021178 0.0058018561826155765
0.00903621409218352 0.006323637226040013
0.009229615945423708 0.006443677147858971
0.008892291220292246 0.006201567739088582
0.009088748028559903 0.006321597658951496
0.009439124711552567 0.006595470099607352
0.009554339935888442 0.00666661806031673
0.009365184527314557 0.006532352385471417
0.009481297182599244 0.0066034979055790465
0.009654014106748147 0.006730609901129012
0.009780967820715296 0.006808215005781107
0.00965304654728737 0.006729738954237891
0.00978002167870603 0.0068073484125449404
0.009946772748937975 0.0069217855200749065
0.010145836350876038 0.007042375151740247
0.010016832473032167 0.006982683346576853
0.010214539552251227 0.007103276536976542
0.010474639013445097 0.0072862520282148836
0.010739885923349124 0.007446483706559322
0.010633164129957675 0.007423452788109484
0.010894557757734317 0.007583692200187521
0.0007754843950507604 0.0005282672243404612
0.0015756516368613579 0.001049522073487217
0.0007220011536180757 0.0004971902044440297
0.0015499988662074835 0.001018381091888572
0.0024685600442356254 0.001683065584487587
0.0033151899123936195 0.002151476629788179
0.0023768438741623306 0.0015839250355426584
0.0032474777306392435 0.002052285990080888
0.004432153721936289 0.003068657357136535
0.005089571471871712 0.003451539497901123
0.004311362686173706 0.0029547038966206704
0.004984744835667793 0.0033375575545283543
0.006088396130408035 0.004241801430882607
0.006604130344437645 0.004551372071181164
0.005969597467803427 0.0041364388955654665
0.006494786395275694 0.0044459942933912575
0.0074432543409004345 0.005202722995982545
0.007833523833732469 0.005441730308876895
0.007317210885527239 0.005094482361202869
0.007713867050410476 0.005333477170433322
0.008427180400149321 0.005892982308713936
0.008706281367420781 0.006065038085812911
0.00832360023385729 0.005804793347752012
0.008606064107990063 0.005976841580036704
0.009097663378593641 0.006355832424333657
0.009324987804495612 0.006495638497196805
0.009040049196969184 0.006306624858110013
0.009268794232300728 0.006446430133688705
0.009621058979012834 0.006709721794251243
0.009848956970882632 0.006848863569290827
0.00961913900818769 0.006708024778201494
0.00984709430761909 0.0068471713518857
0.010196744299738394 0.007103876183306795
0.01047648137144806 0.007273806831558982
0.010246866653053781 0.007147133138303771
0.010525286691168015 0.007317070464226871
0.011002149385510102 0.007673764692366478
0.011341716697256771 0.007880810423811689
0.011106365740637447 0.007762545951145946
0.011442855804222869 0.007969600770010504
0.0007059435677704457 0.0004759576529406587
0.001367215265527384 0.000920850272959508
0.0007419622694506563 0.0004961195917408004
0.001386126585025561 0.0009409949392413358
0.0020799810304954905 0.0013956184586065216
0.0028852547244717585 0.0018311452566434048
0.0020556075000235235 0.0013677471211191205
0.0028677201946893274 0.0018032562942855287
0.003935645391959032 0.0027116268064936644
0.00462164881151102 0.0031050062544689017
0.0038852390515215127 0.002663253099909003
0.004578797598374728 0.0030566182211055905
0.005629951293685536 0.0039131801569916545
0.006164581804547179 0.004230863937245086
0.005575343443735616 0.003864341801195383
0.006114752211995472 0.004182017106983274
0.00700120239181941 0.00488414404692606
0.007406392541580663 0.005129918873275366
0.00694591061534593 0.00483626803536431
0.007354149483809886 0.005082036796248718
0.008055726443435923 0.00562705228693758
0.00838661049673363 0.005829610574419202
0.008014973707755745 0.005592252964949475
0.008347479698913541 0.005794810641261848
0.008881566651272663 0.006201482487944605
0.009165072274257186 0.006375120105944042
0.008854500607576261 0.006178330436544326
0.009138851943649806 0.006351968836325985
0.009581185938975079 0.006683142207658676
0.009866298048810278 0.006857100620535219
0.009566718675963672 0.006670666101482682
0.009852254692795182 0.006844625128264968
0.010328853045479364 0.007202400258492624
0.01065241821465737 0.007399493814720874
0.01033402816164184 0.007206834574251931
0.010657442648240657 0.007403929792863132
0.011286705442807207 0.007885010486838914
0.011656236494567151 0.008111810106818773
0.011312017771545727 0.007906414927886171
0.0116807553083072 0.00813321739922088
sig_last 640
-134948.12091942265 5383.0901615395 5383.0901615395 -240671.2886083725
-95136.19244274615 1803.6101494975155 1803.6101494975155 -195034.63622095258
-143378.7415494321 20749.34284713043 20749.34284713043 -245067.6709106832
-101775.19254207934 11814.597231875985 11814.597231875985 -199459.48901974375
-137795.2192896473 2845.8227337182802 2845.8227337182802 -288382.4454652027
-97730.102703689 571.128214845106 571.128214845106 -183629.04968814214
-136736.2982181341 19007.181225527267 19007.181225527267 -277138.91383149044
-96213.37415893639 10154.685705360152 10154.685705360152 -180546.25426462796
-150543.9221751524 1367.605729425706 1367.605729425706 -287099.3744895623
-115785.19776682126 2874.85060934296 2874.85060934296 -219424.12019034827
-131386.8858970789 13477.57379815798 13477.57379815798 -252058.391592053
-95862.37810467352 7290.939473706638 7290.939473706638 -177684.27746449906
-162951.01813116515 9292.852060410587 9292.852060410587 -293391.35429399373
-138338.27490044266 2298.7946217169765 2298.7946217169765 -236363.31676968333
-130946.53391509113 4911.950400984831 4911.950400984831 -233062.29451813074
-109316.84027801779 5415.944265126361 5415.944265126361 -195389.69551578138
-159457.46665131729 3067.577797786158 3067.577797786158 -285646.31569659547
-151395.26213043442 4747.994562046753 4747.994562046753 -256348.02989809256
-131395.18082367888 3607.390263094685 3607.390263094685 -226487.00571790355
-125669.48395709886 5814.906334166033 5814.906334166033 -215865.50198699275
-157253.1807250163 5727.9789882039995 5727.9789882039995 -255915.92882507556
-163984.64673610035 6801.133263760889 6801.133263760889 -296350.9187652009
-134899.81368657347 4279.780048742616 4279.780048742616 -230101.76330911028
-145974.9867632277 7636.439756976017 7636.439756976017 -251504.77390465658
-144039.6039511872 9494.879508817156 9494.879508817156 -259649.42862170807
-165382.25232719534 12758.80136229894 12758.80136229894 -304807.6897627511
-140867.1380261895 5597.959469772914 5597.959469772914 -252708.61219203257
-163119.81131115626 8449.397518861308 8449.397518861308 -296492.17751916475
-125214.64608391642 10335.851356449904 10335.851356449904 -235647.65257050522
-176798.03137212773 19396.20980986113 19396.20980986113 -335995.97298553283
-153794.26323752519 4830.774737335101 4830.774737335101 -271923.37050974055
-201881.91163910797 -4201.876899008534 -4201.876899008534 -388096.21310098696
-112357.70241497929 10556.139421219457 10556.139421219457 -217085.78456424444
-162721.84191091813 -419.2778311839106 -419.2778311839106 -328281.7007593428
-180277.12336477358 -7937.755056239101 -7937.755056239101 -336768.97641459166
-233467.56775664704 -27669.617738619803 -27669.617738619803 -459142.30073569115
-153703.12378370354 3022.831683117456 3022.831683117456 -278991.87942012155
-165469.07352565636 -188.19230651531382 -188.19230651531382 -290620.1458506384
-161958.78955893414 -894.6821542176062 -894.6821542176062 -297406.9771156527
-173545.67309215118 -4235.255082080266 -4235.255082080266 -308953.0989002861
-145371.36985977727 30437.89451401468 30437.89451401468 -235245.62762391786
-99267.9894626449 18748.347414568478 18748.347414568478 -182667.42769142526
-145993.631816155 39086.89400890195 39086.89400890195 -217517.57041218138
-100998.38141217602 25538.22659926597 25538.22659926597 -169038.21937208885
-135622.18722902585 27576.920619396908 27576.920619396908 -253561.2785734127
-111160.61665678519 21592.103078574037 21592.103078574037 -214085.84767184907
-118079.6160401287 27289.94765414137 27289.94765414137 -206683.20772859504
-92782.38598226968 21101.36219746606 21101.36219746606 -169413.53423660225
-149782.54124123475 23066.398526415316 23066.398526415316 -292888.3617075031
-132162.37960421108 20612.461067995326 20612.461067995326 -258784.25777782942
-103537.49352480375 19402.0318735483 19402.0318735483 -196343.3228385725
-90666.22988355046 15764.464701118077 15764.464701118077 -165568.64330797023
-172302.1813176708 20969.464979884026 20969.464979884026 -316948.22424110305
-158376.2730531489 20071.721321306155 20071.721321306155 -276537.0486513112
-103056.62279191319 14748.495080879853 14748.495080879853 -201414.85368663713
-91536.86097489897 12844.25012797871 12844.25012797871 -172373.14934102565
-181960.11087446884 21042.702544752083 21042.702544752083 -327698.44520548795
-167717.51091563038 21476.88265866926 21476.88265866926 -293225.0282033731
-115279.01565471002 12946.466264879797 12946.466264879797 -209676.21953688376
-106007.70424339933 15423.64137388248 15423.64137388248 -190437.76767983398
-179240.10917037248 20428.091809084563 20428.091809084563 -314783.8777569636
-170357.2380907205 26044.396492012213 26044.396492012213 -304234.54348716646
-132587.41209451467 16031.364984419906 16031.364984419906 -226570.7966943674
-127030.44001529354 19014.12792202348 19014.12792202348 -219845.36459273798
-163616.34072937985 22262.494052378934 22262.494052378934 -293412.56593518367
-159282.59720954055 24873.926614184846 24873.926614184846 -290833.46016573993
-143080.62948872862 18136.708464371157 18136.708464371157 -259918.74544078336
-141003.90095452504 19641.250163799836 19641.250163799836 -254869.8017556839
-139080.0327244687 22275.243486702115 22275.243486702115 -258353.51226849496
-132610.74492798257 19219.205370286105 19219.205370286105 -245270.43459362522
-166534.5578078101 25731.28372942305 25731.28372942305 -312032.5971758813
-161635.73880628837 22555.33970627212 22555.33970627212 -303172.7746510733
-102397.92128077081 13187.089395592891 13187.089395592891 -190518.96913912258
-117660.2322305648 7304.652233062585 7304.652233062585 -213785.24359959192
-204423.115199793 14492.341348068308 14492.341348068308 -375832.37050857383
-210985.82758701858 11044.042567945733 11044.042567945733 -392300.0600496065
-75178.70036186387 10076.328547590789 10076.328547590789 -141535.68448869023
-176247.30645418447 -8916.61949026696 -8916.61949026696 -363832.10230664373
-226704.80117457383 -18118.204462408958 -18118.204462408958 -424848.46477716387
-384879.73554574605 -66464.86201931986 -66464.86201931986 -702530.798128247
-146446.49153349714 41895.44132519662 41895.44132519662 -201639.2845391898
-113781.63356179037 32291.96885029917 32291.96885029917 -167052.33012408038
-127312.3877133594 33554.35052266624 33554.35052266624 -154669.13228880163
-92668.26885927719 25107.844541820414 25107.844541820414 -120857.81784166738
-131405.98592840237 36132.54368768217 36132.54368768217 -198340.64833042963
-130236.20491236863 36724.157093437534 36724.157093437534 -191815.18819279247
-94104.67261597382 28053.252228332836 28053.252228332836 -129524.26047043232
-94349.85097445024 27981.305188813378 27981.305188813378 -124817.55503649372
-140307.345056386 39205.34321462517 39205.34321462517 -214970.95729391422
-150678.34697520846 44336.25912297568 44336.25912297568 -213688.6926040931
-87474.09063331084 25817.952189541065 25817.952189541065 -115359.23871895668
-97619.47233022853 31115.916138409295 31115.916138409295 -121838.46871870736
-165854.91703364596 47020.97249382358 47020.97249382358 -245127.87977799017
-177267.48636085275 49595.27050656911 49595.27050656911 -241932.42084360044
-90770.34408843858 29164.579569580215 29164.579569580215 -109647.69106411484
-96478.89259540272 30013.236143911432 30013.236143911432 -112414.89343609445
-201190.16683909902 54245.71085949786 54245.71085949786 -286111.2485746107
-207053.45744234906 56572.305425578474 56572.305425578474 -266298.8122126257
-92693.74688207812 29908.256587483163 29908.256587483163 -106659.13934913001
-94797.20250918328 26674.078334431462 26674.078334431462 -104083.95225132568
-230957.03445710937 65009.43686966565 65009.43686966565 -309149.8508533101
-226325.72254252664 59834.18943161692 59834.18943161692 -302549.8357229201
-85719.17500792297 26348.031579549315 26348.031579549315 -95055.72553281278
-91124.91536975018 26082.159511605532 26082.159511605532 -94991.98972159029
-245593.82389819648 72099.39923131079 72099.39923131079 -335921.9646729429
-238128.39148723433 70477.08556085886 70477.08556085886 -321273.8347082028
-74507.1744239364 20955.410993284604 20955.410993284604 -77978.63757290006
-72472.10146297903 21137.79863066315 21137.79863066315 -74332.97492299497
-262104.6002385811 80266.2988016728 80266.2988016728 -366667.9991649377
-241776.02664644673 52733.93186659649 52733.93186659649 -317944.99079733697
-47491.19164997359 13812.015925576208 13812.015925576208 -49989.19858193996
-56751.989956885016 15135.923601214818 15135.923601214818 -53801.4634641401
-259503.38062749474 67845.51799923848 67845.51799923848 -350712.537371583
-268500.6334705417 54706.75166806829 54706.75166806829 -305261.13588205806
-32585.091972902806 9734.92979146447 9734.92979146447 -33471.12670382527
-34325.249212623305 10059.678868600662 10059.678868600662 -33483.476641526875
-201983.05218509262 55076.28013058222 55076.28013058222 -255323.3109747611
-158279.76842445906 43375.56182197352 43375.56182197352 -206398.85013341618
-20446.579346469764 4348.18259010254 4348.18259010254 -20672.470465323015
-19.811947300182545 9.738540476002022 9.738540476002022 -25.321820924445007
-127873.59431195058 35575.01551810987 35575.01551810987 -140969.45555410907
-114404.48795947607 32035.15757083361 32035.15757083361 -131062.75394122131
-118035.48423371217 32557.605443899272 32557.605443899272 -122449.61771587873
-104094.80357862744 29664.806188782393 29664.806188782393 -112906.4516045366
-114894.36383961471 31858.801166496844 31858.801166496844 -136458.47493021053
-127570.29531329517 35689.010072852296 35689.010072852296 -146140.02813985772
-97438.14628079334 27021.58900192131 27021.58900192131 -108273.85564659281
-110199.16595452928 30536.077833163494 30536.077833163494 -117790.807784405
-122430.73126272776 33469.08248782698 33469.08248782698 -133457.09010233462
-143380.30352879324 40143.674403044024 40143.674403044024 -148947.86937224388
-103863.77475215321 29664.65990259112 29664.65990259112 -107131.80861327413
-124452.66262968912 36087.70912625504 36087.70912625504 -122134.59766169445
-134814.18283216032 38966.268083042385 38966.268083042385 -132003.80707492027
-153788.5344698475 45273.855180487466 45273.855180487466 -143628.57566026298
-117896.53149286873 33469.731559298314 33469.731559298314 -108475.53059528205
-136296.6317373359 39397.50891867399 39397.50891867399 -120140.57468755914
-146721.6662788223 39847.514804134815 39847.514804134815 -126458.10295996974
-165160.98986983788 44950.89070188106 44950.89070188106 -136864.47807100118
-128384.73937257663 33548.17908362327 33548.17908362327 -102475.0559177031
-146044.0866114979 38197.500529140896 38197.500529140896 -112925.02247975237
-155204.52359039345 35210.66164968074 35210.66164968074 -117473.61657047857
-166859.506856545 39202.9898255711 39202.9898255711 -125131.41503095346
-135935.84426688324 29127.632695645923 29127.632695645923 -94754.9373484909
-147115.4781315952 32795.04913033039 32795.04913033039 -102710.10760970962
-152670.93898093465 27141.789342111246 27141.789342111246 -104944.71723413137
-156627.51953683203 29783.242925596118 29783.242925596118 -108683.41746996222
-136673.24226641268 23919.46427560435 23919.46427560435 -88302.56774335772
-140518.9664404883 26416.34286414233 26416.34286414233 -91892.1635035873
-141352.8823895484 21282.993014932305 21282.993014932305 -89200.88658184394
-141400.0604508306 22322.95906949257 22322.95906949257 -90135.99649963478
-133975.4045706184 19765.997141799933 19765.997141799933 -81906.48268768565
-133829.91665928057 20480.74737892289 20480.74737892289 -82808.2091929974
-134265.52787637478 8099.499899535338 8099.499899535338 -82266.05662927529
-112505.48348630086 8414.909867880695 8414.909867880695 -71927.52863459912
-130330.82511250058 13103.189647804704 13103.189647804704 -78484.58341615362
-108898.25167577011 13356.907938099146 13356.907938099146 -68489.83345996554
-104031.56164983421 -12726.257702650408 -12726.257702650408 -105682.96988204643
-41473.364299554356 -3554.44473643871 -3554.44473643871 -63814.6888755701
-99204.1113030408 8029.60707691073 8029.60707691073 -78992.12648081583
-34222.115627891995 6463.13571583351 6463.13571583351 -43767.53671357709
-116522.76608039149 32616.532201874343 32616.532201874343 -114924.39604399777
-116637.30363494201 32951.783356046726 32951.783356046726 -115566.02320025796
-109035.2631202449 31332.461647394506 31332.461647394506 -104648.86528671796
-108565.33601032819 31455.580784926035 31455.580784926035 -104221.32959444879
-110235.43251149279 31637.995383077392 31637.995383077392 -112088.0467636649
-131093.78353909045 38306.14425715854 38306.14425715854 -126937.64077665168
-97437.78441235918 27997.404337088192 27997.404337088192 -95131.96018802199
-117285.0648916513 34529.450203366294 34529.450203366294 -109966.75670648986
-123172.54244060151 34341.84160847598 34341.84160847598 -114905.36911370241
-141723.00607315137 39515.6316595501 39515.6316595501 -125693.10407585451
-109388.57336635547 29581.96187913215 29581.96187913215 -95658.13483706074
-127406.6663041233 33880.5275139226 33880.5275139226 -106410.92473725892
-135836.22580707716 33234.6183779642 33234.6183779642 -109445.89983630185
-151020.9377270289 37220.33085716114 37220.33085716114 -118382.25074464986
-121640.72768190198 28063.126631680596 28063.126631680596 -91276.63479668347
-136512.36203416614 31576.665855639745 31576.665855639745 -100215.37760448358
-141837.49553497197 30055.631385919405 30055.631385919405 -99854.63444137978
-155711.2663459694 32762.992733906132 32762.992733906132 -108083.98160689708
-128111.34879136329 25590.190680270687 25590.190680270687 -85997.54379281521
-141728.40723814798 28282.80765771647 28282.80765771647 -94309.30297711301
-145092.09347750197 23478.038263845243 23478.038263845243 -91015.45812103704
-151195.51708570134 25545.988455039158 25545.988455039158 -95255.21525345177
-135041.34310369307 20758.87249913409 20758.87249913409 -82116.53982785901
-140695.04366000407 22457.287231479386 22457.287231479386 -86300.6771463659
-143756.01693583044 16194.024755273458 16194.024755273458 -83416.17158168055
-140704.13962341944 17125.246998389106 17125.246998389106 -82795.75631809206
-137261.13760373203 15885.916068578412 15885.916068578412 -78426.99231538831
-134299.83950608474 16774.049074457416 16774.049074457416 -77849.18827696513
-135922.89988129135 8599.446453698074 8599.446453698074 -74934.11748644296
-125992.68096023057 8889.339182198823 8889.339182198823 -70359.15533220697
-132815.34879611034 10080.204665501977 10080.204665501977 -73298.65316129428
-122918.75167464443 10397.830295478921 10397.830295478921 -68754.77234882826
-120632.00434937455 -2857.6864142023105 -2857.6864142023105 -69326.2407929915
-95685.6382835679 -3043.704006356309 -3043.704006356309 -55973.945959018005
-122603.26301839571 3305.323847879916 3305.323847879916 -70673.81645639705
-97414.4241605374 2396.8117070767516 2396.8117070767516 -57463.09068256078
-90582.68801572315 -13176.588572098282 -13176.588572098282 -70728.31266760737
-42438.34309576874 -7791.15194433809 -7791.15194433809 -45510.66069014588
-94750.47632221846 -16.465907255101506 -16.465907255101506 -70959.63007262074
-39252.489450844485 -409.7459727848184 -409.7459727848184 -46857.76932406784
-107614.99651107017 31516.573980290726 31516.573980290726 -100995.18696090709
-121028.14077581142 34560.7656189353 34560.7656189353 -110143.49290313087
-100263.390279864 29638.249481196457 29638.249481196457 -91443.2512851961
-112923.0984029751 33286.92973309232 33286.92973309232 -99617.87856429168
-108046.0038903354 30797.632580082492 30797.632580082492 -100146.32198806928
-127674.21593882152 36210.70524401142 36210.70524401142 -112251.78004277656
-97249.59206932197 27067.968316596263 27067.968316596263 -87084.06969326167
-116872.59014959948 31624.604754126955 31624.604754126955 -98616.65182694973
-120994.97950612487 29020.56683900166 29020.56683900166 -95327.81357526638
-136748.39939126384 31972.53861952327 31972.53861952327 -104160.68667041256
-112200.71941361476 25600.715479664846 25600.715479664846 -84293.08605785103
-127633.52517914891 28505.422932322836 28505.422932322836 -93040.65241679185
-130000.69266325093 26348.24693874588 26348.24693874588 -89485.0851613068
-143090.76657360647 28701.88253702547 28701.88253702547 -97218.47298668159
-121957.18057825802 23313.227494535862 23313.227494535862 -80747.8280362583
-134570.16397787211 25510.27787854377 25510.27787854377 -88349.63514273004
-135464.818346237 21746.922166516062 21746.922166516062 -83716.82127792774
-143523.66832080428 23104.944175761604 23104.944175761604 -88540.00597425373
-128545.14444467003 19651.008467643944 19651.008467643944 -77634.0802340792
-136686.0837744357 20895.54420197289 20895.54420197289 -82275.8297351843
-137662.88988057314 15631.012416462418 15631.012416462418 -77943.2983603098
-139370.68516978447 16423.027136908244 16423.027136908244 -79216.65377404222
-133045.32673581806 14759.71497652867 14759.71497652867 -74645.97225884961
-134796.10534041212 15511.830776023111 15511.830776023111 -75908.98515261628
-135838.3439612937 8241.949736499166 8241.949736499166 -72791.13290825131
-129946.64450875626 8610.931490699857 8610.931490699857 -70091.32212856444
-133166.37359727907 9072.585011062401 9072.585011062401 -71144.02948994997
-127262.9341005926 9398.515689130396 9398.515689130396 -68480.9468679243
-127039.58857141703 5.939779567844743 5.939779567844743 -68166.29468936614
-112969.36796696183 -108.01491600044523 -108.01491600044523 -61397.925579752504
-126777.4065400985 2557.7885834274753 2557.7885834274753 -67960.83372223514
-112829.83503729932 2420.9058700351043 2420.9058700351043 -61056.71689912209
-113671.80863863812 -7658.567559428421 -7658.567559428421 -67269.38529876748
-87555.5190352442 -7369.2948261435395 -7369.2948261435395 -53608.511994291475
-115757.80673705328 -2641.919496961853 -2641.919496961853 -67624.87446012734
-89981.804744312 -2940.4532118337165 -2940.4532118337165 -53618.87135544476
-89825.99950927736 -10907.486787321446 -10907.486787321446 -70448.46901956541
-54179.62863072015 -8413.394743006105 -8413.394743006105 -54619.85039862084
-89889.71632859566 -1169.2062672688135 -1169.2062672688135 -66551.32771384726
-52012.99836014668 -404.0520580109544 -404.0520580109544 -50627.8608308479
-97732.91839236878 29211.91400973262 29211.91400973262 -86911.44907299947
-117725.61275259648 35509.71471573347 35509.71471573347 -99936.14948238319
-90494.38408795923 26916.92902917253 26916.92902917253 -79393.1696459988
-109287.60246061975 33214.66403032141 33214.66403032141 -93437.88294130826
-104531.59901612093 26369.065792387235 26369.065792387235 -86174.32312821629
-122052.80832836949 29946.81331218458 29946.81331218458 -96078.57362233271
-98197.32443052738 23871.17085188639 23871.17085188639 -78225.91837798736
-115427.26680368574 26947.698214595086 26947.698214595086 -88075.45744364349
-117243.83639626837 24196.870996415044 24196.870996415044 -82706.86939813876
-130838.99363620009 26368.009399072806 26368.009399072806 -90177.93793965949
-111850.44935064015 21884.409079512872 21884.409079512872 -76248.36945092017
-125444.79031983163 23900.823948535177 23900.823948535177 -83663.52877962468
-125604.15221531132 20700.81240415894 20700.81240415894 -78401.60128230328
-135021.3585261326 21987.409763572556 21987.409763572556 -84043.5675908595
-120931.21696529325 18857.535070247723 18857.535070247723 -73851.80439918998
-130206.07690208557 20011.998404487604 20011.998404487604 -79274.29197207747
-129056.88473569555 15618.931890429354 15618.931890429354 -73861.07786189417
-134467.03751007246 16287.097032788752 16287.097032788752 -76719.92226489843
-126214.32941404109 14566.950854895938 14566.950854895938 -71434.36505604711
-131621.8384302438 15251.59156586814 15251.59156586814 -74324.11002856016
-130365.19135011929 9672.698149959817 9672.698149959817 -69625.20602920788
-129936.38168398291 9855.2362637478 9855.2362637478 -69479.44894669081
-129158.32757841154 9685.044256658288 9685.044256658288 -68858.00230864828
-128781.94520642523 9874.960711082735 9874.960711082735 -68710.94414064423
-127443.67404354872 2529.1614111724357 2529.1614111724357 -66517.63398516142
-120300.58808160243 2470.569361782155 2470.569361782155 -63067.000328091155
-127109.71007332743 3698.5855123441443 3698.5855123441443 -66344.59150980433
-119931.82062640243 3622.4911990680475 3622.4911990680475 -62957.8537364357
-119556.85976174311 -4220.390943749219 -4220.390943749219 -64999.36194519137
-104653.44142755069 -4256.74240189284 -4256.74240189284 -57722.767636631455
-120516.3925918804 -1684.276839571682 -1684.276839571682 -65069.0293628039
-105462.04108654823 -1959.7167275899124 -1959.7167275899124 -57500.93106387064
-109900.9854358522 -8850.227699238203 -8850.227699238203 -66222.93086637396
-87685.75902506936 -8355.516990094324 -8355.516990094324 -54666.59677840611
-110796.37051799402 -4784.717251353799 -4784.717251353799 -65085.2837336692
-88490.47785313215 -4675.653716555175 -4675.653716555175 -53339.22419847626
-90991.3058374692 -8772.146444407033 -8772.146444407033 -67197.92270056285
-64928.12906553579 -7957.280319385383 -7957.280319385383 -55424.10625067359
-90452.64860981729 -1717.5058289780247 -1717.5058289780247 -64272.05058885926
-64244.77882757525 -1152.5472463375145 -1152.5472463375145 -52163.16011719972
-87229.82054405905 25407.42948654057 25407.42948654057 -75898.95280448558
-108303.88472236333 32619.330588077173 32619.330588077173 -92830.24659748396
-81573.36912619154 23172.30659542718 23172.30659542718 -71647.76898341591
-103031.77456800257 29993.114097611797 29993.114097611797 -88118.12828895789
-101264.12508697373 22791.417300758305 22791.417300758305 -76827.85444852262
-117255.30819855278 25302.32741751022 25302.32741751022 -85536.19614718786
-97838.54295633758 20968.639275468777 20968.639275468777 -71804.1527279876
-113184.7141153127 23453.36058216756 23453.36058216756 -80681.5749368452
-113622.02105763755 20255.62243781028 20255.62243781028 -74241.28081370464
-124863.36131661135 21674.109881432756 21674.109881432756 -80323.65649140209
-110612.85507736349 18631.598303297556 18631.598303297556 -70666.78636713461
-121822.98126580776 19930.513027014502 19930.513027014502 -76652.4602247771
-119876.31263709013 15915.245854536595 15915.245854536595 -70681.20580442874
-127239.51909470098 16522.170747495395 16522.170747495395 -74726.28868023856
-118276.59920661045 14857.001494902584 14857.001494902584 -68966.01488657053
-125847.77750800998 15478.690422711541 15478.690422711541 -72923.75801381715
-123137.61104971493 10997.21465612642 10997.21465612642 -67287.76431428698
-126525.95997714081 11133.521871762805 11133.521871762805 -68871.07492649475
-123028.3176747712 10619.154359321808 10619.154359321808 -67034.50084906703
-126471.39713117562 10747.810903060397 10747.810903060397 -68611.18983333967
-123443.31287216202 5130.369587123941 5130.369587123941 -64403.35251348683
-121811.9006157841 4981.120930552718 4981.120930552718 -63637.490361846496
-124138.36423471905 5513.822035305255 5513.822035305255 -64934.49845739147
-122491.70190793982 5341.8703076096535 5341.8703076096535 -64132.060055386224
-120174.82432745895 -709.9415973068428 -709.9415973068428 -62796.160517393386
-112736.81837462782 -1045.3299985712802 -1045.3299985712802 -59340.71884774137
-121441.81082543964 371.3044874078636 371.3044874078636 -63458.990497279345
-114048.15597753096 63.28070348251305 63.28070348251305 -59991.34631311591
-114065.85355104953 -5886.343924566167 -5886.343924566167 -63075.04278941736
-100556.16319475445 -5891.070651277381 -5891.070651277381 -56466.223810264215
-115007.78369937542 -3894.0607460009396 -3894.0607460009396 -63003.31719336853
-101709.78037588361 -3980.8869537002274 -3980.8869537002274 -56432.94404403793
-107311.33708862856 -8667.327315154365 -8667.327315154365 -64676.71950813264
-89377.05135159826 -8163.5799417767685 -8163.5799417767685 -55341.40129268671
-107560.98655505932 -5407.670251679038 -5407.670251679038 -63335.515577792525
-89555.40367513214 -5198.649075521364 -5198.649075521364 -53901.60625926313
-94346.66352784117 -7228.428530720126 -7228.428530720126 -65918.02375932212
-76007.97192958987 -6579.458268513295 -6579.458268513295 -56904.886568182934
-92681.78508978499 -2060.2604253533327 -2060.2604253533327 -62572.66262126004
-74483.75098266487 -1375.871452092409 -1375.871452092409 -53383.8687579469
-78473.25875523964 21828.261550974683 21828.261550974683 -69139.83205951954
-101403.24530013949 27903.54265292447 27903.54265292447 -85416.39491116774
-74123.53545072951 20321.848098195536 20321.848098195536 -66139.30503247655
-97938.84767868952 25436.82501619085 25436.82501619085 -81435.11222537947
-97954.7638070944 19898.808170339216 19898.808170339216 -69923.7951894784
-111884.35341083731 21908.795250921976 21908.795250921976 -77891.27910526919
-96365.83115789482 18570.556258338354 18570.556258338354 -67549.79406783456
-110580.6146568963 20477.063377335387 20477.063377335387 -75561.63044053895
-108859.79856134103 16739.373552084377 16739.373552084377 -68336.07965363355
-118091.57030628085 17394.22365372035 17394.22365372035 -72780.941600502
-108799.03198322274 15738.929514680942 15738.929514680942 -67364.49595319101
-117802.99537465925 16331.654937258914 16331.654937258914 -71740.95979562138
-114192.59693129835 12410.285464356175 12410.285464356175 -65419.41400108925
-120406.07342372586 12563.120146852765 12563.120146852765 -68356.21116581214
-115240.82938846324 11833.336047544097 11833.336047544097 -65635.35331510555
-121466.11291357334 11936.765604172819 11936.765604172819 -68561.17557615247
-117134.79345537987 7351.885120739889 7351.885120739889 -63043.24470136012
-119476.95796009865 7173.685475758361 7173.685475758361 -64077.860353413445
-118735.2047211603 7262.360233984766 7262.360233984766 -64016.5809120928
-121067.57391894533 7087.037498205895 7087.037498205895 -65097.093715883464
-117256.5963931663 2213.9326966583667 2213.9326966583667 -61327.46132218113
-115502.39441809252 1870.4262446575174 1870.4262446575174 -60451.67473106412
-119103.10682390675 2585.155683065161 2585.155683065161 -62488.10311990974
-117360.21638335254 2206.9558501425936 2206.9558501425936 -61589.96804093823
-114193.3865600089 -2703.93196124246 -2703.93196124246 -60620.79922274221
-107613.76374693871 -3034.6183426695006 -3034.6183426695006 -57576.2795687317
-115976.21030191916 -1728.2057691373261 -1728.2057691373261 -61619.82619701397
-109339.98125313662 -2108.776115339271 -2108.776115339271 -58541.981697551506
-109993.70366650152 -6232.674222732994 -6232.674222732994 -61537.536273639314
-98699.31548471213 -6327.992824237302 -6327.992824237302 -55901.94182836999
-111353.6415495654 -4700.787423280726 -4700.787423280726 -61801.4699713928
-100167.83152366434 -4866.661576484443 -4866.661576484443 -56200.93295236727
-105744.96272097883 -7725.312207506029 -7725.312207506029 -63187.68078727366
-92310.23573392954 -7386.933324837257 -7386.933324837257 -56189.01076127501
-105491.88395225898 -5290.344221044785 -5290.344221044785 -61956.45491976304
-92165.68672803948 -5101.426304978613 -5101.426304978613 -54843.25296287897
-97807.30060239922 -5699.7132944896675 -5699.7132944896675 -64572.74828502491
-85977.09919463375 -4953.349493343401 -4953.349493343401 -58164.884706656354
-95411.81448505967 -2222.1508898086386 -2222.1508898086386 -61097.090178313265
-83507.24599926612 -1505.0105741708146 -1505.0105741708146 -54780.21919968843
-71853.10893954746 19334.215147809286 19334.215147809286 -64461.56377105767
-95434.24255435672 23820.997840429678 23820.997840429678 -78526.72229492606
-70219.25519912655 18688.09614285131 18688.09614285131 -62986.6618796935
-94723.60584824589 22658.389930420795 22658.389930420795 -76780.14317640068
-94384.74160942115 17399.023477650473 17399.023477650473 -65375.88031882302
-106261.73380901701 18820.08453913485 18820.08453913485 -71951.8574227953
-94868.33775091426 16797.99262970691 16797.99262970691 -64889.50638908111
-107119.51773900728 17818.426680281547 17818.426680281547 -71459.86069314714
-104251.15272611377 13862.22161813239 13862.22161813239 -63785.99804490655
-112044.60254965935 14170.27949749743 14170.27949749743 -67555.06871931252
-105367.44039355686 13098.316187427812 13098.316187427812 -64093.17861980657
-113142.37684652512 13450.924524196209 13450.924524196209 -68064.70557727975
-109481.49807214306 9534.99277249258 9534.99277249258 -61745.90836668601
-114519.3262144621 9383.523243964104 9383.523243964104 -64022.4610756703
-111366.35266362617 9085.717895589274 9085.717895589274 -62868.10275037167
-116485.50461940482 8911.708329322351 8911.708329322351 -65118.295432999184
-111488.10558926167 4981.439800778826 4981.439800778826 -59917.938375973754
-113771.7481845713 4545.722087170818 4545.722087170818 -60989.5660337128
-113955.97604369097 4806.5481588736 4806.5481588736 -61574.053803653944
-116270.21750527687 4350.338901925361 4350.338901925361 -62626.230530778936
-111732.18988087689 340.46339623373717 340.46339623373717 -59123.82602141065
-110442.4427945662 -78.16284632090242 -78.16284632090242 -58523.779151809984
-114096.67567778488 507.955711154524 507.955711154524 -60723.87536780044
-112797.60842226021 75.6939830764333 75.6939830764333 -60136.30523071626
-109497.16303918067 -3643.0524107114925 -3643.0524107114925 -59281.56778999925
-104260.25777459005 -3940.0433679824428 -3940.0433679824428 -56743.10987866705
-111662.62800816065 -2965.3967918004505 -2965.3967918004505 -60483.56487631118
-106341.05744585107 -3289.4646618920306 -3289.4646618920306 -57921.181887314706
-107190.40075766554 -6029.552844662381 -6029.552844662381 -60337.74485504409
-98581.00215062498 -6157.611972525287 -6157.611972525287 -55982.52515926923
-108555.06278470621 -4884.303697312387 -4884.303697312387 -60686.61435955176
-99826.41306759615 -5003.428071758103 -5003.428071758103 -56378.971074798596
-105025.03886680478 -6573.052287254278 -6573.052287254278 -61881.425844966914
-95981.43849938593 -6313.05799930789 -6313.05799930789 -57019.91918532374
-104199.00692063094 -4830.50528722082 -4830.50528722082 -60645.403345931045
-95161.85752777557 -4604.134166027481 -4604.134166027481 -55860.012976280006
-101101.68815159066 -4205.857072232595 -4205.857072232595 -63159.54023018968
-94126.02098238828 -3329.2191085941918 -3329.2191085941918 -59375.26573665899
-98262.2462447794 -2247.288687162331 -2247.288687162331 -59861.11567022041
-91230.06527418594 -1403.8254931976603 -1403.8254931976603 -56244.00938869532
-68614.38903500905 17579.48942169638 17579.48942169638 -61359.67069502686
-90768.20013807829 20911.153560162886 20911.153560162886 -73630.48643215947
-68414.39581562633 16871.989407724413 16871.989407724413 -60714.34360918236
-90830.83328744276 19898.406532554665 19898.406532554665 -72978.51965494177
-90192.56263648793 15470.794611394806 15470.794611394806 -61753.92227407603
-101330.32662296998 16086.565566168369 16086.565566168369 -67576.08269767473
-91918.66727430481 14608.898411437347 14608.898411437347 -62662.27568981071
-103354.17498587596 15120.039498595655 15120.039498595655 -68509.38070669342
-98842.907571893 11473.636322403667 11473.636322403667 -60533.86597432939
-106654.84688093436 11694.258658635139 11694.258658635139 -64201.31909813058
-100941.83988373187 10831.53903606831 10831.53903606831 -61805.54177162255
-108778.21076948727 10981.324555921152 10981.324555921152 -65563.55835266593
-104710.77947617222 7341.166535159397 7341.166535159397 -59222.47306081679
-109228.59070184342 7108.075005587609 7108.075005587609 -61419.087720914344
-106990.28854449186 6940.212645175503 6940.212645175503 -60814.82481941018
-111578.63012229887 6683.112041817839 6683.112041817839 -62962.22667823187
-106882.38414146347 3203.8183269491556 3203.8183269491556 -58119.76718902514
-109057.16442558341 2729.2906068250218 2729.2906068250218 -59147.84717968111
-109388.64602843719 3004.6164642654976 3004.6164642654976 -59950.26054685939
-111552.7596571761 2495.3511263774376 2495.3511263774376 -60930.64901831407
-106865.99175844359 -757.1093831263001 -757.1093831263001 -57668.70326537466
-106307.7423942568 -1265.211962016128 -1265.211962016128 -57443.303547425494
-109702.33780126848 -716.0886844387637 -716.0886844387637 -59564.687593744275
-109076.65527638362 -1247.7656988470228 -1247.7656988470228 -59247.893050117746
-105998.0381491636 -3811.6105502582923 -3811.6105502582923 -58213.053894714685
-102317.01437800695 -4236.251001664371 -4236.251001664371 -56479.122566863654
-108302.28407544819 -3427.100475410531 -3427.100475410531 -59619.9924698646
-104666.14097439015 -3875.9991288097262 -3875.9991288097262 -57865.94233949128
-105231.70117095794 -5463.873204053155 -5463.873204053155 -59367.04457138971
-99562.31013872214 -5600.5704332410805 -5600.5704332410805 -56638.95249992412
-106201.86691097148 -4639.629753586869 -4639.629753586869 -59726.150745676576
-100529.42167327259 -4782.134937545237 -4782.134937545237 -57087.46610931975
-104862.81331673231 -5287.521725561364 -5287.521725561364 -60947.4959002222
-99731.17312354602 -4967.411678367105 -4967.411678367105 -58089.99626118788
-103535.01443221241 -4202.815363405158 -4202.815363405158 -59713.46081414931
-98445.59771974733 -3875.122282339242 -3875.122282339242 -56878.052609356964
-103983.93968872314 -2992.341484206804 -2992.341484206804 -62134.65530088654
-100909.11292012474 -2016.7654413432429 -2016.7654413432429 -60268.64155828026
-100479.48294949114 -2098.2320092967193 -2098.2320092967193 -59060.19795322226
-97251.19074431965 -1059.3757354756217 -1059.3757354756217 -57287.35171835546
-67027.12971357418 15981.98747525338 15981.98747525338 -59757.52028834078
-85798.44743395127 18617.966147180734 18617.966147180734 -69934.12177314569
-66965.8714778373 14994.351760139529 14994.351760139529 -60042.25665089842
-86372.71136626566 17461.15512020455 17461.15512020455 -70234.93257365299
-86137.21463963707 13366.146944140068 13366.146944140068 -59570.127762429714
-96505.69515945832 13766.543892534517 13766.543892534517 -64809.87994263015
-88271.86475276844 12508.531691302629 12508.531691302629 -61015.10175855988
-98933.172981131 12676.737918162593 12676.737918162593 -66272.29898333355
-94177.56233317473 9624.996902561437 9624.996902561437 -58321.3824882842
-101817.56451682709 9604.280883570038 9604.280883570038 -62185.080808594634
-97034.7605336637 8981.045141949384 8981.045141949384 -60186.78515960604
-104709.90369727682 8820.535358655663 8820.535358655663 -64064.215335994886
-99896.63631020537 5776.245166714177 5776.245166714177 -57675.73633624941
-104744.9008596215 5457.150507643224 5457.150507643224 -59783.4931290412
-102555.16614704973 5299.724310117915 5299.724310117915 -59570.41324820824
-107217.30339583287 4884.529818507622 4884.529818507622 -61805.59858470876
-102511.72688268186 1931.8548675167226 1931.8548675167226 -56961.60622906933
-104785.48518155908 1468.1994492994013 1468.1994492994013 -58035.10629515889
-104991.19235666537 1673.2058121894067 1673.2058121894067 -58807.363427051125
-107278.1516918645 1186.0618939897504 1186.0618939897504 -59875.40001445979
-103453.67712294286 -1337.0444339549817 -1337.0444339549817 -56830.82342937211
-103435.90991260028 -1846.5523695991849 -1846.5523695991849 -56907.94413341921
-105887.70014537888 -1375.1772160322025 -1375.1772160322025 -58577.30659330424
-105872.23305391881 -1942.9150645838522 -1942.9150645838522 -58641.40257398307
-103479.58861234954 -3610.791164324153 -3610.791164324153 -57448.253011219356
-101643.66891550731 -3967.1114113025774 -3967.1114113025774 -56631.79189063087
-105539.5525920553 -3458.344818179263 -3458.344818179263 -58785.57790996252
-103681.49767202773 -3836.3598682568763 -3836.3598682568763 -57954.19208971988
-103855.49209490968 -4525.788891410666 -4525.788891410666 -58677.72770013194
-101247.9635140221 -4634.121173043066 -4634.121173043066 -57498.529066444906
-104532.32742133556 -4179.40300962067 -4179.40300962067 -59084.913304589725
-101982.22491335744 -4259.436246505508 -4259.436246505508 -57895.92497624439
-104869.83787817447 -3974.2048865729657 -3974.2048865729657 -60232.44080132555
-103225.76002782422 -3623.7696300054263 -3623.7696300054263 -59213.74193183945
-103330.11469118773 -3564.979585062999 -3564.979585062999 -59086.14308713046
-101667.26637693266 -3231.9168646595836 -3231.9168646595836 -58125.89288178553
-106062.04615573898 -2009.2899279924359 -2009.2899279924359 -61366.98451189222
-105793.09284593837 -1020.0739328310378 -1020.0739328310378 -61156.90897418315
-102483.80776175545 -1787.5247668318661 -1787.5247668318661 -58649.7938905081
-102200.26235904261 -908.264501635111 -908.264501635111 -58454.0827128296
-65301.01928838637 13908.053714928534 13908.053714928534 -59649.31716461365
-81299.26039751686 15777.331746869106 15777.331746869106 -67796.93252386467
-65387.21019264348 12578.77420776214 12578.77420776214 -60368.75074026335
-82189.72420137087 14016.49751472854 14016.49751472854 -68475.68572223435
-82281.25789619038 11483.088981455609 11483.088981455609 -58332.41900606763
-92123.13083141074 11557.157756211698 11557.157756211698 -63163.81698426626
-84558.86721834441 10434.767457143877 10434.767457143877 -60118.580547644255
-94703.43393778875 10366.55900514872 10366.55900514872 -64899.06630763392
-90376.26809289969 8094.020242507414 8094.020242507414 -56996.45412870323
-97747.90638821371 7881.545598885787 7881.545598885787 -60599.36444699706
-93175.05880352177 7210.55225515762 7210.55225515762 -58920.78552640556
-100676.54496818615 6834.68461795807 6834.68461795807 -62582.40946475649
-95457.97614606144 4621.370763776733 4621.370763776733 -56144.03847919167
-100642.59876604566 4157.351905445804 4157.351905445804 -58687.647014677044
-98371.04785523044 3914.8912343733473 3914.8912343733473 -58181.828805189776
-103531.14194664787 3354.165570785721 3354.165570785721 -60763.73611092761
-98499.77934798492 1277.619182555995 1277.619182555995 -56076.86230556057
-101485.38693286899 762.3128038051061 762.3128038051061 -57536.113067689424
-101029.48574481004 784.1493698913416 784.1493698913416 -57885.74921518651
-103945.96347526262 222.03601898102005 222.03601898102005 -59363.67579608919
-100598.62123669394 -1409.2932999643938 -1409.2932999643938 -56414.92132783873
-101580.6836014782 -1853.4726192404296 -1853.4726192404296 -56950.39699477843
-102535.1345170119 -1642.0221895508946 -1642.0221895508946 -57998.77772070304
-103504.39371382585 -2113.9939408605733 -2113.9939408605733 -58523.89832157558
-101905.74128374165 -3094.7103326916376 -3094.7103326916376 -57262.39928873682
-101758.80358252264 -3334.825361315723 -3334.825361315723 -57238.18487092152
-103174.20477654545 -3122.359350445966 -3122.359350445966 -58305.49166074701
-103024.9105259921 -3374.959518181617 -3374.959518181617 -58267.947480758085
-103176.693875077 -3491.344806455023 -3491.344806455023 -58421.84149463413
-103103.58481474801 -3537.181622500495 -3537.181622500495 -58385.40640559815
-103409.00322142406 -3496.4354803834285 -3496.4354803834285 -58579.79621502169
-103343.26797384956 -3539.2358833292997 -3539.2358833292997 -58542.680618387574
-104930.21081947212 -2769.649879590908 -2769.649879590908 -59648.7388137092
-105797.68123578597 -2518.0910375464487 -2518.0910375464487 -60090.513710204934
-103754.70669806834 -2877.829833452669 -2877.829833452669 -58750.244445410695
-104633.20976170762 -2630.098304088607 -2630.098304088607 -59163.81682460932
-107058.72437630285 -1216.8144969950908 -1216.8144969950908 -60568.56722790145
-108929.86027386622 -496.0073034292501 -496.0073034292501 -61378.120152657786
-104685.19393905587 -1487.8131774523472 -1487.8131774523472 -58627.16820426888
-106442.56033162907 -815.8559935248691 -815.8559935248691 -59456.90998558315
-64555.318815876846 11457.105826612304 11457.105826612304 -60453.938919630586
-77441.86388792683 12195.892687130068 12195.892687130068 -66350.1268940462
-65278.55867339231 9839.163338560382 9839.163338560382 -61653.89935464913
-79116.17377845901 10175.323964647065 10175.323964647065 -67258.93570700989
-78924.9051405678 9257.76145975764 9257.76145975764 -57966.66622889872
-88572.6453327046 9133.223933827587 9133.223933827587 -62389.91323994137
-81277.95072483229 7962.352564923955 7962.352564923955 -59731.34120947079
-90871.05346463178 7626.72906800176 7626.72906800176 -64265.59563655448
-87305.84833922358 6493.028206661775 6493.028206661775 -56404.11495528089
-94425.47530428102 6153.77412952266 6153.77412952266 -59830.06708657235
-89608.70446891733 5332.485620381749 5332.485620381749 -58092.33137322257
-96725.96958711682 4806.970938374678 4806.970938374678 -61709.86928749521
-92215.90400130668 3622.0822708128053 3622.0822708128053 -55428.270067527345
-97639.85733915157 3189.89390111913 3189.89390111913 -58120.172129981605
-94543.471135198 2635.6596315688066 2635.6596315688066 -56947.60893434068
-100108.44054596988 2054.4947283788315 2054.4947283788315 -59814.26339628956
-95433.31219539829 1014.7461554873014 1014.7461554873014 -55257.01447184401
-99199.02415170912 553.3723795611577 553.3723795611577 -57235.05664906882
-97474.45613351466 283.642821982647 283.642821982647 -56695.12798463773
-101366.04480313865 -265.9354231367074 -265.9354231367074 -58714.19781293817
-98218.24941003665 -1031.759181018188 -1031.759181018188 -55891.19195791221
-100469.64211009388 -1399.1793387984017 -1399.1793387984017 -57109.32440054294
-99827.97779562714 -1526.9093957583214 -1526.9093957583214 -57070.29075734694
-102086.32113418626 -1893.2925545394205 -1893.2925545394205 -58338.821565941325
-100517.57937652206 -2220.9549838405883 -2220.9549838405883 -57047.0899517416
-101916.1031563767 -2410.7737215469406 -2410.7737215469406 -57843.944509829635
-101407.50564566211 -2537.4079704413853 -2537.4079704413853 -57704.06375161687
-102820.0088289236 -2735.944306801354 -2735.944306801354 -58477.862973996795
-102805.14544998131 -2475.835404341927 -2475.835404341927 -58216.42637858622
-104403.08676148842 -2466.673389734072 -2466.673389734072 -58994.96406865988
-102799.95912114414 -2768.1363182305186 -2768.1363182305186 -58224.64632117756
-104387.0825905163 -2757.8706209976135 -2757.8706209976135 -59017.55531628845
-105284.41256351296 -1801.1218511563604 -1801.1218511563604 -59129.09904209569
-107716.59012966517 -1597.8415470810746 -1597.8415470810746 -60197.705855149135
-104528.03256185254 -2236.269330279311 -2236.269330279311 -58550.98236008929
-106934.69952928358 -2039.2792103981317 -2039.2792103981317 -59614.07724284217
-107987.84344471221 -580.8167169453127 -580.8167169453127 -59766.69210438289
-111216.23125567262 -97.54243248282347 -97.54243248282347 -61404.74259278559
-106181.35042947765 -1158.9645075051712 -1158.9645075051712 -58533.07148242866
-109429.86743204016 -717.0032306617594 -717.0032306617594 -60057.602017686244
-64525.43910515965 8270.764393631898 8270.764393631898 -62146.64377502086
-75511.74435980742 8366.208974851943 8366.208974851943 -66174.44162632544
-65001.52247136387 5907.453012870523 5907.453012870523 -63353.472187453146
-76408.42823425213 5757.05326473205 5757.05326473205 -67449.63662610874
-77031.63156478481 6852.482048609627 6852.482048609627 -58438.51832038569
-86241.0821094714 6546.4599834469145 6546.4599834469145 -62699.76025277697
-78456.9350976071 4634.54098413641 4634.54098413641 -59831.08427206466
-87864.87155332816 4160.730495793923 4160.730495793923 -64181.17457155243
-84759.86446686853 4660.505097777577 4660.505097777577 -56235.494809007476
-92104.02660618843 4349.258254014571 4349.258254014571 -59919.32313819693
-86377.47439120203 2857.6097845168406 2857.6097845168406 -57492.92281684622
-93749.3405847373 2425.8535362175908 2425.8535362175908 -61318.412913237386
-90034.98298799299 2583.1691981039594 2583.1691981039594 -55179.62708127689
-95852.21979614734 2305.3065659800463 2305.3065659800463 -58059.62346951805
-91354.68778332179 1150.4777165481646 1150.4777165481646 -56251.08927933755
-97188.72042624484 825.2530580943408 825.2530580943408 -59302.80020474824
-93599.81085593712 904.4807359896411 904.4807359896411 -54950.46036214956
-97919.60244872319 613.3576160781092 613.3576160781092 -57272.42748643987
-95047.33388524629 -123.15579550973328 -123.15579550973328 -55984.94550843724
-99340.18419476322 -496.5704318916501 -496.5704318916501 -58384.22888948648
-96639.17024898814 -386.9790491463375 -386.9790491463375 -55603.422585150416
-99812.54486774138 -646.0710035521688 -646.0710035521688 -57318.51438459634
-97826.20726282414 -1142.4215228375351 -1142.4215228375351 -56411.690616036736
-101021.62246266316 -1430.4831818270468 -1430.4831818270468 -58176.19956117412
-99538.54099071644 -1203.8437186439894 -1203.8437186439894 -56686.74842210245
-102149.95237061508 -1335.6333269735092 -1335.6333269735092 -58102.46070487795
-100222.11817521512 -1757.7485221183417 -1757.7485221183417 -57158.80639296409
-102845.13906020907 -1905.3965986936016 -1905.3965986936016 -58589.65765988588
-102427.33930750396 -1351.8778847477652 -1351.8778847477652 -57879.87967890785
-105250.19376959695 -1337.7723706979891 -1337.7723706979891 -59188.959784084866
-102454.25685496742 -1913.1483096025102 -1913.1483096025102 -57968.594723345224
-105285.41998236804 -1900.8640358042353 -1900.8640358042353 -59299.28455001292
-105691.02813936434 -909.1562777464449 -909.1562777464449 -58802.227339617384
-109103.05037568208 -693.2023091075489 -693.2023091075489 -60486.598948144216
-105123.43316571543 -1561.927204089976 -1561.927204089976 -58434.716683712635
-108504.71286173328 -1375.8769441360369 -1375.8769441360369 -60088.972844537784
-108496.63330506759 -146.35473761322146 -146.35473761322146 -59372.21923687567
-112678.98993175718 200.7272632265603 200.7272632265603 -61443.73739955403
-107240.13597957238 -855.7174471709845 -855.7174471709845 -58534.61216371858
-111388.08605448053 -528.3610865911162 -528.3610865911162 -60600.66291297978
-64609.61713379359 3935.150218406984 3935.150218406984 -63662.206126162986
-74579.56419198442 3967.922594911608 3967.922594911608 -67160.16888916025
-64635.91840152461 778.9255500083403 778.9255500083403 -63765.58719631527
-74715.18967338584 762.5137826529105 762.5137826529105 -67264.47349870071
-76360.5160580845 3391.6727592633624 3391.6727592633624 -59273.949872774436
-85074.8855308293 3195.761863682393 3195.761863682393 -63339.59784522915
-76943.6541109074 598.052675842364 598.052675842364 -59678.21088891409
-85612.0227283766 386.8859974613589 386.8859974613589 -63816.99863771716
-83743.59615182038 2404.8956240944426 2404.8956240944426 -56494.32132988402
-91181.35308277678 2251.804753792449 2251.804753792449 -60457.17156172804
-84475.68316733338 150.01407772358934 150.01407772358934 -56996.08780813562
-91893.52422962211 25.597128272625273 25.597128272625273 -61024.0568321393
-88895.41559891234 1437.2939723236434 1437.2939723236434 -55370.42177365983
-94972.75579594055 1310.553924423822 1310.553924423822 -58490.51568676411
-89488.50079501666 -187.96159421000078 -187.96159421000078 -55855.169465642895
-95597.082680727 -306.8500353200707 -306.8500353200707 -59020.34258146869
-93068.20179265471 726.7448048096201 726.7448048096201 -55149.84228869731
-97593.16941901277 621.5581796253974 621.5581796253974 -57585.83987937432
-93635.70734717311 -434.69582395049474 -434.69582395049474 -55625.81314178841
-98221.18524791302 -569.6325979897933 -569.6325979897933 -58087.07699850753
-95999.1821594114 222.2162049610074 222.2162049610074 -55687.5646483115
-99740.6347654727 138.53317134935827 138.53317134935827 -57703.51291002229
-96476.37118108568 -689.0901599925173 -689.0901599925173 -55978.62298682303
-100266.31634421344 -777.703468611321 -777.703468611321 -58026.002055666264
-99130.53081035773 -165.92631575039394 -165.92631575039394 -56715.15228007931
-102350.3681269242 -180.29790838357536 -180.29790838357536 -58450.89669391127
-99413.91918187849 -875.0720125833875 -875.0720125833875 -56838.480025818186
-102634.76035764717 -920.9813554052098 -920.9813554052098 -58607.40566281616
-102253.82890183719 -255.00407719958196 -255.00407719958196 -57753.33205591794
-105698.67578939466 -193.8732870558651 -193.8732870558651 -59433.67069700369
-102346.27017523936 -933.9992446618935 -933.9992446618935 -57884.119751237464
-105820.52075959767 -906.2684203880283 -906.2684203880283 -59515.552125904374
-105757.5653541525 -44.1114014490649 -44.1114014490649 -58605.47793622916
-109655.61951532373 63.827881236972985 63.827881236972985 -60598.743079818865
-105636.32791776086 -783.9078253576274 -783.9078253576274 -58522.328473036774
-109559.18762632256 -685.6523263731087 -685.6523263731087 -60528.869886774606
-108475.63392840582 208.69655871061735 208.69655871061735 -59047.89912449584
-113050.915275274 395.02997624025215 395.02997624025215 -61329.57297755164
-108056.17393823627 -560.3188994739032 -560.3188994739032 -58781.70417109568
-112647.39791670136 -411.4617861262924 -411.4617861262924 -61093.88265064879
