sig 640
-101340.23266336432 2743.41453870065 2743.41453870065 -161414.13970510126
-84504.35815546848 2918.3421185697953 2918.3421185697953 -143894.98112876443
-99547.54490335195 9112.442221008516 9112.442221008516 -155577.76449171628
-82995.0783520311 8134.532295042643 8134.532295042643 -138322.5909925811
-93000.868424221 2947.7013148347123 2947.7013148347123 -169086.44767471345
-81789.76497934654 3657.739477521894 3657.739477521894 -155673.24922942513
-90173.33391585143 6873.8343046798645 6873.8343046798645 -161506.71656282328
-78829.2199206464 7103.893527177233 7103.893527177233 -147891.61656002875
-88834.28177953964 3634.062568212191 3634.062568212191 -176210.57028034586
-82155.81094232433 4083.8942527775607 4083.8942527775607 -166787.84536578655
-85402.73765299578 5895.248651644126 5895.248651644126 -167349.416542318
-79024.87969799392 6043.278061248659 6043.278061248659 -157765.45935343677
-87868.92930363487 4022.851942783037 4022.851942783037 -182650.27594169657
-84140.17183598204 4438.188831825575 4438.188831825575 -176675.01740044812
-84809.75639598757 5120.810184660398 5120.810184660398 -174719.3526303591
-81032.35501240449 5326.775641259096 5326.775641259096 -168872.3247237836
-89621.99219715003 4556.596035054936 4556.596035054936 -189144.054257454
-87924.2155387641 4845.014435603218 4845.014435603218 -185940.20898134724
-87310.1335397926 5006.730036159157 5006.730036159157 -183645.44236913283
-85535.50132479552 5249.650100865638 5249.650100865638 -180502.34379433916
-92409.3885865747 4839.762205999533 4839.762205999533 -195378.76850329697
-93113.36083761357 5124.810687036896 5124.810687036896 -196329.68163996184
-90784.52091364782 4667.990819229048 4667.990819229048 -192064.54698216132
-91473.74470459732 4918.880128817879 4918.880128817879 -193095.5202753213
-95399.0782257754 5088.791331378855 5088.791331378855 -200691.86202819506
-99123.28465252984 5308.200129681085 5308.200129681085 -206475.89608569923
-95856.99141574372 4086.235647653749 4086.235647653749 -202309.5313699865
-99554.04525019428 4050.6192764514117 4050.6192764514117 -208173.75735694228
-98423.39730960374 4776.570035725137 4776.570035725137 -202726.79469623865
-106975.29697863049 4167.433406264634 4167.433406264634 -215322.60142473795
-102417.29895630183 1961.5593116878058 1961.5593116878058 -213323.88269900676
-111119.7375746712 987.3206896514268 987.3206896514268 -225755.09245120522
-102424.00737309299 2622.055152158817 2622.055152158817 -198351.3927701957
-119851.30269189559 -178.80020006650113 -178.80020006650113 -218406.74420134496
-112325.48275967038 -3396.1298547846923 -3396.1298547846923 -221316.25818734843
-130307.499274709 -7125.2711789 -7125.2711789 -241383.90056007812
-118387.55486350875 -260.79575799781827 -260.79575799781827 -202881.10887340936
-129820.9606578918 -1166.7958540239374 -1166.7958540239374 -212858.99305752805
-120318.88445433734 -4123.16133924763 -4123.16133924763 -206951.55644510838
-131756.21181992636 -5227.381306629935 -5227.381306629935 -216632.43900602238
-99011.67965217613 13690.805261459927 13690.805261459927 -149644.56377059102
-85996.08090999609 13360.825433045695 13360.825433045695 -136352.3730001652
-94487.62769735485 17399.139157634225 17399.139157634225 -137294.30107720426
-81778.90050156556 16180.651636908631 16180.651636908631 -124480.71184214693
-93722.37738458783 12664.225334442279 12664.225334442279 -157686.021743962
-85291.55445692825 13638.78845970448 13638.78845970448 -147160.06769480236
-84917.8613833085 14967.183520231374 14967.183520231374 -137688.97442896603
-77154.24860212773 14857.740140887243 14857.740140887243 -127148.58452222188
-91460.25240309266 13161.177327248037 13161.177327248037 -165468.2267307538
-86255.0504708155 13850.198245247282 13850.198245247282 -156167.14389620905
-80474.32973214918 14020.09585669267 14020.09585669267 -140062.1381874409
-75409.34868161607 14201.862961951818 14201.862961951818 -131062.82353595179
-92389.84938133758 14134.662960171025 14134.662960171025 -172081.1267996017
-88631.59498250227 14750.162510553753 14750.162510553753 -164187.71002405472
-81005.60860323896 14233.31745885725 14233.31745885725 -145740.97314396003
-77426.31273986344 14193.55168386102 14193.55168386102 -138420.75492905133
-94505.00004193062 15173.839298551462 15173.839298551462 -178198.49798553504
-91812.71419193891 15802.494605826705 15802.494605826705 -172128.61430002088
-83891.24640783021 14739.808303197431 14739.808303197431 -153918.88527697264
-81159.56875796258 14918.104423394685 14918.104423394685 -148393.89775431735
-96299.6890109458 15999.644937464807 15999.644937464807 -184236.684287741
-95166.53989615296 16774.812668934035 16774.812668934035 -181192.56836118514
-88048.38100410263 15296.893475799337 15296.893475799337 -165655.6382959546
-86896.22353190584 16002.762816001321 16002.762816001321 -162701.18340806634
-98745.75124550296 16510.873249984128 16510.873249984128 -190899.49751053253
-96877.1420833981 16428.076752533525 16428.076752533525 -187741.7065507424
-95468.18660471997 16652.35230412187 16652.35230412187 -182976.209974951
-93629.4518298863 16541.49325078843 16541.49325078843 -179749.4655459559
-97747.08162291773 14696.754309194077 14696.754309194077 -193566.30737698977
-97845.35139644516 14069.202491728094 14069.202491728094 -194715.74945428068
-102445.67518371755 14928.958519969568 14928.958519969568 -203589.54268219104
-102573.16895534721 14249.58257053259 14249.58257053259 -204757.0372101438
-96217.30390894321 10418.70481893377 10418.70481893377 -196630.92178061607
-97537.16042994912 7801.953640738975 7801.953640738975 -202029.79445194395
-115142.98156195114 10191.859474080145 10191.859474080145 -235901.3363067518
-115732.58304650399 7409.961330636729 7409.961330636729 -241515.9717858516
-93496.28651943701 5114.733700243791 5114.733700243791 -190128.08087475185
-132344.09603335455 -6853.951437620122 -6853.951437620122 -238312.8683753873
-135784.59794826512 -6342.781112146575 -6342.781112146575 -278470.6610720491
-178472.08326989814 -22015.240262539777 -22015.240262539777 -327535.3559475426
-93756.4501174882 19442.015951853267 19442.015951853267 -130716.06355047376
-87289.24477029225 19114.157546876108 19114.157546876108 -124211.54623750853
-89137.97348375498 20198.084080332006 20198.084080332006 -119228.49518425885
-82607.64269259271 19741.41533395199 19741.41533395199 -113281.4606970356
-90571.74026104104 18303.072408313215 18303.072408313215 -135663.17736294455
-88113.88179111939 19669.793354481975 19669.793354481975 -131606.79105440545
-80820.78253426576 18062.94008499995 18062.94008499995 -116226.21095300576
-78400.73601030746 18968.515359828518 18968.515359828518 -112748.9466558159
-92436.25913683284 19592.737555076288 19592.737555076288 -142400.3651510904
-91312.26162408112 21451.615724687945 21451.615724687945 -138369.16788555848
-77398.31048379569 18448.606591035423 18448.606591035423 -113545.92156436255
-76476.85621388303 19526.543820360093 19526.543820360093 -110273.97413138452
-97484.50727422451 22609.52135880106 22609.52135880106 -149947.7997552285
-97489.13667731785 24627.711631456532 24627.711631456532 -145664.8046353928
-76218.12513186825 19756.958060900797 19756.958060900797 -109962.08538156931
-76065.12576751737 20273.39142077065 20273.39142077065 -106943.21687396517
-104115.44864761362 26981.588033952095 26981.588033952095 -157642.3723639415
-105084.27306283923 28197.4660309773 28197.4660309773 -154973.4736257584
-75347.75562249303 19534.838943389164 19534.838943389164 -105734.64882170767
-75793.93715446946 21680.865556027926 21680.865556027926 -103089.99311243661
-111840.78747462404 30278.359824041647 30278.359824041647 -166924.90528460196
-112697.99493915791 32052.030680818578 32052.030680818578 -162932.8123153447
-74345.96574830476 21621.3771016474 21621.3771016474 -100153.0487883637
-75202.67627440506 22124.438675989382 22124.438675989382 -96756.9924065079
-121984.74286837086 34325.86445748665 34325.86445748665 -177538.35781312385
-120776.6868385995 34022.730170564675 34022.730170564675 -167945.63734345458
-74042.30030120743 21569.98668003171 21569.98668003171 -92184.24659413352
-72852.0371846074 20783.546635415885 20783.546635415885 -89606.85554410426
-129874.28025177208 37851.487072726406 37851.487072726406 -182755.01108888307
-130190.92490136842 37926.25316260606 37926.25316260606 -176493.9299367988
-69701.35931365575 21259.77303507315 21259.77303507315 -85315.53923137314
-72196.44863162805 22676.589271538218 22676.589271538218 -85370.81537636556
-139781.41216645372 39936.45520149435 39936.45520149435 -191493.5129411647
-146612.6046232012 46134.37469950227 46134.37469950227 -187919.47184352155
-66681.93293574767 21518.816614449366 21518.816614449366 -75668.520476806
-69244.88649284029 22213.524977593777 22213.524977593777 -77384.63779201708
-150222.90540236625 46928.1416898447 46928.1416898447 -195672.24596495586
-168652.524472008 52711.08255829658 52711.08255829658 -202228.4750824705
-57110.64361120443 17801.325435452123 17801.325435452123 -56955.89136166107
-81813.72336820506 28435.57056527416 28435.57056527416 -82001.79086662049
-88133.67185776308 20533.364600546938 20533.364600546938 -113563.89087267237
-86593.43725698105 20824.894332428958 20824.894332428958 -112054.31026991147
-84550.82437842245 20209.128155950006 20209.128155950006 -105582.40459282864
-82999.24870933588 20349.477509298536 20349.477509298536 -104221.38206967771
-85748.8047847387 19086.731073885923 19086.731073885923 -114221.0162907684
-87731.76870228023 20379.296298372727 20379.296298372727 -114845.65086701092
-80289.94553167564 18227.2057805294 18227.2057805294 -103148.23348084533
-82270.11788678807 19400.805749570558 19400.805749570558 -103802.45124675512
-87406.3526317712 19428.273707883785 19428.273707883785 -114925.40271248257
-90063.29325011095 20982.684597340853 20982.684597340853 -115898.97932347526
-80978.41162377442 18321.931361923613 18321.931361923613 -101932.08326161127
-83719.20421757826 19786.742451514932 19786.742451514932 -102915.46699610866
-90067.7488116142 20719.374981043256 20719.374981043256 -114536.17731913483
-93266.50074861925 22330.28321667898 22330.28321667898 -115942.66224195891
-82991.0331542373 19387.863292023503 19387.863292023503 -100120.79332010065
-86225.59392476255 20792.38200179289 20792.38200179289 -101559.88513072481
-92911.04133332487 22234.87795097394 22234.87795097394 -112503.59740873618
-97272.47803542466 24035.6009073593 24035.6009073593 -114556.03321364617
-85415.75456816927 20486.157217064167 20486.157217064167 -97442.92979169892
-89654.53211260999 22129.512121106476 22129.512121106476 -99753.48824374039
-96125.22437373736 23434.943571153657 23434.943571153657 -109521.71223591248
-100277.18519942423 25050.300908366167 25050.300908366167 -111680.85987321362
-88276.1217913932 21362.59446270798 21362.59446270798 -94122.9789953791
-92326.24090384305 22902.101756032498 22902.101756032498 -96440.13615884523
-99007.56644394394 24282.52756967317 24282.52756967317 -105890.97042693578
-104333.856248292 26062.485038613355 26062.485038613355 -108785.59321222654
-90385.93221551717 21686.250786110824 21686.250786110824 -89165.00555919173
-95717.52690878087 23386.765630981077 23386.765630981077 -92183.90335153887
-101393.03434181213 24133.84260302725 24133.84260302725 -98758.26900508755
-107168.63651102791 25836.654728349786 25836.654728349786 -102049.24001849825
-92587.59076822676 21093.99423146723 21093.99423146723 -82419.51769934074
-98249.52730352175 22737.78455383503 22737.78455383503 -86091.83944813999
-100764.54933369393 21317.41293844246 21317.41293844246 -84289.96097544229
-110612.20015982054 23067.38354182791 23067.38354182791 -90004.30916541845
-94354.85371296437 18549.167419411824 18549.167419411824 -74010.22473202177
-104102.59808004586 20313.128731181256 20313.128731181256 -79965.49205421093
-86705.77571820738 2300.3913923402806 2300.3913923402806 -55369.693042131505
-55488.57137280764 -1853.9050984147284 -1853.9050984147284 -39477.724137206395
-98753.20357522873 11316.152660020434 11316.152660020434 -72718.19547292622
-66106.46964734995 7456.728668137815 7456.728668137815 -57046.17588040267
-83321.7827659666 19993.690266005488 19993.690266005488 -101056.2076769504
-85252.35257136838 20789.047256852085 20789.047256852085 -102003.30849801822
-79874.28862159705 19305.708822072073 19305.708822072073 -94160.2328545192
-81774.58206544636 19955.55700729932 19955.55700729932 -95129.96064835382
-83429.45485402545 18543.931809466594 18543.931809466594 -100653.3018689882
-86907.84749084356 19843.278905575942 19843.278905575942 -102235.84416300742
-79368.23435737814 17461.048392491022 17461.048392491022 -92334.78287754297
-82785.20146203294 18820.690835138223 18820.690835138223 -93926.82891579214
-86393.9087870449 18252.574276437997 18252.574276437997 -99698.09700229079
-89590.42046090687 19642.461812832662 19642.461812832662 -101157.74345923874
-82259.31608119354 17200.31638232046 17200.31638232046 -90704.22446313169
-85433.80495479557 18494.355884672546 18494.355884672546 -92197.94017215945
-89427.49296529 18622.243131534324 18622.243131534324 -97683.84197771401
-92658.6268521316 19971.33133058718 19971.33133058718 -99247.41698706901
-85087.31818466708 17389.44164807537 17389.44164807537 -88397.06173376612
-88341.33353200772 18624.93100320289 18624.93100320289 -89938.01687910853
-92189.70767322903 18879.121877081452 18879.121877081452 -94498.75745796034
-95762.05336828371 20202.46161950067 20202.46161950067 -96232.15661734056
-87758.64473691166 17452.695779735786 17452.695779735786 -85330.6854667044
-91332.67255070938 18733.767039208353 18733.767039208353 -87066.71562157902
-94723.85113106233 18634.301546979586 18634.301546979586 -90067.43721825806
-98363.50651308199 19951.667677263955 19951.667677263955 -91940.33413861446
-90347.26733797589 17160.16546569756 17160.16546569756 -81454.50545558996
-93884.64148071592 18333.014323136253 18333.014323136253 -83482.81463580478
-96171.47995328135 17577.247318768903 17577.247318768903 -83924.80439087558
-99644.95410026185 18636.8274524257 18636.8274524257 -85886.8289036195
-92259.57130264261 16045.823654505379 16045.823654505379 -76785.18899688653
-95675.30030409335 17032.261384637655 17032.261384637655 -78857.62095207865
-96580.95107009231 14530.96543854697 14530.96543854697 -75754.93298876163
-99231.88042840779 15238.418615277431 15238.418615277431 -77332.7113077335
-94008.83296614228 13416.496065399482 13416.496065399482 -71333.15821550439
-96666.26763391173 14136.559360249072 14136.559360249072 -72926.19295562533
-92930.5272013098 7077.3321139136015 7077.3321139136015 -65342.83271003891
-86343.23206515634 6652.761638229888 6652.761638229888 -61874.60843724913
-94031.94274307316 8779.958325488837 8779.958325488837 -67468.94367900763
-87383.7062482724 8368.814483165392 8368.814483165392 -64047.76449231759
-81908.34664489255 -5340.163368069274 -5340.163368069274 -68342.4617140145
-55426.26746458763 -4458.738684251893 -4458.738684251893 -58475.88491081358
-81195.66755986986 3047.78577371926 3047.78577371926 -65738.5860291183
-54644.22617936544 3325.882647823411 3325.882647823411 -55896.37351168136
-78396.77142891524 18826.087923243365 18826.087923243365 -90308.44014850535
-82730.36110834117 19852.90744933785 19852.90744933785 -92668.50460367672
-75502.45043978593 17885.816461180606 17885.816461180606 -84918.55413431865
-79781.14468130008 18876.644237997585 18876.644237997585 -87326.57840619764
-81596.7955647807 17060.368300792914 17060.368300792914 -89523.12179035599
-85430.58757721033 18136.362107449248 18136.362107449248 -91337.68547539975
-78631.97183023511 16027.761893191035 16027.761893191035 -83464.2830736543
-82481.41133948085 17064.561084045603 17064.561084045603 -85260.02042806515
-85385.66345625705 16334.58872643455 16334.58872643455 -87819.63908684993
-88618.76456152897 17304.465236109325 17304.465236109325 -89314.22353313633
-82464.68509461431 15319.621983200774 15319.621983200774 -81707.95535675266
-85739.58227404396 16300.415601085882 16300.415601085882 -83274.42265806351
-88567.59660272124 15806.607651500875 15806.607651500875 -85371.31322430585
-91544.8417642667 16756.220661879885 16756.220661879885 -86828.39050453847
-85690.42219196104 14700.906144559402 14700.906144559402 -79405.95575396769
-88621.54848388105 15670.860093886857 15670.860093886857 -80942.90265959087
-91008.60012837069 15013.09245522417 15013.09245522417 -82097.64578863188
-93803.11794353877 15926.712159255556 15926.712159255556 -83479.35781102882
-88337.22202561118 13946.916514176319 13946.916514176319 -76604.14644839789
-91098.93012489696 14853.170501712688 14853.170501712688 -78069.9025329138
-92823.13734535003 13602.926938255861 13602.926938255861 -77698.89910790257
-94977.2244493828 14350.955393719547 14350.955393719547 -78898.60530472315
-90450.14822582797 12614.13530630415 12614.13530630415 -73152.44029346292
-92637.6530308672 13359.137715720783 13359.137715720783 -74352.02425028251
-93217.38287173228 11146.149192233323 11146.149192233323 -72127.4333085516
-94759.09806175831 11654.559867565615 11654.559867565615 -72985.9044780633
-91582.40125856343 10491.262910079142 10491.262910079142 -69259.18139330347
-93082.02546489154 11004.819558198673 11004.819558198673 -70183.3144058477
-91793.28210977156 6914.738001778451 6914.738001778451 -66529.89951172036
-90120.50682176727 7036.512944981887 7036.512944981887 -65695.21909810923
-91391.86790806169 7310.437586022663 7310.437586022663 -66080.03002703823
-89736.85980130298 7430.804954497144 7430.804954497144 -65248.82888835027
-87207.96275263926 540.8086079687164 540.8086079687164 -63447.33973332042
-79126.73849672155 401.42214400794313 401.42214400794313 -59503.651722074275
-87497.54633447462 3156.1475142884083 3156.1475142884083 -64099.969041469194
-79346.77917137633 3060.7999853202627 3060.7999853202627 -60166.15073721245
-73741.24626453823 -4152.894216105618 -4152.894216105618 -62379.826943823435
-57905.88512363069 -4144.933483039273 -4144.933483039273 -56667.93557487415
-74263.22198981993 848.8315331083221 848.8315331083221 -62678.6133556602
-58045.76314141333 631.0016898983317 631.0016898983317 -56941.705397417885
-73988.52343220104 17125.12771471704 17125.12771471704 -81754.25603795097
-79625.84336337325 18317.843036907223 18317.843036907223 -84900.26335994081
-71645.03337486541 16069.141377025802 16069.141377025802 -77743.26873589825
-77402.08676414867 17201.362625772592 17201.362625772592 -80818.46578354307
-79523.03012486968 15274.834462329303 15274.834462329303 -80927.7047908465
-83579.18488385236 16164.85699482681 16164.85699482681 -82819.70909726642
-77448.04977490773 14350.032319559909 14350.032319559909 -76591.71543851164
-81468.80651428792 15144.585231283017 15144.585231283017 -78502.12118719057
-84022.79812469256 14070.18923960446 14070.18923960446 -79180.25920873246
-86976.58482540786 14804.878167401108 14804.878167401108 -80639.41718337881
-82061.91951650605 13157.305689250892 13157.305689250892 -74964.19324191754
-85000.98510380602 13876.103825953804 13876.103825953804 -76433.43994485213
-87035.81625807578 12834.0081796716 12834.0081796716 -76726.32011796802
-89454.81811689769 13502.162647902987 13502.162647902987 -77980.161829742
-85319.64150703061 11991.679191268024 11991.679191268024 -72961.80839714584
-87734.03223024325 12652.298296636593 12652.298296636593 -74200.73983011741
-89242.38956757377 11287.853950016583 11287.853950016583 -73562.11823674694
-91157.02354934643 11837.89579629184 11837.89579629184 -74544.10748419505
-87795.97425631477 10593.957607944272 10593.957607944272 -70471.47457076685
-89603.39076676928 11099.63361893384 11099.63361893384 -71518.40151373265
-90249.3390306066 9158.441876630808 9158.441876630808 -69960.1930402243
-91463.6412543286 9552.403631844318 9552.403631844318 -70656.81160995146
-89042.64830903272 8677.4262067331 8677.4262067331 -67858.7443209456
-90251.1823932987 9072.817198421324 9072.817198421324 -68558.75736591601
-89912.01253276246 6260.614426672916 6260.614426672916 -66399.32263260685
-89673.49582348237 6503.224013809322 6503.224013809322 -66332.66188898658
-89257.40237703975 6251.622124939242 6251.622124939242 -65412.24532562057
-89018.29435109143 6488.099055270814 6488.099055270814 -65336.19049786143
-87632.30621218211 2344.207608992117 2344.207608992117 -63334.45727625791
-84569.25442491822 2344.3088026361456 2344.3088026361456 -61841.77004589094
-87627.58799665187 3311.302037612892 3311.302037612892 -63489.27476269675
-84593.42693021933 3310.044440536327 3310.044440536327 -61967.819706441805
-82198.92739511987 -1672.4334342219765 -1672.4334342219765 -61646.3656732731
-75280.25821098602 -1852.827959067944 -1852.827959067944 -58455.65219083631
-82610.11123936057 573.2319503622572 573.2319503622572 -62288.35782272237
-75726.67295255703 377.0552418972423 377.0552418972423 -59065.12374160292
-72053.17766409257 -3263.1077402916953 -3263.1077402916953 -62038.084259889845
-61851.92788309804 -3150.3416979242993 -3150.3416979242993 -58481.357660839676
-72010.99873876976 -49.163672697329204 -49.163672697329204 -61508.57667374307
-61711.228333864565 23.617169475029208 23.617169475029208 -57901.72236925838
-70280.37981897766 15232.947135848623 15232.947135848623 -75329.47413558769
-76625.11132822234 16318.391826474019 16318.391826474019 -78597.1528516199
-68540.06712438398 14123.476712838265 14123.476712838265 -72447.17593132802
-74966.74423951453 15210.862452948168 15210.862452948168 -75658.4141979739
-77350.61924300442 13511.40462955001 13511.40462955001 -74325.42938168465
-81274.42228309668 14080.982734770827 14080.982734770827 -76151.03155846863
-76175.58553860847 12620.539944073695 12620.539944073695 -71487.99545000897
-80037.50530701055 13183.7876175389 13183.7876175389 -73334.46080430897
-82060.69184067044 11901.96574818535 11901.96574818535 -72696.03797207825
-84677.43616437064 12334.358657815821 12334.358657815821 -73971.0204871276
-80994.983626736 11132.00890770093 11132.00890770093 -70153.4050231421
-83649.89903146664 11591.111072647778 11591.111072647778 -71421.89654612578
-85164.37665310067 10224.784123767648 10224.784123767648 -70532.79257795934
-87140.53943752719 10584.317112973462 10584.317112973462 -71510.49487903477
-84238.31948677414 9611.828727780474 9611.828727780474 -68360.86243514148
-86205.01327794389 9956.214189452588 9956.214189452588 -69381.51225675512
-86974.08043185547 8239.593601409528 8239.593601409528 -68152.5976764881
-88390.65396087951 8558.06914698146 8558.06914698146 -68897.97823328698
-86099.14269421864 7763.896082701811 7763.896082701811 -66490.55012567075
-87481.90082795793 8080.75505615201 8080.75505615201 -67228.39208944075
-87546.86321371343 5895.401365027565 5895.401365027565 -65717.006508406
-88018.7246377758 6149.6549903005125 6149.6549903005125 -65967.73162862152
-86926.46221418984 5708.519828206514 5708.519828206514 -64672.28228712105
-87404.99059085273 5960.17381982246 5960.17381982246 -64925.01567244087
-86744.69612018859 3031.3925680782136 3031.3925680782136 -63334.76821530904
-85674.75061822926 3113.046163012148 3113.046163012148 -62833.92110831059
-86551.93023140174 3356.5438483918106 3356.5438483918106 -63074.02951485397
-85488.03866689329 3438.349445381349 3438.349445381349 -62571.51701834012
-84059.48800636645 -5.711171238509861 -5.711171238509861 -61605.32060913727
-80956.16502546016 -107.55218515606225 -107.55218515606225 -60072.009426342156
-84252.83448162346 1009.1785906056261 1009.1785906056261 -61967.69434140361
-81166.92392195466 918.2682956636654 918.2682956636654 -60430.71344909652
-79477.26324315554 -2300.1001251804937 -2300.1001251804937 -61078.08412966724
-74174.37254200767 -2370.4770030132263 -2370.4770030132263 -58800.93682208138
-79660.81202535158 -606.9885224969205 -606.9885224969205 -61285.59810369586
-74399.62939659691 -687.408946403521 -687.408946403521 -58948.45818070143
-72020.69605219021 -2526.581145085468 -2526.581145085468 -61345.405329761925
-65364.65717114554 -2448.67442599246 -2448.67442599246 -58933.24241343949
-71923.73284842097 -380.6706654076137 -380.6706654076137 -60868.82805537085
-65234.892000737564 -306.45943585770715 -306.45943585770715 -58440.009647490166
-67489.71328122864 13366.475915828512 13366.475915828512 -70682.87024014833
-73840.55469493636 14226.448823275301 14226.448823275301 -73726.68549688425
-66502.8895429021 12443.059959024715 12443.059959024715 -68798.23981486575
-72894.34442346566 13294.513297673026 13294.513297673026 -71757.74077626833
-75279.30754422167 11761.912018064017 11761.912018064017 -69644.33218945502
-78915.89990315532 12152.000156582955 12152.000156582955 -71326.33921574311
-74594.17370184806 10952.058337299668 10952.058337299668 -67981.27374828134
-78282.99515304073 11333.061636137552 11333.061636137552 -69633.16908045884
-79903.68975702868 9966.395642539706 9966.395642539706 -68165.50391218202
-82469.71640983516 10256.211522667883 10256.211522667883 -69303.33910617176
-79385.58643299511 9334.516645882435 9334.516645882435 -66671.55509824403
-81938.63242295003 9582.354294766228 9582.354294766228 -67836.95414696021
-82916.17358234455 8049.28355853635 8049.28355853635 -66514.6707439244
-84768.77768094876 8274.869750276295 8274.869750276295 -67371.94488520682
-82365.10646733614 7528.315687601459 7528.315687601459 -65255.061519620285
-84200.08702945372 7754.46806998771 7754.46806998771 -66121.56467392482
-84517.54310888406 5954.795602993626 5954.795602993626 -64756.591591805955
-85553.10432882051 6155.9128156483785 6155.9128156483785 -65287.08435992736
-84058.0828775705 5612.609729588774 5612.609729588774 -63894.96406404109
-85104.74577971574 5828.177533649909 5828.177533649909 -64423.89721723676
-84878.67174389969 3591.5077456937893 3591.5077456937893 -62996.689137637986
-84870.67454148193 3692.27434133531 3692.27434133531 -63010.67459700359
-84658.43432280819 3578.2290301281496 3578.2290301281496 -62644.71683768123
-84653.97489215157 3679.3352155087173 3679.3352155087173 -62656.07278914981
-83824.63057820033 1084.7262996625914 1084.7262996625914 -61547.830227085695
-82576.19058137873 1071.7898768253679 1071.7898768253679 -60914.32055194079
-83877.82340092953 1501.6222962814877 1501.6222962814877 -61654.03322231862
-82624.00419851742 1485.3181548589446 1485.3181548589446 -61023.20757032569
-81577.42883521374 -1067.8928578857217 -1067.8928578857217 -60783.338321018644
-79009.37912597271 -1137.3017780682808 -1137.3017780682808 -59491.9387378325
-81773.84254537728 -207.63094567611165 -207.63094567611165 -61088.803465429744
-79194.4948000113 -292.68273887182283 -292.68273887182283 -59794.251541619815
-77947.77152132468 -2351.3891352927626 -2351.3891352927626 -60688.51771154692
-74097.54278475932 -2371.238085935419 -2371.238085935419 -59040.735065165834
-78053.03179454902 -1108.6010375449441 -1108.6010375449441 -60706.46701239939
-74212.62452756199 -1145.083924642068 -1145.083924642068 -59033.528269876064
-72747.83099798247 -1978.8063762265215 -1978.8063762265215 -60992.41917352485
-68434.64150036685 -1846.1024104139904 -1846.1024104139904 -59348.39497012849
-72598.20756662327 -545.9353509284797 -545.9353509284797 -60498.72564930272
-68252.202146721 -427.0652712492553 -427.0652712492553 -58857.70490894604
-65646.5081076435 11714.057319947511 11714.057319947511 -67544.4335231264
-71508.78179958973 12378.969134726674 12378.969134726674 -70115.67622658344
-64963.124720474414 10722.669122428251 10722.669122428251 -66400.26841272664
-71059.15906585708 11321.770588369236 11321.770588369236 -68902.91998693958
-73035.42366676191 10141.476911964297 10141.476911964297 -66428.15193505846
-76667.05073186419 10403.317650833531 10403.317650833531 -67948.1110812037
-72777.15391844696 9376.149217955897 9376.149217955897 -65475.16089738355
-76448.13212604758 9626.339381697519 9626.339381697519 -66980.9039259578
-77684.53634430183 8288.547448004238 8288.547448004238 -65112.01173291403
-80245.92894607685 8473.725824984387 8473.725824984387 -66222.18780609609
-77421.12377408048 7640.857634413744 7640.857634413744 -64296.652701682535
-79996.14522874268 7827.683206452989 7827.683206452989 -65420.22025902613
-80601.42308027508 6355.49076469935 6355.49076469935 -63790.39814394018
-82308.74117350653 6493.249784370708 6493.249784370708 -64550.879516105415
-80386.80129647329 5881.201554973851 5881.201554973851 -63157.64767362376
-82071.3039830945 6015.47537764853 6015.47537764853 -63930.11012223065
-82088.60272566156 4252.883325445262 4252.883325445262 -62452.28721946001
-82869.37943036307 4325.500155177427 4325.500155177427 -62839.56147795998
-81933.10983803893 4000.064845660666 4000.064845660666 -62130.205747808955
-82714.56172457198 4076.6076685135495 4076.6076685135495 -62521.70748850568
-82369.71693207101 2069.134252582022 2069.134252582022 -61275.693861670705
-82202.93877910954 2057.3199599073987 2057.3199599073987 -61215.506544137366
-82384.1414319483 2121.1036018419536 2121.1036018419536 -61293.99356121148
-82218.31054835852 2110.184189965409 2110.184189965409 -61233.42431765959
-81564.42346225327 77.42877708869636 77.42877708869636 -60553.71257003942
-80440.96037672547 15.25323112866604 15.25323112866604 -59981.85989691479
-81715.98911465597 451.6306297404117 451.6306297404117 -60790.22363070039
-80594.49604047918 389.5833212046439 389.5833212046439 -60220.5762308374
-79884.2428919426 -1438.0174819170288 -1438.0174819170288 -60265.234086688564
-77889.7402450818 -1513.0045270714236 -1513.0045270714236 -59311.84501035347
-80021.54693552665 -789.9509881036176 -789.9509881036176 -60478.8559711983
-78033.16683181566 -849.7283000741263 -849.7283000741263 -59525.70752187197
-77194.92667085383 -2148.7751909543467 -2148.7751909543467 -60407.68709727288
-74490.66746391964 -2130.767102059721 -2130.767102059721 -59255.89392865746
-77220.7558435562 -1273.6866602824996 -1273.6866602824996 -60336.45726011566
-74527.61685371252 -1266.633333523349 -1266.633333523349 -59175.086197107776
-73720.79240768343 -1522.8177190774445 -1522.8177190774445 -60697.560640785174
-70922.79974294243 -1415.933773615816 -1415.933773615816 -59622.07849157607
-73553.90758503768 -586.6222739973269 -586.6222739973269 -60243.55234183548
-70755.53010180192 -481.89716877649556 -481.89716877649556 -59160.74373351163
-64290.2249176955 9927.690433285534 9927.690433285534 -65604.01752556302
-69583.32272408606 10422.344259344514 10422.344259344514 -67722.47123103013
-63963.528721719435 9032.009728557317 9032.009728557317 -64929.23996580896
-69352.1668285014 9454.0527666944 9454.0527666944 -66997.85322730799
-71105.53912339763 8615.02128046677 8615.02128046677 -64315.967000989825
-74652.56564514559 8741.046580634376 8741.046580634376 -65686.25539589656
-71015.59819798496 7786.982243642374 7786.982243642374 -63811.43040864543
-74608.73177784489 7928.705742232014 7928.705742232014 -65175.87784393046
-75555.27428961011 6852.569011177107 6852.569011177107 -63041.7231818512
-78059.7682527709 6930.508152212063 6930.508152212063 -64142.8660314638
-75499.24535286338 6222.694474485814 6222.694474485814 -62697.38489057841
-78026.43211864942 6302.665218605429 6302.665218605429 -63791.73997279226
-78389.88381458275 4958.285051724427 4958.285051724427 -61928.53466069291
-79985.89740684941 5015.161018245843 5015.161018245843 -62618.45414687411
-78391.53112649253 4502.137803012976 4502.137803012976 -61753.47711500805
-79960.36025693074 4550.3577895064445 4550.3577895064445 -62459.08424955652
-79816.01971471048 3013.174448549547 3013.174448549547 -60954.86653707841
-80527.9025871853 2996.4787663382854 2996.4787663382854 -61265.315597598514
-79879.34070380176 2797.4366352223233 2797.4366352223233 -60994.03527052849
-80589.92583701616 2779.6214455912896 2779.6214455912896 -61309.60069201406
-80228.26323806848 1173.5244488828002 1173.5244488828002 -60269.88971662809
-80141.18088939352 1119.620517713619 1119.620517713619 -60206.81923439375
-80367.86997475932 1211.7413397052042 1211.7413397052042 -60467.008304246374
-80280.3664393258 1157.6810467294383 1157.6810467294383 -60404.967521154875
-79803.55230821315 -392.12178760543037 -392.12178760543037 -59934.9437589494
-78991.63014266879 -457.0625719355845 -457.0625719355845 -59526.78171704606
-79965.78654539489 -120.31524083100368 -120.31524083100368 -60191.640863294946
-79157.68530461231 -184.52197168853803 -184.52197168853803 -59784.59920818158
-78705.49514031505 -1471.8423576986665 -1471.8423576986665 -59921.233909415394
-77272.92161527004 -1505.6965186922152 -1505.6965186922152 -59276.776176288404
-78801.00380030742 -1005.8641154002233 -1005.8641154002233 -60061.16115696751
-77372.9804490048 -1043.5892903551178 -1043.5892903551178 -59411.30774066127
-76868.90805654597 -1833.3359141861001 -1833.3359141861001 -60194.26047440963
-75046.24038703962 -1798.6928216436975 -1798.6928216436975 -59422.48379041375
-76852.97627517766 -1236.768452651443 -1236.768452651443 -60105.933722752205
-75043.01398026216 -1213.3484419130177 -1213.3484419130177 -59323.04313319728
-74672.7740256026 -1145.6142490659718 -1145.6142490659718 -60495.95477418071
-72990.27577692557 -1050.2041057969393 -1050.2041057969393 -59780.661837684616
-74489.59677485503 -575.7178175149795 -575.7178175149795 -60088.40488790811
-72818.77342044176 -475.5077576091127 -475.5077576091127 -59378.43408590951
-63444.93626452578 8215.433881536715 8215.433881536715 -64391.761951879525
-68047.10991374745 8537.01403555815 8537.01403555815 -66155.16945211375
-63206.44085126536 7202.224102234421 7202.224102234421 -63948.019049950104
-67882.84209991246 7469.10829128389 7469.10829128389 -65685.0132512926
-69418.72207454171 7039.7392172351165 7039.7392172351165 -62972.40085336673
-72877.78943519993 7147.33380792024 7147.33380792024 -64224.177081079484
-69416.02024214275 6242.01874343319 6242.01874343319 -62753.55011206572
-72908.87166557088 6317.880788269882 6317.880788269882 -64057.75694368019
-73672.50043047575 5523.819245997509 5523.819245997509 -61715.624893700275
-76043.4399877424 5514.657132086384 5514.657132086384 -62724.81792184398
-73761.88415777707 4866.160025040035 4866.160025040035 -61669.23844152783
-76154.13800989931 4846.838995271579 4846.838995271579 -62665.67799411285
-76379.84265222814 3828.09043912075 3828.09043912075 -60721.75717269419
-77889.71547900153 3774.3855697955523 3774.3855697955523 -61411.59248037523
-76515.67058754069 3380.219196536351 3380.219196536351 -60804.179209521484
-78026.78674314157 3327.549612852069 3327.549612852069 -61490.2437664379
-77916.8787653773 2151.2259401097926 2151.2259401097926 -60046.756492642184
-78633.22923122089 2078.897177824283 2078.897177824283 -60388.162269168824
-78068.99217761912 1925.880129907086 1925.880129907086 -60229.84709945447
-78787.65128893915 1851.6383340976436 1851.6383340976436 -60570.59052555084
-78527.76641622886 657.6457444810073 657.6457444810073 -59653.880320348944
-78620.6156535037 588.8589607942431 588.8589607942431 -59668.58256534002
-78693.37484714523 639.4424824587176 639.4424824587176 -59903.64027793386
-78784.3780618039 570.9449655336678 570.9449655336678 -59919.018059294365
-78473.45721216034 -533.3531121844039 -533.3531121844039 -59571.648973560834
-77998.63659330028 -601.7692401008127 -601.7692401008127 -59359.196472686766
-78615.61520612854 -374.77607334241225 -374.77607334241225 -59796.278427811034
-78137.82549442409 -442.7353536065849 -442.7353536065849 -59583.351485670784
-77862.47985221462 -1306.1169010799913 -1306.1169010799913 -59728.44258678119
-76936.06332899378 -1334.9448938691476 -1334.9448938691476 -59302.8464494749
-77943.64919190803 -1001.7643207672272 -1001.7643207672272 -59848.29321625731
-77011.65355420469 -1033.353593622228 -1033.353593622228 -59419.71920891627
-76775.8742772258 -1456.2259297633273 -1456.2259297633273 -60036.16953363315
-75660.41206749294 -1427.8387761934055 -1427.8387761934055 -59543.975204616305
-76750.10511344111 -1087.506830119305 -1087.506830119305 -59955.46829588397
-75635.91777073233 -1065.6063879743174 -1065.6063879743174 -59462.38685315571
-75533.74040112183 -823.1492809741776 -823.1492809741776 -60311.71090999293
-74620.79252548174 -737.7286577526287 -737.7286577526287 -59935.23719633751
-75358.6741169554 -518.9360511644543 -518.9360511644543 -59963.0472661872
-74451.27573303558 -428.8482240830101 -428.8482240830101 -59585.84096272641
-62860.82060464669 6421.03290811628 6421.03290811628 -63619.24948274989
-66889.63408518788 6616.414418761586 6616.414418761586 -65104.10082771917
-62748.16035343033 5408.628842587143 5408.628842587143 -63379.9111640522
-66850.1478179834 5593.997667861457 5593.997667861457 -64864.48477789464
-68135.37756420158 5528.527235212303 5528.527235212303 -62168.66973796261
-71320.21732396107 5597.549846346445 5597.549846346445 -63314.96495628676
-68098.3874261193 4615.447606503603 4615.447606503603 -62101.51757004297
-71385.28522685432 4727.380546650507 4727.380546650507 -63271.183178098676
-72103.82636000139 4237.273118291693 4237.273118291693 -60977.22459033148
-74419.45547757126 4222.534166316595 4222.534166316595 -61885.22654035048
-72211.42054552166 3556.3659994904806 3556.3659994904806 -61040.60619195432
-74529.15225495512 3545.0603277288615 3545.0603277288615 -61951.86297744208
-74755.25761971853 2851.469526692644 2851.469526692644 -60106.59090094414
-76289.93089472354 2805.6818906737244 2805.6818906737244 -60740.177402659436
-74893.49883083889 2382.0096777450517 2382.0096777450517 -60261.62140803899
-76434.12170397543 2328.598678684676 2328.598678684676 -60897.899559291254
-76388.3778023256 1535.4770722571636 1535.4770722571636 -59545.62221369111
-77227.40735618949 1472.9268484338204 1472.9268484338204 -59922.86387408758
-76537.97672689012 1267.4916986098074 1267.4916986098074 -59775.6399491671
-77383.07726271162 1205.8653888619992 1205.8653888619992 -60151.34924069168
-77231.63441220754 386.0492047092509 386.0492047092509 -59337.881958223945
-77498.58987078673 324.03620419089043 324.03620419089043 -59456.16174816569
-77378.03471607766 304.9339311743536 304.9339311743536 -59568.46167776616
-77646.19532792747 243.21382902614744 243.21382902614744 -59686.93734660872
-77481.15550635164 -506.4633282585446 -506.4633282585446 -59390.58266638977
-77300.09939147561 -560.415119951856 -560.415119951856 -59289.16672788908
-77599.48912303284 -440.7138603020744 -440.7138603020744 -59583.708831168085
-77417.73671192951 -494.3110739912233 -494.3110739912233 -59482.69451848802
-77287.11264127427 -1029.1473550406768 -1029.1473550406768 -59615.25631177326
-76781.81542296162 -1059.076514826724 -1059.076514826724 -59374.83114140402
-77348.89851624439 -859.3196308560723 -859.3196308560723 -59715.042097097015
-76842.05207503351 -892.4574018901217 -892.4574018901217 -59474.7296296295
-76789.64232710625 -1080.5275793080548 -1080.5275793080548 -59933.152500633485
-76201.36321765621 -1048.5667781175644 -1048.5667781175644 -59678.031199141966
-76756.00064633614 -891.0078991064117 -891.0078991064117 -59862.320966902924
-76167.64996718818 -863.6593467610958 -863.6593467610958 -59605.0929766695
-76242.72704310504 -557.2901997156152 -557.2901997156152 -60178.6129383136
-75901.4787631084 -481.296560216737 -481.296560216737 -60027.873856224025
-76095.03059007031 -442.06940415027873 -442.06940415027873 -59910.22680301934
-75754.7823691362 -366.14420450001 -366.14420450001 -59757.83309233793
-62445.267046728404 4649.375944931304 4649.375944931304 -63172.690412606986
-66026.55275960248 4760.328563146414 4760.328563146414 -64458.67339838588
-62360.39456649765 3662.7075993060016 3662.7075993060016 -63061.40081330594
-66013.23360469482 3747.7693189886704 3747.7693189886704 -64333.174096423216
-67140.10664178555 3991.60366510591 3991.60366510591 -61694.7626569731
-70138.61510957708 4003.122411234852 4003.122411234852 -62806.74265467358
-67174.1194189025 3106.103969950066 3106.103969950066 -61687.686203790145
-70172.50304863133 3109.2481248461618 3109.2481248461618 -62794.08617779918
-70911.8090014829 3043.798546410396 3043.798546410396 -60543.16649811553
-73183.24378386108 3010.159546296247 3010.159546296247 -61432.98934228351
-70973.42245969803 2340.4733925159535 2340.4733925159535 -60622.99807109231
-73252.11771729289 2309.863373907381 2309.863373907381 -61511.10923503014
-73547.75158258171 2026.0375316187783 2026.0375316187783 -59743.48182467841
-75105.06778034607 1970.4390717146816 1970.4390717146816 -60393.52969336067
-73648.99112309527 1527.4041886703349 1527.4041886703349 -59888.77049865325
-75209.81145823306 1477.3882520121917 1477.3882520121917 -60535.94783766423
-75249.6516276974 1057.210486539719 1057.210486539719 -59329.58809371612
-76201.79394009263 998.3051802222212 998.3051802222212 -59747.593338966064
-75366.68464140093 754.0168174422981 754.0168174422981 -59516.91537805888
-76321.62365048964 693.9021582529801 693.9021582529801 -59934.43429616712
-76282.90858480931 239.79085858469807 239.79085858469807 -59203.52819601604
-76718.68839888576 184.7013994668476 184.7013994668476 -59374.63393996416
-76398.12978623269 107.43308715545076 107.43308715545076 -59398.18091590266
-76834.17143723807 52.464526452072846 52.464526452072846 -59570.466202360716
-76792.5218694261 -379.93337581874187 -379.93337581874187 -59293.661341816274
-76828.86878550738 -422.14721180641004 -422.14721180641004 -59302.97262655605
-76883.01528969513 -385.3225944851001 -385.3225944851001 -59448.17943487293
-76919.93112583164 -426.93661634674373 -426.93661634674373 -59458.30114533467
-76916.40475935102 -718.649783943885 -718.649783943885 -59563.189306634806
-76731.56796004395 -741.1604286807255 -741.1604286807255 -59469.18240496042
-76959.35146907241 -655.2967102479757 -655.2967102479757 -59632.52425539657
-76774.75835144044 -679.8139023057138 -679.8139023057138 -59538.02086718078
-76835.1266834876 -726.6025834525717 -726.6025834525717 -59866.19125579988
-76627.32890178743 -698.2354108706081 -698.2354108706081 -59754.9891635264
-76808.2651848689 -659.1629018907656 -659.1629018907656 -59815.194152160635
-76599.82162561959 -635.335803501263 -635.335803501263 -59703.82277923321
-76763.36267844724 -335.09299244092716 -335.09299244092716 -60057.05033023413
-76806.18669622207 -282.8417381954637 -282.8417381954637 -60071.97743690259
-76656.22788702461 -344.32462561254806 -344.32462561254806 -59868.48471014391
-76698.80563691998 -292.3354719916416 -292.3354719916416 -59885.22161998493
-62186.086708614916 2894.981338781741 2894.981338781741 -62903.268353798536
-65499.87085877054 2967.4289289846993 2967.4289289846993 -64055.94854351063
-62124.33575995553 1848.5351053363806 1848.5351053363806 -62755.264224217724
-65463.16778519758 1911.317395655867 1911.317395655867 -63903.69939809611
-66518.54713366072 2456.9138996947813 2456.9138996947813 -61418.34164364536
-69363.57024319911 2474.414598064075 2474.414598064075 -62468.65008833128
-66492.82370811183 1544.4945079675185 1544.4945079675185 -61313.88066286505
-69346.54923850876 1564.1958156913001 1564.1958156913001 -62370.42324953603
-70162.38207196565 1893.5614152005714 1893.5614152005714 -60332.06923912268
-72365.06518135262 1881.005173308738 1881.005173308738 -61174.96135195581
-70187.7930139648 1181.7680124526478 1181.7680124526478 -60338.24506846029
-72387.22903490349 1170.142518486718 1170.142518486718 -61188.93762834027
-72769.96236419183 1256.5158258263018 1256.5158258263018 -59609.80709550239
-74330.11555684307 1234.1610415723612 1234.1610415723612 -60244.92526886535
-72822.29212648685 752.6495278461873 752.6495278461873 -59696.38612220087
-74386.17689673597 735.9718690361797 735.9718690361797 -60327.00272763571
-74556.85232442792 669.7704631415893 669.7704631415893 -59230.24467514881
-75545.67912056892 627.2083784637812 627.2083784637812 -59663.70381455755
-74631.83699443839 352.77003962034416 352.77003962034416 -59349.73160957136
-75623.54198978159 311.07015452321 311.07015452321 -59781.99527387946
-75678.39855236403 155.40596523636563 155.40596523636563 -59154.726344938994
-76218.13799715255 122.1973713130104 122.1973713130104 -59394.94110188685
-75754.47816540027 -11.360418130740264 -11.360418130740264 -59281.35546957069
-76293.28526807782 -43.64077659853209 -43.64077659853209 -59524.19953689033
-76344.23593990513 -218.77398841484268 -218.77398841484268 -59295.03850150141
-76544.2633851437 -240.78837990189385 -240.78837990189385 -59375.30929139121
-76402.91694010941 -276.26219944453277 -276.26219944453277 -59390.40476197474
-76601.22491799966 -299.17445775929207 -299.17445775929207 -59472.31108450622
-76703.15221239805 -415.4016686610995 -415.4016686610995 -59533.9037093606
-76730.860111679 -427.4469332171934 -427.4469332171934 -59544.99986622088
-76729.6554875771 -419.7222684048392 -419.7222684048392 -59579.09649038682
-76756.94398343426 -432.18274611851257 -432.18274611851257 -59590.80187752859
-76877.78557888401 -401.8633514352624 -401.8633514352624 -59821.30483812395
-76934.50214122774 -389.59372401615724 -389.59372401615724 -59835.96576849859
-76860.51629243697 -412.94532712632616 -412.94532712632616 -59791.479612383635
-76916.68046071703 -400.1486274847161 -400.1486274847161 -59805.90137554526
-77116.26018026417 -158.8274369673415 -158.8274369673415 -60004.34060485681
-77377.98636666831 -119.8652908738428 -119.8652908738428 -60100.38594142086
-77049.23038266184 -242.8684983805856 -242.8684983805856 -59890.019074685704
-77310.58027837939 -205.93784314674798 -205.93784314674798 -59987.104573211494
-62004.214632525815 1098.1807247239776 1098.1807247239776 -62530.90673499554
-65329.38305823698 1246.1163811716356 1246.1163811716356 -63662.679444849295
-61807.61148639373 2.684597802369295 2.684597802369295 -62064.429276999814
-65144.43313103013 148.26022587169584 148.26022587169584 -63183.75831389937
-66342.31630341767 1042.662453535422 1042.662453535422 -61193.26964717105
-69032.14495481567 1068.8936580250806 1068.8936580250806 -62193.82369658917
-66295.02534457366 142.7717344721563 142.7717344721563 -61068.88000651329
-68993.7621777899 172.62159433526347 172.62159433526347 -62070.57143770836
-69834.2945914859 840.2172543227914 840.2172543227914 -60207.38976857199
-71974.8364193563 836.6369547464876 836.6369547464876 -61033.99854611821
-69832.72648049297 141.76965951474637 141.76965951474637 -60204.48733746479
-71968.58227567849 140.98568114047947 140.98568114047947 -61036.362755493625
-72389.0510861993 571.8436869392068 571.8436869392068 -59567.49566293006
-73966.98952833682 577.3616074554666 577.3616074554666 -60178.24446986539
-72402.35632932042 70.41002309047717 70.41002309047717 -59603.02412139159
-73989.67519719663 75.93328850675053 75.93328850675053 -60212.43669946003
-74203.94871105235 319.06041496879726 319.06041496879726 -59236.4924221846
-75233.42342945925 316.3636508651024 316.3636508651024 -59654.94733143319
-74233.98589293892 -8.065983075903873 -8.065983075903873 -59283.81351293835
-75261.44691833727 -10.543194700403973 -10.543194700403973 -59700.799505261326
-75385.40780475117 107.9996596258915 107.9996596258915 -59172.96908887125
-75980.64634779411 98.03658141584938 98.03658141584938 -59431.44537603356
-75410.2829796756 -75.05821327870018 -75.05821327870018 -59213.08021566639
-76005.18482737661 -87.04678295818638 -87.04678295818638 -59472.99256818001
-76131.78942790601 -47.191689960730805 -47.191689960730805 -59310.50445298294
-76409.86576870827 -54.14336060791143 -54.14336060791143 -59437.88173525343
-76152.38074844629 -131.57421278452324 -131.57421278452324 -59344.515197642024
-76430.19781157377 -139.02921465340802 -139.02921465340802 -59472.162392008264
-76604.57563382953 -119.363816585345 -119.363816585345 -59538.78938608066
-76740.7777214546 -125.8561952552442 -125.8561952552442 -59599.04782435908
-76615.4829402295 -158.45862433400077 -158.45862433400077 -59554.53351429444
-76751.85246559957 -163.99360710016435 -163.99360710016435 -59614.4225106233
-76906.23829688082 -110.91759186261021 -110.91759186261021 -59801.016424500434
-77079.7431219203 -103.61291341447954 -103.61291341447954 -59865.308131259546
-76902.13908060086 -161.02177993507553 -161.02177993507553 -59794.00480086782
-77075.69106533739 -153.3876307144139 -153.3876307144139 -59859.57891049953
-77270.60684165187 -8.443269617395362 -8.443269617395362 -59948.40364276592
-77645.21374035298 6.151510280949502 6.151510280949502 -60118.42220213296
-77248.90744575307 -126.03711814291351 -126.03711814291351 -59913.876499651335
-77623.92317786434 -111.21259854024893 -111.21259854024893 -60083.10907715021
D 640
15084641.28461686 -260355.15823625488 3801266.547468931 5729714.141122843 -140274.6023761937 15881777.362975476
14224807.675288329 -240896.4892162842 3714343.576611181 5585530.194149343 -116943.10948345975 15770237.39282926
15029724.944469899 -321026.03894363873 3779278.053130685 5700875.337752805 -194736.86894131507 15843664.515991893
13931066.004213965 -327033.2963906601 3665092.5293336012 5507816.246350365 -157940.78652227655 15593223.141617652
13830217.576229503 -267538.7289981069 3696187.801308452 5549997.748131514 -151095.17220603398 15853605.63727037
13315860.393331947 -307274.427847241 3628036.5443156566 5451873.180178207 -183195.88625637235 15904799.112081198
13918028.641412076 -285933.9928914435 3703240.6879244363 5563817.840243611 -147741.44388154495 15887032.907906462
13494892.775174389 -329217.179942364 3620816.269010078 5443596.338491174 -183387.8655899942 15719075.948335543
13208847.345902959 -324991.8778330736 3615217.855457774 5444186.751436417 -112265.6066944341 16140094.723992439
13108792.636326447 -285789.97430993937 3614931.7994141066 5441069.094797523 -81379.16364548713 16184089.52915488
13207823.245601224 -342479.98327451304 3590166.2097099232 5414406.386074912 -150600.54346823937 16096647.725414976
13095276.367663898 -350258.3253233535 3594276.996511119 5411956.188161461 -118680.19148213333 16069753.325369338
12855748.088162849 -290660.04869845574 3599006.9926767717 5409511.263393493 -106168.09415341608 16156323.193435622
12718223.379306415 -259245.7725328897 3590880.632675692 5391824.94607506 -105202.52074711716 16118901.460008446
12847126.602030577 -302506.45087758463 3597445.1612867517 5406939.394649283 -115444.01644506624 16147867.599559909
12802178.026859887 -314999.9588976723 3606134.281667801 5415794.998372923 -133126.56492158418 16178767.581422932
12708304.424758298 -266659.66468436236 3613956.7717859875 5421104.860006889 -92916.53711623562 16206743.605115654
12686931.880962957 -259692.43173505436 3592116.444409622 5393866.358730256 -94838.39825506242 16163833.341099165
12748675.0411969 -276518.39182767336 3602405.2409657473 5406883.17561525 -122006.33219797302 16136072.977428764
12675247.988024542 -261747.75642195946 3584881.8463222575 5382809.271742543 -110540.19313019392 16113536.652776422
12752459.877729094 -248904.81542261515 3597992.7684894074 5403738.869204356 -85062.70364677186 16166476.426369756
12751105.843797373 -247380.4166742697 3598138.3519356777 5403977.606004272 -82382.28921517193 16169402.362332756
12747686.020174664 -250082.8211912838 3597451.8966646837 5403142.309098931 -85910.09200264364 16171218.25446034
12767722.100297075 -238853.62340115506 3602050.4141555806 5409468.558054537 -79980.29870530135 16176539.76579511
12866640.801537156 -259496.28083641746 3602498.254076712 5414863.717349567 -87219.64613131438 16175671.79480824
13005362.241473997 -273536.4768191308 3638876.581858561 5463008.044896077 -90768.73531267211 16199513.69673193
12950308.49177754 -244904.5535866634 3633724.865016436 5455312.6519985655 -96959.53345475747 16213997.347097559
13118865.720188716 -249172.52847967405 3649797.9333488117 5481165.202981085 -80528.76435982651 16208883.643295892
12973692.984287007 -284713.852102492 3623516.031768982 5445651.431091362 -89061.89877556465 16221982.744049195
13412464.346365273 -247345.9743749264 3660282.076174522 5510905.9114478 -66592.60154369815 16279448.063454758
13180093.202825097 -250920.7795234785 3660749.36169071 5497629.068249626 -72365.79061267336 16236002.05026924
13375553.814552248 -179170.9822870617 3680144.3073940966 5529723.966629599 -15244.533448308017 16255750.618700882
13514250.23220894 -261404.77186935567 3673660.337477782 5527429.473864655 -98545.57282588938 16213811.685814902
14105703.61575595 -201473.90942393895 3771727.4732827316 5672259.011202242 -47211.15470204147 16361472.080073385
13798025.729310324 -121700.72353618967 3762023.952836755 5648255.086257925 5000.113180668248 16402548.905165618
14214283.731880112 -131970.26710554736 3782217.0939687374 5690845.886388308 -23592.035413994083 16393857.801886346
14782444.462843355 -233521.38663717292 3816176.819653252 5743869.652098714 -142957.4527139887 16139058.427682009
15226102.425606644 -226541.07781115634 3850299.930319931 5804343.80509927 -132852.04156361028 16154175.087398857
14843846.11531112 -178966.21136973493 3812432.076109751 5749245.275158533 -96112.37181480632 16267553.583445385
15117722.565903468 -229105.2026925971 3833953.1767404997 5779614.639479823 -134945.89764099487 16127600.205159709
15034579.325764155 -387143.6202768202 3768600.29747328 5686765.22480281 -210602.51889761706 15791518.495573279
14040388.765769146 -449584.86028802156 3656487.2769070882 5497411.003452989 -261194.45211753363 15465111.070065077
14723684.241018461 -515919.31004999566 3700160.5924310978 5584100.836255471 -311916.56325476774 15554799.306635978
13979435.199163673 -585330.8228582452 3614040.8767743562 5441747.937900243 -349933.37963188894 15346624.11375379
14048076.796828607 -386652.45313175215 3729984.582473858 5600130.8957326505 -225259.8745965274 15894880.169894708
13658548.088282842 -467217.45598510286 3671699.6048219968 5504687.875398668 -249205.66326511872 15657817.96268586
13876539.992482457 -511162.6271037637 3650646.033214634 5483281.995853652 -300958.93301856995 15474887.051580995
13777671.794604005 -510242.99850382144 3635798.563846921 5458219.524895522 -304161.6852018877 15399150.15144679
13464126.77502876 -467741.74101018347 3658945.6673172144 5490838.238527193 -262546.47533792123 15855833.168565745
13349295.839352954 -500608.78906521236 3609001.5786401858 5429429.638805226 -262608.3089319928 15841262.048432624
13642306.024787612 -470603.29486805835 3651151.229545364 5482562.283502928 -258003.72621900047 15683612.445286892
13282029.786209116 -545146.9729175862 3540201.1619813284 5331048.651758689 -343956.9240821993 15454517.510709288
13186401.297730746 -465907.12550842745 3633396.6743533905 5457286.497523202 -219119.74832078614 16024601.656546947
13071556.60998647 -480622.0676137833 3615603.7030049046 5427334.452471652 -230279.14314051915 15931850.796758767
13051400.109639965 -503185.77797879855 3594243.681285728 5397816.6589048095 -275982.42001942615 15831571.909464233
12859917.26688773 -533058.4961999649 3522562.6373654273 5300578.59670716 -303690.5608658112 15655276.44169812
13139111.954844644 -461360.0530181909 3637279.472239494 5469673.424644147 -225203.500797099 16234207.950924264
13175901.529834373 -516606.85224820144 3625051.7984116958 5453532.583580209 -259575.99774085046 16143610.385753691
12865454.290469775 -523723.5128211401 3577463.437259772 5374518.003793217 -260368.72768106638 15920709.975012401
13008251.34933743 -593772.2922406493 3574060.884950067 5377808.60464092 -329762.53275998024 15918581.071127793
13042271.95428973 -508835.8520804082 3611404.7603196483 5433594.196651032 -256153.98143735953 16178707.077703135
12888551.775216429 -558730.6533472618 3588413.156757632 5401422.335955582 -270780.4583640694 16194805.308202531
12984937.738704931 -534328.8679637068 3608004.0462883 5424883.726958772 -259028.27423318976 16136647.59116743
12963291.45520799 -606135.1980965709 3569572.3093285556 5378170.9722269215 -299232.25797287584 16069536.9968618
13035525.562877247 -514603.9739081199 3611438.159915131 5433919.227169928 -253751.0967350257 16191219.283323402
12893017.01873686 -560072.2196047556 3583357.7737063025 5393593.6520017255 -280253.6206315851 16144984.803188024
12946189.089519111 -575701.2807618793 3588069.2127610357 5402814.593564436 -288765.72905326175 16172579.904019054
12920161.948611667 -557811.7482700592 3581892.819955089 5393926.3875829475 -275452.69179991586 16156723.546339452
13074249.570396721 -452788.9569686795 3618433.1352601675 5442679.07962213 -245837.08978731063 16173802.874672757
13094467.98985844 -431712.85941248405 3640265.9308179095 5469466.923026484 -226198.823348261 16209019.804881113
13145729.800568994 -443719.5764989413 3652615.015132055 5489717.052046465 -238606.14950514314 16291080.726107696
13061680.830780007 -397156.92163903423 3638150.4976979704 5469263.444668624 -208318.36988585116 16284276.932069985
12811101.959923426 -326213.65162464656 3587424.8662537113 5395952.53148446 -101357.14126154814 16184601.430158302
12899278.892121471 -267333.6006932738 3613209.46752703 5431688.0592464525 -94450.93254630418 16243873.848009827
13164481.317761172 -330541.05041362223 3668058.771053847 5509898.958386338 -148023.29619981372 16336204.731321912
13414949.115462445 -280974.1811137281 3692181.9337356486 5550542.626550863 -144894.2287984429 16367900.71773301
12999506.376236765 -306540.11918886536 3618937.144902547 5442066.436193431 -119716.71673689684 16225205.020599201
14580401.447000813 -170363.03501246352 3817354.337512457 5748028.473236285 -43022.94311340374 16398372.476659855
13527199.29467801 -115222.51592382188 3748773.5735925348 5620443.838146184 -1137.2681214518989 16408658.719918692
14739614.130494224 -142922.57250398386 3873019.880550814 5825482.323252512 19084.37866861876 16563594.836369896
14353197.988368211 -619495.7293433258 3634303.589740988 5490226.057511093 -373295.2653809561 15496644.037830863
14301621.912016887 -638767.50111047 3628587.583110409 5480005.292260762 -383921.82412628393 15469556.923054192
14333416.932190252 -638733.9588889898 3624293.8285751618 5473974.06636136 -407603.8196602535 15411599.969190225
14188545.789102294 -698365.1098497969 3568068.2727092486 5394308.184606147 -490049.99845832295 15200115.683278859
14154470.215278445 -562156.1686704888 3657785.5844741347 5505376.58555658 -341254.54980468197 15481778.484585335
14143054.019967465 -588725.7929411717 3638402.919199199 5480372.472482144 -343026.35830013163 15419531.029823458
13963946.628709499 -681529.2853181526 3583904.4262010828 5403803.456520443 -434995.13183764805 15266224.946436195
13782544.641460361 -731101.2946666564 3539739.396539305 5343321.169034889 -494636.94580459944 15209611.764938798
13975907.061756408 -537551.3532930157 3648962.3603821183 5484784.121305649 -317115.1760968813 15442603.258812621
13859488.086308576 -644577.247083456 3587966.3854282075 5405771.130983462 -388015.3299223244 15320673.835838877
13807009.855645739 -731825.1872988701 3527088.5764525644 5328382.350444927 -492601.47159954574 15164688.24857328
13718633.389888898 -680121.5686801459 3503942.4188472047 5296217.868633311 -469336.4352958493 15118990.420623684
13925295.250129363 -599646.1812277954 3614753.4656546568 5443903.609337999 -370636.6636172329 15428200.433521558
13744030.075317983 -681154.12854538 3571183.7445775648 5380529.273185639 -423130.89284986147 15300512.785786616
13574300.288034737 -767861.5362747491 3485437.3384152143 5265063.127997953 -512602.74048296426 15047340.45949146
13469346.989341151 -790868.5110002722 3433143.344846167 5195809.035003575 -555181.4629131927 14917679.521956505
13696461.68040182 -707054.7614768661 3597040.4465505625 5417818.410523505 -464616.0765807028 15525016.47090088
13652356.184925145 -802652.1743826502 3555296.181717395 5368845.567756301 -498797.2717803823 15508038.848504703
13641636.368041135 -810254.8380526489 3465731.3206710373 5244975.940694834 -573591.4440268303 15011792.852276376
13221562.152649617 -861934.0829614389 3404982.9000332137 5153263.044075075 -611895.9208014966 14934074.500388663
13613200.859685173 -810039.569491692 3532675.739745443 5349959.05805571 -529633.4971826258 15667113.631046109
13903704.142017428 -827479.3109328856 3550755.434865418 5385549.357818582 -515118.9371071896 15690663.10206968
13301377.737538366 -856576.7101203478 3401126.0785151063 5143617.578398734 -633890.6569685701 14746199.716229614
13046056.617045382 -957342.5163619582 3347232.9585249936 5069766.2721320335 -682432.0314976108 14710142.940931477
13870595.325132867 -861125.8558358571 3561643.7418631813 5403904.987814668 -569360.0342011667 15851341.535070492
13848769.932295667 -858372.488639831 3506399.665604594 5327680.807753537 -509032.6707262784 15564053.109057253
12709137.012573678 -917351.829415915 3289188.194456378 4969862.214610918 -616386.5023348863 14325966.252350448
13040300.677244447 -972433.823343547 3282331.852635535 4978600.4303767625 -684168.2886406607 14320404.418194802
13944597.619243694 -868981.5079969038 3489305.9347896134 5314794.363443753 -500722.69160585303 15586558.661315395
13911994.441441862 -877150.7373840709 3462979.179322049 5279557.298169257 -554293.2184416937 15493607.478740646
12893811.947917614 -1033690.1137759815 3213644.3762386674 4896630.128643452 -751941.9596302413 14338611.79452816
13019662.466324894 -1116095.8499845858 3177221.0631918167 4856953.14059523 -763932.3077350305 14220536.329259396
13977139.700687401 -843265.1166374865 3515649.2130442215 5345860.424847545 -473735.3851581691 15595785.613934038
14038685.974177128 -950116.1492814022 3478891.0832343213 5306637.335790638 -515501.2734364058 15558456.34359168
12911193.556148332 -1143317.4519273317 3116369.284201426 4766439.967843277 -744002.1043132526 13857480.63263805
12773533.762778863 -1099791.58648564 3150686.9814761295 4804233.530329963 -685736.4005211537 13996022.752461478
13990888.710429408 -920810.3825560817 3474623.312655652 5301196.564777927 -483194.6292437095 15591329.08713081
14018714.241954962 -991460.6411311515 3463353.1442812853 5280034.461078934 -580310.3889766692 15388205.30407202
12638992.86892897 -1257076.65957768 2946000.879712149 4524845.162056895 -898995.5122191305 13045890.211144349
13254016.462743552 -1205049.050609576 3069206.572614544 4733285.448639206 -881881.0059030438 13889147.339627018
14320614.215736164 -678476.3117290722 3604092.6261180146 5442773.530423628 -448102.2657042728 15244818.39833128
14290622.868949885 -687261.9356799532 3592228.0188999455 5428042.497669548 -467745.79030434205 15241210.421392933
14217987.178100891 -693431.3093959072 3557853.6557893637 5382661.939132954 -478162.29366964585 15162470.882305732
14218483.504017057 -716611.9188865506 3569186.0311777527 5395600.552821228 -481971.03278434754 15171434.515247596
14314877.329744345 -623147.4607096644 3625287.511028458 5474791.140121974 -408497.05637099704 15424620.042447582
14320148.62696991 -677770.3517279674 3609087.7809688956 5450974.526394746 -450994.349766738 15299410.499802778
14231514.977121755 -654283.358895842 3581383.459383473 5410582.3708389625 -436003.0914758687 15189696.103714434
14171416.060166528 -702789.9727476302 3555872.838639785 5376842.983191687 -477639.85974676034 15136240.895773223
14360110.850302732 -632284.9908364186 3634664.0944536948 5488605.674811311 -394308.6675570006 15449392.375118934
14358002.738549374 -651483.7042517252 3622775.594863398 5469912.824548779 -432426.0459610425 15339190.44000472
14221562.675549155 -650317.4778033145 3587632.263813119 5417844.169580408 -412750.158957484 15207410.667450087
14255700.836399915 -673154.1856003738 3567996.531962176 5395365.320630817 -465188.3650010641 15155681.578261016
14353336.925487936 -654525.6920427857 3626424.0014509894 5473995.643256448 -436458.905342552 15345247.687725516
14337173.939968709 -700134.0649105072 3602929.6123251463 5443334.927098473 -468137.1129269228 15265072.865967186
14252577.219584098 -661000.6762630703 3566086.009119476 5392635.411372633 -459611.9936054988 15146238.527427956
14239727.239876412 -726728.9084095979 3532741.057487178 5347479.689857803 -523112.40246546885 14989562.945085196
14324684.545783142 -705847.5449536786 3586072.1130098617 5423064.354526817 -483072.27912099357 15243015.760039624
14409112.27351949 -691878.4905279151 3595582.973168315 5433367.960378728 -481353.00353626156 15155421.195182094
14366428.100586897 -684542.382711828 3552273.578675501 5374238.642782083 -504906.5151831656 14968325.668947203
14362083.956626343 -716598.660659867 3522190.411761892 5337474.9058434535 -522559.5952178961 14899224.715357888
14407605.559703613 -691823.4726685167 3546665.049103444 5370558.39361952 -506555.00944230513 14976930.954263886
14421711.243370825 -717212.166702035 3548039.6616129214 5376164.519437862 -534937.4692663939 15044706.218090558
14564136.14949735 -683355.6167136016 3514927.373197302 5338042.440134751 -548862.526048587 14868309.9947998
14416168.682816178 -715216.8583641032 3502548.6496758945 5316000.491780399 -552235.277998779 14847770.422170613
14513794.056080807 -669997.922310299 3541781.38087715 5367418.882895759 -524375.0522691346 14915392.860888932
14594563.267670887 -657599.1079738907 3549460.8777558217 5385233.562897769 -523410.00966287113 15021968.237846226
14583101.345507616 -681989.4502479174 3495344.738196302 5309167.554380663 -581607.6615928777 14702665.10024318
14580481.186672911 -699780.8863294853 3467750.7086207788 5275376.047963118 -622122.5364686999 14636523.808477849
14820189.774992678 -609151.0902494392 3556396.8901700666 5395703.097968174 -522277.3873980675 14853140.186381849
14777298.404183898 -638048.7304102541 3525653.874500522 5356625.0550225545 -565709.1217583555 14790817.086833868
14654322.301737655 -666149.3050605288 3484976.4819142297 5291145.722325698 -586989.5391568353 14499109.153557833
14767463.682701683 -634161.9781207305 3486622.3146792874 5294585.923438315 -586265.5030509284 14418563.497350136
14794509.823009666 -584186.5246315048 3510110.3962300974 5322364.414732004 -567345.7031412877 14430349.343496216
15014175.648078635 -561312.7466320548 3522225.2896713773 5350408.075036975 -560945.8413201921 14505029.066388968
14938480.220698293 -526757.7088560179 3486949.006319615 5292738.889370515 -527034.7696269228 14203419.04716383
14976650.99443194 -536027.9734209868 3500602.148409436 5302771.132211272 -577751.2601599084 14065523.97338379
15167996.86499543 -278761.539755085 3555220.409719263 5358919.028352693 -145469.4899052229 13795534.484029515
14634238.950674763 -149364.17706267632 3368945.630408013 5102365.463926263 -18659.887075045994 13296266.309697261
15235583.13980055 -373017.60381000553 3609713.4693662794 5454854.251377063 -316885.66175014566 14447805.245458618
15069068.882716866 -414138.94901435846 3561686.0823557354 5394554.331837835 -323361.084137333 14464923.56156842
14186614.081876114 -694864.4918381344 3555941.8367486084 5379742.293700881 -476846.49112561264 15177511.034517027
14222027.339077223 -699568.1944962754 3552162.0517311455 5370469.77491228 -490338.34719964355 15039802.627509866
14104979.415366642 -706273.8113230559 3505244.0416974695 5310799.845733997 -532840.626126563 14995648.122124879
14101545.990485162 -733292.7091465808 3516933.2519623316 5320821.741709078 -527833.2131214268 14942356.838997338
14443964.612410521 -631481.2789225637 3617939.6689000167 5464791.92470332 -416889.5189277967 15257200.917883663
14331131.144882524 -624514.1551121088 3594053.1288241884 5431631.926804917 -419809.0758933772 15232338.26382584
14393563.154019626 -643857.7729739252 3591184.140662036 5425733.465286161 -459835.06884007016 15115054.738490824
14281453.983162949 -656658.8906804128 3559388.9964631232 5379768.52300568 -487350.24902361946 15007358.200372078
14749092.258478405 -559278.1103924406 3624010.539632004 5486041.431674048 -395921.9381772099 15243504.251906024
14727360.3306001 -568624.2554004096 3615922.729605958 5473771.48197943 -428673.65421118913 15197768.966089513
14795441.436238687 -543059.7611757003 3604595.399093044 5457485.323770952 -428197.07383856183 15053165.91276679
14798043.313859398 -552865.4858682718 3603033.524133119 5456131.628418892 -457243.69830117305 15057851.302811796
14899394.579281505 -519188.8083933058 3626008.8493571356 5492003.188807331 -439647.1981262984 15168474.221908752
14959548.156165592 -541594.2806619334 3636812.12257992 5505655.9511690885 -430342.5731184635 15143703.825422807
14834244.54126174 -520831.727012763 3580358.610449722 5425337.236269857 -414964.73660535127 14904610.33877284
14883693.566539533 -577965.6998266123 3590527.617752128 5443266.831037113 -467967.41020973393 14990035.006117113
15060892.240665626 -510309.552694614 3633894.7522745696 5503480.339048549 -424795.7886764927 15063029.623298066
15030147.04456261 -525090.5538762339 3623868.700016849 5493774.591976624 -437889.6129412107 15120232.959310267
14952302.267823527 -512219.7424360742 3577553.945728685 5425949.152855145 -404762.93219093204 14860493.505610669
14979535.70192203 -539155.460168431 3579405.209263886 5429217.098184486 -461330.71835501597 14857891.260477245
14983885.96976141 -526374.8523318868 3589347.895779203 5444613.538255277 -424176.8072498624 14942730.68627953
15003057.710824724 -550402.5076118719 3594502.777910133 5453062.614511794 -462510.6405766295 14979133.027919646
15112666.424896127 -501345.8047912658 3576030.7713955427 5425311.626379686 -464091.77679652255 14720888.703138337
15145525.356037019 -490961.5097301258 3570846.1995188254 5421829.934484608 -465126.153683206 14732456.582617905
15202660.570589697 -470320.4647693992 3572673.9924383163 5425352.457623905 -443904.4328559101 14705560.356162509
15195950.924619537 -461721.96038669586 3567514.795797798 5417256.628144809 -423284.9939859941 14663855.770318419
15173888.501166448 -481218.84910850046 3554515.3343847347 5396182.862110614 -446043.4354391486 14550431.019652186
15188472.72607202 -487064.8820146284 3559775.3242533985 5402383.78243521 -443048.003334355 14544145.436273128
15151411.270784803 -465239.2204784329 3534255.714978992 5364853.490768519 -425785.76465842803 14392032.446568612
15149631.665037343 -459428.90573747136 3542081.1476529273 5376544.073732683 -444165.23456023744 14455464.180044282
15164635.890540095 -432770.76754795783 3545607.663392233 5379131.738448323 -405640.1143881099 14414629.917810809
15127601.931433633 -455852.05055849976 3526126.875469604 5352866.158636594 -428265.5632052607 14354929.626625793
15222300.183478467 -283964.3294213284 3618272.2674034913 5454275.913733068 -124498.35542460973 14261227.90072232
15147401.09358687 -313685.5558392458 3588888.8226439673 5414971.737362723 -169870.07633388723 14196479.220452001
15200522.343632465 -316064.0027562608 3594308.976699389 5425364.823085433 -205187.41640603202 14231976.289664976
15144448.927770644 -322626.23540085356 3586808.145268625 5413958.955608306 -202873.447634836 14224950.599683378
15164424.592943206 -209752.93079947797 3635711.009567304 5490175.272621109 -27619.608109470686 14653438.302429097
14481093.64957247 -149148.15069441477 3530017.1343976115 5341465.791686625 19541.697133057925 14687845.049379585
15209824.909651829 -253612.7616040841 3662681.105226171 5523437.108117605 -90055.34274898615 14679932.612151047
14613517.29664396 -478421.1285985481 3519251.5025618034 5330941.657949569 -343487.1655365473 14581782.611751439
14111505.595269362 -702086.2713323127 3502699.736057592 5302050.916808886 -539880.1399380488 14870118.089289708
14230865.57954209 -726072.3314144028 3501309.2744009197 5307096.91143355 -571803.473739332 14882268.151877053
14261334.312957041 -731458.9669415479 3503715.069131942 5312542.4649979705 -567186.9232412607 14907783.02436691
14386255.230175909 -717729.6429370235 3492932.425046051 5301724.766767143 -558684.5290108187 14803726.357223546
14772793.594837194 -548138.752248365 3604978.019207972 5459637.182283318 -434335.7687184585 15110433.263456153
14866051.91265182 -552674.3558780784 3619715.8265130245 5475812.649488608 -449650.4757255175 15016452.460904125
14736937.92413386 -546158.9532744988 3576443.9895976074 5413865.529221561 -411658.79536420864 14858604.465050016
14720575.661231572 -552744.1713714959 3567573.3972815718 5403427.33535029 -417297.1649947703 14861355.862413218
15092420.197333444 -442055.1753335175 3626771.3435213114 5492792.26376547 -336948.4547848859 14974455.149706243
15081628.024361603 -473855.77966806694 3610580.0341280033 5472817.546517543 -369721.09322235675 14941961.699470548
15027248.803841937 -483946.6352830434 3591414.209182546 5446290.7013580315 -381492.70364350465 14887452.187572323
15040944.475448005 -475660.2134224588 3589227.530110832 5444341.233617276 -388265.8218882445 14882874.107259376
15141743.202041944 -437505.39989071107 3619366.0110630044 5487600.475227867 -350565.1585127907 14984213.5802015
15175373.610928271 -419501.1726133895 3620744.75681127 5490645.946457248 -350922.4517420161 14981160.233206844
15179287.547538752 -428300.01756541827 3613371.635611432 5479554.261981566 -371278.0649224471 14917621.303263586
15154822.687880771 -434095.38156087813 3605907.0177990883 5468020.757710341 -383223.8657973363 14875637.650057666
15182575.35072198 -417240.0047234045 3627088.474400784 5497706.014917543 -346046.1859717339 14975598.117531098
15154422.380392788 -428444.2074669667 3613323.1417410816 5478976.484858773 -368529.0377678326 14931997.76010747
15145639.088809047 -423021.12362415396 3598923.8358125864 5455651.79217344 -375560.8191286082 14791071.986638546
15159565.272393482 -428013.5347915215 3608541.729474303 5469451.3895691335 -396667.4952186592 14841544.06897891
15179609.616843207 -403847.59029093414 3612266.6629641596 5474191.31475992 -362902.6125524271 14834349.717061238
15157238.798284704 -437362.2969002547 3616673.4236750603 5479754.811317042 -413712.9574536818 14871041.66874397
15160462.70789145 -397902.40892955224 3597694.4632810694 5450360.054672849 -347873.2489966088 14697459.803601371
15136773.940036677 -417413.954693411 3574981.1842084522 5421260.028306349 -382816.7912985662 14638840.213649813
15194848.145140998 -336653.5669957543 3647243.465412096 5506062.0222881 -248405.9236517174 14687035.631997807
15243318.825584732 -354037.210764627 3647659.212170528 5513186.827222375 -292306.4343146188 14771914.636412589
15189132.405931953 -338026.3255112546 3647114.520036297 5505825.221234096 -249833.74563949762 14690852.182307715
15186075.97176722 -405059.50959832786 3593191.0383047964 5434864.720115194 -377846.3300799294 14461015.211676162
15172584.709672937 -292380.69542418956 3624279.97119039 5465141.507044381 -134452.48424650426 14396085.847141758
15174906.821545415 -291963.96186827077 3624094.3904031515 5464894.655210949 -133977.17740114548 14392909.433896571
15169431.529572446 -287098.45051138295 3619131.0132829365 5456943.2695241 -117201.82610882776 14348551.339283723
15160052.795389663 -299528.2148862695 3605735.0973437787 5439609.7927002115 -139579.21802421103 14305970.64952572
15227072.817592522 -278065.2969662854 3648200.9024473177 5497221.87496698 -113214.28652262926 14456944.719261793
15186943.101141604 -253178.01715371068 3637801.1099178353 5484012.854196322 -84998.02404077354 14461689.414053213
15212146.24569214 -279294.9578289488 3640992.0222714907 5489260.841508903 -102763.34769488913 14471245.93756179
15170720.836958185 -291855.7345183227 3625414.800265456 5467266.871150734 -122768.81476690398 14415490.657172337
15113291.768478084 -190196.13214528208 3602684.8156276727 5447436.095269051 6550.543862857741 14576363.59281603
14874590.504984118 -122069.53751122659 3534675.6335008675 5359377.093906652 50737.010224193735 14550087.254194636
15217938.72703667 -253025.87652218415 3662159.3092536028 5526825.502965635 -73227.28982476109 14751066.395506846
15026456.884918455 -303373.5045189278 3615742.7135068444 5459527.434794884 -141152.53629336867 14617752.006180428
14251483.683595732 -692369.9975307878 3494849.871316435 5298628.702468738 -542492.4463657687 14834392.822617823
14521119.717905136 -691311.0764510225 3512160.939514374 5331686.945738267 -569170.8165541791 14845078.141389778
14330699.66844759 -677742.2082350142 3515124.8788314653 5326513.119752821 -530719.1669414417 14866815.029744599
14620930.630819786 -613043.9926080153 3527104.297073014 5351384.208500372 -515445.4453951462 14810458.63803072
14852284.411021024 -501043.86766828544 3581138.9303693436 5424345.918027129 -394175.2114473292 14849577.050580198
15037969.892924123 -480232.8824395653 3585258.0375608057 5438960.676925174 -389988.63499236875 14865566.398390789
14852740.10837386 -519177.63511496416 3567808.175881486 5407064.150747585 -413987.77967583726 14796762.56521456
14994760.302953774 -506546.82172008476 3568444.570583895 5415311.694607803 -413748.6522950887 14805692.684241572
15199495.588719625 -396775.0522826013 3642515.7983137756 5515760.946612626 -316558.6615642626 14980375.31982376
15164575.709786784 -431671.98429174034 3612974.3095386205 5478396.574317412 -372081.7103174247 14917920.545134932
15171647.326888202 -406649.2349428523 3624314.3761678077 5495404.436581755 -333712.77606291446 15001524.650854642
15150549.373391 -437712.0075097215 3600353.477041216 5458518.122611019 -397514.93258621095 14812036.155993098
15185806.074703895 -401702.9573736047 3642062.755720653 5513125.834824958 -332331.8456126577 14951329.548931504
15182266.595436592 -400081.3427695069 3641105.9994639033 5510521.404408254 -335709.425275856 14923829.093568321
15181024.128918659 -398882.2937574685 3620205.0974996462 5484307.53056925 -356740.05711268017 14860613.888390658
15166972.65198366 -424653.51235469943 3611021.0193529706 5471366.05389502 -391118.9428531768 14817885.56944782
15194119.025997704 -350178.7016000138 3647026.6477783364 5511766.571745904 -278367.88623572205 14806625.735283483
15233299.44736743 -355459.0196386245 3660536.5564155644 5529821.536694673 -286052.6388291465 14831326.636000687
15212036.750239255 -350071.22857351764 3639645.9520783504 5500113.664324089 -273272.15500715165 14718025.114741279
15198991.061063705 -348105.59088814136 3644203.794577159 5508306.570766372 -288366.5439767982 14794656.429407302
15185322.265002595 -331069.63728242775 3635339.08455439 5490917.333639378 -237853.81310237743 14655564.232362367
15183665.662746133 -329610.79799867905 3635397.315504711 5491025.143136371 -236400.05637472644 14658095.960109074
15181894.116696324 -332288.5338330555 3637479.0411775606 5496040.895481432 -238755.29541993656 14714384.594627451
15179207.58751539 -329503.1855813194 3634208.9681974296 5485651.9857194405 -228132.11994458115 14581234.551724376
15201877.90769198 -280300.9546616289 3633635.1392282904 5480276.891954709 -116548.45552357365 14463686.680986896
15185238.388624428 -299307.2884895171 3636698.950798269 5486298.6847772375 -149174.55337868145 14533358.198239896
15189892.159941433 -285453.82755022025 3628365.974563679 5472462.76207959 -114453.46411931566 14435311.451673562
15180830.383888027 -295050.85277420894 3631198.908111593 5477550.934770604 -132268.1879154938 14483812.136588564
15207636.843923343 -284510.54747794184 3639029.28493399 5486321.267610729 -125411.9930357531 14460144.130495297
15212702.991829652 -282271.7812681965 3641488.3793567033 5492492.05351262 -111324.62954949836 14524393.60083625
15207842.205279347 -281840.29690272367 3639025.6142998054 5486320.069342945 -122696.1302830049 14459995.538193095
15205735.330851117 -285155.08474563534 3637305.0588806933 5487258.23264972 -113555.54167320761 14518717.868838549
15207543.404198233 -239197.1282985876 3660367.1451600185 5520450.019721566 -43477.64592702858 14673379.672754316
15156016.276964076 -222571.0964373537 3621264.7239607456 5468176.576823667 -27923.472746097406 14539691.129705789
15201209.043345701 -245049.85295806837 3645342.82213434 5495539.592558052 -78186.4573183634 14512040.59926887
15177410.879799662 -262408.90362530405 3633036.684292431 5477636.040867645 -88692.67073454194 14448502.706956895
15139064.815898543 -211987.98570187495 3626409.125612986 5481512.448128189 -37277.62985446823 14710182.97264386
15092156.217385978 -188134.03322683508 3594381.4620751026 5440926.068515048 -6571.954233519238 14649972.837147795
15176426.413090184 -236974.07464420196 3654456.7059033723 5517512.81390806 -71231.21379961421 14775782.310778065
15124718.370475244 -247417.24280479556 3624517.516637244 5473613.015083126 -87572.64550230735 14608156.473174144
14625858.842681505 -583355.620873015 3544021.3419384747 5369524.061924311 -451386.251278932 14796152.513269844
14645145.094316283 -568374.6065297383 3545058.198498631 5368460.506966665 -439036.6272108696 14732784.305071218
14574398.004401483 -605863.8167231916 3516578.9354708656 5331072.345389193 -460816.91228934337 14682311.941529568
14672054.70078046 -557362.667449854 3553189.8061425164 5379168.676961502 -438114.9383679724 14741142.764744809
15038273.67196189 -463083.15964819735 3579526.889787169 5432191.284460044 -347062.32199216983 14855959.973979713
15062802.07270617 -486669.0032194963 3582468.0461586528 5437892.754630138 -403436.61903984623 14880755.549300805
15067017.0476411 -456809.1028800346 3581625.7884101113 5434554.390297685 -353801.32677932794 14828303.029529048
15127265.009460645 -452010.3042064783 3598281.5294099376 5460459.718567462 -391358.22383438254 14919735.237915158
15171127.5619486 -410130.6181465519 3620887.847838498 5484079.75054082 -356802.47478206083 14850934.3899519
15167964.087931957 -410195.74132416496 3622816.3699924564 5490248.461107099 -366519.5177576601 14935044.519513614
15188706.573312642 -394794.40655640804 3624754.005618533 5487497.131583508 -338217.42788994865 14816647.48422921
15193905.309545053 -393113.3202126755 3615579.6761699845 5475795.760822377 -340985.24690513685 14779256.623137044
15196349.181311652 -348652.2602086021 3635863.7270035227 5497583.682947984 -283966.0758745461 14766322.023069339
15181727.885835191 -353990.555629764 3633912.402930665 5497586.08068069 -291309.37608911877 14823920.456874972
15172573.82234092 -346073.3781251694 3622496.448356426 5474116.433071738 -253553.48211755278 14614832.554646429
15176983.581622424 -353357.8291602116 3631313.434350287 5488794.460892679 -276164.35980846395 14710009.69832063
15187340.935357915 -328860.93476928514 3630113.7736437703 5484464.122716391 -219490.87143159597 14639438.235424863
15188391.090948539 -333101.02967253275 3636913.9188959063 5496997.943026092 -240561.69846986354 14739461.301190345
15183728.03292028 -328841.86525950447 3628903.768629996 5479085.393317523 -211262.51798044666 14562096.67422261
15181966.431956125 -328509.2352395383 3629812.684146643 5482902.496763029 -216501.22327882808 14620204.211337822
15207267.723114027 -281428.69690618035 3632789.106750729 5480739.993412971 -118401.43571259688 14486171.644445695
15209322.98860888 -285721.38753333915 3639520.114515221 5492157.417460622 -140210.07464934635 14564382.669103744
15205103.05918947 -281866.0010217774 3632750.4649303257 5480659.635173212 -118849.22003172399 14487579.259776533
15182837.607806858 -293250.7532859227 3626071.5554166934 5471985.34498593 -124298.61534044896 14483294.901580302
15211416.589792237 -280359.4502265227 3641691.8161899904 5492778.017329042 -109445.17554107386 14526923.697150568
15205717.361304032 -285701.00046649674 3637403.131538002 5487401.634966414 -114121.02705129587 14519446.320297616
15203690.827913176 -285015.10299113806 3637496.2441907837 5487518.593293658 -113448.5785317929 14521763.55371003
15205139.651892059 -284787.6376194302 3637390.8112066453 5487378.198686834 -113195.26211592914 14519826.342047516
15192973.135889774 -246654.58123318024 3645202.2142770914 5496985.995730247 -81426.96850314435 14552297.963584129
15184803.33428197 -251858.82275750776 3641419.4943997744 5489272.492954228 -77375.67474600923 14489417.52708305
15179325.08256287 -257926.77860530344 3632155.561988092 5479959.394343829 -100353.21310894018 14512440.336667225
15171165.321858969 -263139.9853646447 3628360.3909675693 5472233.445152155 -96325.32721227061 14449574.853155838
15178380.395260828 -217469.78804669355 3637071.2440029057 5491037.762121706 -23367.018788194542 14626807.333840145
15150897.976628397 -215531.20868209554 3622976.2816861155 5472241.33911214 -11984.747662439911 14588450.315205283
15210302.972737556 -242226.85997927946 3653228.5321904747 5509288.577868228 -59956.59880020781 14604440.780041391
15198110.340872452 -250748.6106028243 3647364.7274441607 5500452.64017661 -58751.71824779659 14568918.370497124
15137721.361026494 -210780.40460555005 3627159.652180487 5483184.312726022 -39067.644438940275 14728452.254458832
15118614.825182674 -187868.34412957105 3608290.9582778984 5459290.501310752 -13683.405892604203 14684793.892470947
15174819.837309431 -237782.34354742398 3654448.606379716 5517487.735676722 -72052.9533747482 14777065.520491846
15134482.376695259 -222074.61854685997 3622079.7038220847 5470995.507966396 -65284.59047193721 14599674.189918628
14586569.097660558 -564620.5589820683 3528726.5935703525 5346434.409846092 -432513.0628203967 14710133.669948429
14784105.94291887 -537269.1145801219 3554059.0583477975 5385916.729860209 -431294.6870788363 14744928.965077959
14656147.241116408 -548597.7990717192 3519874.1605706983 5339728.230624257 -408432.3404889616 14701185.4855921
14827989.508111168 -519878.455083451 3546256.365608117 5379539.620661317 -384071.80570355547 14745162.44144473
15081069.747208193 -459507.478445635 3593849.9593044133 5446965.458436564 -384646.5735206044 14793539.879441591
15148256.21292633 -420714.4447232579 3616553.068980809 5478740.55488256 -351715.8084133781 14862386.943626372
15131604.844872653 -417577.10352647834 3609931.3734180527 5468223.402524808 -358497.2798420262 14814372.619530689
15157543.231171317 -398709.8257907277 3620535.6864501 5481949.453439997 -348001.34282360063 14829660.29695521
15158184.548412807 -389950.39712379256 3608541.6897244193 5466141.827024144 -343249.22338666586 14776734.396463394
15166610.761920912 -369851.8629109851 3625973.4838665654 5489936.236191589 -300971.41352433857 14860696.8448887
15162585.356029298 -376221.2225429407 3617209.5591539596 5472080.182206295 -300869.3396959578 14700407.515556779
15183412.860721257 -352129.1824536019 3627846.420170798 5480841.2004911825 -261759.3713393701 14620789.505154766
15192146.577456214 -347890.18442303006 3628140.219726495 5480473.313179721 -232748.42763304967 14598234.57758884
15172270.48112163 -337932.2309121747 3625430.2577576214 5478176.861364934 -223000.6510612797 14631800.825928772
15189669.124340473 -347356.3076808766 3627955.265713401 5477867.860944346 -219072.4478674322 14552671.996978952
15169561.23735714 -338271.924828267 3624247.099399898 5472844.499201847 -215039.97881377517 14553892.328432988
15199512.85397363 -305074.8843768605 3640179.222334687 5492341.625701403 -161447.55921342675 14563376.589359893
15197916.610762091 -303861.8313612727 3639643.450788172 5490022.866382968 -156160.21301545072 14530384.61343354
15213813.085094852 -285470.0358699305 3637111.3158514947 5485291.631689907 -129502.38230165311 14475570.434274942
15190711.996796452 -297066.7475282236 3630508.678056935 5476713.622749925 -135090.94821868805 14472369.364960566
15208771.455507228 -283592.063587412 3636566.300449945 5483704.665129872 -106346.95463067136 14460863.115106365
15208770.33982082 -283316.3539643347 3636567.3050729483 5483704.890235567 -106076.60997101637 14460846.632467955
15208052.40796416 -283590.58826479263 3636555.087593944 5483680.230749399 -106345.31015299248 14461340.153557772
15208048.097666653 -283314.733131273 3636556.239672021 5483680.619314296 -106073.26176304779 14461326.890359433
15166640.69445448 -263550.63807236595 3629358.376125157 5476171.624483503 -102424.28211136436 14510907.428726042
15168174.787762398 -262751.90042316704 3628482.4447420295 5472400.776191525 -95959.28336708451 14453226.853096329
15190401.442550244 -278411.141318897 3639914.1180392145 5489513.98305035 -112391.92887874634 14521767.525760842
15168432.310559113 -261624.24534907335 3628479.7390365433 5472403.286272583 -94819.91556120245 14453079.052768445
15198115.422402002 -249570.7086730342 3645446.296001101 5497199.548987789 -84607.41136833973 14546056.936364932
15201664.586614117 -249705.79039568917 3645235.1283264384 5496898.645054568 -84728.97163078895 14541135.338970799
15198760.907748442 -247055.52031268604 3645298.0020867274 5495451.369954368 -80248.88985110393 14513710.345074337
15202005.443038018 -246388.56306917928 3644060.419207181 5492840.841593165 -75426.42829868308 14485482.034611814
15183792.86762855 -214146.58354681198 3641055.6069113333 5496550.103134786 -14060.860853241162 14643985.60258154
15152028.159034882 -215458.73278797144 3622986.757069897 5472259.023546704 -11925.767348466512 14587443.294152414
15212983.22308314 -243460.6626845813 3653124.093602589 5509138.5516843945 -61175.38931076353 14601057.60986674
15178105.995503247 -238210.25285230286 3638748.6250236398 5490587.638776832 -54618.17615135937 14581176.88982024
15134591.393015541 -207577.30013464374 3625336.3494728594 5475444.862799626 -23191.40118590427 14616905.992752442
15135248.393668327 -201773.73975281103 3618594.944558071 5469589.222293452 -15670.462985499307 14647447.042644938
15166439.506691257 -229560.53086754863 3644788.8581621423 5499235.18527554 -41788.30025011491 14632909.299454419
15158510.691930804 -239253.19868058356 3638302.9263018924 5493088.605657729 -68354.51469406809 14660596.953303682
14651069.259050466 -551628.6761427504 3511372.842151398 5328396.017280805 -432598.4883619248 14666648.20296143
14885245.668090232 -503377.4447801062 3547353.403736868 5381500.29730753 -398115.9469217611 14702984.99647499
14755615.620962389 -502668.243413103 3549688.65300381 5381038.73655533 -391513.02707926586 14772008.307694463
14937682.226988409 -488878.0356678133 3570483.758497744 5416871.501058509 -379717.3323679637 14849104.718897507
15146016.09640337 -413118.66426614247 3603588.9366706316 5459566.004617314 -360467.6660868193 14766346.99015511
15141912.196915366 -411084.5906433505 3606133.773269084 5463922.20298711 -352195.9871220632 14801588.398350326
15138133.192062221 -409712.42848395905 3597666.6571363155 5452046.617628974 -354460.70620306337 14754132.285440033
15142568.988429671 -397584.3323938974 3611241.54494384 5469973.882286012 -328387.41029750387 14809594.190818867
15195911.229576284 -354146.5974380038 3619913.4826076357 5469857.515384876 -245245.4114099508 14563142.11852278
15194763.893569453 -357289.8496008932 3624618.3411219325 5476424.054826774 -255229.10599525936 14592113.317817172
15181816.893095855 -347302.10193851637 3625638.804137223 5479242.157137256 -239543.04186496255 14638972.260528551
15204070.013165656 -345854.22275082563 3639715.023682194 5497553.538027684 -225468.8554038145 14673269.87897508
15194186.014650647 -320985.2849443207 3644924.8516366617 5499193.844705864 -186249.44303954378 14601343.954759339
15192315.651192976 -321604.00245927385 3646291.8171057934 5501948.862434038 -191342.5071589793 14628241.408227963
15187634.780492632 -314625.9149476423 3635330.6603597673 5485813.625829542 -165448.25682314934 14551363.028775448
15185387.86669341 -314261.0276663758 3635461.069431662 5486002.508513557 -165105.05307909276 14554518.569086296
15194238.699611485 -294718.7784364675 3627120.0278979344 5470479.254757977 -120527.21668703965 14418705.66145513
15212059.97496707 -285241.1365839828 3631636.4072959195 5476555.889214997 -116568.48242658666 14423056.726634411
15193648.123187982 -295407.18483615573 3627117.6102181054 5470467.565357841 -121227.74980799164 14419115.638949443
15211461.656993601 -285932.7923049525 3631636.4886349505 5476545.956677983 -117271.56052791903 14423454.605015635
15193816.848627143 -276001.97702383884 3639013.1697665467 5485718.285117854 -104289.94856693695 14462259.001749545
15194020.052776339 -276007.1926292671 3639008.809026731 5485709.383183104 -104305.15002115455 14461973.703316754
15193862.053078625 -275867.8918953268 3639015.784514749 5485721.975027097 -104159.42927303124 14462230.067811841
15194068.140746392 -275871.7769921597 3639010.4873330058 5485712.091670218 -104176.30116326547 14461942.858021384
15182862.527645286 -254051.0756637917 3638007.857820181 5484301.867492999 -85876.2749389512 14467001.856446067
15184414.759316443 -254195.02178948655 3637913.5081460252 5484170.940342181 -85993.05701634417 14464906.759968685
15183389.204582054 -253069.41536172025 3638010.239644423 5484313.4479509825 -84870.86435423324 14466654.389276652
15184938.847999975 -253215.50811792957 3637913.882639459 5484180.059458783 -84986.37586931683 14464556.816839615
15204200.635800488 -247139.79055756502 3649424.202051516 5502691.922743035 -76224.55088842126 14562305.241566688
15174072.747146327 -221238.51379290933 3628895.4046332524 5476796.907539017 -50427.846083471646 14526166.361046357
15202386.745101538 -248763.94334557911 3645313.357712929 5497024.013422583 -83778.50577557014 14541199.53904422
15205093.691601522 -248873.0201517199 3645132.621207285 5496775.516112144 -83879.28152604729 14537498.851097241
15182737.092045486 -216918.5658496014 3636892.0149396136 5490799.316262459 -22770.53164828336 14621624.683682956
15151820.857909426 -214832.28263382707 3623016.2708304715 5472301.741610375 -11277.632321889037 14587855.655836148
15215604.604809532 -240713.82444869372 3657228.795350374 5516434.5711421 -46387.77319519764 14654053.176518908
15167468.504422788 -223880.79073453572 3632266.2066272153 5484565.575678457 -24180.019788075162 14613986.270342145
15164100.645530224 -231924.1871106599 3644894.9321139185 5499368.711354557 -44279.06276668083 14635584.936344318
15134811.654097453 -205590.05460433027 3624375.1023964435 5473476.901752464 -18029.432215540783 14598473.995841341
15195980.508950273 -242976.0602154151 3650149.746146302 5506906.775063778 -46163.61580090886 14638860.53712379
15165067.957677364 -231670.3959162514 3639420.8272040365 5489305.052579506 -51716.09519745134 14553774.858872702
14729993.439354474 -503204.7968482558 3551955.8984011887 5383429.195526314 -383107.79952337197 14795560.315348513
14997858.151250044 -481630.758346426 3576184.6127532423 5426194.392735323 -361550.8907744066 14849967.814311415
14783169.280038353 -503014.89601769735 3571080.303623867 5409368.9320427785 -404657.92818678566 14840442.3223244
15071348.234544858 -427715.0566314218 3607286.055010284 5466685.328292055 -324700.0598963581 14902064.740953133
15132297.350494472 -413590.4698136786 3598432.148068506 5451691.333056508 -353905.6735015213 14736021.627971126
15163919.713801391 -412443.4612502876 3619473.104106599 5481294.638073439 -345159.0048994746 14833564.275874093
15116344.960489832 -387000.28458830446 3600283.5344348117 5452324.543837317 -298217.14685990324 14723907.825339084
15204932.937679378 -364165.08186718076 3631079.396632833 5489467.418637236 -266809.6667223917 14700668.323070642
15180255.796327753 -344798.65631093195 3626602.609309438 5479058.372653623 -229304.17049124258 14615653.944549391
15181398.647861654 -342450.3543409283 3624907.7678166726 5477413.299454699 -227481.35974664238 14618896.194369402
15191345.137639463 -333994.9628005473 3639906.613446768 5496224.737502195 -208592.46810273748 14655203.842582867
15192196.167753533 -330386.8120801718 3637019.7176418235 5489284.833986649 -197125.39952634598 14579066.495031808
15186777.549122065 -297998.1104346078 3639142.4984106263 5488717.00942629 -154967.40952573827 14526427.505465558
15206369.435176115 -299370.7425307053 3634744.09339157 5480733.627486866 -134617.81564508504 14443932.880101899
15184055.567377292 -294599.2840793859 3633100.089341425 5477647.575660381 -134825.07767351906 14440693.817552272
15201049.791246684 -293977.6871020986 3626914.445061052 5470223.174449489 -119748.42692682057 14411295.734353973
15184292.833011478 -286014.32384788996 3628244.851480491 5471106.0847309455 -120405.55301226824 14416442.018345352
15173511.451316802 -288304.6700619491 3630219.2806126145 5474300.879981565 -110519.96960982576 14447681.863920394
15174611.705274213 -288824.74789702136 3630170.0014804015 5474232.728879861 -111062.45527035766 14446302.72831419
15173649.64420482 -288904.87815376796 3630228.861289242 5474313.862721534 -111132.24278770837 14447592.550920393
15173464.751613457 -262385.41265712556 3628295.9130218406 5472149.191307821 -95559.20710699834 14447008.889885375
15173612.681491146 -262534.34640685207 3628284.8562273504 5472133.773669925 -95719.60392387751 14446795.83547545
15173893.933267694 -262294.3848654226 3628303.8217365835 5472165.219793346 -95473.06864719058 14446726.285142878
15174043.318797948 -262444.0734802276 3628293.3757217005 5472150.455939594 -95634.94412815194 14446511.413249195
15198677.176897723 -249367.54420112926 3640652.57073158 5487866.93927743 -84718.49982276885 14464304.940673163
15187635.312040769 -255381.33118259415 3637813.8335705637 5484027.725120445 -87231.45119075154 14461014.723445486
15199233.58584618 -248654.6601261415 3640656.442675352 5487880.8691804195 -83982.62321395866 14463941.951908723
15188196.05209459 -254675.65504868657 3637812.144531295 5484035.516445137 -86500.94427197028 14460646.976038335
15208014.054954505 -244457.52068057915 3653158.0262789936 5509166.30226236 -62191.80842273586 14605835.239343455
15188862.210987952 -230015.18768473458 3643351.476062025 5496778.734748163 -51973.69170265897 14592979.782836664
15204879.081949458 -249281.14562488816 3645209.956201478 5496880.919073999 -84305.56720584945 14538120.114675403
15206825.568353942 -249353.37792022442 3645080.526649272 5496705.900898349 -84348.97248931533 14535520.679766266
15183060.934412431 -216093.41790041683 3636870.2845305707 5490767.9166526375 -21923.73638002219 14621150.943729771
15155897.401204843 -220097.36212171928 3629892.609258684 5481354.831720713 -23550.9339161063 14613561.50459275
15195416.131175268 -253003.90902269367 3648590.1099449215 5503036.909194358 -65235.72644052268 14596339.49967037
15176750.281482037 -238402.77258441976 3638801.0488481377 5490662.785662187 -54836.12732187062 14582882.165354323
15196034.139183262 -240994.51005915442 3654338.521510181 5512687.647300694 -38291.97316699201 14662271.21143315
15195912.794248745 -244055.94585510503 3650130.866601421 5506870.086377866 -47270.48107049308 14638609.766027875
15202148.780763652 -251231.43499466366 3648445.831118998 5502852.649917605 -63375.426879706516 14589095.870123051
15193599.495042998 -245560.14922481636 3645791.0272696405 5497690.994508579 -58946.00918681047 14552817.75208458
14806880.16505935 -502757.23669767455 3549671.6932883365 5381717.433776847 -385924.19251617393 14734690.905419484
15037260.81731985 -455304.87620844395 3584972.9518101416 5437089.842204047 -334421.08674724714 14835130.697953617
14906349.204400925 -433401.9354093364 3559809.545726345 5399590.369614139 -329444.82994278433 14769647.782158677
15134555.653779449 -381313.9363649074 3622507.4634217164 5487358.644419593 -297218.2967337419 14917452.600878924
15115577.958289064 -385883.30969075434 3595852.997097344 5446075.432140416 -290203.5294335499 14697164.353651922
15167157.915910056 -346548.2905204995 3619268.2834650553 5473016.880455362 -252924.99511108972 14669277.022560349
15123550.687623173 -345796.089375384 3607717.810322936 5461089.251517129 -251348.28597976698 14728441.993276572
15171026.151099198 -339303.715497972 3623459.4645549953 5478087.945049728 -234212.46146863097 14674624.186518377
15174014.932516146 -327772.15972648474 3636321.497483123 5491157.754864265 -207933.8154520002 14650066.898679197
15223234.821770558 -311146.7803160189 3656817.8353413 5514594.84955339 -175408.20943844185 14618669.555807501
15181890.04950035 -292717.48046366987 3640226.507887558 5496245.636522761 -182175.18304709822 14658039.23754884
15201914.846800938 -307533.4644472035 3649841.718837268 5504612.813193171 -183662.27752949923 14593823.399675617
15158239.799971005 -273828.5073223174 3614569.1543069435 5453593.985111036 -109489.02189568433 14393118.334130578
15179732.766545232 -289942.6106216343 3625240.2017779765 5467094.081333191 -120735.93154756972 14406864.282718938
15170583.771806655 -269246.38006742834 3617386.4413401526 5457388.355311545 -108401.5311982143 14394681.459760744
15156463.672098108 -275244.6943081873 3614699.256656504 5453777.111250737 -110922.75652823082 14395694.775900945
15161172.847758818 -269031.19630960596 3623603.9366905685 5465867.236734411 -96738.14471449383 14436885.161815885
15160202.12534729 -269201.21904094995 3623673.1868111994 5465961.381571335 -96939.07383143749 14438215.280781502
15174303.836607195 -258364.3050862873 3633186.8979190364 5477864.568242814 -84662.69430091589 14452875.65740927
15173589.340689534 -259157.89922547538 3634049.8762410292 5479694.689367983 -88558.13573598991 14471207.054952782
15189657.87209094 -252422.03972356516 3637718.6200357005 5483924.700528274 -84202.75465070098 14459026.390385251
15189583.323820218 -252600.31863173548 3637719.7920977073 5483927.215157552 -84401.5680958301 14459125.419616176
15190177.04922758 -252487.04562131333 3637729.360525748 5483944.748619786 -84269.75815764212 14458671.886634598
15190103.630511265 -252666.15973582203 3637729.2375737294 5483946.038976176 -84470.0405278291 14458773.791682415
15189871.12404189 -256195.4160965876 3638555.789582797 5485700.264813562 -91108.02185392234 14475906.677558878
15192213.697502628 -253655.2086343791 3641989.345576313 5490703.062925978 -82257.98049995127 14498081.85379772
15192074.169855507 -253083.91135137554 3642043.1936446233 5490780.8621855965 -81684.36168926033 14498592.695665373
15190711.086314904 -255331.92278712773 3637717.998292332 5483913.3646970345 -87153.77939058653 14457760.147979632
15209862.447349407 -243988.45256966952 3653080.353038055 5509066.112212243 -61701.179655805594 14603691.884171132
15189685.169272076 -228703.47502029524 3642293.841536726 5494431.928090648 -46526.104499470646 14568488.67443516
15206644.527683517 -249248.18387869833 3645135.8903150805 5496782.92471271 -84253.42256081912 14536024.253646981
15211075.932304477 -242443.0777389742 3651969.02263731 5506646.351279437 -55999.178193735 14578532.42367768
15233268.572238563 -249504.68839802887 3661095.726608289 5521671.443182933 -50116.27627818546 14656054.141039303
15164057.401612062 -227430.32648994046 3628170.269276161 5477284.8907507295 -39795.671331715195 14561894.220369296
15195246.993469134 -252634.26763720356 3648577.937538347 5503018.8945294535 -64853.1231698301 14596416.141953878
15196788.693557296 -252548.17146193702 3648491.1187337395 5502900.003055435 -64743.08550127299 14594406.565195698
15201594.832157586 -248756.55592178294 3652682.2308621756 5510328.381413893 -48894.31336999418 14645963.591209572
15201255.02468647 -251630.27542016483 3648459.2749228845 5502865.62189631 -63787.649217193146 14589953.276856331
15216883.455357991 -259461.3742108863 3652384.2602706198 5508186.865942912 -66571.18222415508 14594400.054222584
15200604.659509312 -250876.52337867624 3648425.469000973 5502818.738913112 -63025.13523122119 14590409.752962299
14862146.849274427 -445074.27142416715 3565682.895754768 5406096.546610973 -314274.2341299644 14814760.059612809
15095161.679722827 -366146.30907351937 3609542.2766114506 5469161.042555454 -263803.64657333406 14878128.744545998
14898528.472082116 -407228.0121880434 3581138.67893557 5429907.266650066 -272911.6258842214 14914565.55649986
15147945.127020944 -344361.4663340382 3639886.029546342 5503733.118132471 -214378.41169580346 14849224.177070087
15169201.521891693 -331964.22913671465 3632821.654305261 5494066.410086154 -219092.3557665075 14790049.862802586
15173925.534023097 -301379.43200493354 3635650.0282290434 5493731.32904928 -189891.188262463 14716399.963420488
15149310.310252711 -281553.789751047 3642325.989489117 5503336.649054351 -157929.2709577331 14786250.232250683
15208823.58183844 -276849.67243930866 3658051.8359394125 5524435.876354671 -152444.85960920667 14802753.192459615
15196613.768490288 -282191.08051663963 3648407.624142858 5505324.734334626 -165445.27395372436 14644912.986403542
15193243.081697013 -281066.641445959 3647463.2165145185 5500346.10327204 -155881.6690260906 14569488.003929045
15191440.219041474 -276278.35775847104 3638856.2443977217 5492017.868882643 -145105.88753265276 14594079.61104453
15189840.953222515 -272386.03944253264 3641447.9580343813 5492158.799480754 -126455.02012021454 14541479.770816682
15173938.473964738 -265215.2130497915 3624012.8252270524 5465398.5463939905 -99447.99997715988 14405750.177836156
15171894.327488923 -265380.0478938263 3624154.674584142 5465586.424211109 -99633.85069711298 14408431.183743542
15181363.84980148 -260964.04953169072 3628217.4092954793 5470663.019038953 -95762.16099018388 14411113.411719663
15181626.94887335 -257466.84761436176 3633056.0981308604 5477717.030932478 -83646.29657936851 14445479.388189942
15177012.701692093 -259391.76026075057 3633060.67762449 5477685.601984178 -85646.4622106293 14449364.312336555
15188055.80100751 -253716.6189316657 3635888.506165922 5481512.006014986 -83497.01669746866 14452637.063809041
15177485.724565964 -260110.40955099912 3633079.7676179903 5477713.891278269 -86365.56403786161 14449037.098147376
15176388.925290322 -260303.00582341052 3633126.4683261127 5477786.135085178 -86571.87055414516 14450551.356589828
15173773.911851745 -262406.449233698 3633145.842787093 5477781.383070571 -88713.2737472698 14452645.093488803
15173420.141175887 -262585.52579792164 3633168.7156329732 5477813.113281948 -88900.90626414427 14453130.272313368
15174249.717243655 -262630.50456151384 3633157.918851429 5477802.114411597 -88945.22437546561 14452318.243808234
15173894.692109685 -262808.812362024 3633181.792947795 5477834.706034504 -89134.38456979458 14452799.877540698
15192027.976120727 -255484.98123819497 3637654.273970146 5483829.573995354 -87299.2214051713 14456169.374176245
15192313.178598972 -255614.73643521633 3637638.860663894 5483807.713282999 -87428.07631650766 14455786.016787203
15194149.824756857 -252607.8363018908 3641143.6184739014 5488910.543778272 -78113.50645392088 14478901.34614371
15194434.01775991 -252738.46453115638 3641129.024595996 5488889.404610669 -78243.38101001915 14478515.404650418
15207738.309711192 -249295.3882947834 3645097.7305893293 5496727.349835742 -84291.39616026974 14534658.489504512
15211962.19100668 -243317.19608732988 3653002.7170535843 5508960.156092744 -60997.64167827458 14601180.972933205
15207949.82772458 -248875.35044368214 3645100.4214418745 5496733.375553875 -83864.19864868344 14534508.297219213
15189818.805158319 -258190.54117988635 3640607.3496609107 5490694.1578609245 -87707.7202301612 14530702.50003956
15195053.840878887 -252603.97418972675 3648576.4628926534 5503017.466523162 -64825.19540539977 14596613.162661422
15213368.40471281 -260847.63223537322 3652423.013761472 5508231.12009661 -68006.45718640978 14597947.452871908
15194917.402018968 -252134.61138390526 3648567.3809912507 5503004.997328663 -64341.191272781034 14596700.037561545
15213237.52842702 -260385.895883649 3652413.779405331 5508218.702465902 -67529.64045255305 14598033.174760582
15197621.450959409 -251248.84004628638 3648537.756209696 5502975.145628492 -63428.97431930874 14594050.697364615
15198088.996739935 -251046.6131009468 3648511.2818193613 5502939.746116665 -63221.92153267071 14593457.631217444
15197093.326356363 -250963.76499305182 3648517.310470019 5502944.569969907 -63133.755539443715 14594417.129749779
15197528.641461257 -250521.39086923885 3648359.1285237176 5501168.3990123095 -60863.74912927179 14561938.43080129
14986850.210639121 -364093.47269661387 3598508.5337526244 5450097.360301279 -241989.91107999737 14847908.70537758
15130579.20721685 -301938.4334214993 3643244.5067588715 5507101.866163386 -190791.9774931739 14860078.340749789
15085800.107382353 -325347.6112457365 3634620.8073234237 5497489.912570878 -200405.32157893726 14902340.064163245
15142395.225544387 -298910.22297266184 3646149.0382946134 5513617.94873846 -191334.1118291496 14914684.515838321
15163446.458208881 -265394.21218330116 3646603.554884745 5508807.389277463 -151901.84422240875 14787422.612173459
15222537.747580698 -272784.31434395013 3660825.927239442 5528152.03057342 -151955.68727585112 14802332.188554412
15150713.06956977 -272185.08867344505 3645712.198525459 5507239.04913026 -154294.26844334987 14788399.17869171
15195234.910794878 -275404.60487494094 3656268.1861469895 5518088.5355978925 -150210.63918443694 14728635.50054585
15194596.052059485 -267544.1956121746 3641289.979656207 5495558.349338926 -106392.2762821358 14608191.166424487
15190395.795217501 -277769.23574109195 3639003.160315383 5492194.502027367 -146644.1331593113 14595424.573268227
15219331.465926956 -272160.74965018965 3649419.861038323 5506130.328556672 -106528.82083167793 14616037.985177893
15201153.635013344 -260250.81424773936 3650439.3394332156 5507998.493707504 -91103.90198123458 14649150.646166448
15183579.368995415 -261917.97727392986 3628103.0053398297 5470515.340850177 -96680.09635901431 14408461.19017419
15183807.55192386 -258400.26762621253 3632950.3993896237 5477573.820958294 -84547.20489305136 14442759.93655021
15186194.14307609 -259533.47950754152 3632835.1113683707 5477424.009934498 -85666.70794653537 14439913.47505104
15184118.11149945 -259666.417044756 3632978.962745678 5477609.337047977 -85837.48522142394 14442531.313100792
15191754.820602152 -254771.6732256842 3635776.8906378797 5481349.948797645 -84504.64789168 14448152.46069429
15178365.896626677 -260794.948625568 3633063.1878438536 5477691.2120187925 -87047.41576169633 14448068.115518123
15192143.324336201 -255562.98703089103 3635797.565377569 5481378.529188924 -85307.93485842535 14447880.723292442
15178745.741167815 -261592.0969072351 3633084.859578889 5477720.555886072 -87850.92070756211 14447798.37183761
15176130.738819309 -262761.49847990455 3633087.569577578 5477703.35103646 -89043.05507403711 14450009.652733702
15175597.991337754 -262907.98651077383 3633117.601898841 5477745.339886352 -89208.5581926921 14450721.42848166
15176528.056103364 -263120.7908698999 3633104.30236941 5477727.796519403 -89407.51125751209 14449733.125497466
15175991.692654239 -263268.224781833 3633134.321360345 5477769.551155374 -89573.94155354693 14450444.126442293
15175033.816630213 -264390.93412379 3633146.29135016 5477774.310969815 -90728.20267935295 14451233.863164738
15174996.964710988 -264507.6651870468 3633147.1709891045 5477776.471519089 -90848.30175611161 14451294.585155372
15175345.534435282 -264414.86573787837 3633154.1298273606 5477787.789392155 -90754.4763884368 14451019.271549912
15175310.663156683 -264531.7846923642 3633155.062753176 5477789.876701675 -90873.46068731684 14451075.37573653
15189855.066749126 -257752.73471559183 3640609.3339256016 5490699.044744426 -87264.59940269016 14530720.37174327
15192508.163451392 -254432.18515735745 3644698.647645182 5496348.559997853 -77980.98680958606 14551092.629639497
15189998.394948214 -257600.063155409 3640611.110974539 5490703.185710486 -87110.3532502134 14530620.773385648
15190257.59966888 -257399.21446759172 3640469.24481932 5488946.551440222 -85083.75628068502 14498349.895542838
15194692.600222362 -251708.23930066873 3648561.991453079 5503000.2348954985 -63908.33802940593 14596948.156364318
15212527.996927721 -259972.30781801374 3652440.270195864 5508257.040953628 -67117.98783556478 14598926.643112525
15191097.905080702 -257577.17123292378 3640614.412205394 5490708.178209182 -87078.61127266113 14529548.471399108
15194946.524407504 -251484.7980807614 3648537.029777362 5502967.407468571 -63681.670890743175 14596586.757946901
15192296.865057735 -256737.47337003614 3640603.9447810687 5490704.099154239 -86227.87738596066 14528498.173819322
15192209.359473098 -256362.4337842116 3640477.200543624 5488969.435621496 -84027.63302116151 14496680.805521125
15191879.579582918 -256527.60820890646 3640459.949989128 5488943.655737263 -84194.4544381478 14496874.479744656
15191823.64563612 -256393.9339792058 3640463.8887957083 5488948.732086781 -84055.65316455826 14496945.309435206
15134923.04878346 -306994.1220778648 3643284.893936429 5511288.972708568 -197757.50896297733 14938588.547430497
15137837.836206429 -301449.1725785725 3647701.384538969 5516847.918329603 -192830.3598973464 14949689.843898943
15163360.838805538 -285820.93172936304 3664241.8719677823 5540294.077311387 -160987.55300411725 15029199.43599429
15186646.057172915 -271424.9230543567 3674279.1998428903 5555632.011579608 -151994.31845092608 15091851.65658562
15150640.165361397 -271797.84894868237 3644703.3391237054 5501271.169649939 -143370.18483864193 14691309.546092642
15186647.358076952 -251134.17443690746 3655710.9961277354 5515836.602525702 -133411.8046642683 14704442.491777392
15160203.781051924 -265237.01890379254 3652976.550002252 5512628.153880013 -129544.23636737998 14726875.052319188
15192999.369970886 -243576.2741081187 3668128.576645092 5533574.0214081565 -104992.4668667584 14779652.167787615
15159548.827587118 -246542.23879499288 3637815.901014868 5489972.894613893 -98182.64704765048 14607959.10682311
15219992.850767868 -269663.5755435749 3654256.757623407 5513175.991986532 -95431.94139013786 14649878.155000798
15161876.15982255 -244638.81349445993 3642564.6878683264 5496893.8125162115 -87642.81756481092 14639576.840437757
15216369.126367187 -254462.17246141302 3656731.995890572 5516826.734327191 -82513.48079058192 14672061.505201658
15205066.132163843 -268494.3462503006 3636674.2104179906 5482625.476579385 -89599.88649261055 14440610.66391796
15185529.720855532 -260258.44995491707 3632903.7686995687 5477514.231498248 -86428.44671711868 14440871.880376251
15203337.508509113 -249536.56826366013 3643552.483365834 5493437.450346519 -61922.34002844985 14507256.764553726
15218775.453450827 -257960.60719256496 3647563.0905453297 5498875.839877423 -65310.319420475455 14512353.239582373
15183224.725292651 -258894.70297533047 3636468.044069696 5482639.617698221 -78819.71401330375 14467270.536587846
15180155.991417862 -261758.59416914385 3633026.445934335 5477642.36271757 -87998.96482625426 14446109.324515685
15181728.015063118 -262464.74171218486 3632981.9776532566 5477574.968478777 -88705.81491637189 14444167.726668729
15180403.959889863 -262579.77212606283 3633049.3148954357 5477671.011440822 -88839.1442115566 14445931.216091152
15190006.532394234 -257086.09025582293 3635829.742423226 5481406.800923175 -86875.02620398512 14449875.023569742
15189287.547306446 -257183.99580230378 3635868.3776804353 5481460.495646082 -86992.80431739932 14450817.936017632
15190263.999672225 -257534.9354252938 3635846.6964824214 5481429.245040908 -87327.3687800504 14449693.450320771
15179140.918343145 -260767.9611323721 3636598.232201313 5482808.116482223 -80761.59588086123 14471860.18272712
15178051.339336215 -261226.358349788 3636599.9971658816 5482804.893055192 -81226.91074194515 14472846.469322363
15176056.344504697 -264021.67647689953 3633126.369664337 5477752.973513764 -90338.8549142912 14450222.88653245
15178245.272355866 -261389.8964622728 3636607.140734566 5482815.679448907 -81393.08443042035 14472711.107385699
15176586.30049576 -265011.7496646432 3634179.1359351617 5480094.2713584015 -95470.23888589726 14473358.031410258
15190488.465858039 -256701.14966528755 3640450.9188346006 5488925.353065069 -84373.48600983845 14498098.22271695
15190451.162651664 -256737.55182983392 3640457.290478289 5488933.301160209 -84406.9097194539 14498154.328138743
15190577.741387561 -256723.69377332082 3640452.412942499 5488928.407238153 -84395.13486874354 14498037.16459519
15190541.155540407 -256759.77901180217 3640459.976576262 5488937.6132881725 -84429.50202017637 14498091.488248812
15190905.650258387 -256678.45407932735 3640479.4338246565 5488965.641385694 -84343.3006734761 14497859.513832133
15190851.702252867 -256650.59671337157 3640476.997312466 5488964.802494067 -84328.19013802543 14497950.298688818
15190840.871574465 -256717.45663772084 3640476.364087007 5488961.239140945 -84383.59334545583 14497903.785837308
15190789.483262531 -256689.21882209918 3640473.988189975 5488960.543616936 -84368.212559894 14497993.544976687
15190919.835153604 -256061.0583799104 3640482.961433358 5488976.997499248 -83736.08997685956 14497994.872800197
15190638.749378458 -255970.74778680166 3640493.5582798407 5488993.471137247 -83644.13527863039 14498372.22082374
15190684.957308622 -256285.702496354 3640476.8274987335 5488966.696674782 -83965.90779919013 14498158.68021941
15190406.310776738 -256196.28064034114 3640487.467426841 5488983.268814601 -83877.36426342544 14498534.610377213
15158412.48750474 -275988.55312743434 3661129.66660316 5534504.752421838 -130875.54125586787 14986829.855262393
15216358.456727792 -265461.90139479615 3673614.4465706046 5553359.773603799 -142057.8236180391 15031319.122083781
15190269.138721142 -257655.7957727991 3674739.7430900186 5552492.733038607 -114080.70065713157 15015311.163994139
15206375.8935099 -247761.8617023352 3679416.9541109623 5558854.797914127 -110070.45480371283 15023547.040106356
15192464.45850881 -250945.15451937498 3660287.400416832 5522504.311391029 -124600.19263702957 14731298.866283739
15192744.5091776 -245857.8269501792 3669230.370160547 5537601.824217435 -105362.27753832452 14836223.685826734
15188439.552464835 -242381.204447419 3655007.254589556 5518284.725743017 -91422.89710021601 14767095.296074169
15187166.616725529 -240437.16709924611 3659772.5411865925 5525989.85468104 -87353.4505263361 14817634.452091368
15162345.441390814 -245452.374265194 3642558.666636376 5496880.4166831905 -88459.88246066267 14638972.128479624
15206156.279458528 -250121.58111368073 3654322.868878502 5513555.415816106 -81287.4611958758 14669848.798729956
15164105.295813259 -244398.20976116584 3646119.7998747206 5502028.030106671 -81120.74564870879 14661819.61847846
15175411.952158935 -236505.03593914956 3654417.1289341757 5517459.5262589725 -70753.23506035478 14776601.620499732
15204077.90304616 -249972.89771307117 3643514.8242948456 5493388.479228892 -62365.705203923404 14506365.39475833
15221213.393461676 -255619.88664308607 3651046.9385840893 5503933.772251194 -56651.948392013655 14534429.300008973
15195132.515024766 -243355.65360998188 3644652.1562041296 5495260.333320442 -52562.02066518791 14527726.566578023
15204110.594277516 -249384.71347519036 3648241.691909824 5501031.5679557035 -59656.425220402416 14555203.44093703
15182474.423434278 -262507.5383730305 3632942.3403027123 5477525.493330543 -88763.7282216132 14443303.844600322
15181131.315841163 -262565.0507548181 3633022.184162365 5477634.59928493 -88821.75831696828 14445072.502730248
15212173.154897032 -265812.80328081606 3639635.8955008783 5486577.945745333 -90537.29662732843 14447395.948214095
15195098.861191986 -254802.85004406737 3639321.708895365 5486494.067408767 -78280.88119705254 14469704.776837599
15190939.879144829 -257217.00736393878 3635814.8387427903 5481388.01750576 -86992.25974497189 14448893.898736537
15178012.168224504 -263117.151883144 3633078.94253867 5477696.814143486 -89404.3461480708 14448187.264116928
15178882.410917677 -263574.6746155907 3633048.8008587593 5477651.852791154 -89842.08715230641 14447080.907851141
15191968.415139427 -255014.0818828578 3639365.434377796 5486542.390714156 -78514.08258489863 14472839.727559118
15177023.709030459 -263497.1207221003 3633097.869537855 5477714.488826666 -89796.47809405698 14449112.827801371
15176651.924864419 -263525.67607622215 3633107.7086601383 5477733.279740713 -89829.14536255009 14449643.977886593
15177091.437965253 -263730.9657434753 3633105.7243342428 5477723.939416703 -90034.1431762784 14449061.305346774
15188864.113379491 -257891.98558968422 3635890.92295219 5481490.380251566 -87716.17556345796 14451343.085331453
15188760.714195944 -257837.971310825 3635895.9002159163 5481498.502468467 -87658.71823486593 14451499.381756878
15176435.378437739 -263717.35427144927 3633132.195393506 5477766.980546793 -90028.05396497162 14449995.800011845
15176642.886378953 -263814.6388100694 3633121.139703755 5477751.897844318 -90123.37923680911 14449729.850182407
15176465.57964909 -263827.08970563486 3633133.42887837 5477768.754544318 -90142.67843301786 14449973.943385951
15176882.991322335 -264520.7799393232 3634198.942169824 5480126.784979397 -94964.55744011374 14473275.865722468
15190559.897806188 -255918.77670012243 3640471.4416660094 5488961.90839504 -83589.17906656649 14498306.448069472
15178598.774661604 -261933.23377265304 3637688.7399822306 5485201.189174125 -86073.71468223658 14496272.61493615
15190208.6173495 -255228.0629091427 3639428.3833061066 5486633.666298768 -78766.99428200973 14475040.17127995
15176037.604720492 -263440.46516456 3633169.378737945 5477821.084669338 -89772.01316013993 14450657.658728018
15187685.936869523 -257552.57734439976 3635978.438793716 5481613.477350652 -87405.06109201271 14453057.85990648
15175962.504877642 -263750.9535722772 3633171.4932558816 5477822.113718777 -90089.59481905105 14450706.820022255
15189343.582276044 -255138.48325082185 3639467.51637596 5486686.382730639 -78691.88256833979 14476098.614790712
eps 640
0.0008474109455480368 0.0005587437355244733 0.0005587437355244733 -0.010034501680704251
0.003159065507449808 0.0007748551921786534 0.0007748551921786534 -0.010034720734797291
0.0008472312047735558 0.001867855875995716 0.001867855875995716 -0.009543531889780034
0.0031583967372149848 0.0020824606133636034 0.0020824606133636034 -0.009544348905158498
0.004704459762683863 0.000881506099134741 0.000881506099134741 -0.013478996140478313
0.006615779080812464 0.0011768095003819644 0.0011768095003819644 -0.013479244504413958
0.004703632196633728 0.0019666417959763485 0.0019666417959763485 -0.012806972845051333
0.006614397247831517 0.002260850519659943 0.002260850519659943 -0.012807898973569865
0.007804829990469575 0.0012877757793195322 0.0012877757793195322 -0.01613465428822491
0.00914267356451752 0.0016166046486598858 0.0016166046486598858 -0.016134853547096754
0.007803700312214206 0.00204816018384195 0.00204816018384195 -0.015385387486853943
0.00914112586879283 0.002376381624735271 0.002376381624735271 -0.015386130441640644
0.009929782640737296 0.0017394401434344643 0.0017394401434344643 -0.01809034173196377
0.010742292552613728 0.0020420285639551265 0.0020420285639551265 -0.01809045463951637
0.009928815463733271 0.0022010597465908894 0.0022010597465908894 -0.0174006760409924
0.010741099646143025 0.002503371496388228 0.002503371496388228 -0.017401097060804293
0.011194007257745647 0.0021534637274751136 0.0021534637274751136 -0.019588057235215423
0.0116153133430821 0.002375149627660948 0.002375149627660948 -0.01958809689532305
0.011193315764391415 0.002392831017190891 0.002392831017190891 -0.019083655325001232
0.011614537704539494 0.0026144229737481046 0.0026144229737481046 -0.019083803250462803
0.011718193141746694 0.002387594980248325 0.002387594980248325 -0.02053718818360671
0.011576514099972087 0.0025205792781230448 0.0025205792781230448 -0.020537191738216724
0.011718950590925014 0.0023051385960388498 0.0023051385960388498 -0.02023519444011708
0.011577332808686615 0.0024381046788366206 0.0024381046788366206 -0.02023520770298655
0.011238905832857828 0.002412544583635878 0.002412544583635878 -0.02070191022131796
0.01045624381336853 0.0023508744601142243 0.0023508744601142243 -0.020701955756666213
0.011241342334784766 0.00196509825149016 0.00196509825149016 -0.02084551001763078
0.0104586992262116 0.001903259247887091 0.001903259247887091 -0.020845679960516186
0.009558683271215274 0.0020022103989640735 0.0020022103989640735 -0.019745819994119847
0.007885656713133335 0.0016202068812677375 0.0016202068812677375 -0.019746134683504488
0.009563028635681672 0.0010494413050010857 0.0010494413050010857 -0.02061934091934728
0.007889462730842406 0.0006665138373957654 0.0006665138373957654 -0.02062051658639935
0.006246860763821604 0.0009201372519035697 0.0009201372519035697 -0.01712941023926064
0.0034366549633083263 3.634793419364942e-05 3.634793419364942e-05 -0.017130414878244994
0.006252084257259651 -0.000676694123618478 -0.000676694123618478 -0.019138553439519743
0.003439179545565914 -0.0015635135485841186 -0.0015635135485841186 -0.019142312748543257
0.0018979338116789125 -5.4311986580498926e-05 -5.4311986580498926e-05 -0.014751320691979382
0.0005088884574134408 -0.00022600250547330126 -0.00022600250547330126 -0.014751329671345079
0.0018986206348335305 -0.0008430988301881374 -0.0008430988301881374 -0.01513836485329772
0.0005090727684079325 -0.0010153457040606327 -0.0010153457040606327 -0.015138398361776276
0.0006618601444721081 0.002820139685668732 0.002820139685668732 -0.008961025154528695
0.0024679493307511883 0.003304173021119241 0.003304173021119241 -0.008963928985230926
0.0006615759164805234 0.0038417710489610365 0.0038417710489610365 -0.007859734333290671
0.0024668911716258257 0.004324663424980065 0.004324663424980065 -0.00786376808670572
0.003670200874598719 0.0033344008938225736 0.0033344008938225736 -0.011874970107122835
0.005146944974435208 0.004161383850282654 0.004161383850282654 -0.011879132283221282
0.0036687145912606156 0.004170736984541352 0.004170736984541352 -0.00999407563550397
0.0051443072870111135 0.004996386205558971 0.004996386205558971 -0.009999742576862326
0.0061253102822807605 0.0042262886078957935 0.0042262886078957935 -0.014253064563973837
0.007314666866766601 0.005261986751233071 0.005261986751233071 -0.014256836991523076
0.006122586795860122 0.004899101633214605 0.004899101633214605 -0.01189638546394628
0.0073107333917140326 0.005933250414913249 0.005933250414913249 -0.011901631142744111
0.008134512268055652 0.005484694536918641 0.005484694536918641 -0.016271144932781614
0.009175208891542039 0.006543537469516286 0.006543537469516286 -0.016273642184302935
0.008130083088264446 0.006072758607700099 0.006072758607700099 -0.013861044841645293
0.009169522520286813 0.007130087516549177 0.007130087516549177 -0.013864689059200717
0.009856895660900668 0.006868673029445721 0.006868673029445721 -0.018068755949112735
0.010669685844606416 0.00786875148369613 0.00786875148369613 -0.018070098898911507
0.009852184198440746 0.0073260719141160025 0.0073260719141160025 -0.015791225776356832
0.010664050815773 0.00832488419034091 0.00832488419034091 -0.01579342120381939
0.011141661968509775 0.007885081446312316 0.007885081446312316 -0.01948538163249827
0.011592722464365365 0.008651372981707007 0.008651372981707007 -0.019485626585112718
0.01113937371329858 0.008136595283555387 0.008136595283555387 -0.01774157821853392
0.011590075015108005 0.008902202895307776 0.008902202895307776 -0.017742214932047775
0.011929203805304626 0.008422394250056767 0.008422394250056767 -0.02061640884524516
0.012375961635811969 0.008750853883645254 0.008750853883645254 -0.020616374905017044
0.011923408264422314 0.00867797614050531 0.00867797614050531 -0.01987404321688435
0.01236993556763697 0.009006289240755857 0.009006289240755857 -0.019874089380628485
0.0125069311137095 0.007729836099565184 0.007729836099565184 -0.021252951504312972
0.012376048059270523 0.007328246855019641 0.007328246855019641 -0.021255121191876787
0.012508878209721252 0.007660640467045908 0.007660640467045908 -0.022179096595765897
0.012377959847158186 0.0072588940220661225 0.0072588940220661225 -0.02218133694347391
0.012141196761030728 0.005401121039845208 0.005401121039845208 -0.02115571158764434
0.01157409258071241 0.00382422826400635 0.00382422826400635 -0.021165132055342487
0.01214702135040851 0.0050907335174398965 0.0050907335174398965 -0.02476792403833461
0.0115788323227452 0.0035110545991543 0.0035110545991543 -0.024778278955738177
0.008976798465158375 0.0021016450012490712 0.0021016450012490712 -0.01820427727572857
0.0024129643511693823 -0.0014378570357925593 -0.0014378570357925593 -0.018220333002565196
0.009015266916145405 -0.0016306954178231068 -0.0016306954178231068 -0.026264328171267903
0.0024233572144675536 -0.005195931082742193 -0.005195931082742193 -0.026303724107394313
0.0003462527785164838 0.004413296596884945 0.004413296596884945 -0.00705061945169416
0.001291644423871218 0.004902202839348706 0.004902202839348706 -0.007054872155929146
0.00034610261615615 0.004947084691398109 0.004947084691398109 -0.005941802636586366
0.0012910847320759737 0.0054354883560862426 0.0054354883560862426 -0.005946653112289053
0.0018415944248250887 0.004619301665135566 0.004619301665135566 -0.008581242091965185
0.002394889916641282 0.005492259214380378 0.005492259214380378 -0.008587846722512222
0.001840998937260712 0.004930908541226528 0.004930908541226528 -0.006603967410004684
0.0023938566307263936 0.005802958075539306 0.005802958075539306 -0.006611177689764817
0.002792794204378634 0.005447978480601676 0.005447978480601676 -0.00994466799187495
0.003315363475017831 0.006760829266334648 0.006760829266334648 -0.009952619625281
0.0027911685369896885 0.005739730043723508 0.005739730043723508 -0.006970027970139888
0.003312983349922381 0.0070506411717379015 0.0070506411717379015 -0.006978692540415426
0.0037261774178290307 0.007274612975782637 0.007274612975782637 -0.01144420748139621
0.004312823029405664 0.00912547004919111 0.00912547004919111 -0.011452710334146972
0.003722667998596465 0.007596478279952474 0.007596478279952474 -0.0072488062525376444
0.00430807078502103 0.009443535861011177 0.009443535861011177 -0.007258381863524543
0.0047958101520424205 0.010125517783869446 0.010125517783869446 -0.012916079642542997
0.005509765404798498 0.012587242682580041 0.012587242682580041 -0.012923879163646025
0.004788649102677366 0.010508027726273073 0.010508027726273073 -0.007334017036007785
0.005500490227935073 0.012963060271251601 0.012963060271251601 -0.007343455763275712
0.0061335490035424895 0.013781697089273215 0.013781697089273215 -0.01447375485891314
0.007066867816379861 0.016943299783081376 0.016943299783081376 -0.01447859530001302
0.006118752544718686 0.014269142960638656 0.014269142960638656 -0.007302885082144915
0.007048282216486346 0.01741970420023602 0.01741970420023602 -0.007310271373449542
0.007730445670470788 0.018916364683011166 0.018916364683011166 -0.016276307091236702
0.00859113408850431 0.022885072122164087 0.022885072122164087 -0.016274176411963395
0.007715489613728513 0.019330224283529086 0.019330224283529086 -0.007273306297189345
0.008572625169682402 0.02328170972591749 0.02328170972591749 -0.007275029147274517
0.00938196108868046 0.024793664966735712 0.024793664966735712 -0.018260425355042013
0.010523009889980077 0.029793808798857353 0.029793808798857353 -0.01824408123129109
0.00935196614032179 0.025313733512651385 0.025313733512651385 -0.006914894673739475
0.01048659160044847 0.03028651053292254 0.03028651053292254 -0.006904648703731077
0.011357523330095907 0.03242031504045213 0.03242031504045213 -0.02045439195155419
0.01223626468002818 0.0389018442518453 0.0389018442518453 -0.020415225308992417
0.011330509448406212 0.03270091541589648 0.03270091541589648 -0.005750913909743966
0.012203286227324996 0.039136825045530864 0.039136825045530864 -0.0057186975365871445
0.012513465800332654 0.03938862259817796 0.03938862259817796 -0.02156423999596431
0.011253750775852198 0.04777016310985539 0.04777016310985539 -0.021449579901602726
0.012481865318734318 0.0383252155336094 0.0383252155336094 -0.0026324829542005023
0.011217719516591711 0.04662987426892555 0.04662987426892555 -0.0024930779423220388
9.613158471509318e-05 0.005146428765812759 0.005146428765812759 -0.005244638162163256
0.0003587238303435285 0.005498009344860286 0.005498009344860286 -0.005247495817407093
9.610634320156953e-05 0.005294386665994381 0.005294386665994381 -0.00445063966054003
0.0003586296608564318 0.005645814442838852 0.005645814442838852 -0.004453627610129796
0.0004095544711301789 0.004639604099832968 0.004639604099832968 -0.00547527957238466
0.0002810021237179428 0.0051253873750356374 0.0051253873750356374 -0.00547835130335621
0.00040977740761329593 0.004566504860188746 0.004566504860188746 -0.004380200835208268
0.000281367245527746 0.005052027486146509 0.005052027486146509 -0.004383275261172038
0.00016744643774036237 0.004629250344272816 0.004629250344272816 -0.005401869447133838
-2.2834137113509137e-05 0.005199205297989187 0.005199205297989187 -0.005404626514581874
0.0001679220077204672 0.004520849731940435 0.004520849731940435 -0.004116907101956941
-2.2184777503987533e-05 0.0050904417223686365 0.0050904417223686365 -0.004119597982260864
-0.00017933192184228997 0.005028040959727262 0.005028040959727262 -0.005179243165022135
-0.00042560156279152373 0.005658036667076928 0.005658036667076928 -0.005181556006371517
-0.00017844969384595873 0.004887432931909062 0.004887432931909062 -0.0037592250434593413
-0.00042449597644618757 0.005516981011682612 0.005516981011682612 -0.0037614201733612907
-0.0006451226435392805 0.00561995253917182 0.00561995253917182 -0.004727968364774016
-0.0010087790562666016 0.006280611390898829 0.006280611390898829 -0.004729687637980072
-0.0006432928275064692 0.00541257115718825 0.00541257115718825 -0.0032395641400726318
-0.0010066013682925746 0.006072721719063249 0.006072721719063249 -0.0032411057974383777
-0.0012655212415440095 0.006070844798440818 0.006070844798440818 -0.004095941555832304
-0.0016243641521873058 0.006758375722170127 0.006758375722170127 -0.004097034694342993
-0.001263642575147655 0.005865492166251219 0.005865492166251219 -0.0025474453726598238
-0.0016221861132183655 0.0065524790762759785 0.0065524790762759785 -0.0025483009532540654
-0.0019272482423807636 0.006547740160279481 0.006547740160279481 -0.003359798011421917
-0.002419410288031421 0.007304683335635984 0.007304683335635984 -0.0033601531076990366
-0.0019237368481259582 0.006266086442847566 0.006266086442847566 -0.0016561604240913257
-0.002415452795497182 0.0070223496842128025 0.0070223496842128025 -0.0016561539309008172
-0.002782114764875677 0.006662992090220931 0.006662992090220931 -0.002200239609083287
-0.0033323469387343697 0.007424448975469491 0.007424448975469491 -0.002199166607632929
-0.0027774947638166928 0.006348033539874079 0.006348033539874079 -0.0004874778605315133
-0.0033272339357159103 0.007108790196890952 0.007108790196890952 -0.00048599726319038854
-0.003875656116873936 0.0059656909639885245 0.0059656909639885245 -0.0001514790777749571
-0.004912656341006742 0.006470520219749759 0.006470520219749759 -0.00014957692363222415
-0.0038681093040747313 0.005379510778820931 0.005379510778820931 0.0009843197492458112
-0.0049045306960645435 0.0058838070609146505 0.0058838070609146505 0.0009867370339596494
-0.0039997786609559625 0.0005317225578873468 0.0005317225578873468 0.0026577339521626445
-0.0007659510577432415 -0.0003326954978976508 -0.0003326954978976508 0.0026461138890337974
-0.0040353232152985615 0.002356877118742434 0.002356877118742434 0.0006820832210837235
-0.000797463028996515 0.0014888235050794095 0.0014888235050794095 0.0006726972233236668
-5.909884863073442e-05 0.005298659264996537 0.005298659264996537 -0.003907564586849899
-0.00022057622245476224 0.005605036833185237 0.005605036833185237 -0.00391000997290527
-5.906530557491237e-05 0.005207542623043839 0.005207542623043839 -0.0032183368220784613
-0.00022045101975074982 0.005513811429149075 0.005513811429149075 -0.0032207639597279245
-0.0003941058819588244 0.004350369035577692 0.004350369035577692 -0.0036808598610136964
-0.0007122739316690085 0.004711790993066711 0.004711790993066711 -0.003682930583838621
-0.00039378400615213663 0.004170800655811765 0.004170800655811765 -0.002868019788116264
-0.0007117716814123785 0.004532053503063793 0.004532053503063793 -0.002870017995273784
-0.00093080732349736 0.004061468018662649 0.004061468018662649 -0.003326988811006664
-0.0012167326632072802 0.004447004115477633 0.004447004115477633 -0.003328640116426647
-0.0009303081535256552 0.003899894778058094 0.003899894778058094 -0.0024594725246328197
-0.0012160789757928029 0.004285247405397424 0.004285247405397424 -0.0024610363462130333
-0.001427788360250903 0.004078634472340065 0.004078634472340065 -0.002906727378893917
-0.001725844892651983 0.004479276320939721 0.004479276320939721 -0.0029080123839603173
-0.0014270391233706004 0.003910026385217324 0.003910026385217324 -0.0020053118270291644
-0.001724936994322468 0.004310470156273157 0.004310470156273157 -0.0020064943358704583
-0.0019527715746429017 0.0041657921254278285 0.0041657921254278285 -0.0023606624930628565
-0.0022838351466072803 0.004568143018414564 0.004568143018414564 -0.002361539693479727
-0.0019516777946479622 0.003978433123509382 0.003978433123509382 -0.0014556451881792447
-0.0022825683793446135 0.004380579249416666 0.004380579249416666 -0.001456404844369505
-0.00252827130335002 0.004153244166890619 0.004153244166890619 -0.0016622200283647344
-0.0028786238681791465 0.00453799316976203 0.00453799316976203 -0.001662627903535163
-0.002526882042360649 0.003954940442556403 0.003954940442556403 -0.000797033527405708
-0.0028770660065255667 0.004339496764203164 0.004339496764203164 -0.0007973170511295731
-0.0031265852603428327 0.0039598735827533005 0.0039598735827533005 -0.0007602821983555993
-0.003472339898262198 0.004292254405142993 0.004292254405142993 -0.0007601801895011456
-0.003124944997975485 0.003764295595023416 0.003764295595023416 -1.3015215967881758e-05
-0.003470555792123427 0.004096526562426019 0.004096526562426019 -1.2809645540519754e-05
-0.0036861257039376215 0.0032669461583150114 0.0032669461583150114 0.0003065241336839525
-0.003957193060409601 0.003479402563925588 0.003479402563925588 0.00030693986321190706
-0.0036849042963405894 0.0031138420217305925 0.0031138420217305925 0.0007842717993192022
-0.003955905216375011 0.003326233193585936 0.003326233193585936 0.000784740690636442
-0.003785357698592327 0.0014291395501479045 0.0014291395501479045 0.001295296161310722
-0.003103473222273414 0.0013344186763593982 0.0013344186763593982 0.0012944590266458723
-0.0037897863995691498 0.0018126564422665523 0.0018126564422665523 0.001079765368136976
-0.0031078362094565533 0.0017178007298212763 0.0017178007298212763 0.0010790076178970522
-0.0019572314071427247 -0.0008153168243237061 -0.0008153168243237061 -3.065806699731143e-06
0.0004358748090902421 -0.0006998558336341594 -0.0006998558336341594 -2.137587122201344e-06
-0.0019708554556148025 0.000530754728589555 0.000530754728589555 0.00024165248667776896
0.0004219315788265741 0.0006446546163339579 0.0006446546163339579 0.00024237181840913702
-0.00016557699967172185 0.0050568227330221776 0.0050568227330221776 -0.0027686025260150967
-0.0006180763157654497 0.0052973256367598 0.0052973256367598 -0.0027703812368545765
-0.00016551873792278052 0.004801937021908495 0.004801937021908495 -0.002229624880369026
-0.0006178587673417161 0.005042321795272819 0.005042321795272819 -0.002231325213935164
-0.0009147645528815668 0.0038806730064349353 0.0038806730064349353 -0.0023526126306799627
-0.0012774280109274418 0.004144619274340454 0.004144619274340454 -0.002353984256296236
-0.0009145051254126249 0.0036763817120369323 0.0036763817120369323 -0.0017598003228490027
-0.0012770330955315197 0.003940216855176227 0.003940216855176227 -0.0017610978598021428
-0.0015204928000807066 0.0034506417826290644 0.0034506417826290644 -0.0019233757851491184
-0.0018268787510176687 0.0037146332325394137 0.0037146332325394137 -0.0019243679244930294
-0.0015200909310800338 0.0032779961247763494 0.0032779961247763494 -0.0013301236087216851
-0.0018263641739901056 0.0035418866581193313 0.0035418866581193313 -0.001331051569409531
-0.002041796125872919 0.00324482615092342 0.00324482615092342 -0.0014608658552158088
-0.0023279623773284227 0.0035035437646548984 0.0035035437646548984 -0.0014615565643576298
-0.0020412655059456656 0.0030835177393386797 0.0030835177393386797 -0.0008793839774485589
-0.002327331865958383 0.0033421408338260177 0.0033421408338260177 -0.0008800130408635335
-0.0025300524473632824 0.003056191563345331 0.003056191563345331 -0.0009259816814879189
-0.002802748334018569 0.003295550183787799 0.003295550183787799 -0.0009263692879226841
-0.002529412169349786 0.0029024575181068064 0.0029024575181068064 -0.00038801386848122074
-0.002802021852409546 0.003141734264051687 0.003141734264051687 -0.00038834572416669136
-0.002979842208989323 0.0027510600724670355 0.0027510600724670355 -0.0003125492029423577
-0.0032003006252158744 0.0029542727672567143 0.0029542727672567143 -0.00031265207721783723
-0.0029792516197325513 0.002626730664360468 0.002626730664360468 0.00014420722487844964
-0.0031996535526242877 0.0028298860350521684 0.0028298860350521684 0.00014414472484091203
-0.0033327746181410134 0.0022553166226910322 0.0022553166226910322 0.0003691084991824627
-0.0034865727838029044 0.002388929782006035 0.002388929782006035 0.0003692006534227236
-0.0033322836393726435 0.0021686544729084957 0.0021686544729084957 0.0006695261156158439
-0.0034860534664380464 0.0023022426859544975 0.0023022426859544975 0.0006696338012086659
-0.0034745778992965382 0.0013475467550410208 0.0013475467550410208 0.0009746118596354197
-0.003306370898368162 0.0013728506264936008 0.0013728506264936008 0.0009745823494793008
-0.003475244122471254 0.0014420023782830617 0.0014420023782830617 0.0010312932274350872
-0.0033070490985271923 0.001467298321543574 0.001467298321543574 0.0010312663995603127
-0.0029449228567205014 0.00014325038498541446 0.00014325038498541446 0.0009690117578896465
-0.002146262192647342 0.00011899141594426163 0.00011899141594426163 0.0009687615797851914
-0.0029478482944746845 0.0005920889853932673 0.0005920889853932673 0.000911992308825644
-0.0021491795274422828 0.0005676568157638559 0.0005676568157638559 0.0009117804748931497
-0.0013311414300761011 -0.0006102252209404118 -0.0006102252209404118 0.00030121412313919763
8.626047320596201e-05 -0.0006270092527077814 -0.0006270092527077814 0.0003011411897160937
-0.0013359509680466888 0.00018726479198859805 0.00018726479198859805 0.0002579084201082183
8.150144787471395e-05 0.0001699367040433737 0.0001699367040433737 0.000257850475335886
-0.00022317159380109514 0.004559162362205781 0.004559162362205781 -0.0018889378477366567
-0.0008331327630979903 0.004734406552836476 0.004734406552836476 -0.0018900467851685778
-0.0002231150281267607 0.004215820117881592 0.004215820117881592 -0.0014975849217238155
-0.0008329215070317558 0.004390930178653724 0.004390930178653724 -0.0014986164102003977
-0.0011978406199432585 0.0033801742920079804 0.0033801742920079804 -0.001389274314344447
-0.001587346701747493 0.0035662945925636434 0.0035662945925636434 -0.0013901395807010008
-0.0011976379822802804 0.0031609952814277207 0.0031609952814277207 -0.0009718371489374544
-0.0015870441136034861 0.003347036977507068 0.003347036977507068 -0.0009726441982719653
-0.0018349871559271537 0.0028771960261512555 0.0028771960261512555 -0.000963531677820597
-0.002125336227992125 0.003057772120631409 0.003057772120631409 -0.0009641305434419435
-0.0018347205548877462 0.002713809347752622 0.002713809347752622 -0.0005580532739744378
-0.002124999141372491 0.0028943273882069214 0.0028943273882069214 -0.0005586083499764282
-0.0023178666883454696 0.0025480123960179113 0.0025480123960179113 -0.0005329803125061602
-0.002557139467760077 0.002709154624173712 0.002709154624173712 -0.0005333205466734158
-0.002317558693794593 0.0024133679950860544 0.0024133679950860544 -0.00017099337409167732
-0.00255677865708476 0.0025744667828661236 0.0025744667828661236 -0.00017130254229533344
-0.0027130162338153446 0.0022080752475058946 0.0022080752475058946 -8.016179954639594e-05
-0.0029040942182193873 0.0023419288261022028 0.0023419288261022028 -8.030534097486875e-05
-0.002712709947313006 0.0021005541473652404 0.0021005541473652404 0.00022061699343912608
-0.002903752280042042 0.0022343786856575207 0.0022343786856575207 0.00022049332003222722
-0.003018963209172485 0.0017737224889366363 0.0017737224889366363 0.0003921767949235647
-0.0031474874144026806 0.0018716843187317994 0.0018716843187317994 0.00039216735031880913
-0.003018715797615656 0.0017014096658547013 0.0017014096658547013 0.0006123854097776074
-0.003147221312302392 0.001799356903691018 0.001799356903691018 0.0006123845378907966
-0.003183932788046394 0.001186282700914852 0.001186282700914852 0.0008195114442654547
-0.0031623522520526663 0.001236229768395488 0.001236229768395488 0.0008195440487811261
-0.0031839848372733127 0.0011983463565745243 0.0011983463565745243 0.000931827577232226
-0.003162406358363355 0.0012482908100855856 0.0012482908100855856 0.0009318598727132445
-0.003041340197737447 0.0004588078080437663 0.0004588078080437663 0.0010460912705798115
-0.002740671404301464 0.00045524719027414636 0.00045524719027414636 0.0010460277985625617
-0.00304202280098031 0.0006277178251196719 0.0006277178251196719 0.001037716491849563
-0.0027413596363057395 0.0006241327949504237 0.0006241327949504237 0.0010376613552936752
-0.0023843013539007417 -0.00022736105119578799 -0.00022736105119578799 0.000861652859100222
-0.0017182983106432796 -0.00025697608645212694 -0.00025697608645212694 0.0008614919997523732
-0.0023857621189673083 0.0001470072579611692 0.0001470072579611692 0.0007935841454379271
-0.0017197432373787338 0.00011727123872073052 0.00011727123872073052 0.0007934521844965004
-0.0011473795708067222 -0.0004512517578895836 -0.0004512517578895836 0.0002530322297121805
-0.0002552490920032652 -0.00043073860530325073 -0.00043073860530325073 0.00025312476669536754
-0.0011492250496068907 5.056020133455663e-05 5.056020133455663e-05 0.0002970035607059049
-0.0002571098321442117 7.085759987958873e-05 7.085759987958873e-05 0.000297075242555385
-0.00024453328749137436 0.003934478837340048 0.003934478837340048 -0.0012517583823006553
-0.0009129049338703079 0.004060223982256736 0.004060223982256736 -0.0012524535466583008
-0.0002444897335101371 0.003558411647243417 0.003558411647243417 -0.0009717365035100647
-0.0009127422616293853 0.0036840185333381005 0.0036840185333381005 -0.0009723689283485141
-0.001298863040439307 0.0028907281294112074 0.0028907281294112074 -0.0007218299886384529
-0.0016866792810996795 0.003008763016353286 0.003008763016353286 -0.000722266036899431
-0.0012987237822484074 0.0026726280013128208 0.0026726280013128208 -0.0004574733448608996
-0.0016864746378467352 0.002790607103830944 0.002790607103830944 -0.00045787528283654103
-0.0019243541462891738 0.0023695609260844432 0.0023695609260844432 -0.0003216697465668525
-0.002187806950577565 0.0024757416924758822 0.0024757416924758822 -0.0003219276725156819
-0.0019241917388258057 0.002221427808056814 0.002221427808056814 -8.340427017641054e-05
-0.002187604204845761 0.0023275776867040317 0.0023275776867040317 -8.364170130859459e-05
-0.0023558597283719986 0.0019661342466777997 0.0019661342466777997 3.733356394581815e-05
-0.0025537538809806666 0.002057387712934522 0.002057387712934522 3.720050975165599e-05
-0.0023556895033551386 0.0018548797019431447 0.0018548797019431447 0.00024226638374684608
-0.0025535567574924284 0.0019461136934237973 0.0019461136934237973 0.0002421456951280842
-0.0026780176271344073 0.0015579292399011274 0.0015579292399011274 0.0003940036751226728
-0.002822351639580078 0.0016341954661593416 0.0016341954661593416 0.00039394938639297674
-0.0026778571377506885 0.0014767993346308358 0.0014767993346308358 0.0005653622471799974
-0.0028221742852929145 0.0015530537670811716 0.0015530537670811716 0.000565315035633774
-0.002891775038701125 0.0010954041058473683 0.0010954041058473683 0.0007343700736488574
-0.0029405014849072527 0.0011456371114516165 0.0011456371114516165 0.0007343742095190137
-0.0028917091185703594 0.0010680025117437138 0.0010680025117437138 0.0008473111992962375
-0.0029404313629269414 0.0011182322599183935 0.0011182322599183935 0.0008473164898446257
-0.002919312976345834 0.00057614243417701 0.00057614243417701 0.0009835738475095068
-0.0028164803331626738 0.0005899041497433813 0.0005899041497433813 0.0009835743679571228
-0.0029194478585826905 0.000633899985710697 0.000633899985710697 0.0010145074521661888
-0.002816618690222318 0.0006476587121482043 0.0006476587121482043 0.0010145084472492029
-0.002664558276451824 5.123992471526675e-05 5.123992471526675e-05 0.001019471944766575
-0.002355864259038187 3.472879273792459e-05 3.472879273792459e-05 0.0010194098980528083
-0.0026649802188285863 0.00022468733302235524 0.00022468733302235524 0.000982054215559119
-0.002356285047995939 0.00020815016175043197 0.00020815016175043197 0.000982002377600564
-0.002060728964114006 -0.0003265919419905808 -0.0003265919419905808 0.0007573574352932249
-0.0015653472029042283 -0.00033753114046677863 -0.00033753114046677863 0.0007573100857812207
-0.0020613786767167083 -4.8133732081277545e-05 -4.8133732081277545e-05 0.0007320031055168552
-0.0015659937285671507 -5.913942343478265e-05 -5.913942343478265e-05 0.0007319650856468727
-0.001168629511165491 -0.0003322323669823833 -0.0003322323669823833 0.0003259237700929677
-0.0005800981322272285 -0.0003138236563730874 -0.0003138236563730874 0.00032597687154653173
-0.0011693771517129667 -1.2420363792101396e-06 -1.2420363792101396e-06 0.00036642965790301796
-0.0005808558601075988 1.7072706361865546e-05 1.7072706361865546e-05 0.00036647031766049256
-0.00024128228402866587 0.0032675481494955977 0.0032675481494955977 -0.0008059323564264222
-0.0009007641549860605 0.003345400340174669 0.003345400340174669 -0.0008062454389182107
-0.00024125385210899955 0.002896570281687574 0.002896570281687574 -0.0006332209999954653
-0.0009006579659066044 0.0029742980345683167 0.0029742980345683167 -0.0006335011109605271
-0.0012737978293208458 0.0024179186738540214 0.0024179186738540214 -0.00030443177792776927
-0.001634244045849408 0.002486159048352361 0.002486159048352361 -0.00030460942735694964
-0.0012737148364824133 0.0022152602289304646 0.0022152602289304646 -0.00015182080344144537
-0.0016341235004750652 0.0022834603860437883 0.0022834603860437883 -0.00015198267491993022
-0.0018571381247402673 0.0019300615312115115 0.0019300615312115115 5.27314779467794e-05
-0.0021066632489011305 0.001989007352685436 0.001989007352685436 5.2639689363056624e-05
-0.0018570377974660914 0.001789813229145439 0.001789813229145439 0.0001848712203460588
-0.0021065390786878676 0.0018487384951800742 0.0018487384951800742 0.00018478754087525125
-0.002264498716250485 0.001512935692569197 0.001512935692569197 0.00036266954290053673
-0.002447447527239458 0.0015675619592167745 0.0015675619592167745 0.0003626091263780858
-0.002264394120933085 0.0014101338608214812 0.0014101338608214812 0.0004852843685704932
-0.0024473270218696975 0.0014647479053475855 0.0014647479053475855 0.00048522980272969717
-0.0025524084784588944 0.0010985623739583072 0.0010985623739583072 0.0006610477336490275
-0.0026577880600662795 0.001138276575628089 0.001138276575628089 0.0006610315362602908
-0.0025523311968158363 0.0010393613599328265 0.0010393613599328265 0.0007502813108769673
-0.002657703572741545 0.0010790709310823663 0.0010790709310823663 0.0007502670681450603
-0.0026956163666206983 0.0006692146004520358 0.0006692146004520358 0.0009027223695756175
-0.0026953609637659 0.0006862992074978793 0.0006862992074978793 0.0009027271203126313
-0.002695611857237905 0.0006693587704657322 0.0006693587704657322 0.0009411709855796283
-0.002695356218531629 0.0006864431255434162 0.0006864431255434162 0.0009411755420470555
-0.0026482016270688255 0.000240305754915863 0.000240305754915863 0.0010214348130158416
-0.002521373020720253 0.00023542281063495 0.00023542281063495 0.0010214228784878262
-0.002648300218974295 0.00031155918833611633 0.00031155918833611633 0.0010104604768458804
-0.002521472685910861 0.00030667191729258624 0.00030667191729258624 0.001010451038816531
-0.002380781777307362 -0.00012459128701386397 -0.00012459128701386397 0.000955839824293878
-0.002124903057329888 -0.00013884682355233611 -0.00013884682355233611 0.0009558046457867619
-0.002380982388548754 1.9192840954717513e-05 1.9192840954717513e-05 0.0009236196782676887
-0.002125102400685844 4.919417666653241e-06 4.919417666653241e-06 0.0009235913118223088
-0.0018990610053728992 -0.00033152105751829534 -0.00033152105751829534 0.0007190032911513468
-0.0015386761073064713 -0.0003347982487885082 -0.0003347982487885082 0.0007189907208463736
-0.0018993362989034514 -0.00012894687592533325 -0.00012894687592533325 0.0007112663481644878
-0.0015389512719587255 -0.00013225916900952577 -0.00013225916900952577 0.0007112564903162269
-0.0012635541577886195 -0.0002477240085497673 -0.0002477240085497673 0.000396965043886066
-0.0008720077808815693 -0.00022749878137606056 -0.00022749878137606056 0.0003970013764251761
-0.0012638488660752679 -2.7550239357972738e-05 -2.7550239357972738e-05 0.00044208802746667015
-0.0008723100279399665 -7.3668253330866945e-06 -7.3668253330866945e-06 0.0004421150004389613
-0.0002163926334160845 0.0026273363704585975 0.0026273363704585975 -0.0005329815200896209
-0.0008078187658076153 0.002673020303829263 0.002673020303829263 -0.0005330967936618315
-0.0002163762547951013 0.002294678961148935 0.002294678961148935 -0.0004319684498336704
-0.0008077575996553839 0.0023402657860062915 0.0023402657860062915 -0.0004320703468933474
-0.0011513713559557102 0.0020012271622872496 0.0020012271622872496 -6.92438071277443e-05
-0.0014988406492909034 0.0020337075582006437 0.0020337075582006437 -6.926978760670611e-05
-0.0011513197864782242 0.0018058874009861824 0.0018058874009861824 3.1094912377495445e-06
-0.0014987673105483752 0.0018383339519007422 0.0018383339519007422 3.0861496125086094e-06
-0.0017161221641191994 0.0015607417977888248 0.0015607417977888248 0.0002595472926395988
-0.0019627812617022517 0.001592475841452125 0.001592475841452125 0.0002595197631318518
-0.001716058999799247 0.001422126089635523 0.001422126089635523 0.0003305549699504278
-0.001962703848272816 0.0014538425919318578 0.0014538425919318578 0.0003305302025882903
-0.002112960906258097 0.0011641928604990684 0.0011641928604990684 0.0005517842357078841
-0.0022772675594905146 0.0011902038919199111 0.0011902038919199111 0.000551770580896126
-0.002112902407852155 0.0010718855124016728 0.0010718855124016728 0.0006101185871907415
-0.0022772012005077514 0.001097888554483026 0.001097888554483026 0.0006101063875411863
-0.0023656497234060417 0.0007787027785606101 0.0007787027785606101 0.0007945369043813899
-0.002443602118686915 0.0007925982502075506 0.0007925982502075506 0.0007945406862504243
-0.0023656144543933153 0.0007349197548666189 0.0007349197548666189 0.0008257678072542763
-0.0024435642044158897 0.0007488134225602791 0.0007488134225602791 0.000825771351863193
-0.0024663005950403454 0.00040777034780563906 0.00040777034780563906 0.0009544766401401988
-0.002451187055492227 0.00040681388114902805 0.00040681388114902805 0.0009544810442935382
-0.002466303317912729 0.0004162709650772997 0.0004162709650772997 0.0009523765025496949
-0.0024511898548087697 0.00041531448370677035 0.00041531448370677035 0.0009523810647267554
-0.0024045781050750273 6.881074195748764e-05 6.881074195748764e-05 0.000996819059087962
-0.002293102483006449 5.73272698321798e-05 5.73272698321798e-05 0.000996808512564743
-0.0024046244373925225 0.0001314459328054239 0.0001314459328054239 0.0009710219967581598
-0.00229314868318818 0.00011995900418069757 0.00011995900418069757 0.0009710141461353585
-0.0021804872543093184 -0.00018730684655900756 -0.00018730684655900756 0.0009028102094145634
-0.001984836120291865 -0.00019783274134902964 -0.00019783274134902964 0.0009027930318403982
-0.0021805699542496552 -7.73580441974338e-05 -7.73580441974338e-05 0.0008790620276189485
-0.0019849180380461184 -8.789436750134652e-05 -8.789436750134652e-05 0.0008790486249957131
-0.0018210153393137746 -0.00029558111257743127 -0.00029558111257743127 0.0007090985620562467
-0.0015693358091647216 -0.0002942566201212805 -0.0002942566201212805 0.0007090977504022483
-0.001821120608039776 -0.00015410993613000377 -0.00015410993613000377 0.0007119127064334028
-0.001569441875797458 -0.0001528025284468725 -0.0001528025284468725 0.0007119120774111406
-0.0013834883715771599 -0.00018088938663878462 -0.00018088938663878462 0.00047389541677690737
-0.0011272279021509752 -0.00016188505816769482 -0.00016188505816769482 0.0004739154753334597
-0.0013835970481696192 -3.6805271727029065e-05 -3.6805271727029065e-05 0.0005164948619569502
-0.001127341222503974 -1.7818996305543824e-05 -1.7818996305543824e-05 0.0005165090717012503
-0.00018653918788012378 0.002060270262729883 0.002060270262729883 -0.00037524817492751335
-0.0006963450377225829 0.002084750109433142 0.002084750109433142 -0.0003752718184096772
-0.0001865304212685174 0.0017735341159862816 0.0017735341159862816 -0.0003213661267751933
-0.0006963123023213036 0.0017979428064362774 0.0017979428064362774 -0.0003213869506264844
-0.0010044676868500642 0.001623479601474836 0.001623479601474836 4.22986983776435e-05
-0.0013365524046298212 0.0016390300260404318 0.0016390300260404318 4.230642158626994e-05
-0.001004436811636614 0.0014367922664347494 0.0014367922664347494 7.672003797342032e-05
-0.0013365094561539929 0.0014523125313216933 0.0014523125313216933 7.672681416247204e-05
-0.0015456475919610048 0.0012493267129267743 0.0012493267129267743 0.00036635637462726164
-0.001785051974733609 0.0012612262330207876 0.0012612262330207876 0.00036636682727715425
-0.0015456106464440788 0.001114794359874773 0.001114794359874773 0.0003928308964526922
-0.00178500772595797 0.001126678223300795 0.001126678223300795 0.0003928402478342374
-0.0019274760117828315 0.0008998676016650215 0.0008998676016650215 0.0006359418939064708
-0.002077488412230104 0.0009051979181369634 0.0009051979181369634 0.0006359576007570955
-0.0019274449274536021 0.0008155914289656454 0.0008155914289656454 0.0006478358066304043
-0.0020774539578066863 0.0008209156554324229 0.0008209156554324229 0.0006478499092018209
-0.0021570083578434395 0.0005631598863328609 0.0005631598863328609 0.0008346008858545788
-0.002224602954110347 0.0005598970998528305 0.0005598970998528305 0.0008346160124822154
-0.002156990679042533 0.0005251963746580684 0.0005251963746580684 0.0008272828198817682
-0.002224584403565268 0.0005219323783088948 0.0005219323783088948 0.0008272966437663446
-0.00224554112800504 0.0002529149198883406 0.0002529149198883406 0.0009433969792895601
-0.0022354982476450007 0.00024290573036784543 0.00024290573036784543 0.0009434021934002347
-0.002245540502854694 0.00025856770382015083 0.00025856770382015083 0.0009209464303719507
-0.0022354975715504623 0.00024855842176256076 0.00024855842176256076 0.0009209518561468714
-0.002202062954452 -1.0211932563252008e-05 -1.0211932563252008e-05 0.0009512125995804178
-0.0021210556474980154 -2.2730611376879645e-05 -2.2730611376879645e-05 0.0009512064576852839
-0.002202079005635464 3.531232903640694e-05 3.531232903640694e-05 0.0009230946703381117
-0.0021210714128225994 2.279174973034683e-05 2.279174973034683e-05 0.0009230904839333629
-0.0020413135020137065 -0.00019031545237748883 -0.00019031545237748883 0.0008645549981343568
-0.0019046619227138816 -0.00019721095712363536 -0.00019721095712363536 0.0008645475830659383
-0.002041342329300951 -0.00011351344442568664 -0.00011351344442568664 0.0008490177764069386
-0.00190469042219626 -0.00012041400373626603 -0.00012041400373626603 0.0008490121352523976
-0.0017924537013900281 -0.00024307291427602817 -0.00024307291427602817 0.0007153338889571738
-0.00162261713126842 -0.00023997550225268965 -0.00023997550225268965 0.000715335144213635
-0.0017924894446607687 -0.0001476059714884279 -0.0001476059714884279 0.0007222315118187675
-0.0016226536249721256 -0.0001445163107962104 -0.0001445163107962104 0.0007222324151282607
-0.0015028867828591216 -0.0001254309610639255 -0.0001254309610639255 0.0005464610473657668
-0.0013455159139908763 -0.00010782951022231511 -0.00010782951022231511 0.0005464710417596756
-0.0015029224303127467 -3.695263147844685e-05 -3.695263147844685e-05 0.0005859936178069527
-0.0013455540104291956 -1.9358145880133545e-05 -1.9358145880133545e-05 0.0005860000764210255
-0.00015833497378245763 0.0015756421949558444 0.0015756421949558444 -0.00029055030076762504
-0.000591037639240847 0.0015894487503122026 0.0015894487503122026 -0.0002905518485264485
-0.00015833032767523353 0.001332274604281194 0.001332274604281194 -0.0002602589023299725
-0.0005910202920307871 0.0013460301342441252 0.0013460301342441252 -0.0002602603696013624
-0.000863972552224246 0.0012814902196966967 0.0012814902196966967 9.225680762679088e-05
-0.0011769561145601216 0.0012852048296032848 0.0012852048296032848 9.228335246068227e-05
-0.0008639544909231923 0.0011055380212288423 0.0011055380212288423 0.00010019379639385084
-0.0011769319144664888 0.0011092260506335421 0.0011092260506335421 0.0001002166658890079
-0.0013722979941460255 0.0009764986839113428 0.0009764986839113428 0.0004010100644701442
-0.001593086907066278 0.0009746835105120676 0.0009746835105120676 0.00040104101045447283
-0.0013722781011895149 0.0008524194301339566 0.0008524194301339566 0.00039673469178424435
-0.0015930638818979917 0.0008505910609898356 0.0008505910609898356 0.0003967616313125477
-0.0017268339083524088 0.0006884711103357339 0.0006884711103357339 0.0006471251812212987
-0.0018715745767854334 0.0006822707267827144 0.0006822707267827144 0.000647149976542639
-0.0017268172373650968 0.0006071525509849752 0.0006071525509849752 0.0006331244980272548
-0.001871556749681321 0.0006009464779115942 0.0006009464779115942 0.0006331462276056064
-0.0019504042732948852 0.00041217573241616095 0.00041217573241616095 0.000816628210758609
-0.00202117156102087 0.0004024277082233974 0.0004024277082233974 0.0008166430382959428
-0.0019503946163268687 0.0003724279467072231 0.0003724279467072231 0.000794727726928695
-0.002021161805196727 0.0003626784940512621 0.0003626784940512621 0.0007947410011529583
-0.0020495819467414265 0.0001649704058707979 0.0001649704058707979 0.0009026323171417016
-0.002056568006694029 0.0001526766877248186 0.0001526766877248186 0.0009026370128847381
-0.0020495797206942223 0.0001610588899774512 0.0001610588899774512 0.000875032819035544
-0.0020565658979803387 0.00014876503041497068 0.00014876503041497068 0.0008750374878006488
-0.002042091236750434 -3.517557123956553e-05 -3.517557123956553e-05 0.0009038989417112021
-0.001995663502826808 -4.597512524891998e-05 -4.597512524891998e-05 0.0009038959727736826
-0.0020420958701307195 -9.072889907658298e-06 -9.072889907658298e-06 0.0008796414480036685
-0.0019956680946394897 -1.9873110646453975e-05 -1.9873110646453975e-05 0.0008796395691120473
-0.001946544515212312 -0.000161298374314724 -0.000161298374314724 0.000838526778322053
-0.0018588443635606396 -0.00016708497537343308 -0.00016708497537343308 0.0008385230551280115
-0.0019465537115992873 -0.00011200083766653957 -0.00011200083766653957 0.0008255112101842732
-0.0018588534628486294 -0.000117789503977309 -0.000117789503977309 0.0008255085177578876
-0.0017883645302584198 -0.00018337629344000126 -0.00018337629344000126 0.0007275575049359944
-0.001683530447337753 -0.00017991510636626343 -0.00017991510636626343 0.0007275584909789109
-0.0017883756343158625 -0.00012444384668981696 -0.00012444384668981696 0.0007353172254245669
-0.0016835420129212744 -0.00012098558110993516 -0.00012098558110993516 0.000735317897920783
-0.0016133421423869018 -7.915966762554951e-05 -7.915966762554951e-05 0.0006133068607453307
-0.001526377721856887 -6.351939986425922e-05 -6.351939986425922e-05 0.000613310614020329
-0.0016133527754488473 -3.0264911362007596e-05 -3.0264911362007596e-05 0.0006484569447640479
-0.0015263894111869896 -1.4626897055574723e-05 -1.4626897055574723e-05 0.000648458804976373
-0.00013564232447376944 0.001163448816825775 0.001163448816825775 -0.0002457810030803625
-0.0005063146882376423 0.0011677721460184808 0.0011677721460184808 -0.00024576074390695885
-0.00013563974234363183 0.0009549690062120964 0.0009549690062120964 -0.00023654053312935274
-0.0005063050482304842 0.000959255015966608 0.000959255015966608 -0.0002365239422291676
-0.0007464307812058495 0.0009645084850222459 0.0009645084850222459 0.00010234400255030885
-0.0010317603613284895 0.0009636776519104632 0.0009636776519104632 0.00010236728037594584
-0.0007464201432812981 0.0008040956489733205 0.0008040956489733205 0.00010018942902729032
-0.001031746415563235 0.0008032427362628681 0.0008032427362628681 0.00010020883327134033
-0.0012130664931339656 0.0007384784427627073 0.0007384784427627073 0.00039074930133946306
-0.0014231046045263833 0.0007331358829830211 0.0007331358829830211 0.0003907732642589736
-0.0012130546933576177 0.0006204335425875467 0.0006204335425875467 0.00037859502816027366
-0.0014230913887081952 0.0006150790042737819 0.0006150790042737819 0.00037861513450368234
-0.0015522545226079511 0.0005169076626813275 0.0005169076626813275 0.0006205876732629039
-0.0016951111662991032 0.0005078991470455661 0.0005078991470455661 0.0006206070120876237
-0.0015522450636942448 0.0004366425600193202 0.0004366425600193202 0.0006002872845789275
-0.0016951014818763549 0.0004276284452164826 0.0004276284452164826 0.0006003036324050316
-0.0017766266024998782 0.0003059515156789837 0.0003059515156789837 0.0007773458065748535
-0.0018565306624963311 0.0002945561963926808 0.0002945561963926808 0.0007773574681377674
-0.0017766210235264873 0.00026106925871581955 0.00026106925871581955 0.0007517353674367105
-0.0018565253760714515 0.0002496720967929005 0.0002496720967929005 0.0007517453853061143
-0.0018949837640666236 0.0001171180099225711 0.0001171180099225711 0.0008557104706000517
-0.0019201888368334302 0.00010590360211089306 0.00010590360211089306 0.0008557139129666484
-0.0018949824211146838 0.00010297268671393893 0.00010297268671393893 0.0008305227650325053
-0.0019201878242850006 9.175800315858328e-05 9.175800315858328e-05 0.0008305259633201669
-0.0019226949194184758 -3.098864488383436e-05 -3.098864488383436e-05 0.0008632272669680876
-0.0019043766936174874 -4.014549403657703e-05 -4.014549403657703e-05 0.0008632260689792544
-0.0019226970209154717 -2.067712624252354e-05 -2.067712624252354e-05 0.0008426588148040063
-0.001904378944772712 -2.983411335702946e-05 -2.983411335702946e-05 0.0008426581624075473
-0.0018801594960227092 -0.0001167108674959645 -0.0001167108674959645 0.0008168755256561326
-0.0018323381575959144 -0.00012140860888181808 -0.00012140860888181808 0.0008168737715742061
-0.001880163408403151 -8.982053274216134e-05 -8.982053274216134e-05 0.0008063188030912592
-0.0018323421107662038 -9.451887115025204e-05 -9.451887115025204e-05 0.0008063175997196454
-0.001795029668947251 -0.00012290273753035752 -0.00012290273753035752 0.0007408652824242121
-0.0017409292418630539 -0.00011960237109770558 -0.00011960237109770558 0.0007408657160462745
-0.0017950344690846253 -9.248170922844729e-05 -9.248170922844729e-05 0.0007482793603931134
-0.0017409342260403572 -8.918208322246485e-05 -8.918208322246485e-05 0.0007482796047704694
-0.0017087227431010264 -3.7917134180774364e-05 -3.7917134180774364e-05 0.0006715948919014678
-0.0016748170989842365 -2.542797696515465e-05 -2.542797696515465e-05 0.0006715955050199749
-0.0017087270395297477 -1.8845513768724467e-05 -1.8845513768724467e-05 0.0006996669276731844
-0.0016748215782148575 -6.356789738095098e-06 -6.356789738095098e-06 0.0006996667996982146
-0.00011801984296720234 0.0008120227158980573 0.0008120227158980573 -0.00023030801557144128
-0.0004405246780392106 0.0008156158045774719 0.0008156158045774719 -0.0002302966064926077
-0.00011801799868273244 0.0006306340270153669 0.0006306340270153669 -0.0002225180054048134
-0.00044051779301393216 0.0006341988748042093 0.0006341988748042093 -0.00022250916586262487
-0.0006553240622149804 0.0006893881782385588 0.0006893881782385588 9.761049043111093e-05
-0.0009196539867109 0.0006873009635763857 0.0006873009635763857 9.762728146452316e-05
-0.0006553160251178658 0.000540776259529431 0.000540776259529431 9.273145854863933e-05
-0.0009196435455104445 0.0005386700918957487 0.0005386700918957487 9.274459871613009e-05
-0.0010906739378785727 0.0005323834596231902 0.0005323834596231902 0.0003700313584971305
-0.0012935905390437643 0.0005274317078647894 0.0005274317078647894 0.0003700468152616948
-0.001090664792767153 0.00041833614773640834 0.00041833614773640834 0.00035880129083236997
-0.0012935802546248341 0.00041337321775129006 0.00041337321775129006 0.0003588134219228961
-0.0014199670778856275 0.0003759495319204368 0.0003759495319204368 0.0005865175798713434
-0.0015623423258203366 0.0003682695027745641 0.0003682695027745641 0.0005865292185019469
-0.0014199595648562195 0.00029595127841454015 0.00029595127841454015 0.0005692166143969379
-0.0015623347220762934 0.0002882657100908958 0.0002882657100908958 0.0005692258164693244
-0.0016469922947430307 0.00022693568413774675 0.00022693568413774675 0.0007347031340318454
-0.0017359156080792024 0.00021763843910851477 0.00021763843910851477 0.0007347099031606752
-0.0016469879000785936 0.00017698561276180871 0.00017698561276180871 0.0007138025215278861
-0.0017359116070416061 0.00016768615752490933 0.00016768615752490933 0.0007138079274185249
-0.0017831174542483144 9.369447193241489e-05 9.369447193241489e-05 0.0008135908960866351
-0.0018231805150712784 8.432256297079212e-05 8.432256297079212e-05 0.0008135932757247199
-0.0017831163927441072 7.120217834364104e-05 7.120217834364104e-05 0.0007925373628153413
-0.001823179855580528 6.182977373358708e-05 6.182977373358708e-05 0.000792539363102224
-0.001838734862686855 -1.0063350868099564e-05 -1.0063350868099564e-05 0.0008291310471587548
-0.001841187886042807 -1.735692543840477e-05 -1.735692543840477e-05 0.0008291307543062175
-0.0018387362794333127 -1.1422581001147543e-05 -1.1422581001147543e-05 0.0008127477724797456
-0.0018411895212548963 -1.8716174984932213e-05 -1.8716174984932213e-05 0.0008127476837676774
-0.001835673793827502 -6.596325199185272e-05 -6.596325199185272e-05 0.0007997665348445043
-0.0018181678521633079 -6.923363363415283e-05 -6.923363363415283e-05 0.0007997658820613697
-0.0018356767031711733 -5.6106350472472896e-05 -5.6106350472472896e-05 0.0007924198728905469
-0.0018181708545102332 -5.937678157852758e-05 -5.937678157852758e-05 0.0007924194498503286
-0.0018048945391452916 -6.547144626224893e-05 -6.547144626224893e-05 0.0007529302280649322
-0.0017861395866231723 -6.311888900153382e-05 -6.311888900153382e-05 0.0007529303040727401
-0.0018048979136364761 -5.4913489460834365e-05 -5.4913489460834365e-05 0.0007582186578306413
-0.0017861429971165526 -5.25609851356748e-05 -5.25609851356748e-05 0.0007582186808872389
-0.0017801561239262067 -2.9345613973137472e-06 -2.9345613973137472e-06 0.0007172891611741936
-0.0017825535947291941 5.998324992110113e-06 5.998324992110113e-06 0.0007172888174491145
-0.0017801587748672006 -4.2661091194183295e-06 -4.2661091194183295e-06 0.0007373668072041051
-0.0017825560648066466 4.666742688381634e-06 4.666742688381634e-06 0.0007373663283569979
-0.00010640114655825978 0.0005046934970106416 0.0005046934970106416 -0.0002161151450631212
-0.0003971502718159342 0.00050907878692358 0.00050907878692358 -0.000216108904219085
-0.00010639940845148904 0.00034116717424102425 0.00034116717424102425 -0.00020641127653790758
-0.0003971437833248118 0.00034552952261953274 0.00034552952261953274 -0.00020640707879262656
-0.000596547274634977 0.00043736431223474244 0.00043736431223474244 9.320711145028062e-05
-0.0008505559530996984 0.00044016197449992943 0.00044016197449992943 9.321420767377727e-05
-0.000596538728961114 0.00029455442086872457 0.00029455442086872457 9.939389441635951e-05
-0.0008505435688681723 0.0002973346108837787 0.0002973346108837787 9.939862627098719e-05
-0.0010152272439118055 0.0003475772167966027 0.0003475772167966027 0.0003535102039960856
-0.001211115350439802 0.00034617737838256934 0.00034617737838256934 0.00035351650612218063
-0.001015215898709093 0.00023747900783174463 0.00023747900783174463 0.0003503066554255952
-0.0012111025222608053 0.00023606877995123075 0.00023606877995123075 0.00035031088859246317
-0.0013350490779549106 0.0002546758068100074 0.0002546758068100074 0.0005592194814874061
-0.0014777724907684567 0.0002502457023388735 0.0002502457023388735 0.0005592242515514125
-0.0013350392795022303 0.00017448077586666984 0.00017448077586666984 0.0005492371597924144
-0.0014777624829073316 0.00017004514591097435 0.00017004514591097435 0.0005492403767476258
-0.0015639136608133588 0.00016261782291333734 0.00016261782291333734 0.0007010684136780988
-0.0016565552215265411 0.00015645186520370696 0.00015645186520370696 0.000701071385296174
-0.0015639073911144256 0.00011057748818630855 0.00011057748818630855 0.0006872062838427559
-0.0016565492084701827 0.00010440918920024425 0.00010440918920024425 0.0006872083016842374
-0.0017087565184666083 8.108995992614341e-05 8.108995992614341e-05 0.0007796944813597643
-0.0017587537495946173 7.485122986091809e-05 7.485122986091809e-05 0.0007796956137505936
-0.0017087539044091892 5.3016361137325335e-05 5.3016361137325335e-05 0.0007656780377424114
-0.00175875144446882 4.6776946794254645e-05 4.6776946794254645e-05 0.0007656788287558016
-0.0017836772247356784 1.802121222176414e-05 1.802121222176414e-05 0.0008029531298775198
-0.001801789362184764 1.3404325188826224e-05 1.3404325188826224e-05 0.000802953106267061
-0.0017836774028652616 7.864459416015799e-06 7.864459416015799e-06 0.0007925817345475863
-0.0018017897411195425 3.2474997305027466e-06 3.2474997305027466e-06 0.0007925817466293971
-0.0018090956456531485 -1.5147773047239246e-05 -1.5147773047239246e-05 0.0007879636032449604
-0.0018109539237516467 -1.7299143916217493e-05 -1.7299143916217493e-05 0.000787963402236297
-0.001809097340378416 -1.6171854800924886e-05 -1.6171854800924886e-05 0.0007831316053925972
-0.0018109557034698917 -1.8323188809876825e-05 -1.8323188809876825e-05 0.000783131489699242
-0.0018130840873330342 -1.2954934701196278e-05 -1.2954934701196278e-05 0.0007613000524787464
-0.0018170460523889605 -1.1564321668557611e-05 -1.1564321668557611e-05 0.0007613000774546537
-0.001813086028342133 -1.5162527091955723e-05 -1.5162527091955723e-05 0.0007644270648839585
-0.001817047970825026 -1.3771876193126375e-05 -1.3771876193126375e-05 0.0007644270760757744
-0.0018276859682430575 2.639845343867103e-05 2.639845343867103e-05 0.000749182789082267
-0.001852783003358259 3.183293974627022e-05 3.183293974627022e-05 0.0007491824721762317
-0.0018276865798303626 1.2310742615133523e-05 1.2310742615133523e-05 0.0007613956103462333
-0.0018527833848887346 1.774506514448671e-05 1.774506514448671e-05 0.000761395360360622
-0.00010509267419475057 0.00022738673332621618 0.00022738673332621618 -0.0001876255964069741
-0.00039226551964159954 0.0002459154853642135 0.0002459154853642135 -0.00018762429750100856
-0.00010508828326651935 6.588235145274388e-05 6.588235145274388e-05 -0.0001460043476809541
-0.000392249127635278 8.438872983900841e-05 8.438872983900841e-05 -0.00014600399967143582
-0.0005852658711587623 0.00021804496556854466 0.00021804496556854466 0.00010529560434433867
-0.0008253727936212708 0.00022248472504422174 0.00022248472504422174 0.00010529719810663401
-0.0005852462886555979 8.305583095192054e-05 8.305583095192054e-05 0.0001152414860819944
-0.0008253496946005049 8.74799614819442e-05 8.74799614819442e-05 0.00011524191311740648
-0.000982997850676144 0.00018579553829961115 0.00018579553829961115 0.00034876537685608097
-0.0011735347161224176 0.0001853643713536595 0.0001853643713536595 0.0003487666060478974
-0.0009829780803363183 7.870600737664271e-05 7.870600737664271e-05 0.00034777247429279893
-0.001173514204602483 7.82649997520728e-05 7.82649997520728e-05 0.00034777280365208747
-0.0012948054640965832 0.00014626069485034092 0.00014626069485034092 0.0005440142689828297
-0.001435595724368705 0.00014436624014989326 0.00014436624014989326 0.000544015126879046
-0.0012947900656175113 6.715130737782764e-05 6.715130737782764e-05 0.0005397446537812911
-0.0014355802624361584 6.525148796478365e-05 6.525148796478365e-05 0.0005397448836543496
-0.0015216448672193729 0.00010703390271890056 0.00010703390271890056 0.000680042554987571
-0.0016159573253548129 0.00010450175673848998 0.00010450175673848998 0.0006800430834992894
-0.0015216346033429065 5.405423455097597e-05 5.405423455097597e-05 0.0006743486927602954
-0.0016159471798487754 5.151969531871659e-05 5.151969531871659e-05 0.000674348834375325
-0.0016706808731169628 7.276454526245264e-05 7.276454526245264e-05 0.0007587953521274873
-0.0017258884516646138 7.063880478562316e-05 7.063880478562316e-05 0.0007587955106054256
-0.0016706752130736095 4.176342938977814e-05 4.176342938977814e-05 0.0007540181610162033
-0.0017258829182658121 3.9636894907021566e-05 3.9636894907021566e-05 0.0007540182034805041
-0.0017556275325818847 4.6853076794107166e-05 4.6853076794107166e-05 0.0007873824681180245
-0.0017816793054940387 4.514806855150203e-05 4.514806855150203e-05 0.0007873824809970869
-0.0017556253580592574 3.2235589225156716e-05 3.2235589225156716e-05 0.0007835522410104572
-0.0017816772137664422 3.053043564320886e-05 3.053043564320886e-05 0.0007835522444614599
-0.001795633471401415 3.350370210689317e-05 3.350370210689317e-05 0.0007807014709783542
-0.001807711078699422 3.269816435657763e-05 3.269816435657763e-05 0.0007807014459725885
-0.0017956330964132411 2.6737661790854314e-05 2.6737661790854314e-05 0.0007788924670628784
-0.0018077107391802959 2.5932126227962085e-05 2.5932126227962085e-05 0.000778892460362633
-0.0018176813710809652 3.489231315868352e-05 3.489231315868352e-05 0.0007658382544156802
-0.0018328429948831658 3.52156861132985e-05 3.52156861132985e-05 0.0007658382448523932
-0.0018176809928825495 2.6391330903839782e-05 2.6391330903839782e-05 0.0007665660099156451
-0.001832842601460328 2.6714683661213814e-05 2.6714683661213814e-05 0.0007665660073531738
-0.0018511760761730715 5.110239830263154e-05 5.110239830263154e-05 0.000767205966610544
-0.0018860951763083754 5.2734693228444565e-05 5.2734693228444565e-05 0.0007672059193639422
-0.001851173806006382 3.149544272624662e-05 3.149544272624662e-05 0.0007708741982172622
-0.0018860928131808024 3.312743877441013e-05 3.312743877441013e-05 0.0007708741855576178
eps_abs 640
0.0008474109455480368 0.0005587437355244733 0.0005587437355244733 0.010034501680704251
0.003159065507449808 0.0007748551921786534 0.0007748551921786534 0.010034720734797291
0.0008472312047735558 0.001867855875995716 0.001867855875995716 0.009543531889780034
0.0031583967372149848 0.0020824606133636034 0.0020824606133636034 0.009544348905158498
0.004704459762683863 0.000881506099134741 0.000881506099134741 0.013478996140478313
0.006615779080812464 0.0011768095003819644 0.0011768095003819644 0.013479244504413958
0.004703632196633728 0.0019666417959763485 0.0019666417959763485 0.012806972845051333
0.006614397247831517 0.002260850519659943 0.002260850519659943 0.012807898973569865
0.007804829990469575 0.0012877757793195322 0.0012877757793195322 0.01613465428822491
0.00914267356451752 0.0016166046486598858 0.0016166046486598858 0.016134853547096754
0.007803700312214206 0.00204816018384195 0.00204816018384195 0.015385387486853943
0.00914112586879283 0.002376381624735271 0.002376381624735271 0.015386130441640644
0.009929782640737296 0.0017394401434344643 0.0017394401434344643 0.01809034173196377
0.010742292552613728 0.0020420285639551265 0.0020420285639551265 0.01809045463951637
0.009928815463733271 0.0022010597465908894 0.0022010597465908894 0.0174006760409924
0.010741099646143025 0.002503371496388228 0.002503371496388228 0.017401097060804293
0.011194007257745647 0.0021534637274751136 0.0021534637274751136 0.019588057235215423
0.0116153133430821 0.002375149627660948 0.002375149627660948 0.01958809689532305
0.011193315764391415 0.002392831017190891 0.002392831017190891 0.019083655325001232
0.011614537704539494 0.0026144229737481046 0.0026144229737481046 0.019083803250462803
0.011718193141746694 0.002387594980248325 0.002387594980248325 0.02053718818360671
0.011576514099972087 0.0025205792781230448 0.0025205792781230448 0.020537191738216724
0.011718950590925014 0.0023051385960388498 0.0023051385960388498 0.02023519444011708
0.011577332808686615 0.0024381046788366206 0.0024381046788366206 0.02023520770298655
0.011238905832857828 0.002412544583635878 0.002412544583635878 0.02070191022131796
0.01045624381336853 0.0023508744601142243 0.0023508744601142243 0.020701955756666213
0.011241342334784766 0.00196509825149016 0.00196509825149016 0.02084551001763078
0.0104586992262116 0.001903259247887091 0.001903259247887091 0.020845679960516186
0.009558683271215274 0.0020022103989640735 0.0020022103989640735 0.019745819994119847
0.007885656713133335 0.0016202068812677375 0.0016202068812677375 0.019746134683504488
0.009563028635681672 0.0010536723108201334 0.0010536723108201334 0.02061934091934728
0.007889462730842406 0.0007168174286591035 0.0007168174286591035 0.02062051658639935
0.006246860763821604 0.000946188320256801 0.000946188320256801 0.01712941023926064
0.0034366549633083263 0.00037704227325101856 0.00037704227325101856 0.017130414878244994
0.006252084257259651 0.0007515861421115648 0.0007515861421115648 0.019138553439519743
0.003439179545565914 0.0015698710514739532 0.0015698710514739532 0.019142312748543257
0.0018979338116789125 0.000372235421508487 0.000372235421508487 0.014751320691979382
0.0005088884574134408 0.00024022385377449608 0.00024022385377449608 0.014751329671345079
0.0018986206348335305 0.0008961735658941275 0.0008961735658941275 0.01513836485329772
0.0005090727684079325 0.0010153457040606327 0.0010153457040606327 0.015138398361776276
0.0006618601444721081 0.002820139685668732 0.002820139685668732 0.008961025154528695
0.0024679493307511883 0.003304173021119241 0.003304173021119241 0.008963928985230926
0.0006615759164805234 0.0038417710489610365 0.0038417710489610365 0.007859734333290671
0.0024668911716258257 0.004324663424980065 0.004324663424980065 0.00786376808670572
0.003670200874598719 0.0033344008938225736 0.0033344008938225736 0.011874970107122835
0.005146944974435208 0.004161383850282654 0.004161383850282654 0.011879132283221282
0.0036687145912606156 0.004170736984541352 0.004170736984541352 0.00999407563550397
0.0051443072870111135 0.004996386205558971 0.004996386205558971 0.009999742576862326
0.0061253102822807605 0.0042262886078957935 0.0042262886078957935 0.014253064563973837
0.007314666866766601 0.005261986751233071 0.005261986751233071 0.014256836991523076
0.006122586795860122 0.004899101633214605 0.004899101633214605 0.01189638546394628
0.0073107333917140326 0.005933250414913249 0.005933250414913249 0.011901631142744111
0.008134512268055652 0.005484694536918641 0.005484694536918641 0.016271144932781614
0.009175208891542039 0.006543537469516286 0.006543537469516286 0.016273642184302935
0.008130083088264446 0.006072758607700099 0.006072758607700099 0.013861044841645293
0.009169522520286813 0.007130087516549177 0.007130087516549177 0.013864689059200717
0.009856895660900668 0.006868673029445721 0.006868673029445721 0.018068755949112735
0.010669685844606416 0.00786875148369613 0.00786875148369613 0.018070098898911507
0.009852184198440746 0.0073260719141160025 0.0073260719141160025 0.015791225776356832
0.010664050815773 0.00832488419034091 0.00832488419034091 0.01579342120381939
0.011141661968509775 0.007885081446312316 0.007885081446312316 0.01948538163249827
0.011592722464365365 0.008651372981707007 0.008651372981707007 0.019485626585112718
0.01113937371329858 0.008136595283555387 0.008136595283555387 0.01774157821853392
0.011590075015108005 0.008902202895307776 0.008902202895307776 0.017742214932047775
0.011929203805304626 0.008422394250056767 0.008422394250056767 0.02061640884524516
0.012375961635811969 0.008750853883645254 0.008750853883645254 0.020616374905017044
0.011923408264422314 0.00867797614050531 0.00867797614050531 0.01987404321688435
0.01236993556763697 0.009006289240755857 0.009006289240755857 0.019874089380628485
0.0125069311137095 0.007729836099565184 0.007729836099565184 0.021252951504312972
0.012376048059270523 0.007328246855019641 0.007328246855019641 0.021255121191876787
0.012508878209721252 0.007660640467045908 0.007660640467045908 0.022179096595765897
0.012377959847158186 0.0072588940220661225 0.0072588940220661225 0.02218133694347391
0.012141196761030728 0.005401121039845208 0.005401121039845208 0.02115571158764434
0.01157409258071241 0.00382422826400635 0.00382422826400635 0.021165132055342487
0.01214702135040851 0.0050907335174398965 0.0050907335174398965 0.02476792403833461
0.0115788323227452 0.0035110545991543 0.0035110545991543 0.024778278955738177
0.008976798465158375 0.0022780315003896974 0.0022780315003896974 0.01820427727572857
0.0024129643511693823 0.0014608079958752045 0.0014608079958752045 0.018220333002565196
0.009015266916145405 0.0022035869671336206 0.0022035869671336206 0.026264328171267903
0.0024233572144675536 0.005195931082742193 0.005195931082742193 0.026303724107394313
0.0003462527785164838 0.004413296596884945 0.004413296596884945 0.00705061945169416
0.001291644423871218 0.004902202839348706 0.004902202839348706 0.007054872155929146
0.00034610261615615 0.004947084691398109 0.004947084691398109 0.005941802636586366
0.0012910847320759737 0.0054354883560862426 0.0054354883560862426 0.005946653112289053
0.0018415944248250887 0.004619301665135566 0.004619301665135566 0.008581242091965185
0.002394889916641282 0.005492259214380378 0.005492259214380378 0.008587846722512222
0.001840998937260712 0.004930908541226528 0.004930908541226528 0.006603967410004684
0.0023938566307263936 0.005802958075539306 0.005802958075539306 0.006611177689764817
0.002792794204378634 0.005447978480601676 0.005447978480601676 0.00994466799187495
0.003315363475017831 0.006760829266334648 0.006760829266334648 0.009952619625281
0.0027911685369896885 0.005739730043723508 0.005739730043723508 0.006970027970139888
0.003312983349922381 0.0070506411717379015 0.0070506411717379015 0.006978692540415426
0.0037261774178290307 0.007274612975782637 0.007274612975782637 0.01144420748139621
0.004312823029405664 0.00912547004919111 0.00912547004919111 0.011452710334146972
0.003722667998596465 0.007596478279952474 0.007596478279952474 0.0072488062525376444
0.00430807078502103 0.009443535861011177 0.009443535861011177 0.007258381863524543
0.0047958101520424205 0.010125517783869446 0.010125517783869446 0.012916079642542997
0.005509765404798498 0.012587242682580041 0.012587242682580041 0.012923879163646025
0.004788649102677366 0.010508027726273073 0.010508027726273073 0.007334017036007785
0.005500490227935073 0.012963060271251601 0.012963060271251601 0.007343455763275712
0.0061335490035424895 0.013781697089273215 0.013781697089273215 0.01447375485891314
0.007066867816379861 0.016943299783081376 0.016943299783081376 0.01447859530001302
0.006118752544718686 0.014269142960638656 0.014269142960638656 0.007302885082144915
0.007048282216486346 0.01741970420023602 0.01741970420023602 0.007310271373449542
0.007730445670470788 0.018916364683011166 0.018916364683011166 0.016276307091236702
0.00859113408850431 0.022885072122164087 0.022885072122164087 0.016274176411963395
0.007715489613728513 0.019330224283529086 0.019330224283529086 0.007273306297189345
0.008572625169682402 0.02328170972591749 0.02328170972591749 0.007275029147274517
0.00938196108868046 0.024793664966735712 0.024793664966735712 0.018260425355042013
0.010523009889980077 0.029793808798857353 0.029793808798857353 0.01824408123129109
0.00935196614032179 0.025313733512651385 0.025313733512651385 0.006914894673739475
0.01048659160044847 0.03028651053292254 0.03028651053292254 0.006904648703731077
0.011357523330095907 0.03242031504045213 0.03242031504045213 0.02045439195155419
0.01223626468002818 0.0389018442518453 0.0389018442518453 0.020415225308992417
0.011330509448406212 0.03270091541589648 0.03270091541589648 0.005864069543477726
0.012203286227324996 0.039136825045530864 0.039136825045530864 0.005839899759911544
0.012553369960183676 0.03938862259817796 0.03938862259817796 0.02156423999596431
0.013909398419501846 0.04777016310985539 0.04777016310985539 0.021449579901602726
0.012520665155142836 0.0383252155336094 0.0383252155336094 0.002690523627667109
0.013794404902502335 0.04662987426892555 0.04662987426892555 0.002564282129822599
0.0001126296715598641 0.005146428765812759 0.005146428765812759 0.005244638162163256
0.0004202813324304325 0.005498009344860286 0.005498009344860286 0.005247495817407093
0.000112594004584357 0.005294386665994381 0.005294386665994381 0.00445063966054003
0.0004201482724983872 0.005645814442838852 0.005645814442838852 0.004453627610129796
0.0005577279554328304 0.004639604099832968 0.004639604099832968 0.00547527957238466
0.0007258294912298702 0.0051253873750356374 0.0051253873750356374 0.00547835130335621
0.0005576803021055892 0.004566504860188746 0.004566504860188746 0.004380200835208268
0.0007255563103567553 0.005052027486146509 0.005052027486146509 0.004383275261172038
0.0008231883086517528 0.004629250344272816 0.004629250344272816 0.005401869447133838
0.0009575343607480238 0.005199205297989187 0.005199205297989187 0.005404626514581874
0.0008229663558406487 0.004520849731940435 0.004520849731940435 0.004116907101956941
0.0009569763554740716 0.0050904417223686365 0.0050904417223686365 0.004119597982260864
0.0010772789464349787 0.005028040959727262 0.005028040959727262 0.005179243165022135
0.0012370927828343663 0.005658036667076928 0.005658036667076928 0.005181556006371517
0.0010766287487931818 0.004887432931909062 0.004887432931909062 0.0037592250434593413
0.0012362134264508207 0.005516981011682612 0.005516981011682612 0.0037614201733612907
0.0013714236360128538 0.00561995253917182 0.00561995253917182 0.004746340889862437
0.0016014720509443757 0.006280611390898829 0.006280611390898829 0.004747885947077692
0.0013699273287231563 0.00541257115718825 0.00541257115718825 0.003327358700018411
0.0015996248986541828 0.006072721719063249 0.006072721719063249 0.0033287445391301665
0.0017574640502726032 0.006070844798440818 0.006070844798440818 0.00425332035979251
0.0019676195102813683 0.006758375722170127 0.006758375722170127 0.0042542995735979
0.0017559494249602505 0.005865492166251219 0.005865492166251219 0.0027719489163492064
0.00196577861719352 0.0065524790762759785 0.0065524790762759785 0.0027727144743742234
0.002148962335757893 0.006547740160279481 0.006547740160279481 0.0037394748779276945
0.0025045714656498855 0.007304683335635984 0.007304683335635984 0.0037398175216612354
0.0021461510040467666 0.006266086442847566 0.006266086442847566 0.0021522341219360947
0.002500639963392466 0.0070223496842128025 0.0070223496842128025 0.002152214576139041
0.002824996988317365 0.006662992090220931 0.006662992090220931 0.0029919383837686813
0.0033323469387343697 0.007424448975469491 0.007424448975469491 0.0029909403262878493
0.0028203769872583817 0.006348033539874079 0.006348033539874079 0.0016942300033132513
0.0033272339357159103 0.007108790196890952 0.007108790196890952 0.0016941973429714869
0.003875656116873936 0.0060860903102354326 0.0060860903102354326 0.002253433548251957
0.004912656341006742 0.006677797847539553 0.006677797847539553 0.002251059061409334
0.0038681093040747313 0.005398117258507065 0.005398117258507065 0.0014412988743217397
0.0049045306960645435 0.005980298758542509 0.005980298758542509 0.0014416593084887828
0.0039997786609559625 0.0010607759512342298 0.0010607759512342298 0.002706969582738119
0.0011049309517922193 0.0006466733740546872 0.0006466733740546872 0.0026946422515192817
0.0040353232152985615 0.002379447982185989 0.002379447982185989 0.0007076472807377572
0.0011132330137619817 0.0016338123621340173 0.0016338123621340173 0.0006982612829777003
7.991731566612617e-05 0.005298659264996537 0.005298659264996537 0.003907564586849899
0.0002982723102156593 0.005605036833185237 0.005605036833185237 0.00391000997290527
7.988079946871248e-05 0.005207542623043839 0.005207542623043839 0.0032183368220784613
0.0002981360101023988 0.005513811429149075 0.005513811429149075 0.0032207639597279245
0.00048404119266043876 0.004350369035577692 0.004350369035577692 0.0036808598610136964
0.0008108571351389702 0.004711790993066711 0.004711790993066711 0.003682930583838621
0.0004837323015709963 0.004170800655811765 0.004170800655811765 0.002868019788116264
0.0008103575983992497 0.004532053503063793 0.004532053503063793 0.002870017995273784
0.0010264752787193508 0.004061468018662649 0.004061468018662649 0.003326988811006664
0.001301394686265157 0.004447004115477633 0.004447004115477633 0.003328640116426647
0.0010260058302107792 0.003899894778058094 0.003899894778058094 0.002485630666189673
0.0013007446608294087 0.004285247405397424 0.004285247405397424 0.0024870400524380286
0.0014983331216876685 0.004078634472340065 0.004078634472340065 0.002950456151950187
0.0017743185502918798 0.004479276320939721 0.004479276320939721 0.002951601203754057
0.0014975980771004477 0.003910026385217324 0.003910026385217324 0.0020972713579442003
0.0017734184146567392 0.004310470156273157 0.004310470156273157 0.002098324767134566
0.0019866827635691402 0.0041657921254278285 0.0041657921254278285 0.002496908178422334
0.002300900624376851 0.004568143018414564 0.004568143018414564 0.0024976619510282527
0.0019855940472639604 0.003978433123509382 0.003978433123509382 0.0016778234599773643
0.002299633857114184 0.004380579249416666 0.004380579249416666 0.0016782276274117116
0.0025336885924854705 0.004153244166890619 0.004153244166890619 0.0019782000992611473
0.0028786238681791465 0.00453799316976203 0.00453799316976203 0.0019784801105934688
0.0025322993314960997 0.003954940442556403 0.003954940442556403 0.0013893239609649305
0.0028770660065255667 0.004339496764203164 0.004339496764203164 0.001389333751031593
0.0031265852603428327 0.0039598735827533005 0.0039598735827533005 0.0015805765843339746
0.003472339898262198 0.004292254405142993 0.004292254405142993 0.001580517842368324
0.003124944997975485 0.003764295595023416 0.003764295595023416 0.0012822214752850362
0.003470555792123427 0.004096526562426019 0.004096526562426019 0.0012822395350428578
0.0036861257039376215 0.0032701894916542782 0.0032701894916542782 0.0014230117230363609
0.003957193060409601 0.003514446488182799 0.003514446488182799 0.0014230446315182514
0.0036849042963405894 0.0031138420217305925 0.0031138420217305925 0.0012453432238377481
0.003955905216375011 0.003326233193585936 0.003326233193585936 0.0012454401285369589
0.003785357698592327 0.001557611230055021 0.001557611230055021 0.0013611745381750938
0.003103473222273414 0.0014831623553491647 0.0014831623553491647 0.001360336501604714
0.0037897863995691498 0.0018503814090478543 0.0018503814090478543 0.0011295936895372848
0.0031078362094565533 0.001761012076770102 0.001761012076770102 0.0011288351074927752
0.001960833955884592 0.0009097361345477792 0.0009097361345477792 0.0005475675924960332
0.0009872329805111033 0.0007910487456857509 0.0007910487456857509 0.0005474260457044299
0.0019744580043566697 0.0005473681749260252 0.0005473681749260252 0.00042009899399879087
0.0009828884571951306 0.0006590006256834176 0.0006590006256834176 0.00042008979657129857
0.00016557699967172185 0.0050568227330221776 0.0050568227330221776 0.0027686025260150967
0.0006180763157654497 0.0052973256367598 0.0052973256367598 0.0027703812368545765
0.00016551873792278052 0.004801937021908495 0.004801937021908495 0.002229624880369026
0.0006178587673417161 0.005042321795272819 0.005042321795272819 0.002231325213935164
0.0009147645528815668 0.0038806730064349353 0.0038806730064349353 0.0023526126306799627
0.0012774280109274418 0.004144619274340454 0.004144619274340454 0.002353984256296236
0.0009145051254126249 0.0036763817120369323 0.0036763817120369323 0.0017875366020779842
0.0012770330955315197 0.003940216855176227 0.003940216855176227 0.0017886734227496731
0.0015204928000807066 0.0034506417826290644 0.0034506417826290644 0.001978674288458066
0.0018268787510176687 0.0037146332325394137 0.0037146332325394137 0.0019795433442749387
0.0015200909310800338 0.0032779961247763494 0.0032779961247763494 0.0014276739616004475
0.0018263641739901056 0.0035418866581193313 0.0035418866581193313 0.001428421621673831
0.002041796125872919 0.00324482615092342 0.00324482615092342 0.0015914108231372308
0.0023279623773284227 0.0035035437646548984 0.0035035437646548984 0.001591868350338763
0.0020412655059456656 0.0030835177393386797 0.0030835177393386797 0.0011870537220913624
0.002327331865958383 0.0033421408338260177 0.0033421408338260177 0.0011870968347663
0.0025300524473632824 0.003056191563345331 0.003056191563345331 0.0013223117867202682
0.002802748334018569 0.003295550183787799 0.003295550183787799 0.0013223303791330037
0.002529412169349786 0.0029024575181068064 0.0029024575181068064 0.0010580583031781067
0.002802021852409546 0.003141734264051687 0.003141734264051687 0.0010579889946468735
0.002979842208989323 0.0027510600724670355 0.0027510600724670355 0.0011757060110847125
0.0032003006252158744 0.0029542727672567143 0.0029542727672567143 0.0011756646914999301
0.0029792516197325513 0.002626730664360468 0.002626730664360468 0.0010451697184630496
0.0031996535526242877 0.0028298860350521684 0.0028298860350521684 0.001045130441532574
0.0033327746181410134 0.0022553166226910322 0.0022553166226910322 0.0011622279263188765
0.0034865727838029044 0.002388929782006035 0.002388929782006035 0.0011622369591126115
0.0033322836393726435 0.0021686544729084957 0.0021686544729084957 0.001068084809793307
0.0034860534664380464 0.0023022426859544975 0.0023022426859544975 0.0010681062969140466
0.0034745778992965382 0.0013751507866040292 0.0013751507866040292 0.0011828674804320767
0.003306370898368162 0.0014044027379156723 0.0014044027379156723 0.0011828014953080257
0.003475244122471254 0.0014513431596953946 0.0014513431596953946 0.0011127562410130647
0.0033070490985271923 0.0014794026881056596 0.0014794026881056596 0.0011127062833231238
0.0029449228567205014 0.0004202176815860994 0.0004202176815860994 0.0010064617382787387
0.002146262192647342 0.0004477476125448455 0.0004477476125448455 0.0010062096428195162
0.0029478482944746845 0.0006298735273904456 0.0006298735273904456 0.0009313861869902523
0.0021491795274422828 0.0006106711034749046 0.0006106711034749046 0.0009311727300359861
0.0014113839822361054 0.0006768961334628143 0.0006768961334628143 0.00041522850752711025
0.0010151542952471881 0.0006925216026150786 0.0006925216026150786 0.00041520831567771045
0.0014160741363233424 0.0002353832563270931 0.0002353832563270931 0.00042092013934443717
0.0010164204050616469 0.000212105363484243 0.000212105363484243 0.00042092701283291906
0.00022317159380109514 0.004559162362205781 0.004559162362205781 0.0018889378477366567
0.0008331327630979903 0.004734406552836476 0.004734406552836476 0.0018900467851685778
0.0002231150281267607 0.004215820117881592 0.004215820117881592 0.0014975849217238155
0.0008329215070317558 0.004390930178653724 0.004390930178653724 0.0014986164102003977
0.0011978406199432585 0.0033801742920079804 0.0033801742920079804 0.00143935852427998
0.001587346701747493 0.0035662945925636434 0.0035662945925636434 0.0014401261899308862
0.0011976379822802804 0.0031609952814277207 0.0031609952814277207 0.001057950186435694
0.0015870441136034861 0.003347036977507068 0.003347036977507068 0.0010584993409268855
0.0018349871559271537 0.0028771960261512555 0.0028771960261512555 0.0011297811006508003
0.002125336227992125 0.003057772120631409 0.003057772120631409 0.0011299926202058097
0.0018347205548877462 0.002713809347752622 0.002713809347752622 0.0009081617113754324
0.002124999141372491 0.0028943273882069214 0.0028943273882069214 0.0009081307910222196
0.0023178666883454696 0.0025480123960179113 0.0025480123960179113 0.0010077706240743261
0.002557139467760077 0.002709154624173712 0.002709154624173712 0.0010077691639823012
0.002317558693794593 0.0024133679950860544 0.0024133679950860544 0.0008452965270334188
0.00255677865708476 0.0025744667828661236 0.0025744667828661236 0.0008452180431952348
0.0027130162338153446 0.0022080752475058946 0.0022080752475058946 0.0009572290027389427
0.0029040942182193873 0.0023419288261022028 0.0023419288261022028 0.0009571909897934468
0.002712709947313006 0.0021005541473652404 0.0021005541473652404 0.0008586511387129344
0.002903752280042042 0.0022343786856575207 0.0022343786856575207 0.0008586119317840002
0.003018963209172485 0.0017737224889366363 0.0017737224889366363 0.0009781221219266362
0.0031474874144026806 0.0018716843187317994 0.0018716843187317994 0.000978115371650388
0.003018715797615656 0.0017014096658547013 0.0017014096658547013 0.000915130874466778
0.003147221312302392 0.001799356903691018 0.001799356903691018 0.0009151280702522286
0.003183932788046394 0.001186282700914852 0.001186282700914852 0.0010329026959900408
0.0031623522520526663 0.001236229768395488 0.001236229768395488 0.0010328985556798142
0.0031839848372733127 0.0011983463565745243 0.0011983463565745243 0.0010141946248779928
0.003162406358363355 0.0012482908100855856 0.0012482908100855856 0.0010142162633013912
0.003041340197737447 0.0004884738024420683 0.0004884738024420683 0.001087688256901709
0.002740671404301464 0.0004937829877058575 0.0004937829877058575 0.0010876230775897725
0.00304202280098031 0.000639044186129074 0.000639044186129074 0.0010517963475504485
0.0027413596363057395 0.0006391669275890614 0.0006391669275890614 0.0010517412109945605
0.0023843013539007417 0.0003161162613520039 0.0003161162613520039 0.0008743003796200936
0.0017413742727420422 0.0003465105289217506 0.0003465105289217506 0.0008741395202722447
0.0023857621189673083 0.0002332175887253813 0.0002332175887253813 0.0008025501769457676
0.0017428191994774964 0.00023697781727479 0.00023697781727479 0.0008024183457837297
0.0013186753122339304 0.0005149961786272636 0.0005149961786272636 0.0004279983441573155
0.001099043655032523 0.0004977913083974357 0.0004977913083974357 0.0004280510437390567
0.0013199441052137782 0.00014694809943464296 0.00014694809943464296 0.000439859400817455
0.0010997229860446377 0.00014460074482065404 0.00014460074482065404 0.00043990555510729464
0.00024453328749137436 0.003934478837340048 0.003934478837340048 0.0012536271899076642
0.0009129049338703079 0.004060223982256736 0.004060223982256736 0.0012542400166475351
0.0002444897335101371 0.003558411647243417 0.003558411647243417 0.0009919881188798698
0.0009127422616293853 0.0036840185333381005 0.0036840185333381005 0.0009925115975230126
0.001298863040439307 0.0028907281294112074 0.0028907281294112074 0.000865868292230268
0.0016866792810996795 0.003008763016353286 0.003008763016353286 0.0008659822677714465
0.0012987237822484074 0.0026726280013128208 0.0026726280013128208 0.0007005007574284295
0.0016864746378467352 0.002790607103830944 0.002790607103830944 0.000700545531614606
0.0019243541462891738 0.0023695609260844432 0.0023695609260844432 0.0007857015945894623
0.002187806950577565 0.0024757416924758822 0.0024757416924758822 0.0007857286450184829
0.0019241917388258057 0.002221427808056814 0.002221427808056814 0.0006616049152901588
0.002187604204845761 0.0023275776867040317 0.0023275776867040317 0.0006615794130272689
0.0023558597283719986 0.0019661342466777997 0.0019661342466777997 0.000773887048895832
0.0025537538809806666 0.002057387712934522 0.002057387712934522 0.0007738780063673179
0.0023556895033551386 0.0018548797019431447 0.0018548797019431447 0.0006838193968616551
0.0025535567574924284 0.0019461136934237973 0.0019461136934237973 0.0006838030074399635
0.0026780176271344073 0.0015579292399011274 0.0015579292399011274 0.0008067318498800564
0.002822351639580078 0.0016341954661593416 0.0016341954661593416 0.0008067195635621577
0.0026778571377506885 0.0014767993346308358 0.0014767993346308358 0.0007626177880544497
0.0028221742852929145 0.0015530537670811716 0.0015530537670811716 0.000762605159789881
0.002891775038701125 0.0010954041058473683 0.0010954041058473683 0.0008910571668341747
0.0029405014849072527 0.0011456371114516165 0.0011456371114516165 0.0008910607341106044
0.0028917091185703594 0.0010680025117437138 0.0010680025117437138 0.0009011918411807629
0.0029404313629269414 0.0011182322599183935 0.0011182322599183935 0.0009011938819002737
0.002919312976345834 0.0005764440593559651 0.0005764440593559651 0.0010201333496869976
0.0028164803331626738 0.0005930924344525588 0.0005930924344525588 0.0010201330370674866
0.0029194478585826905 0.000633899985710697 0.000633899985710697 0.0010209194249510948
0.002816618690222318 0.0006476587121482043 0.0006476587121482043 0.0010209204200341089
0.002664558276451824 0.00015082642675614072 0.00015082642675614072 0.0010248631347887496
0.002355864259038187 0.00016633287412694644 0.00016633287412694644 0.001024801088074983
0.0026649802188285863 0.00024089379108846367 0.00024089379108846367 0.000982054215559119
0.002356285047995939 0.00023935462965184778 0.00023935462965184778 0.000982002377600564
0.002060728964114006 0.00037972314456371684 0.00037972314456371684 0.0007634541479361688
0.0015894857025163186 0.00039273981351639213 0.00039273981351639213 0.0007634067521328304
0.0020613786767167083 0.00016797215405312904 0.00016797215405312904 0.000733110289744775
0.001590132228179241 0.0001812898878218004 0.0001812898878218004 0.0007330722698747926
0.00133746734918731 0.0003996621472487057 0.0003996621472487057 0.0004501261992927484
0.0011669096512676945 0.0003840846892047759 0.0003840846892047759 0.0004501689723091188
0.001337960552561306 0.00013301850003290863 0.00013301850003290863 0.0004689427760507055
0.00116731374126972 0.00012372350797843856 0.00012372350797843856 0.00046897568563811904
0.00024128228402866587 0.0032675481494955977 0.0032675481494955977 0.0008326960334704324
0.0009007641549860605 0.003345400340174669 0.003345400340174669 0.0008330321918130429
0.00024125385210899955 0.002896570281687574 0.002896570281687574 0.0006604629199526466
0.0009006579659066044 0.0029742980345683167 0.0029742980345683167 0.0006607256817632715
0.0012737978293208458 0.0024179186738540214 0.0024179186738540214 0.0006019084395735742
0.001634244045849408 0.002486159048352361 0.002486159048352361 0.0006019777874825554
0.0012737148364824133 0.0022152602289304646 0.0022152602289304646 0.0004927527545432632
0.0016341235004750652 0.0022834603860437883 0.0022834603860437883 0.0004928053355220258
0.0018571381247402673 0.0019300615312115115 0.0019300615312115115 0.0005909701180352251
0.0021066632489011305 0.001989007352685436 0.001989007352685436 0.0005910007686340101
0.0018570377974660914 0.001789813229145439 0.001789813229145439 0.0005080273265586345
0.0021065390786878676 0.0018487384951800742 0.0018487384951800742 0.0005080394477948325
0.002264498716250485 0.001512935692569197 0.001512935692569197 0.0006399979340916647
0.002447447527239458 0.0015675619592167745 0.0015675619592167745 0.0006399927479641994
0.002264394120933085 0.0014101338608214812 0.0014101338608214812 0.0006020027304815807
0.0024473270218696975 0.0014647479053475855 0.0014647479053475855 0.0006019907728251981
0.0025524084784588944 0.0010985623739583072 0.0010985623739583072 0.0007539137784119256
0.0026577880600662795 0.001138276575628089 0.001138276575628089 0.0007538988759941876
0.0025523311968158363 0.0010393613599328265 0.0010393613599328265 0.0007735688237225765
0.002657703572741545 0.0010790709310823663 0.0010790709310823663 0.000773554829734867
0.0026956163666206983 0.0006692146004520358 0.0006692146004520358 0.0009212246040318941
0.0026953609637659 0.0006862992074978793 0.0006862992074978793 0.0009212291121769565
0.002695611857237905 0.0006693587704657322 0.0006693587704657322 0.0009411709855796283
0.002695356218531629 0.0006864431255434162 0.0006864431255434162 0.0009411755420470555
0.0026482016270688255 0.0002456116406682305 0.0002456116406682305 0.0010214348130158416
0.002521373020720253 0.00024278245489124791 0.00024278245489124791 0.0010214228784878262
0.002648300218974295 0.0003137141080753787 0.0003137141080753787 0.0010104604768458804
0.002521472685910861 0.0003108809207884435 0.0003108809207884435 0.001010451038816531
0.002380781777307362 0.00017240380114668963 0.00017240380114668963 0.000955839824293878
0.002124903057329888 0.00018991953174379183 0.00018991953174379183 0.0009558046457867619
0.002380982388548754 9.326971230038685e-05 9.326971230038685e-05 0.0009236196782676887
0.002125102400685844 0.00010660356338914572 0.00010660356338914572 0.0009235913118223088
0.0018990610053728992 0.0003801524096692467 0.0003801524096692467 0.0007190032911513468
0.0015494586230487648 0.0003855752980165372 0.0003855752980165372 0.0007189907208463736
0.0018993362989034514 0.0002256752217630123 0.0002256752217630123 0.0007112663481644878
0.0015497337877010194 0.00023176305655497848 0.00023176305655497848 0.0007112564903162269
0.001373120817754476 0.0003209106844095648 0.0003209106844095648 0.0004811598696920405
0.0012455416807851795 0.0003036280094169676 0.0003036280094169676 0.00048118602382037155
0.0013733761998135474 0.00013772856649467262 0.00013772856649467262 0.0005015263297798155
0.0012457143965135299 0.0001254500088127474 0.0001254500088127474 0.0005015506286365432
0.0002163926334160845 0.0026273363704585975 0.0026273363704585975 0.0005599429142909665
0.0008078187658076153 0.002673020303829263 0.002673020303829263 0.0005600734038176243
0.0002163762547951013 0.002294678961148935 0.002294678961148935 0.0004551396401867522
0.0008077575996553839 0.0023402657860062915 0.0023402657860062915 0.00045525483940494897
0.0011513713559557102 0.0020012271622872496 0.0020012271622872496 0.0004249838608969735
0.0014988406492909034 0.0020337075582006437 0.0020337075582006437 0.00042505730016632025
0.0011513197864782242 0.0018058874009861824 0.0018058874009861824 0.00033789081950819484
0.0014987673105483752 0.0018383339519007422 0.0018383339519007422 0.00033795683645482694
0.0017161221641191994 0.0015607417977888248 0.0015607417977888248 0.00046104710433757663
0.0019627812617022517 0.001592475841452125 0.001592475841452125 0.00046107272619552584
0.001716058999799247 0.001422126089635523 0.001422126089635523 0.0004145693028675015
0.001962703848272816 0.0014538425919318578 0.0014538425919318578 0.0004145602755410623
0.002112960906258097 0.0011641928604990684 0.0011641928604990684 0.0005991800170212491
0.0022772675594905146 0.0011902038919199111 0.0011902038919199111 0.0005991692659195048
0.002112902407852155 0.0010718855124016728 0.0010718855124016728 0.0006137673044432319
0.0022772012005077514 0.001097888554483026 0.001097888554483026 0.0006137556449134395
0.0023656497234060417 0.0007787027785606101 0.0007787027785606101 0.0007948732012885706
0.002443602118686915 0.0007925982502075506 0.0007925982502075506 0.000794876983157605
0.0023656144543933153 0.0007349197548666189 0.0007349197548666189 0.0008257678072542763
0.0024435642044158897 0.0007488134225602791 0.0007488134225602791 0.000825771351863193
0.0024663005950403454 0.00040777034780563906 0.00040777034780563906 0.0009544766401401988
0.002451187055492227 0.00040681388114902805 0.00040681388114902805 0.0009544810442935382
0.002466303317912729 0.0004162709650772997 0.0004162709650772997 0.0009523765025496949
0.0024511898548087697 0.00041531448370677035 0.00041531448370677035 0.0009523810647267554
0.0024045781050750273 0.00010101035755317828 0.00010101035755317828 0.000996819059087962
0.002293102483006449 0.00010028235057297726 0.00010028235057297726 0.000996808512564743
0.0024046244373925225 0.00013536304899046313 0.00013536304899046313 0.0009710219967581598
0.00229314868318818 0.0001296010740502579 0.0001296010740502579 0.0009710141461353585
0.0021804872543093184 0.00022456432521495237 0.00022456432521495237 0.0009028102094145634
0.001984836120291865 0.00023695142420910616 0.00023695142420910616 0.0009027930318403982
0.0021805699542496552 0.00013159911798603583 0.00013159911798603583 0.0008790620276189485
0.0019849180380461184 0.0001439877585670968 0.0001439877585670968 0.0008790486249957131
0.0018210153393137746 0.00034544154254164967 0.00034544154254164967 0.0007090985620562467
0.0015719251001387702 0.00034619383768217965 0.00034619383768217965 0.0007090977504022483
0.001821120608039776 0.00023536755406038397 0.00023536755406038397 0.0007119127064334028
0.0015720278499874413 0.00023750368591100258 0.00023750368591100258 0.0007119120774111406
0.0014305874788128545 0.00025657276560214347 0.00025657276560214347 0.0005170542536303282
0.0013327972942821281 0.00024094453163641085 0.00024094453163641085 0.00051707268279436
0.001430685388728934 0.00014330960779920283 0.00014330960779920283 0.0005392912936087932
0.0013328659667095882 0.00013023045893568232 0.00013023045893568232 0.0005393046695432569
0.00018653918788012378 0.002060270262729883 0.002060270262729883 0.0003930561675301803
0.0006963450377225829 0.002084750109433142 0.002084750109433142 0.00039311108181190265
0.0001865304212685174 0.0017735341159862816 0.0017735341159862816 0.0003301976812386303
0.0006963123023213036 0.0017979428064362774 0.0017979428064362774 0.00033023705661456047
0.0010044676868500642 0.001623479601474836 0.001623479601474836 0.0002837695677345339
0.0013365524046298212 0.0016390300260404318 0.0016390300260404318 0.00028381861507631066
0.001004436811636614 0.0014367922664347494 0.0014367922664347494 0.0002247956744596942
0.0013365094561539929 0.0014523125313216933 0.0014523125313216933 0.00022483897214372302
0.0015456475919610048 0.0012493267129267743 0.0012493267129267743 0.0003976323038551835
0.001785051974733609 0.0012612262330207876 0.0012612262330207876 0.0003976476429265005
0.0015456106464440788 0.001114794359874773 0.001114794359874773 0.0003972965756359094
0.00178500772595797 0.001126678223300795 0.001126678223300795 0.00039730645383247105
0.0019274760117828315 0.0008998676016650215 0.0008998676016650215 0.0006359418939064708
0.002077488412230104 0.0009051979181369634 0.0009051979181369634 0.0006359576007570955
0.0019274449274536021 0.0008155914289656454 0.0008155914289656454 0.0006478358066304043
0.0020774539578066863 0.0008209156554324229 0.0008209156554324229 0.0006478499092018209
0.0021570083578434395 0.0005631598863328609 0.0005631598863328609 0.0008346008858545788
0.002224602954110347 0.0005598970998528305 0.0005598970998528305 0.0008346160124822154
0.002156990679042533 0.0005251963746580684 0.0005251963746580684 0.0008272828198817682
0.002224584403565268 0.0005219323783088948 0.0005219323783088948 0.0008272966437663446
0.00224554112800504 0.0002529149198883406 0.0002529149198883406 0.0009433969792895601
0.0022354982476450007 0.00024290573036784543 0.00024290573036784543 0.0009434021934002347
0.002245540502854694 0.00025856770382015083 0.00025856770382015083 0.0009209464303719507
0.0022354975715504623 0.00024855842176256076 0.00024855842176256076 0.0009209518561468714
0.002202062954452 8.227955692917848e-05 8.227955692917848e-05 0.0009512125995804178
0.0021210556474980154 8.43079519665552e-05 8.43079519665552e-05 0.0009512064576852839
0.002202079005635464 7.352280440912471e-05 7.352280440912471e-05 0.0009230946703381117
0.0021210714128225994 7.190541547409272e-05 7.190541547409272e-05 0.0009230904839333629
0.0020413135020137065 0.0002271885322029324 0.0002271885322029324 0.0008645549981343568
0.0019046619227138816 0.00023554126943888583 0.00023554126943888583 0.0008645475830659383
0.002041342329300951 0.00015873768238642658 0.00015873768238642658 0.0008490177764069386
0.00190469042219626 0.000166601547091072 0.000166601547091072 0.0008490121352523976
0.0017924537013900281 0.0003016718931793706 0.0003016718931793706 0.0007153338889571738
0.0016264013984938026 0.00030173051673135296 0.00030173051673135296 0.000715335144213635
0.0017924894446607687 0.0002290445590851328 0.0002290445590851328 0.0007222315118187675
0.0016264358623737148 0.0002291106664939703 0.0002291106664939703 0.0007222324151282607
0.0015234753306629801 0.00021270309489652587 0.00021270309489652587 0.0005617685256862709
0.0014127225139159193 0.00020082199800227198 0.00020082199800227198 0.0005617781000823027
0.001523509315320173 0.00015323891634258537 0.00015323891634258537 0.0005943354443004581
0.001412751951927294 0.00014484520030394872 0.00014484520030394872 0.0005943419292357684
0.00015833497378245763 0.0015756421949558444 0.0015756421949558444 0.00029449186764277053
0.000591037639240847 0.0015894487503122026 0.0015894487503122026 0.00029450825083134497
0.00015833032767523353 0.001332274604281194 0.001332274604281194 0.0002602589023299725
0.0005910202920307871 0.0013460301342441252 0.0013460301342441252 0.0002602603696013624
0.000863972552224246 0.0012814902196966967 0.0012814902196966967 0.00018282462000409713
0.0011769561145601216 0.0012852048296032848 0.0012852048296032848 0.00018287372496968846
0.0008639544909231923 0.0011055380212288423 0.0011055380212288423 0.00014321587361967931
0.0011769319144664888 0.0011092260506335421 0.0011092260506335421 0.00014324892762235426
0.0013722979941460255 0.0009764986839113428 0.0009764986839113428 0.0004010100644701442
0.001593086907066278 0.0009746835105120676 0.0009746835105120676 0.00040104101045447283
0.0013722781011895149 0.0008524194301339566 0.0008524194301339566 0.00039673469178424435
0.0015930638818979917 0.0008505910609898356 0.0008505910609898356 0.0003967616313125477
0.0017268339083524088 0.0006884711103357339 0.0006884711103357339 0.0006471251812212987
0.0018715745767854334 0.0006822707267827144 0.0006822707267827144 0.000647149976542639
0.0017268172373650968 0.0006071525509849752 0.0006071525509849752 0.0006331244980272548
0.001871556749681321 0.0006009464779115942 0.0006009464779115942 0.0006331462276056064
0.0019504042732948852 0.00041217573241616095 0.00041217573241616095 0.000816628210758609
0.00202117156102087 0.0004024277082233974 0.0004024277082233974 0.0008166430382959428
0.0019503946163268687 0.0003724279467072231 0.0003724279467072231 0.000794727726928695
0.002021161805196727 0.0003626784940512621 0.0003626784940512621 0.0007947410011529583
0.0020495819467414265 0.0001694271339713153 0.0001694271339713153 0.0009026323171417016
0.002056568006694029 0.0001576094603838422 0.0001576094603838422 0.0009026370128847381
0.0020495797206942223 0.00016138812126524662 0.00016138812126524662 0.000875032819035544
0.0020565658979803387 0.0001499171095366149 0.0001499171095366149 0.0008750374878006488
0.002042091236750434 8.667514306776703e-05 8.667514306776703e-05 0.0009038989417112021
0.001995663502826808 9.221144012807799e-05 9.221144012807799e-05 0.0009038959727736826
0.0020420958701307195 6.914098414961378e-05 6.914098414961378e-05 0.0008796414480036685
0.0019956680946394897 7.35029926464548e-05 7.35029926464548e-05 0.0008796395691120473
0.001946544515212312 0.00020199093404734054 0.00020199093404734054 0.000838526778322053
0.0018588443635606396 0.0002092588543110829 0.0002092588543110829 0.0008385230551280115
0.0019465537115992873 0.00015745854113385517 0.00015745854113385517 0.0008255112101842732
0.0018588534628486294 0.00016472852664965788 0.00016472852664965788 0.0008255085177578876
0.0017883645302584198 0.0002536733850378874 0.0002536733850378874 0.0007275575049359944
0.0016844279011039545 0.0002529100126796792 0.0002529100126796792 0.0007275584909789109
0.0017883756343158625 0.0002051505040648365 0.0002051505040648365 0.0007353172254245669
0.0016844376985529726 0.00020438995173557416 0.00020438995173557416 0.000735317897920783
0.001628872072920969 0.0001821213831287774 0.0001821213831287774 0.0006203068880834701
0.001557129687172496 0.00017084131981318147 0.00017084131981318147 0.0006203106902624289
0.001628881674525078 0.00015218297403512814 0.00015218297403512814 0.0006532872219745453
0.001557138385137628 0.00014406432643508516 0.00014406432643508516 0.0006532891408247999
0.00013564232447376944 0.001163448816825775 0.001163448816825775 0.00024998985394785616
0.0005063146882376423 0.0011677721460184808 0.0011677721460184808 0.00024996959477445257
0.00013563974234363183 0.0009549690062120964 0.0009549690062120964 0.0002563103114575809
0.0005063050482304842 0.000959255015966608 0.000959255015966608 0.00025629372055739586
0.0007464307812058495 0.0009645084850222459 0.0009645084850222459 0.00013122730036178924
0.0010317603613284895 0.0009636776519104632 0.0009636776519104632 0.00013125226954530702
0.0007464201432812981 0.0008040956489733205 0.0008040956489733205 0.0001217724920024525
0.001031746415563235 0.0008032427362628681 0.0008032427362628681 0.00012179129377865024
0.0012130664931339656 0.0007384784427627073 0.0007384784427627073 0.00039074930133946306
0.0014231046045263833 0.0007331358829830211 0.0007331358829830211 0.0003907732642589736
0.0012130546933576177 0.0006204335425875467 0.0006204335425875467 0.00037859502816027366
0.0014230913887081952 0.0006150790042737819 0.0006150790042737819 0.00037861513450368234
0.0015522545226079511 0.0005169076626813275 0.0005169076626813275 0.0006205876732629039
0.0016951111662991032 0.0005078991470455661 0.0005078991470455661 0.0006206070120876237
0.0015522450636942448 0.0004366425600193202 0.0004366425600193202 0.0006002872845789275
0.0016951014818763549 0.0004276284452164826 0.0004276284452164826 0.0006003036324050316
0.0017766266024998782 0.0003059515156789837 0.0003059515156789837 0.0007773458065748535
0.0018565306624963311 0.0002945561963926808 0.0002945561963926808 0.0007773574681377674
0.0017766210235264873 0.00026106925871581955 0.00026106925871581955 0.0007517353674367105
0.0018565253760714515 0.0002496720967929005 0.0002496720967929005 0.0007517453853061143
0.0018949837640666236 0.00013366187284191583 0.00013366187284191583 0.0008557104706000517
0.0019201888368334302 0.00012212779512109912 0.00012212779512109912 0.0008557139129666484
0.0018949824211146838 0.00010959920791113571 0.00010959920791113571 0.0008305227650325053
0.0019201878242850006 9.928015766969299e-05 9.928015766969299e-05 0.0008305259633201669
0.0019226949194184758 8.77911901701084e-05 8.77911901701084e-05 0.0008632272669680876
0.0019043766936174874 9.242799358520471e-05 9.242799358520471e-05 0.0008632260689792544
0.0019226970209154717 7.262941081261442e-05 7.262941081261442e-05 0.0008426588148040063
0.001904378944772712 8.052396299968557e-05 8.052396299968557e-05 0.0008426581624075473
0.0018801594960227092 0.00016594147680014205 0.00016594147680014205 0.0008168755256561326
0.0018323381575959144 0.00017186929256989304 0.00017186929256989304 0.0008168737715742061
0.001880163408403151 0.0001448341747151836 0.0001448341747151836 0.0008063188030912592
0.0018323421107662038 0.00014985318686973312 0.00014985318686973312 0.0008063175997196454
0.001795029668947251 0.00019968118048256883 0.00019968118048256883 0.0007408652824242121
0.0017409292418630539 0.00019758317586767473 0.00019758317586767473 0.0007408657160462745
0.0017950344690846253 0.00017273468346786297 0.00017273468346786297 0.0007482793603931134
0.0017409342260403572 0.00017063738568707238 0.00017063738568707238 0.0007482796047704694
0.0017103057514549172 0.0001499383603208722 0.0001499383603208722 0.0006748278913026381
0.001690761267769942 0.00014194101751615913 0.00014194101751615913 0.0006748285670795417
0.0017103090507707632 0.00013705510749419206 0.00013705510749419206 0.0007007074630006453
0.0016907647209285933 0.00012982790193352963 0.00012982790193352963 0.0007007073971510155
0.00011801984296720234 0.0008120227158980573 0.0008120227158980573 0.00026332333930218134
0.0004405246780392106 0.0008156158045774719 0.0008156158045774719 0.00026331193022334775
0.00011801799868273244 0.0006306340270153669 0.0006306340270153669 0.0002793586063264715
0.00044051779301393216 0.0006341988748042093 0.0006341988748042093 0.0002793488981511147
0.0006553240622149804 0.0006893881782385588 0.0006893881782385588 0.00011782280053435138
0.0009196539867109 0.0006873009635763857 0.0006873009635763857 0.00011783861620389251
0.0006553160251178658 0.000540776259529431 0.000540776259529431 0.00011334917366681344
0.0009196435455104445 0.0005386700918957487 0.0005386700918957487 0.00011336155020767008
0.0010906739378785727 0.0005323834596231902 0.0005323834596231902 0.0003700313584971305
0.0012935905390437643 0.0005274317078647894 0.0005274317078647894 0.0003700468152616948
0.001090664792767153 0.00041833614773640834 0.00041833614773640834 0.00035880129083236997
0.0012935802546248341 0.00041337321775129006 0.00041337321775129006 0.0003588134219228961
0.0014199670778856275 0.0003759495319204368 0.0003759495319204368 0.0005865175798713434
0.0015623423258203366 0.0003682695027745641 0.0003682695027745641 0.0005865292185019469
0.0014199595648562195 0.00029595127841454015 0.00029595127841454015 0.0005692166143969379
0.0015623347220762934 0.0002882657100908958 0.0002882657100908958 0.0005692258164693244
0.0016469922947430307 0.00022693568413774675 0.00022693568413774675 0.0007347031340318454
0.0017359156080792024 0.00021763843910851477 0.00021763843910851477 0.0007347099031606752
0.0016469879000785936 0.00017698561276180871 0.00017698561276180871 0.0007138025215278861
0.0017359116070416061 0.00016768615752490933 0.00016768615752490933 0.0007138079274185249
0.0017831174542483144 0.00011084408568392083 0.00011084408568392083 0.0008135908960866351
0.0018231805150712784 0.00010149916155976287 0.00010149916155976287 0.0008135932757247199
0.0017831163927441072 8.130105869874411e-05 8.130105869874411e-05 0.0007925373628153413
0.001823179855580528 7.237212835080339e-05 7.237212835080339e-05 0.000792539363102224
0.001838734862686855 7.866509082597972e-05 7.866509082597972e-05 0.0008291310471587548
0.001841187886042807 8.248031066461077e-05 8.248031066461077e-05 0.0008291307543062175
0.0018387362794333127 7.438676848622847e-05 7.438676848622847e-05 0.0008127477724797456
0.0018411895212548963 8.178627476616637e-05 8.178627476616637e-05 0.0008127476837676774
0.001835673793827502 0.0001302789940924736 0.0001302789940924736 0.0007997665348445043
0.0018181678521633079 0.00013498431069369104 0.00013498431069369104 0.0007997658820613697
0.0018356767031711733 0.00012531902739042433 0.00012531902739042433 0.0007924198728905469
0.0018181708545102332 0.00013004653966579744 0.00013004653966579744 0.0007924194498503286
0.0018048945391452916 0.0001524062691877874 0.0001524062691877874 0.0007529302280649322
0.0017861395866231723 0.00015083855879348293 0.00015083855879348293 0.0007529303040727401
0.0018048979136364761 0.00014368532293353783 0.00014368532293353783 0.0007582186578306413
0.0017861429971165526 0.00014206147786308533 0.00014206147786308533 0.0007582186808872389
0.0017801561239262067 0.00012092913865313808 0.00012092913865313808 0.0007172891611741936
0.0017825535947291941 0.0001157873018113054 0.0001157873018113054 0.0007172888174491145
0.0017801587748672006 0.00011709624391020926 0.00011709624391020926 0.0007373668072041051
0.0017825560648066466 0.00011046434742035262 0.00011046434742035262 0.0007373663283569979
0.00010640114655825978 0.0005046934970106416 0.0005046934970106416 0.00029688197847636133
0.0003971502718159342 0.00050907878692358 0.00050907878692358 0.00029687510813009157
0.00010639940845148904 0.00034116717424102425 0.00034116717424102425 0.00032285160647974525
0.0003971437833248118 0.00034552952261953274 0.00034552952261953274 0.00032284693021051723
0.000596547274634977 0.00043736431223474244 0.00043736431223474244 0.00011040769228764948
0.0008505559530996984 0.00044016197449992943 0.00044016197449992943 0.0001104125397788186
0.000596538728961114 0.00029455442086872457 0.00029455442086872457 0.00012101809306546133
0.0008505435688681723 0.0002973346108837787 0.0002973346108837787 0.00012101905966202178
0.0010152272439118055 0.0003475772167966027 0.0003475772167966027 0.0003535102039960856
0.001211115350439802 0.00034617737838256934 0.00034617737838256934 0.00035351650612218063
0.001015215898709093 0.00023747900783174463 0.00023747900783174463 0.0003503066554255952
0.0012111025222608053 0.00023606877995123075 0.00023606877995123075 0.00035031088859246317
0.0013350490779549106 0.0002546758068100074 0.0002546758068100074 0.0005592194814874061
0.0014777724907684567 0.0002502457023388735 0.0002502457023388735 0.0005592242515514125
0.0013350392795022303 0.00017448077586666984 0.00017448077586666984 0.0005492371597924144
0.0014777624829073316 0.00017004514591097435 0.00017004514591097435 0.0005492403767476258
0.0015639136608133588 0.00016261782291333734 0.00016261782291333734 0.0007010684136780988
0.0016565552215265411 0.00015645186520370696 0.00015645186520370696 0.000701071385296174
0.0015639073911144256 0.00011057748818630855 0.00011057748818630855 0.0006872062838427559
0.0016565492084701827 0.00010440918920024425 0.00010440918920024425 0.0006872083016842374
0.0017087565184666083 9.228681393922593e-05 9.228681393922593e-05 0.0007796944813597643
0.0017587537495946173 8.698077679776795e-05 8.698077679776795e-05 0.0007796956137505936
0.0017087539044091892 6.19972568319731e-05 6.19972568319731e-05 0.0007656780377424114
0.00175875144446882 6.235064283769109e-05 6.235064283769109e-05 0.0007656788287558016
0.0017836772247356784 7.286700656073507e-05 7.286700656073507e-05 0.0008029531298775198
0.001801789362184764 7.540532047448328e-05 7.540532047448328e-05 0.000802953106267061
0.0017836774028652616 7.833211962612618e-05 7.833211962612618e-05 0.0007925817345475863
0.0018017897411195425 8.407960547801932e-05 8.407960547801932e-05 0.0007925817466293971
0.0018090956456531485 0.0001055071208390978 0.0001055071208390978 0.0007879636032449604
0.0018109539237516467 0.0001081377790893482 0.0001081377790893482 0.000787963402236297
0.001809097340378416 0.0001065358265103306 0.0001065358265103306 0.0007831316053925972
0.0018109557034698917 0.00010952288577226829 0.00010952288577226829 0.000783131489699242
0.0018130840873330342 0.0001172584370519092 0.0001172584370519092 0.0007613000524787464
0.0018170460523889605 0.00011744998298760798 0.00011744998298760798 0.0007613000774546537
0.001813086028342133 0.00011730834542741841 0.00011730834542741841 0.0007644270648839585
0.001817047970825026 0.00011783145051288648 0.00011783145051288648 0.0007644270760757744
0.0018276859682430575 9.884054745703157e-05 9.884054745703157e-05 0.000749182789082267
0.001852783003358259 9.876224909175952e-05 9.876224909175952e-05 0.0007491824721762317
0.0018276865798303626 0.00010526350509995798 0.00010526350509995798 0.0007613956103462333
0.0018527833848887346 0.00010194499892318347 0.00010194499892318347 0.000761395360360622
0.00010509267419475057 0.00022738673332621618 0.00022738673332621618 0.0003478238535845878
0.00039226551964159954 0.0002459154853642135 0.0002459154853642135 0.0003478224728592928
0.00010508828326651935 6.588235145274388e-05 6.588235145274388e-05 0.00039007769870674124
0.000392249127635278 8.438872983900841e-05 8.438872983900841e-05 0.0003900773287757952
0.0005852658711587623 0.00021804496556854466 0.00021804496556854466 0.00013371069470905194
0.0008253727936212708 0.00022248472504422174 0.00022248472504422174 0.00013371147248855605
0.0005852462886555979 8.305583095192054e-05 8.305583095192054e-05 0.00015508962775889618
0.0008253496946005049 8.74799614819442e-05 8.74799614819442e-05 0.00015508951667880634
0.000982997850676144 0.00018579553829961115 0.00018579553829961115 0.00034876537685608097
0.0011735347161224176 0.0001853643713536595 0.0001853643713536595 0.0003487666060478974
0.0009829780803363183 7.870600737664271e-05 7.870600737664271e-05 0.00034777247429279893
0.001173514204602483 7.845799063084542e-05 7.845799063084542e-05 0.00034777280365208747
0.0012948054640965832 0.00014626069485034092 0.00014626069485034092 0.0005440142689828297
0.001435595724368705 0.00014436624014989326 0.00014436624014989326 0.000544015126879046
0.0012947900656175113 6.952259559194174e-05 6.952259559194174e-05 0.0005397446537812911
0.0014355802624361584 7.091593130358081e-05 7.091593130358081e-05 0.0005397448836543496
0.0015216448672193729 0.0001076996573521984 0.0001076996573521984 0.000680042554987571
0.0016159573253548129 0.00010537631912429868 0.00010537631912429868 0.0006800430834992894
0.0015216346033429065 7.278837819957845e-05 7.278837819957845e-05 0.0006743486927602954
0.0016159471798487754 7.742932490041607e-05 7.742932490041607e-05 0.000674348834375325
0.0016706808731169628 8.530095666177294e-05 8.530095666177294e-05 0.0007587953521274873
0.0017258884516646138 8.659813293784206e-05 8.659813293784206e-05 0.0007587955106054256
0.0016706752130736095 8.153147185268311e-05 8.153147185268311e-05 0.0007540181610162033
0.0017258829182658121 8.592354110379839e-05 8.592354110379839e-05 0.0007540182034805041
0.0017556275325818847 8.496548226994418e-05 8.496548226994418e-05 0.0007873824681180245
0.0017816793054940387 8.768534757099613e-05 8.768534757099613e-05 0.0007873824809970869
0.0017556253580592574 9.172378996029897e-05 9.172378996029897e-05 0.0007835522410104572
0.0017816772137664422 9.55180008195834e-05 9.55180008195834e-05 0.0007835522444614599
0.001795633471401415 9.352383856270723e-05 9.352383856270723e-05 0.0007807014709783542
0.001807711078699422 9.346958010128223e-05 9.346958010128223e-05 0.0007807014459725885
0.0017956330964132411 9.936102662133379e-05 9.936102662133379e-05 0.0007788924670628784
0.0018077107391802959 0.00010005761422500065 0.00010005761422500065 0.000778892460362633
0.0018176813710809652 9.80609346204389e-05 9.80609346204389e-05 0.0007658382544156802
0.0018328429948831658 9.631268888820776e-05 9.631268888820776e-05 0.0007658382448523932
0.0018176809928825495 0.00010159008844615312 0.00010159008844615312 0.0007665660099156451
0.001832842601460328 0.00010120871210590243 0.00010120871210590243 0.0007665660073531738
0.0018511760761730715 9.491593716987006e-05 9.491593716987006e-05 0.000767205966610544
0.0018860951763083754 9.540560340494804e-05 9.540560340494804e-05 0.0007672059193639422
0.001851173806006382 9.989733046935903e-05 9.989733046935903e-05 0.0007708741982172622
0.0018860928131808024 9.872366132083883e-05 9.872366132083883e-05 0.0007708741855576178
H_3F 640
0.01007021992265765 0.005440956313126144
0.010520233605093084 0.00659689312112355
0.00958106474488042 0.005195381547276795
0.010053360929214194 0.006351372821186741
0.014276388850607172 0.009091727951581089
0.015015277728230327 0.010047511792613211
0.013643412670409543 0.00875530252084253
0.014415010477599145 0.009711148110700691
0.017923237435816884 0.011969742139347244
0.018545133563649206 0.012638763555807137
0.017251315505882266 0.011594543899534075
0.017896736912529455 0.012263628155216737
0.0206364010251671 0.014010062186350532
0.02103951991729706 0.014416373596065048
0.020034093520707043 0.013664745752362836
0.020449190705940066 0.014071098353473659
0.022560979250390207 0.015391032246480535
0.022772989352268746 0.015601705119202575
0.022124109436648998 0.015138485544696323
0.02234030063791766 0.015349170477501149
0.023645129498401026 0.016127690662676702
0.023575239621245206 0.016056852919094405
0.023383688694940473 0.015977072515521048
0.02331304925886139 0.01590627025583658
0.02355593536948501 0.015970408027087893
0.023192757637581024 0.015579099785017371
0.023683392184882836 0.016043426176207774
0.023322237511024222 0.015652189593363893
0.02193777183579941 0.01465225163266756
0.021262488488803084 0.013815895698318911
0.022729028501789 0.015091184777514475
0.022078254606542655 0.01425498965862088
0.018232936256880324 0.011688135501541122
0.017471740360869296 0.01028353492077666
0.02013387159284639 0.012695318848389696
0.01944880698936777 0.011290746147054585
0.01487291548120721 0.008324627251829147
0.01476010482804219 0.00763010906437926
0.015256960730977038 0.008518492744065626
0.015146955471096004 0.007823735565092105
0.008985434361840091 0.004811442649500401
0.009297461844579863 0.0057159391579910575
0.007887528540878644 0.004260655124885597
0.008241626087983898 0.005165329629165772
0.012429211137677488 0.007772585490860778
0.01294622826819201 0.008513038628828245
0.01064617370515354 0.006831395113382293
0.0112453879020116 0.00757202493193672
0.01551351912104475 0.0101891874231273
0.01602378707967108 0.010785751929144839
0.01337946397205931 0.0090094861299032
0.013967664320947116 0.009606182267229072
0.01819121896033173 0.012202828600418634
0.01868196692391238 0.012724425537922487
0.01606943729955051 0.01099556396495487
0.01662256736964441 0.011517105789743765
0.020582476372353237 0.013962825805006702
0.020985010608504284 0.014369892371758963
0.018612585661317505 0.01282170498739879
0.01905660339941619 0.013228736009796196
0.022445862175123458 0.01531352180050402
0.022673351264209992 0.015539174524739041
0.020948728944947582 0.014440475965916251
0.021192357810088283 0.014666144973577891
0.02381894659935232 0.016272806325274895
0.024045775941634866 0.016496168270414505
0.023176394422486885 0.015898725740653333
0.023409287359009885 0.016122012474132728
0.02465991227737345 0.016879941309011236
0.02459566511494949 0.016815584625573657
0.025463392544395055 0.017343987402743573
0.025401291277763437 0.01727964839531605
0.024392064110477656 0.016648454174337534
0.024123068502721376 0.01636961231802745
0.02758623187127944 0.01845747269437156
0.027350182192567317 0.018178555639241686
0.020297256509579746 0.013590537870443472
0.018379415977782882 0.010316648676867289
0.02776850683521537 0.017639797543706655
0.0264151199525353 0.014363540660930933
0.0070591164914058785 0.003698436115105322
0.007172138206575635 0.004173258289900182
0.005951874124429616 0.003143952626371258
0.006085193753965173 0.0036188689221825134
0.00877662724891868 0.005211418258395137
0.008915526290813908 0.005491368319576752
0.00685577585976956 0.0042224831736326985
0.007031231756535748 0.004502517160245605
0.010329381440175062 0.006368731098126792
0.01049029419878255 0.006633991550149415
0.0075081230481668 0.004880598253564788
0.007725154254156536 0.0051458379451689035
0.012035542489908131 0.007585192449612621
0.012237851791913836 0.007882766681776319
0.008148831150208173 0.005485737125567054
0.008440591280561672 0.005783226324272786
0.01377769604639857 0.008855944897292708
0.014049347581024474 0.009216822284222262
0.008758936357402373 0.006061333069342575
0.00917506050632891 0.006421972995605393
0.015719732920592793 0.010303651931227814
0.0161111868773143 0.010772731558196441
0.009527395406222843 0.0067108188134318006
0.010154720565171329 0.007179276794967944
0.01801882245853881 0.012003376380853746
0.018402619455239695 0.012432655250233852
0.010603290266341233 0.007494397955458929
0.011243484842057021 0.007923827158478459
0.02052959639195509 0.013821193221861237
0.021061344618009705 0.014383545560635584
0.011630779812146554 0.008133430407030632
0.012555587485917641 0.008695620152089774
0.023396057067409406 0.015905957640825048
0.023801420078151423 0.016325744994510297
0.012758046714570594 0.008597289495941969
0.013528659355303275 0.00902159299361827
0.024952024846909494 0.017058804978073994
0.0255647382608874 0.017679489160552286
0.012806481691637363 0.007605594391404973
0.014030721629891598 0.008179343516162467
0.005245847395315161 0.0026786339168615603
0.0052642994550172045 0.002833888574918763
0.004452063656085818 0.0022816168325621934
0.004473401777237745 0.0024368879413140913
0.005503612165482233 0.003016503763908745
0.00552622488262319 0.00310209039729304
0.004415559610753295 0.0024689405686569286
0.0044429195327736135 0.0025544157857643967
0.005464232106653136 0.003112528877892795
0.0054887940218352645 0.0031810804376649487
0.0041983565485781615 0.0024699367288987945
0.004229289689816036 0.002538287168867468
0.005290093542732544 0.0031282610557285566
0.0053271869875672305 0.003209324394602942
0.003910358345484447 0.0024179268961262617
0.003959356684653021 0.0024988167999060555
0.004940501455540204 0.0030588822629376454
0.00501070191653962 0.003174678999011034
0.0035983352824008456 0.0023486430143707837
0.0036931477120720896 0.0024641847188921744
0.004602109730441688 0.0030053922050325564
0.004687279744068532 0.0031109595419396337
0.003281319731124624 0.0022639491706547285
0.00339885732684083 0.0023692465457838714
0.004312970146332845 0.002944218606842794
0.004501012477417942 0.0031221944936555605
0.0030394203144344773 0.0021491925629914307
0.00329927686141385 0.0023264272697657534
0.00411488800288301 0.0029084676860430233
0.004477751685333521 0.0031616436325111095
0.003290127908514118 0.0022573034952858163
0.0037337367743202295 0.002510715639343699
0.004483154368594702 0.0030645448325629463
0.005403837453401687 0.003581857701208038
0.004127906495233463 0.0026547040891982355
0.005112025323723632 0.003173095002276663
0.00482969084502394 0.003353374121847041
0.002912382061457831 0.0018997866016557505
0.00409690103930557 0.0023714852480181594
0.0013140991447509768 0.0009057471483698411
0.003908381733882541 0.001993740951258013
0.003921370214511766 0.0021041411415604646
0.0032193280110094174 0.001649108810773587
0.003234533283922439 0.0017594499849151618
0.0037125496889084068 0.0020824505268370675
0.003771136032945466 0.002246893859488796
0.002908527882728586 0.00167587604484363
0.002982227813309833 0.0018401877968365168
0.0034817389400105094 0.002176732044863007
0.003573999601863994 0.0023150174013459018
0.002689060760252365 0.0017558182482002261
0.0028066536827879504 0.0018938923566337185
0.0033091076815551074 0.0022243946368189276
0.0034438577183025835 0.0023629598770229686
0.0025770811297644606 0.001797434717522324
0.0027473586773142586 0.0019358715908956525
0.0031908398352996433 0.002241795470995737
0.003395947423749673 0.0023992812877025515
0.0025995529006697456 0.0018317087536206624
0.002846886693599484 0.001988930742262948
0.003214475620751823 0.002255944345873309
0.003492972791543704 0.0024285519893863074
0.0028883837994295143 0.001960811646230515
0.003194958071346241 0.00213319987877858
0.0035033923173315765 0.0023535809223384037
0.0038151252953354175 0.002526428870315261
0.003377776362054501 0.002203583236630261
0.0036998507715134124 0.002376397663583142
0.003951263730647264 0.002554568713486991
0.004205286308998095 0.0026901188459639265
0.003889652866047037 0.0024651237600891687
0.00414732530611154 0.002600672672455985
0.0040226519896292764 0.0025732661183837102
0.0033885190628010755 0.002231904861939064
0.003954549640325907 0.0024596900445532175
0.0033064958195524008 0.0021183356584746644
0.0020358536467295287 0.0012542007741903126
0.0011288508463585547 0.0007673295131077665
0.0020186548926765364 0.0011972784991777304
0.001068899039418943 0.0007014891268832146
0.002773549294654318 0.0014670897628434093
0.0028384908894738565 0.0016942287763100131
0.0022357601749213047 0.0011975718091459032
0.002315288678917562 0.00142459199063844
0.0025241989575395017 0.0016336885917807647
0.002678257680282572 0.0018157061336118389
0.0020078861342652044 0.0013510208637453045
0.002197763895493291 0.0015328532591405964
0.00249540583771504 0.0017495835442693864
0.002693710790486441 0.0019032110476463037
0.002085408684019437 0.0014738824463402405
0.0023186190772310697 0.0016273928978319681
0.0025887293847808774 0.001816603474505075
0.002820186815632407 0.001959915363833593
0.002361326196207244 0.001614159614018514
0.0026125988037617822 0.0017572143503623416
0.002854763361070105 0.0019261821170417754
0.00309902498463983 0.0020625393565757866
0.0027417901625359526 0.0017937352362639462
0.002995107205789891 0.0019300054235282097
0.003203395731871898 0.002077774110037018
0.003409415134388411 0.0021879826583579023
0.0031572646316188257 0.0020122106690978006
0.003366018493211126 0.0021223919970784306
0.0035296119344823806 0.002247501272229945
0.0036751849648531247 0.002324404871457758
0.0034992741267499744 0.0022001842245829755
0.0036460142391894408 0.0022770798816760464
0.003670404208604779 0.0023287226898643073
0.003511567726084574 0.002244586196838094
0.0036490475692548215 0.002294000181742159
0.0034892247008492124 0.002209877690925158
0.003112159356886131 0.00197569229749962
0.0023704217440975255 0.0015762359177334292
0.0030914866644631586 0.0019396172407324685
0.0023422329718325854 0.0015401761287391345
0.0014711966077910316 0.0009133062448816078
0.0010967844768078807 0.0007151813054624492
0.001477308269546218 0.0009184971378338898
0.0011001318057206266 0.000718673708947283
0.0019020756433148797 0.0010560547207688759
0.0020655234327098225 0.001361589774133284
0.0015141139037570892 0.0008603499749252881
0.0017145289095836145 0.0011657689586160767
0.0018725851415098572 0.0013185995721116193
0.002143276229157944 0.0015137364458391897
0.0015979972883517985 0.0011277940843579873
0.001907650354039263 0.001322771727265186
0.002154897491252277 0.0014823841282889769
0.002407059908630316 0.0016276644240989673
0.002047182749178967 0.0013714411331315892
0.002310913863482684 0.0015165649661973554
0.0025274705964043877 0.001662818656209898
0.002748556156502879 0.0017824543158711892
0.0024669018054632127 0.0015814276104140058
0.0026928629081085674 0.0017009983501399973
0.0028769331672164698 0.0018351226182771437
0.003057773343339403 0.0019306426040064171
0.002845360616207364 0.00178568054301297
0.0030280343051641953 0.001881182105913021
0.0031734621068699237 0.0019985426655495606
0.0032959652158483176 0.0020628013930265345
0.0031543794293294298 0.001966923336041217
0.0032775694307785393 0.0020311746912773103
0.003347284866601643 0.0021084177420182173
0.0033267628698763633 0.0020976254038662405
0.0033416089210315707 0.002099089731075653
0.003321061367117749 0.002088311310832373
0.0032299869879885788 0.002064514227319578
0.002948593513060355 0.0019141472409456182
0.0032187230819697046 0.002046909574265379
0.0029361900875915104 0.00189655042365015
0.002539546042113974 0.0016293008667604175
0.0019484620239228854 0.0013077568965071435
0.002517130841814756 0.0015941561479565379
0.0019186698422911845 0.001272618772630613
0.001386393581093283 0.0008733368281956229
0.0011794594743836447 0.0007635473493857899
0.0013913046874700352 0.0008799017530156166
0.0011844439807138164 0.0007698142705759661
0.0012772539528093565 0.0007490802386995193
0.0015512941170663802 0.0010835724752589215
0.0010216729700793109 0.0006182389261950034
0.0013483982006002558 0.0009526269295761989
0.0015610166870693605 0.0010823656663347875
0.001895999020407318 0.001276330774435563
0.0014755964128905343 0.0009996122698384185
0.001826187489269781 0.0011935100847306705
0.0020785730384282287 0.001355027870439318
0.0023246222825650804 0.001486767797798024
0.0020347567205200663 0.0012928983270579823
0.0022854538885745124 0.001424591808936515
0.002479712931815634 0.0015648733886339152
0.002668435131938356 0.0016638159436739922
0.0024529333467792837 0.0015197544501083968
0.002643527693579014 0.001618679882466196
0.002796890181765008 0.0017423747385072318
0.0029353816160210366 0.001814535601571118
0.002784332009811217 0.001720237462902569
0.0029233943159120224 0.0017923897225413977
0.0030259454306086615 0.0018914161027676498
0.0030725458848673824 0.0019157811095089285
0.0030288823617027017 0.0018964504798755612
0.003075432817159054 0.0019208126224136077
0.0030924198138358875 0.001969723163016416
0.0029955354914286457 0.0019183066851150802
0.003092806536339693 0.0019701836417668926
0.002995933802698636 0.0019187695551282134
0.0028548581845088098 0.0018447107056202869
0.0025691075643369267 0.0016903326735565852
0.002840167257230654 0.0018235172171938525
0.002552725582004925 0.0016691437127982515
0.00219760462766607 0.0014120915560250874
0.0017633078766074266 0.0011764462273245746
0.0021878603122119098 0.0013972444832307416
0.0017509755726319138 0.0011616022490270167
0.0014111812447137558 0.0008937967742400293
0.001250731880880767 0.0008085393117884067
0.0014177608287085299 0.0009034516643060057
0.001257998236992745 0.0008181447134539195
0.0008669485709910833 0.0005369891587495492
0.0012269142983536356 0.0008668981733995517
0.0007031462790840944 0.0004508583860308231
0.0011170242602972246 0.000780691823834938
0.0014088487071408319 0.0009378531344472101
0.0017415886018278353 0.0011181109166659817
0.0013657066895147708 0.0008832337955128383
0.0017068147859459902 0.0010634644179985456
0.0019488990981511498 0.0012240541213877462
0.0021879926765866146 0.0013488320087675703
0.0019252743040273574 0.0011825325620123629
0.00216693584827858 0.00130728926324135
0.0023532003296663235 0.0014522483251710747
0.0025297411164064408 0.0015437201376018287
0.00234305100721764 0.0014331984257073328
0.0025202782470473933 0.0015246588973474478
0.0026614234962117913 0.00165316112843541
0.0027626438220400723 0.0017058434680302336
0.0026669839263248085 0.0016629500102692063
0.0027679912129862897 0.001715629201238206
0.0028486843221155788 0.0018084204853262961
0.0028484441019818846 0.0018082950379714282
0.0028551928321881373 0.0018183914214087665
0.002854952984853637 0.0018182658802893422
0.0028383623684883298 0.0018348182200423335
0.0027204092718402374 0.0017713979496040396
0.002834523668111964 0.0018293803479100877
0.0027164012604252593 0.001765961862363696
0.0025654924753085815 0.00166831080080062
0.0023299732882497734 0.0015403538515583249
0.002553850121808764 0.0016523010334082214
0.0023171277747837714 0.0015243468562540765
0.002030615284787937 0.001309032148262123
0.0017081480267246638 0.0011342246719475693
0.002028146492333211 0.0013053013235339696
0.0017051570624898767 0.0011304951390086232
0.001454983024077182 0.0009271403437232582
0.0013352580529969588 0.0008633638523027755
0.0014620844181088563 0.0009374512647966815
0.0013428914292550906 0.0008736325125750365
0.0006003014568209947 0.0003881677738535255
0.0009829818798201718 0.0006839460848126198
0.0005039551326343258 0.00033575794749092676
0.0009272158910429941 0.0006315062195301664
0.0012273008112676325 0.0007881776084263418
0.0015579464048520598 0.0009619489747286119
0.0011998781007436477 0.0007446053029932095
0.00153639782428737 0.0009183620735016011
0.0017769748773123464 0.001088584634228388
0.002016208902899414 0.0012119269939488888
0.0017654252172414548 0.0010653141513333741
0.002006007631611007 0.001188632061906939
0.002196274227907941 0.0013560704616396731
0.002354772037104739 0.0014382184127050097
0.0022002424614371357 0.0013633348561476934
0.002358461638283959 0.0014454784227105955
0.00249562056811083 0.0015802614623473062
0.0025696343578036377 0.00161923955092226
0.002505598574858335 0.0015956911308237958
0.0025793224588369374 0.0016346677781395413
0.002644553701793496 0.001710388617590272
0.0026304661269304225 0.0017028340498928827
0.0026437989822518894 0.001709339910231212
0.002629707473611372 0.0017017854597677624
0.0026030067422054865 0.0017006985820814946
0.0025003892113612787 0.0016449554977855962
0.0025932802399843925 0.0016878232170753412
0.0024902609010307867 0.0016320814146617694
0.0023599980805984904 0.001541648731861941
0.0021805067490734444 0.0014438145760661315
0.002351092378826889 0.001529815990934302
0.0021708583792748215 0.0014319833315209157
0.001954205116339198 0.0012650569506850106
0.0017244616957392276 0.0011405114252705092
0.001955326052250237 0.0012665166572365895
0.00172571445120564 0.001141969963699291
0.0015211593064940092 0.0009738208662215913
0.0014295848302699349 0.0009249349885382441
0.0015289525109972208 0.0009849883411688636
0.0014378390771584443 0.0009360853181264225
0.00043507472857945824 0.00028979767770515204
0.0007996453802806528 0.0005447280597672428
0.00037924148870341004 0.00025836405125357384
0.0007706538366383722 0.000513274679467932
0.0010437818265797518 0.000644118627292299
0.0013663547623459992 0.000810185509853066
0.0010292844134769145 0.0006146162430481541
0.0013552896700645542 0.0007806742141488579
0.0015959755410419152 0.0009716399479080941
0.001828806769570082 0.0010913498088300547
0.0015958561462153483 0.0009714536110399942
0.0018286894214126622 0.0010911570898952205
0.0020296762964629603 0.0012817089528446512
0.002172648193544247 0.0013567230064935997
0.0020334048246030815 0.0012876403670420032
0.0021761260192506024 0.0013626519335042536
0.0023128432057698376 0.0014958046218490092
0.0023760139291949017 0.0015296094832962814
0.0023101960205895726 0.0014921367494621506
0.0023734353804923565 0.0015259405236658064
0.002435662706142789 0.0015944690536473
0.002426408892527441 0.0015894502205226176
0.002427054691921002 0.0015832434666133224
0.0024177679197450656 0.0015782247138486668
0.002398726050421433 0.0015766377770162088
0.0023245797007040675 0.0015361310525916496
0.002387730243864893 0.0015625868379867877
0.002313231501562606 0.001522080948377981
0.002216848248821412 0.0014529342500740317
0.0020916929897146224 0.00138460475288991
0.0022108617528128743 0.0014451800528539446
0.0020853458250880124 0.0013768512787243289
0.0019299204243484773 0.0012538937951736009
0.0017767627521899875 0.0011708682713537188
0.0019325208319405753 0.001257360478239768
0.001779582331862544 0.0011743341387509877
0.0016237490445233226 0.0010426219281746256
0.0015203221813342711 0.0009872503069991109
0.001635333377088343 0.0010589223798103155
0.0015326807908113398 0.0010035469405815312
0.0003343582271014408 0.00022641342071261407
0.0006603488478123756 0.00044277294503609595
0.00030463615823429264 0.000209294615002603
0.0006457866873644846 0.00042564033081607475
0.0008831044177652607 0.0005233985861141715
0.0011910787106168708 0.0006799149197649051
0.0008757443398863622 0.0005035851822714358
0.0011856175549285312 0.0006600904210444216
0.0014296890768777503 0.0008866540293080848
0.0016427902439241427 0.0009970639587603754
0.0014284766720774405 0.0008845063964868796
0.0016417284561978246 0.0009949127566052697
0.0018441058394805744 0.0011869795447868538
0.0019803016155648394 0.0012593622766640363
0.0018392238583879582 0.0011799708676961758
0.0019757527205621966 0.0012523514886434637
0.002114464107970092 0.0013835162420267472
0.0021799175055668436 0.0014189072996584064
0.002106093853403994 0.0013725611716277819
0.002171798402637708 0.0014079514031748426
0.0022395381792586107 0.001476107131941564
0.00224593533815801 0.0014796025097893835
0.0022285554661866276 0.001462306269864883
0.002234984093409201 0.0014658016928904938
0.00223319724073794 0.001472995089230818
0.0021908219339123497 0.0014497797378002454
0.002223493786780375 0.001460868659067194
0.0021809302867147403 0.0014376538318757685
0.00211947227103029 0.0013925356467671824
0.002039221243985648 0.0013486837093443255
0.0021143651790267604 0.0013860324608917802
0.0020339126110123723 0.0013421809903032586
0.0019306961480448207 0.001257961017597207
0.0018348402414959683 0.0012059931960414327
0.0019336439257062678 0.0012618464298702146
0.0018379398171074791 0.001209877798236878
0.0017429873394106032 0.0011245894805022195
0.0016761378866691626 0.0010887201887174625
0.001755004189168459 0.0011410844482498115
0.0016886286305723426 0.0011052137629812139
0.0002844182962917783 0.0001928160892108128
0.0005646586241587788 0.0003781421415060475
0.00028998812986487734 0.00019597502690060637
0.0005674779934595046 0.00038129938439394005
0.0007578782986019708 0.0004388290407838194
0.0010400752864430003 0.0005815063154368983
0.0007562880206009883 0.0004340963176418753
0.001038909902382233 0.0005767688546709426
0.001274447069619455 0.0008019078972367143
0.0014757813047615853 0.0009069389343926784
0.0012707619306638921 0.0007958248607589457
0.0014725958443139316 0.0009008532616059388
0.0016717126437168271 0.0010864210979354275
0.0018051467889244447 0.0011578590891933634
0.001664274485110642 0.0010762661741365862
0.0017982584588812837 0.0011477025571406932
0.0019392443341956088 0.001276986204537366
0.0020127073145538637 0.0013169440653170493
0.0019291159436103133 0.001264178195481599
0.0020029497238638525 0.001304135380688783
0.0020792315589108087 0.0013753471173333378
0.002102230118218368 0.0013879513749000393
0.002068991648018645 0.0013627525930735946
0.002092102926789515 0.0013753568938025837
0.0021075856014868798 0.0013929610931932817
0.0020908873325358422 0.001383801381298371
0.0020992469393580457 0.001382677917859739
0.0020824821593391123 0.0013735185535901297
0.002049947646868171 0.001348517510839421
0.0020061769319947476 0.0013246059645850602
0.0020457674487870496 0.001343241105747205
0.002001905512881364 0.0013193298552429246
0.0019419095960168653 0.0012679474756857314
0.0018920139096704936 0.0012408974789546643
0.0019447546751177253 0.0012716569147388694
0.0018949338633087402 0.0012446069154054132
0.0018386240633527383 0.0011925668213787776
0.0018204579807119 0.0011827949174247417
0.0018482824453673714 0.0012055082568857042
0.0018302120636578961 0.0011957360590398045
0.0002885617167180269 0.00019067159113469185
0.000513220385954704 0.0003519183041312792
0.0003032647011139706 0.00019868830250460197
0.0005216241298675776 0.0003599333455825234
0.0006658316895760527 0.0003865734313746659
0.0009271727965930087 0.0005187463014573963
0.0006650467111017306 0.0003843325993923396
0.000926604064239148 0.0005165025478590572
0.0011517347112242405 0.0007303526481878516
0.0013454780296195325 0.0008318186771527295
0.0011481672598035496 0.0007247330417997615
0.0013424220450019692 0.0008261968382738651
0.0015363298388618198 0.0010032423288784853
0.0016688109740789108 0.0010744357721611418
0.0015298015295887818 0.0009945880896265788
0.001662801194953978 0.0010657802692728088
0.00180343347925537 0.001190847714387438
0.0018849938037498574 0.0012353127556199387
0.001795016206819555 0.0011803952108032398
0.0018769418916704114 0.0012248597672300655
0.001959958673503103 0.0012983541751674748
0.001996477199679488 0.0013183868953979992
0.001951312261410524 0.0012878268777797243
0.0019879897957135275 0.001307859609341376
0.0020170285542407723 0.0013339329549228048
0.0020192648759999707 0.0013351593201745122
0.0020103507273545704 0.0013257420259565292
0.0020125947556943894 0.001326968602511287
0.002002329839862114 0.0013177201643360032
0.001986292980592122 0.001308966867112339
0.0019994094661967715 0.00131404828803086
0.001983349147450234 0.001305295152180281
0.0019556452198112024 0.001278912383605112
0.0019383494694439043 0.0012695349453479563
0.0019576904790420276 0.0012815582857335587
0.0019404129390918022 0.0012721808390018957
0.0019192341092972359 0.0012487226425502002
0.001921457927127087 0.0012499212060891544
0.0019268303174133077 0.0012587627910356529
0.0019290451592364648 0.0012599611965818222
0.000315372974639475 0.00020164156251731055
0.0004958459117817994 0.0003470126899730129
0.00033993233727519815 0.00021462550746561713
0.0005118137600533026 0.0003599953567676645
0.0006066782585445954 0.00035347748346131324
0.0008576924613716419 0.0004804842464392585
0.0006086902611342998 0.00035877841101328767
0.000859109990248331 0.00048578131426509704
0.0010750143353044715 0.0006843687239539456
0.0012616553856627246 0.0007823159282809914
0.0010739544095664294 0.000682761277067344
0.0012607486022569788 0.0007807067054266343
0.0014474399707840391 0.0009471342797211583
0.0015800453468161114 0.0010184983711599347
0.00144360359361934 0.0009421382196473224
0.0015765300337571484 0.0010135014298274787
0.0017138619720198495 0.0011324910372457289
0.0017987985682804911 0.0011788133034113576
0.0017082326552713184 0.0011255568374785908
0.0017934353988886588 0.00117187875507721
0.001878236493007469 0.0012442254999131862
0.0019238347127066401 0.0012692246816726055
0.0018724590151228192 0.0012372159710758003
0.001918194649201696 0.0012622151366123108
0.001956077240504801 0.001293315177306599
0.00197260705578838 0.0013023712342259126
0.0019518429453802438 0.0012881295687064238
0.001968408518649961 0.0012971857438744698
0.0019732495268363712 0.0012985296244490544
0.0019749532746916533 0.0012994586629939719
0.0019713265326497904 0.0012961144728855065
0.0019730320550078967 0.0012970435965845668
0.0019664312033845486 0.0012871920699058903
0.0019700848114826853 0.001289173064921807
0.00196764572108308 0.001288756546613046
0.001971297055980428 0.0012907375234504003
0.0019752748795976846 0.0012884343786626622
0.001998519260389887 0.0013009827377672453
0.001979939774222065 0.0012945410950882979
0.002003129842546019 0.0013070893726246783
0.00036335368897513174 0.0002264582638896692
0.0005242639702722738 0.0003700439962504462
0.00040398534417507206 0.0002475829909866303
0.0005531904740281564 0.0003911632282055366
0.0006003454753912969 0.00035948828293390714
0.0008361333663508703 0.00047954213305491345
0.0006054469514528456 0.000370167958207247
0.0008397945442552079 0.0004902196056396556
0.0010430350245928864 0.0006658816137661125
0.0012242638095764705 0.0007611506610851575
0.001042684803906439 0.0006653752773145586
0.0012239614010923024 0.0007606435041272852
0.0014044474766652154 0.0009194098665397065
0.001535215796589825 0.0009898054256238754
0.001402784946207823 0.0009172673596994012
0.0015336933296220977 0.0009876625730452539
0.0016666916267051583 0.001100843711103472
0.0017532189460484112 0.0011480002044270512
0.0016643671546621088 0.0010979916480516009
0.0017510087488315329 0.0011451480071120502
0.001834923694928248 0.001214738112622225
0.0018853279753147 0.0012423419811350197
0.0018329481865892467 0.0012123466870449064
0.001883405240181115 0.0012399505608731581
0.0019241099719764431 0.0012715050003499545
0.001947909730713117 0.001284530893245563
0.001922543760816176 0.0012695887995348573
0.0019463627138473303 0.0012826147291139511
0.00195800775034341 0.0012881674711898846
0.001969089660679858 0.0012942062623360054
0.0019572868190896042 0.0012872627817380597
0.0019683728258024515 0.0012933015997714644
0.0019724284014131497 0.0012917598127483226
0.001986409238090401 0.0012993406198677795
0.001972710733849361 0.0012921235013990972
0.0019866895694489487 0.001299704304406751
0.002003860738723714 0.0013091910213918077
0.002036163042784343 0.0013266505478361588
0.0020052659398496903 0.001311024002111822
0.0020375458546720844 0.0013284834993692101
sig_last 640
-99193.25873313635 2666.596179893487 2666.596179893487 -157330.9074017086
-82612.50685427553 2894.756677831 2894.756677831 -140291.65101109922
-97464.79378618774 8966.915488215993 8966.915488215993 -151613.11258929333
-81246.89032083041 7988.838187355742 7988.838187355742 -134901.2053764142
-91263.35751756083 2890.489253416048 2890.489253416048 -165012.43157569456
-80286.55397625573 3590.728954214105 3590.728954214105 -151693.21541891748
-88526.13021151113 6773.967229656066 6773.967229656066 -157538.82974170367
-77402.7615130923 7000.48924878117 7000.48924878117 -144178.2510211738
-87212.4003194405 3654.2223208518544 3654.2223208518544 -171880.79382424202
-80753.93314698119 4189.349517419933 4189.349517419933 -162710.88663936415
-83764.52073437927 5826.8309129124045 5826.8309129124045 -163351.11179874995
-77446.42171809608 6043.62461790944 6043.62461790944 -154020.9111372716
-86310.3846951868 4063.619278079881 4063.619278079881 -178398.72280611415
-82640.65428852937 4467.948233882085 4467.948233882085 -172693.148776833
-83275.31097782445 5176.468541719022 5176.468541719022 -170553.0913327982
-79628.31291991535 5377.492608368833 5377.492608368833 -164922.01476887468
-87865.13917867032 4621.3166130082955 4621.3166130082955 -184887.01524981586
-86198.96635316801 4832.089651105958 4832.089651105958 -181941.64179960158
-85635.54578724888 5046.073779758017 5046.073779758017 -179660.22902706132
-83997.1785924657 5199.5533518013 5199.5533518013 -176619.42738400953
-90385.82915844658 4895.431087098091 4895.431087098091 -190886.9850872323
-91153.22572170175 5181.555871815881 5181.555871815881 -191844.63247060118
-88908.70254446198 4576.469220978188 4576.469220978188 -187926.68220795796
-89753.37105173638 4902.823740603861 4902.823740603861 -188884.2515746261
-93362.71784478484 5126.054678374772 5126.054678374772 -195820.57149845618
-97142.49400881716 5267.331212184245 5267.331212184245 -201392.34414100088
-93748.9555849134 4054.9676659466713 4054.9676659466713 -197707.00456892757
-97527.96923518239 4064.1895737599098 4064.1895737599098 -203363.20174263208
-96336.77778965102 4751.198393075336 4751.198393075336 -197732.2649169012
-104700.71684833172 4144.454858896591 4144.454858896591 -209533.76717598023
-100254.39629006093 1952.267093774085 1952.267093774085 -207834.3640951896
-108736.7469424219 1025.2399459662415 1025.2399459662415 -219830.39619841578
-100399.18425058218 2527.737828944898 2527.737828944898 -192845.30297516118
-117305.05032373295 -126.47485163523818 -126.47485163523818 -212333.30446305047
-109908.09454338186 -3297.4545807671975 -3297.4545807671975 -214800.4136625101
-127274.21602556118 -6941.452335006308 -6941.452335006308 -234340.316519695
-115715.35576696909 -310.9642624373969 -310.9642624373969 -196968.05376565017
-126761.06352100676 -1183.72540577298 -1183.72540577298 -206675.829323788
-117724.55607896492 -3999.6638027229033 -3999.6638027229033 -200690.92091324637
-128642.41271021917 -5117.653133943997 -5117.653133943997 -210388.0745490649
-96993.20953308028 13444.128269502107 13444.128269502107 -145849.947230821
-84258.50458571529 13140.073734030557 13140.073734030557 -133035.7618695367
-92639.48598528942 17091.45486715131 17091.45486715131 -133931.15642707818
-80206.47465632725 15952.003226157944 15952.003226157944 -121596.48727293564
-91973.43833358215 12463.175004474324 12463.175004474324 -153844.52514462423
-83877.14416403238 13534.3445597207 13534.3445597207 -143582.5818289827
-83287.31790750819 14761.366020706835 14761.366020706835 -134407.88422408598
-75660.5194371156 14782.26531419971 14782.26531419971 -124150.86163398127
-89818.59545463113 13062.685404731677 13062.685404731677 -161552.27340806593
-84737.6380256839 13836.577499727686 13836.577499727686 -152525.96614990852
-79060.35686624485 13928.754611470107 13928.754611470107 -136724.76165152062
-74078.7241312874 14212.054197651563 14212.054197651563 -127956.97969316992
-90705.860503886 14027.79336545814 14027.79336545814 -168000.5345755045
-86993.6859804882 14740.049350521622 14740.049350521622 -160466.0561360857
-79574.3604698548 14157.208783042446 14157.208783042446 -142271.9388936794
-76114.7214642229 14218.832537792627 14218.832537792627 -135025.1518935704
-92909.45977627827 15220.927313536433 15220.927313536433 -174003.76432972922
-90264.01385402781 15616.290383988613 15616.290383988613 -167849.23756955803
-82512.02334208235 14780.444550424545 14780.444550424545 -150377.1344372415
-79849.277591315 14789.584502772555 14789.584502772555 -144732.14259630206
-94515.56035728693 15795.232080426415 15795.232080426415 -179574.74686786748
-93452.9250903457 16571.54403379518 16571.54403379518 -176722.80650997788
-86593.67736977687 15102.274891643305 15102.274891643305 -161511.57719749137
-85436.85006536084 15797.126455866117 15797.126455866117 -158747.9453124675
-96711.75398089629 16350.712101726716 16350.712101726716 -186043.8645641005
-94836.39631114586 16164.521345219488 16164.521345219488 -182989.46818856927
-93799.28778622422 16474.116722179097 16474.116722179097 -178745.03538307766
-91929.48589952932 16293.185384249726 16293.185384249726 -175627.6588377584
-95478.8639097004 14429.606317655403 14429.606317655403 -188471.22613463597
-95663.043627762 13665.58028608884 13665.58028608884 -189659.4265267973
-100345.84886077924 14687.64153607107 14687.64153607107 -198797.89164525256
-100547.22232300528 13929.037444887088 13929.037444887088 -200002.11936649756
-93670.7303231498 10275.750199292226 10275.750199292226 -191357.96137268006
-94843.87765857608 7702.023979061918 7702.023979061918 -196539.07082464694
-112057.96398408571 10100.332171903425 10100.332171903425 -229670.70737493818
-112967.49916955757 7344.360140510507 7344.360140510507 -235001.92452370346
-91084.50499220415 4977.2122504899435 4977.2122504899435 -183982.35010432056
-129124.46717881392 -6732.3850024624235 -6732.3850024624235 -230614.87040222937
-131818.41055300637 -6457.509747798469 -6457.509747798469 -269190.8394795035
-173178.86671737334 -21613.729409323154 -21613.729409323154 -316903.3738783249
-92029.15659915343 19040.559286265925 19040.559286265925 -127523.2829339762
-85750.67845401063 18841.790205565005 18841.790205565005 -121342.0346336019
-87610.89867560256 19826.318845247406 19826.318845247406 -116422.71579417046
-81308.68740555808 19398.390866062633 19398.390866062633 -110694.71719838234
-88921.95556896867 18034.488955819434 18034.488955819434 -132533.16373614737
-86644.61024765112 19434.51121740465 19434.51121740465 -128658.08017347414
-79537.61749223537 17828.436128805097 17828.436128805097 -113613.44074698152
-77250.47733997885 18791.01407113942 18791.01407113942 -110334.55276875143
-90877.83150071766 19351.332939121647 19351.332939121647 -139120.2406977937
-89757.80222239094 21298.346150345373 21298.346150345373 -135346.5969334825
-76234.5896699224 18280.086484861422 18280.086484861422 -111077.12604202857
-75326.24040809038 19548.176194562988 19548.176194562988 -108020.63239861133
-95866.03857103281 22463.430964687865 22463.430964687865 -146664.7297512053
-95885.70648712592 24306.788025308095 24306.788025308095 -142389.62912661248
-75143.3293838174 19678.768451751857 19678.768451751857 -107612.40397465524
-75002.14013948658 20422.42470851536 20422.42470851536 -104339.59052385787
-102545.60047698522 26508.784589873743 26508.784589873743 -153999.21717542812
-103417.25213135523 27967.25911259093 27967.25911259093 -151234.57654080063
-74475.22093447621 19714.779177662305 19714.779177662305 -103018.03966043514
-74825.19702913826 21536.286498049045 21536.286498049045 -100614.15712590552
-110167.43171419494 30233.70821380469 30233.70821380469 -163185.25476633545
-110670.13545751003 31733.585316712655 31733.585316712655 -159305.18382138046
-73238.02726741275 21354.2143453822 21354.2143453822 -97569.46940516055
-74051.06240841764 21978.098381896976 21978.098381896976 -94446.3176958434
-120136.09662104279 34278.91311415403 34278.91311415403 -173311.00962524835
-118797.2683316399 32985.61159716249 32985.61159716249 -163882.87839480376
-73028.31428742313 21435.832645952127 21435.832645952127 -89980.38634032109
-71872.67121363412 20318.083185864696 20318.083185864696 -86911.31134077573
-127547.55442044791 37164.53780662319 37164.53780662319 -178057.74835811937
-128251.03850189154 37607.21940575664 37607.21940575664 -171816.40213985235
-68753.47122136253 20943.638840960684 20943.638840960684 -82757.2598827408
-70709.66588720569 22208.119861753083 22208.119861753083 -82996.29008611337
-137096.34305350986 39560.223955726935 39560.223955726935 -186160.47171369387
-142906.5507684311 44871.02947174327 44871.02947174327 -182557.19766553328
-65567.16666346628 21242.02869717832 21242.02869717832 -73627.15292983362
-67698.4139410311 21613.711109932574 21613.711109932574 -75110.72722687917
-145355.9065671876 45599.48893500226 45599.48893500226 -189008.39616926992
-160126.9910856677 50033.521739742675 50033.521739742675 -193817.12808588514
-56376.91816379616 17855.103404898466 17855.103404898466 -56515.775336923965
-78569.62576476537 26997.188828033264 26997.188828033264 -79701.91177827191
-86726.11809039328 20183.494286430123 20183.494286430123 -110980.79922033205
-85320.44457091497 20451.453930302512 20451.453930302512 -109479.31982033837
-83308.9823969259 19855.206012596056 19855.206012596056 -103231.82721130263
-81911.98298016046 20051.33218997576 20051.33218997576 -102006.20588008959
-84399.70869124422 18748.434993195617 18748.434993195617 -111508.90073053208
-86530.74903811888 20053.300612059316 20053.300612059316 -112199.04186478499
-79215.67156383202 17891.706580764858 17891.706580764858 -100904.81338126908
-81253.73274167454 19083.490179777895 19083.490179777895 -101603.95822877449
-86137.15879253906 19090.099954305697 19090.099954305697 -112161.81202142687
-88879.16002187814 20612.068706896796 20612.068706896796 -113124.82897845985
-80035.2184085921 18016.110477248505 18016.110477248505 -99720.26875207713
-82749.03787329019 19481.928582291977 19481.928582291977 -100649.05603357166
-88807.07235159467 20356.921651886147 20356.921651886147 -111756.15355555441
-92070.8730104813 21939.094232424206 21939.094232424206 -113055.97432832855
-82093.92103053462 19056.843618034112 19056.843618034112 -97905.48555669076
-85288.054490593 20456.635481266243 20456.635481266243 -99275.94121464441
-91786.73750344984 21820.851676943497 21820.851676943497 -109690.49792900021
-96018.71928878067 23487.544790219785 23487.544790219785 -111708.40059503984
-84562.45278696925 20124.325164656162 20124.325164656162 -95232.46562698176
-88747.61336889479 21588.643112336365 21588.643112336365 -97350.40922776902
-94829.97388655029 22865.83137339603 22865.83137339603 -106488.2510306308
-98838.17242460122 24438.84287114931 24438.84287114931 -108632.99706364257
-87439.54803815352 20829.658109359392 20829.658109359392 -91853.11210143281
-91361.30462346111 22252.225821795044 22252.225821795044 -94178.08326593623
-97529.83517662242 23630.673269645573 23630.673269645573 -102758.16149893243
-102665.68658046138 25333.896884447357 25333.896884447357 -105528.99671363205
-89556.58019635754 21051.40007095616 21051.40007095616 -87088.19878205087
-94642.27982835915 22668.197779698636 22668.197779698636 -90005.17865528235
-99919.70649837257 23308.262407210193 23308.262407210193 -95875.1756458929
-105356.28808788513 24974.539711894904 24974.539711894904 -99041.60572463441
-91762.13977056384 20518.699778273854 20518.699778273854 -80788.75816598159
-97068.57266623492 22028.89915794388 22028.89915794388 -84216.6424084532
-99324.42884601324 20455.289360879437 20455.289360879437 -81982.4673123084
-108230.39785460518 22080.097258883798 22080.097258883798 -87222.86800152225
-93515.30895482155 17905.049979319247 17905.049979319247 -72850.9829931881
-102430.7770513298 19585.872083552364 19585.872083552364 -78287.09106419631
-85786.62323971867 2011.561225496547 2011.561225496547 -55611.68107262104
-56048.06967509603 -2005.834996342855 -2005.834996342855 -40452.81774843812
-97268.55847810097 10764.738418883398 10764.738418883398 -71979.50786040068
-66169.93931772385 7141.120524888247 7141.120524888247 -57111.24612817762
-82140.84624455498 19685.295814532838 19685.295814532838 -98884.46398208433
-84083.64321628402 20338.934059207037 20338.934059207037 -99857.84228803625
-78827.0985347217 18907.20300418861 18907.20300418861 -92344.44167126626
-80743.4096535377 19584.135857383677 19584.135857383677 -93307.17384357445
-82290.43920998373 18111.36778838523 18111.36778838523 -98470.40039873497
-85729.22449666358 19427.11062082154 19427.11062082154 -100063.61740720704
-78516.30141387017 17038.659065606327 17038.659065606327 -90499.59732612748
-81896.24063901055 18335.885623457398 18335.885623457398 -92084.66778844676
-85346.38694383144 17868.468085835073 17868.468085835073 -97504.74629520293
-88516.71768108042 19124.899045105092 19124.899045105092 -98873.73535390277
-81441.64953142576 16763.27121040484 16763.27121040484 -88922.76369547157
-84639.14893363623 18003.428023707424 18003.428023707424 -90297.51059919792
-88359.28491587567 18153.800756348995 18153.800756348995 -95468.56666850294
-91564.1549127878 19389.50388018442 19389.50388018442 -96942.8259437238
-84330.85132463272 16940.130559797704 16940.130559797704 -86639.05091494457
-87430.18643404033 18043.377495198198 18043.377495198198 -88181.83586695476
-91147.09732402163 18339.892263139034 18339.892263139034 -92312.47005642182
-94569.580521132 19501.45303366248 19501.45303366248 -93941.10505278803
-87001.46822881923 16998.293923190602 16998.293923190602 -83701.93160131766
-90346.45734293472 18104.9799736237 18104.9799736237 -85368.0642665032
-93555.39744761422 17986.743223979734 17986.743223979734 -88028.8609736292
-97054.65778841724 19192.6934301558 19192.6934301558 -89794.38003173117
-89486.5595020249 16627.886213751786 16627.886213751786 -79987.12566116604
-92885.44068969107 17704.46109661753 17704.46109661753 -81898.62428938788
-94993.64132846819 16886.467715652485 16886.467715652485 -82137.62292507724
-98306.53444245154 17888.86327614047 17888.86327614047 -83962.46211514428
-91324.57404790803 15425.110354220935 15425.110354220935 -75499.49480807339
-94643.69896748352 16394.441296056066 16394.441296056066 -77434.19676848588
-95390.26040258518 13884.678254198298 13884.678254198298 -74391.70390614115
-97823.97519655626 14533.05691042727 14533.05691042727 -75813.72767381005
-93003.94955953104 12820.480804406172 12820.480804406172 -70347.56777942757
-95440.19786198047 13486.660922314331 13486.660922314331 -71788.54206808002
-91966.4871459986 6592.822398093465 6592.822398093465 -64851.938690135525
-85598.38836134865 6183.773583779445 6183.773583779445 -61535.16612468238
-92942.05153145384 8241.02171920945 8241.02171920945 -66851.09963327182
-86528.48014088988 7864.625909359558 7864.625909359558 -63601.490804410765
-81349.5393739623 -5149.677867567194 -5149.677867567194 -67891.47787350998
-56110.94530270473 -4470.639962095504 -4470.639962095504 -58481.50606054684
-80657.33059284679 2797.627976122804 2797.627976122804 -65431.9967491229
-55331.11310403088 3125.6527030012744 3125.6527030012744 -56066.404209786364
-77431.05337270611 18417.93685908118 18417.93685908118 -88616.18362195343
-81641.79851814694 19429.473691991938 19429.473691991938 -90938.57062806387
-74646.06974158529 17455.750607783822 17455.750607783822 -83494.6848929046
-78864.36496652498 18481.63241240356 18481.63241240356 -85830.36450393326
-80597.88633643583 16594.886940668235 16594.886940668235 -87833.93531780326
-84442.3281838828 17632.128760433927 17632.128760433927 -89549.94792088514
-77868.4459677679 15604.579402508443 15604.579402508443 -82032.04837793577
-81623.7217796051 16629.29958203097 16629.29958203097 -83818.21686957801
-84446.79814740518 15881.286132238532 15881.286132238532 -86170.82878381707
-87646.69082971386 16799.531209162735 16799.531209162735 -87557.02564856103
-81745.0834072219 14888.303894441913 14888.303894441913 -80378.84752753521
-84870.17217637146 15787.005751953111 15787.005751953111 -81882.81909785427
-87606.63246786587 15319.54204762015 15319.54204762015 -83771.79620909241
-90455.50374075134 16174.531813952359 16174.531813952359 -85151.7671615351
-84929.90377072603 14279.867257906615 14279.867257906615 -78167.85294701923
-87744.13282295488 15152.267975019626 15152.267975019626 -79615.01462649637
-90009.80980579562 14492.001038562432 14492.001038562432 -80591.11254829506
-92670.1836704808 15328.561144848143 15328.561144848143 -81921.39473817636
-87514.91837734211 13463.744449525973 13463.744449525973 -75434.96929061488
-90119.45403284421 14282.518877820305 14282.518877820305 -76856.13141312145
-91750.17511496056 13031.597765798644 13031.597765798644 -76408.03551635747
-93802.7041078068 13747.070579606123 13747.070579606123 -77557.72491056802
-89517.61457191154 12062.643461500666 12062.643461500666 -72160.10507540329
-91604.03810099317 12819.774927232087 12819.774927232087 -73338.8384877243
-92140.60922785588 10556.190208050913 10556.190208050913 -71176.62304547922
-93549.54395167697 11085.404764311475 11085.404764311475 -72004.17090001296
-90591.20496989423 9956.651438747063 9956.651438747063 -68521.09851545337
-92005.45023093373 10466.280222356041 10466.280222356041 -69334.33192657307
-90808.57443920623 6533.370423395309 6533.370423395309 -65922.1121957687
-89195.02585408512 6639.521043612235 6639.521043612235 -65134.67043559133
-90436.97128522464 6927.771565625661 6927.771565625661 -65533.54984033487
-88836.63866038914 7024.8553610112385 7024.8553610112385 -64730.721698110676
-86420.24680693973 466.4035572160983 466.4035572160983 -63074.76144409357
-78745.10012359564 308.68277132334595 308.68277132334595 -59353.98995034742
-86706.26368419074 2954.6345903681713 2954.6345903681713 -63726.40392779712
-78945.09522465241 2820.6467878583685 2820.6467878583685 -60020.66547613279
-73636.21317379236 -4004.9463528573597 -4004.9463528573597 -62284.00993711944
-58634.548708461654 -4050.144926431479 -4050.144926431479 -56782.5221467561
-74140.37630543645 783.1306401366837 783.1306401366837 -62572.342860216384
-58768.381248748345 543.1501962681742 543.1501962681742 -57047.89788889453
-73225.6932641554 16735.409939977137 16735.409939977137 -80470.7922333785
-78733.26819982425 17874.858608724688 17874.858608724688 -83497.75366161669
-71001.3838536451 15669.886377238883 15669.886377238883 -76694.21878472008
-76650.0837642726 16757.912131230245 16757.912131230245 -79638.76859849099
-78722.41637495715 14904.17830745976 14904.17830745976 -79618.33174871658
-82653.54209911946 15693.707260824767 15693.707260824767 -81473.32578119675
-76812.60984091095 13992.48268301041 13992.48268301041 -75565.52866718933
-80676.38687461533 14711.532950274825 14711.532950274825 -77394.9902994499
-83222.23273706171 13701.563970112424 13701.563970112424 -77936.01149194041
-86031.95395376111 14352.631174071541 14352.631174071541 -79344.82315226096
-81417.44339592324 12809.425045959186 12809.425045959186 -74008.2618114227
-84200.90084120446 13442.00012608855 13442.00012608855 -75409.32546172678
-86179.83531139008 12446.932553157461 12446.932553157461 -75622.58452906398
-88457.5482555868 13019.292499223884 13019.292499223884 -76772.71306685003
-84572.98391195244 11613.293104152963 11613.293104152963 -72088.68713376064
-86826.24664813987 12197.028973651813 12197.028973651813 -73236.82354070806
-88260.98163562719 10860.512042389575 10860.512042389575 -72593.0308432571
-90075.84717614285 11359.731971454188 11359.731971454188 -73552.23853345953
-86905.74733389363 10187.353103418669 10187.353103418669 -69693.89060676716
-88655.78133677416 10652.187249841634 10652.187249841634 -70691.17629206022
-89280.58598087728 8783.729380695973 8783.729380695973 -69170.91774828301
-90449.59681742561 9145.606867509805 9145.606867509805 -69828.36716422431
-88142.99732211465 8310.916530251325 8310.916530251325 -67202.81378070042
-89296.06839735222 8682.320051234481 8682.320051234481 -67871.18150077299
-88989.81253302684 6009.709520092227 6009.709520092227 -65801.94265768585
-88760.68730754036 6222.002639641685 6222.002639641685 -65747.9460522162
-88388.34383648084 5998.598143656834 5998.598143656834 -64880.98024988266
-88158.34263455326 6202.790670859906 6202.790670859906 -64830.71096021479
-86833.35769240187 2229.528555991426 2229.528555991426 -62931.5622308016
-83894.5895433022 2210.0595535399943 2210.0595535399943 -61513.46796230447
-86843.34832627884 3151.4423436493507 3151.4423436493507 -63095.170549905146
-83911.20930938557 3122.0743023800487 3122.0743023800487 -61680.31740891955
-81680.39674970103 -1605.2412292055906 -1605.2412292055906 -61451.71426381182
-75095.40036975489 -1796.8894818572476 -1796.8894818572476 -58451.4442605941
-82079.65375508758 504.0478321619412 504.0478321619412 -62077.54107998226
-75527.83084631646 333.7180863169678 333.7180863169678 -59049.46281606673
-72024.8495386343 -3129.3947390118838 -3129.3947390118838 -61960.96711286063
-62449.822123689126 -3043.5480044862506 -3043.5480044862506 -58470.258057964216
-71971.77496572197 -60.79718362790079 -60.79718362790079 -61459.62391703847
-62311.845853061284 17.878911851114616 17.878911851114616 -57933.80955332659
-69726.39748228066 14844.6405796605 14844.6405796605 -74424.34406989405
-75912.20357695129 15932.786830360528 15932.786830360528 -77585.18913260725
-68107.86062872612 13833.798018572968 13833.798018572968 -71725.41479608491
-74356.40962656376 14848.81396139725 14848.81396139725 -74843.12836346388
-76775.48936969654 13155.835060442165 13155.835060442165 -73432.55839510818
-80538.68739982741 13691.054463674038 13691.054463674038 -75175.39231549429
-75672.16232046817 12325.931620260602 12325.931620260602 -70774.40052134528
-79396.58857173372 12849.233349850852 12849.233349850852 -72560.06529931992
-81347.52807238164 11569.418795017591 11569.418795017591 -71856.31976551404
-83864.64328192349 11972.489399481548 11972.489399481548 -73080.81381274677
-80347.69746894618 10821.825787768448 10821.825787768448 -69475.49554144654
-82901.80285821127 11237.042315308321 11237.042315308321 -70702.91186339429
-84293.61511612473 9860.867188115823 9860.867188115823 -69799.33488868258
-86210.08170908761 10205.680243404648 10205.680243404648 -70735.82851765609
-83413.93501970061 9268.583055394185 9268.583055394185 -67774.39844717702
-85338.60131700733 9606.425300400086 9606.425300400086 -68727.07858185815
-86064.47421162819 7954.891660769228 7954.891660769228 -67536.33374263172
-87462.03761858685 8257.084814212234 8257.084814212234 -68216.37651470861
-85241.10014427085 7491.487878848775 7491.487878848775 -65972.47693501078
-86631.27356920387 7805.45133850307 7805.45133850307 -66657.38694824836
-86672.54041014952 5687.221238495398 5687.221238495398 -65193.1457492594
-87153.79983843389 5918.486893665662 5918.486893665662 -65452.003639428054
-86080.29661275509 5504.119160559598 5504.119160559598 -64243.120698988336
-86564.8403144628 5731.023792376813 5731.023792376813 -64496.80508378697
-85942.15669271447 2923.659342569946 2923.659342569946 -62946.02174484906
-84925.18001360648 2992.452873968075 2992.452873968075 -62479.221322616424
-85772.17232995153 3226.314073287317 3226.314073287317 -62733.57643558633
-84752.11826504517 3290.360985229283 3290.360985229283 -62268.2143900472
-83422.12819671835 13.07499233627145 13.07499233627145 -61345.67979404602
-80486.78860784753 -94.71752187119445 -94.71752187119445 -59893.52251352759
-83626.09245605483 965.8348825432352 965.8348825432352 -61704.95144995376
-80689.15110774168 873.7658750520313 873.7658750520313 -60263.3110247887
-79100.96051112485 -2187.322255221422 -2187.322255221422 -60938.66427466353
-74041.00172543913 -2273.356270002529 -2273.356270002529 -58792.36031729222
-79296.25536187369 -584.2997565526081 -584.2997565526081 -61152.58763403959
-74263.16599320741 -667.9567885972089 -667.9567885972089 -58945.325230640854
-71992.86949397773 -2410.0686975558165 -2410.0686975558165 -61299.8842695695
-65706.4240797175 -2330.377294114648 -2330.377294114648 -58959.47408018881
-71886.249719337 -370.09571652997255 -370.09571652997255 -60838.16243179984
-65578.9212730568 -301.40168994608706 -301.40168994608706 -58490.25149061102
-67153.21664531817 13091.268800425234 13091.268800425234 -70056.74800817872
-73275.43234585415 13877.898448304231 13877.898448304231 -72990.47207992505
-66218.46767537623 12169.587221236465 12169.587221236465 -68301.79045561251
-72447.80419416878 13005.75528338149 13005.75528338149 -71116.56233665772
-74778.87760045593 11429.582961972603 11429.582961972603 -69063.41927209953
-78318.860461984 11804.246104532274 11804.246104532274 -70643.31945584818
-74156.07624193748 10685.915628737384 10685.915628737384 -67505.5593835173
-77724.82096224831 11038.8345356171 11038.8345356171 -69070.88272131233
-79284.34967679724 9698.500850761844 9698.500850761844 -67590.73873498988
-81718.73447034202 9923.606985452756 9923.606985452756 -68714.51273325215
-78755.13788934404 9049.344403249486 9049.344403249486 -66214.36378873728
-81224.42655699742 9273.298448979931 9273.298448979931 -67335.28032234267
-82132.03962428824 7798.813435124114 7798.813435124114 -66022.62250611851
-83933.88385806854 8020.3272571747975 8020.3272571747975 -66838.93417881089
-81609.59971220684 7285.186624380029 7285.186624380029 -64853.34524282746
-83399.48465416032 7515.038602167142 7515.038602167142 -65682.79607313225
-83761.33070451967 5790.40150712883 5790.40150712883 -64325.756121550636
-84752.1187226807 5951.703297575637 5951.703297575637 -64850.05862906803
-83329.92697416508 5444.421143901376 5444.421143901376 -63542.46246154388
-84327.31032979624 5611.84549585393 5611.84549585393 -64070.0552623833
-84120.56438401737 3485.0107693306763 3485.0107693306763 -62654.754291243175
-84129.23342298676 3573.3375070538714 3573.3375070538714 -62675.0725579829
-83907.97241675165 3463.2348046175753 3463.2348046175753 -62353.830030306955
-83919.73457064433 3549.72021170648 3549.72021170648 -62371.40391793958
-83176.9281007444 1087.5616067236701 1087.5616067236701 -61290.17865262823
-82011.4127641593 1060.1367515586603 1060.1367515586603 -60701.42144452801
-83234.06150801654 1469.9544673094356 1469.9544673094356 -61420.37607620261
-82067.59085172652 1441.3319251414737 1441.3319251414737 -60828.251433662794
-81058.71857814127 -976.833681264387 -976.833681264387 -60589.92987745814
-78636.54402878051 -1051.7418189682048 -1051.7418189682048 -59394.394406872976
-81247.94305317171 -177.06941897213977 -177.06941897213977 -60891.57403245768
-78815.2441470435 -258.6908963299486 -258.6908963299486 -59701.62514160827
-77635.26887071763 -2212.442143836691 -2212.442143836691 -60614.327768657015
-73969.34377406744 -2259.6118328173093 -2259.6118328173093 -59040.58472148007
-77743.8043466758 -1041.0302981196705 -1041.0302981196705 -60627.38596686401
-74082.67976162187 -1093.107234640287 -1093.107234640287 -59036.81267550727
-72693.44065454224 -1888.7229817987181 -1888.7229817987181 -60957.53114164717
-68548.84795574636 -1761.5566838848686 -1761.5566838848686 -59356.27657013204
-72545.98998022403 -522.1948370153536 -522.1948370153536 -60485.33809591946
-68370.92349013916 -407.59538494377966 -407.59538494377966 -58889.668576887714
-65359.25993829099 11461.573982273272 11461.573982273272 -67166.46207818792
-71103.26791257426 12087.814138804457 12087.814138804457 -69573.93016965801
-64762.83181389442 10438.261228658987 10438.261228658987 -66069.38366525734
-70667.56943100742 11042.071681454123 11042.071681454123 -68470.64198291139
-72632.56328425328 9902.151804888155 9902.151804888155 -66008.37861412365
-76163.24377959203 10133.060362172397 10133.060362172397 -67455.30016185876
-72373.11877076789 9112.736195536645 9112.736195536645 -65133.575347079626
-75934.93617860082 9320.679074928326 9320.679074928326 -66588.74986538806
-77120.79657255803 8053.489010167142 8053.489010167142 -64732.867372470384
-79591.23789324572 8220.71023114357 8220.71023114357 -65810.65936257767
-76872.3442260846 7419.167761871796 7419.167761871796 -63964.0610948441
-79350.10618476899 7591.055626793197 7591.055626793197 -65070.517290990516
-79927.76090901266 6172.691761705384 6172.691761705384 -63455.017722370685
-81579.13453045329 6290.750852659441 6290.750852659441 -64212.21256454351
-79730.01495617101 5706.601501295545 5706.601501295545 -62887.13944147764
-81379.22969818425 5824.698041696604 5824.698041696604 -63649.194355736145
-81428.02016967173 4142.474263639376 4142.474263639376 -62165.08846767546
-82201.95581662952 4200.91163181196 4200.91163181196 -62555.593792290514
-81288.55468285058 3887.180904646626 3887.180904646626 -61881.40350210004
-82059.15872747722 3947.885816918706 3947.885816918706 -62272.578790296146
-81714.44157992501 2029.3393578792247 2029.3393578792247 -61069.50035252128
-81586.69038067463 2015.0930521794671 2015.0930521794671 -61021.59325895026
-81738.1081882454 2067.9076198181756 2067.9076198181756 -61107.78847567715
-81611.35953407484 2054.8607814272764 2054.8607814272764 -61058.86227307438
-81011.1676743726 126.23608943544065 126.23608943544065 -60373.61712098159
-79976.10464155042 54.200299080346795 54.200299080346795 -59845.500089740795
-81158.30614999929 468.6381618444393 468.6381618444393 -60619.070227831675
-80124.02407288898 399.6613274706462 399.6613274706462 -60091.2823255743
-79453.88235757465 -1320.051147346951 -1320.051147346951 -60126.249629609
-77557.16374732973 -1395.481014703249 -1395.481014703249 -59250.97516720603
-79581.42461102069 -715.4544719807036 -715.4544719807036 -60351.10831382719
-77700.11573057958 -779.8128041969165 -779.8128041969165 -59466.44454770019
-76914.25869099169 -2015.565601452304 -2015.565601452304 -60348.856247850235
-74345.93608566943 -2022.3919090937684 -2022.3919090937684 -59253.86245148939
-76941.17028742119 -1189.7842806814153 -1189.7842806814153 -60284.50770166193
-74383.56196351745 -1201.6450783987138 -1201.6450783987138 -59182.20848957035
-73626.15140147397 -1451.6430452819272 -1451.6430452819272 -60675.59432376424
-70940.60838587266 -1340.6469773784574 -1340.6469773784574 -59642.17422053143
-73462.15453789839 -562.323479003804 -562.323479003804 -60231.127772331485
-70775.47580353689 -455.40892488846896 -455.40892488846896 -59191.4057342863
-64137.47832097738 9720.03169019082 9720.03169019082 -65329.267471413295
-69257.28434737696 10186.531990540578 10186.531990540578 -67363.18365916108
-63823.51222424408 8798.69594955961 8798.69594955961 -64704.376419979475
-69034.46474832213 9193.078848010642 9193.078848010642 -66686.09159791665
-70752.45320575117 8342.68237582895 8342.68237582895 -64058.02170842362
-74173.15778908323 8464.382209403382 8464.382209403382 -65368.503508547765
-70652.6651548975 7575.210258158708 7575.210258158708 -63589.51710346626
-74120.00432017892 7675.429089128467 7675.429089128467 -64907.0910651296
-75054.6747914762 6662.578833920605 6662.578833920605 -62811.72295740642
-77483.2638146913 6730.104642243285 6730.104642243285 -63860.03381502811
-74993.15524038934 6032.2504411726995 6032.2504411726995 -62508.65504095226
-77460.02183139033 6110.202865175328 6110.202865175328 -63542.10127738932
-77823.01380666476 4824.616917843026 4824.616917843026 -61729.994307101704
-79363.87398800034 4844.669108655831 4844.669108655831 -62422.78649905121
-77825.28978278842 4375.246958330825 4375.246958330825 -61582.940510898385
-79356.30123992394 4392.931048167593 4392.931048167593 -62283.48966351422
-79255.3756251616 2946.8447687627468 2946.8447687627468 -60781.702309206434
-79935.27129961415 2920.362407363295 2920.362407363295 -61109.53141195106
-79327.98956323582 2732.7593124558307 2732.7593124558307 -60846.700133661994
-80004.61241318518 2702.4738756777815 2702.4738756777815 -61173.472419486585
-79697.38789565397 1180.5085643357468 1180.5085643357468 -60117.11122345397
-79635.7266682961 1118.127940710041 1118.127940710041 -60083.45192044258
-79833.06051080005 1202.7371995656963 1202.7371995656963 -60332.75213882441
-79772.29637912332 1140.6433216704445 1140.6433216704445 -60298.27646764656
-79323.74890046951 -319.1457334843675 -319.1457334843675 -59815.6560564683
-78592.98730050327 -386.0214395503665 -386.0214395503665 -59442.41992933331
-79479.64336054964 -72.35824200155078 -72.35824200155078 -60067.58447179596
-78750.39380990046 -139.0056484908967 -139.0056484908967 -59694.128780838044
-78297.05882737205 -1361.256363051833 -1361.256363051833 -59843.27515526485
-76953.0506393563 -1396.6056426992604 -1396.6056426992604 -59255.15916367705
-78397.99959963617 -930.3005961911816 -930.3005961911816 -59992.89061762991
-77051.22063899612 -968.9527932511013 -968.9527932511013 -59401.14580300033
-76598.62495028021 -1704.6943205132939 -1704.6943205132939 -60157.44477421792
-74895.03933995195 -1701.3184703526665 -1701.3184703526665 -59425.30629520648
-76582.05463227318 -1154.537833751106 -1154.537833751106 -60069.719692795654
-74893.4067659472 -1151.885773754972 -1151.885773754972 -59330.69446804516
-74557.4350482938 -1084.492555334984 -1084.492555334984 -60476.582031311096
-72943.90227623489 -992.4615247480851 -992.4615247480851 -59782.75940398274
-74376.80290134558 -542.4453980679399 -542.4453980679399 -60072.39491025708
-72774.19193168527 -447.30465640990053 -447.30465640990053 -59384.47632050114
-63308.88551900784 7982.698330352548 7982.698330352548 -64192.17242773504
-67773.70361412653 8283.433637857614 8283.433637857614 -65895.71629566935
-63094.89225625216 6967.726638484283 6967.726638484283 -63794.99832657852
-67610.03609526926 7210.432958501371 7210.432958501371 -65459.224479288314
-69092.59923358964 6821.052681176656 6821.052681176656 -62817.327976922505
-72446.78328854154 6906.506387513511 6906.506387513511 -64034.04294010927
-69106.55411536821 6047.411868960955 6047.411868960955 -62622.18189218418
-72459.32744167079 6109.120549655433 6109.120549655433 -63871.933174998754
-73236.62477413169 5351.856036558596 5351.856036558596 -61596.99824489822
-75544.0869848099 5343.7724729462825 5343.7724729462825 -62550.788318961466
-73328.24449047697 4714.306054426078 4714.306054426078 -61579.4755200884
-75653.06794302861 4692.153683310887 4692.153683310887 -62517.1523913781
-75882.33355192853 3729.699811898524 3729.699811898524 -60625.80517136737
-77367.16667989017 3677.707532310359 3677.707532310359 -61276.975494098646
-76010.37306094122 3285.591765477464 3285.591765477464 -60727.62539783694
-77496.32110194195 3232.482394888316 3232.482394888316 -61379.06782048161
-77428.08601616212 2122.368888972493 2122.368888972493 -59945.31338637334
-78143.03857365841 2046.8286122196082 2046.8286122196082 -60296.12337471674
-77570.47137050757 1891.6399774942072 1891.6399774942072 -60138.86499068114
-78290.73039504363 1816.962226847254 1816.962226847254 -60488.983932396775
-78058.60390678939 683.6626392214101 683.6626392214101 -59579.54889206702
-78167.31955753031 611.0583670590838 611.0583670590838 -59621.935660386676
-78211.52119994092 651.6315231870012 651.6315231870012 -59823.624712098106
-78320.39378848774 578.9676729628917 578.9676729628917 -59866.60890951955
-78042.84298248892 -460.3580474424738 -460.3580474424738 -59495.11416836115
-77617.5576865961 -524.4107955865219 -524.4107955865219 -59303.75831933609
-78176.85718154386 -322.2444094737525 -322.2444094737525 -59721.379971047885
-77752.50965487174 -386.350725301916 -386.350725301916 -59532.72215165657
-77487.65511370912 -1197.202226569929 -1197.202226569929 -59681.12138471173
-76628.95600036038 -1235.5527063683028 -1235.5527063683028 -59302.51294801461
-77561.86930466766 -922.4107891087572 -922.4107891087572 -59799.91971082689
-76701.45343070434 -963.2557996861682 -963.2557996861682 -59421.06823237011
-76514.78919179068 -1358.912724430068 -1358.912724430068 -59996.54448615206
-75478.95789934912 -1345.2796990745987 -1345.2796990745987 -59549.935315919865
-76488.66517420275 -1022.4920003985887 -1022.4920003985887 -59920.43935602511
-75455.58751888231 -1008.8776790923739 -1008.8776790923739 -59470.763646374806
-75386.04069993306 -773.9740509410904 -773.9740509410904 -60292.13040382622
-74535.56400165087 -688.6530260603045 -688.6530260603045 -59927.25615556343
-75214.98144714773 -494.26604678681167 -494.26604678681167 -59950.33564352774
-74368.62795968256 -406.47732111376286 -406.47732111376286 -59587.27608594116
-62770.42424108878 6256.9949557069385 6256.9949557069385 -63484.04812625907
-66669.36528624037 6444.302508019635 6444.302508019635 -64902.0037796362
-62655.3913319492 5252.1887617261345 5252.1887617261345 -63261.31940687093
-66608.9341913135 5407.21020561762 5407.21020561762 -64695.02431833835
-67846.19670323923 5361.682019514163 5361.682019514163 -62058.92560759791
-70935.2896727471 5410.253723504868 5410.253723504868 -63195.05388891111
-67838.69021113949 4469.462218236335 4469.462218236335 -62040.82729701319
-70995.85560135695 4554.536603962444 4554.536603962444 -63164.302564104015
-71713.649561614 4104.260184460092 4104.260184460092 -60907.71129299452
-73964.38646774602 4083.840136576909 4083.840136576909 -61802.86853564547
-71803.29508890628 3436.7812145525468 3436.7812145525468 -60976.68813267075
-74071.60835958994 3419.264299402798 3419.264299402798 -61868.865470079974
-74325.80111101086 2779.287461576926 2779.287461576926 -60058.33373038502
-75825.42020327688 2729.863604831149 2729.863604831149 -60690.00811884761
-74451.98612554026 2315.7992843509783 2315.7992843509783 -60213.643084974916
-75957.0046241207 2259.373097601945 2259.373097601945 -60848.853431368334
-75935.9600986836 1509.5709022684607 1509.5709022684607 -59515.10498770676
-76781.57181052577 1446.649379190539 1446.649379190539 -59886.462035603356
-76074.81894614949 1240.4724493384135 1240.4724493384135 -59739.630444423085
-76921.7187966272 1177.2134381071833 1177.2134381071833 -60111.243392400356
-76790.81793714997 408.9430136746255 408.9430136746255 -59293.81473719978
-77090.23078766574 347.7532453101668 347.7532453101668 -59416.49221480908
-76927.43690824466 317.60332351616864 317.60332351616864 -59522.011068295775
-77227.54149276904 256.7059984620622 256.7059984620622 -59644.96644078624
-77079.96579610299 -437.2883994951883 -437.2883994951883 -59333.20028990785
-76931.67168164696 -490.75627234305216 -490.75627234305216 -59259.75229934596
-77192.41769187224 -390.95208618115896 -390.95208618115896 -59524.22181512274
-77044.89592982359 -444.6574967563878 -444.6574967563878 -59450.35000057428
-76938.21036445758 -945.4368964115943 -945.4368964115943 -59566.54445387706
-76484.55423017917 -978.660433555222 -978.660433555222 -59368.23768186588
-76997.80922071141 -800.1212936531565 -800.1212936531565 -59663.183348929815
-76542.90859702152 -834.840478525748 -834.840478525748 -59464.77862536209
-76518.70881771481 -1004.9200820639469 -1004.9200820639469 -59899.48682346053
-75993.69382820746 -988.2824286624659 -988.2824286624659 -59686.312603816354
-76486.67067179714 -837.3230315444669 -837.3230315444669 -59829.276315578856
-75961.12209348785 -820.1077019855574 -820.1077019855574 -59615.91160620832
-76049.63221299523 -523.2567579309955 -523.2567579309955 -60156.99833872855
-75745.79438963835 -449.293842795183 -449.293842795183 -60014.45178707782
-75906.06166741933 -422.4924078237628 -422.4924078237628 -59895.685979274924
-75602.7662610983 -349.62620357177104 -349.62620357177104 -59751.895493746866
-62373.047264327884 4500.425230086959 4500.425230086959 -63096.95034904573
-65844.79175698636 4598.790063269036 4598.790063269036 -64343.94317962137
-62285.6797127648 3536.1766193905696 3536.1766193905696 -62970.341069403046
-65811.78812391874 3620.0774310727475 3620.0774310727475 -64191.24973562188
-66905.89289657299 3867.76224936603 3867.76224936603 -61646.50198804896
-69798.12967796679 3866.840295577819 3866.840295577819 -62706.882169293545
-66935.47312241349 3006.833274141766 3006.833274141766 -61641.4301344377
-69828.59988685662 2994.0957638012123 2994.0957638012123 -62704.845132750095
-70566.97871610807 2941.8674146694602 2941.8674146694602 -60515.2342399053
-72770.0238020795 2907.5259483517902 2907.5259483517902 -61378.16391196821
-70620.24088877051 2258.142277789592 2258.142277789592 -60590.84146153509
-72834.15629124476 2221.4471384561125 2221.4471384561125 -61454.20353321314
-73161.17989378909 1970.9860918530803 1970.9860918530803 -59728.619602939514
-74676.68134404701 1912.731812131034 1912.731812131034 -60383.28400377439
-73254.1980397171 1477.851001528304 1477.851001528304 -59866.07790432655
-74772.0424669576 1424.9056268309223 1424.9056268309223 -60519.00137350114
-74854.56505369469 1051.1791742530756 1051.1791742530756 -59295.20212453296
-75783.97127548602 985.5039457845506 985.5039457845506 -59720.6672720277
-74962.80762668267 749.0951251470008 749.0951251470008 -59474.38493559642
-75894.95781948627 682.7250793997481 682.7250793997481 -59897.10565870977
-75885.58984861564 260.2140324624904 260.2140324624904 -59166.51968374748
-76320.6408414245 204.990928713713 204.990928713713 -59376.75121453574
-75995.37113032796 118.71461775292332 118.71461775292332 -59355.73532716636
-76430.22812206487 63.74459525817494 63.74459525817494 -59565.73731510334
-76403.34369718995 -333.9173426287589 -333.9173426287589 -59275.618160084814
-76478.52968099719 -370.0937279568825 -370.0937279568825 -59285.901672083426
-76491.46746636524 -354.04687088796567 -354.04687088796567 -59425.81378831507
-76567.24715090715 -390.1878404882331 -390.1878404882331 -59436.356442191915
-76581.21162040645 -659.1976355505851 -659.1976355505851 -59520.22608593887
-76430.20048841699 -683.4244940836501 -683.4244940836501 -59456.85682343581
-76623.3378416903 -613.8761265895407 -613.8761265895407 -59588.58343224429
-76472.50393207872 -638.5930648907056 -638.5930648907056 -59526.40151094352
-76550.6280945441 -673.5401360537574 -673.5401360537574 -59837.61329793835
-76398.73817180072 -654.4638174100742 -654.4638174100742 -59758.84863492186
-76523.98570707093 -622.8198794053849 -622.8198794053849 -59785.94089862135
-76372.21983692274 -604.1010984891722 -604.1010984891722 -59707.77043598447
-76548.23513707402 -313.0100600122703 -313.0100600122703 -60036.24804387707
-76606.8238118817 -262.5796864835297 -262.5796864835297 -60057.2292286153
-76442.75232011813 -330.4089411130175 -330.4089411130175 -59852.85026763505
-76500.8284991761 -279.5096727627996 -279.5096727627996 -59874.62591681356
-62116.08586392795 2788.6318357376003 2788.6318357376003 -62814.36705501944
-65310.896887902745 2856.7840022514147 2856.7840022514147 -63922.715364348165
-62052.36726889101 1773.7554962021022 1773.7554962021022 -62673.98450951469
-65270.84770478338 1835.078906575479 1835.078906575479 -63776.628206127876
-66297.95344932162 2372.939508698133 2372.939508698133 -61382.25344743096
-69086.73888279195 2390.3858870859294 2390.3858870859294 -62412.16358353842
-66265.52333772542 1485.929853751924 1485.929853751924 -61273.106858379106
-69066.10404405066 1504.6227716953558 1504.6227716953558 -62313.39104412578
-69838.15016490618 1834.6345323397877 1834.6345323397877 -60317.666279336685
-71990.44924035699 1821.2515002887753 1821.2515002887753 -61134.65400580687
-69857.92743939307 1136.9514180723693 1136.9514180723693 -60325.775305194955
-72009.8504431864 1127.7638540381868 1127.7638540381868 -61147.747042055445
-72401.8306789576 1222.4681798760043 1222.4681798760043 -59615.31540966184
-73933.57306581433 1206.8494123916216 1206.8494123916216 -60228.935747466225
-72446.11108785421 727.911405477631 727.911405477631 -59696.837519647655
-73983.27151621626 715.5624026412672 715.5624026412672 -60305.30401226065
-74166.10722868907 663.631337026792 663.631337026792 -59230.15587754394
-75146.12267569972 628.3363741908296 628.3363741908296 -59661.026674418834
-74236.40178803727 345.18500366035187 345.18500366035187 -59346.47771392009
-75218.66577216687 311.8942917901743 311.8942917901743 -59773.228070126235
-75296.48457150365 175.77260304628385 175.77260304628385 -59139.493974497615
-75848.51528680288 142.33584432163087 142.33584432163087 -59375.40077965986
-75368.45320774268 1.9670535090158836 1.9670535090158836 -59264.27726952044
-75919.88964456791 -32.64658595228919 -32.64658595228919 -59499.24113247656
-75979.37364326017 -188.67586640812914 -188.67586640812914 -59273.52342488306
-76202.72459287052 -212.43771234743105 -212.43771234743105 -59363.371074433024
-76035.43889843964 -257.0331490863442 -257.0331490863442 -59367.507345492966
-76259.22298177896 -281.34244958222666 -281.34244958222666 -59457.227329666915
-76371.27915266658 -380.7259207273608 -380.7259207273608 -59516.39761200727
-76429.86649349252 -391.9702178533495 -391.9702178533495 -59532.995455664764
-76396.73948074733 -397.62372853377474 -397.62372853377474 -59560.171558298316
-76456.67290166752 -408.6824236016804 -408.6824236016804 -59577.063099327635
-76593.86796183194 -371.15735333597394 -371.15735333597394 -59793.44338710114
-76674.10695110308 -354.61020594671834 -354.61020594671834 -59809.77790462157
-76575.68416965603 -393.5529801750877 -393.5529801750877 -59760.654158702084
-76656.70863237977 -377.2610278061202 -377.2610278061202 -59777.383323701666
-76864.11163255536 -143.17130415246504 -143.17130415246504 -59952.37611969482
-77146.5308490633 -107.8876413787346 -107.8876413787346 -60077.85001421228
-76798.90609960126 -233.24233266837797 -233.24233266837797 -59843.60470894472
-77080.6378067738 -197.6498656309749 -197.6498656309749 -59968.717126739495
-61935.285175515426 1049.2351631404795 1049.2351631404795 -62452.98467827534
-65147.64477585578 1195.7212999967098 1195.7212999967098 -63542.82666561575
-61737.38052425282 -9.204159783278332 -9.204159783278332 -61988.39547946971
-64958.00654722304 136.38886395385998 136.38886395385998 -63066.90622906166
-66130.16491950763 1005.8784823015677 1005.8784823015677 -61155.825746569004
-68766.53527186175 1031.453524259196 1031.453524259196 -62144.046415970326
-66081.40775436489 133.00761534673325 133.00761534673325 -61029.61572756596
-68725.49060328839 164.53482319214427 164.53482319214427 -62019.55324385374
-69523.69201663423 815.2767867884602 815.2767867884602 -60206.24597530523
-71618.07225813354 815.247264798076 815.247264798076 -61003.74671177965
-69521.88664749834 134.69725235656796 134.69725235656796 -60197.82318212156
-71614.56639660955 138.11719812623232 138.11719812623232 -61004.633567518824
-72038.65481828156 557.8408003492158 557.8408003492158 -59582.983046861045
-73586.87228648463 567.322975147426 567.322975147426 -60161.614721282655
-72048.75380507157 64.77274478661506 64.77274478661506 -59618.485462603276
-73608.01608070137 71.42332564621375 71.42332564621375 -60194.76390996495
-73829.00881387302 321.21874533131546 321.21874533131546 -59238.87195521176
-74855.54805064021 320.5457522709249 320.5457522709249 -59640.717960835536
-73855.9073075098 -7.0698353532837634 -7.0698353532837634 -59286.88057629981
-74881.11700371232 -6.739505246135245 -6.739505246135245 -59685.760064776325
-75014.58586779605 122.23689172388015 122.23689172388015 -59157.15694123677
-75623.62633018638 108.88585761709035 108.88585761709035 -59413.195814525665
-75038.78837194864 -67.47389141546688 -67.47389141546688 -59195.58220996015
-75647.31873638486 -81.31029112536403 -81.31029112536403 -59450.03434739828
-75790.12149991142 -27.962607278825587 -27.962607278825587 -59267.69607920548
-76079.34178130739 -38.88466573650883 -38.88466573650883 -59418.48330271691
-75810.38936372957 -122.67214565373183 -122.67214565373183 -59300.726610988204
-76098.73528109949 -134.6855542291818 -134.6855542291818 -59452.31057775323
-76276.5012094314 -106.63044638328341 -106.63044638328341 -59520.687492085126
-76440.06494385622 -110.45662378681584 -110.45662378681584 -59582.89821324736
-76286.53682133886 -156.50930797785878 -156.50930797785878 -59534.82124544864
-76449.93791926872 -160.1250167787472 -160.1250167787472 -59596.792650515745
-76616.67400037551 -99.19086114639727 -99.19086114639727 -59767.63824404925
-76813.0683658178 -90.56444488894536 -90.56444488894536 -59834.85419975485
-76612.76275418785 -157.65025124049177 -157.65025124049177 -59761.8764791828
-76809.29350196011 -148.9910767519779 -148.9910767519779 -59829.38793820209
-77005.35685888959 -1.2495455842513596 -1.2495455842513596 -59897.73235411983
-77386.06356325505 12.925333019751028 12.925333019751028 -60066.77458354819
-76983.35155908763 -120.89702744651078 -120.89702744651078 -59865.27788293303
-77364.50782119087 -107.624908566687 -107.624908566687 -60033.64939722101
