sig 640
-129925.54869351507 4773.786848917605 4773.786848917605 -226080.0991136422
-95485.81412820422 2301.613910346351 2301.613910346351 -188734.09523371025
-135230.00873828147 17904.427966255033 17904.427966255033 -227468.144550326
-99792.38175837316 11460.387711046715 11460.387711046715 -190363.0411336487
-122366.29982217625 2863.213155598656 2863.213155598656 -260262.21875638032
-89544.55425281446 2505.272838045408 2505.272838045408 -187385.38497324203
-124549.32893920128 16361.784634877149 16361.784634877149 -249412.9876793507
-86161.56300987459 8646.777662156643 8646.777662156643 -182429.9008771707
-142878.44228919465 1199.0641155943556 1199.0641155943556 -269784.83289613813
-109371.80671363273 2469.1695733166935 2469.1695733166935 -211071.74332820816
-126730.53316174219 12933.380596186787 12933.380596186787 -235272.60543694982
-95656.36994121267 7673.341796464162 7673.341796464162 -172743.7423451765
-139380.236559676 3849.745884965897 3849.745884965897 -267681.4843755404
-124340.43740882554 5423.810790276586 5423.810790276586 -233817.5314411462
-117185.55268965417 8444.230378261096 8444.230378261096 -225844.97981687295
-101722.60575572922 5867.084806013092 5867.084806013092 -188336.93455591376
-148360.85791978327 5759.717487633077 5759.717487633077 -265111.5228242152
-141285.45606681964 6518.0551109295575 6518.0551109295575 -251785.66227711947
-125827.21230228062 4662.799801789972 4662.799801789972 -225016.5927056764
-121359.18636103273 6989.646816791287 6989.646816791287 -215228.69873075612
-145409.73169158841 7552.96399085751 7552.96399085751 -258616.9889075829
-153433.4268339353 8799.06997726561 8799.06997726561 -272450.416462198
-132335.08718311324 4303.90335087949 4303.90335087949 -235428.8285578709
-140621.1864946077 7139.879360507458 7139.879360507458 -248262.14872431388
-137876.17178523014 9976.330365756985 9976.330365756985 -255414.8968126319
-155242.71308673252 11845.700808052337 11845.700808052337 -292446.8860799123
-135575.49919628052 6013.006217037504 6013.006217037504 -255448.97862749652
-150629.31161691085 8742.496907430843 8742.496907430843 -293144.30572052486
-128044.90769120371 12974.669877970111 12974.669877970111 -244645.93624773872
-172215.9986447327 14816.6267412105 14816.6267412105 -317051.16604322393
-144611.79772274118 -184.3153010371318 -184.3153010371318 -274324.568489213
-193243.4979270889 -3327.6136397875043 -3327.6136397875043 -352692.15189018135
-109516.2979023079 6390.6043931818185 6390.6043931818185 -223252.23088804603
-160365.78888829114 -1192.1893375917653 -1192.1893375917653 -315347.84961907734
-162224.00424243882 -8079.565497829809 -8079.565497829809 -314696.842828913
-213222.08926912746 -25129.760453539137 -25129.760453539137 -415015.7677213144
-152843.48458177483 2843.937714681507 2843.937714681507 -271362.37484045577
-162156.48834819617 47.93056937152003 47.93056937152003 -281945.22392271244
-159638.26105523514 -211.94902409629785 -211.94902409629785 -287331.6348853284
-169086.46166011933 -3138.3868828995624 -3138.3868828995624 -297523.6558345206
-135685.01852028156 26645.14395989325 26645.14395989325 -218618.34290101728
-95917.52809319987 17000.08890578983 17000.08890578983 -174377.87812564697
-136024.88791200807 34525.044322310874 34525.044322310874 -203617.25656923148
-97684.16180848744 23542.54231509915 23542.54231509915 -161847.57551349606
-123278.67416033278 24294.456828539747 24294.456828539747 -232703.7286307531
-105407.08196447529 21069.86261848058 21069.86261848058 -203210.3441762892
-111067.83973222006 27181.486291780504 27181.486291780504 -195609.96245283115
-92531.61304483745 22451.78252808788 22451.78252808788 -168897.33851875324
-137121.74724520568 21062.88592361779 21062.88592361779 -273176.5092096511
-125253.55401805812 21461.21473748963 21461.21473748963 -244161.7933052122
-99143.03077224977 21048.675782878636 21048.675782878636 -190040.5662730581
-88448.04484003122 19225.267487824465 19225.267487824465 -165673.8428535427
-153123.20285014875 22986.91012485121 22986.91012485121 -295759.39071567095
-139071.59637918658 21963.51227284276 21963.51227284276 -269402.60701976693
-98322.93121035518 17062.840573575886 17062.840573575886 -190435.02915037255
-90950.30489295578 16645.59626888762 16645.59626888762 -166316.3146709073
-166335.90046552793 22617.742887574124 22617.742887574124 -303552.3917540255
-153457.78241950483 21997.224870352053 21997.224870352053 -280361.9976127374
-106166.04100651403 16588.11153601454 16588.11153601454 -203770.753268898
-98848.41544225464 15969.726775586618 15969.726775586618 -180099.92701730994
-167138.18642817505 20307.94754232055 20307.94754232055 -295707.3846973937
-159153.0614488368 19747.93257799384 19747.93257799384 -276620.313345753
-122191.91300048248 15784.186367016642 15784.186367016642 -221059.7154190777
-116323.0719463793 18512.987786190042 18512.987786190042 -209149.09104789246
-155506.06029335983 21210.56717687875 21210.56717687875 -272058.5789414536
-148302.8520415801 20540.008178316377 20540.008178316377 -262897.99084030435
-143556.8927888957 17591.226173270763 17591.226173270763 -249966.17904786282
-137927.35991953238 16179.01549602303 16179.01549602303 -233412.37456962504
-131679.3142565527 20910.06491651193 20910.06491651193 -237942.44149872902
-134032.40176354 20191.726576178615 20191.726576178615 -240510.25936330168
-154084.88255031127 19906.823604898003 19906.823604898003 -286582.48797512875
-156763.36954315274 19007.21622569792 19007.21622569792 -289010.7786465703
-109375.35394126349 15752.994349719369 15752.994349719369 -194967.72498641248
-115706.37404587775 11202.405119040552 11202.405119040552 -222879.867822028
-190474.87782210286 17850.016802001694 17850.016802001694 -357390.9836188426
-195009.7168939071 12198.201411079248 12198.201411079248 -367944.6055599225
-84173.83198012247 11434.68017713031 11434.68017713031 -157760.1727688603
-169858.98163289603 -6889.91392637505 -6889.91392637505 -344227.019734411
-216703.69708866507 -16663.572512981566 -16663.572512981566 -405894.5239842567
-340464.26711643965 -54673.858657705765 -54673.858657705765 -632154.2032095457
-135328.0315176683 37855.01408164423 37855.01408164423 -188591.04014481342
-109639.39043530734 30382.924886278848 30382.924886278848 -161480.52206645661
-119713.8501822508 34286.11973813193 34286.11973813193 -149372.96679396665
-92811.35856546005 27102.012304812954 27102.012304812954 -122895.93146807488
-123771.45678599623 35168.23215009681 35168.23215009681 -188347.37379614913
-122727.09398118862 34141.6840066037 34141.6840066037 -182741.3725539353
-92071.80752132073 27004.531799901553 27004.531799901553 -127837.33919458494
-89170.50750876799 25438.73631388666 25438.73631388666 -120798.5565355733
-130938.18220061941 36213.54859809528 36213.54859809528 -196726.42480324022
-138748.7030836787 38962.58854818846 38962.58854818846 -197818.81024045564
-86301.1106771046 25153.397751815643 25153.397751815643 -116646.40363895182
-94037.21804420419 27337.596585901178 27337.596585901178 -119757.82953233799
-149064.53822730592 40601.76949971296 40601.76949971296 -220933.23020008043
-155733.73249547998 46166.922103669014 46166.922103669014 -215495.8761372646
-90094.43104819149 26440.856941647537 26440.856941647537 -113162.3219046672
-96957.12403769628 30986.626241571936 30986.626241571936 -115109.01949770557
-173533.31830300935 49134.1492474688 49134.1492474688 -248550.96464879456
-177561.4972207842 51628.120071281126 51628.120071281126 -237955.73462739252
-92231.06307941698 29506.868527078514 29506.868527078514 -108369.31978413615
-94700.00537760543 30847.019753259665 30847.019753259665 -106811.40661421978
-201993.7695119866 55995.22705354364 55995.22705354364 -281735.92882056726
-204206.86514728973 58933.16239858128 58933.16239858128 -263794.148031967
-89616.62814953447 30757.980000105643 30757.980000105643 -100168.01436322433
-87353.82360712274 27412.42648169378 27412.42648169378 -92612.93147755374
-225957.24903183233 61246.47732069442 61246.47732069442 -305664.6108403423
-227187.34186956057 66828.15308139386 66828.15308139386 -305248.3748068107
-78862.57732441626 26204.604471378367 26204.604471378367 -81318.02822843129
-80873.00492014641 22622.77082439525 22622.77082439525 -80260.42670188857
-240330.24883330875 74713.14707635558 74713.14707635558 -338908.3586099743
-225466.59842927055 69152.93059054494 69152.93059054494 -310891.9140939854
-61576.14293893252 17007.078260739698 17007.078260739698 -60535.95746200828
-51243.921373495374 15215.003526522023 15215.003526522023 -50271.71031744521
-245705.74712808116 51314.46118754195 51314.46118754195 -319712.9344020188
-260371.44940384253 54915.22917140956 54915.22917140956 -299329.1182660956
-35388.889392987636 11211.071752614258 11211.071752614258 -34962.486763485016
-34857.01247468387 8711.447252989128 8711.447252989128 -34259.848427239805
-188172.20823499328 43120.58072956704 43120.58072956704 -234911.484175275
-169879.271724187 36923.84431698927 36923.84431698927 -210312.71486763025
-30503.402577111847 9537.854990301983 9537.854990301983 -32180.61411398557
-28.097767329571518 12.622221194972804 12.622221194972804 -36.09326089487204
-118892.35022083574 33409.81936138314 33409.81936138314 -135575.1168210609
-108244.40045746004 30010.93106967151 30010.93106967151 -126684.01248447357
-112553.16522373681 31202.54317692769 31202.54317692769 -121538.57609792777
-102206.84132660151 27481.979493664323 27481.979493664323 -113010.46838624755
-108542.3763938559 31117.182706674543 31117.182706674543 -133911.0863411583
-118283.64441528765 33387.5989982123 33387.5989982123 -140288.82409702265
-93868.62976856959 26997.68023838889 26997.68023838889 -110509.6687137183
-104483.69468706618 29753.687822431526 29753.687822431526 -116822.18160309248
-116482.35501694799 33109.89390102595 33109.89390102595 -134983.29846761754
-132273.2009261178 37705.761566204936 37705.761566204936 -145573.37367668215
-99722.61217194636 27979.807639850227 27979.807639850227 -107692.6383795075
-114769.44268076605 32663.470505928133 32663.470505928133 -118797.70557024224
-127454.70387562239 36247.93380852454 36247.93380852454 -134421.35530922996
-141976.46355383706 40076.322876281265 40076.322876281265 -143952.41486095896
-110158.4381707142 30901.328215206522 30901.328215206522 -107378.66537059231
-124902.96818268 34735.79212589803 34735.79212589803 -116958.7589841501
-137343.3346114051 37192.258137274286 37192.258137274286 -128571.29109439901
-152048.07346781358 41448.790730952474 41448.790730952474 -137200.89973693513
-119569.8769358211 31065.089725768117 31065.089725768117 -102346.76207538754
-133845.20711355004 35155.63527699909 35155.63527699909 -111150.02420806485
-144047.46439552985 35206.59974254176 35206.59974254176 -118181.75568336461
-158362.1558789111 39137.48472837837 39137.48472837837 -126471.61082192318
-125937.80053376785 28959.165622632805 28959.165622632805 -94791.05206082396
-139951.3645801418 32842.9520503154 32842.9520503154 -103076.24871977473
-143772.52395471535 29149.455280269016 29149.455280269016 -102393.58297882785
-153055.683897778 30998.520242787075 30998.520242787075 -107879.15067294856
-130036.3224277582 25008.15785440534 25008.15785440534 -87298.6252281803
-138848.88946164877 26949.84719642688 26949.84719642688 -92982.64407766689
-135800.48300255358 19908.175937460055 19908.175937460055 -86527.57035902982
-132596.98996400033 19552.52168351703 19552.52168351703 -85462.44875338634
-131338.86551944254 19884.82238733321 19884.82238733321 -82391.10726444243
-127930.26907784416 19350.78193926409 19350.78193926409 -81244.49957600885
-125025.16432367564 11050.202395387943 11050.202395387943 -76646.78200950778
-110952.17318050294 10289.301891348345 10289.301891348345 -69812.29021026024
-124702.08964614815 14550.685159364635 14550.685159364635 -77240.10783698637
-110447.32073882381 13749.943158857885 13749.943158857885 -70520.9444349694
-104043.41297753272 -10605.23625854739 -10605.23625854739 -94580.25680545488
-45182.011402296936 -4340.936359539635 -4340.936359539635 -60166.37115486293
-103640.62338699168 7918.204135150465 7918.204135150465 -77318.9376745798
-42120.183567815366 7321.450009735567 7321.450009735567 -48204.183021823424
-111762.60776280458 31468.646630669813 31468.646630669813 -115570.2558436509
-112105.9809832233 31451.205959606617 31451.205959606617 -115385.17126062991
-103662.38747899944 29979.31690779294 29979.31690779294 -103902.62602740276
-103623.41294976308 30045.636756292122 30045.636756292122 -103879.07103773551
-105281.81491822738 29777.42348942825 29777.42348942825 -111534.60553361043
-120435.04111677017 34518.785937334695 34518.785937334695 -124129.12924273049
-93535.06891559197 26354.329350417305 26354.329350417305 -95550.63846632722
-108504.00722492435 30928.324191054744 30928.324191054744 -107837.67766710208
-115614.18377947889 31712.635282529915 31712.635282529915 -112281.16819216745
-129514.68805999741 34986.477846605936 34986.477846605936 -120722.43922189568
-104872.62356473999 27618.213534370698 27618.213534370698 -95354.87704156338
-118287.9402897849 30710.479624105144 30710.479624105144 -103598.93854729575
-125890.3477869224 30965.01213238194 30965.01213238194 -106528.01417446669
-138517.0417126911 33459.20360243495 33459.20360243495 -113889.84116372604
-114614.81071710702 26669.224351280438 26669.224351280438 -91010.8316325551
-126901.3121211466 29429.785568255706 29429.785568255706 -98536.20845350254
-132480.62562001674 28381.504135084302 28381.504135084302 -99023.34800868512
-144509.9001226402 30914.002733170026 30914.002733170026 -105834.50535969454
-121916.63342549016 24582.971325179722 24582.971325179722 -86148.19207953087
-133487.27752732192 27090.02895553046 27090.02895553046 -92972.50037982118
-136031.57578259744 23491.132574579922 23491.132574579922 -90019.90689709781
-143809.5857560635 25268.40409447377 25268.40409447377 -94912.93327280619
-127880.72393280118 21069.032614729047 21069.032614729047 -81449.6479002425
-135286.64594433075 22578.46417172243 22578.46417172243 -86223.9066468346
-135651.39439995406 16591.118583750198 16591.118583750198 -81811.75868690852
-135112.38951797815 17115.183448033215 17115.183448033215 -82083.72893174073
-130785.10285405171 16245.36528162022 16245.36528162022 -77680.89715118834
-130461.53006114476 16841.672232647616 16841.672232647616 -77990.41910736127
-130263.30576594736 8840.330854587573 8840.330854587573 -74719.62853299214
-120746.23794158384 8857.438152760327 8857.438152760327 -70503.87588834054
-128340.81629098578 10445.178205824956 10445.178205824956 -73382.5933238376
-118837.44532936666 10457.319609773584 10457.319609773584 -69248.4391670273
-116893.40742654198 -696.8610543555964 -696.8610543555964 -68528.75494395453
-95961.72602495334 -1054.7086663722569 -1054.7086663722569 -57036.56946040305
-118340.57374250713 4502.086738394151 4502.086738394151 -70290.94377621681
-97483.22812919463 3685.6438114536204 3685.6438114536204 -58915.39811911572
-90797.72334466281 -11502.965804611413 -11502.965804611413 -68863.32707376758
-47389.801666644176 -8113.820980492203 -8113.820980492203 -48211.03729596151
-93778.32587714738 940.2027288368979 940.2027288368979 -69377.93632837512
-45290.68406953924 166.2803209027893 166.2803209027893 -49102.23579030405
-101745.49385327495 29574.193179290338 29574.193179290338 -98906.96934201001
-112109.79440110293 32927.166492617274 32927.166492617274 -106019.62569269045
-94510.46093686488 27469.2750951468 27469.2750951468 -89875.33311222722
-104869.5647523723 30897.660053233827 30897.660053233827 -96929.45630572386
-102010.1968716263 28021.143942443152 28021.143942443152 -97778.04142466934
-117399.2889821284 31454.713698930005 31454.713698930005 -107234.21187612697
-93727.45711412856 24963.29543042828 24963.29543042828 -85885.48030568266
-109147.48588646935 27859.77153494274 27859.77153494274 -94949.51277269216
-114793.77235501807 26730.293783225796 26730.293783225796 -93576.98055294972
-125851.40884540997 28905.594579277415 28905.594579277415 -100499.88947631273
-107223.18775259452 23888.98893121485 23888.98893121485 -83620.90211428204
-118230.04042712253 25991.998916934408 25991.998916934408 -90518.64713924783
-121514.0821597606 24515.316238482024 24515.316238482024 -88475.23500262127
-132436.72004605495 26551.860928205286 26551.860928205286 -94661.37154885363
-115179.63989095445 21922.10751101082 21922.10751101082 -80256.53000644535
-125822.05546869739 23949.252623832137 23949.252623832137 -86497.80972938119
-127563.08691605173 21076.0196588752 21076.0196588752 -82843.10407835068
-135520.03453839032 22454.626410608114 22454.626410608114 -87516.20499220172
-121910.77565924819 19044.95126205321 19044.95126205321 -77008.14268340736
-129884.55176288642 20411.41588271054 20411.41588271054 -81481.37430432788
-129625.23462565683 15650.280578565813 15650.280578565813 -77066.79508086163
-132790.1728754514 16371.200445306331 16371.200445306331 -79114.66789117469
-125631.69457474149 14801.036128948914 14801.036128948914 -73694.0503991235
-128862.14316868475 15510.67289367324 15510.67289367324 -75647.38154138072
-128873.00440029384 8917.560441206351 8917.560441206351 -71784.17314642825
-125106.7771114032 9130.068929818353 9130.068929818353 -70250.4732374218
-126965.1681338029 9535.758557544275 9535.758557544275 -70579.67612562269
-123234.75651067552 9782.546757434877 9782.546757434877 -69004.10160088101
-121808.60165620023 1069.9053049827032 1069.9053049827032 -67493.08879038031
-109791.67077084226 875.0140510849878 875.0140510849878 -61844.35028443216
-121920.70933926263 3557.264680369859 3557.264680369859 -67613.64044047917
-109880.04995760869 3339.0900269130157 3339.0900269130157 -61884.18392673168
-110532.18442105956 -6353.558762783428 -6353.558762783428 -66199.46815250626
-88224.67911943713 -6409.223479320023 -6409.223479320023 -54733.191605191954
-112097.60388757265 -1250.5785243793812 -1250.5785243793812 -66890.3229638072
-90042.15421037313 -1668.4947892613236 -1668.4947892613236 -55027.08582326651
-88487.67272725694 -9346.93205964386 -9346.93205964386 -68577.67214175177
-57453.48723964953 -7840.821039812599 -7840.821039812599 -54911.245131801894
-88694.5730551202 -768.1512313831608 -768.1512313831608 -65782.27338803544
-56262.5926191316 -247.59968970976854 -247.59968970976854 -51913.82678815223
-91790.2530007235 26400.47662159001 26400.47662159001 -85460.00747748866
-107508.90140474436 31505.868825059573 31505.868825059573 -97167.38683046131
-85169.44862130181 24077.15946054444 24077.15946054444 -78643.83255173542
-100127.05774670895 28891.3155681254 28891.3155681254 -90699.0761705895
-100005.98240369654 24394.482776229524 24394.482776229524 -84595.04846324172
-113587.8252426885 26687.57014179203 26687.57014179203 -92309.6416067122
-95164.21131220968 22204.548174178242 22204.548174178242 -77501.38725350525
-108453.86375739423 24403.521157203715 24403.521157203715 -85310.03381582843
-110962.7427465966 22458.140749380997 22458.140749380997 -81470.13209710065
-121310.73357725724 24052.451403243158 24052.451403243158 -87624.55570306847
-106870.17760099683 20379.2718001108 20379.2718001108 -75787.60728680373
-117148.43693829747 22000.5608548451 22000.5608548451 -81961.54087538773
-117871.96958358915 19651.68664182693 19651.68664182693 -77962.50671293454
-126340.25176750889 20844.74294793752 20844.74294793752 -82499.7642284303
-114354.99808675892 17995.488070385814 17995.488070385814 -73664.49240400018
-122612.18072745398 19054.10534703779 19054.10534703779 -78089.63490538794
-122036.41246039986 15304.459614006255 15304.459614006255 -73377.11774442758
-127200.83857068038 15913.428247416468 15913.428247416468 -76282.86565108523
-119616.13652930288 14339.35598424514 14339.35598424514 -70919.31083718382
-124807.01989628821 14983.28523527633 14983.28523527633 -73792.56862700137
-123438.25023479399 9979.79760044127 9979.79760044127 -69125.16938569387
-124221.2496649033 10142.449854935985 10142.449854935985 -69619.51136122171
-122561.77112846526 9842.413236261531 9842.413236261531 -68391.57264676185
-123339.6499293334 10013.055858336975 10013.055858336975 -68865.72017134145
-121200.08069548183 3503.1307151534297 3503.1307151534297 -65747.45720381147
-116197.95816094574 3350.2722028269527 3350.2722028269527 -63342.246312347794
-121235.597621013 4526.2753743084295 4526.2753743084295 -65884.78124485421
-116233.19980844898 4362.652788451913 4362.652788451913 -63466.33031297111
-114682.98823081584 -3120.4386958532555 -3120.4386958532555 -64085.06449469194
-102541.54401869976 -3256.550589014343 -3256.550589014343 -58207.24166424673
-115629.08640457924 -524.0156123852205 -524.0156123852205 -64488.7165441705
-103372.44213229018 -861.1153326025839 -861.1153326025839 -58480.530733649925
-106328.94469224804 -7494.943648417004 -7494.943648417004 -65000.45383906872
-87435.1471551215 -7274.26680735529 -7274.26680735529 -55384.483525547825
-107253.04945702519 -3508.545405000905 -3508.545405000905 -64509.018812799055
-88243.62724660803 -3684.4694072156617 -3684.4694072156617 -54535.93875834771
-89306.60491356863 -7467.4644130824 -7467.4644130824 -66095.66349040015
-67118.670384652 -7101.169682077616 -7101.169682077616 -56063.21563573058
-88841.92468429127 -1430.7793540856899 -1430.7793540856899 -63671.99953856365
-66651.07844613172 -961.2025028220922 -961.2025028220922 -53335.99068706182
-82501.4787429375 22921.479690574746 22921.479690574746 -75177.40411831031
-100407.23895988782 28104.3071989319 28104.3071989319 -89507.01141963636
-77514.52253395574 21130.427821916375 21130.427821916375 -70949.80763201353
-96376.49281029774 25947.957973781013 25947.957973781013 -84575.04700341292
-98305.12561552538 21160.18870197318 21160.18870197318 -76305.32583341932
-109732.98489775964 22964.309235302964 22964.309235302964 -82953.5726506564
-95336.1155382461 19686.75943287983 19686.75943287983 -72161.19566415665
-106899.78077246534 21301.117359588872 21301.117359588872 -78733.69052074345
-107519.48827378583 19017.089275283346 19017.089275283346 -73739.4991981263
-116244.09023086156 20026.10327380841 20026.10327380841 -78752.58060491155
-105495.7166713762 17686.408454037213 17686.408454037213 -70841.91815349899
-114356.64448901401 18643.726119851846 18643.726119851846 -75783.99648777294
-113602.12279807718 15360.518605978223 15360.518605978223 -70642.21517339947
-120022.88857238952 15904.867739059257 15904.867739059257 -73961.05202207858
-112286.20451569746 14305.458647248515 14305.458647248515 -68855.29739166936
-118634.4239646979 14932.54483835553 14932.54483835553 -72188.89413944203
-116694.82999058127 10966.117431798328 10966.117431798328 -67176.32148108438
-120273.75146812989 11172.224967902064 11172.224967902064 -68997.75895631601
-116325.34926129143 10466.493952170084 10466.493952170084 -66646.17941545315
-119951.36181065312 10610.328319814576 10610.328319814576 -68468.30612751623
-117377.63243232536 5703.864690336375 5703.864690336375 -64222.504541378294
-116994.75774276406 5601.801702728918 5601.801702728918 -64055.846359471405
-117834.64366900646 5876.414237273344 5876.414237273344 -64580.849112870565
-117467.43478150887 5766.981892260399 5766.981892260399 -64398.07942979691
-114477.46438379708 80.47392244531969 80.47392244531969 -62415.92543731076
-109087.71842698114 -257.8642880652751 -257.8642880652751 -59783.59980619017
-115757.58132529448 1105.0345354848619 1105.0345354848619 -63200.897526848894
-110316.54586745283 736.4283717489432 736.4283717489432 -60667.14026917484
-109530.65828759845 -4706.384587726791 -4706.384587726791 -62190.90632712508
-98847.2679947036 -4813.402157335686 -4813.402157335686 -56702.46363162119
-110780.63464140611 -2800.5423109513254 -2800.5423109513254 -62808.26519196884
-100267.53549012079 -2984.5463168295696 -2984.5463168295696 -57269.91003559854
-103330.65493409247 -7241.024634178342 -7241.024634178342 -63471.769197721645
-88542.01343864482 -7034.8337420458065 -7034.8337420458065 -55952.811638946136
-103858.49311855412 -4156.3634263994645 -4156.3634263994645 -62801.82630756058
-88956.22200058392 -4242.093137418227 -4242.093137418227 -55086.31324357523
-91841.10398543409 -6103.109157229219 -6103.109157229219 -64822.3564528769
-76703.2163411127 -5658.489115257206 -5658.489115257206 -57286.54573391891
-90531.28989977448 -1776.2303430244492 -1776.2303430244492 -62173.91768104744
-75451.67843577013 -1201.939423774215 -1201.939423774215 -54505.2615700388
-75163.14787557797 20399.814830210933 20399.814830210933 -69112.33553316422
-95188.17933319265 24540.9188690702 24540.9188690702 -81893.9166740439
-72807.17637542968 19806.738045793903 19806.738045793903 -67078.49337933624
-93580.61776321806 23306.78899889408 23306.78899889408 -79047.64308146009
-95052.74442379923 18882.791714164097 18882.791714164097 -70186.14127716362
-105534.4424024486 19931.245199007877 19931.245199007877 -75935.94392612416
-94114.11943162144 17948.379174860027 17948.379174860027 -68372.82253279557
-104626.75963126628 18946.242322075792 18946.242322075792 -74029.89726630916
-103892.23618343673 15817.312195401992 15817.312195401992 -68178.66928652432
-111282.37558721157 16388.02138746115 16388.02138746115 -72144.86746145836
-103437.31992781804 14810.647531256553 14810.647531256553 -67094.48159239945
-110855.38200600904 15317.768259341992 15317.768259341992 -71064.56000124085
-108666.11225358026 11956.2553275018 11956.2553275018 -65505.63821147578
-114095.58672539581 12250.949540022875 12250.949540022875 -68288.328970174
-108772.86019424905 11225.365093617114 11225.365093617114 -65219.98213779153
-114307.11923374853 11534.499466919859 11534.499466919859 -67940.94878342496
-111688.34461223033 7537.689093703155 7537.689093703155 -63150.345028645526
-114209.14020625448 7461.028902359586 7461.028902359586 -64351.143795547505
-112502.94650653638 7282.1423500384035 7282.1423500384035 -63588.86538627931
-114999.47572608654 7191.988268698862 7191.988268698862 -64808.45182821699
-111671.26331889516 2727.2028413554417 2727.2028413554417 -61224.062462692855
-110737.40043239764 2426.9590170269375 2426.9590170269375 -60762.258148799534
-112970.22972054228 3026.5850571304036 3026.5850571304036 -62270.00709644102
-112038.38756419526 2715.4235206631606 2715.4235206631606 -61775.20952015893
-109278.8905909847 -1870.9038414117394 -1870.9038414117394 -60275.46462020115
-104245.175492335 -2230.5326711095886 -2230.5326711095886 -57800.33043246972
-111054.92967399246 -866.5477426925033 -866.5477426925033 -61489.657005239744
-105881.35502866865 -1338.6203711196522 -1338.6203711196522 -59002.032733151354
-105795.56626338286 -5093.035417843428 -5093.035417843428 -60926.182132296875
-97223.47209166513 -5310.267245043925 -5310.267245043925 -56282.87070510651
-107374.98132696335 -3624.7192112433218 -3624.7192112433218 -61678.498138585346
-98818.64861570146 -3847.740918201962 -3847.740918201962 -57107.425860565236
-101721.82436522238 -6445.866896591709 -6445.866896591709 -62239.46354441291
-90961.74254672242 -6345.9143349578235 -6345.9143349578235 -56772.023389382666
-101832.10355274804 -4188.057558378134 -4188.057558378134 -61533.038870913435
-91104.02356730666 -4199.473553438927 -4199.473553438927 -55982.49930775741
-94594.46097177721 -4710.80136512104 -4710.80136512104 -63682.123885688365
-84987.62594389544 -4116.933617545648 -4116.933617545648 -58449.431573580536
-92723.9333989801 -1838.2166330603036 -1838.2166330603036 -60960.80719106905
-83147.93059856305 -1250.1844360754199 -1250.1844360754199 -55723.550657141386
-70899.48132500167 18716.132861403705 18716.132861403705 -65337.48623983459
-90940.6650300955 21975.549687017847 21975.549687017847 -76430.48947713352
-69984.12273595498 17923.481434484493 17923.481434484493 -63739.74265969191
-90283.53737246348 20722.94515629236 20722.94515629236 -74865.31345200064
-91126.38991089788 16676.319117558687 16676.319117558687 -65766.31436561538
-100859.14158738242 17416.40307047558 17416.40307047558 -70783.65909330337
-91598.98546998936 15701.189862526004 15701.189862526004 -65245.10565341455
-101335.78723134584 16362.333327714137 16362.333327714137 -70325.93124335703
-99353.79912493785 13159.356828345804 13159.356828345804 -63973.66001238221
-106370.08539186408 13370.1833887596 13370.1833887596 -67566.23186341433
-100123.80544419288 12232.550562588494 12232.550562588494 -64073.753878850905
-107185.23890395464 12477.400041016703 12477.400041016703 -67648.89008762318
-104030.81251033026 9239.581332113681 9239.581332113681 -62118.471162515605
-108878.92331902469 9284.100793190337 9284.100793190337 -64420.912879568634
-105174.09879605223 8711.454971896019 8711.454971896019 -62774.48768567377
-110051.0223690768 8731.007624851914 8731.007624851914 -65042.920372002794
-106784.5637306207 5106.063660783726 5106.063660783726 -60450.87857869424
-108785.00497336322 4858.9289243215535 4858.9289243215535 -61408.732346353594
-108187.71108206509 4886.805712226102 4886.805712226102 -61544.86646568112
-110151.15793411825 4650.971530227673 4650.971530227673 -62494.01047634238
-106726.31637268115 832.5133643356182 832.5133643356182 -59389.62995109493
-105801.93352315247 431.39680533314385 431.39680533314385 -58818.3531972391
-108631.6934836906 1114.1359950695526 1114.1359950695526 -60781.67637094149
-107644.39847402723 691.4566366192914 691.4566366192914 -60270.50421007631
-105335.49888215419 -2765.64289317069 -2765.64289317069 -59256.96135754604
-101071.89272158808 -3140.8880064026516 -3140.8880064026516 -57221.58359756222
-107118.12064513227 -1974.5244954928241 -1974.5244954928241 -60607.94776871428
-102926.08294211155 -2414.6921095338494 -2414.6921095338494 -58517.48852899094
-103492.3280262048 -4887.545165390169 -4887.545165390169 -59963.98545933739
-96971.47845368761 -5096.145878059855 -5096.145878059855 -56562.82391883455
-104819.63139130897 -3774.901668977199 -3774.901668977199 -60717.10757355988
-98346.22482425859 -4040.4666365339212 -4040.4666365339212 -57334.18948628479
-100871.33836450332 -5408.658629431253 -5408.658629431253 -61251.15224819798
-94047.34213955412 -5337.6143969779805 -5337.6143969779805 -57670.996039153455
-100602.67091815856 -3910.459099339622 -3910.459099339622 -60529.228564769895
-93801.22531103778 -3847.6900428946697 -3847.6900428946697 -56921.232285947306
-97204.03678611496 -3391.097337241981 -3391.097337241981 -62552.17900981037
-91665.57716915154 -2781.5806039068516 -2781.5806039068516 -59542.93003332913
-95086.68274382192 -1828.7817796839824 -1828.7817796839824 -60073.10797969626
-89501.81729779957 -1205.6210228512718 -1205.6210228512718 -57152.32708545091
-68623.22826062614 17058.31988868626 17058.31988868626 -62426.12429697102
-86548.10813263367 19550.89300844899 19550.89300844899 -72137.01541131554
-68004.26674883446 15942.16376661229 15942.16376661229 -61790.96532632177
-86157.86550938936 18588.291104735163 18588.291104735163 -71438.82841061427
-87169.98978417499 14482.529999642351 14482.529999642351 -62551.44708007931
-96243.82955226526 14993.06450977871 14993.06450977871 -67080.11075797709
-88270.52578317738 13607.947139653004 13607.947139653004 -62846.39285076379
-97354.63260252718 13938.305768261416 13938.305768261416 -67436.75936081597
-94919.09277159313 11000.694328569467 11000.694328569467 -61009.48802078565
-101740.44779127896 11029.72197619485 11029.72197619485 -64329.54430041353
-96576.2721476487 10213.541423058161 10213.541423058161 -61852.20724323731
-103382.05496088212 10235.555094956742 10235.555094956742 -65210.16493054548
-99593.62552011797 7287.349591784896 7287.349591784896 -59693.71950566025
-104025.58314526167 7073.567706366655 7073.567706366655 -61830.00355135283
-101531.83872860592 6723.893559957227 6723.893559957227 -60980.680916333746
-105910.4947072871 6433.654610938451 6433.654610938451 -63150.94144749069
-102023.44476720144 3405.4616511450204 3405.4616511450204 -58690.226998674756
-103920.85366449808 2942.85957525136 2942.85957525136 -59580.35628229273
-104193.09699196466 3200.853067195582 3200.853067195582 -60303.36832554671
-106081.54586333684 2700.5844612962364 2700.5844612962364 -61218.15722292754
-102667.13361669666 -181.71099640644218 -181.71099640644218 -58200.13029149413
-101907.43404760404 -747.8676307897747 -747.8676307897747 -57804.10210398654
-104843.68835350947 15.775951526498778 15.775951526498778 -59883.7115877143
-104157.4418971949 -550.2870447842886 -550.2870447842886 -59462.6848514832
-102255.63113198685 -2943.5118343628656 -2943.5118343628656 -58425.94744650493
-99419.47255516532 -3299.258274509014 -3299.258274509014 -56935.072573633006
-104185.10827315536 -2432.982893736027 -2432.982893736027 -59747.729970317865
-101338.01095572449 -2834.484799834013 -2834.484799834013 -58208.35300578892
-101764.61476275156 -4422.6673346927355 -4422.6673346927355 -59329.639137230944
-97643.49277366608 -4554.43553681189 -4554.43553681189 -57270.76944680846
-102466.40716086756 -3658.9422339494604 -3658.9422339494604 -59760.861332624554
-98411.21870208114 -3827.456932551238 -3827.456932551238 -57633.959358628235
-100794.02612720344 -4352.627080578266 -4352.627080578266 -60601.80726870765
-97054.04414768465 -4180.787764077423 -4180.787764077423 -58502.857363515555
-100112.57029450215 -3416.281476949221 -3416.281476949221 -59751.20555751897
-96376.25457049205 -3264.991157507893 -3264.991157507893 -57675.9777086167
-99352.96159273676 -2379.766964874283 -2379.766964874283 -61571.000094537274
-96926.99622638989 -1797.2694717154523 -1797.2694717154523 -60175.03936829288
-97357.85712668822 -1683.2889535652298 -1683.2889535652298 -59466.615624929465
-94889.27763106403 -1066.9210554102951 -1066.9210554102951 -58076.61007406777
-66592.06412415224 15073.183296543759 15073.183296543759 -61057.237688501395
-81975.1179288489 17116.070757081412 17116.070757081412 -69022.81334228908
-66014.00852431745 13930.416741308527 13930.416741308527 -61130.10361680682
-82184.26013267586 15662.449256726944 15662.449256726944 -69213.94090827674
-83192.28798298318 12559.6077979445 12559.6077979445 -60361.09805849653
-91974.89404719582 12733.17551061554 12733.17551061554 -64522.89767909929
-84670.86426460087 11618.558521777488 11618.558521777488 -61374.1024071192
-93595.80653478326 11733.08336954195 11733.08336954195 -65504.54006459919
-91110.2348101089 9238.836858159562 9238.836858159562 -58979.17748035289
-97334.37170430404 9105.367890744146 9105.367890744146 -62048.5714341554
-92920.74129109531 8441.377454318068 8441.377454318068 -60232.35246443675
-99243.65486860793 8288.655539045474 8288.655539045474 -63354.52565446295
-95489.95032569347 5706.485611752062 5706.485611752062 -57883.776277836536
-99611.1618772438 5300.2795340763205 5300.2795340763205 -59831.64422758626
-97859.73228233281 5201.228440557926 5201.228440557926 -59554.17339438357
-101952.4148364195 4747.496507602688 4747.496507602688 -61520.74773884322
-97995.38019605682 2319.8224383100787 2319.8224383100787 -57158.922719184986
-100095.38193102415 1743.365240129862 1743.365240129862 -58124.85731561432
-100551.70886937046 2033.2587867944444 2033.2587867944444 -59042.66357251833
-102591.65581655674 1444.1588347529705 1444.1588347529705 -60024.013984537305
-99271.29638990508 -634.2197104479109 -634.2197104479109 -57111.09550881646
-99475.9903585547 -1199.4564897617431 -1199.4564897617431 -57220.69405155018
-101451.15787937898 -670.2871617423099 -670.2871617423099 -58761.25694564245
-101674.10821751147 -1273.7265076884082 -1273.7265076884082 -58893.974361550965
-99963.36340168717 -2711.273533375285 -2711.273533375285 -57747.70902824521
-98863.09679541284 -3042.7771385658266 -3042.7771385658266 -57125.432584503695
-101406.84469410077 -2542.044299981452 -2542.044299981452 -58878.07097844374
-100292.31145962297 -2888.082665252422 -2888.082665252422 -58246.621728520484
-100472.25239527851 -3616.1628024196507 -3616.1628024196507 -58819.90926694247
-98669.41027291909 -3720.4762379366393 -3720.4762379366393 -57848.7044576315
-100901.90449101928 -3260.2413632092334 -3260.2413632092334 -59109.973143946154
-99129.40117983932 -3347.2090521814503 -3347.2090521814503 -58134.2075458259
-101035.01546211718 -3283.8798742299123 -3283.8798742299123 -60042.59484252029
-99552.1751267358 -3037.5897697300165 -3037.5897697300165 -59174.11262190693
-100122.2911383176 -2883.3690639875485 -2883.3690639875485 -59278.433084310396
-98660.29444110919 -2641.8602923090916 -2641.8602923090916 -58413.85331870782
-101358.891511219 -1585.7060932681907 -1585.7060932681907 -60864.36859567344
-101035.4826728827 -974.8756489931011 -974.8756489931011 -60688.51930315361
-99185.61138557807 -1430.6468699253055 -1430.6468699253055 -58997.47790139883
-98871.22531175976 -831.1034853868312 -831.1034853868312 -58824.07421776543
-64722.69329042503 12776.864023282043 12776.864023282043 -60800.298040052345
-77984.16627826115 14164.158181295104 14164.158181295104 -67147.80428415035
-65190.43639935164 11564.477362795586 11564.477362795586 -61477.41936457441
-78758.03803078856 12337.657224773908 12337.657224773908 -67610.90300432954
-79654.63642880468 10619.78277641319 10619.78277641319 -59202.85832374288
-88140.73758418563 10590.814124606148 10590.814124606148 -63127.0753512561
-81522.74329237008 9536.042009132492 9536.042009132492 -60703.52582711842
-89981.21263920031 9299.794264178985 9299.794264178985 -64660.41051972714
-87505.56193412445 7529.988009487134 7529.988009487134 -57849.27578943472
-93367.36474900712 7283.28763332129 7283.28763332129 -60672.677947627904
-89520.48316156825 6751.622341258504 6751.622341258504 -59534.08567295388
-95486.44847867498 6347.152505521828 6347.152505521828 -62396.04047502844
-92241.03998294166 4512.688937715564 4512.688937715564 -56858.843849701865
-96135.7159536783 4095.1105140734344 4095.1105140734344 -58710.15479381717
-94240.27554807602 3856.514953122439 3856.514953122439 -58553.732669279634
-98262.53594348293 3304.419452407911 3304.419452407911 -60558.61172465386
-94894.85373916461 1706.035515759539 1706.035515759539 -56348.998937417615
-97479.03458414198 1174.7239422305988 1174.7239422305988 -57641.84881384239
-96964.10343452866 1128.2954955344126 1128.2954955344126 -58006.99268743914
-99553.12804952003 549.6031009981125 549.6031009981125 -59377.17336270035
-96602.47511004342 -578.2013593082647 -578.2013593082647 -56568.053150071115
-97936.45058065276 -1091.6048269347402 -1091.6048269347402 -57299.15114853892
-98394.50183985154 -986.6304893725867 -986.6304893725867 -58025.97379637455
-99749.37437147817 -1524.5537144605084 -1524.5537144605084 -58772.93079411379
-98181.80041377324 -2147.9326026704075 -2147.9326026704075 -57393.16985434504
-98601.09412678098 -2449.776508659179 -2449.776508659179 -57611.91724288508
-99390.86416195327 -2289.478276138611 -2289.478276138611 -58346.189812945624
-99792.17073126764 -2574.6592299953345 -2574.6592299953345 -58551.95977472802
-99754.16654810523 -2670.3554626878304 -2670.3554626878304 -58500.33798566687
-99743.5936996489 -2729.365638559788 -2729.365638559788 -58522.21624957048
-100020.07457909403 -2679.2889087162825 -2679.2889087162825 -58705.04884710334
-100011.28809513891 -2745.818263089769 -2745.818263089769 -58725.96201405287
-101231.17444511461 -2231.9218665880962 -2231.9218665880962 -59641.567189116264
-101657.53030039671 -1993.1251610367326 -1993.1251610367326 -59841.12691659786
-100365.66534749433 -2285.723431755797 -2285.723431755797 -58948.12753151211
-100780.94705901072 -2060.220017846382 -2060.220017846382 -59142.61852285132
-102588.75642695041 -930.9561555178008 -930.9561555178008 -60432.205331279045
-103841.20533240144 -379.09401858413537 -379.09401858413537 -61088.41083986365
-100697.99032971727 -1181.431280902717 -1181.431280902717 -58883.078810187035
-101941.19250699475 -642.9372863902216 -642.9372863902216 -59523.32175882497
-64388.19281383626 10350.78650018889 10350.78650018889 -61598.02768431008
-75000.22558665389 10816.345888007872 10816.345888007872 -66068.67924173239
-64848.98841295528 8660.692108902971 8660.692108902971 -62764.326822254596
-76121.44206835148 8881.306772531167 8881.306772531167 -66926.41322224092
-76966.27385596254 8624.578506632832 8624.578506632832 -58993.51930676168
-84998.63705420763 8325.556903149705 8325.556903149705 -62743.26560151911
-78533.12728166439 7111.521086865277 7111.521086865277 -60608.53554516214
-86687.60790831088 6706.218597102755 6706.218597102755 -64399.34722427677
-84609.38902080966 6043.596826979265 6043.596826979265 -57480.37564895673
-90382.21443160188 5667.831517713206 5667.831517713206 -60363.43382754232
-86433.553162183 4756.6908846550705 4756.6908846550705 -59028.71831818852
-92221.82806530478 4269.734206180148 4269.734206180148 -62027.517451699474
-89309.45119415785 3457.1201106896865 3457.1201106896865 -56538.1449586211
-93567.0753432239 3073.334128569316 3073.334128569316 -58753.5544495224
-90870.77120284319 2425.7832750531916 2425.7832750531916 -57977.64142656283
-95253.23744994718 1979.9914132246129 1979.9914132246129 -60204.28295185615
-92492.824880959 1223.8261207319072 1223.8261207319072 -56170.720773547495
-95559.2328817886 864.5991525136003 864.5991525136003 -57753.9374260209
-93887.55989648207 432.8677608771243 432.8677608771243 -57510.34291825731
-96945.83549698685 29.238551590244526 29.238551590244526 -59102.69239519702
-94868.50573711096 -384.19991504250993 -384.19991504250993 -56366.70554931001
-97023.74236827555 -760.8552866987884 -760.8552866987884 -57566.383675435834
-96231.67154266527 -1008.5527344763848 -1008.5527344763848 -57541.67977644743
-98437.49541418816 -1376.1250558030492 -1376.1250558030492 -58767.50321451853
-96971.02733410463 -1348.4978150252095 -1348.4978150252095 -57198.19870604311
-98607.31906575662 -1635.1622289684026 -1635.1622289684026 -58129.79425343834
-97951.00493981896 -1804.320632254868 -1804.320632254868 -58011.66131213791
-99603.91430560168 -2091.0838101019763 -2091.0838101019763 -58946.34847773722
-99196.47087585057 -1674.7964183428935 -1674.7964183428935 -58331.48245880147
-100677.73482470498 -1732.3343552400036 -1732.3343552400036 -59074.115304960884
-99438.95653979757 -2045.3079655561978 -2045.3079655561978 -58546.38304227179
-100928.22050143984 -2101.9030434705764 -2101.9030434705764 -59285.03106074168
-101361.1195765046 -1259.2555528943772 -1259.2555528943772 -59296.988315481816
-103195.37231307109 -1069.6552772802827 -1069.6552772802827 -60237.4848747829
-100764.0755934718 -1707.3644616102843 -1707.3644616102843 -58815.236199505576
-102604.84292515123 -1522.9617097188134 -1522.9617097188134 -59776.992162735165
-103276.24383656066 -383.92637466317717 -383.92637466317717 -59927.19145556256
-105570.45647182471 34.29912532100268 34.29912532100268 -61223.97253251752
-101850.30926033997 -978.753180448565 -978.753180448565 -58816.9372436055
-104116.80114400899 -543.849301487682 -543.849301487682 -60091.84069061953
-64287.20002266511 7191.726710938486 7191.726710938486 -63202.47119918186
-73384.86973885992 7302.472345323482 7302.472345323482 -66485.65895383529
-64567.06240854388 5059.85303180148 5059.85303180148 -63978.45692493333
-73998.97132551209 4964.685569440771 4964.685569440771 -67320.99610343785
-75240.82333874908 6008.173797941308 6008.173797941308 -59796.95936221794
-82857.40101211432 5772.098972125146 5772.098972125146 -63168.25568697359
-76244.88990395481 4010.195858414163 4010.195858414163 -60821.007913160414
-83921.31627385759 3636.5523265385073 3636.5523265385073 -64265.11088807332
-82566.97358146684 4195.514678912407 4195.514678912407 -57632.94296035552
-88538.31889313352 3920.5703307131907 3920.5703307131907 -60584.17155708201
-83693.6901411611 2495.835801032206 2495.835801032206 -58703.59475455103
-89731.36170436635 2157.1884821365334 2157.1884821365334 -61756.93516174685
-87180.03509222562 2418.9406938265884 2418.9406938265884 -56547.14145226405
-91948.79489941536 2173.937520578416 2173.937520578416 -58943.52880133961
-88185.981573455 1078.8862862938577 1078.8862862938577 -57552.910449412244
-92960.10834234729 807.8794545389418 807.8794545389418 -59992.62532158224
-90822.00315748014 904.3294599459105 904.3294599459105 -56312.67380500652
-94353.04691032028 666.7994762722573 666.7994762722573 -58200.719676918954
-91757.57317511475 -44.59677544553722 -44.59677544553722 -57185.50483231573
-95304.85066532636 -295.30899739381914 -295.30899739381914 -59101.961600962444
-93890.8063484889 -106.21067077536965 -106.21067077536965 -56667.83473584726
-96558.73723438273 -340.5896866727055 -340.5896866727055 -58088.56335134135
-94660.33250891732 -856.8162350290963 -856.8162350290963 -57410.258015796884
-97356.13630928211 -1075.5475027225834 -1075.5475027225834 -58865.86917851167
-96450.52496661685 -596.8298108016902 -596.8298108016902 -57281.31489957202
-98836.80416286885 -788.1616837048975 -788.1616837048975 -58625.46235715829
-97142.36973571574 -1261.780266709969 -1261.780266709969 -57851.21560284345
-99518.65870391879 -1448.1035870102583 -1448.1035870102583 -59238.390771576276
-98841.6472614567 -688.2886922584886 -688.2886922584886 -58217.315307255434
-101358.07112535919 -758.3113796742598 -758.3113796742598 -59555.30279224626
-99102.67970036453 -1356.685663724086 -1356.685663724086 -58445.25908371993
-101643.94265222453 -1422.1632265364947 -1422.1632265364947 -59776.033468755944
-101414.12875165309 -455.40390503057534 -455.40390503057534 -59050.699651175586
-104163.20957574189 -348.6136396840194 -348.6136396840194 -60560.69045136085
-101109.80854090494 -1172.7523393479894 -1172.7523393479894 -58796.797897532175
-103837.64648692882 -1062.9409457951733 -1062.9409457951733 -60299.975366087565
-103490.97838000182 -0.5277818024973684 -0.5277818024973684 -59626.20229183838
-106529.51508257585 280.5673646822466 280.5673646822466 -61273.54011677492
-102572.88517905088 -759.1083308461243 -759.1083308461243 -58912.0890510933
-105613.38552936044 -480.5998205719935 -480.5998205719935 -60570.22589100034
-64263.68525248131 3298.515021037614 3298.515021037614 -64137.33826891703
-72651.95351926536 3357.1951715018104 3357.1951715018104 -67078.69397065805
-64219.095584101124 598.5508826808193 598.5508826808193 -64118.116950238626
-72694.98297559668 630.4135733460984 630.4135733460984 -67013.89220085855
-74669.8540328113 2899.1356213578847 2899.1356213578847 -60507.016669131684
-81885.94275951374 2729.861743939793 2729.861743939793 -63703.39840635691
-74928.85761950539 519.7656727717529 519.7656727717529 -60791.28196946787
-82310.09998082303 377.4866433167431 377.4866433167431 -63959.876601071825
-81553.4074417107 2053.950056464187 2053.950056464187 -58107.0157763883
-87701.12389435871 1966.4945781823099 1966.4945781823099 -61119.91285512269
-82010.22152580644 170.78963745304702 170.78963745304702 -58502.36595756142
-88098.61294180575 68.33012979393388 68.33012979393388 -61528.76934837871
-86289.81509961248 1280.003880835819 1280.003880835819 -56892.23814038057
-91164.24174562277 1204.431905028881 1204.431905028881 -59454.45055481605
-86789.01875616079 -150.25843374731534 -150.25843374731534 -57318.00025267725
-91576.13908138536 -241.53132564074411 -241.53132564074411 -59896.783073732
-90222.46664764488 665.6373592836464 665.6373592836464 -56618.34794430382
-93907.62247940607 569.7711863989763 569.7711863989763 -58589.069507847504
-90590.73207442771 -388.7069276121339 -388.7069276121339 -57071.25937750599
-94311.40832030508 -481.19990738592605 -481.19990738592605 -59047.061126758366
-93428.26830392938 260.33536212666945 260.33536212666945 -56999.60357540668
-96412.66552405056 177.07600931778182 177.07600931778182 -58579.57352737753
-93791.70273392294 -573.7121485600868 -573.7121485600868 -57355.54788336216
-96799.5673394164 -647.806087672683 -647.806087672683 -58961.102018557795
-96343.44276918798 60.214464880104956 60.214464880104956 -57636.10559895144
-99083.6626403875 -4.37854104797585 -4.37854104797585 -59106.61672751327
-96659.13319995842 -682.5073702739865 -682.5073702739865 -57886.6754616296
-99421.90002304954 -745.548324543792 -745.548324543792 -59368.1440484919
-98793.94253690747 93.84694564100121 93.84694564100121 -58251.43998708838
-101812.3314061736 53.39170534326846 53.39170534326846 -59876.195342887084
-98971.44657442399 -707.7595091655954 -707.7595091655954 -58422.06794219837
-102019.37973618916 -753.2079207575518 -753.2079207575518 -60066.70185974381
-101324.97489163413 192.1850481384099 192.1850481384099 -58892.83290079398
-104525.81091841977 227.1514138344255 227.1514138344255 -60674.42924250015
-101297.36458310655 -650.1134814369414 -650.1134814369414 -58821.17150192311
-104503.10523748916 -622.7002311325296 -622.7002311325296 -60620.96764384191
-103346.04575706032 269.6266287173079 269.6266287173079 -59307.68348453316
-106869.1232012072 395.55933817698417 395.55933817698417 -61179.23642483258
-103094.62749328229 -542.0342369502688 -542.0342369502688 -59032.17960106103
-106539.11409112196 -458.98994288177084 -458.98994288177084 -60949.09301406906
D 640
14737397.437717268 -253364.32237518238 3814402.6891160985 5747160.853635431 -112486.63343745003 16288960.29125039
13297410.225382354 -271747.0922887444 3633744.726161782 5469951.736597224 -90783.90352286503 16159240.298666164
14670854.64745982 -426249.5816362137 3802359.903319442 5727949.378503068 -216487.20484067014 16236214.788603181
13381960.444296412 -410447.43479998613 3655481.967098948 5500151.874036169 -175026.52479271195 16200473.421391828
13309201.302787064 -163648.07150590618 3710474.365784903 5568406.722524064 -87296.42536776188 16428496.849703941
12602002.529253628 -197886.9024353228 3611877.6106890356 5412702.164109076 -163500.5378959157 16190732.334543837
13440715.817394774 -401966.19906598347 3732006.251890075 5602365.186172401 -184463.91220922756 16502450.061260564
12405490.305540279 -393834.716606784 3583513.9406497576 5370595.941748974 -235450.9442863136 16169121.487956692
13353726.274306204 -184221.98679066927 3744247.4751541917 5608841.018700358 -195335.89551795964 16449649.337312313
12664105.275927564 -120520.47483192092 3652897.687327145 5456534.928715747 -169593.70775064887 16102843.507913372
13156040.50594948 -235757.02304672642 3725282.1739426977 5568433.257099998 -212499.5907792857 16256416.42234247
12008759.314903745 -268679.11642381514 3527066.055860719 5255702.458814453 -209149.3913364779 15509836.253202168
12860139.73918798 -113967.72740619416 3691569.10307559 5510894.4164811885 -156272.61537103512 16143227.95048473
12387125.231899094 -235964.3992199954 3626709.692818829 5399093.88724964 -231819.49079038244 15807138.723696426
12373476.863189224 -242133.56838383057 3608184.498348879 5381126.576702321 -255994.44669821893 15868995.395956872
12313039.367422484 -247320.78916429542 3561050.9507250343 5308492.669331775 -160771.84526447687 15513692.54519933
12863633.525111767 -218184.6295600074 3687284.1420456027 5508899.478330132 -198640.23499352508 16194104.431719923
12942911.84086519 -322488.98794167774 3690862.4937956003 5517995.69112508 -197347.84667550426 16218026.63560486
12823099.658958662 -252906.4385794795 3664615.6838910924 5466572.160883329 -215459.44835537623 15886797.958557341
12482692.88193384 -354788.58804781374 3630491.302761186 5405123.768874937 -228186.56825081218 15748973.397806196
12854233.90590373 -277348.8739487349 3680730.048284332 5498891.874021279 -146643.56261690124 16147541.94517654
12865054.2175814 -174816.20104216627 3730533.305022713 5564953.073788406 -110306.80608083468 16362273.717344873
12948447.938054424 -225966.5724654942 3710458.5054602823 5533117.815995062 -189817.66047264505 16083820.867811348
12721807.990420125 -306962.28401375236 3656576.4840802136 5453382.670724597 -206753.6312045074 15901159.149158044
12780799.000399685 -259670.9539028242 3674201.0876663513 5484525.244283548 -205363.29682264585 16077281.244295696
12981272.00466587 -280697.0305443284 3736244.629980415 5577734.954710097 -154925.27710704308 16376044.149877463
12648516.471486868 -167407.7838050876 3660949.940068124 5464756.482324503 -134480.0480761189 16105713.825188382
12591005.938830765 -158817.29928748973 3717036.752371341 5532144.556974556 -142544.02168394974 16277075.820688946
12735276.832533538 -378026.6549356129 3674033.89059718 5484681.523124824 -302441.2338478082 16129607.703609856
14152282.981931623 -171061.98631718053 3860044.1145437215 5790106.789604678 -201636.7029701928 16728881.75224006
13157944.230855858 -126216.29033482425 3715218.6645779186 5560934.727033339 -194828.52477995207 16325939.368245088
14056381.412330018 -113099.7823978648 3904485.3428812753 5836352.89825226 -161847.36568884752 16771998.779707147
13228444.193899909 -323684.13821082824 3663490.580009141 5510488.355916967 -186061.10298610493 16384529.618778791
14228334.808917433 -295204.5207427062 3844314.0117447134 5766260.500777057 -77329.14103157818 16521966.667506486
13646758.800449833 -78908.29024632007 3795246.4553156057 5687240.494620872 -20852.616587413322 16602628.549025258
14572316.857999956 -109645.68481419608 3930228.515131178 5893051.496757444 -10617.0968713454 16823685.57013278
14829535.163290873 -255110.8936024174 3853378.11276383 5806114.885737704 -24030.69895739737 16518443.755980704
15218636.80162453 -242344.12428607975 3911843.9499992263 5892938.556046942 -79659.31630553435 16579567.249545189
14755027.180229016 -260834.07089099076 3855767.3724795044 5804320.665396052 -39937.99381519776 16504503.637229338
15288270.96915569 -225679.13765000075 3901343.7474017395 5885428.739163886 -44314.20571122936 16590741.17391082
14238305.066369414 -550537.7161864212 3730826.693020486 5621199.534504597 -285201.97993295104 16107497.986160072
13168174.127703743 -543782.1742892793 3636283.451828071 5457250.28288364 -255860.53915023396 15978595.158831334
14177622.640889326 -655301.1161277303 3676832.88175218 5547590.977645413 -426048.69817443483 15883873.033051794
13225464.681839062 -654371.2181577933 3569695.0954546733 5375597.610050265 -403772.94827683497 15753194.780372487
13334020.863928275 -574117.9745933575 3670570.7899988606 5523768.277126027 -284505.8368920653 16388786.802179141
12799131.78953707 -536439.8142451715 3599001.9684590674 5413475.606526335 -279302.99191143224 16292336.57672267
13229198.642264118 -648510.6663625267 3606850.4788794043 5440485.283872418 -350587.17913100973 16229795.841400698
12920457.42512949 -643722.8855597285 3520924.8800480673 5320034.103736503 -336189.8312561392 16019876.710116426
13403929.411359644 -459859.9711303067 3724383.484315613 5589333.116145411 -152905.42641125707 16446295.631789245
12845931.80503039 -485393.7728634176 3675892.907156896 5499208.72786699 -150137.47108693648 16268598.253013683
12729680.027426578 -584834.0374355416 3541187.9081133 5335139.497957911 -240769.02265289717 16066975.348005997
12308949.087899884 -695897.1049887638 3478057.8537679547 5229392.41236802 -239429.4785141186 15761625.876723876
13359457.30569738 -494019.28772827005 3747114.0402350924 5610833.966641714 -168141.72914359128 16420712.599182185
12756489.96518786 -478411.2916388815 3694395.1058705105 5517810.432258462 -141263.31271921785 16323025.73699816
12142145.068307893 -640555.8922526796 3513401.2854121723 5267471.2027019635 -203466.67377227967 15912450.252619369
12216817.762892498 -788983.4066654942 3512534.2240514304 5270305.374569913 -252528.72323111162 15913536.257582385
13165844.647515737 -468803.81016575865 3775289.490318324 5622915.550527757 -184636.00991152937 16236097.15256039
12829055.176962443 -468514.63274912833 3732494.8492026087 5561883.083875015 -104358.52645166584 16293719.23048386
12312105.181387424 -634589.2520489733 3591086.2255079537 5366626.628190076 -187190.59009114504 16016529.977561187
12352370.090945467 -696526.2642893607 3592840.3712464063 5366793.326745837 -176964.07495099367 15941007.728514766
13107464.167071005 -421851.0123757246 3815664.2440316402 5664173.448511508 -161986.87169198313 16231391.066420022
12990212.529472915 -505847.6229428036 3784546.1156249233 5624270.304556084 -84784.11387880905 16235178.48509669
12270800.961671486 -509097.9446127271 3633364.5916894134 5420924.514311812 -105831.91840042835 16213666.731478643
12345861.827852398 -616384.9108057984 3648571.242237712 5432856.700984429 -165914.56626780654 16042704.240839232
12994013.248566046 -436276.8591179305 3820213.322233943 5663386.996208961 -124565.1633376074 16229033.153456558
12821664.968899745 -498443.76116384217 3805110.7299353774 5630776.668714265 -175011.49026087823 16081431.827225821
12616468.223936759 -444005.4955171572 3749841.623516243 5564436.191710978 -78727.56194371858 16175739.266366623
12791124.853149256 -410449.6594961641 3761060.1724501066 5587167.255956526 -22954.746131884327 16208895.79248058
12358135.630501548 -443381.7619224088 3719103.8061272567 5508473.101264125 -184990.87099992236 15991042.171066705
12470135.391947448 -393398.4160557588 3716822.0646158825 5520759.446905296 -138783.060922693 16174967.743459547
12751413.010226047 -428695.7126668388 3796851.952208909 5624301.544054301 -157065.00021656754 16203874.26788636
12807234.376641238 -352862.6712907399 3820540.4856402003 5662579.627333126 -118097.27693639533 16392467.046755694
12216610.309165321 -469066.3301106678 3563670.270168351 5314372.928186738 -248628.21841137458 15670099.749810772
12153848.895477513 -339667.57095503213 3602269.465781359 5366942.297015991 -297321.8885045102 15935068.469381072
13114122.18532848 -393669.74348030565 3785778.3334060074 5641895.504125632 -208041.63156075947 16436664.100597207
13230055.4236901 -233048.8540712669 3801549.1842668713 5676729.987138988 -144208.6383302223 16670461.717680478
12359569.10595231 -341787.4318606012 3553127.556912852 5310583.030134113 -290871.93298835447 15683285.052988023
13841203.739911895 -151489.04592798278 3819251.8975698217 5727181.989023446 -24024.146940970975 16678894.019400047
14282125.760166813 -58890.8203610784 3929203.7049245206 5873609.0757721225 -119231.51705657139 16747573.944860311
15752143.811939342 90115.90704683677 4120081.4068343453 6178990.469074928 31892.767985600913 17185874.2449898
14189762.531732226 -758917.3907906949 3612433.5075096986 5474280.225646452 -523412.1317214746 15822304.324239492
13770069.602500606 -845943.037641149 3535277.107014346 5364131.715870182 -542169.8739666536 15736467.793083796
14249416.048544008 -839871.290092075 3525781.6605405603 5366526.8410342755 -580075.9735391772 15513923.739191398
13408848.342521325 -866365.7948300354 3444441.059927186 5218658.6272554435 -620575.5990379625 15186620.129406283
13627329.825024275 -826216.229287817 3558783.432508571 5388040.175145569 -520585.40966019983 15840237.576423494
13704703.413789561 -850572.0269211461 3549625.383329352 5382212.185029865 -521933.91357731697 15847780.854832849
13378802.600425316 -913849.4653899344 3463244.5003632633 5250767.656518482 -617766.2620475779 15445170.868287297
13298162.676670702 -906503.3333818737 3429899.3594730343 5202347.666463648 -581412.2391252242 15291003.797229594
13713123.831107164 -765651.0398336599 3587104.5333019407 5432802.71679832 -434949.2250606733 16026630.059227305
13945951.083869435 -902799.7513487939 3529976.620855818 5372709.630922297 -522647.48653267906 15848754.810732871
13291702.844901895 -944459.6347730589 3413411.3138373476 5182553.987912095 -631323.1210092914 15264327.272773966
13226497.277583187 -1054631.8551700604 3294495.0149577563 5019957.271985466 -712090.9541820915 14693757.313697651
13940809.219544327 -861262.16812305 3580299.063464305 5444045.913459509 -480108.4517023773 16173528.808581185
14062137.879971428 -934579.2257814606 3536909.235259635 5390137.190175157 -560359.5553265734 15928602.183241466
13182402.315661369 -1010995.6134637475 3295193.669252452 5018703.469267647 -674700.3580340975 14697405.844415104
13407405.714372793 -1100419.138220348 3325544.7942211377 5073896.495262084 -765617.7679121327 14908537.215606451
14198559.944165325 -877685.7599117577 3612442.6151293297 5496002.053345626 -452532.6497456229 16247742.829356072
14048981.37554837 -897535.0502497891 3568906.0752494796 5422476.8054147335 -408914.6726042779 15884620.537399534
13266706.245893449 -1107166.4903482841 3283074.85682163 5010777.497402739 -796281.609944175 14721196.257454107
13377922.592505904 -1118480.4639797115 3256617.0938824983 4977564.351492548 -779315.9971125353 14527787.963902542
14349423.96061591 -832365.6952707567 3659747.525227178 5554039.501530557 -306276.0700772179 16216919.969710177
14441569.441818237 -856368.6118916594 3539771.8439669204 5413004.395651946 -406760.5575654605 15943537.105043102
13178027.569004701 -1143033.378648771 3215253.7387831095 4907683.366453601 -787496.2929343495 14240056.986529853
13473782.90680915 -1101041.597435633 3150111.550351846 4830439.664699986 -757262.5994094162 13832555.80196161
14228740.645322558 -890926.6108107101 3544191.254764294 5406725.170630974 -349646.0793459736 15933553.023335611
14321807.849147072 -864001.1126749644 3605573.572008835 5494730.317607579 -232827.19007611726 16250179.514114425
13201799.266297223 -1194699.5534295198 3093662.895500942 4743358.7461910965 -772005.3791634989 13604791.18928411
13444113.899499932 -1108886.4583210042 3142168.836086468 4822233.626941148 -678481.2334092866 13872842.937151633
14278891.965615304 -844022.6816299395 3629933.4419009527 5525793.639241228 -235861.93202818139 16378444.533793613
14065789.127359014 -976048.9749850252 3505306.3229765263 5357274.907910397 -556827.4385930765 15962969.043600304
12709550.626435526 -1199988.9609440994 3017379.6916007763 4640415.075170296 -738512.6785152958 13716396.260780929
12794298.199748732 -1208764.6758495301 2833934.757431111 4440692.957334069 -788755.3179898597 13672995.740386074
14762396.716965357 -720954.0409612949 3653748.411620589 5552630.629440412 -295017.14058503177 15907749.794950435
14869152.294381266 -862279.6318866931 3578067.0989219164 5475202.661260074 -440733.73732662585 15917424.146809248
12876210.40132281 -1171491.305815765 2924352.0249715615 4509510.080185075 -917885.043377492 12978245.727900248
12746051.58316833 -1208364.963459703 2853779.6389854755 4431922.368894111 -804367.6692080424 13109242.199843904
14061424.736481905 -914204.831621985 3586333.3319662116 5421694.591350108 -544814.8666679735 15473133.166223153
13718463.301890256 -849918.4882365932 3317483.951831655 5102480.426645677 -435711.0089794771 15346492.306028461
12403572.66715238 -968475.8147886137 2806966.5287934416 4357786.821973776 -794663.1796969621 12998899.713451635
1964988.6177255027 -547769.4703700093 629170.1369497488 914614.8405674663 -631472.342348381 2485565.061332045
14416736.381028067 -766569.7231900377 3495136.9612809313 5316545.308260317 -559645.9902776877 15021155.805666057
14264315.715759346 -813390.6853798331 3432297.868266653 5235330.684574953 -556556.1885789603 14931743.847347416
14374769.3981257 -780761.2595153891 3440666.313537091 5238175.128661907 -585090.3037264036 14694073.504619872
14232384.054417819 -835702.0432406083 3341046.463505446 5098517.769527814 -639816.3747598388 14234948.07606377
14075946.892084409 -883604.338129833 3493155.5819558343 5311663.261930401 -595826.1752902163 15307894.945506675
14403939.531860728 -773409.0169193282 3519409.551784506 5359266.54234015 -545634.2593005727 15354380.239976022
14017149.727524463 -869266.8547939945 3442065.7835626923 5229701.886423519 -641275.3959319724 14851439.991297787
14368520.043153971 -795870.1344902831 3437583.3509427747 5231432.961096639 -595373.5980639695 14633304.84368528
14492564.230845105 -802816.7750993895 3513609.128946731 5351868.453419361 -583948.1335275758 15245403.58788431
14605612.084726019 -812037.9988397135 3497350.7349393726 5331564.060621389 -615746.5859895025 15083952.516454598
14251638.338415215 -856119.6618936813 3408966.5830565966 5191345.252343326 -699370.7068191769 14578001.32833363
14400081.128991032 -829483.1455994842 3439186.5314662303 5230290.260616611 -666404.6028982102 14543619.969258264
14632557.685490195 -772727.5194429238 3508590.34493247 5332201.801634597 -623985.4830059801 14822490.389560701
14833292.06606964 -768503.8076474936 3549752.967756754 5387042.3626128165 -591609.3481085618 14812989.522778207
14396617.68077812 -862860.6633776431 3421125.025338898 5201697.468587454 -746731.1707618037 14372580.783103837
14724531.210634574 -853777.0553394725 3431012.537608373 5216929.583462918 -736716.2381890767 14131784.253368046
14855419.333166184 -743492.9298469177 3505743.678364994 5321139.675924975 -651192.1755728743 14441012.815125056
15122563.06506207 -751950.1468674362 3532399.88175212 5372169.902253156 -635101.4090185318 14608037.146529358
14738461.45358316 -780761.444402435 3403033.740001216 5171222.358513911 -733943.4164194765 13819242.949482135
15012058.547200905 -760367.9864970982 3480969.2954100166 5282741.907358877 -687324.807761605 14061454.641992554
15222323.721532179 -711346.3769448028 3491645.2782632066 5305495.790342117 -654663.0819504973 14071395.733759627
15384944.711984783 -724406.6652619885 3520356.2979799407 5350252.722547732 -704980.0685494973 14172270.974626979
15076531.62319988 -702026.7458592397 3438714.5314165186 5219662.404443375 -699303.8266173876 13664996.506706718
15374535.94859838 -710402.7932228417 3481258.4228415256 5286324.536411888 -754326.4625055137 13764269.224124786
15467154.192032097 -624938.263220209 3508045.392205573 5320909.345818431 -651518.0118558268 13774033.928812502
15523874.921360668 -584542.0043809483 3528674.180731304 5348017.891326133 -621759.1362085001 13805650.760355055
15418198.486135846 -648154.5818599811 3503466.0443746764 5301218.607772613 -705265.875701898 13529920.485690901
15450694.053779082 -632761.5258828327 3505533.6115782615 5304099.862819872 -704326.1735015925 13509563.539849887
15367825.447727002 -523785.61783277674 3498020.899328254 5301699.68750235 -515131.39535287407 13709708.350622639
15291959.1136527 -544343.1858221297 3489916.7749945284 5283482.766172867 -526390.6023502781 13599527.006558472
15337866.624572217 -542037.1247523304 3495612.113312447 5290108.5389269125 -563379.0185740399 13560837.472710134
15283693.530970786 -580120.7403616552 3461614.0535591813 5237442.072526971 -572308.4517500878 13309638.56041243
15430292.066558588 -391260.0005374141 3528595.769465234 5338669.931953503 -374471.4247086525 13713999.514586402
15118483.696547583 -420960.06890559976 3475895.5271889856 5248820.746270437 -404490.193777654 13388229.49552851
15327169.889925424 -433844.35085216654 3494108.7315421486 5289132.332158984 -434759.52741356456 13585084.48574853
15113465.865107032 -483780.3615694146 3441916.9587925198 5213684.107719187 -479112.1818025127 13438042.960077792
15303914.688739896 -200851.3173622089 3688479.099468491 5571268.736361138 24209.995224382095 14974919.441043936
13838835.783078806 -149438.94171878463 3461099.902099636 5237486.090191641 -30681.07986072215 14766687.7821508
15265135.164514689 -320857.4524117495 3644189.65179459 5501161.897150372 -205998.43578955423 14585930.057750894
13466964.22234069 -627681.5841298419 3330593.4763733507 5048770.638663184 -522663.4862620488 14235391.960329404
14361434.520173313 -772875.8507826664 3444721.505049683 5227389.453044108 -616895.8484115435 14402480.853840556
14359054.328625238 -769939.0327838145 3438246.5646214304 5218311.989770092 -617387.1422607283 14365760.370746685
14174677.43893622 -815045.3208305758 3403880.10222212 5168871.529309563 -654202.9176962199 14317390.474604676
14247392.323383087 -822200.6316008638 3408681.6429883414 5176389.252891039 -654631.6442487639 14289396.089845357
14404894.827976141 -840926.477567224 3430068.547844208 5224777.865230391 -705064.6637521632 14629153.94163294
14488998.840908103 -793121.6158684836 3488545.01894102 5291810.291689663 -637402.0361097399 14599216.188918736
14203308.210955087 -839640.7638436528 3396307.3438663143 5163513.708232525 -709938.6524659359 14348203.935945755
14306030.760693278 -836334.9066317433 3406935.1485732244 5181643.300231066 -718749.3029575036 14374261.563620424
14474897.278516494 -773418.6363124632 3457994.9264653507 5242325.695530017 -686268.2697043123 14295727.880244818
14876098.229368042 -735564.0684890457 3468384.9664657754 5271292.768572597 -678368.2492933234 14245287.545327371
14471225.813719044 -686731.6796756021 3448957.4265043642 5218861.516075009 -631882.9039934217 14028940.704351379
14783665.792606736 -749654.7444626935 3463816.6310183764 5256400.798410529 -692053.8675500699 14140383.910007993
15066856.808315003 -658558.8462949242 3519579.3128872504 5332430.050075576 -630702.0906423988 14150998.899745869
15164609.964677937 -669719.3443637703 3521745.112914467 5338259.427508308 -631842.6612003979 14122185.60477541
14949889.201182185 -644794.6826745302 3459574.0472639394 5240849.871617758 -646231.2320632599 13756478.674999906
15195308.889213856 -637555.0274818131 3486401.253351598 5285476.960662623 -650815.6001861662 13813402.215507595
15537067.711818699 -581144.6381153007 3549229.443159006 5380560.350635438 -589271.9007671888 13991091.316191202
15537968.432760462 -624170.3754494082 3547399.3093025484 5376291.12989159 -620318.3235253821 13945069.12573001
15411068.782666942 -609251.7045711927 3515022.008271787 5327184.8910522135 -618372.0301770022 13802144.580326406
15531381.07412755 -629877.2622700206 3543079.0824562507 5359358.1361456495 -661101.5926612157 13708041.575615361
15424905.2161829 -548287.9957511164 3521428.2130391314 5338327.295078239 -560089.3864517972 13870219.809026139
15478576.400972907 -600564.7702807612 3518358.506122153 5331248.84151061 -613327.1688985751 13742513.094612395
15375046.486582357 -540680.0541857114 3477057.360431077 5265220.012419121 -585883.5571566392 13434091.614081813
15433240.09799696 -533303.0155689092 3504838.7837551683 5300581.559044327 -573488.8470337287 13471937.60206211
15457062.423567014 -449715.6372416693 3514764.169917158 5312675.615085179 -444925.63152882433 13471637.914277438
15453380.405983826 -449711.11827189644 3509418.2641901677 5302801.616398965 -451694.31185050897 13395449.878275523
15440493.53215064 -439489.5896882611 3508318.367639519 5292905.143134395 -458211.05525132554 13234605.03336588
15397358.522082664 -454856.9846749276 3488982.3057191256 5269222.754156808 -469089.3390737787 13229485.618954413
15490064.974617874 -318914.7030983859 3590684.3146894937 5410394.881534792 -253906.45778519075 13722777.529500682
15445672.795959149 -311398.19706226257 3556940.3590901094 5364909.863387227 -259379.04780019406 13599836.350041868
15459392.171421858 -332007.51768749784 3571246.835683058 5383173.517144068 -279197.8191726698 13636647.556705402
15462851.272103252 -337290.69118411455 3549560.8705539387 5352979.741940752 -297713.40934199677 13506404.110902278
15343227.711282283 -198471.903819263 3592418.430691137 5407316.56536471 -58672.42937640185 13769897.951491816
15187516.315507995 -227030.15248514956 3523840.043726903 5310099.287098034 -77308.51778452746 13489988.240770578
15393326.470746059 -242092.3357635708 3601097.578790071 5418111.288317553 -155388.93304891346 13744752.289025348
15081221.521530412 -274953.970640214 3525948.968720727 5301321.309833023 -141824.40979880426 13374326.960743904
15057799.76480958 -49236.061915404236 3545616.7154904897 5382387.847745585 217653.0550735079 14586389.14384366
13681158.801760357 116720.5228037832 3303300.6002247087 5029899.383712712 326774.1633196403 14244215.226142967
15246160.075095963 -257414.66069700377 3669201.4989586486 5530704.120195491 -63967.11542399454 14645489.02104583
13737870.18834256 -367903.66288434376 3353030.7251801277 5080315.4925964065 -175431.66518365013 14101763.359223293
14385849.265199313 -853948.150323171 3402203.1964428225 5174823.6937563615 -668096.1198653185 14262153.880988644
14741611.620362358 -886983.2254807383 3433375.711536006 5237813.3108759485 -696239.3674109121 14480388.537239771
14186941.80223204 -889876.3126073454 3338486.9059585272 5085912.620121786 -745259.2317140936 14084598.234226013
14548791.713442896 -911713.0225226332 3389459.2921146317 5164869.921859876 -750244.6053936034 14180501.910285247
14319467.764048142 -730291.5764632714 3427049.500388734 5193843.166050054 -688316.6080617214 14162306.169906285
14709274.722340234 -738998.5703761596 3454237.2566089346 5242947.692558251 -672858.9242834529 14156459.138035916
14403083.69184959 -785521.7547569567 3401910.2628400433 5156043.218034945 -731755.2338865766 13875754.503978474
14652416.776667079 -716962.4508378847 3458223.179726979 5237667.652827053 -653804.2921375189 14020025.912278384
14894106.711947836 -657888.1644171978 3474981.2745885337 5264813.647787472 -649673.6779066975 13952577.78174217
15112697.029334037 -617901.3895556923 3483301.5442695995 5280895.960324455 -636755.3377158929 13872587.74351977
14787278.329226559 -657714.8197676498 3452804.0170529685 5228352.492721603 -656026.7892117801 13818082.676394217
15164055.659422794 -640210.3605101984 3465150.984641725 5260423.572116367 -637875.0518869569 13811093.606420135
15327883.25492499 -589185.3632545603 3513740.777272131 5324605.332453642 -617101.7674576427 13861925.88519455
15435912.438918898 -574943.8522622772 3527858.1047943295 5349927.817108273 -598975.005614655 13949765.264268856
15285633.577092137 -559354.8798931928 3494171.7466923846 5294040.455348131 -575687.732733984 13723396.768125087
15406444.879009701 -557311.1947794728 3514212.6894059917 5323765.7602246655 -579461.4376985173 13756190.814706124
15440460.163956176 -513963.1945505469 3513044.69364487 5320556.559766863 -567090.8022154099 13683687.549134903
15465909.069424082 -518042.2862032068 3519774.9375952897 5333540.721040147 -553816.8734065981 13769856.50417418
15366370.493119055 -518629.3357193122 3475520.4793944964 5262104.749359458 -540502.0311177922 13414273.725638865
15396774.135692079 -520755.9077707018 3502002.104179626 5298046.495443865 -565682.5182121474 13520109.245186256
15464614.62763569 -417716.72597661824 3523160.132607389 5317338.1124816965 -446421.30359165184 13372624.488135202
15444847.559362184 -434030.6728741251 3514672.323080981 5305553.653516174 -444902.7233073138 13343434.196963899
15418736.735809697 -423479.9925937653 3513105.4003898893 5292506.040194474 -426349.6311252639 13143065.065875508
15391267.662506437 -431986.83562772616 3506192.4993109917 5284352.278638915 -443943.77917184704 13159542.710562395
15453473.289026892 -316258.9646765535 3582477.1131566195 5388702.218333922 -232869.953089526 13506074.333920984
15453444.561693106 -320045.8735397352 3576342.201944507 5380858.384003762 -240298.81541425106 13484194.409417843
15447557.64848841 -313191.60415384686 3582479.2827807185 5388497.833312825 -230293.14509575628 13507854.588721894
15442459.867449356 -316139.4795949417 3568232.2375087687 5369264.556146827 -241672.31233654317 13441721.803241502
15480764.509679269 -258308.33223169544 3573811.011788582 5369380.888690682 -83624.27114213897 13283010.579906307
15339417.582600035 -229288.22295033775 3545883.4771264056 5330024.50824574 -95986.53610957952 13251635.657106232
15498444.863886172 -290693.7145713756 3593188.6150866607 5397388.766046927 -156417.45556454497 13399180.512806213
15389898.853872893 -278282.884069254 3576708.294723974 5372177.682865926 -132146.41338257206 13366071.951989708
15272901.679512855 -114880.11228300745 3514095.3891126355 5318292.241141377 128797.85447067524 13782844.227390442
15064679.90150466 -74960.07299550058 3466362.877191124 5254633.608689309 191782.51338648994 13768008.533790164
15351930.369254163 -191290.55602514461 3586765.508467279 5408274.320121559 -48803.58630923403 13904714.241369665
15142846.868356844 -228708.0252466587 3538535.564629259 5332397.610078869 -70283.68947633554 13657322.23141862
15090847.882541433 -128236.37372687145 3610172.8710212926 5462838.456239939 120920.8206159546 14742117.794608362
14417922.991777938 65831.00618696377 3396013.613862394 5174302.9971906515 240921.05440335232 14355837.305931756
15202306.304513816 -236864.97871969786 3660869.601074226 5521208.331517709 -41222.65500550081 14682728.930035537
14892929.71111267 -252829.7031189081 3501385.26569701 5305315.585185819 -75746.76642829641 14182906.049406143
14119054.266507415 -895113.0374621431 3337781.5854358263 5075327.848407136 -784599.99863281 13956307.4222124
14532191.85513251 -893222.6234053217 3416389.136659474 5191782.400689557 -713033.8954779548 14142894.77104885
14117821.460057281 -892919.8892883841 3341684.2562748916 5077165.836746264 -752910.3170385604 13908441.250621945
14440921.28961571 -913723.8122564729 3381332.4835800026 5134110.514701331 -779013.3643511869 13851973.968126347
14604249.984680502 -718181.1202444914 3425232.8598460667 5188988.753779777 -671106.4182874493 13820401.753751941
14841002.948045617 -657784.6950395124 3474449.362172251 5261644.550604233 -646725.2566839267 13954001.682212539
14638666.853931187 -675248.4394516927 3424640.6720278943 5187193.526336675 -660221.9780938919 13763108.431903047
14840845.979170201 -652043.1840195556 3463802.678412282 5244316.922841663 -660261.1591503375 13841833.138722101
15174707.093081167 -620784.5423952899 3486687.8488829727 5285420.17513803 -618149.0686748633 13826563.211273372
15325914.40604546 -579511.4051329668 3516336.7606262574 5332883.73651532 -579274.5561108314 13972351.13678049
15074379.39753916 -594851.3655320978 3453751.6861167713 5233641.806384568 -621698.1875617364 13615919.093121806
15197916.346978435 -567722.2139291804 3495775.076724469 5297599.662209094 -584824.8337753259 13847024.762084246
15370591.606087616 -502386.55444133555 3508509.852133566 5316906.478888639 -561159.4206494715 13780320.867587328
15432341.429533971 -514527.1119935568 3515551.840958437 5328637.390737193 -562827.96263277 13798265.572049158
15258238.372207597 -475502.8067087638 3470105.234937216 5252721.969371698 -503959.37694311567 13453885.540170152
15335875.987346834 -508947.06642707495 3470598.4758813297 5259231.395217914 -532331.7184011368 13495585.142101869
15321806.264600629 -412432.5037704786 3493138.2168940734 5272193.333152507 -421970.26267656527 13273019.401768165
15347330.410826584 -420181.2017740754 3501338.6968517425 5284346.545184331 -433014.97539588774 13310148.933626013
15354390.364444718 -416887.8457183652 3510894.8878815677 5290538.706541924 -431016.5313091374 13216696.00328474
15327710.966547599 -409138.93040192436 3510179.152980832 5287282.022555887 -425788.5829365415 13193987.85107109
15450639.878329448 -307984.9484123688 3578093.036017794 5382810.842873345 -221021.82013588308 13487529.98681696
15457608.481252646 -313993.5480284185 3576343.753048663 5381608.585876059 -255631.64147008068 13495000.457559029
15445186.168005174 -313757.9946430908 3571734.812254117 5371335.086323923 -244703.22609679739 13403349.497379659
15439012.81525821 -318457.29056266055 3565987.9613233036 5364009.738592742 -253488.70801700372 13389446.605708243
15471722.76838176 -286601.6213850296 3588263.161147219 5380621.811872892 -148188.01892011618 13198923.664240146
15478651.477741394 -286631.97840801964 3587745.3190836045 5379974.61715948 -147776.7111488545 13190443.58706604
15467108.257366767 -297584.09638307994 3589397.342060481 5386466.498429134 -170871.57120875476 13295479.953435913
15463425.947378496 -299683.72636669467 3580569.798171849 5375189.191352555 -167477.90154375808 13267822.100264389
15383052.929297058 -165214.8656935837 3545411.7671399787 5334750.212022694 22067.09791464874 13312892.06783525
15230491.67903814 -158529.52071698557 3500067.1536232946 5268985.243612884 6706.569967734224 13147735.425167464
15395687.959885688 -214704.07039822018 3555061.3963007275 5343425.436617101 -72806.75800094013 13261469.729877314
15180060.49183884 -182308.34190193447 3507169.570853605 5275635.614523763 -39059.221900977456 13174920.972253172
15338499.615946459 -108189.99615295086 3569964.4006339544 5400676.935501536 134375.54686202065 14135821.913351148
14857816.752335798 -58905.17822959936 3452660.210896718 5226000.477728853 187839.2342529815 13703667.860668335
15352538.716719585 -151780.54358713978 3587567.0313741267 5407981.6520475475 31953.284981080185 13880619.290873403
15037299.38618061 -142863.28790909555 3491686.898225383 5275050.940678295 45227.25569337698 13646607.35749451
15108682.7918134 -157035.4568091057 3595565.45266311 5445754.545806035 113838.56467356333 14703968.048206517
14797311.415361656 -6217.21631157082 3476708.152172105 5283615.027489996 185046.88147527497 14387409.598151479
15187064.91172779 -250401.43460919056 3645982.2082055276 5494906.70945322 -96012.39521362899 14499460.598556641
15124076.513816448 -240587.89003680233 3589677.8795733703 5423038.633340048 -78679.88837978855 14363782.647571437
14236289.275878422 -837362.4140552597 3349704.994230427 5086994.470376475 -741526.7593745491 13810089.862052074
14487756.016171277 -875843.4786316385 3367951.731756475 5118992.266020233 -776245.6241611241 13797150.826103495
14005014.168609537 -823768.2021507376 3333443.547818019 5049222.591499263 -784436.2039498308 13643679.079599302
14396915.430295104 -848344.1624488984 3368129.201146678 5114334.434599242 -779040.5383530726 13790930.457376903
14754201.87932309 -623197.0977455479 3440863.2318896474 5206975.713902859 -653561.2358324645 13686320.789753588
15139314.145034134 -634469.9985230198 3465698.8343574246 5259679.3954789555 -649139.5594178507 13808898.958912704
14770945.749328803 -623929.5840811172 3441340.0120005975 5211169.352500073 -648422.4156340658 13742960.465128839
15157666.760483623 -602362.1188547723 3500420.2624935945 5300730.126360873 -604292.3745305035 13847689.457828466
15017896.442720482 -536767.9421382628 3451814.660286345 5221984.484109159 -566672.3510603767 13481870.289504621
15216320.931819959 -522868.07891300635 3478166.3830304416 5272309.318466553 -566623.8636582473 13710204.596423373
15138127.367170718 -499436.428641576 3455858.2527739806 5233684.468640904 -527894.5380613436 13506680.105016103
15261433.709644273 -509488.70362146746 3480270.861447601 5273324.142959137 -542488.548812609 13639089.82456257
15120219.711439418 -473447.07703405496 3429231.848194306 5195286.412542046 -446007.7945355429 13342407.61212785
15302820.402234329 -467195.5392358226 3468064.4503459567 5250395.776708836 -459056.9973754755 13407676.956681028
15192811.819894757 -455638.1183003372 3459648.764695262 5238254.820079193 -434356.94503590977 13460011.471892808
15317695.90639461 -437426.9786535209 3486576.0369768166 5272614.713938758 -431580.1980666645 13429925.299370117
15460503.167387396 -324227.5115819334 3556555.014775239 5355612.440820553 -283153.33039973606 13407535.090579968
15458610.042612055 -327682.690772498 3561161.56689104 5361542.394737309 -290220.5336498053 13426683.166528879
15463929.89382471 -320006.1575281427 3560361.6969236783 5357312.885593473 -264317.2677815686 13354370.277020242
15461775.548875175 -315157.62210541917 3572407.3756941454 5378649.539799741 -245622.9440386647 13518252.762668634
15454840.65291459 -303472.2661944429 3569288.245972056 5358274.198776698 -190210.65301647864 13186301.702151561
15447808.991143508 -309833.9092863336 3565271.14611955 5353584.539843581 -193245.7417711613 13187916.39402081
15442328.002458064 -316639.6541045214 3556928.2390758498 5342763.880254507 -207814.07871156733 13160528.157213256
15442822.074033264 -317156.98816496227 3556911.323871598 5342743.327688501 -208195.866591231 13159995.157763459
15386516.302708544 -227222.68858448713 3533390.068090425 5306359.650686158 -65450.637878994705 13006094.957340026
15299333.131036228 -183019.21955878715 3505773.1871973276 5269113.309652613 -32874.541197689985 12955922.66387222
15401242.209776932 -234646.4757087339 3545092.7744606785 5322510.024073972 -84376.71889991486 13056916.987571888
15408593.840192338 -236686.2731372039 3545137.8421495026 5326231.440635082 -91479.10201011634 13123002.227788033
15286381.863864342 -108206.37807861088 3505174.6237228247 5283496.553824558 82990.42226190868 13269707.15693684
15111849.31843209 -109051.47593973124 3458741.1344096866 5220062.260098335 113203.66570382493 13197090.549837055
15336911.9587423 -158144.1993533173 3511127.836997192 5292209.016285379 18178.31242470695 13262455.62808085
15097971.312863834 -163687.30069507463 3475073.638385466 5233963.730719235 1449.6798662514702 13129682.949436521
15340034.896700839 -106179.54926426098 3560609.4185609873 5386826.021886598 138586.8251937174 14063078.047521072
14916357.227581846 -80054.59853079141 3466921.781790971 5243822.518642979 171756.1459406472 13687813.624142202
15340423.085104994 -137453.7981169478 3571182.1261791135 5387358.650951295 52955.63857696311 13840742.904620105
15044880.60266606 -162464.464474644 3492501.763317386 5273602.481922057 27757.605319941777 13592129.944666432
15088230.180562325 -154456.45651967436 3586149.5626872163 5425046.478508888 80470.89826916644 14517408.892616348
15085981.160618786 -149119.66935936094 3565009.1442334657 5398272.779671659 61144.441894937205 14449273.120517425
15131321.289184874 -238171.29354555593 3592713.4411253966 5422672.218141303 -53206.42012603818 14282427.259918509
15126127.144390237 -239939.11540103707 3598903.6179224844 5433786.637825628 -82772.85340939616 14373725.904169556
13922126.922841009 -813444.0732127541 3324573.9586879667 5024768.653174246 -780720.3867603372 13432618.509638852
14485356.337941177 -760117.0631389148 3374987.0032574553 5117932.637698175 -743665.380307728 13623581.896533735
13949835.414695937 -792972.3563800674 3310799.0094048325 5017022.608961499 -744167.1771337999 13553038.180434702
14479716.487428226 -737539.5557328553 3386488.015976439 5136760.31658552 -719839.8936718917 13752753.107723707
14968320.896955028 -572247.6238778068 3444481.7429059646 5213818.564475112 -626459.7367734712 13529451.491442133
14994285.964301363 -539703.4363906985 3466440.6737820962 5251483.620224031 -563082.8430500635 13773691.01032223
14925894.767959684 -548113.0977758614 3445120.4641524763 5214460.090921323 -568630.0700742997 13570656.312078888
15030992.636948219 -570642.2212779116 3472149.3127913573 5259728.178677932 -583593.2829235309 13776285.484404847
15102445.471639164 -485164.94366616 3439833.01225146 5210290.149420004 -453871.9015341631 13427030.936435817
15158106.31605134 -487469.4419100955 3448876.800778724 5224125.846301215 -448988.27145539876 13449120.691145098
15103261.216931667 -475276.5999964746 3439484.812120379 5209797.48095013 -462891.9548702703 13424022.206270281
15195489.235727135 -482459.44473274914 3450963.0743882074 5227971.908204535 -454246.69200439326 13442761.001593277
15218111.682361538 -416208.07888151193 3484181.3295941693 5267191.0338025745 -376803.32913190784 13473719.505958978
15247918.479246136 -390427.0915860025 3503062.487418497 5291066.9399083005 -366022.42344053753 13506045.345200285
15162104.364605388 -420189.1554505374 3483547.3938673693 5263749.857633868 -380790.16537741723 13474849.89306455
15222665.181750204 -374988.9593927235 3513440.5034152884 5298787.435161089 -344217.73985456006 13457392.208167734
15460617.125181902 -323759.4595923939 3548257.024064192 5339951.153523336 -238554.7017087359 13276751.184516579
15462904.442417337 -316300.7617215944 3560454.5602504946 5358204.3116411185 -214006.71841447792 13371181.252874512
15463148.147231454 -326605.67144413583 3548961.137683539 5341682.675727796 -243778.4551793421 13293360.109721849
15465292.085893363 -318608.00169546733 3560511.3039262705 5358347.29565031 -215888.14662349294 13370404.902942693
15480158.488737771 -285491.9167162144 3578366.029353001 5367685.115558695 -147234.97350604928 13149490.966747645
15464598.21813669 -281475.60092641006 3566037.352464719 5350959.637901665 -142533.29094797166 13101772.586108813
15485152.238605814 -284113.52470869 3580895.522084851 5375200.191507923 -146933.13015938943 13239149.89495467
15486378.353214135 -285592.69920902565 3580896.2316758516 5375186.684012886 -148068.32209235622 13237638.022364065
15348984.322117003 -183861.89710476622 3519442.4301988985 5293876.907055932 -18816.41999481905 13100820.065652614
15300608.784777883 -185620.0577200117 3504241.2298577675 5275614.590920134 -6373.3594443193115 13118375.718354393
15380436.382215476 -201029.26162502085 3544901.2825311674 5328793.2940024445 -41930.72235804276 13207601.0322626
15293836.121253658 -182931.48927256104 3509357.757827756 5281482.009176769 -24494.823947998197 13129933.174180899
15317139.573369345 -92363.31274755219 3498358.6781586427 5279981.344628877 121515.95439400202 13318596.103252657
15151183.034004515 -77802.45891860353 3459653.856083929 5224470.637763759 139776.0161277634 13225844.536942279
15219860.012553161 -133505.42240594482 3494553.8957354627 5268438.339951437 22299.318009820494 13268720.78977877
15147524.979396174 -133219.3839244233 3487059.9137987215 5253668.646135967 34905.28205624004 13210529.580039944
15314263.687703257 -99273.3231745867 3534012.799809515 5344340.478555087 144246.67829745237 13824264.046022456
15163517.08529299 -126634.43493017397 3505792.3669232405 5304941.425215082 141803.18998690715 13807879.022971103
15246070.66329023 -131110.96175671986 3553604.6145149977 5359282.294554474 66518.3818665168 13760273.49221002
15134258.961316941 -155881.62972831077 3514208.156787763 5309470.269397789 54064.78212128187 13742566.694978008
15058089.189210774 -178892.76129510242 3574442.6369895027 5404589.723229348 30509.83624881112 14395967.12019253
15049022.812875865 -186070.5894465758 3544118.145590666 5360004.888511407 7536.599786812869 14180475.578581534
15140233.397934368 -236419.83791474288 3584646.9643657715 5408054.027074388 -30322.037216249595 14158613.787016809
15051309.480695583 -190546.39233680844 3544344.207231458 5354685.8820118075 6710.294184412486 14066835.399454197
14179034.556013918 -770344.5616265499 3353553.6555182724 5086386.6538921185 -719905.877274787 13770517.62289019
14494191.699553916 -684617.3385225537 3412187.514057459 5164816.684930713 -682038.8842911874 13734016.274654439
14270790.135691972 -736391.928357567 3358298.769240013 5097039.015680665 -678693.7480134554 13787416.797080938
14533299.63407976 -636894.9210345328 3418915.428294915 5177424.993191872 -645056.9113135695 13799060.313536393
14915907.211382763 -565684.554918423 3440597.8415702 5212505.230414933 -574519.2052785003 13641044.367631312
15061918.525752552 -511325.27601827006 3471241.914637323 5263206.108636935 -542698.5915491602 13834881.063143345
14934176.729738072 -529399.0357566719 3442553.1052172678 5214664.518427577 -541914.1125139098 13622944.835440867
15049388.690570869 -477725.49917157134 3461983.6578836367 5246213.1483171815 -509698.13112812163 13711233.446143765
15016449.102408763 -421562.96971533133 3423822.491784652 5186107.36590974 -392103.41491307644 13381603.078159956
15195775.616369147 -408017.02348746813 3453071.3783799517 5228978.473204833 -364025.1798995265 13416223.21930234
15057951.212651003 -395774.78131740395 3449921.076449074 5219513.871735261 -362294.11208774406 13434062.236843254
15132991.083882146 -402775.0306281616 3464089.034854281 5238775.76401867 -353226.01332082204 13432565.165511316
15195033.535495434 -372045.4284697469 3482823.4498920245 5258047.712966535 -284824.11699444643 13343804.594727533
15212134.840253174 -366203.91422464186 3508086.2605223577 5286957.47928105 -278197.81624098984 13349116.780433346
15205992.706979787 -366724.3683560329 3493002.9329074514 5270850.600943691 -263378.2926852341 13364954.549277829
15219608.930611141 -353748.7828254881 3503279.97778817 5283826.726627027 -254340.15980747578 13384765.880642701
15371396.169731101 -306626.47095525323 3559481.76654346 5349697.794369343 -168669.35284367285 13313960.659154633
15358589.209194561 -316602.80467030674 3564233.4882110027 5355147.0290817395 -178154.61442894329 13331214.42661936
15347552.383926235 -306611.9226445055 3562790.069190901 5354990.483972446 -164514.01200499653 13370875.563483212
15362741.074854007 -297221.27891504107 3568917.8372785244 5362163.233184143 -164682.52750860094 13364330.951839965
15304270.00131567 -220801.48819317954 3528692.7527774055 5305830.272752031 -81620.42454076376 13181094.673770474
15285998.397133363 -214478.69705377868 3525028.3644884047 5300721.325989208 -80265.26965682242 13177803.880944807
15318845.239727857 -228715.08721533164 3548032.486856007 5331062.381753159 -99405.61980615553 13245687.46874807
15291669.199939622 -213765.9014005104 3524869.802207596 5300733.936925146 -79494.7124792546 13175873.687495964
15295712.356679816 -177809.5759309279 3507775.22244957 5282184.885177025 -3007.822034395188 13176930.207620611
15206279.640883043 -161392.51244379525 3482506.662628666 5246097.8858683305 19408.8970410009 13100531.22470304
15310802.772792878 -182860.71542646457 3515731.3263979545 5295122.641364732 -15904.147349560923 13245560.623653475
15165374.937562844 -157160.19038123684 3493016.000640895 5260578.502498323 -4814.567189220963 13199842.819558205
15216728.069626005 -109555.86817027965 3477690.580593402 5250604.593390445 105870.2479821237 13286170.762533117
15228910.53040739 -95726.76283817047 3475657.2811000296 5244266.719618614 99690.1281726187 13191963.393450666
15239671.73993434 -139041.3837948605 3497383.2075047083 5273896.867756996 18758.740909751094 13295834.8351282
15136075.100180173 -149485.45442992542 3469412.0619240906 5232709.100280576 23921.89891439348 13191041.30626121
15291492.903287962 -125163.06980181458 3538807.196812726 5347997.777867211 84524.67959755668 13814704.089401359
15174703.095974464 -146182.59081930903 3507954.8005550154 5304070.319278415 103406.59164100878 13731697.370519605
15232476.694924362 -161718.47590156164 3530460.44711721 5328890.861983716 38864.92401253245 13675210.495206004
15124246.858977163 -154935.89041712036 3517372.960607852 5314247.65403033 44195.96349700116 13778500.810332181
15181209.656838324 -199608.29574040015 3578958.3357857824 5406132.988922685 -355.24374261535377 14204366.566653
15085824.879695164 -221378.38424111909 3559224.9228277025 5376825.17949495 -18580.444164061373 14147730.22744242
15135883.83876986 -214144.19556472884 3555523.234322411 5368321.024514833 -12502.073142867066 14009025.318660948
15093808.547875183 -227316.88330878745 3545811.1069857646 5356506.399396708 -16545.974056080366 14028474.877621451
14288120.09723339 -741964.875920829 3358776.8269897625 5098177.672563357 -687732.9210534367 13782342.751205
14523093.77318342 -650568.4279347789 3439719.263637111 5212076.907503731 -632161.1036861367 14044620.091742437
14366985.091429217 -712012.9058291635 3372772.4210574813 5125956.170008685 -616743.8342596209 13951144.642284106
14677626.653850922 -625170.5895600151 3437792.6565772225 5218447.8632245585 -615919.0235831221 14059891.710483057
14918535.445529643 -540680.1372674488 3429305.1060680673 5195171.152646016 -535349.553125325 13540174.86520312
15075705.55249536 -493085.52365087706 3461119.491227175 5242232.3120800555 -503684.2196008681 13624311.498147883
14952876.220390717 -470875.7529034198 3439551.8810370807 5209531.617950905 -463553.9198475563 13567614.316414857
15023295.533409366 -421945.2649321753 3452679.2568452344 5228449.1741845 -428389.43754781946 13586744.007278066
14937676.680184824 -390119.8944918774 3443254.5518229213 5206168.43160196 -355929.8386918143 13434091.52371449
15050182.68056885 -382743.33152788435 3470027.5812355895 5244608.976065111 -354928.50018118875 13501389.783805732
14958852.986046033 -354537.87331171887 3452169.4442373076 5215961.632387416 -285130.5481194022 13412651.622269891
15029526.07506552 -329605.99654286186 3465265.893782867 5237771.443397283 -264675.01086558704 13490052.899338854
15034105.264523972 -339032.25355486234 3483997.7742289696 5250175.452067124 -215949.59755688635 13321452.50665148
15107699.243947098 -356321.88774479117 3499342.2069350164 5271968.082688084 -214032.7582435236 13346133.635064844
15018620.289694166 -334047.9624212522 3494460.8574277856 5262756.998656153 -216612.6751179125 13358380.593929403
15089340.091066245 -302832.07819597446 3516154.071364989 5290742.601246518 -184259.37611308746 13370122.16187693
15206649.718314718 -266202.31092221785 3522798.6209178297 5299863.3788459515 -132341.6863821395 13289047.970838033
15283762.860370839 -291080.65333410486 3531744.531599923 5312995.229426979 -151401.93979012658 13277761.804316249
15215254.865274956 -271859.89277462236 3526762.058199052 5303699.352834529 -146797.78251436705 13269966.689148985
15220241.358324524 -284087.4546320842 3538317.2572092665 5319054.077796879 -171580.72634798248 13317860.316616235
15179209.662102487 -213489.89455422544 3511885.983019229 5280656.164152403 -83735.30123046035 13172421.772794066
15124134.105227327 -152043.8371795265 3490799.457723604 5253431.681334585 -26346.42449391109 13146911.210707592
15208397.056650804 -214141.33866851716 3513671.0295965998 5284998.109806039 -96978.0093643218 13190802.245803932
15104291.018188026 -205219.39593962752 3510109.4623112185 5279475.427105529 -71649.52737294996 13262809.121803192
15168025.974880002 -153803.28223662954 3485947.64988895 5250976.667715024 7740.865721547382 13160658.834375715
15079091.987349816 -147726.22565011794 3459926.2451798283 5215851.352043336 16427.007304063867 13119557.382761203
15184650.65330379 -159389.84234620552 3498710.837599835 5270924.64044502 873.4131304626661 13262203.520691184
15134241.386424486 -182397.53151759188 3480315.290714682 5244371.198904532 -10696.111584704055 13186245.931814926
15239618.48247665 -133724.9702194553 3487504.9350242605 5263930.417013669 26539.937234159137 13313881.047420584
15147857.202245332 -113427.5165534689 3465485.2044045976 5232658.814022579 75598.02223364092 13264644.301642682
15268486.851875411 -148418.78079319187 3502724.8863686346 5284337.508944526 4621.228811480279 13358315.592075225
15169822.229585985 -166182.30895792786 3488979.9128464134 5266319.073019869 487.5027568889421 13399000.905301942
15239232.477616599 -150772.5999135675 3527793.248022851 5323968.392725767 42651.43075844756 13628683.717045398
15180619.813026566 -138343.9354981939 3516543.4867711547 5309865.605572197 53503.812925355756 13652735.316269893
15272533.552557394 -177631.73237641744 3522476.685994929 5320192.7495612735 2443.349119480988 13636834.135547973
15197211.914333686 -153769.35418375037 3511822.560135229 5300717.75867888 16822.441300127302 13557046.667841278
15312162.198446346 -196807.61804869413 3579661.605570392 5407846.795068672 -8218.430083183057 14092218.21927762
15167891.625519507 -238184.930886014 3564391.9867251995 5377128.029325109 -64258.636924332255 13958045.06526655
15238119.086680017 -234693.8975624219 3569488.99016658 5386550.7538693035 -71451.71259227766 13964138.025163036
15155905.981075644 -242059.13081669962 3556971.4813945815 5364798.488426187 -67845.07843471678 13886690.978776876
14333161.789362222 -742521.4992689242 3396584.7614002437 5162712.155602335 -624846.3051787894 14196216.143123662
14709447.403487083 -604260.9470837173 3452103.1650226684 5241925.634527963 -563580.2771876454 14182795.256030658
14411038.393194735 -681294.3940259479 3426369.239853804 5206446.212297936 -556850.1603315447 14337762.165356634
14907980.3913488 -553295.5723543292 3490970.6683766046 5305771.273078556 -489859.6601139896 14406089.939980792
14963484.516740436 -477857.4839017501 3437367.9672355694 5205608.686213218 -476624.8351392312 13526593.441361303
14981730.827227319 -430313.39178335207 3460487.1620611264 5238177.1778486995 -410282.9599640791 13651094.81522021
15048700.254706608 -408157.8920833398 3503094.0113295307 5300061.309259796 -354705.3560576433 13884457.301847037
15094880.580640247 -404026.27858547913 3505530.4595221463 5303315.773686255 -365617.2725479694 13849764.489830874
15008611.922078684 -361464.7178177547 3463105.346519901 5232380.762243856 -293235.54634819407 13450685.414104933
15000956.878286352 -361076.01782932685 3467332.0652972828 5239172.336965153 -283737.43976922834 13501184.176724212
15026428.280446555 -346363.6727433535 3470732.9635869046 5238340.206789939 -246878.8224358002 13384250.379249766
15076192.751350872 -322122.71349400637 3522255.259783606 5306156.357537254 -218263.74917803516 13557318.48263986
14994604.35351136 -319402.8258610538 3487516.405625148 5253420.24334242 -201272.8257571181 13348439.347962542
15022057.714844175 -293534.4197464989 3512365.8494534725 5284350.571281317 -170586.82342542338 13392904.804407457
15104521.667059146 -284667.73658622545 3552608.8089441126 5337461.3613512255 -156395.0170591834 13487311.513917131
15141686.102535857 -275370.93893542467 3557080.0911429366 5344743.652858358 -155616.8396441128 13497424.75900658
15100327.226175964 -240403.826656385 3509629.0775166485 5281795.74738931 -128564.62894587172 13323747.784709228
15101698.645560164 -236568.7746684855 3515897.964036101 5289465.404345753 -113780.91340747042 13337854.000507934
15153830.17504816 -234201.32797095162 3527950.0313995695 5309144.93699134 -136695.28754134153 13414167.659308981
15175872.063741643 -237034.90254789885 3524094.8058662326 5306749.343281031 -143470.53411326162 13429028.864631644
15132590.537856175 -213732.3806970157 3517614.477680895 5289682.986518167 -86416.20453168181 13273550.431632195
15119229.648365777 -179343.5372627739 3499020.829647099 5265113.122968844 -48570.320640907325 13204574.309041552
15142821.880501065 -210988.5382133055 3527464.9039475354 5310878.33009902 -78945.30105651895 13470516.59606593
15140847.594951833 -202368.88092531348 3524121.98120365 5301474.70968275 -47146.86907781107 13357962.774607565
15094042.141566884 -186637.42683012513 3485224.694147821 5246576.84742434 -38255.193847085226 13162551.319235513
15210891.775986118 -177319.40081529669 3497189.304707869 5268918.137360068 -15685.374210137157 13229305.990976602
15233847.615974875 -160597.31389441734 3507213.921237705 5283339.709521147 -2675.26159411859 13274240.091492893
15184263.676655341 -158523.89414933842 3506717.791662939 5280211.596772645 -3482.0035341663806 13272176.579458948
15198363.390655987 -161456.20442028606 3487893.4222607445 5261831.412634013 -10548.530284039696 13304609.348769328
15153742.694410928 -154375.12825991644 3489319.7139900858 5264319.931633393 10958.29594095367 13367621.970612232
15169959.648002818 -143240.28427299825 3493032.069094115 5266437.228921802 3326.3261549948065 13312079.180763813
15152126.809869353 -158494.05018535414 3483855.5762137496 5255625.674581387 -11037.389198122988 13315563.750953231
15195700.509555202 -163708.48331101832 3513877.329982928 5301615.150977968 6023.7258271541805 13531301.05117796
15219389.83694039 -174651.2678095483 3521799.248746789 5313705.828580678 -9734.156288953258 13575143.0395863
15182175.807439696 -152462.5043610652 3505505.235046069 5291014.160405328 18898.02056401695 13516992.00837885
15192491.477874003 -172071.43133845387 3511294.4037446138 5296248.922717634 -27170.72347346884 13484009.848764034
15302101.428460767 -219892.57958790043 3550319.617430054 5353431.9151348965 -92868.891166388 13659505.11882333
15280232.419500496 -225379.95342037943 3554838.789571034 5359483.966694921 -91097.91201130238 13702993.378078025
15245080.104804294 -216231.45068325015 3549954.0204847474 5347822.1702482 -94331.14314435079 13612374.635361964
15245536.885805408 -214072.59731930494 3550003.470804787 5347854.993082494 -92322.52545093969 13611486.40439713
14536862.539381493 -634267.7199612408 3442586.5199496346 5232525.680235665 -534967.6351329806 14376747.233908273
14930015.918433717 -542815.9914801683 3495282.302594961 5314286.44323589 -480650.75069875765 14459501.82987242
14564685.511984117 -560525.9115830453 3476059.091170307 5276196.389461189 -453328.36553235503 14485941.833509382
15110957.263405532 -458357.66154000757 3567373.6298178835 5410218.247768164 -393340.4798245137 14611187.3192434
15024593.065184169 -419302.3788832561 3503357.6744535244 5298091.29704261 -365611.2542566351 13863363.480790727
15104510.213819122 -384606.122621835 3511207.500270478 5311596.753790493 -317531.40391084924 13880859.576032808
15082039.692550804 -368539.6309000492 3523317.426319264 5333611.16758849 -274083.290544724 14077199.862690005
15115963.983420428 -358094.41223797185 3539453.42187534 5354712.55500512 -279962.06138825207 14110311.61056516
15003368.598104987 -354813.92143291066 3465954.460116165 5238099.85471949 -259884.85885112148 13507630.105872568
15066447.606368523 -328195.04914270964 3513585.490690554 5300612.5348471375 -213759.24267115194 13646922.045437135
15149043.617579373 -307580.74777085177 3542806.541644113 5339664.767791319 -202747.74655719966 13702507.603680346
15177449.796658535 -289317.4109538632 3551748.57759489 5354658.4238980925 -153282.50901972823 13777249.770927757
15097115.648780212 -278187.6910460331 3529856.639765479 5312071.073777831 -163251.81960674142 13487459.480470844
15098689.23930294 -270732.44452824176 3542027.8276553466 5329306.2715520635 -138559.58750707703 13562823.745706085
15175004.500533149 -288744.2039480193 3556177.751334051 5356162.943710992 -162949.5990496316 13712343.639227986
15190732.056712883 -272016.0833144152 3572553.468247618 5379946.470986037 -135456.9738670111 13812020.882810079
15116919.943865862 -234138.80321664797 3502322.0732833566 5277851.655514559 -102563.1076929394 13389027.314383442
15121408.865323698 -245326.48172441637 3514769.7591278874 5295845.1433477 -121672.14333497013 13470559.08148928
15199322.012866763 -239861.11765247016 3531770.615742817 5320622.8559544105 -126421.81103910996 13514181.363565003
15279394.085141396 -224120.25521903456 3559111.8908098573 5362354.5229902025 -95537.64920432714 13667234.586722061
15090760.581791399 -225338.18160704602 3522269.1164367856 5304461.993691247 -76223.37439768428 13508558.487131372
15150145.1009209 -207850.6472586576 3521865.836684421 5303058.797464042 -68960.38433745106 13429982.215992235
15237970.599270362 -208691.39782991045 3540050.88795545 5333792.431648819 -100849.66382818141 13556758.285843529
15236603.485528689 -213730.55977914663 3553076.6253682263 5348365.087870825 -81417.90374165836 13563012.314465528
15190518.895554155 -174294.6814640104 3516385.363175037 5299391.227180843 -23569.16876232204 13436827.441655027
15187412.08818439 -178083.57271840557 3511450.7251301236 5292176.071837018 -30626.318621070895 13404193.148206012
15194372.324757678 -172271.69183972856 3517761.705365983 5302772.705639773 -9788.408173959815 13470324.053383622
15169457.905716198 -159984.9042709659 3495824.0447076834 5272760.913911464 -10643.842477662263 13377631.141688123
15168671.293744676 -160477.36658221783 3495843.691799945 5272769.591098896 -11136.896811574177 13378159.078014381
15168695.61175862 -160751.4532686875 3495808.515904908 5272733.905908508 -11387.994367826153 13378194.931059154
15192192.121258765 -142964.2022770138 3509492.3000246906 5290532.194717207 8576.333521445244 13409620.936122015
15169465.753427513 -160787.51759990628 3495778.7282943185 5272726.348281656 -11370.439613898974 13377928.955365395
15267220.841163296 -166371.33165041765 3526025.929504471 5316056.720104714 -15797.168892708634 13481342.918972395
15221939.983678792 -202938.1289622758 3540931.2908948697 5332288.509064079 -61412.30012673411 13523341.611541983
15195165.45659461 -174204.29021848028 3520083.9358029435 5306501.361862052 -16966.02006582825 13493014.980749007
15239809.27739248 -187328.4676902577 3533230.009498076 5323893.70760822 -48088.656957816274 13507004.461282631
15239335.530638076 -205152.2687881956 3561040.045385316 5363274.84473969 -60997.82978067346 13683280.189354895
15258371.221555304 -189576.4204357853 3571724.2115470725 5377472.76377162 -52427.930966547545 13713151.218862534
15229903.635520332 -206715.20923110543 3553693.4416702283 5348673.595428338 -61321.63655889197 13562312.35295481
15266317.032970868 -201621.95931977246 3541643.425958068 5339038.558988864 -56665.73255673943 13598298.570917144
14697298.376226094 -530339.4250918342 3498980.935078949 5312011.416881987 -433287.7448365773 14565348.94764345
15097099.170713073 -414075.9188497456 3579344.520858833 5428382.234111915 -340769.2669316164 14724965.57306208
14945655.08869218 -482455.56663087226 3562846.7264065063 5401273.549189386 -397571.59162509633 14697187.534645842
15201691.421966113 -400830.8502485648 3635916.012363447 5502371.174600239 -344512.1136927253 14855579.33830864
15095293.445684869 -376010.9537220807 3526748.19021134 5339835.81446118 -287671.8212397234 14112962.223654065
15166515.779648814 -335172.64837661915 3595911.491148656 5430247.477098483 -225480.4025758837 14328380.72828227
15157655.30840133 -352055.55246675265 3587629.056830618 5420885.595463611 -221029.47589202144 14332217.031003002
15182395.41767256 -290757.50896867574 3626534.5877683 5471038.851596911 -120975.63465783 14454620.51146318
15116532.92436514 -290296.7009635045 3555888.919570633 5360288.100591042 -158695.63414106786 13859672.592394296
15154162.623043738 -283979.4648210754 3546218.4319620365 5349344.549779996 -146861.53969137277 13815922.678174544
15117444.206172623 -289420.8446978805 3574672.2571854205 5390852.173928991 -133466.20254492934 14056809.401028562
15204713.210399492 -249793.3443756904 3593972.6166503928 5422420.136431504 -59444.71709520609 14176291.779391939
15209373.366449462 -275055.8629563875 3565977.3962434325 5372535.5392892435 -143238.62031413006 13789834.494504917
15181986.095758826 -262131.1046656977 3567153.875106573 5374576.409972906 -129128.42786068581 13832156.663136907
15182973.629281852 -267708.01119694783 3562688.410117261 5368574.010099865 -138779.01047932717 13809361.37407923
15204346.950486803 -277118.08397872275 3573093.2501573716 5387761.332651606 -123692.92021283747 13942828.030330796
15138861.380091054 -243386.855914164 3531603.40797232 5320449.40665139 -107571.77837378462 13574851.56343479
15222520.216720447 -243776.85277954035 3547701.2397737782 5344550.60642851 -118894.91645473048 13619064.445753528
15148873.476750754 -237920.52840669404 3541910.16255746 5342261.2346459925 -84949.73745536819 13774327.436914774
15221613.782027075 -233155.9804715311 3542647.1595324734 5345184.049598949 -88187.1018623418 13743829.522389695
15211518.08690899 -236012.1290400532 3538724.003067936 5328482.340779855 -119907.16849118684 13506200.453712778
15232751.432268286 -214323.2665307757 3537970.660228287 5331458.279131354 -105279.84607208517 13561059.415232472
15203993.73565777 -241322.18108920203 3538878.1096767606 5335377.556416683 -107067.10380670315 13648238.757257668
15300344.815756366 -219054.3560703785 3550148.1507062963 5353107.536668636 -92129.72606122533 13658546.409600025
15228828.580720184 -203130.63816132152 3544264.4994509174 5340790.624536233 -68109.48614508128 13613164.66088012
15224685.152617432 -201407.59458454442 3540705.0677409135 5331943.811291396 -60026.76002786241 13518679.375423057
15232051.813077675 -205851.9676006732 3545371.0216918564 5339805.623858759 -76036.39602958613 13565897.943531968
15212860.676421672 -189110.38427526722 3529947.7708162973 5320992.244953396 -47842.145170816264 13548133.065054327
15242154.4992685 -187250.25490315547 3550566.5705916937 5344327.8388561085 -49951.12130047328 13531937.516919905
15219618.425995681 -201910.30561314488 3541005.3818243663 5332292.274461228 -60639.361803624495 13524108.462638965
15205471.847306997 -186163.8064714176 3524979.825653221 5312100.798665362 -37941.92438337134 13486987.752062686
15210069.669179376 -193455.691604991 3532007.7555857445 5321020.984767926 -49050.119275391706 13506179.202003688
15216558.533966346 -200193.40237395983 3541251.883307486 5336041.059146166 -58171.36428429107 13596721.018795727
15214053.658893242 -199791.96818896642 3541467.816207794 5332819.682771158 -58846.43075169679 13530047.838626038
15214907.998869989 -201897.696169952 3541204.186774271 5332447.654423436 -60885.54345275763 13527552.766030766
15263497.918943033 -181010.8219942079 3552293.298492613 5347787.3702942 -49030.94799877186 13541796.699796775
15142423.434143389 -209080.12766890993 3526006.55167103 5307849.818570816 -71263.0430335433 13442428.595722701
15142309.648117477 -202403.75136734598 3532930.8248662283 5322902.759475628 -47759.88038856357 13591267.205582868
15238754.180673936 -213415.4132248309 3521714.8548333687 5300514.29630828 -72418.06984468603 13293804.710181192
15147384.774369987 -206406.52984215485 3527279.413434394 5306667.728202458 -84649.26786668623 13385822.474308202
14981391.492451627 -440323.7775205007 3551239.9357764088 5392746.792932951 -339437.4073302506 14746265.35805644
15191179.4550604 -345003.9216896149 3647274.7898884974 5514278.734500484 -246124.6038134295 14854349.432664165
15026540.686540967 -362377.8752090299 3605551.133219097 5458182.324565377 -230349.5680797455 14814980.730098283
15275680.6380587 -298217.5054409684 3685886.35133055 5565531.803734725 -180636.31267463122 14945455.514857871
15147570.10187253 -334391.79898326215 3601297.3924258566 5439305.984078367 -215111.77779365497 14410006.626117563
15191110.858706892 -293025.303574263 3624835.7565248343 5467750.870663667 -118376.27878483658 14417519.675786553
15176226.840920508 -274217.35853648576 3625185.723325514 5467863.17426613 -122781.3768877602 14426950.513431225
15217581.706718642 -283686.9872849061 3636464.3403969435 5483609.688015052 -106369.14072282499 14452396.397467673
15136468.823302845 -301972.0410859177 3585569.6116695297 5404875.465133569 -154642.08890731036 14078508.785209669
15159159.169179486 -279483.0176337896 3605996.077846604 5431760.960619147 -124071.0295371662 14144146.114853535
15216258.24582627 -295394.34999622114 3630123.1611560406 5465930.626396047 -133736.212915487 14239644.546399336
15182450.067215737 -265517.08293619414 3633664.1148071047 5473006.985873772 -83414.33666508939 14337078.94965705
15217677.173474796 -263944.90739129874 3563424.6450505713 5373348.62089206 -134317.01087518042 13853952.829231093
15183189.879677396 -261731.34652285586 3575051.307439325 5387342.424372575 -111664.35332236391 13912529.656445216
15153554.897713907 -265475.185233904 3582321.297940768 5402452.011584525 -78281.355598579 14084416.566412035
15197712.95821068 -247891.3111042929 3596050.1844803896 5424298.355634687 -50064.40440053882 14175149.916059623
15154644.25115692 -239290.68436027697 3537309.0855256715 5337040.983277289 -91276.35775889235 13765375.312607892
15154718.155988751 -234379.6745684475 3547651.3597787246 5352571.487332424 -76311.32332072557 13848381.484113192
15159240.462843688 -212053.47549138416 3551974.6672190344 5358314.338713497 -48355.76960861203 13863603.420363905
15176254.458912088 -221288.3083390059 3559850.344087301 5370970.670981774 -41745.081259615945 13926451.206934875
15211309.146587769 -237609.5779835398 3539382.3110141293 5334447.9971115 -106843.11587317336 13611239.728244783
15224136.191984607 -247855.2640082914 3556786.9845499373 5357614.474133792 -121123.27467314462 13678839.438311512
15227918.54211793 -245927.60529341645 3552213.681583161 5351250.683504036 -111965.7079281942 13648393.92351811
15221628.422103228 -240864.0405538271 3550857.251999586 5351727.4138884125 -93711.80967034845 13694060.1338951
15197880.78759972 -242770.68698863676 3536118.647541677 5324972.221950332 -122989.0355738874 13506953.187311793
15232608.326312372 -204042.01500643024 3541542.5730179474 5337218.186380531 -80645.79923942672 13597818.5809499
15233238.054322114 -212068.83944791605 3533597.340227697 5325911.085914832 -99435.93822547211 13545841.953207856
15245569.587269606 -216187.4817699601 3549959.722906808 5347845.616522665 -94314.4858242224 13612228.638587454
15223515.428954734 -213569.12347839557 3537567.6434745793 5330345.551007583 -102288.76639462545 13556907.222218934
15233222.51719991 -211120.97799017237 3553432.387819461 5352263.995302212 -78069.18739617257 13636544.657180242
15226526.955235934 -203202.8996632202 3544500.123076698 5341112.619250425 -68294.61290087637 13616722.514424542
15223076.043718878 -203545.59849046564 3544768.821755645 5341465.460574023 -68612.50292395243 13621318.889766442
15147009.057843823 -209097.44134508198 3525708.2267124127 5311000.769501157 -70135.48084001207 13507425.14100095
15143976.149342448 -206849.08808728954 3528667.0960441646 5317033.627093982 -58111.34882988226 13566020.091374518
15193802.454823593 -187357.74295727786 3532312.1974607487 5317047.314608603 -54962.688720623904 13436275.273203732
15207951.981208185 -199870.21916705483 3541697.33647886 5333030.297185716 -59111.29623209198 13535312.3530299
15201389.960190594 -203077.53345647122 3530294.8083820357 5311369.40928899 -87042.18903208901 13359512.232969329
15205583.335234355 -206327.67045852263 3539029.9182143887 5325084.721775502 -87152.60700700268 13437452.68955055
15161055.523341518 -212876.54807555178 3505968.8163998267 5276370.215734402 -82103.9692512551 13235034.602760386
15177064.260578115 -197895.97277467232 3515968.098127011 5289226.649525847 -71163.61517603608 13256170.343571082
15176273.472792568 -294288.8567216968 3647361.4507326805 5518063.134838517 -193488.57260465407 14943037.251816532
15257132.92968625 -271702.76570222236 3696664.896508568 5583324.653954898 -139776.2448889139 15082732.343678005
15196708.314158067 -262725.5640280405 3680945.113116978 5560367.63115407 -121815.55035516963 15029851.808850441
15205789.409616688 -257250.99472705252 3679740.9610362835 5559089.7686216775 -131350.12492857606 15021704.77129528
15187913.433488527 -259381.86689871704 3626759.9127554614 5469127.16603228 -97022.16436825345 14405911.494553434
15217801.903938193 -263134.0708775616 3648514.37878241 5497669.83823304 -89964.48739996717 14468278.38138364
15221055.637865184 -256649.8529432021 3652176.376830898 5506380.922487303 -61857.14902195129 14558682.308969993
15212796.865575645 -240087.8404300186 3654078.526174571 5509591.765562138 -59029.46423052469 14589310.754976876
15177045.35132049 -278718.00786494877 3627189.51352595 5467640.19537546 -121110.9192634935 14377589.070098842
15203510.421602752 -282447.1373122048 3631491.5200944208 5470161.280242212 -101548.51073936187 14306901.582224939
15159100.895828556 -268900.82435134455 3627257.7724426556 5471089.122441407 -122645.11130267692 14463010.383792045
15185937.949439835 -274750.61139112595 3629437.207051445 5467174.897564054 -98653.75428278906 14309941.296284815
15146791.210101372 -269046.5611598367 3580156.6346391765 5398501.777113366 -88738.4104207616 14059798.153434249
15193274.621755112 -258226.5111988589 3582733.279196239 5406709.400021389 -74320.61120186314 14120781.058405172
15102329.799854008 -223109.27689675573 3553408.269592833 5366572.396691963 -35744.92222234131 14054135.99494788
15128160.371382548 -233317.3719742434 3573901.5201078253 5394514.146823576 -28402.082618565404 14136288.953505956
15132034.96265671 -228139.47143778685 3546751.427126816 5351373.352281491 -68466.6379458094 13866900.453538131
15138744.072059061 -224701.40707876332 3539960.6995967287 5343293.342920902 -64166.52487937566 13847987.194742018
15130931.640341861 -228087.9196421797 3542390.15360661 5345280.986870735 -61402.39262246337 13842104.511065885
15126623.129194442 -226523.48806635218 3545415.956220882 5351398.92009022 -50201.59514397194 13902204.054772187
15133320.894810747 -232675.8823482389 3528421.5411843644 5317343.175071567 -86542.54175653857 13588268.518321902
15227462.78454999 -242606.22489354244 3552416.903754125 5351513.759275785 -108789.4909958138 13649640.316572985
15148332.736582952 -240858.52782378785 3541498.603268874 5338698.126603997 -83630.63302451672 13712660.338584315
15226468.5607953 -237994.08977471272 3552151.346162421 5357142.990178678 -81747.42280191071 13769061.425575461
15202524.600731377 -239980.1817429811 3536310.2962851874 5327325.14024736 -117786.66173339645 13545151.485678142
15280011.111724872 -226528.43905469438 3558798.322325168 5359899.770284413 -100364.20721475188 13624421.009667426
15204375.757294022 -240229.4655061259 3538942.148923343 5335462.017697975 -106077.22712018872 13648137.117326306
15308123.024016192 -218840.03326452806 3555783.823033011 5359865.251265392 -92289.83089118342 13661937.699343197
15253889.055584066 -225043.13139048096 3540365.2490818766 5332919.341005352 -118410.12453967339 13516462.058320543
15250692.298686843 -222656.6079858999 3544138.919763557 5340846.761052459 -102943.97795598308 13595186.490191838
15246728.697907872 -199271.70114367653 3547144.2323288424 5342474.061176001 -91761.02719039966 13565579.19003843
15255837.054786483 -196119.0183675276 3563867.557485117 5366347.264022649 -63683.78784196659 13666021.77060494
15143422.94840033 -211797.28704945694 3522803.0237502237 5307567.358828991 -87289.8544385289 13506257.471895972
15161146.170508852 -192612.49745774898 3535988.7240183423 5323909.775008283 -57702.66320994023 13525297.210002108
15145497.98716904 -210560.7289144022 3526617.359303527 5309109.095930977 -75353.67686899396 13451101.7843436
15189399.202792779 -207578.0733304027 3524752.0761095663 5310985.2633023495 -53324.54636648397 13485760.1877637
15173897.90236443 -216864.6292215732 3515861.003044246 5286668.465699049 -98762.7947104419 13210529.125344422
15276563.869497059 -235348.58909565327 3527749.697743187 5305379.785006631 -107634.05292532391 13220538.258150827
15126559.422107825 -194339.1482528775 3515677.7765640887 5285997.0541941915 -70543.4889427286 13248470.355801037
15275899.543377081 -206928.5490354847 3526137.8607049887 5306706.675183961 -64557.15670227032 13283200.788545506
eps 640
0.0019392006374883179 0.0010533989198958987 0.0010533989198958987 -0.016899706782723456
0.007218455651654153 0.0009189096864011994 0.0009189096864011994 -0.016898815531211645
0.001938904976612647 0.0040637914544958305 0.0040637914544958305 -0.01720784351027233
0.007217355502629128 0.003921477149132764 0.003921477149132764 -0.017204517540981335
0.012437267633396943 0.0017782432287951574 0.0017782432287951574 -0.026980471491491027
0.021381148451909426 0.0020656553214257124 0.0020656553214257124 -0.026981420799066874
0.012434552992355503 0.006957679957902653 0.006957679957902653 -0.02630195469595493
0.021375173584704785 0.007222306216805109 0.007222306216805109 -0.02630549518903026
0.02743337916312848 0.002469665561657474 0.002469665561657474 -0.041057997164076855
0.03504002440086443 0.0039512336896298595 0.0039512336896298595 -0.041063834709957815
0.027421437089369616 0.006918622836429953 0.006918622836429953 -0.03756395941633161
0.03501797254181147 0.008381233787968984 0.008381233787968984 -0.03758565621592666
0.03939988030198803 0.004481555144654513 0.004481555144654513 -0.04995946820510637
0.043722822164443786 0.00630830482719488 0.00630830482719488 -0.049963845332758536
0.039380332985864464 0.007013503499315359 0.007013503499315359 -0.045633674747566376
0.043696947991117355 0.008831583041585022 0.008831583041585022 -0.04564992882870815
0.045843113926764885 0.006943181342785452 0.006943181342785452 -0.05544407460277455
0.04730559055559569 0.008493975622929563 0.008493975622929563 -0.05544514700984133
0.04583284651748988 0.007784560743453433 0.007784560743453433 -0.05176470867407926
0.04729427114149356 0.009332769143353221 0.009332769143353221 -0.051768695584426
0.04731087508344385 0.008744243378267824 0.008744243378267824 -0.05610080207795114
0.045829888189384875 0.009639811685125402 0.009639811685125402 -0.05610035396154695
0.04733198578792777 0.007840951894700118 0.007840951894700118 -0.053994861539169936
0.04585286952085252 0.008735367366986652 0.008735367366986652 -0.05399319280983857
0.04368501138251131 0.009348475578014239 0.009348475578014239 -0.052241432301411345
0.03926585614100289 0.009447421564232188 0.009447421564232188 -0.05224072467425421
0.043738427012000765 0.00673174810483082 0.00673174810483082 -0.05202584341800842
0.0393187175231076 0.006825733768780353 0.006825733768780353 -0.052023199519611936
0.03430641942391243 0.007829991124022235 0.007829991124022235 -0.043522597947431796
0.025070001448846125 0.006195510404873749 0.006195510404873749 -0.043528090770406924
0.03441470353527789 0.0024309904344235996 0.0024309904344235996 -0.047331869725167175
0.02516018895964868 0.0007692347801021926 0.0007692347801021926 -0.047352467009869934
0.017597183969149544 0.003790526180794967 0.003790526180794967 -0.02780198022557128
0.006368901280216494 2.698189739281711e-05 2.698189739281711e-05 -0.02781725591664976
0.01768346625158132 -0.0026805202462407422 -0.0026805202462407422 -0.03646839046851534
0.006401737226796338 -0.00649607349016542 -0.00649607349016542 -0.036526052681130725
0.0017540295979127957 0.0005360273446289175 0.0005360273446289175 -0.020768849024974553
0.000470253786605009 -5.1369515949582567e-05 -5.1369515949582567e-05 -0.020769349285312315
0.0017545372436172419 -0.0001917745012229011 -0.0001917745012229011 -0.022110590986730797
0.00047038992457388543 -0.0007799335018593531 -0.0007799335018593531 -0.022112460857481316
0.0023138437365492846 0.006709664402074295 0.006709664402074295 -0.01691374985971417
0.008608721750593285 0.007181168510935429 0.007181168510935429 -0.016916387352062846
0.0023116212576467076 0.010301036320895853 0.010301036320895853 -0.015796304516633913
0.00860048545750695 0.010761218455183607 0.010761218455183607 -0.01579982771052046
0.012363476375880532 0.011221913084296367 0.011221913084296367 -0.02482061722601087
0.016375664207900632 0.012697685269021972 0.012697685269021972 -0.024843342323366543
0.012354108286309184 0.013520017015431814 0.013520017015431814 -0.02140449276718095
0.016359025053851513 0.014988909268540983 0.014988909268540983 -0.021433379400784415
0.019199899468563205 0.01325251346304935 0.01325251346304935 -0.0334134367292177
0.022883234828846313 0.016666602976137673 0.016666602976137673 -0.03347563660124696
0.019175043333470886 0.015362962767294637 0.015362962767294637 -0.02546769937792634
0.022843415627527574 0.01876037214839696 0.01876037214839696 -0.02554295396769794
0.025625561332481107 0.016279603552789304 0.016279603552789304 -0.040309204943795855
0.02926200474605458 0.020706841029961263 0.020706841029961263 -0.040361857580451625
0.0255784643202457 0.01833887373894478 0.01833887373894478 -0.029976191083505098
0.029195919885064238 0.022740576021660804 0.022740576021660804 -0.030045638518785934
0.03196195534479259 0.021103259997140196 0.021103259997140196 -0.04648588556054064
0.03543313622296366 0.025701487587668683 0.025701487587668683 -0.04651178535364419
0.031886838509814545 0.023033744491944612 0.023033744491944612 -0.03570663482757713
0.035339046259126324 0.027605155720043715 0.027605155720043715 -0.03574950252379402
0.03770711898817556 0.025336186054058983 0.025336186054058983 -0.05030768314717559
0.03994361231718112 0.028683369381173066 0.028683369381173066 -0.05030425140190593
0.03764255628362441 0.026553603210520436 0.026553603210520436 -0.0424535320688105
0.03987047551557452 0.029887446214799177 0.029887446214799177 -0.04245860981817494
0.0415032419678749 0.027117097493187425 0.027117097493187425 -0.05095160211616315
0.043064205881891 0.02808409675179428 0.02808409675179428 -0.050947098673164555
0.04146441069262498 0.028010187734549587 0.028010187734549587 -0.04872013642047349
0.043023956137283687 0.028975957593496623 0.028975957593496623 -0.04871703419735382
0.043730171585348705 0.022383467537777816 0.022383467537777816 -0.05001763307570235
0.04303080328636797 0.02043617897944692 0.02043617897944692 -0.050055003307210154
0.04381649420397306 0.02200096438963456 0.02200096438963456 -0.05463488487057082
0.04311254925530885 0.020049746667051158 0.020049746667051158 -0.054670880855372264
0.04184277801108424 0.015137361146675516 0.015137361146675516 -0.04457104396747335
0.039008808309182824 0.00892688584093061 0.00892688584093061 -0.04472082055202852
0.04191563825897729 0.013671706069255302 0.013671706069255302 -0.0593253819856205
0.03906604377914376 0.00741578560872422 0.00741578560872422 -0.05950339458517153
0.029844056850699033 0.00867001607086667 0.00867001607086667 -0.03140386714732462
0.008083230363434543 -0.0019557938760108957 -0.0019557938760108957 -0.03154461726749135
0.030208706997914815 -0.0038548380844936466 -0.0038548380844936466 -0.05601091825522797
0.00818377707561883 -0.014747984126937617 -0.014747984126937617 -0.056422629273900675
0.0016998761548757337 0.013066616437578183 0.013066616437578183 -0.013891543082522663
0.006329753524844117 0.014846265992247332 0.014846265992247332 -0.013935967036541787
0.0016959700248815872 0.01569591455016015 0.01569591455016015 -0.009777849527177026
0.006315261127176867 0.017466127903284483 0.017466127903284483 -0.009830130309728883
0.00839750716115173 0.017341638892710634 0.017341638892710634 -0.017946941663638305
0.009470492918540761 0.02006983880136033 0.02006983880136033 -0.018006026567377445
0.008395062938317852 0.017937618397600805 0.017937618397600805 -0.01173028276188544
0.009466249494627535 0.02065726110993029 0.02065726110993029 -0.011793782326260063
0.009770941506799446 0.020598669911787323 0.020598669911787323 -0.019677358714031968
0.009445413533335296 0.02416977868343375 0.02416977868343375 -0.019738117772930695
0.009783364164588648 0.0203752196181494 0.0203752196181494 -0.011559696466819076
0.00946276719917407 0.023932127109085412 0.023932127109085412 -0.011622294077420053
0.009647351289990858 0.024159726866903725 0.024159726866903725 -0.0221304590414558
0.010214191735152018 0.029081518477456297 0.029081518477456297 -0.022198581570689786
0.009642140791208008 0.02439486541442177 0.02439486541442177 -0.010910165303764987
0.0102074647288846 0.029289713298239057 0.029289713298239057 -0.010982201862055632
0.010962106637579808 0.030428884995347752 0.030428884995347752 -0.026057110722058414
0.012001472853451775 0.03725054872759959 0.03725054872759959 -0.026123710702083146
0.01094382888783104 0.030822586910203533 0.030822586910203533 -0.010481924796442834
0.011978659566589875 0.03759261581046171 0.03759261581046171 -0.01055858054707567
0.013562800258420325 0.03921919418640368 0.03921919418640368 -0.0316474969827685
0.01582641248253378 0.04859786837752078 0.04859786837752078 -0.0316843776727675
0.013466453673322474 0.04009243363745527 0.04009243363745527 -0.010187125814014163
0.015707745853377898 0.04937312496930012 0.04937312496930012 -0.010247759259759312
0.017773983448420308 0.05284648663472912 0.05284648663472912 -0.037351137118688225
0.01963563331643459 0.06509516642039964 0.06509516642039964 -0.0373148447249156
0.017698832673832272 0.05311769265363919 0.05311769265363919 -0.00927463731760122
0.01954472090856503 0.06520083553067439 0.06520083553067439 -0.009274146282964761
0.023039576314531636 0.0685129212533766 0.0685129212533766 -0.042762700191526844
0.02740377792886701 0.08351259975877245 0.08351259975877245 -0.0425623729458481
0.022595802511905617 0.06974845901981998 0.06974845901981998 -0.008347368868798081
0.026877273345742962 0.08449826901109216 0.08449826901109216 -0.00821376661786723
0.030849246194685487 0.09149643492155733 0.09149643492155733 -0.047942028280688206
0.03471109202612829 0.10860061045876712 0.10860061045876712 -0.04754674321431529
0.03036538766214598 0.09186482008913399 0.09186482008913399 -0.008648162672842269
0.0341453151267401 0.10864874503483324 0.10864874503483324 -0.008330720535496487
0.039836436852112564 0.11187012130148873 0.11187012130148873 -0.04589371756095909
0.045349811196213424 0.12790422727269624 0.12790422727269624 -0.045328806630699575
0.03849049404751051 0.1132612291430669 0.1132612291430669 -0.009386012983829411
0.04382569568131509 0.1290118800627773 0.1290118800627773 -0.008850295409147243
0.0005429635349569893 0.016558925929106783 0.016558925929106783 -0.007697987669196396
0.002024930834592741 0.017226823101018172 0.017226823101018172 -0.0077160826030568804
0.0005424555708328951 0.017397203175812018 0.017397203175812018 -0.006157209443236801
0.0020230383653518035 0.018064010501642396 0.018064010501642396 -0.0061761417265837225
0.002184553359372696 0.015434260351881744 0.015434260351881744 -0.00848351469400329
0.001123253701714789 0.016542915725013527 0.016542915725013527 -0.008508144815659952
0.0021870016004979444 0.014831903418002768 0.014831903418002768 -0.005995569166079907
0.0011274111436083202 0.015938888323957463 0.015938888323957463 -0.006019248017248243
0.00017060995171082246 0.014440295580457488 0.014440295580457488 -0.007409598100661146
-0.001431348301865758 0.01575833399781374 0.01575833399781374 -0.007432478783626358
0.00017907265444760457 0.013530829899823765 0.013530829899823765 -0.0044571284725989
-0.0014197547010865717 0.01484622863476485 0.01484622863476485 -0.0044784129976476
-0.00252184706552873 0.014307691213681747 0.014307691213681747 -0.005577870728285618
-0.00398509648868384 0.015648946176886405 0.015648946176886405 -0.005595522010465874
-0.0025094646644736843 0.0134753630455117 0.0134753630455117 -0.0025709126079518064
-0.003969817638516189 0.014814044743930744 0.014814044743930744 -0.002587091188109284
-0.004948398371825513 0.014017021200767529 0.014017021200767529 -0.003523113805101869
-0.006256012397061923 0.015379930777559277 0.015379930777559277 -0.0035359245236696183
-0.004933857545190596 0.01327055076374276 0.01327055076374276 -0.000465856739699377
-0.006238980658546571 0.01463096374282987 0.01463096374282987 -0.0004772232210493399
-0.007108479364116468 0.013223739494477265 0.013223739494477265 -0.0011639152213260816
-0.008346097852882364 0.014537324744012637 0.014537324744012637 -0.0011703681404121899
-0.00709135250488895 0.012516179530955665 0.012516179530955665 0.0017838505887733023
-0.008326591789160048 0.013827499121965977 0.013827499121965977 0.0017785716428263868
-0.008961380499908753 0.01126928179105457 0.01126928179105457 0.0016407537187181486
-0.009767503306498016 0.012210313370715835 0.012210313370715835 0.0016394470657469106
-0.008953088737837105 0.010808784254630156 0.010808784254630156 0.0037582778157841563
-0.009758221239981458 0.011748771813186846 0.011748771813186846 0.003757548152549712
-0.009787783766110102 0.008107831505341544 0.008107831505341544 0.0037573682172030386
-0.009470521924500066 0.00846935573375927 0.00846935573375927 0.003750980285826916
-0.00980778981113868 0.008286303722185806 0.008286303722185806 0.004572660221426815
-0.009491402144635964 0.008647826650846577 0.008647826650846577 0.004566705987051959
-0.008717744760629963 0.004387780336214708 0.004387780336214708 0.0036789065036084132
-0.0073293494743921625 0.004485732890198898 0.004485732890198898 0.0036700578320434897
-0.008770648315026917 0.005165342933522984 0.005165342933522984 0.0038764412235923747
-0.007383525401331832 0.005263073838007282 0.005263073838007282 0.003868254647991492
-0.004348692226913059 -0.001688782352510649 -0.001688782352510649 -0.0008573615452259634
0.001976827237151647 -0.0010542834668499043 -0.0010542834668499043 -0.000790175831710043
-0.004469898489604083 0.0018323701815090394 0.0018323701815090394 0.00045087887081277436
0.001862319726038143 0.0024561416021594232 0.0024561416021594232 0.0005041459789302392
6.197767412490964e-05 0.0177528874200626 0.0177528874200626 -0.005008183637667221
0.00023131329334211983 0.018458493085528483 0.018458493085528483 -0.0050286931655076006
6.186359156675977e-05 0.017848328301406476 0.017848328301406476 -0.003408622128643986
0.00023088750057156877 0.018553386542438294 0.018553386542438294 -0.003429045260016484
-0.00037736106697890066 0.014178356544858649 0.014178356544858649 -0.004430285188361888
-0.0022481748816193473 0.014984112755287392 0.014984112755287392 -0.004445636039574793
-0.00037325707202957875 0.01312315581278546 0.01312315581278546 -0.00264358970269184
-0.002241850847795674 0.013927226225421124 0.013927226225421124 -0.0026578310591454405
-0.0034237754959712116 0.012275752302455117 0.012275752302455117 -0.002677561760433342
-0.004821331119857783 0.013119029936186632 0.013119029936186632 -0.0026903058899209993
-0.0034179846640764754 0.011487582451636445 0.011487582451636445 -0.000796664632347722
-0.004813885289229373 0.012329538096725559 0.012329538096725559 -0.0008084496319135123
-0.005756982972962521 0.01145342867970462 0.01145342867970462 -0.000776262863906238
-0.006976695656293157 0.012280330758994039 0.012280330758994039 -0.0007857809694307009
-0.00574977830116917 0.01076523429802567 0.01076523429802567 0.001070899734597469
-0.006968107509133589 0.011590975777303617 0.011590975777303617 0.0010622335348365569
-0.007798296677336967 0.010377559412411074 0.010377559412411074 0.0012783958563953029
-0.008915422781307355 0.01111777703308971 0.01111777703308971 0.0012730389903315709
-0.007790008383983509 0.009747448136372088 0.009747448136372088 0.002933377992465852
-0.0089059724913716 0.010486724470123585 0.010486724470123585 0.0029286905664805663
-0.009550098881091791 0.008597662321978837 0.008597662321978837 0.003345536931360984
-0.010307270118873113 0.00917054284417361 0.00917054284417361 0.003344030754072996
-0.0095446019526398 0.008169934774180803 0.008169934774180803 0.004629716376879998
-0.01030118029258032 0.00874231011188282 0.00874231011188282 0.004628563169418768
-0.010499653137043907 0.005919450238462432 0.005919450238462432 0.004807840561645789
-0.010461381657572967 0.0062620515564555425 0.0062620515564555425 0.004807703957971918
-0.010504532867844215 0.005936758701142335 0.005936758701142335 0.0055778218388972435
-0.010466446872298602 0.006279260866612708 0.006279260866612708 0.005577813520747491
-0.010052334885788038 0.0029165416568155017 0.0029165416568155017 0.0049650884494712826
-0.009158681865763778 0.0030805516304074983 0.0030805516304074983 0.004964637153906266
-0.010068596972005076 0.0034122475578710313 0.0034122475578710313 0.0053265106165614595
-0.009175407231181404 0.003576041921858967 0.003576041921858967 0.005326180697758007
-0.007990153087237039 -5.6019976619396634e-05 -5.6019976619396634e-05 0.003818969701945708
-0.0058178305136598295 -0.00011792189510037213 -0.00011792189510037213 0.0038183532512921104
-0.008015339358089124 0.001160035162729763 0.001160035162729763 0.0036588979872802024
-0.005842629901112073 0.00109685069583187 0.00109685069583187 0.0036583163878392976
-0.0033212059922399753 -0.00236095089947243 -0.00236095089947243 0.0007440457056676741
0.00126113627703118 -0.0024157094764585387 -0.0024157094764585387 0.0007379542584150908
-0.003365951274321792 0.00022006308339495787 0.00022006308339495787 0.0005669709922290631
0.0012159025745746648 0.0001595067997992205 0.0001595067997992205 0.0005623832726917853
-0.0004174829777819959 0.017568382151029082 0.017568382151029082 -0.00242455806463085
-0.0015589396926473013 0.018056638907878876 0.018056638907878876 -0.0024356272254436703
-0.00041721690367093874 0.016925558785482114 0.016925558785482114 -0.0013438235391156897
-0.0015579452872695868 0.017413194847357434 0.017413194847357434 -0.001354390386133765
-0.00258523084921322 0.011928925081574953 0.011928925081574953 -0.0014965692402702227
-0.004288594061533265 0.012525182806628682 0.012525182806628682 -0.0015074612103437013
-0.0025824756201266166 0.010971152164347887 0.010971152164347887 -0.00017866404818342677
-0.004284476607078123 0.011566218646565965 0.011566218646565965 -0.00018868887080821843
-0.005337868926096412 0.010100004125702075 0.010100004125702075 0.00034166657147394804
-0.006535423901697577 0.01063808175473291 0.01063808175473291 0.0003346233500610535
-0.005334474845229347 0.009427172203831534 0.009427172203831534 0.001538332829730376
-0.006531148975253345 0.009964537972659265 0.009964537972659265 0.0015318323474775646
-0.007353044807542849 0.00889352829401297 0.00889352829401297 0.002140325277591338
-0.00842781965490754 0.009358018531756211 0.009358018531756211 0.0021363563995076855
-0.007348761284377649 0.008290315665194347 0.008290315665194347 0.0031750103454271637
-0.008422810279648581 0.008754252910270927 0.008754252910270927 0.003171418009940764
-0.009088469567930434 0.007337407938387604 0.007337407938387604 0.0038745355952932714
-0.009875735028438885 0.007730284212674922 0.007730284212674922 0.0038726188950792043
-0.009084793203423872 0.006895511631151689 0.006895511631151689 0.004752384914900136
-0.00987161088469788 0.007288050001503656 0.007288050001503656 0.004750703251330084
-0.010253605103490254 0.005345456761036478 0.005345456761036478 0.005325140162565206
-0.010575736637854894 0.005611358306182101 0.005611358306182101 0.005324846754392527
-0.010252757897155403 0.005163400236843592 0.005163400236843592 0.0059219726111833584
-0.010574783245484484 0.0054292023188941465 0.0054292023188941465 0.005921757078775209
-0.010531116774422469 0.002916721323364716 0.002916721323364716 0.0059582980812528325
-0.0101782031455799 0.0030453179487336733 0.0030453179487336733 0.005958338766873185
-0.010535397231869026 0.0031112952435494185 0.0031112952435494185 0.006246514570794764
-0.010182607597096728 0.0032398496895370385 0.0032398496895370385 0.006246574426242711
-0.009590390597461841 0.0003917091908243404 0.0003917091908243404 0.005456447664211685
-0.00842139841027879 0.00042183797581287163 0.00042183797581287163 0.005456714753066409
-0.009599687501578125 0.0010434992201679098 0.0010434992201679098 0.005517030340251699
-0.008430699550355655 0.0010732599219412426 0.0010732599219412426 0.005517246004245627
-0.007144587588989957 -0.0015537784379280307 -0.0015537784379280307 0.0035086665946489604
-0.004876068263652876 -0.0016079125293617111 -0.0016079125293617111 0.003507993464948935
-0.007159563706386603 -0.000282631175620524 -0.000282631175620524 0.0033706882554314205
-0.004890815546314989 -0.00033818029253857983 -0.00033818029253857983 0.003370127869805899
-0.0029423834146363433 -0.0017703846741557736 -0.0017703846741557736 0.0005287410808640167
8.186934445307195e-05 -0.0016702901990340868 -0.0016702901990340868 0.0005308385601729771
-0.0029600980554122676 -7.050014669026987e-05 -7.050014669026987e-05 0.0007310640048259488
6.415723354442421e-05 2.706664252582523e-05 2.706664252582523e-05 0.0007326108871500457
-0.0007006080814986917 0.016250846489660714 0.016250846489660714 -0.0006594399267685341
-0.002617172730646324 0.01661524986973022 0.01661524986973022 -0.0006682773763887344
-0.000700294378607902 0.015173106170336072 0.015173106170336072 0.00012864480252476834
-0.00261599926987033 0.01553635004591278 0.01553635004591278 0.00012044765110773829
-0.0038553736951913533 0.01000744526250947 0.01000744526250947 0.0005869294384641009
-0.005348643902540773 0.010355553039750297 0.010355553039750297 0.0005820887103875519
-0.0038538115570621923 0.00916953490285305 0.00916953490285305 0.0013517923724743629
-0.005346335848056227 0.009516897323510869 0.009516897323510869 0.0013473374944171779
-0.006293888105168477 0.008223689987486031 0.008223689987486031 0.002228079374994101
-0.007400903644402882 0.008523727602748738 0.008523727602748738 0.00222541799743657
-0.006291865434082995 0.007603265903909226 0.007603265903909226 0.0028925737291003225
-0.007398372138831984 0.007902868582851606 0.007902868582851606 0.0028901318550847367
-0.00810000204266183 0.006772793020677249 0.006772793020677249 0.003777225062070997
-0.008925415467111996 0.007034368769558857 0.007034368769558857 0.0037755780266775243
-0.008097927043553122 0.00631052080474197 0.00631052080474197 0.00435928069872622
-0.008923012011360813 0.006571835998603819 0.006571835998603819 0.004357781809842615
-0.00941270582515605 0.0051376164792083165 0.0051376164792083165 0.005217145267336265
-0.00994953265815102 0.0053023637255579245 0.0053023637255579245 0.005216867139470841
-0.009411220650138821 0.004836881142456823 0.004836881142456823 0.005585929251941415
-0.009947891581509426 0.0050015215032142 0.0050015215032142 0.0055856893754727245
-0.010162532837087438 0.0032078158647294067 0.0032078158647294067 0.006193418676155057
-0.010245355228961929 0.0032674503979626904 0.0032674503979626904 0.006193563035756137
-0.01016270431071129 0.0031604947812542646 0.0031604947812542646 0.006328927037849117
-0.010245505731910024 0.003220127555073927 0.003220127555073927 0.006329057559695103
-0.010082837384066163 0.0010838571260132902 0.0010838571260132902 0.006352089011340142
-0.009596798309982758 0.0010906210355111495 0.0010906210355111495 0.00635204456931562
-0.010085167474711122 0.0013543748056847823 0.0013543748056847823 0.0063668091627867435
-0.00959913868410331 0.0013610776453135672 0.0013610776453135672 0.006366769500024216
-0.008960837006889825 -0.0008598003175854796 -0.0008598003175854796 0.0054904451741915996
-0.007744802502059764 -0.0008989032163980008 -0.0008989032163980008 0.005490355583809476
-0.00896575732988725 -0.00018023953762022886 -0.00018023953762022886 0.005397702867696267
-0.007749608399888402 -0.00021974669919915804 -0.00021974669919915804 0.005397616658790979
-0.006586911347118299 -0.001890441714128055 -0.001890441714128055 0.0032895260913783464
-0.004654138517565884 -0.0018965972016140688 -0.0018965972016140688 0.0032897937986770733
-0.006593964206216178 -0.0008074611865845988 -0.0008074611865845988 0.0032653716036858006
-0.004661046116263925 -0.0008146414474083031 -0.0008146414474083031 0.0032655537912189424
-0.003164282583282163 -0.0014104598901006553 -0.0014104598901006553 0.0008597155592606644
-0.0010149084301298715 -0.0013134945885052603 -0.0013134945885052603 0.00086064427742935
-0.003171579034683287 -0.0002028723615077772 -0.0002028723615077772 0.0010673390738590932
-0.00102236153417654 -0.00010719012541623229 -0.00010719012541623229 0.0010680020135774755
-0.0008733895828678448 0.014221061077521437 0.014221061077521437 0.0005546252889037792
-0.003263365775156627 0.014402308285426128 0.014402308285426128 0.0005519138262567704
-0.0008731643359619408 0.012878350576957017 0.012878350576957017 0.000925518358240405
-0.00326252291715142 0.013057986229278904 0.013057986229278904 0.0009230692810689758
-0.004599804384657999 0.00822851477623054 0.00822851477623054 0.0017909328651699806
-0.005872533405214405 0.00841994828524677 0.00841994828524677 0.0017892161286048008
-0.004599085345751734 0.007514940877207039 0.007514940877207039 0.002209144316830478
-0.005871430333169021 0.007705889892619815 0.007705889892619815 0.0022075707607820106
-0.006677702684491013 0.006543356124420939 0.006543356124420939 0.0032625748408016872
-0.00761325757239103 0.006691112381938774 0.006691112381938774 0.003261747846951119
-0.006676710029265834 0.0060195400131904985 0.0060195400131904985 0.003587935963810191
-0.007612031218507314 0.006167032901320246 0.006167032901320246 0.0035871772534651286
-0.008192340247469333 0.005099241492126553 0.005099241492126553 0.00465940364973592
-0.008849651832100675 0.005197098241150367 0.005197098241150367 0.004659319680774184
-0.008191406399155969 0.004731360715265374 0.004731360715265374 0.004876692053923537
-0.00884858563370787 0.004829089572820271 0.004829089572820271 0.004876617197966256
-0.009215246865014872 0.00347247329732535 0.00347247329732535 0.0057465135844764394
-0.009571281958353267 0.0034961993932602397 0.0034961993932602397 0.005746893568815276
-0.0092146846931196 0.0032730195124934915 0.0032730195124934915 0.00580050517533092
-0.009570666048924188 0.003296711964728854 0.003296711964728854 0.005800849355853538
-0.00968336999204451 0.0017441059389907872 0.0017441059389907872 0.006356433771301961
-0.009649726884416197 0.0017142523969341022 0.0017142523969341022 0.0063565819051965644
-0.009683504750283184 0.0017624538442187249 0.0017624538442187249 0.006290848569603914
-0.009649853376562427 0.0017326005961394763 0.0017326005961394763 0.006290989628307979
-0.009440123835628639 3.7964966416961814e-06 3.7964966416961814e-06 0.006310366265014054
-0.008917159122299154 -6.788007989129088e-05 -6.788007989129088e-05 0.00631021333501688
-0.009441196207881166 0.000295866260992126 0.000295866260992126 0.006149713948245355
-0.008918191234350531 0.0002241105361665298 0.0002241105361665298 0.0061496038731859255
-0.008317464548495471 -0.0013837428888228062 -0.0013837428888228062 0.005291653094949402
-0.007213486946318392 -0.0014610743878271091 -0.0014610743878271091 0.005291354256964135
-0.0083194970612162 -0.0007663159636815848 -0.0007663159636815848 0.005115490703644045
-0.007215394451888946 -0.0008439868885525312 -0.0008439868885525312 0.005115260228717982
-0.006254709605630391 -0.0018270619460066617 -0.0018270619460066617 0.003250426013236484
-0.00474213025311152 -0.0018196387990608875 -0.0018196387990608875 0.003250569148653438
-0.006257182940585067 -0.0009795330439971081 -0.0009795330439971081 0.003261863251993548
-0.004744558095174814 -0.0009727378010279908 -0.0009727378010279908 0.003261948406074342
-0.0036308944183063015 -0.0011436118991776266 -0.0011436118991776266 0.0012344683627708724
-0.002102161124824049 -0.0010197717193089612 -0.0010197717193089612 0.0012351672432642383
-0.0036333332513658048 -0.0002853385942887112 -0.0002853385942887112 0.0015083120784466198
-0.0021047512805487285 -0.0001621581666280947 -0.0001621581666280947 0.0015087547054886438
-0.0009170612710287285 0.011821952805152908 0.011821952805152908 0.0010866733266937253
-0.0034267409322118318 0.011865892124487848 0.011865892124487848 0.0010877222596666356
-0.0009169526337665397 0.01041252269987978 0.01041252269987978 0.0011527115422396894
-0.003426334581649636 0.0104547221874068 0.0104547221874068 0.0011536309626097383
-0.004760523449543855 0.006738014823664753 0.006738014823664753 0.002409723658908593
-0.005896517295519769 0.006794469878223644 0.006794469878223644 0.0024099682158048256
-0.004760245635314698 0.006101236285294797 0.006101236285294797 0.002528209268140895
-0.005896083194116787 0.0061573334419964595 0.0061573334419964595 0.0025284318155963676
-0.006597354738147957 0.005161009832137663 0.005161009832137663 0.0037402329392829553
-0.00737912803983489 0.005196614417077198 0.005196614417077198 0.0037406091447981815
-0.006596975341335327 0.004723266385404702 0.004723266385404702 0.0038165003653283795
-0.0073786552981732175 0.004758702356620793 0.004758702356620793 0.0038168434079957018
-0.00787256948960957 0.0037813967364260436 0.0037813967364260436 0.004951699598842488
-0.008443033830704301 0.0037700066599280204 0.0037700066599280204 0.00495235793716593
-0.007872171185299426 0.003462176312545672 0.003462176312545672 0.004925258946872163
-0.008442588666043874 0.0034506975786490987 0.0034506975786490987 0.0049258558817320405
-0.008741380541330387 0.002274111302048621 0.002274111302048621 0.0057810844510738715
-0.008991262721336197 0.002221526306574243 0.002221526306574243 0.0057815601406632925
-0.00874115685302075 0.002134150051977343 0.002134150051977343 0.0056640216621408725
-0.008991027218172347 0.0020815458352544773 0.0020815458352544773 0.005664456974237707
-0.00904869362720818 0.0007879340918579125 0.0007879340918579125 0.006197087017131026
-0.008960863982243626 0.0007009784594082117 0.0007009784594082117 0.006197255767895877
-0.00904873999092149 0.0008369180187332571 0.0008369180187332571 0.006003250575307446
-0.008960900464257666 0.0007499529119705271 0.0007499529119705271 0.006003425975297696
-0.008742362234419921 -0.0005851223541839033 -0.0005851223541839033 0.005998997452429943
-0.008237132196084376 -0.0006958019078770756 -0.0006958019078770756 0.005998884893751846
-0.008742664283976338 -0.0003027515198968519 -0.0003027515198968519 0.0057513835307181176
-0.008237373765885824 -0.0004135136722486959 -0.0004135136722486959 0.005751332886165835
-0.007721731464007471 -0.001504969117881537 -0.001504969117881537 0.004974242309814842
-0.006820973933288958 -0.0015941619808299047 -0.0015941619808299047 0.0049739922615575066
-0.007722057689183841 -0.0010011410685146912 -0.0010011410685146912 0.004773336641441877
-0.006821209305831076 -0.0010905644698968634 -0.0010905644698968634 0.004773173723111956
-0.00609102186019551 -0.0016062627246781213 -0.0016062627246781213 0.0032775707959663116
-0.004998839977755768 -0.0015864895924568036 -0.0015864895924568036 0.0032776511627909347
-0.006091299737544749 -0.0009943657789627447 -0.0009943657789627447 0.0033198143462120047
-0.004999121921543496 -0.0009749202111778102 -0.0009749202111778102 0.0033198540807983417
-0.004231408097510699 -0.0009011157793388397 -0.0009011157793388397 0.0017226758164613125
-0.0032265607865828863 -0.0007580896386477753 -0.0007580896386477753 0.0017230101730119835
-0.004231739829613383 -0.00033725707711763475 -0.00033725707711763475 0.002042244411888425
-0.0032270094328821224 -0.00019453060722091027 -0.00019453060722091027 0.0020423805541255834
-0.0008613894314311394 0.009384081411486786 0.009384081411486786 0.0011389221265340574
-0.003218471801584505 0.009348208123269343 0.009348208123269343 0.0011412195447464948
-0.000861358998931889 0.008060347216786773 0.008060347216786773 0.001033665798608703
-0.003218358169278005 0.008022939343599099 0.008022939343599099 0.0010356401724874226
-0.00446151168468737 0.005489809503926137 0.005489809503926137 0.0025433763980237723
-0.0054983520930196724 0.0054556975135109315 0.0054556975135109315 0.0025445212829709307
-0.00446143606758965 0.00490847954305346 0.00490847954305346 0.00246087569465373
-0.005498243969951582 0.004874070671159967 0.004874070671159967 0.0024619053650968476
-0.006148807666919315 0.004091889969277819 0.004091889969277819 0.0038048989659094745
-0.006889564866706541 0.004041542340632682 0.004041542340632682 0.003805901656604986
-0.006148709097446827 0.0036770378937781277 0.0036770378937781277 0.003689399431033486
-0.006889452100013643 0.0036265370854706895 0.0036265370854706895 0.0036903046340832648
-0.0073425406201630865 0.002782175782190462 0.002782175782190462 0.0048515673494021775
-0.007840079710152265 0.00270099699116052 0.00270099699116052 0.0048524458511617664
-0.007342447814558057 0.0025037145941797486 0.0025037145941797486 0.004669169682758942
-0.00783999168161783 0.002422461091170555 0.002422461091170555 0.004669964224060579
-0.008099316346008332 0.001465822480965605 0.001465822480965605 0.005539723474180567
-0.00831063675871537 0.001363905388485669 0.001363905388485669 0.005540241323792588
-0.00809927744795328 0.00134758670968351 0.00134758670968351 0.005311924860256688
-0.00831060882892392 0.0012456465516618193 0.0012456465516618193 0.005312406631844471
-0.008353449619521981 0.00021929477311062747 0.00021929477311062747 0.005830494468104871
-0.00825894824664735 9.37193864332612e-05 9.37193864332612e-05 0.005830736301093271
-0.008353426885600639 0.0002720646040396126 0.0002720646040396126 0.005550135875738108
-0.008258912870566662 0.00014647012423576024 0.00014647012423576024 0.005550390963374764
-0.008064854274432005 -0.0008221638679055686 -0.0008221638679055686 0.0055596786942004135
-0.00762825230004235 -0.000945428354494263 -0.000945428354494263 0.005559671471453621
-0.008064660627109626 -0.0005782442571965376 -0.0005782442571965376 0.005284212311833067
-0.007627998449802133 -0.0007015769866184848 -0.0007015769866184848 0.005284262404355589
-0.007222081669267193 -0.0014035975318705735 -0.0014035975318705735 0.004635982695132641
-0.00654910762289254 -0.0014802038286131727 -0.0014802038286131727 0.004635888374614359
-0.00722164793628416 -0.0010272449951888632 -0.0010272449951888632 0.004464264395678512
-0.006548621240416714 -0.0011039811879196965 -0.0011039811879196965 0.0044642304046062274
-0.006045875600122869 -0.001329342219663606 -0.001329342219663606 0.0033613068246226806
-0.005346070656996962 -0.0012961315319709422 -0.0012961315319709422 0.003361340858212173
-0.006045476964875511 -0.000937274109448109 -0.000937274109448109 0.0034351075384153485
-0.005345687468563251 -0.0009041986331256198 -0.0009041986331256198 0.0034351062266506313
-0.004877923046819382 -0.0006933549716863538 -0.0006933549716863538 0.0022819033700807855
-0.004300720017352266 -0.0005432515619278992 -0.0005432515619278992 0.002281917505034434
-0.004877703358008211 -0.00036948074369587224 -0.00036948074369587224 0.002618085860333336
-0.004300566041611113 -0.00021949331997026108 -0.00021949331997026108 0.0026179748641397558
-0.0007589561653171418 0.007138861188979727 0.007138861188979727 0.0009347751338843918
-0.002835351377299444 0.00707288207875057 0.00707288207875057 0.0009366886763468158
-0.0007589664587575798 0.005972541922898394 0.005972541922898394 0.0007696762023319812
-0.002835390068436848 0.005905368325517747 0.005905368325517747 0.000771283820058668
-0.003944441820252603 0.004438074865435653 0.004438074865435653 0.0023667286314594522
-0.0048952955584654605 0.004361801168985838 0.004361801168985838 0.0023679029394128954
-0.003944457536383461 0.003904702194111757 0.003904702194111757 0.00219118165944734
-0.004895338491328069 0.003828172918384711 0.003828172918384711 0.002192219612326073
-0.005504924767749552 0.0032390295110424805 0.0032390295110424805 0.0035585119749013453
-0.006219133060478709 0.0031312211275912054 0.0031312211275912054 0.003559722765010696
-0.005504992312582558 0.0028389198223627812 0.0028389198223627812 0.0033147178289590212
-0.006219238046139503 0.002730958771561614 0.002730958771561614 0.003315795864911289
-0.0066522998488374304 0.0020710404582506884 0.0020710404582506884 0.004497345167944745
-0.00712079163124913 0.0019420652383790181 0.0019420652383790181 0.004498281300126363
-0.006652395276485249 0.001808796284913738 0.001808796284913738 0.004207898233043347
-0.007120927208666383 0.001679742924207337 0.001679742924207337 0.0042087416688703985
-0.007367049621875966 0.0009465834380346086 0.0009465834380346086 0.00510849223032054
-0.0075700874744076205 0.0007989403822253281 0.0007989403822253281 0.0051091325710531455
-0.007367122824619929 0.0008329261013967801 0.0008329261013967801 0.004778377746641997
-0.00757018413498426 0.0006852482784577726 0.0006852482784577726 0.004778975961141262
-0.007618410198043026 -8.089905445668733e-05 -8.089905445668733e-05 0.005325495969915448
-0.007545492153584043 -0.00023086210153013453 -0.00023086210153013453 0.005325833529556049
-0.0076183158769483495 -4.035572889482357e-05 -4.035572889482357e-05 0.004990688501442644
-0.007545382233640579 -0.00019034451859531188 -0.00019034451859531188 0.004991034238188804
-0.007407947330828087 -0.0008470604351670798 -0.0008470604351670798 0.005082645495126273
-0.007103636434126242 -0.0009705207755849458 -0.0009705207755849458 0.0050827458742369585
-0.00740758560583485 -0.0006771685622594086 -0.0006771685622594086 0.004806971709048121
-0.0071032345182759785 -0.0008006704029095048 -0.0008006704029095048 0.0048071137639086724
-0.006839031814321672 -0.00121063883480885 -0.00121063883480885 0.004369141601290585
-0.006420748477968404 -0.001249928920472543 -0.001249928920472543 0.004369130175376049
-0.006838542621072389 -0.0009766621730910301 -0.0009766621730910301 0.00428117049562329
-0.00642023872516503 -0.0010160013737133243 -0.0010160013737133243 0.004281174530936892
-0.006123091642357923 -0.001061987490148581 -0.001061987490148581 0.003504688397117148
-0.005730275083253912 -0.0010099283414185943 -0.0010099283414185943 0.0035046505922529496
-0.006122704340701836 -0.0008418448625134102 -0.0008418448625134102 0.0036210487578749277
-0.005729901115587104 -0.0007898306772744489 -0.0007898306772744489 0.0036209795050697346
-0.005489537539413587 -0.0005245907208897673 -0.0005245907208897673 0.0028534322506535348
-0.0052269204151472945 -0.0003877964501191437 -0.0003877964501191437 0.002853266118931694
-0.005489378909295292 -0.0003771033060959653 -0.0003771033060959653 0.0031597401509172902
-0.005226785047907667 -0.0002403482123386679 -0.0002403482123386679 0.0031595182461709513
-0.0006343480076045237 0.005188731357260759 0.005188731357260759 0.0006493034997738143
-0.002369436019648258 0.005120626415015808 0.005120626415015808 0.0006504954926123796
-0.0006343711279944886 0.004213854292625549 0.004213854292625549 0.00048576218741695114
-0.002369522587741864 0.0041449134313407835 0.0041449134313407835 0.0004867402718382246
-0.0033317685243987264 0.003515536242766452 0.003515536242766452 0.0020381323584799725
-0.004223715311487562 0.0034091620487233147 0.0034091620487233147 0.0020392460317551872
-0.003331824931415744 0.0030149822247544753 0.0030149822247544753 0.0017960869640549523
-0.004223829591494771 0.002908376045697561 0.002908376045697561 0.001797046454687009
-0.004790632069049437 0.0024986714916739733 0.0024986714916739733 0.003117602438578963
-0.0054466556707664475 0.0023678437736946 0.0023678437736946 0.0031186598833937594
-0.004790762564684802 0.0021309137976285863 0.0021309137976285863 0.00282268159350423
-0.005446841627009176 0.001999948987533733 0.001999948987533733 0.0028236046436807545
-0.005846875673489458 0.0015219819225224223 0.0015219819225224223 0.00397033233696314
-0.006283178255978332 0.0013613773490728414 0.0013613773490728414 0.003971282940330728
-0.0058470459389273035 0.0012775642107223672 0.0012775642107223672 0.003610233526054598
-0.006283397222123982 0.0011168793633259352 0.0011168793633259352 0.003611079018421784
-0.006525088952520815 0.0005949700800219495 0.0005949700800219495 0.004522202034660708
-0.006748243546222194 0.0004292422958581632 0.0004292422958581632 0.00452286392123227
-0.006525218167074115 0.0004699152496651238 0.0004699152496651238 0.004151578801577
-0.006748398618790823 0.0003041440930204453 0.0003041440930204453 0.004152185901701521
-0.006839180080659159 -0.00020232592911795618 -0.00020232592911795618 0.0047525238109939645
-0.006862927888201237 -0.00034400577607168834 -0.00034400577607168834 0.004752857858723578
-0.006839155837812793 -0.00021584530775445505 -0.00021584530775445505 0.0044359699989410745
-0.00686290165315079 -0.00035754702011089987 -0.00035754702011089987 0.004436294656710952
-0.00682738856624741 -0.0007395645907119597 -0.0007395645907119597 0.004629577324207917
-0.006705773921907051 -0.0008332153361560608 -0.0008332153361560608 0.004629694536769217
-0.006827205992990849 -0.0006716965084780371 -0.0006716965084780371 0.004420305008492051
-0.006705577793043843 -0.0007653606057483072 -0.0007653606057483072 0.004420433566869331
-0.006593323933722933 -0.0009569470278501044 -0.0009569470278501044 0.004227469027920133
-0.006408211558062235 -0.0009832519910970361 -0.0009832519910970361 0.00422747674125233
-0.006593092792029811 -0.0008533485117584405 -0.0008533485117584405 0.0041686301242907725
-0.0064079751838202 -0.0008796633307504552 -0.0008796633307504552 0.004168643311872401
-0.006281840649758751 -0.0008118647279247539 -0.0008118647279247539 0.003712695647598927
-0.006123380544435377 -0.0007519513596038285 -0.0007519513596038285 0.0037125938483266877
-0.006281675562643929 -0.0007229376358708253 -0.0007229376358708253 0.0038465930283007707
-0.0061232216559949796 -0.0006630347241085345 -0.0006630347241085345 0.00384647692393168
-0.006051474156206286 -0.0003879533205310095 -0.0003879533205310095 0.0033833869211139797
-0.006015030304290989 -0.0002517057823513085 -0.0002517057823513085 0.003383097791621146
-0.00605151336602821 -0.00036713922648228583 -0.00036713922648228583 0.00368800771014453
-0.006015067709326719 -0.000230911905512009 -0.000230911905512009 0.003687705928695025
-0.0005064676097275611 0.003573801179149599 0.003573801179149599 0.0003703792539419887
-0.0018914485053162808 0.0035090242076209572 0.0035090242076209572 0.0003710757760833164
-0.0005064915612005652 0.0027953964864117814 0.0027953964864117814 0.00021884228680054616
-0.0018915380984332647 0.002730085330192208 0.002730085330192208 0.00021939883092156692
-0.0027089079238460734 0.0026597720003374357 0.0026597720003374357 0.0016047200847121106
-0.0035561107044010127 0.0025359433450437142 0.0025359433450437142 0.0016057121386535986
-0.002708981202421048 0.0021841365175533844 0.0021841365175533844 0.0013243368018663996
-0.0035562472467595826 0.002060092830265155 0.002060092830265155 0.001325158823108732
-0.004088554200138164 0.0018485326363043334 0.0018485326363043334 0.00260172704228801
-0.004695189235818069 0.001711289195003977 0.001711289195003977 0.0026025791918363093
-0.004088683642707266 0.0015082410210164453 0.0015082410210164453 0.0022928339229456207
-0.004695369872545808 0.0013708755145853343 0.0013708755145853343 0.0022935531602840775
-0.0050696597355606296 0.0010782491902550089 0.0010782491902550089 0.0033617424829566304
-0.005485169805546166 0.0009360930124207871 0.0009360930124207871 0.003362405313045875
-0.005069816084525071 0.0008452970430950525 0.0008452970430950525 0.0030428958144547427
-0.005485363660526366 0.0007030712924203116 0.0007030712924203116 0.00304346619334943
-0.005738404664415848 0.00037949759601149386 0.00037949759601149386 0.0039040060790192467
-0.006013719534013123 0.00024309978520540274 0.00024309978520540274 0.003904458572516818
-0.005738575620219296 0.00022521768635220299 0.00022521768635220299 0.003598635034673515
-0.006013918036969298 8.877889601115124e-05 8.877889601115124e-05 0.0035990329249333294
-0.006168565310103516 -0.0001898064266389102 -0.0001898064266389102 0.004223875027233046
-0.0063155017006130115 -0.00030707447422061173 -0.00030707447422061173 0.004224134665741555
-0.00616869328312254 -0.00027214702987628925 -0.00027214702987628925 0.003961585239120626
-0.006315644088206957 -0.0003894358088353178 -0.0003894358088353178 0.0039618217447766405
-0.0063850151245947884 -0.0005551918152207195 -0.0005551918152207195 0.004279913431232791
-0.00642783495876924 -0.0006328744493082583 -0.0006328744493082583 0.00428002865650985
-0.0063850577235857854 -0.0005792103829773849 -0.0005792103829773849 0.004106203832336245
-0.006427880511674947 -0.0006568998801889675 -0.0006568998801889675 0.004106314883820325
-0.0064434056777994825 -0.000689813389255768 -0.000689813389255768 0.004132768429035179
-0.006443663540247868 -0.0007070489216191088 -0.0007070489216191088 0.004132777197938141
-0.006443424719402485 -0.000689883193304517 -0.000689883193304517 0.004094148198270251
-0.0064436833518860875 -0.0007071188689428388 -0.0007071188689428388 0.004094157807103369
-0.0064586901770798295 -0.0005624654557121735 -0.0005624654557121735 0.003940652769043319
-0.006500686522332631 -0.0005070439406817236 -0.0005070439406817236 0.00394053880004115
-0.0064587990336798465 -0.0005856978773450292 -0.0005856978773450292 0.00406434011498269
-0.006500793045516736 -0.0005302798589562924 -0.0005302798589562924 0.004064228869458804
-0.00656339743521662 -0.00026141975931133455 -0.00026141975931133455 0.0038976256992959814
-0.006693413211453131 -0.00014099406925331462 -0.00014099406925331462 0.003897345660114122
-0.006563601592370894 -0.0003337977631205557 -0.0003337977631205557 0.004166493268401483
-0.006693602383961382 -0.00021339200380005087 -0.00021339200380005087 0.004166232346653982
-0.00038243873036670383 0.0022952766835354537 0.0022952766835354537 0.00010826150750097137
-0.0014280144761832055 0.0022295690772521607 0.0022295690772521607 0.00010872734832343819
-0.00038245410164810265 0.001707451039765148 0.001707451039765148 -4.23153743601829e-05
-0.0014280719458716657 0.0016414364762412756 0.0016414364762412756 -4.196182308188359e-05
-0.002107770635671383 0.0018516569637865772 0.0018516569637865772 0.0011377687501824888
-0.0029189430691876363 0.001750356263776334 0.001750356263776334 0.001138350379527402
-0.0021078408438651684 0.0013961264566293833 0.0013961264566293833 0.0009085798619862112
-0.002919065088369976 0.0012946327864009552 0.0012946327864009552 0.0009090307477293779
-0.0034346397014803566 0.001308938979840498 0.001308938979840498 0.002084673415753068
-0.004031879960719856 0.001193759586987792 0.001193759586987792 0.002085206225862741
-0.0034347473719076845 0.0009738092189708361 0.0009738092189708361 0.0018254733457638687
-0.004032028012259386 0.000858516888128096 0.000858516888128096 0.0018258944159221299
-0.004413936430809265 0.00076131029081283 0.00076131029081283 0.002841097407911347
-0.004859942989345265 0.000658193011441711 0.000658193011441711 0.002841444991524698
-0.0044140772555176545 0.0005112337465392187 0.0005112337465392187 0.0026095480918616335
-0.00486011630130608 0.00040805005820761643 0.00040805005820761643 0.0026098267930837558
-0.0051399360447203675 0.0002650909218193971 0.0002650909218193971 0.0034085473454855087
-0.0054582245149939574 0.00017020067923158338 0.00017020067923158338 0.0034087799826497834
-0.005140085507027471 8.672769401940539e-05 8.672769401940539e-05 0.0031958550709569934
-0.005458397165705783 -8.200227360082119e-06 -8.200227360082119e-06 0.00319604447319674
-0.005660038146701649 -0.00012181382050137194 -0.00012181382050137194 0.0037906582326877915
-0.005892746207036212 -0.00021268567850179335 -0.00021268567850179335 0.0037908280388073636
-0.0056602098304273886 -0.00025212192938472847 -0.00025212192938472847 0.003587263263337777
-0.005892935619276576 -0.00034301747483157167 -0.00034301747483157167 0.0035874046496484875
-0.006042413529415139 -0.0003547348072739421 -0.0003547348072739421 0.003989959170014452
-0.006218808059506056 -0.0004185316698683378 -0.0004185316698683378 0.003990053368456018
-0.006042593323880948 -0.0004534102752869095 -0.0004534102752869095 0.003847221189439825
-0.006218998635078955 -0.000517219855522161 -0.000517219855522161 0.0038473018043924737
-0.006338630386399121 -0.00043208992376268926 -0.00043208992376268926 0.00406642621572242
-0.006490111058469202 -0.00044816142090467454 -0.00044816142090467454 0.00406644211263358
-0.006338811214556964 -0.0005167186444140241 -0.0005167186444140241 0.004030360677171647
-0.0064902952823826816 -0.0005327964806014658 -0.0005327964806014658 0.004030374707720168
-0.006614946738748241 -0.00034903153868115277 -0.00034903153868115277 0.0041402387117921305
-0.006805153414090754 -0.00031098657579536594 -0.00031098657579536594 0.004140169993650729
-0.006615188797307658 -0.0004551842509747094 -0.0004551842509747094 0.00422502405679183
-0.006805389541192915 -0.0004171504733787677 -0.0004171504733787677 0.004224964981901377
-0.00696580632577605 -0.00016126461919987979 -0.00016126461919987979 0.004339472769920382
-0.007214712631153201 -6.937431520134888e-05 -6.937431520134888e-05 0.004339283954884049
-0.006966072445883284 -0.00030018140526707614 -0.00030018140526707614 0.0045443845177683
-0.007214959933584999 -0.00020831684823910117 -0.00020831684823910117 0.004544226528279108
-0.0003033640392871347 0.0013300403090514429 0.0013300403090514429 -0.00013343487184938713
-0.001132632109348806 0.00128691166723517 0.00128691166723517 -0.00013324110454992742
-0.00030336936520207523 0.0008637412142481637 0.0008637412142481637 -0.0002316978074408019
-0.001132652020295617 0.0008204202437567533 0.0008204202437567533 -0.0002315695004766489
-0.0017050240945871648 0.0011325048297667866 0.0011325048297667866 0.000772384432595551
-0.002439464121450845 0.0010695398840638462 0.0010695398840638462 0.0007726253675661162
-0.001705054608269692 0.0007199623445291832 0.0007199623445291832 0.0006300325367225981
-0.0024395165510560377 0.0006568440536064107 0.0006568440536064107 0.0006301926882371643
-0.002931549640776869 0.0008489998559308659 0.0008489998559308659 0.0016714971655702898
-0.0035413585577723024 0.0007777591255771576 0.0007777591255771576 0.0016717114871138063
-0.002931611600433762 0.0005067919544168473 0.0005067919544168473 0.0015110561489028965
-0.003541446966095637 0.0004354430865111707 0.0004354430865111707 0.0015112008619511067
-0.0039404293656844685 0.0005172775963099569 0.0005172775963099569 0.0024679935045215473
-0.004420659313653798 0.0004487916681474494 0.0004487916681474494 0.0024681465628441025
-0.003940516795812152 0.00024800277731808207 0.00024800277731808207 0.0023141203425741377
-0.004420770351436904 0.00017944820401986358 0.00017944820401986358 0.002314224457876085
-0.00473065659192703 0.00020137340416872165 0.00020137340416872165 0.003065306724093058
-0.005097069547459238 0.00013774810089571177 0.00013774810089571177 0.0030654117101187603
-0.004730761422123906 -3.934381518596544e-06 -3.934381518596544e-06 0.0029226101212738143
-0.005097192799580155 -6.760099556537297e-05 -6.760099556537297e-05 0.0029226822621893443
-0.005332325016954182 -4.555696592561119e-05 -4.555696592561119e-05 0.0034669551797621035
-0.005608474021733373 -0.00010097658858085481 -0.00010097658858085481 0.0034670244671326507
-0.005332435997476199 -0.00020018767201945877 -0.00020018767201945877 0.0033428196779866286
-0.005608597478280555 -0.0002556315177724275 -0.0002556315177724275 0.003342867834643575
-0.005803495591259328 -0.00017612501264082403 -0.00017612501264082403 0.0037572113770119463
-0.006060323551675817 -0.0002217299131064781 -0.0002217299131064781 0.003757263267666648
-0.005803654936944493 -0.0003197727407821259 -0.0003197727407821259 0.0036551435117463255
-0.006060493052478196 -0.00036539777966740697 -0.00036539777966740697 0.0036551800849440002
-0.00625007861380071 -0.00021105035026168517 -0.00021105035026168517 0.004002222690305777
-0.006512024362524749 -0.00022876414650787127 -0.00022876414650787127 0.004002242818689277
-0.006250275881282122 -0.0003574245243316082 -0.0003574245243316082 0.00396250776460527
-0.006512225797640418 -0.00037515715141565143 -0.00037515715141565143 0.003962522033233035
-0.006716061013552772 -0.00017290370099328923 -0.00017290370099328923 0.004272444849873367
-0.007011791416604969 -0.0001522565906033751 -0.0001522565906033751 0.0042724177086937935
-0.0067162918947195616 -0.0003380505273341584 -0.0003380505273341584 0.004318360352516421
-0.007012017114836831 -0.00031742747569718787 -0.00031742747569718787 0.004318341157158407
-0.007240545934884303 -7.236887878471891e-05 -7.236887878471891e-05 0.004667474007216652
-0.007569811989289781 -1.2840227951788324e-05 -1.2840227951788324e-05 0.004667383050108686
-0.007240766114831316 -0.0002562248720884881 -0.0002562248720884881 0.0048000635689742915
-0.007570017437104708 -0.00019672935832598974 -0.00019672935832598974 0.004800000286948015
-0.0002663298009336855 0.0005588560504969184 0.0005588560504969184 -0.00026842429825424125
-0.0009943125860525982 0.0005581549986800205 0.0005581549986800205 -0.0002683904411376436
-0.00026632141285866216 0.00014950293294966338 0.00014950293294966338 -0.0002704312647932256
-0.0009942812632692472 0.0001486555492590569 0.0001486555492590569 -0.00027042219314616186
-0.0015119797844057184 0.0005183204634904383 0.0005183204634904383 0.0005626858523527425
-0.0021982614118816854 0.0005001036440174087 0.0005001036440174087 0.0005627217529941136
-0.0015119436218049476 0.00013280253786545205 0.00013280253786545205 0.0005213999405360015
-0.0021982266886631904 0.00011445522291794162 0.00011445522291794162 0.0005214095604091115
-0.002672808924149559 0.00042497811591248394 0.00042497811591248394 0.001431171401463092
-0.0032829683057355144 0.0003996370266313969 0.0003996370266313969 0.0014312054577089461
-0.002672783410302693 8.255738495476292e-05 8.255738495476292e-05 0.0013740281288225277
-0.0032829520404668434 5.711287755582765e-05 5.711287755582765e-05 0.001374037254732474
-0.0036886832459206804 0.000292377672559069 0.000292377672559069 0.002231435255267506
-0.004186886742358522 0.0002606800909984796 0.0002606800909984796 0.002231468685436825
-0.0036886775352921483 1.3023998384160582e-05 1.3023998384160582e-05 0.0021602169757256075
-0.004186891355091985 -1.8743044232109678e-05 -1.8743044232109678e-05 0.002160225934030516
-0.004509736371262508 0.00014978569927881868 0.00014978569927881868 0.002844785212290853
-0.004893499263931268 0.00011894841253058775 0.00011894841253058775 0.0028448096242697286
-0.004509745814379731 -6.524971942248327e-05 -6.524971942248327e-05 0.0027756352357860784
-0.0048935168291388675 -9.612849814172669e-05 -9.612849814172669e-05 0.002775641777478423
-0.005147998922928717 4.211690172915071e-05 4.211690172915071e-05 0.0032747925549827498
-0.005459518516485626 1.4871055499314719e-05 1.4871055499314719e-05 0.0032748089489500793
-0.005148024658129844 -0.00013229454520164935 -0.00013229454520164935 0.0032137611681204237
-0.005459550862218273 -0.00015956776336829376 -0.00015956776336829376 0.003213765561188644
-0.005678934285294802 -2.1219288753723827e-05 -2.1219288753723827e-05 0.0035999771684966262
-0.005966891867146167 -4.266195302496022e-05 -4.266195302496022e-05 0.0035999881919830503
-0.0056789795744990575 -0.00018228600202669317 -0.00018228600202669317 0.0035519679476882123
-0.005966942596396889 -0.00020375175249763203 -0.00020375175249763203 0.0035519709015965177
-0.006189154597037581 -3.1564454783890185e-05 -3.1564454783890185e-05 0.003936974604179436
-0.006508523798676506 -4.4672172292493744e-05 -4.4672172292493744e-05 0.003936981628114662
-0.006189230580528587 -0.00021002264833190113 -0.00021002264833190113 0.003907607095117922
-0.006508603742864007 -0.0002231581481521794 -0.0002231581481521794 0.00390760897724253
-0.006753372674328978 -2.5435097351098336e-05 -2.5435097351098336e-05 0.004337263956955578
-0.007102986944881106 -2.2480690182471872e-05 -2.2480690182471872e-05 0.004337260660233537
-0.006753462344229527 -0.0002206995779704323 -0.0002206995779704323 0.004343733650981476
-0.007103076874104848 -0.00021777821953920215 -0.00021777821953920215 0.004343732767624742
-0.007368381356665644 4.501839849888083e-06 4.501839849888083e-06 0.004862158627484951
-0.007743846066588307 2.1520816607151376e-05 2.1520816607151376e-05 0.004862145500287592
-0.007368468616670698 -0.00020516484770902375 -0.00020516484770902375 0.004899982564517607
-0.00774392924500588 -0.0001881843848804451 -0.0001881843848804451 0.004899979047236043
eps_abs 640
0.0020029296497623885 0.0011498666773464342 0.0011498666773464342 0.017467389785830487
0.007455539269066776 0.001440442313215185 0.001440442313215185 0.01746674808061725
0.0020026017948007904 0.004250740768098032 0.004250740768098032 0.017562305117875498
0.007454319733416824 0.00428018602885662 0.00428018602885662 0.017559909483631113
0.012677432091883916 0.0021490913450554075 0.0021490913450554075 0.0277265964158442
0.02152931785070168 0.0029447418913091552 0.0029447418913091552 0.02772795285657126
0.012674861278734082 0.007130179355632953 0.007130179355632953 0.026674037459208506
0.02152346066367167 0.007617375090831754 0.007617375090831754 0.026679095284771786
0.02743337916312848 0.0031733362878185183 0.0031733362878185183 0.041839223301584676
0.03504002440086443 0.005010154547426276 0.005010154547426276 0.04184567245672815
0.027421437089369616 0.007021607908316349 0.007021607908316349 0.03770742384941845
0.03501797254181147 0.008758772083622954 0.008758772083622954 0.03773139821391589
0.03939988030198803 0.0052016172128428505 0.0052016172128428505 0.04995946820510637
0.043722822164443786 0.007082752245884159 0.007082752245884159 0.049963845332758536
0.039380332985864464 0.007013503499315359 0.007013503499315359 0.045633674747566376
0.043696947991117355 0.008831583041585022 0.008831583041585022 0.04564992882870815
0.045843113926764885 0.007419271420917838 0.007419271420917838 0.05544407460277455
0.04730559055559569 0.008493975622929563 0.008493975622929563 0.05544514700984133
0.04583284651748988 0.007813071552691613 0.007813071552691613 0.05176470867407926
0.04729427114149356 0.009457939050391505 0.009457939050391505 0.051768695584426
0.04731087508344385 0.008744243378267824 0.008744243378267824 0.05610080207795114
0.045829888189384875 0.009639811685125402 0.009639811685125402 0.05610035396154695
0.04733198578792777 0.007840951894700118 0.007840951894700118 0.053994861539169936
0.04585286952085252 0.008735367366986652 0.008735367366986652 0.05399319280983857
0.04368501138251131 0.009348475578014239 0.009348475578014239 0.052241432301411345
0.03926585614100289 0.009447421564232188 0.009447421564232188 0.05224072467425421
0.043738427012000765 0.006879950025772867 0.006879950025772867 0.05202584341800842
0.0393187175231076 0.007125535058068956 0.007125535058068956 0.052023199519611936
0.03430641942391243 0.007829991124022235 0.007829991124022235 0.043870318625800986
0.02511480904459269 0.0062499214064848565 0.0062499214064848565 0.0438741143666799
0.03441470353527789 0.0031638734595124934 0.0031638734595124934 0.047331869725167175
0.025195088019617735 0.0026610241022638 0.0026610241022638 0.047352467009869934
0.01815313878195721 0.004301363028298389 0.004301363028298389 0.028861626145042008
0.007783714001053081 0.001680553721485805 0.001680553721485805 0.028872391733924727
0.018237537834757556 0.004897186023588681 0.004897186023588681 0.03650111143997838
0.007809287838146289 0.00694318272016642 0.00694318272016642 0.036553282687009594
0.004203505936742291 0.0016123577160419783 0.0016123577160419783 0.021459612911285477
0.0011275170335356282 0.0007369930008040178 0.0007369930008040178 0.021459900724468517
0.004206002791000767 0.0027490997788633884 0.0027490997788633884 0.022576662452987274
0.0011281877076692024 0.0023951050227519976 0.0023951050227519976 0.022578133768328283
0.0023138437365492846 0.006913173199182983 0.006913173199182983 0.017083867571611552
0.008608721750593285 0.007627112994218994 0.007627112994218994 0.017088425453868218
0.0023116212576467076 0.010413614681052159 0.010413614681052159 0.015796304516633913
0.00860048545750695 0.011056440477725082 0.011056440477725082 0.01579982771052046
0.012363476375880532 0.011438204665051261 0.011438204665051261 0.024861028595219794
0.016375664207900632 0.013267786674726794 0.013267786674726794 0.02488695128512788
0.012354108286309184 0.0135581307211994 0.0135581307211994 0.02140449276718095
0.016359025053851513 0.015279148504671571 0.015279148504671571 0.021433379400784415
0.019199899468563205 0.013339986843077856 0.013339986843077856 0.0334134367292177
0.022883234828846313 0.017032326586937933 0.017032326586937933 0.03347563660124696
0.019175043333470886 0.015362962767294637 0.015362962767294637 0.02546769937792634
0.022843415627527574 0.018903249211017846 0.018903249211017846 0.02554295396769794
0.025625561332481107 0.016279603552789304 0.016279603552789304 0.040309204943795855
0.02926200474605458 0.020706841029961263 0.020706841029961263 0.040361857580451625
0.0255784643202457 0.01833887373894478 0.01833887373894478 0.029976191083505098
0.029195919885064238 0.022740576021660804 0.022740576021660804 0.030045638518785934
0.03196195534479259 0.021103259997140196 0.021103259997140196 0.04648588556054064
0.03543313622296366 0.025701487587668683 0.025701487587668683 0.04651178535364419
0.031886838509814545 0.023033744491944612 0.023033744491944612 0.03570663482757713
0.035339046259126324 0.027605155720043715 0.027605155720043715 0.03574950252379402
0.03770711898817556 0.025397576568505303 0.025397576568505303 0.05030768314717559
0.03994361231718112 0.028683369381173066 0.028683369381173066 0.05030425140190593
0.03764255628362441 0.026726807749491335 0.026726807749491335 0.0424535320688105
0.03987047551557452 0.029887446214799177 0.029887446214799177 0.04245860981817494
0.0415032419678749 0.027448031396345614 0.027448031396345614 0.05095160211616315
0.043064205881891 0.02808409675179428 0.02808409675179428 0.050947098673164555
0.04146441069262498 0.028010187734549587 0.028010187734549587 0.04872013642047349
0.043023956137283687 0.028975957593496623 0.028975957593496623 0.04871703419735382
0.043730171585348705 0.022383467537777816 0.022383467537777816 0.05001763307570235
0.04303080328636797 0.02043617897944692 0.02043617897944692 0.050055003307210154
0.04381649420397306 0.02200096438963456 0.02200096438963456 0.05463488487057082
0.04311254925530885 0.020233055373646676 0.020233055373646676 0.054670880855372264
0.04184277801108424 0.015242099776529341 0.015242099776529341 0.04457104396747335
0.039008808309182824 0.009392960308754252 0.009392960308754252 0.04472082055202852
0.04191563825897729 0.015058336139613236 0.015058336139613236 0.0593253819856205
0.03906604377914376 0.009486622527607487 0.009486622527607487 0.05950339458517153
0.029868781355583504 0.00915757041482199 0.00915757041482199 0.03140386714732462
0.008089977400740017 0.0036543271002484976 0.0036543271002484976 0.03154461726749135
0.030233912524730892 0.008026205857623842 0.008026205857623842 0.05601091825522797
0.008190657846121443 0.014884367533088095 0.014884367533088095 0.056422629273900675
0.0016998761548757337 0.013066616437578183 0.013066616437578183 0.013891543082522663
0.006329753524844117 0.014846265992247332 0.014846265992247332 0.013935967036541787
0.0016959700248815872 0.01569591455016015 0.01569591455016015 0.009809075076967058
0.006315261127176867 0.017466127903284483 0.017466127903284483 0.009853322562291099
0.00839750716115173 0.017341638892710634 0.017341638892710634 0.017946941663638305
0.009470492918540761 0.02006983880136033 0.02006983880136033 0.018006026567377445
0.008395062938317852 0.017937618397600805 0.017937618397600805 0.011829976204305566
0.009466249494627535 0.02065726110993029 0.02065726110993029 0.011879597452817775
0.009770941506799446 0.020598669911787323 0.020598669911787323 0.019677358714031968
0.009461506173325338 0.02416977868343375 0.02416977868343375 0.019738117772930695
0.009783364164588648 0.0203752196181494 0.0203752196181494 0.011836982886017802
0.009478441937947096 0.023932127109085412 0.023932127109085412 0.011889481522930354
0.009647351289990858 0.024159726866903725 0.024159726866903725 0.0221304590414558
0.010226087157194088 0.029081518477456297 0.029081518477456297 0.022198581570689786
0.009642140791208008 0.02439486541442177 0.02439486541442177 0.011334868296872124
0.010216554669018286 0.029289713298239057 0.029289713298239057 0.011387668769337719
0.010962106637579808 0.030428884995347752 0.030428884995347752 0.026057110722058414
0.012910956221996733 0.03725054872759959 0.03725054872759959 0.026123710702083146
0.01094382888783104 0.030822586910203533 0.030822586910203533 0.011306241564197456
0.012809131374698596 0.03759261581046171 0.03759261581046171 0.011347561639757699
0.0146285168858263 0.03921919418640368 0.03921919418640368 0.03207908805178845
0.01710023511073806 0.04859786837752078 0.04859786837752078 0.03211625104067578
0.014528785932366655 0.04009243363745527 0.04009243363745527 0.012015207200754087
0.01696641292669758 0.04937312496930012 0.04937312496930012 0.01204607008723735
0.018555619052084832 0.05285331509237463 0.05285331509237463 0.037351137118688225
0.01971112113971824 0.06509516642039964 0.06509516642039964 0.0373148447249156
0.018530900144006317 0.05311769265363919 0.05311769265363919 0.011251718338586581
0.019669342944036772 0.06520083553067439 0.06520083553067439 0.011256901108632934
0.023039576314531636 0.0685129212533766 0.0685129212533766 0.042762700191526844
0.027486886164180414 0.08351259975877245 0.08351259975877245 0.0425623729458481
0.022595802511905617 0.06974845901981998 0.06974845901981998 0.011348479405906739
0.026877273345742962 0.08449826901109216 0.08449826901109216 0.011327321318128733
0.030849246194685487 0.09149643492155733 0.09149643492155733 0.047942028280688206
0.03471109202612829 0.10860061045876712 0.10860061045876712 0.04754674321431529
0.03036538766214598 0.09186482008913399 0.09186482008913399 0.010572180998815288
0.0341453151267401 0.10864874503483324 0.10864874503483324 0.010480358556530317
0.039876341011963586 0.11187012130148873 0.11187012130148873 0.04589371756095909
0.04772137126116962 0.12790422727269624 0.12790422727269624 0.045328806630699575
0.03852929388391903 0.1132612291430669 0.1132612291430669 0.00947835370973779
0.04618418033946715 0.1290118800627773 0.1290118800627773 0.008998415474564293
0.0006297051814873513 0.016558925929106783 0.016558925929106783 0.008063354813111415
0.0023483596326278524 0.017226823101018172 0.017226823101018172 0.008078073663855146
0.0006291002597826334 0.017397203175812018 0.017397203175812018 0.006674033715104065
0.002346106029212867 0.018064010501642396 0.018064010501642396 0.006689429456800607
0.002768967603180537 0.015434260351881744 0.015434260351881744 0.008946674294272434
0.0026867393903677477 0.016542915725013527 0.016542915725013527 0.008968429626623389
0.002770322516528201 0.014831903418002768 0.014831903418002768 0.006678590528494386
0.0026844956027254727 0.015938888323957463 0.015938888323957463 0.006693819449570259
0.002865016836600868 0.014440295580457488 0.014440295580457488 0.008274900837009063
0.002988290946442972 0.01575833399781374 0.01575833399781374 0.008293984568029515
0.0028668282437003525 0.013530829899823765 0.013530829899823765 0.005883365468458076
0.002987358915699033 0.01484622863476485 0.01484622863476485 0.005890402413122219
0.003463254557926873 0.014307691213681747 0.014307691213681747 0.007428888873770478
0.004716765916583441 0.015648946176886405 0.015648946176886405 0.007439947369550747
0.0034542380782261813 0.0134753630455117 0.0134753630455117 0.0055574563233657176
0.004701813189711154 0.014814044743930744 0.014814044743930744 0.0055582404811544755
0.005579876202680666 0.014017021200767529 0.014017021200767529 0.007320824281200439
0.006772762529392398 0.015445918010398674 0.015445918010398674 0.007324364430847311
0.005565514920096013 0.01327055076374276 0.01327055076374276 0.005803801195116358
0.00675588022519304 0.01463096374282987 0.01463096374282987 0.0057977302679502185
0.007536816178329703 0.013464777849834077 0.013464777849834077 0.007535939496698428
0.008643354875259848 0.014990189356046547 0.014990189356046547 0.007539617900492383
0.007519866030817662 0.012554970200147798 0.012554970200147798 0.00667401965055466
0.008623972646884992 0.014077322421399247 0.014077322421399247 0.006670102510791765
0.009157657193026145 0.011811783345691088 0.011811783345691088 0.008487948646770563
0.009852664484116482 0.013144511373087421 0.013144511373087421 0.008487888872280679
0.009149509691030813 0.010979341705065218 0.010979341705065218 0.007203007633108274
0.009843408407876742 0.01234226685605554 0.01234226685605554 0.007202189394425973
0.009830665989551792 0.009948446870907705 0.009948446870907705 0.008854726601572108
0.00952009834343178 0.01154666392011872 0.01154666392011872 0.008841541073244514
0.00985067203458037 0.009252396897613261 0.009252396897613261 0.006522467435456654
0.009530808196728557 0.010641429329495567 0.010641429329495567 0.006515440437057173
0.008750441229148193 0.00852703032652741 0.00852703032652741 0.0075404466855864775
0.008006678008238226 0.010035545547403435 0.010035545547403435 0.007492278214439715
0.008812040471189397 0.0071270061737029 0.0071270061737029 0.004328482960969979
0.008007462244604023 0.008086813285075392 0.008086813285075392 0.004318648935976826
0.005765251100295224 0.003707198870495769 0.003707198870495769 0.006716548110973678
0.004423333507814914 0.002620647078641054 0.002620647078641054 0.006617173075098423
0.005882752561370419 0.003274905018840297 0.003274905018840297 0.001323686767015176
0.004328698612325716 0.0029479408622667567 0.0029479408622667567 0.0012761186252275934
0.00039014036870760284 0.0177528874200626 0.0177528874200626 0.005760674536320765
0.0014560454465022727 0.018458493085528483 0.018458493085528483 0.0057755239419269655
0.0003897382084359514 0.017848328301406476 0.017848328301406476 0.0045703983647053786
0.0014545445759076353 0.018553386542438294 0.018553386542438294 0.004572683165691428
0.0018466801690792227 0.014178356544858649 0.014178356544858649 0.005441304540445609
0.0026896561855971413 0.014984112755287392 0.014984112755287392 0.005449992889130429
0.0018468984649294294 0.01312315581278546 0.01312315581278546 0.0041030323750908424
0.002684915766312394 0.013927226225421124 0.013927226225421124 0.004109078700032863
0.003610512613555811 0.012275752302455117 0.012275752302455117 0.004821120413810668
0.004905993142915661 0.013119029936186632 0.013119029936186632 0.00482626521253552
0.003606141423152742 0.011487582451636445 0.011487582451636445 0.004011861090319399
0.004898550974265978 0.012329538096725559 0.012329538096725559 0.0040078654472298116
0.005827527734399286 0.01145342867970462 0.01145342867970462 0.004930573640533968
0.007025169313933054 0.012280330758994039 0.012280330758994039 0.00492813714359121
0.005820337254899018 0.01076523429802567 0.01076523429802567 0.004858071588464084
0.007016588929467861 0.011590975777303617 0.011590975777303617 0.004851319240697406
0.007832207866263204 0.01043423679642362 0.01043423679642362 0.005772222578608688
0.008932488259076925 0.011233164745788188 0.011233164745788188 0.005768897002404367
0.007823924636599507 0.009771013156011322 0.009771013156011322 0.005796934345615693
0.00892303796914117 0.010568884016124769 0.010568884016124769 0.005793154212700571
0.00955551617022724 0.008839065738359317 0.008839065738359317 0.00665740213507811
0.010307270118873113 0.009491036843014323 0.009491036843014323 0.006656416529333385
0.00955001924177525 0.008283767203836851 0.008283767203836851 0.00660585134515725
0.01030118029258032 0.008935015070081638 0.008935015070081638 0.00660486361092322
0.010499653137043907 0.007091652494619398 0.007091652494619398 0.006907902553324093
0.010461381657572967 0.007657070221907175 0.007657070221907175 0.006907606425349926
0.010504532867844215 0.006524479311649963 0.006524479311649963 0.00674545827126832
0.010466446872298602 0.007161771112411488 0.007161771112411488 0.006745300717589777
0.010082598726193248 0.005008171164209652 0.005008171164209652 0.005968042968505691
0.009158681865763778 0.0054110051416237 0.0054110051416237 0.005967383418551414
0.010100595271311973 0.004439469815215886 0.004439469815215886 0.005757173375507381
0.009175407231181404 0.004810011309900611 0.004810011309900611 0.005756666523603059
0.008057469610531479 0.003120387060596334 0.003120387060596334 0.003944157429762391
0.006087209216374611 0.0028571444950255833 0.0028571444950255833 0.003942457639971088
0.008081300049887257 0.0025711384470665857 0.0025711384470665857 0.0037236621646661635
0.006106866889780296 0.002484843974878983 0.002484843974878983 0.003722679610376542
0.0036278487997064277 0.0027345520146720213 0.0027345520146720213 0.0013885513124212696
0.0024412627799202218 0.002734292751688747 0.002734292751688747 0.0013810192852518341
0.003674400969738288 0.0011044702135497983 0.0011044702135497983 0.0009477918769749131
0.002408821831699462 0.0012760310996315872 0.0012760310996315872 0.0009458090701713727
0.0004565725982615659 0.017568382151029082 0.017568382151029082 0.003917535724049361
0.0017049341563950065 0.018056638907878876 0.018056638907878876 0.00392573654536685
0.0004562758383744546 0.016925558785482114 0.016925558785482114 0.0031900740799134845
0.0017038250516252136 0.017413194847357434 0.017413194847357434 0.003191716541228194
0.0026320097052275125 0.011928925081574953 0.011928925081574953 0.003471629080838879
0.004288594061533265 0.012525182806628682 0.012525182806628682 0.003471474781429351
0.0026295403087415094 0.010971152164347887 0.010971152164347887 0.0032007859777402796
0.004284476607078123 0.011566218646565965 0.011566218646565965 0.003194221859441871
0.005337868926096412 0.010100004125702075 0.010100004125702075 0.003965441586913401
0.006535423901697577 0.01063808175473291 0.01063808175473291 0.003960465039675521
0.005334474845229347 0.009427172203831534 0.009427172203831534 0.004080161017044693
0.006531148975253345 0.009964537972659265 0.009964537972659265 0.00407507002429447
0.007353044807542849 0.00889352829401297 0.00889352829401297 0.00494028056894995
0.00842781965490754 0.009358018531756211 0.009358018531756211 0.004937221326234122
0.007348761284377649 0.008290315665194347 0.008290315665194347 0.0050648725939861795
0.008422810279648581 0.008754252910270927 0.008754252910270927 0.005061734840203417
0.009088469567930434 0.007401303543096597 0.007401303543096597 0.00591976518399766
0.009875735028438885 0.007805384973275281 0.007805384973275281 0.005918109149302702
0.009084793203423872 0.006940657594575573 0.006940657594575573 0.006065350053798328
0.00987161088469788 0.007344380187203823 0.007344380187203823 0.006063803658365709
0.010253605103490254 0.005678483891743166 0.005678483891743166 0.006668902459310616
0.010575736637854894 0.006006571301238153 0.006006571301238153 0.0066686168266727516
0.010252757897155403 0.005364748665495269 0.005364748665495269 0.006739311546057602
0.010574783245484484 0.005691117911604707 0.005691117911604707 0.006739078302792376
0.010531116774422469 0.003992030264770694 0.003992030264770694 0.006680296723808834
0.0101782031455799 0.004195889173852359 0.004195889173852359 0.006680275545218717
0.010535397231869026 0.0037332430158960733 0.0037332430158960733 0.006615506035941945
0.010182607597096728 0.003917819688315161 0.003917819688315161 0.006615506972608576
0.009590390597461841 0.0023729951285361866 0.0023729951285361866 0.005664703285008343
0.00842139841027879 0.0023754785804113924 0.0023754785804113924 0.005664933898895133
0.009599687501578125 0.0021147187309176634 0.0021147187309176634 0.005598493353829677
0.008430699550355655 0.0021209679215850124 0.0021209679215850124 0.005598685888008438
0.007144587588989957 0.0020956534274002596 0.0020956534274002596 0.0035461165750380525
0.0049075164323672225 0.0021527737910205414 0.0021527737910205414 0.00354544152798326
0.007159563706386603 0.00144717642829063 0.00144717642829063 0.0033900821335960288
0.004921867066426166 0.0014518911553662297 0.0014518911553662297 0.0033895201249487354
0.003102332993538186 0.001865612119363873 0.001865612119363873 0.0009100593811591993
0.0020261357019896674 0.0017761940630713921 0.0017761940630713921 0.0009100158444832172
0.003118232585213073 0.0005419272669568135 0.0005419272669568135 0.0009595949161672733
0.002020114877685047 0.00047850904174661496 0.00047850904174661496 0.0009600687999655081
0.0007006080814986917 0.016250846489660714 0.016250846489660714 0.002969425115891721
0.002617172730646324 0.01661524986973022 0.01661524986973022 0.0029643213792665455
0.000700294378607902 0.015173106170336072 0.015173106170336072 0.002960466727055693
0.00261599926987033 0.01553635004591278 0.01553635004591278 0.0029542334735243817
0.0038553736951913533 0.01000744526250947 0.01000744526250947 0.0032244818111803655
0.005348643902540773 0.010355553039750297 0.010355553039750297 0.003221242214128732
0.0038538115570621923 0.00916953490285305 0.00916953490285305 0.0032308146319059276
0.005346335848056227 0.009516897323510869 0.009516897323510869 0.0032274656605013386
0.006293888105168477 0.008223689987486031 0.008223689987486031 0.0041499150463742565
0.007400903644402882 0.008523727602748738 0.008523727602748738 0.004147859867855016
0.006291865434082995 0.007603265903909226 0.007603265903909226 0.004241509042329625
0.007398372138831984 0.007902868582851606 0.007902868582851606 0.004239402451863699
0.00810000204266183 0.006772793020677249 0.006772793020677249 0.005185707478154408
0.008925415467111996 0.007034368769558857 0.007034368769558857 0.005184278539176375
0.008097927043553122 0.00631052080474197 0.00631052080474197 0.005288131160517938
0.008923012011360813 0.006571835998603819 0.006571835998603819 0.005286752580897627
0.00941270582515605 0.005218364179788819 0.005218364179788819 0.006160758787634899
0.00994953265815102 0.005395213916749274 0.005395213916749274 0.006160524877767482
0.009411220650138821 0.004886469498050516 0.004886469498050516 0.006167142720173896
0.009947891581509426 0.0050579378610053 0.0050579378610053 0.006166932812571648
0.010162532837087438 0.0035177934663781995 0.0035177934663781995 0.006728989025574437
0.010245355228961929 0.003657276986904676 0.003657276986904676 0.006729119719350238
0.01016270431071129 0.003355456775414644 0.003355456775414644 0.006611003501327877
0.010245505731910024 0.003471471502004744 0.003471471502004744 0.0066111193984304045
0.010082837384066163 0.002023629464992537 0.002023629464992537 0.006557751375016635
0.009596798309982758 0.0020343935948713364 0.0020343935948713364 0.006557683238711698
0.010085167474711122 0.0019795958645546885 0.0019795958645546885 0.00644917621043251
0.00959913868410331 0.001992507692927702 0.001992507692927702 0.0064491258906123625
0.008960837006889825 0.0017752240572940737 0.0017752240572940737 0.0055320421605134975
0.007744802502059764 0.0018089462702710012 0.0018089462702710012 0.005531950862836687
0.00896575732988725 0.0014148525331801256 0.0014148525331801256 0.0054117827233971525
0.007749608399888402 0.0014403064940996919 0.0014403064940996919 0.005411696514491865
0.006586911347118299 0.0019791969242842706 0.0019791969242842706 0.0033021736118982177
0.004677214479664646 0.001986131644083692 0.001986131644083692 0.0033024413191969446
0.006593964206216178 0.0011699868072646872 0.0011699868072646872 0.003274337635193641
0.004684122078362688 0.0011519790611117277 0.0011519790611117277 0.0032745199525061716
0.0033242732199558057 0.0014855039372175406 0.0014855039372175406 0.0010342336372431093
0.0022100877968707537 0.0013923214333192479 0.0013923214333192479 0.0010348497662005423
0.003331318054994413 0.00041669880805642913 0.00041669880805642913 0.001200508656538434
0.0022114036888474515 0.0003455609550074269 0.0003455609550074269 0.0012011637520502225
0.0008733895828678448 0.014221061077521437 0.014221061077521437 0.0029088065052542134
0.003263365775156627 0.014402308285426128 0.014402308285426128 0.002907409707776004
0.0008731643359619408 0.012878350576957017 0.012878350576957017 0.0027644726197124108
0.00326252291715142 0.013057986229278904 0.013057986229278904 0.002762967501082459
0.004599804384657999 0.00822851477623054 0.00822851477623054 0.0032596606222128448
0.005872533405214405 0.00841994828524677 0.00841994828524677 0.0032583386855345605
0.004599085345751734 0.007514940877207039 0.007514940877207039 0.003282513437105337
0.005871430333169021 0.007705889892619815 0.007705889892619815 0.003281244256555574
0.006677702684491013 0.006543356124420939 0.006543356124420939 0.004284175160136184
0.00761325757239103 0.006691112381938774 0.006691112381938774 0.004283529678263037
0.006676710029265834 0.0060195400131904985 0.0060195400131904985 0.00427860199138123
0.007612031218507314 0.006167032901320246 0.006167032901320246 0.004277959738603426
0.008192340247469333 0.005099241492126553 0.005099241492126553 0.005334513979241036
0.008849651832100675 0.005197098241150367 0.005197098241150367 0.005334494832494593
0.008191406399155969 0.004731360715265374 0.004731360715265374 0.005282428226463711
0.00884858563370787 0.004829089572820271 0.004829089572820271 0.005282403417155264
0.009215246865014872 0.0035346110610455952 0.0035346110610455952 0.006124864442590586
0.009571281958353267 0.0035698519492939652 0.0035698519492939652 0.006125253989736542
0.0092146846931196 0.003319670155090066 0.003319670155090066 0.0059872893271036304
0.009570666048924188 0.0033548691548633105 0.0033548691548633105 0.005987638994442036
0.00968336999204451 0.002048283152138853 0.002048283152138853 0.0065100556073305164
0.009649726884416197 0.0020718994383838343 0.0020718994383838343 0.0065101965295929634
0.009683504750283184 0.0019441869323366166 0.0019441869323366166 0.006344729211488438
0.009649853376562427 0.0019517470198151194 0.0019517470198151194 0.006344867020363627
0.009440123835628639 0.001171603567248706 0.001171603567248706 0.0063469257671915445
0.008917159122299154 0.0012302679245044358 0.0012302679245044358 0.006346772004127245
0.009441196207881166 0.0011271482651872044 0.0011271482651872044 0.006156125921030261
0.008918191234350531 0.0010942328694815383 0.0010942328694815383 0.0061560158459708315
0.008317464548495471 0.0015858092402942137 0.0015858092402942137 0.005297044284971576
0.007213486946318392 0.0016621360546919808 0.0016621360546919808 0.0052967454469863085
0.0083194970612162 0.0012195952524072684 0.0012195952524072684 0.005115490703644045
0.007215394451888946 0.0012780895253091823 0.0012780895253091823 0.005115260228717982
0.006254709605630391 0.0018801931485797976 0.0018801931485797976 0.003256522725879428
0.00476626875272361 0.0018748474721105007 0.0018748474721105007 0.003256665815005048
0.006257182940585067 0.0010993714659689596 0.0010993714659689596 0.0032629704362214674
0.004768696594786903 0.0010948882654150084 0.0010948882654150084 0.0032630555903022614
0.0037903698064769673 0.001211041679443949 0.001211041679443949 0.001352067384464547
0.0027381865555213126 0.0010939696348143113 0.0010939696348143113 0.0013527621115582457
0.0037926899031635363 0.0004171150579424096 0.0004171150579424096 0.0016071093286941398
0.0027399669003247357 0.0003067853785521776 0.0003067853785521776 0.0016075487789473037
0.0009170612710287285 0.011821952805152908 0.011821952805152908 0.0026214704647827946
0.0034267409322118318 0.011865892124487848 0.011865892124487848 0.002623046216768109
0.0009169526337665397 0.01041252269987978 0.01041252269987978 0.0023645659182811203
0.003426334581649636 0.0104547221874068 0.0104547221874068 0.00236591985680469
0.004760523449543855 0.006738014823664753 0.006738014823664753 0.003252868817489087
0.005896517295519769 0.006794469878223644 0.006794469878223644 0.0032532678556215526
0.004760245635314698 0.006101236285294797 0.006101236285294797 0.0031334319716023774
0.005896083194116787 0.0061573334419964595 0.0061573334419964595 0.00313378473390687
0.006597354738147957 0.005161009832137663 0.005161009832137663 0.004241881498447801
0.00737912803983489 0.005196614417077198 0.005196614417077198 0.004242332385801002
0.006596975341335327 0.004723266385404702 0.004723266385404702 0.004119775705929545
0.0073786552981732175 0.004758702356620793 0.004758702356620793 0.0041201708152408005
0.00787256948960957 0.0037813967364260436 0.0037813967364260436 0.005209148719524066
0.008443033830704301 0.0037700066599280204 0.0037700066599280204 0.0052098275332361
0.007872171185299426 0.003462176312545672 0.003462176312545672 0.0050396309399688985
0.008442588666043874 0.0034506975786490987 0.0034506975786490987 0.005040238849474855
0.008741380541330387 0.002293516190886251 0.002293516190886251 0.00587395049583677
0.008991262721336197 0.002254205507400784 0.002254205507400784 0.00587442748039719
0.00874115685302075 0.002148627990212686 0.002148627990212686 0.0056873091749864825
0.008991027218172347 0.002112246034847693 0.002112246034847693 0.005687744735827514
0.00904869362720818 0.001153686303903792 0.001153686303903792 0.006215589251587302
0.008960863982243626 0.0011125103743011688 0.0011125103743011688 0.006215757759760202
0.00904873999092149 0.0011094179768904185 0.0011094179768904185 0.006003250575307446
0.008960900464257666 0.00106594877639596 0.00106594877639596 0.006003425975297696
0.008742362234419921 0.0010787053681348918 0.0010787053681348918 0.005998997452429943
0.008237132196084376 0.0011765399963681333 0.0011765399963681333 0.005998884893751846
0.008742664283976338 0.0009292758759824879 0.0009292758759824879 0.0057513835307181176
0.008237373765885824 0.0010271854574880927 0.0010271854574880927 0.005751332886165835
0.007721731464007471 0.0015527816320143623 0.0015527816320143623 0.004974242309814842
0.006820973933288958 0.0016452346890213603 0.0016452346890213603 0.0049739922615575066
0.007722057689183841 0.0011136036217697957 0.0011136036217697957 0.004773336641441877
0.006821209305831076 0.0012020874509526625 0.0012020874509526625 0.004773173723111956
0.00609102186019551 0.001654894076829073 0.001654894076829073 0.0032775707959663116
0.005009622493498062 0.0016372666416848325 0.0016372666416848325 0.0032776511627909347
0.006091299737544749 0.0010910941248004238 0.0010910941248004238 0.0033198143462120047
0.005009904437285789 0.0010744240987232627 0.0010744240987232627 0.0033198540807983417
0.004340974757476555 0.0009743024551986372 0.0009743024551986372 0.0018059681408433563
0.0035567700849282805 0.0008402374520123826 0.0008402374520123826 0.0018062988596953698
0.004341267163351661 0.0004474354042543347 0.0004474354042543347 0.002101682714201571
0.0035571384417767255 0.00031358077072203653 0.00031358077072203653 0.002101816182323165
0.0008613894314311394 0.009384081411486786 0.009384081411486786 0.0021642994362797477
0.003218471801584505 0.009348208123269343 0.009348208123269343 0.0021667664119780754
0.000861358998931889 0.008060347216786773 0.008060347216786773 0.0018702246460693174
0.003218358169278005 0.008022939343599099 0.008022939343599099 0.0018723496279268532
0.00446151168468737 0.005489809503926137 0.005489809503926137 0.0030105626005620194
0.0054983520930196724 0.0054556975135109315 0.0054556975135109315 0.0030117751799290443
0.00446143606758965 0.00490847954305346 0.00490847954305346 0.0027782762431295144
0.005498243969951582 0.004874070671159967 0.004874070671159967 0.002779366782586732
0.006148807666919315 0.004091889969277819 0.004091889969277819 0.003996665161565815
0.006889564866706541 0.004041542340632682 0.004041542340632682 0.003997694697512331
0.006148709097446827 0.0036770378937781277 0.0036770378937781277 0.0037734137639505606
0.006889452100013643 0.0036265370854706895 0.0036265370854706895 0.0037743347070360368
0.0073425406201630865 0.002782175782190462 0.002782175782190462 0.004898963130715543
0.007840079710152265 0.00270099699116052 0.00270099699116052 0.004899844536185145
0.007342447814558057 0.0025037145941797486 0.0025037145941797486 0.004672818400011432
0.00783999168161783 0.002422461091170555 0.002422461091170555 0.004673613481432832
0.008099316346008332 0.0014658519462425778 0.0014658519462425778 0.0055400597710877466
0.00831063675871537 0.0013873735652301627 0.0013873735652301627 0.005540577620699769
0.00809927744795328 0.0013491018701486692 0.0013491018701486692 0.005311924860256688
0.00831060882892392 0.001271688766922743 0.001271688766922743 0.005312406631844471
0.008353449619521981 0.0007206099883201381 0.0007206099883201381 0.005830494468104871
0.00825894824664735 0.0007744141080641375 0.0007744141080641375 0.005830736301093271
0.008353426885600639 0.0007119898709485517 0.0007119898709485517 0.005550135875738108
0.008258912870566662 0.0007405958630678746 0.0007405958630678746 0.005550390963374764
0.008064854274432005 0.000993542840945636 0.000993542840945636 0.0055596786942004135
0.00762825230004235 0.0011030379748994204 0.0011030379748994204 0.005559671471453621
0.008064660627109626 0.0008503816344349529 0.0008503816344349529 0.005284212311833067
0.007627998449802133 0.0009524858335054044 0.0009524858335054044 0.005284262404355589
0.007222081669267193 0.0014408550105265185 0.0014408550105265185 0.004635982695132641
0.00654910762289254 0.0015193225114732492 0.0015193225114732492 0.004635888374614359
0.00722164793628416 0.0010814860689774654 0.0010814860689774654 0.004464264395678512
0.006548621240416714 0.0011600745789854467 0.0011600745789854467 0.0044642304046062274
0.006045875600122869 0.0013792026496278244 0.0013792026496278244 0.0033613068246226806
0.005348659947971011 0.0013480687495318413 0.0013480687495318413 0.003361340858212173
0.006045476964875511 0.001018531727378489 0.001018531727378489 0.0034351075384153485
0.005348273442753234 0.00098889979058975 0.00098889979058975 0.0034351062266506313
0.004925022154055076 0.0007690383506497126 0.0007690383506497126 0.002325062206934207
0.004489961358611062 0.0006285580300846006 0.0006285580300846006 0.0023250747124953343
0.004924791698567526 0.000475985079768046 0.000475985079768046 0.002640882291985179
0.004489778043117157 0.0003319047826003995 0.0003319047826003995 0.0026407704619817625
0.0007589561653171418 0.007138861188979727 0.007138861188979727 0.0016620733446045658
0.002835351377299444 0.00707288207875057 0.00707288207875057 0.0016640335783581577
0.0007589664587575798 0.005972541922898394 0.005972541922898394 0.0013892803907379681
0.002835390068436848 0.005905368325517747 0.005905368325517747 0.0013909207984533834
0.003944441820252603 0.004438074865435653 0.004438074865435653 0.0025965367347619036
0.0048952955584654605 0.004361801168985838 0.004361801168985838 0.002597736529892231
0.003944457536383461 0.003904702194111757 0.003904702194111757 0.002333439413151408
0.004895338491328069 0.003828172918384711 0.003828172918384711 0.0023344999178561907
0.005504924767749552 0.0032390295110424805 0.0032390295110424805 0.003589787904129267
0.006219133060478709 0.0031312211275912054 0.0031312211275912054 0.0035910035806600423
0.005504992312582558 0.0028389198223627812 0.0028389198223627812 0.003319183508142239
0.006219238046139503 0.002730958771561614 0.002730958771561614 0.003320262070909523
0.0066522998488374304 0.0020710404582506884 0.0020710404582506884 0.004497345167944745
0.00712079163124913 0.0019420652383790181 0.0019420652383790181 0.004498281300126363
0.006652395276485249 0.001808796284913738 0.001808796284913738 0.004207898233043347
0.007120927208666383 0.001679742924207337 0.001679742924207337 0.0042087416688703985
0.007367049621875966 0.0009502201118244344 0.0009502201118244344 0.00510849223032054
0.0075700874744076205 0.0008346120736827099 0.0008346120736827099 0.0051091325710531455
0.007367122824619929 0.0008423668993511496 0.0008423668993511496 0.004778377746641997
0.00757018413498426 0.0007493255846957963 0.0007493255846957963 0.004778975961141262
0.007618410198043026 0.000629188598720674 0.000629188598720674 0.005325495969915448
0.007545492153584043 0.0007428589090358856 0.0007428589090358856 0.005325833529556049
0.0076183158769483495 0.0005960902342886554 0.0005960902342886554 0.004990688501442644
0.007545382233640579 0.0007058869385464129 0.0007058869385464129 0.004991034238188804
0.007407947330828087 0.000922671385238237 0.000922671385238237 0.005082645495126273
0.007103636434126242 0.0010344925598118324 0.0010344925598118324 0.0050827458742369585
0.00740758560583485 0.000788417986695319 0.000788417986695319 0.004806971709048121
0.0071032345182759785 0.0008966330278648793 0.0008966330278648793 0.0048071137639086724
0.006839031814321672 0.0012475119146342938 0.0012475119146342938 0.004369141601290585
0.006420748477968404 0.001288259232787793 0.001288259232787793 0.004369130175376049
0.006838542621072389 0.00102188641105177 0.00102188641105177 0.00428117049562329
0.00642023872516503 0.0010621889170681304 0.0010621889170681304 0.004281174530936892
0.006123091642357923 0.0011205864690519234 0.0011205864690519234 0.003504688397117148
0.005734059350479295 0.0010716833558972576 0.0010716833558972576 0.0035046505922529496
0.006122704340701836 0.0009232834501101151 0.0009232834501101151 0.0036210487578749277
0.005733683352988693 0.0008744250329722087 0.0008744250329722087 0.0036209795050697346
0.005510126087217445 0.0006118628547223676 0.0006118628547223676 0.0028687397289740386
0.005294127015072338 0.00048078893789910057 0.00048078893789910057 0.002868573177254321
0.0055099657943027186 0.0004933895909601039 0.0004933895909601039 0.003168081977410796
0.005293982989405765 0.00036583526676248304 0.00036583526676248304 0.003167860098985694
0.0006343480076045237 0.005188731357260759 0.005188731357260759 0.0012078530070918953
0.002369436019648258 0.005120626415015808 0.005120626415015808 0.0012090470719265025
0.0006343711279944886 0.004213854292625549 0.004213854292625549 0.0009888096775221308
0.002369522587741864 0.0041449134313407835 0.0041449134313407835 0.0009897468451241778
0.0033317685243987264 0.003515536242766452 0.003515536242766452 0.0021263412575348484
0.004223715311487562 0.0034091620487233147 0.0034091620487233147 0.002127469779529181
0.003331824931415744 0.0030149822247544753 0.0030149822247544753 0.0018391090412807807
0.004223829591494771 0.002908376045697561 0.002908376045697561 0.001840078716420355
0.004790632069049437 0.0024986714916739733 0.0024986714916739733 0.003117602438578963
0.0054466556707664475 0.0023678437736946 0.0023678437736946 0.0031186598833937594
0.004790762564684802 0.0021309137976285863 0.0021309137976285863 0.00282268159350423
0.005446841627009176 0.001999948987533733 0.001999948987533733 0.0028236046436807545
0.005846875673489458 0.0015219819225224223 0.0015219819225224223 0.00397033233696314
0.006283178255978332 0.0013613773490728414 0.0013613773490728414 0.003971282940330728
0.0058470459389273035 0.0012775642107223672 0.0012775642107223672 0.003610233526054598
0.006283397222123982 0.0011193869449330884 0.0011193869449330884 0.003611079018421784
0.006525088952520815 0.0006414770141483487 0.0006414770141483487 0.004522202034660708
0.006748243546222194 0.0006360322747936723 0.0006360322747936723 0.00452286392123227
0.006525218167074115 0.0005647307882617777 0.0005647307882617777 0.004151578801577
0.006748398618790823 0.0006028525747693681 0.0006028525747693681 0.004152185901701521
0.006839180080659159 0.0005749780397351827 0.0005749780397351827 0.0047525238109939645
0.006862927888201237 0.0006761665805787392 0.0006761665805787392 0.004752857858723578
0.006839155837812793 0.0005651563975881791 0.0005651563975881791 0.0044359699989410745
0.00686290165315079 0.0006720366979473278 0.0006720366979473278 0.004436294656710952
0.00682738856624741 0.0007952705092284841 0.0007952705092284841 0.004629577324207917
0.006705773921907051 0.0008811075004637581 0.0008811075004637581 0.004629694536769217
0.006827205992990849 0.0007354790775970994 0.0007354790775970994 0.004420305008492051
0.006705577793043843 0.0008196154409728923 0.0008196154409728923 0.004420433566869331
0.006593323933722933 0.000997639587582721 0.000997639587582721 0.004227469027920133
0.006408211558062235 0.0010254258700346857 0.0010254258700346857 0.00422747674125233
0.006593092792029811 0.0008988062152257562 0.0008988062152257562 0.0041686301242907725
0.0064079751838202 0.0009266023534228039 0.0009266023534228039 0.004168643311872401
0.006281840649758751 0.0008821618195226399 0.0008821618195226399 0.003712695647598927
0.006124277998201579 0.0008249462659172444 0.0008249462659172444 0.0037125938483266877
0.006281675562643929 0.0008036442932458452 0.0008036442932458452 0.0038465930283007707
0.006124117341626678 0.0007464390947341736 0.0007464390947341736 0.00384647692393168
0.006067004086740354 0.0004909150360342374 0.0004909150360342374 0.0033903869484521185
0.006045782269606599 0.0003602875100358502 0.0003602875100358502 0.0033900978678632464
0.00606704226510444 0.0004890572891554064 0.0004890572891554064 0.0036928379873550268
0.006045816683277357 0.00036034933489151945 0.00036034933489151945 0.003692536264543452
0.0005064676097275611 0.003573801179149599 0.003573801179149599 0.0008586010444983982
0.0018914485053162808 0.0035090242076209572 0.0035090242076209572 0.0008592406482319923
0.0005064915612005652 0.0027953964864117814 0.0027953964864117814 0.000717623829328545
0.0018915380984332647 0.002730085330192208 0.002730085330192208 0.0007181015804358565
0.0027089079238460734 0.0026597720003374357 0.0026597720003374357 0.001633603382523591
0.0035561107044010127 0.0025359433450437142 0.0025359433450437142 0.00163459712782296
0.002708981202421048 0.0021841365175533844 0.0021841365175533844 0.0013459198648415618
0.0035562472467595826 0.002060092830265155 0.002060092830265155 0.001346741283616042
0.004088554200138164 0.0018485326363043334 0.0018485326363043334 0.00260172704228801
0.004695189235818069 0.001711289195003977 0.001711289195003977 0.0026025791918363093
0.004088683642707266 0.0015082410210164453 0.0015082410210164453 0.0022928339229456207
0.004695369872545808 0.0013708755145853343 0.0013708755145853343 0.0022935531602840775
0.0050696597355606296 0.0010782491902550089 0.0010782491902550089 0.0033617424829566304
0.005485169805546166 0.0009360930124207871 0.0009360930124207871 0.003362405313045875
0.005069816084525071 0.0008452970430950525 0.0008452970430950525 0.0030428958144547427
0.005485363660526366 0.0007106762934359802 0.0007106762934359802 0.00304346619334943
0.005738404664415848 0.0005096642708468264 0.0005096642708468264 0.0039040060790192467
0.006013719534013123 0.0005293339380538234 0.0005293339380538234 0.003904458572516818
0.005738575620219296 0.00046364670174432477 0.00046364670174432477 0.003598635034673515
0.006013918036969298 0.0005160240360496576 0.0005160240360496576 0.0035990329249333294
0.006168565310103516 0.0004713017075680624 0.0004713017075680624 0.004223875027233046
0.0063155017006130115 0.0005526509063544588 0.0005526509063544588 0.004224134665741555
0.00616869328312254 0.000499385645383948 0.000499385645383948 0.003961585239120626
0.006315644088206957 0.0005858788965904908 0.0005858788965904908 0.0039618217447766405
0.0063850151245947884 0.0006186280286193891 0.0006186280286193891 0.004279913431232791
0.00642783495876924 0.0006893579106560055 0.0006893579106560055 0.00428002865650985
0.0063850577235857854 0.0006344073512475879 0.0006344073512475879 0.004106203832336245
0.006427880511674947 0.0007085187302279142 0.0007085187302279142 0.004106314883820325
0.0064434056777994825 0.0007420118328314577 0.0007420118328314577 0.004132768429035179
0.006443663540247868 0.0007596947222272923 0.0007596947222272923 0.004132777197938141
0.006443424719402485 0.0007449641205176244 0.0007449641205176244 0.004094148198270251
0.0064436833518860875 0.0007624531846623199 0.0007624531846623199 0.004094157807103369
0.0064586901770798295 0.0006392438986643848 0.0006392438986643848 0.003940652769043319
0.006500686522332631 0.0005850247454516928 0.0005850247454516928 0.00394053880004115
0.0064587990336798465 0.000665950851584445 0.000665950851584445 0.00406434011498269
0.006500793045516736 0.0006117351614209 0.0006117351614209 0.004064228869458804
0.006564980443570511 0.00037344098545143237 0.00037344098545143237 0.0039008586986971515
0.006709357380238835 0.0002603541464607715 0.0002603541464607715 0.003900578722173689
0.006565183603611909 0.00045200735684602325 0.00045200735684602325 0.004167533803728944
0.0067095455266751175 0.00033686311599548537 0.00033686311599548537 0.004167272944106783
0.00038243873036670383 0.0022952766835354537 0.0022952766835354537 0.0006307277879116102
0.0014280144761832055 0.0022295690772521607 0.0022295690772521607 0.0006311145202807666
0.00038245410164810265 0.001707451039765148 0.001707451039765148 0.000545028187832062
0.0014280719458716657 0.0016414364762412756 0.0016414364762412756 0.0005452704390322293
0.002107770635671383 0.0018516569637865772 0.0018516569637865772 0.0011579810602857293
0.0029189430691876363 0.001750356263776334 0.001750356263776334 0.0011585617142667712
0.0021078408438651684 0.0013961264566293833 0.0013961264566293833 0.0009291975771043854
0.002919065088369976 0.0012946327864009552 0.0012946327864009552 0.000929647699220918
0.0034346397014803566 0.001308938979840498 0.001308938979840498 0.002084673415753068
0.004031879960719856 0.001193759586987792 0.001193759586987792 0.002085206225862741
0.0034347473719076845 0.0009738092189708361 0.0009738092189708361 0.0018254733457638687
0.004032028012259386 0.000858516888128096 0.000858516888128096 0.0018258944159221299
0.004413936430809265 0.00076131029081283 0.00076131029081283 0.002841097407911347
0.004859942989345265 0.0006631794780046664 0.0006631794780046664 0.002841444991524698
0.0044140772555176545 0.0005195830971014047 0.0005195830971014047 0.0026095480918616335
0.00486011630130608 0.0004566380333869568 0.0004566380333869568 0.0026098267930837558
0.0051399360447203675 0.0004203335272507623 0.0004203335272507623 0.0034085473454855087
0.0054582245149939574 0.00041207691646179636 0.00041207691646179636 0.0034087799826497834
0.005140085507027471 0.00035609638519095257 0.00035609638519095257 0.0031958550709569934
0.005458397165705783 0.0003981383178879098 0.0003981383178879098 0.00319604447319674
0.005660038146701649 0.00035860342317718224 0.00035860342317718224 0.0037906582326877915
0.005892746207036212 0.00041580976434769056 0.00041580976434769056 0.0037908280388073636
0.0056602098304273886 0.0004079236724270205 0.0004079236724270205 0.003587263263337777
0.005892935619276576 0.00047764669669514534 0.00047764669669514534 0.0035874046496484875
0.006042413529415139 0.00042976887941644713 0.00042976887941644713 0.003989959170014452
0.006218808059506056 0.00048816757213859064 0.00048816757213859064 0.003990053368456018
0.006042593323880948 0.000517105958047278 0.000517105958047278 0.003847221189439825
0.006218998635078955 0.0005802899553033951 0.0005802899553033951 0.0038473018043924737
0.006338630386399121 0.0005006531043661176 0.0005006531043661176 0.00406642621572242
0.006490111058469202 0.0005173790851154228 0.0005173790851154228 0.00406644211263358
0.006338811214556964 0.0005859313213319754 0.0005859313213319754 0.004030360677171647
0.0064902952823826816 0.0006034662386887355 0.0006034662386887355 0.004030374707720168
0.006614946738748241 0.00043778512802721095 0.00043778512802721095 0.0041402387117921305
0.006805153414090754 0.0004010129780048169 0.0004010129780048169 0.004140169993650729
0.006615188797307658 0.0005439560844474128 0.0005439560844474128 0.00422502405679183
0.006805389541192915 0.0005066509661061781 0.0005066509661061781 0.004224964981901377
0.00696580632577605 0.0002801959072768526 0.0002801959072768526 0.004339472769920382
0.007214712631153201 0.00020208666783246633 0.00020208666783246633 0.004339283954884049
0.006966072445883284 0.00041301154005786715 0.00041301154005786715 0.0045443845177683
0.007214959933584999 0.00032344793834783545 0.00032344793834783545 0.004544226528279108
0.0003033640392871347 0.0013300403090514429 0.0013300403090514429 0.000511439171881634
0.001132632109348806 0.00128691166723517 0.00128691166723517 0.0005115486070503547
0.00030336936520207523 0.0008637412142481637 0.0008637412142481637 0.0005041781683424645
0.001132652020295617 0.0008204202437567533 0.0008204202437567533 0.000504196541221803
0.0017050240945871648 0.0011325048297667866 0.0011325048297667866 0.0007895850134329199
0.002439464121450845 0.0010695398840638462 0.0010695398840638462 0.0007898236996711575
0.001705054608269692 0.0007199623445291832 0.0007199623445291832 0.0006516567353717
0.0024395165510560377 0.0006568440536064107 0.0006568440536064107 0.0006518131216281989
0.002931549640776869 0.0008489998559308659 0.0008489998559308659 0.0016714971655702898
0.0035413585577723024 0.0007777591255771576 0.0007777591255771576 0.0016717114871138063
0.002931611600433762 0.0005067919544168473 0.0005067919544168473 0.0015110561489028965
0.003541446966095637 0.0004354430865111707 0.0004354430865111707 0.0015112008619511067
0.0039404293656844685 0.0005172775963099569 0.0005172775963099569 0.0024679935045215473
0.004420659313653798 0.00045152131029452876 0.00045152131029452876 0.0024681465628441025
0.003940516795812152 0.00028079184144522455 0.00028079184144522455 0.0023141203425741377
0.004420770351436904 0.0002752231167055441 0.0002752231167055441 0.002314224457876085
0.00473065659192703 0.0003182737254935719 0.0003182737254935719 0.003065306724093058
0.005097069547459238 0.00030024621822885176 0.00030024621822885176 0.0030654117101187603
0.004730761422123906 0.00025864522391532357 0.00025864522391532357 0.0029226101212738143
0.005097192799580155 0.0002949853133362808 0.0002949853133362808 0.0029226822621893443
0.005332325016954182 0.0002615822991736953 0.0002615822991736953 0.0034669551797621035
0.005608474021733373 0.0002873828953196426 0.0002873828953196426 0.0034670244671326507
0.005332435997476199 0.00031520128998875716 0.00031520128998875716 0.0033428196779866286
0.005608597478280555 0.00036475910740437325 0.00036475910740437325 0.003342867834643575
0.005803495591259328 0.00027746809694959566 0.00027746809694959566 0.0037572113770119463
0.006060323551675817 0.0003163952047156897 0.0003163952047156897 0.003757263267666648
0.005803654936944493 0.000405969319824268 0.000405969319824268 0.0036551435117463255
0.006060493052478196 0.00045272488487592904 0.00045272488487592904 0.0036551800849440002
0.00625007861380071 0.00030970752412004554 0.00030970752412004554 0.004002222690305777
0.006512024362524749 0.0003264017673952794 0.0003264017673952794 0.004002242818689277
0.006250275881282122 0.00044778849604101405 0.00044778849604101405 0.00396250776460527
0.006512225797640418 0.0004663568483780431 0.0004663568483780431 0.003962522033233035
0.006716061013552772 0.00028122426781945374 0.00028122426781945374 0.004272444849873367
0.007011791416604969 0.00026322176127668953 0.00026322176127668953 0.0042724177086937935
0.0067162918947195616 0.00044019634566962114 0.00044019634566962114 0.004318360352516421
0.007012017114836831 0.0004214870500169479 0.0004214870500169479 0.004318341157158407
0.007240545934884303 0.00020787781189821796 0.00020787781189821796 0.004667474007216652
0.007569811989289781 0.0001714787595347164 0.0001714787595347164 0.004667383050108686
0.007240766114831316 0.0003737991198035797 0.0003737991198035797 0.0048000635689742915
0.007570017437104708 0.00031641942239365995 0.00031641942239365995 0.004800000286948015
0.0002663298009336855 0.0005588560504969184 0.0005588560504969184 0.0005386323619241775
0.0009943125860525982 0.0005581549986800205 0.0005581549986800205 0.000538627249197511
0.00026632141285866216 0.00014950293294966338 0.00014950293294966338 0.0005928517680894944
0.0009942812632692472 0.0001486555492590569 0.0001486555492590569 0.0005928496634890448
0.0015119797844057184 0.0005183204634904383 0.0005183204634904383 0.0005929181509099601
0.0021982614118816854 0.0005001036440174087 0.0005001036440174087 0.0005929527721031756
0.0015119436218049476 0.00013280253786545205 0.00013280253786545205 0.0005650547279740624
0.0021982266886631904 0.00011632210364966032 0.00011632210364966032 0.0005650635915877192
0.002672808924149559 0.00042497811591248394 0.00042497811591248394 0.001431171401463092
0.0032829683057355144 0.0003996370266313969 0.0003996370266313969 0.0014312054577089461
0.002672783410302693 0.00010310039505986854 0.00010310039505986854 0.0013740281288225277
0.0032829520404668434 0.000110483564483365 0.000110483564483365 0.001374037254732474
0.0036886832459206804 0.000292377672559069 0.000292377672559069 0.002231435255267506
0.004186886742358522 0.0002606800909984796 0.0002606800909984796 0.002231468685436825
0.0036886775352921483 0.00012542274182144166 0.00012542274182144166 0.0021602169757256075
0.004186891355091985 0.00015475463069565765 0.00015475463069565765 0.002160225934030516
0.004509736371262508 0.00020205855203948714 0.00020205855203948714 0.002844785212290853
0.004893499263931268 0.00019197218163797086 0.00019197218163797086 0.0028448096242697286
0.004509745814379731 0.0001920923321730377 0.0001920923321730377 0.0027756352357860784
0.0048935168291388675 0.00022507751836085938 0.00022507751836085938 0.002775641777478423
0.005147998922928717 0.00016450423084550064 0.00016450423084550064 0.0032747925549827498
0.005459518516485626 0.0001775078850896418 0.0001775078850896418 0.0032748089489500793
0.005148024658129844 0.00025558944644411054 0.00025558944644411054 0.0032137611681204237
0.005459550862218273 0.0002851281993791137 0.0002851281993791137 0.003213765561188644
0.005678934285294802 0.00017489496434016565 0.00017489496434016565 0.0035999771684966262
0.005966891867146167 0.00019260237190173139 0.00019260237190173139 0.0035999881919830503
0.0056789795744990575 0.00030624538121214884 0.00030624538121214884 0.0035519679476882123
0.005966942596396889 0.0003298001889604243 0.0003298001889604243 0.0035519709015965177
0.006189154597037581 0.00017302080148717515 0.00017302080148717515 0.003936974604179436
0.006508523798676506 0.00018410163376819365 0.00018410163376819365 0.003936981628114662
0.006189230580528587 0.00033612133674408915 0.00033612133674408915 0.003907607095117922
0.006508603742864007 0.0003491478886051421 0.0003491478886051421 0.00390760897724253
0.006753372674328978 0.0001755605339023073 0.0001755605339023073 0.004337263956955578
0.007102986944881106 0.00017302568030597203 0.00017302568030597203 0.004337260660233537
0.006753462344229527 0.0003486809973204252 0.0003486809973204252 0.004343733650981476
0.007103076874104848 0.0003457016153063185 0.0003457016153063185 0.004343732767624742
0.007368381356665644 0.00016963289119635317 0.00016963289119635317 0.004862158627484951
0.007743846066588307 0.00017407274971904604 0.00017407274971904604 0.004862145500287592
0.007368468616670698 0.00033655762090462955 0.00033655762090462955 0.004899982564517607
0.00774392924500588 0.00032003548497569413 0.00032003548497569413 0.004899979047236043
H_3F 640
0.017581849536156102 0.009735159717796437
0.0189913757875606 0.012461143674842013
0.017676113119175697 0.009782453456338144
0.01907661667490662 0.012507114608523969
0.03048739794163209 0.02020201425386406
0.03510485574294218 0.02462863535363647
0.029532293896858252 0.019674449368971295
0.034278761415117584 0.02410127797422173
0.0500310993162037 0.03463630123235658
0.05457896676714347 0.03844284842879629
0.046623867550922314 0.03256443046939403
0.05147734270643889 0.03637468537786368
0.06362624482985003 0.0446796742535472
0.06639330552442313 0.04684333374860116
0.06027638755801679 0.04250700386671542
0.06319287353653523 0.04467343840991275
0.0719418967157551 0.05064359426476972
0.07288335355042729 0.051375368782718506
0.06913924272081724 0.04879877759578457
0.07011951173045972 0.049531483362959774
0.07338677602232349 0.051705838580697494
0.07244051605325832 0.05096512107546591
0.0718036346660998 0.050663423663548854
0.07083608199990121 0.04992303116534554
0.06809954088239573 0.04796322184196133
0.06535212906231262 0.04575329040762855
0.0679686573417428 0.04788213521500459
0.06521023566833109 0.04567095852135977
0.05569142905347911 0.03908836902485671
0.05055384797230437 0.034494461705636296
0.058520745988933406 0.040873286630222536
0.05363812629312386 0.03627377751474384
0.03409589288130128 0.023507382463499607
0.029903197288708022 0.018328052867488905
0.04080366310305895 0.02736932463736797
0.03737816811636781 0.02218128526257794
0.02186742894037701 0.012831559424013884
0.02148950054712667 0.011293708879002072
0.02296510716269427 0.013391332621994021
0.022606302925605986 0.011853160737998743
0.01723984930449014 0.009698855654080418
0.01913437677771474 0.012848573602230752
0.01596454913929714 0.009053962887140311
0.017988966223408134 0.012200156584013706
0.0277655594380753 0.018612252485550162
0.029791319583365995 0.020631307746514255
0.024713888851618536 0.016879300526745068
0.026963075737951543 0.018896202227317964
0.03853691598532981 0.02630666809889045
0.04054948436282353 0.028179435715046636
0.03187924086995981 0.022321371355698612
0.034267537625687475 0.024193184797612757
0.04776506460589881 0.03296738313813848
0.04985322927456937 0.0348119311632531
0.03940596235161493 0.0277773277018754
0.04189441647686052 0.029620779201925088
0.05641368757500432 0.039223920452666615
0.058470961334482686 0.040972460788303924
0.04787206117205458 0.03379673666869584
0.05026803279623567 0.03554427439146017
0.0628704207559091 0.044007401067675575
0.06423402427103114 0.045123931859543526
0.05673856209566253 0.040048044176217455
0.05824421315057873 0.041164542666874734
0.06571594062362475 0.046227422042019024
0.06670931487769201 0.047005652277527774
0.0639761599888288 0.04509227355654923
0.06499546309311945 0.04587049516731875
0.06643862976747514 0.04687390233052553
0.06600873720618292 0.04654290329678906
0.07003467576242024 0.04922568953727194
0.06962468755257535 0.048891715055340554
0.06113424598402533 0.0432069109892788
0.05934339825582377 0.041864814430605676
0.07263898181002557 0.050620510122298894
0.07118152670259748 0.04928471918215764
0.043339900455290244 0.030636324251454062
0.03256548192330336 0.019817297334115684
0.06364992089819838 0.043122415389979435
0.05701403309828436 0.03230664356001106
0.013995161598048747 0.007795709618699198
0.015306108484159382 0.010132860280692952
0.00995461039874857 0.005752522550924323
0.011703439179189425 0.008084291844733983
0.019814409948308607 0.013172224412395017
0.02034471009538433 0.013738259742959103
0.014506047660639817 0.01011251957131171
0.015189954415189355 0.010672923473722656
0.02196974610435874 0.014724150110415706
0.021888658987840166 0.014599811973128016
0.015356704666719212 0.010810173525303224
0.015205283044229613 0.010683961730438726
0.024141843432058805 0.01588890516572333
0.02444074226158236 0.016212334363941937
0.014881200164802372 0.010488504544040066
0.015298921181089501 0.010802111719178002
0.028269078533183264 0.01850960867981911
0.029140024904115124 0.01951733346203994
0.01573526259819363 0.011125035226014247
0.017112597749681036 0.012078346507228149
0.035257075836111276 0.023353802468807375
0.036385046677862416 0.024608243075706922
0.01885340353213679 0.013271996566560371
0.020807858422861425 0.014506241506967464
0.04170633575927215 0.02795337808538653
0.04220101815631003 0.028512982932316917
0.02167937789047506 0.01489130924129645
0.022662764050743467 0.015463122026334854
0.048574382182623145 0.03290113825302924
0.05066640407394307 0.03502462955501426
0.025285534915902602 0.016972140958906177
0.02916669386039355 0.019102297331935848
0.05700977167509641 0.03939563723768685
0.058868945123336326 0.04112891762022179
0.03215319236007707 0.020468784330480633
0.03571750915976399 0.02231283684163521
0.06079766347539594 0.04288502928646134
0.0658181584793265 0.0465250889459346
0.039678025105091864 0.02400382379682841
0.04705263005062844 0.02759129790701572
0.008087905752277226 0.004346529997299383
0.00841249470031489 0.005213216648241499
0.0067036179162601696 0.003651566987443349
0.007088912466508571 0.004517767743006737
0.009365370388578261 0.005857820948726486
0.009362227220028885 0.005827584508495568
0.007230370550177776 0.004724456522511293
0.00721205487115132 0.004689157526147866
0.008756843343142535 0.0055699588368049655
0.00881589829769518 0.005641137757236243
0.006544669083637687 0.004375096856079215
0.006604631244795016 0.004438880664410626
0.008196494496541314 0.005446071715848676
0.008809125812106914 0.006078356643067094
0.006543476254039996 0.00450584720079595
0.0072801843738525 0.005130026835432814
0.009204862117025758 0.006450350241940552
0.009975802052737563 0.007048563480119854
0.008041086035993234 0.005684658057606186
0.008902561085275432 0.006276805246571629
0.010658047767008351 0.007536377837514065
0.011469673996461423 0.008091486387876115
0.01005439821259508 0.0070969428406861615
0.01090243879683308 0.007647037578838379
0.012486310804044472 0.008822802919898353
0.013004585919772934 0.00917027667819858
0.011644605899251498 0.008176258662069544
0.012196893914330834 0.008522798901151358
0.013230577348956434 0.009342696295561951
0.012992502492533234 0.009180819708338148
0.011814326937217212 0.008186569735018513
0.011545010566113312 0.008023124316892866
0.011551127993531567 0.008145443957367335
0.010965451453094561 0.00774947811133897
0.0098177299825004 0.006570261716079688
0.009097811837522948 0.006163055590290425
0.008851561375061429 0.006240899605634452
0.007959450912416366 0.005520253291456669
0.006029836179821248 0.0036032196641927975
0.004512882717510321 0.0028024086187766546
0.005773870506056554 0.0030754074525141837
0.005956235820218303 0.0036157846942146193
0.004586985620559156 0.002480068286570665
0.004798450922652028 0.0030136138707995315
0.005746131111343047 0.003643992354762416
0.0060775548445319025 0.004069824537363785
0.004499545378235704 0.002974965420010136
0.004908492684649396 0.0033969972331726285
0.0060232054071820895 0.004215816513683239
0.0068819767959552155 0.004866129177725591
0.0053943753458391116 0.00380900125673607
0.006329201141580253 0.004453208210747895
0.007633520545588468 0.005379050687466627
0.008581348355326798 0.005976653228762133
0.007581370939309551 0.005339204421681551
0.008530405534339607 0.005933954085082634
0.009729441585073377 0.006802215222435947
0.010633415214450022 0.007350692630740646
0.00973746602184406 0.0068104294911076006
0.010638667319305805 0.00735809609092087
0.011645981816387008 0.008106459152652675
0.012269788030581347 0.008481843324103249
0.011612068700821288 0.008077935293466251
0.012236769947136494 0.00845302195175177
0.012568286823766294 0.008703777845184
0.01253616898071096 0.008684494041461446
0.012483846284740998 0.008624995569556267
0.012451730478185204 0.00860587379494419
0.011716498365440245 0.008025320847349469
0.010931199311250007 0.007563032642157596
0.01162613736846855 0.007928884323409678
0.010831773046089368 0.0074660368773922315
0.008971019694292738 0.006000813520146935
0.007252385006801721 0.005014833428172849
0.00889792506221951 0.00590248110727671
0.007152074292889309 0.004914773250078419
0.0038845027559210456 0.002508200056063849
0.0028048134032162097 0.001911141032586028
0.0037946715178620266 0.0023110964233566005
0.002587851891838169 0.0016773154509354174
0.003944051810852168 0.0021870541611554634
0.004279977558500885 0.002815335350880928
0.0032225394141918847 0.0018231749591439694
0.003618020769163069 0.002447770796426704
0.004356567865113318 0.0030518193930331957
0.00551753352347934 0.0038800344214813083
0.0041424042669197785 0.0029151631432408945
0.005344136327222197 0.0037393492332599967
0.006649629437149707 0.004651655256504907
0.0076417961831870395 0.00524794447068655
0.006715976161318311 0.00470731793113702
0.007698188269966912 0.0053031094997739074
0.008858534869925008 0.0061466626882464
0.009767512403875762 0.0066825204905708304
0.008925089736696215 0.006206816939181914
0.009826743743452503 0.006742272559925999
0.010846377225639373 0.0075041173759640475
0.011513216677149576 0.007896922088870793
0.010923458189789896 0.0075750716286111
0.01158526720736708 0.007967707271531795
0.012231544368154029 0.008461253781400434
0.012502665948278762 0.008622176732263823
0.01226936691979288 0.008496034721606503
0.012539586000348909 0.00865693077413843
0.012471198211665684 0.008605706749115651
0.01217464170449134 0.008429239345399308
0.012440237736669578 0.008575451633905485
0.012142916864620488 0.008399057284852652
0.01113842246994918 0.007627546941235092
0.010149454530342867 0.007043166154586961
0.011112926165543904 0.007599090427703901
0.01012037442889105 0.007014692719182047
0.007976219316224255 0.005345352082014004
0.006054244227176715 0.004226478980175241
0.007921616586173259 0.005274822919991316
0.005976087524208711 0.004155693595687451
0.0032330601726586325 0.0020061961873486926
0.0022211156476166804 0.0014680757732364424
0.003262544537415341 0.002038913750690173
0.0022366484345358534 0.0014900918388252775
0.003050956768417055 0.0018350165986952063
0.003954338673105207 0.002790747054956435
0.00304216624442414 0.0018303805528317976
0.003946004003552712 0.002785116371697356
0.00502605106223628 0.003539927753185859
0.006243748313174673 0.004284943058334753
0.005028919039225384 0.00354231309448406
0.006244985315429207 0.004286900754278782
0.0075388873431365645 0.005221901575771367
0.00848399176314417 0.00577438175612895
0.007588014865349986 0.00526668723820631
0.00852692461873056 0.005818887295347842
0.009617774957863817 0.0066428547604081185
0.01032181114108986 0.007054847003144186
0.00967164689044993 0.006693029102035531
0.010371590823326818 0.00710488229612922
0.011249621317642086 0.007786732306395474
0.0117023615943623 0.00805502876795925
0.011251876441580455 0.007789181685156358
0.011704341383958303 0.008057412197040537
0.012188370152369907 0.008445760931330938
0.012257583610359985 0.008487237474156084
0.012123775245422495 0.008386853906019584
0.012193329627419409 0.008428312565170215
0.01202778919045619 0.008320294379541399
0.011623327718935239 0.008077240774347228
0.01197090125204363 0.008267171842571816
0.011564371501712288 0.008024132287357837
0.010530911182312053 0.007246439583701661
0.0095175861511599 0.006638376682448226
0.010472449414711291 0.007188770026642201
0.00945213676988353 0.006580652457190133
0.007368293673430283 0.004944542479508258
0.005725596384266349 0.003989827899430795
0.007362177049087154 0.00493415092070491
0.005715197333807977 0.00397932101543443
0.0034814410317166727 0.0021792534285994575
0.0024403692565844086 0.001622468781535648
0.0035410310670700804 0.0022659133557664233
0.0025165652453865536 0.0017062837204488372
0.003037098063690288 0.001891098044061029
0.0043706506828313065 0.0030853877414663156
0.0028990903440105926 0.001818818477837176
0.004275283054603059 0.0030127452091169393
0.005637693477755241 0.003929732503435422
0.006715907949414597 0.004565436045374483
0.00565035224408934 0.0039407993914285355
0.006726087869514955 0.0045763372948622975
0.007933843327491814 0.005480938922313598
0.008735577677986134 0.005948393625327034
0.007929999483956503 0.005477656010323532
0.008731778673136525 0.0059449954785553705
0.009776066597820614 0.006763427113355184
0.0103331105030051 0.007092073332297634
0.00974695782097542 0.00673691731280984
0.010305399244019365 0.007065494525431567
0.01106502323645445 0.007670055653802729
0.01136345787007996 0.007848267974044905
0.010988996654838953 0.0076009870101116156
0.011289352034009435 0.007779152521683112
0.011668268012578541 0.008096712799687513
0.011640441907322462 0.00807996170700458
0.011576953529140198 0.008014116980885812
0.011548896384297994 0.007997360198463027
0.011375385915486293 0.007893524801410092
0.010945192628947943 0.007631965563213199
0.011270939277242618 0.0077986610644557135
0.010836543082934273 0.007537103540160682
0.009860978383123503 0.006807254416733523
0.008949296411164178 0.0062551161966523505
0.009766385026746266 0.0067174938824301235
0.008844648342577208 0.006165327340303464
0.007051690046714636 0.00475561616575491
0.005772624191285275 0.004011467283864329
0.007056862930481511 0.004760076688403267
0.005778234937983661 0.004015876092544582
0.004024299874758968 0.002571218595470757
0.0030541170480689168 0.0020454743335397794
0.004119137906884687 0.002699899615928838
0.003176732864370265 0.0021737578396360197
0.0027772484175077584 0.0017692658679057615
0.004315428700812644 0.00302489357448997
0.0025361336941234058 0.00164075927602383
0.004163813808785272 0.002896127219227163
0.005765738379206065 0.004006696133516471
0.006734438948923972 0.004574892575570661
0.005698976612444782 0.003946838803458538
0.006677155366652341 0.004514933964011828
0.007843382445593041 0.0054196181182978795
0.008511692822223646 0.005810730212817946
0.007777701172027223 0.005358375523632436
0.008451056830717785 0.005749413056707009
0.009439946014191536 0.0065408591045668174
0.009921044460765322 0.0068264306819702004
0.009347136416130363 0.006455901062634162
0.009832665510621627 0.006741413757759364
0.010531620397445521 0.0073076655185835785
0.010740191038642453 0.007432845100866694
0.010428485450006488 0.007214233014003616
0.01063903240985051 0.007339385976999931
0.0109778142680374 0.007632141439397741
0.010905628264171224 0.007588310871001914
0.010859038304252869 0.007525995283114468
0.010786049349563183 0.0074821632197776804
0.010602682107470384 0.007370679843424932
0.010190042531032631 0.007118008544918111
0.010464826386506901 0.007247023907347228
0.010046499715144408 0.00699435332602583
0.009185217654415984 0.006347986886911157
0.008441936058549687 0.005897483097423233
0.009078266224759818 0.006247697165312859
0.008325387905975487 0.005797191514471516
0.006916864725000107 0.004684296328080911
0.005986594580586405 0.004143636828144498
0.006937225654822522 0.004705557041878377
0.0060100393999148825 0.004164879259042065
0.004701657449324635 0.0030734714491599553
0.003989151414471193 0.0026815344723118252
0.004823242769628029 0.003221474938776616
0.004131690351205094 0.0028294773120499453
0.00232941705206734 0.0015128444338554435
0.0038798759544179957 0.0026926191067812902
0.0020590482150270426 0.001365791822500603
0.0037233751402398737 0.002545353898602429
0.005382246156067621 0.0037360371426246944
0.006269183796416439 0.004255063636474358
0.00525578069066125 0.0036198561553595823
0.006160808913223608 0.004138805376269157
0.007333564490644345 0.005072736414242565
0.007965404380637265 0.005443629782109436
0.007214241124262269 0.004961061430698694
0.007855580991824805 0.00533189340352484
0.008826819501658293 0.006120751875439315
0.00924528670947119 0.006369962123168705
0.008703262130316069 0.0060076331072847445
0.009127328883176472 0.00625680258152533
0.009812807322063476 0.006819688058548039
0.009988227255439788 0.006925607189707569
0.009685806156430018 0.006705601154104984
0.00986346203568774 0.0068115077303841955
0.010186991032120007 0.007091972043813426
0.010109782982521742 0.007044842273870311
0.010029144977126954 0.006951781380669373
0.009950702570669264 0.006904651916970713
0.009795504154997341 0.0068122664843162095
0.009439289169402358 0.006593961885747986
0.0096416622419052 0.006674436469471346
0.009279536061046891 0.006456130427078861
0.008582004380512428 0.005929032182199917
0.00802385640936537 0.00559249799875345
0.008490103386305735 0.005842956165981336
0.00792551533061716 0.005506425822511471
0.006917441386915835 0.004703591212372775
0.0063171809855437746 0.004355000403091593
0.006953255031517137 0.00474029225164543
0.006356412793929723 0.004391689834701932
0.005446260871831891 0.0036250421804946416
0.005056256067537101 0.003407518035553198
0.005588186875400689 0.0037828369952763526
0.00520881709309631 0.00356527425254946
0.0018271568798868664 0.0012105147549608538
0.003287586528542984 0.002249692477828801
0.0015830761477604487 0.001074123424747774
0.0031581794609807264 0.0021131554334451155
0.0047223536809863865 0.003270489277507253
0.005541854715117331 0.0037465160441788456
0.004582977716635842 0.0031389484747674345
0.005423488619988866 0.00361491920459213
0.006571968799014133 0.00454735633593941
0.007181429017977726 0.004905068320569375
0.0064282127782391025 0.004412087910362399
0.007050039864714915 0.004769750058524513
0.00802989457206497 0.005574822508391088
0.008422601030010513 0.005809536465687746
0.007871516401193138 0.005430146754764298
0.00827170543155468 0.00566483443876839
0.008964937980735178 0.006237770926098253
0.009132877969116816 0.0063396100227303825
0.00878108151668343 0.006072750285630963
0.008952446541294365 0.006174580048062761
0.009295218193847397 0.0064719530839792375
0.009235743317369847 0.006435662841570046
0.00910745345963377 0.006304502189195497
0.009046724037932835 0.006268208235914691
0.008983928366001722 0.006245296412977179
0.008734755646858052 0.0060931911541816
0.00883058896786396 0.006107278657441486
0.008576962362094612 0.005955174141092326
0.008115525521457747 0.005604086707806129
0.007766293163840464 0.005394939326672227
0.008068090603904928 0.0055598565583478395
0.007716729919626021 0.00535070662805096
0.007055146491859754 0.004813890019737536
0.006720268775026635 0.004619354971366122
0.007113332731607362 0.004871876549288382
0.006781343330673851 0.004677331429029214
0.0062121781308674875 0.004189432908095742
0.006021336473323983 0.00408135009616333
0.0063558214630353715 0.004339023885856757
0.006169407872629532 0.00423092154419573
0.0013642969916747463 0.0009211005073482095
0.002660079298318121 0.0017892415457873801
0.0011748069230279588 0.0008115904027583097
0.0025679244753793215 0.001679634716433021
0.00395246867712686 0.002729054890966787
0.004729259846456358 0.0031755925455083716
0.0038057035406510896 0.0025854669863482624
0.004607236275752533 0.0030319541539575627
0.005715732725210162 0.0039541172538142
0.006276312409702204 0.004282657777080104
0.0055604799549582844 0.003806722079094516
0.006135212049598244 0.004135223135344966
0.007067495596544649 0.004908604005226299
0.007432995169415945 0.005127230598154529
0.0068718070639806885 0.0047286397324909505
0.00724713545673609 0.004947238120272883
0.007938960705318968 0.005523645493590761
0.008123736148418045 0.005635553733727232
0.007733956210996904 0.005338398484325557
0.007923479770933144 0.0054502922602461725
0.008328317161933113 0.005795851945826562
0.00834801994630348 0.005807892873462407
0.008151802402253999 0.005637562918376934
0.00817191099939188 0.005649598154930871
0.008249013324958688 0.0057284829452276635
0.00814871004487946 0.005667734229338134
0.008133255070316562 0.005623755500741449
0.008031500884496487 0.005563005679956587
0.007832203705026295 0.005410396480821533
0.007677026440667757 0.005317844149657283
0.007800407019986838 0.005380861458160292
0.007644588479314896 0.0052883092478463005
0.007296960389138854 0.004997268148678839
0.007161713068944406 0.004918435923264133
0.007365848613682609 0.00506413429547235
0.00723188757796687 0.004985297132779179
0.006950054837823844 0.0047286955175962365
0.00693139573283624 0.004717940068734923
0.007102538577678824 0.004879940126229733
0.007084258848515018 0.004869176473910405
0.0009968476279336223 0.0006825343271129797
0.002077467674799617 0.0013753445767741366
0.0008783607812212192 0.0006120576952645551
0.002023261292480288 0.0013048198394345605
0.0031633593142841934 0.002171255653184832
0.0039138000858810525 0.0025953539161119865
0.0030249098230601375 0.002027450533631305
0.0038027104235112217 0.002451494265187812
0.004846159206014609 0.003345140621213087
0.005368260464053621 0.0036488842138271893
0.0046876882712433175 0.0031907587828264436
0.0052255989454855715 0.003494461516414943
0.006082989590331393 0.0042157011092586304
0.006433728101565568 0.00442378755929602
0.005912888470835157 0.004056355949489907
0.006273109353285984 0.004264414926937898
0.006940500814610484 0.004821205371717548
0.007170050165673255 0.00495908905326497
0.006773582823126542 0.004668605327446406
0.007008583890497339 0.004806475480951314
0.0074761165206740495 0.00519622016866828
0.007597952053334198 0.005269818183177283
0.00733123007605542 0.0050651392611215824
0.0074554270022775026 0.005138732916491799
0.0076867468489700535 0.0053324642779137895
0.007722415914577605 0.005353931807639545
0.007591434123155871 0.005245630777961015
0.007627546774517669 0.005267097697747636
0.0076548841674272585 0.005288087053417331
0.007655105955355361 0.005288220369093004
0.007634118913404908 0.0052687864588363675
0.007634342361254137 0.005268920579494728
0.0075659383456169035 0.005199671473061574
0.007601761065454955 0.00522061266118689
0.0076311824462347395 0.005261569574331268
0.007666698541352799 0.00528251095748777
0.007636469525354271 0.005232919571133831
0.0077607983367459984 0.005304968051206262
0.007776244193333829 0.0053663587036704265
0.00789836470196271 0.00543840923539095
0.0007376157027398274 0.000506583259139157
0.001561259389690905 0.001029564498231986
0.0006658279548043614 0.0004637411447400823
0.0015286298879284303 0.0009866711924519476
0.0024049152144262815 0.001632875847978556
0.0031404607762115576 0.0020387523917272036
0.0023035627103169744 0.001518519210484777
0.0030635250667828988 0.001924356393795447
0.004017787093579329 0.002759656558616712
0.004539178452322741 0.0030585430932912982
0.0038897098150017665 0.002630110358835777
0.004426188011115207 0.002928961214090758
0.005249254165733053 0.003627516919360306
0.005629640796671399 0.003850693990434982
0.005127749921887471 0.003511812673689644
0.005516513967363713 0.003734971547194918
0.00616742552044465 0.0042742416951029386
0.00643521528980926 0.00443350224882187
0.006052600156471216 0.004167970288992232
0.006325250974723165 0.004327220819451262
0.006812130478724081 0.004725348189694721
0.007006770659893739 0.0048417871229217875
0.006701226234426028 0.0046237365468825824
0.006898997197655482 0.0047401701344625315
0.0072408932763051775 0.005016186349714796
0.007388782008159713 0.005104430713981037
0.00716338222896736 0.004944907256660387
0.007312843167824365 0.005033150219735714
0.007530873610896469 0.00520252830106077
0.007658817990177341 0.005278276585551391
0.007511613328831872 0.0051845859458643055
0.007639885675659638 0.005260334995051425
0.007803787346352934 0.005377592725270186
0.007965621166339568 0.005472661703870741
0.007849302587140748 0.005420106427049744
0.008010221963570725 0.005515177261547146
0.008206916698072553 0.005652639547848216
0.00841911299313863 0.005776998293018625
0.00831730701408975 0.005755228481825792
0.008526760321690323 0.005879593230932054
0.0005946425538654106 0.00040740160558438434
0.0012427942196933022 0.0008220903581995804
0.0005884119281390144 0.0004037737667722699
0.0012398043197455687 0.00081842428075871
0.0018789762256507252 0.0012473045540100423
0.002564138583697882 0.0016146439105610014
0.0018253404389146192 0.001178355671820696
0.002525094324654634 0.0015456648363421184
0.0033745942083232027 0.0023015234031735794
0.003916100066501797 0.0026065350224430545
0.0032981263258000074 0.0022213338746683293
0.00385039928563646 0.0025263239140233718
0.004649513471784876 0.0032042114351030077
0.005063000713319447 0.00344440293824895
0.004569773033531656 0.003127318569193145
0.0049898742811392985 0.0033674974046564946
0.005636951046755043 0.003897981658010044
0.005947845569966451 0.004081240628788999
0.005560733184934155 0.00382668577169886
0.005875665582877229 0.004009937530884749
0.006360304104751179 0.004399640098358143
0.0065935756239050266 0.004537749244433012
0.0062935933350284565 0.004337627837731414
0.006529251950512373 0.004475732656462065
0.006913551794071876 0.004780353484135637
0.007130536362262915 0.0049087934096712325
0.006858752417064013 0.004729399224345409
0.007077423082768736 0.004857836568711098
0.007421675628959232 0.005126150652053243
0.007643586126803685 0.005257133590607013
0.007400501089567792 0.005106391822943696
0.0076230352028119775 0.0052373739154367265
0.0079598530471971 0.005494252931713069
0.008210893492643504 0.005642104562649381
0.007984786343369585 0.005517326123617991
0.008235074642550171 0.005665179135997619
0.008614570160095782 0.0059540099710504776
0.008893060108288775 0.006118597519699233
0.008687307073879892 0.006020414841902804
0.008963546549930467 0.006185008862026362
0.0006008796752906482 0.0004024810814289315
0.0011308301518621986 0.0007664699176250546
0.0006499233138408513 0.0004295865904740783
0.0011576121777121056 0.000793565463379146
0.001624079678504121 0.0010524489676578394
0.0022768281061408438 0.0013956070919924305
0.0016140818941808696 0.001038499174889505
0.0022696910444571852 0.0013816451401254548
0.003031857372202616 0.0020519901628063253
0.0035813726361047364 0.0023570868817222304
0.003005282758274973 0.0020234057695626105
0.003558897649188322 0.0023284946475996588
0.0043111120824198814 0.0029600592505940933
0.004744414936261657 0.0032091777138976733
0.0042746788582982516 0.002924447255508878
0.0047113305238968345 0.0031735586445612507
0.005332028229703651 0.0036772607917766806
0.00566032480025957 0.003869154444100498
0.005295465822045568 0.0036426905250829048
0.005625894971819941 0.003834579303308645
0.006101324379890458 0.004211395738955733
0.006366373856754953 0.004367163732717853
0.0060688070266265385 0.004180892913125134
0.006335217809943905 0.004336658211703459
0.006723847873828926 0.004639455726895714
0.006968767002607596 0.0047834400295646085
0.006698304659313572 0.0046154737610936344
0.006944127103854308 0.004759456748996704
0.007335216674372015 0.005063064600608508
0.007606622534216538 0.005222752713395584
0.007319560669108916 0.005048418837823254
0.007591530188351342 0.005208106360053269
0.008026200913924302 0.005545318315642278
0.008322514858740769 0.0057201238025573215
0.008029774322208255 0.005548597997605501
0.008325966336466897 0.005723404820864795
0.00882800262438136 0.006115269992075298
0.009143719744665301 0.0063029957834379495
0.008848963718280098 0.006134225590594153
0.009163963924798568 0.006321954146120962
sig_last 640
-129787.89426139643 4738.11958424193 4738.11958424193 -225565.72308353588
-95695.17884924376 2336.284343708752 2336.284343708752 -188736.49623208508
-134850.95606413326 17706.111193118362 17706.111193118362 -226623.21897905384
-99827.1214945604 11427.67959484777 11427.67959484777 -189965.37986298488
-121764.24908180955 2872.5368688560748 2872.5368688560748 -258774.89402949848
-89135.90403101956 2533.119160828617 2533.119160828617 -188238.7611880143
-123835.92160173166 16140.98346922774 16140.98346922774 -248042.99786328894
-86111.96787001572 8605.248074638512 8605.248074638512 -182289.82544167273
-142594.64438980745 1124.3346787791234 1124.3346787791234 -267952.81328273925
-108732.62209087984 3273.2175703617104 3273.2175703617104 -212017.98382867605
-126796.36167097696 12575.066337880664 12575.066337880664 -233519.1234408742
-96140.20147656473 7361.2623684706305 7361.2623684706305 -173636.04787860866
-137180.1230703829 3511.871310537058 3511.871310537058 -265395.8259035003
-123077.16542583906 5469.045567404122 5469.045567404122 -234815.1126546611
-116771.10834624295 8053.449776047653 8053.449776047653 -224826.69119044568
-102036.33330993948 6000.678537743175 6000.678537743175 -191359.59342502893
-144057.18541392343 6553.092818490215 6553.092818490215 -266562.5320680616
-139161.1995113607 6685.903360540462 6685.903360540462 -249025.80157365242
-124752.85008462591 4584.122178772498 4584.122178772498 -227901.4760307241
-119236.31059691058 6313.529863258944 6313.529863258944 -216705.20350460344
-144045.05231500205 7550.31724517951 7550.31724517951 -255491.26028087083
-148981.82619025654 9691.567587757236 9691.567587757236 -274229.48175228306
-131346.74566676063 4403.054197291207 4403.054197291207 -235425.58149264238
-137406.38079886304 7828.473052595882 7828.473052595882 -255678.11465156102
-136060.00892535606 10185.375713985051 10185.375713985051 -257993.26717489026
-152559.8976797578 12208.396903874696 12208.396903874696 -291187.00448506983
-134670.61834313994 6164.942969977926 6164.942969977926 -258113.42960305858
-148823.46733596217 8836.454129147827 8836.454129147827 -291599.64176270907
-129243.48426402759 12406.718002838817 12406.718002838817 -247095.07910451456
-171761.9491900988 13910.559794132441 13910.559794132441 -316045.2603649921
-144683.418371603 -481.34264765019907 -481.34264765019907 -274085.02199991763
-191064.36028956578 -2786.7975375363517 -2786.7975375363517 -348981.6131562845
-108153.10064319838 5475.034695660572 5475.034695660572 -223546.80219059708
-159094.1023991521 -1844.0938434796856 -1844.0938434796856 -314804.4864868163
-160223.73256407358 -9297.656281970689 -9297.656281970689 -311401.7840113204
-210760.50380750274 -25642.175897808786 -25642.175897808786 -411211.4979774762
-151212.14319726694 2354.2185525506948 2354.2185525506948 -269494.72906954115
-161258.92304278008 -148.40178603991592 -148.40178603991592 -280413.75666728534
-157557.05715536966 -892.9754979874101 -892.9754979874101 -284434.9616515043
-167758.52228992138 -3597.31111628207 -3597.31111628207 -295080.7417326302
-135132.45368078965 26348.51737071692 26348.51737071692 -217713.13754026112
-95867.41479484423 16975.955017892953 16975.955017892953 -174182.12585666025
-135362.63391385917 34097.28220197081 34097.28220197081 -202616.49482899095
-97562.25517202672 23330.853784338935 23330.853784338935 -161532.6426877688
-122793.85438812243 24057.4501544094 24057.4501544094 -231576.33764038657
-105457.81725523327 21114.309201571043 21114.309201571043 -203005.54751721706
-110546.52929485039 26954.283959651853 26954.283959651853 -194785.69585227262
-92590.81078750224 22490.743323448914 22490.743323448914 -168839.02943109936
-136224.73179242786 20889.283820435277 20889.283820435277 -272041.38811844686
-124738.8244828265 21475.421166177584 21475.421166177584 -243584.7215557816
-98657.85507131171 21114.388606772212 21114.388606772212 -189502.76140863792
-88392.32893704245 19481.49034640975 19481.49034640975 -165960.80801899527
-151593.78580622893 22961.555479034963 22961.555479034963 -294241.5283912792
-137581.9960810842 21719.53768893449 21719.53768893449 -267370.5860294613
-98120.67454134868 17443.71910943595 17443.71910943595 -190397.5974769885
-90697.03229918797 16608.637298284677 16608.637298284677 -165895.44960105393
-162837.5292584905 22834.83992297182 22834.83992297182 -300448.64237694937
-150735.5681709368 22304.617536601632 22304.617536601632 -276830.8922582737
-105799.23696107122 16561.848289484173 16561.848289484173 -202564.14243345783
-98705.15569237727 15996.780293248685 15996.780293248685 -180196.4347447495
-164357.03399814217 19344.77139788332 19344.77139788332 -291283.8999507607
-154722.30782954823 19059.114668634982 19059.114668634982 -272873.5261298371
-120822.55242937923 16100.467083583508 16100.467083583508 -221957.85113433245
-114797.71182830671 17625.5659188649 17625.5659188649 -206823.6361245574
-154095.98393057656 21242.70820704165 21242.70820704165 -268550.51657248137
-146792.95790535933 20161.826038700252 20161.826038700252 -259683.26908879928
-143524.9915099905 17096.270720789118 17096.270720789118 -247937.07229699602
-137769.45213681457 14706.942269434036 14706.942269434036 -231537.48142186643
-131322.33104295173 20518.034482625157 20518.034482625157 -236837.9214419104
-133627.7181696533 19775.215980735054 19775.215980735054 -238444.22473586389
-152528.98349772394 20077.662937034664 20077.662937034664 -283681.2640396631
-155244.6736915821 19116.353135708756 19116.353135708756 -285997.0415443785
-107669.73558685614 14775.21283809259 14775.21283809259 -195358.64314638634
-115949.74637995921 11302.702347389215 11302.702347389215 -224246.08147477105
-184283.84690598684 15682.756001037847 15682.756001037847 -348324.64777535404
-189530.18657366344 11169.311179630004 11169.311179630004 -362845.9500994925
-85664.28070096004 11935.471039910863 11935.471039910863 -160546.98553756395
-169359.72010019276 -6901.514861587746 -6901.514861587746 -342346.3896538514
-218830.15986373753 -15382.264762203764 -15382.264762203764 -405422.3680016872
-337671.1245064671 -52940.61331523022 -52940.61331523022 -626172.392171583
-134491.1564844767 37499.55143305674 37499.55143305674 -187459.2712813239
-109561.62150228498 30271.791522652413 30271.791522652413 -161083.7927181274
-118888.7545056763 33946.94866940772 33946.94866940772 -148380.36176543994
-92779.15642937082 27222.636867577603 27222.636867577603 -122641.72991342474
-123438.39632616084 35004.57468579637 35004.57468579637 -187488.3045238692
-122444.15584747579 33965.66320099581 33965.66320099581 -182048.69518169618
-91906.1838188236 26994.638679625557 26994.638679625557 -127632.0392400363
-89544.49939520519 25551.744430531442 25551.744430531442 -120754.46292151706
-129906.50663479352 36118.53077630051 36118.53077630051 -195493.24068688886
-137957.9146632272 38879.929466734335 38879.929466734335 -196931.60576222333
-86433.68687539511 25141.999726380785 25141.999726380785 -116965.35913055905
-93342.43858819794 27209.297504326092 27209.297504326092 -119441.05201006739
-147653.9090996971 39845.2358595486 39845.2358595486 -219474.72656640035
-153591.9825293263 45393.71007610652 45393.71007610652 -214009.25541533556
-89672.05789697214 26351.524434899162 26351.524434899162 -113334.3643188736
-96123.33859031682 30507.466564929884 30507.466564929884 -115049.82437506376
-171329.70611701623 48708.92442294439 48708.92442294439 -247305.20849337114
-174494.565757548 50465.5833566028 50465.5833566028 -235296.53673017697
-91872.7349314154 29326.879774593057 29326.879774593057 -108888.87069593689
-93074.2062833773 29629.416684103424 29629.416684103424 -106211.21801170637
-198168.71883018932 54733.44746359509 54733.44746359509 -278376.4071437862
-200672.56238968443 58425.22514773346 58425.22514773346 -260035.14597919374
-88866.67814938149 30418.988084464192 30418.988084464192 -100879.0078167873
-85890.5274831145 26664.61639055171 26664.61639055171 -93029.78992191516
-223404.85439080335 61473.90409886866 61473.90409886866 -303162.76273915917
-224985.57396675926 64385.568441279014 64385.568441279014 -302699.4944188784
-78607.2203238013 26285.04872743054 26285.04872743054 -82524.51232115347
-81448.9781552184 23852.691104874488 23852.691104874488 -82363.90403639403
-238273.48250340493 72984.41442458914 72984.41442458914 -334961.5167942167
-224670.6328835851 69449.09808652685 69449.09808652685 -309947.182881974
-64624.83954033221 18478.590340933715 18478.590340933715 -64490.060917650626
-54318.68037311695 14983.435378193857 14983.435378193857 -52971.28658965358
-242022.46009607307 47551.86188324364 47551.86188324364 -312852.80046422064
-253850.48609673747 71039.68666503004 71039.68666503004 -308793.39250086545
-35781.74706949648 11364.615407614478 11364.615407614478 -37216.89117628396
-37569.425620305585 10493.67699581449 10493.67699581449 -36969.97233093386
-192437.5525514988 42349.32297508826 42349.32297508826 -237555.3452725462
-173567.76832153392 41984.54455152128 41984.54455152128 -217895.40334049633
-29275.14826663229 9539.642366421096 9539.642366421096 -32021.17336129772
-1374.0618693787026 344.7653062867947 344.7653062867947 -1542.1059336553326
-117817.86420111201 33397.0673459751 33397.0673459751 -134965.92231378183
-108102.4132865117 30434.983354262622 30434.983354262622 -126568.91125973722
-112106.34206717914 31359.77243292392 31359.77243292392 -121644.08235483305
-102153.02343747544 27997.56600806096 27997.56600806096 -113477.24391192844
-108069.13519397951 30966.15399813488 30966.15399813488 -133523.99064743266
-117722.65007533976 33658.84140724769 33658.84140724769 -140035.89820693177
-93785.41857120025 26949.25234532206 26949.25234532206 -110788.4535376174
-104182.4258255805 29652.980499650213 29652.980499650213 -117034.67014210224
-115742.38235094055 32749.94171706633 32749.94171706633 -134682.45138068448
-131009.24421533267 37318.78232413084 37318.78232413084 -144874.69189795747
-99410.57373178189 27801.5413846531 27801.5413846531 -108075.04247338092
-113625.9318027885 32474.961730331343 32474.961730331343 -118790.10155539413
-126194.24647495167 35807.350214699254 35807.350214699254 -134126.5737987807
-139984.2620286903 39529.674687790706 39529.674687790706 -143084.16265976962
-109567.70524748144 30532.801048888272 30532.801048888272 -107766.28039079752
-123447.46202484086 34341.311311767065 34341.311311767065 -116642.60401603374
-135648.92526422036 36796.682267729324 36796.682267729324 -128745.42753557855
-149710.11418841776 40759.44549537264 40759.44549537264 -136991.30660500034
-118194.92671556404 30779.254370294977 30779.254370294977 -102768.46159479025
-131838.9614734409 34647.62773974778 34647.62773974778 -111159.99825577557
-142840.04925509758 35375.91749951104 35375.91749951104 -119449.6060329913
-157285.07998262538 39370.42107462365 39370.42107462365 -127862.89661913202
-124553.56318453174 29002.326320271008 29002.326320271008 -95227.95716170344
-138568.39430452013 32870.36003918494 32870.36003918494 -103708.35192467165
-143229.35862259925 29712.272213466524 29712.272213466524 -103741.9806324285
-153417.7444857757 31785.008372876182 31785.008372876182 -109592.77788215704
-129012.4434408636 25315.647865827897 25315.647865827897 -87921.71629413507
-138851.16644045006 27475.822056129113 27475.822056129113 -93814.05589156412
-136844.64367345543 20357.19087501085 20357.19087501085 -88145.89934636044
-134036.9634979282 20314.520208915546 20314.520208915546 -87415.53145442888
-131248.55799773856 20087.583002937638 20087.583002937638 -83010.30294981683
-128266.5227179463 19806.822762412114 19806.822762412114 -82231.23613560865
-125620.4919938264 11156.643349473596 11156.643349473596 -79189.20987729174
-111297.58283711036 10816.142920109687 10816.142920109687 -72204.8580974181
-124735.19713804634 14701.839371434555 14701.839371434555 -78125.93631666528
-110397.04179204546 14250.968430688154 14250.968430688154 -71232.77271195891
-102794.00607491395 -9163.554612681955 -9163.554612681955 -92219.92665485376
-46013.87693860994 -3644.8340482362555 -3644.8340482362555 -59435.01675593824
-103219.47656065959 8800.255823061656 8800.255823061656 -77234.93497655942
-44019.76476138126 7889.812556694652 7889.812556694652 -49382.62452420703
-111223.09091566816 31428.798352003756 31428.798352003756 -115922.4255976137
-111472.1838100947 31557.305502941665 31557.305502941665 -115732.26432310701
-103278.43060408317 29829.523304064744 29829.523304064744 -104047.50841807433
-103270.04075872888 29930.257211256405 29930.257211256405 -104055.74025348836
-104460.03658963165 29519.09183230046 29519.09183230046 -111402.25449079984
-119328.9942335279 34202.50224631357 34202.50224631357 -123824.95155225441
-92948.02568659549 26101.14374701414 26101.14374701414 -95851.07216693604
-107965.9409849669 30740.811849318234 30740.811849318234 -107763.15738979868
-115004.09159955781 31341.627973636467 31341.627973636467 -112234.36760756721
-128047.4457566667 34536.77132337514 34536.77132337514 -120116.50857545584
-104610.01417079045 27531.037850810564 27531.037850810564 -95657.26836833979
-117156.92586964354 30386.30455518508 30386.30455518508 -103446.1326463605
-124787.32934492175 30623.916894926915 30623.916894926915 -106652.27667978969
-136621.735595912 33172.21552412433 33172.21552412433 -113815.18967729647
-113852.05152534749 26478.119973336856 26478.119973336856 -91346.23776946701
-125310.23006529744 29182.80846062119 29182.80846062119 -98631.0295151432
-131121.9185924722 28392.78330653978 28392.78330653978 -99488.61681193185
-143074.44200514766 30927.50686802539 30927.50686802539 -106300.27039181687
-120844.8831218668 24660.568108069056 24660.568108069056 -86426.67103805166
-132149.0541464921 27094.671322927243 27094.671322927243 -93270.07136440513
-135080.33673644275 23887.220046387385 23887.220046387385 -90681.4829380754
-143307.31149174937 25734.937937516763 25734.937937516763 -95626.69258349591
-126803.7639995573 21380.768507106724 21380.768507106724 -81700.42338506562
-134651.56617118025 22975.301958143973 22975.301958143973 -86592.44975041365
-135132.55620661617 17155.724211895536 17155.724211895536 -82408.18913031413
-135519.10570027505 17842.446529434703 17842.446529434703 -82938.95500591057
-130043.41560049783 16587.26496971192 16587.26496971192 -77813.57880506334
-130511.65806838749 17341.82098514367 17341.82098514367 -78480.75117117261
-130428.94709540386 9228.52620083924 9228.52620083924 -75343.02548192514
-121401.19263737916 9393.965354906546 9393.965354906546 -71125.29644434017
-128201.35118998907 10753.848048806423 10753.848048806423 -73676.47345858823
-119102.83906001513 10953.05039605462 10953.05039605462 -69626.47485125758
-117293.42861412052 -611.4247662347511 -611.4247662347511 -68986.7329795851
-96388.6110225273 -826.6900502260189 -826.6900502260189 -57503.9053951455
-118373.9495646842 4719.406581771711 4719.406581771711 -70475.32583255548
-97544.05002568677 4006.039445803568 4006.039445803568 -59207.35372395571
-90839.73486366007 -11470.285078120236 -11470.285078120236 -69267.63333800733
-47158.40302711575 -8065.415039764195 -8065.415039764195 -48756.80607342647
-93666.96615485307 1072.2532636538963 1072.2532636538963 -69410.83307531581
-45087.520525240856 417.09147002121074 417.09147002121074 -49328.570659246994
-101298.3173284921 29320.515646342494 29320.515646342494 -98942.73077140209
-111292.98932937406 32492.976760443482 32492.976760443482 -105956.19166564001
-94226.19462449131 27283.38612524575 27283.38612524575 -89954.90679583307
-104034.69810716978 30507.40798867446 30507.40798867446 -96922.5997260562
-101356.32462962971 27822.554547609037 27822.554547609037 -97811.95643499082
-116451.18381907398 31029.317000204162 31029.317000204162 -106985.89820027826
-93363.52219359762 24801.634751141504 24801.634751141504 -85975.57635213665
-108519.80890777319 27691.797890321803 27691.797890321803 -94878.65614477968
-114136.5504087458 26445.473886471915 26445.473886471915 -93743.31780826674
-124684.6663689708 28630.180160653887 28630.180160653887 -100310.8051866109
-106724.03148457051 23768.752604710317 23768.752604710317 -83817.57892588421
-117138.6134921416 25764.261525466558 25764.261525466558 -90480.85797657067
-120523.59128803996 24534.004359503222 24534.004359503222 -88699.79680923183
-131049.75814958362 26415.9678385196 26415.9678385196 -94762.78629529678
-114471.01574089592 21995.87078255884 21995.87078255884 -80432.25977639524
-124681.26915833198 23858.175041774364 23858.175041774364 -86550.72497701443
-126532.69149531136 21247.275355382968 21247.275355382968 -83157.18684925367
-134572.2420171836 22672.823241562655 22672.823241562655 -87885.25727050091
-120864.41857802027 19225.90284906717 19225.90284906717 -77093.98842724529
-128942.45065016103 20581.3822305839 20581.3822305839 -81709.30717532444
-128788.85743893098 16000.567289089742 16000.567289089742 -77415.03365783542
-132554.41104898733 16818.37566170576 16818.37566170576 -79504.32793305296
-124750.780521251 15074.432181693024 15074.432181693024 -73745.25481887601
-128493.13158652994 15847.547025344782 15847.547025344782 -75925.38181634569
-128267.85685841757 9394.731628266363 9394.731628266363 -72040.4638119291
-125191.67546311216 9685.558646517951 9685.558646517951 -70614.95223273539
-126324.87133644178 9868.592645348583 9868.592645348583 -70663.21048912102
-123277.0626499629 10172.555967150804 10172.555967150804 -69251.09966497673
-121641.3133729514 1410.7429088171962 1410.7429088171962 -67639.32487177059
-110001.4488264836 1201.9297074195968 1201.9297074195968 -62008.299300800645
-121719.77136611725 3845.412889531741 3845.412889531741 -67741.70838291985
-109999.83424291332 3660.0209735667877 3660.0209735667877 -62089.73824004342
-110514.04431620191 -6270.18288992948 -6270.18288992948 -66282.93405211855
-88231.23730887019 -6340.629011663181 -6340.629011663181 -54826.65702305912
-112022.93476998807 -1132.7894209571923 -1132.7894209571923 -66944.95462808554
-90036.80046209913 -1542.7216704683674 -1542.7216704683674 -55105.558024980055
-88414.52569608785 -9363.021550444293 -9363.021550444293 -68437.76385119835
-57022.632663889424 -7960.69298606319 -7960.69298606319 -55005.42068254846
-88643.76263027007 -828.1318621262596 -828.1318621262596 -65739.26164726962
-55852.18310087849 -271.523692025601 -271.523692025601 -51985.94342884586
-91361.45719166694 26108.028519664847 26108.028519664847 -85533.58948829421
-106631.94007671851 31051.62159616232 31051.62159616232 -97230.88213385911
-84734.37942746557 23902.087626365566 23902.087626365566 -78705.85192093012
-99474.59935308805 28393.450627579674 28393.450627579674 -90565.05534393525
-99726.75683370006 24189.109633342843 24189.109633342843 -84788.91223860522
-112902.43947406914 26434.24533728847 26434.24533728847 -92216.73991313796
-94958.93214611117 22015.60383736412 22015.60383736412 -77719.48639562416
-107803.99289556342 24170.973547989473 24170.973547989473 -85325.04460912825
-110207.93570489417 22301.608452107565 22301.608452107565 -81698.22364200802
-120266.43529291582 23889.21230256147 23889.21230256147 -87638.5548957416
-106218.17283213744 20358.441137462 20358.441137462 -76094.51265560652
-116305.82081825224 21902.33178834489 21902.33178834489 -82016.00869213865
-117280.86578690726 19738.212247702446 19738.212247702446 -78141.23243041277
-125353.35389387979 20808.978518060223 20808.978518060223 -82692.03734348353
-113728.96613148639 18097.971831425028 18097.971831425028 -73801.66601977184
-121695.24986234133 19056.49722046066 19056.49722046066 -78142.82026275006
-121166.91807183772 15504.191225642451 15504.191225642451 -73606.1919119303
-126588.8526690941 16149.78408475456 16149.78408475456 -76568.34926869776
-118729.80473583679 14473.01062828254 14473.01062828254 -70963.0329327297
-124104.58972676157 15126.857144762595 15126.857144762595 -73928.267648025
-122661.83148142356 10322.331900478268 10322.331900478268 -69234.84854845506
-123936.71031546929 10519.065092188117 10519.065092188117 -69856.20011913405
-121736.9657074148 10067.325068566883 10067.325068566883 -68362.4764034715
-122963.58926238556 10279.896655527435 10279.896655527435 -69060.8187896929
-120659.30147256542 3840.7298679913697 3840.7298679913697 -65786.56482868726
-116103.6282416306 3725.5153142951467 3725.5153142951467 -63460.30682093494
-120724.23364689911 4780.600300198568 4780.600300198568 -65912.79641348578
-116159.50775547352 4637.504300492315 4637.504300492315 -63589.18179324674
-114319.66183639024 -2879.9528244213184 -2879.9528244213184 -64040.36956251242
-102428.06599505739 -3039.722908264732 -3039.722908264732 -58191.277902527014
-115308.0355234542 -304.6114141654963 -304.6114141654963 -64505.76671102428
-103343.05194680189 -676.6684276166327 -676.6684276166327 -58534.11686133132
-106069.74948946298 -7427.4611838908 -7427.4611838908 -64895.10693852132
-87256.54681420008 -7272.561490026024 -7272.561490026024 -55280.538075774755
-107069.67122675668 -3375.8554242527007 -3375.8554242527007 -64508.089484715325
-88119.07134904162 -3625.091979467235 -3625.091979467235 -54553.08726951974
-89038.12336812624 -7509.369130960376 -7509.369130960376 -65995.94998372221
-66916.99874901252 -7191.297283168595 -7191.297283168595 -56085.661745893565
-88599.71439815708 -1478.5192605871293 -1478.5192605871293 -63611.831061472316
-66453.29527888606 -1027.3085233752427 -1027.3085233752427 -53369.19633788339
-82091.5802251589 22774.41657738402 22774.41657738402 -75213.13216493484
-99827.78929854505 27835.471807428068 27835.471807428068 -89328.13798399219
-77227.94215366438 21033.957599283054 21033.957599283054 -71190.46242782738
-95831.06796850477 25675.618189399072 25675.618189399072 -84472.13068289748
-98073.74018563406 21036.189675856414 21036.189675856414 -76519.05393504328
-109011.91204581951 22722.800945854287 22722.800945854287 -82902.42236743447
-95173.45030612111 19642.6268227007 19642.6268227007 -72386.66540773648
-106176.9926409484 21118.09899260421 21118.09899260421 -78792.03490234063
-107071.25286167872 19004.03552503414 19004.03552503414 -73877.96846857935
-115472.77142691068 19952.1157063257 19952.1157063257 -78796.37364760299
-105147.38494061182 17681.9922874726 17681.9922874726 -70950.87021283175
-113637.41211593965 18583.7450205513 18583.7450205513 -75864.9743587055
-113032.90315995552 15423.173410290638 15423.173410290638 -70840.07430965826
-119304.61531956652 15952.855957112672 15952.855957112672 -74139.74666095282
-111591.88841747622 14310.59499407787 14310.59499407787 -68961.6942601843
-117838.80625705887 14938.58032314984 14938.58032314984 -72245.93011485843
-115950.80115589217 11109.22152882136 11109.22152882136 -67344.30588600539
-119749.64208672199 11352.777451687929 11352.777451687929 -69189.10189381987
-115520.77215309603 10536.97420315853 10536.97420315853 -66694.09462606693
-119318.87769649978 10782.66217541162 10782.66217541162 -68533.76416963691
-116748.49706145238 5933.912815416932 5933.912815416932 -64311.62106330751
-116645.4114547274 5866.941939628365 5866.941939628365 -64200.278645937746
-117128.88320398846 6047.183877155155 6047.183877155155 -64593.42768608969
-117020.22561404751 5979.556458390632 5979.556458390632 -64491.96960644193
-113955.12645815042 303.2425278505611 303.2425278505611 -62395.227711690124
-108856.8113693678 -32.65039352336739 -32.65039352336739 -59817.646264244526
-115262.27906434587 1277.9843130711479 1277.9843130711479 -63233.17400870803
-110088.89855309078 930.6856581601758 930.6856581601758 -60732.807305161194
-109114.68392698943 -4534.952825454873 -4534.952825454873 -62125.41484053473
-98619.96934162952 -4699.0658759685975 -4699.0658759685975 -56633.485493228036
-110415.29652281069 -2602.799832724842 -2602.799832724842 -62883.94174227398
-100148.89243810385 -2866.290980752987 -2866.290980752987 -57325.673093826226
-102945.53667466636 -7160.410811208238 -7160.410811208238 -63328.5116492741
-88345.1722044931 -7018.313115390294 -7018.313115390294 -55835.626629855695
-103550.84604632428 -4037.898493976583 -4037.898493976583 -62761.95648464499
-88782.17472389588 -4194.0637592997755 -4194.0637592997755 -55110.67686724429
-91436.61363004672 -6074.560822696674 -6074.560822696674 -64684.03406607437
-76565.16099090512 -5665.169343912923 -5665.169343912923 -57292.00088578522
-90207.52251882161 -1770.4116973599196 -1770.4116973599196 -62066.91602713357
-75347.35010905766 -1205.466452049248 -1205.466452049248 -54561.67002409136
-75100.80258652475 20387.934353818528 20387.934353818528 -69377.56095596145
-94762.6204268888 24468.563388237348 24468.563388237348 -81753.79343600132
-72724.33032529504 19727.533060507798 19727.533060507798 -67311.96661048803
-93225.02784411784 23151.25185948085 23151.25185948085 -79075.23460590499
-94602.92442120299 18773.54647911338 18773.54647911338 -70434.6681713962
-104888.71019933828 19805.965237828226 19805.965237828226 -75964.6779609555
-93733.88083977842 17831.062936866678 17831.062936866678 -68588.32249919312
-104107.49358721345 18843.119922987644 18843.119922987644 -74032.46204320695
-103577.70425965838 15775.812400919316 15775.812400919316 -68367.58915723271
-110768.16325485127 16326.655309021775 16326.655309021775 -72262.71098710634
-102963.10081794344 14765.737473037443 14765.737473037443 -67248.5457919844
-110185.62827187372 15255.877905749538 15255.877905749538 -71103.32219315624
-108105.18893413203 11966.32343802075 11966.32343802075 -65698.42375051405
-113534.77225995682 12279.400561029015 12279.400561029015 -68421.59313307228
-108103.87387045452 11203.056285102219 11203.056285102219 -65315.823195163466
-113604.87445802493 11547.32735534714 11547.32735534714 -68042.38641016581
-111140.51154056315 7661.823488008445 7661.823488008445 -63303.65723281923
-113750.53561425074 7621.716249481215 7621.716249481215 -64494.98934366336
-111791.56049653067 7343.463873267122 7343.463873267122 -63700.529475564246
-114445.60297984991 7295.138896448453 7295.138896448453 -64893.565056475454
-111046.81588333657 2908.948874756181 2908.948874756181 -61283.85323081836
-110289.10946524212 2590.982416996381 2590.982416996381 -60896.05236241083
-112332.53487974327 3142.801603197501 3142.801603197501 -62270.32363691858
-111537.41637024496 2839.759936315236 2839.759936315236 -61884.18195038974
-108814.39700877853 -1721.5026036263366 -1721.5026036263366 -60258.77546739962
-103865.82349175075 -2109.1782453521687 -2109.1782453521687 -57853.2777162605
-110596.71455830752 -714.3049827268912 -714.3049827268912 -61530.24570453714
-105508.50400031089 -1179.5510018205 -1179.5510018205 -59060.114802282194
-105446.44227721871 -4967.744550009808 -4967.744550009808 -60742.37640689055
-96934.20467012546 -5185.935575558134 -5185.935575558134 -56260.85790657989
-107105.15293884698 -3493.436670433008 -3493.436670433008 -61644.47218618272
-98667.70815493666 -3757.2143640546788 -3757.2143640546788 -57139.93744737296
-101245.53811195816 -6372.751093229897 -6372.751093229897 -62105.92569392637
-90700.41091141847 -6302.502760124482 -6302.502760124482 -56762.41037272284
-101407.88844924443 -4101.376081755872 -4101.376081755872 -61475.495566946534
-90822.06249766459 -4151.517084056252 -4151.517084056252 -56062.945648214154
-94174.59388603752 -4682.5495428147715 -4682.5495428147715 -63546.34523490675
-84756.36264593975 -4047.5403578658897 -4047.5403578658897 -58469.27014270507
-92364.95564604641 -1830.4092500355468 -1830.4092500355468 -60892.38476638105
-82998.35366939926 -1232.5580104136914 -1232.5580104136914 -55811.24029294189
-70961.236286896 18623.705062456233 18623.705062456233 -65453.53367383914
-90559.92745122222 21809.212129417378 21809.212129417378 -76377.75455289702
-69959.93308907055 17875.024595155148 17875.024595155148 -63954.67815886976
-89843.96065590816 20599.38853473468 20599.38853473468 -74788.27507895608
-90812.80573324834 16646.867527000817 16646.867527000817 -65901.9634006957
-100319.95254722245 17344.118872070594 17344.118872070594 -70823.73147065053
-91249.88048586727 15642.138254744317 15642.138254744317 -65335.49308182438
-100745.51824768828 16257.89106490755 16257.89106490755 -70310.07977732157
-98966.6473096022 13118.581142135874 13118.581142135874 -64109.008794731046
-105867.73271137592 13342.405153542803 13342.405153542803 -67649.03824975445
-99709.40992430889 12197.50826558966 12197.50826558966 -64140.73507165221
-106644.51377474639 12417.917434033472 12417.917434033472 -67679.25143862377
-103518.87245168591 9266.007530433788 9266.007530433788 -62296.53000878649
-108368.78484095793 9329.229730736286 9329.229730736286 -64559.982680520254
-104548.36394292292 8702.271055770727 8702.271055770727 -62825.77835516615
-109406.49816924002 8736.573518817346 8736.573518817346 -65090.336293496526
-106299.75255496077 5152.009780761764 5152.009780761764 -60548.96393245965
-108282.82280210374 4941.698715332714 4941.698715332714 -61484.67614196858
-107599.49561213756 4919.524251199164 4919.524251199164 -61661.12248886971
-109640.01060412121 4696.694539441519 4696.694539441519 -62539.259423756805
-106211.51665643047 954.032961408245 954.032961408245 -59373.45594869613
-105331.82676481585 537.4173239980817 537.4173239980817 -58925.15457451681
-108091.65712918843 1225.9357723243834 1225.9357723243834 -60813.63741418514
-107175.79733266441 798.6911078445024 798.6911078445024 -60348.745211462425
-104807.06908778103 -2645.568896901649 -2645.568896901649 -59337.504101584906
-100731.42950397497 -3048.21565157517 -3048.21565157517 -57185.79608375055
-106673.07312528582 -1838.954884019533 -1838.954884019533 -60700.55332286694
-102694.39117935268 -2287.5613011558166 -2287.5613011558166 -58529.2988264338
-103073.96859813665 -4808.220930701901 -4808.220930701901 -59897.443969417145
-96712.42654977438 -5019.088606623573 -5019.088606623573 -56605.699230701146
-104345.14311118869 -3688.250233052104 -3688.250233052104 -60718.17995468112
-98042.18152647768 -3961.689419589894 -3961.689419589894 -57374.900802071636
-100396.47733424164 -5353.577442395408 -5353.577442395408 -61156.24313128717
-93722.93880436909 -5304.026182678243 -5304.026182678243 -57673.50373488706
-100168.10127705205 -3821.352873861717 -3821.352873861717 -60498.362979024016
-93476.76062903702 -3795.4608226985865 -3795.4608226985865 -57016.85331459335
-96758.19932987713 -3364.7670226658543 -3364.7670226658543 -62449.28984079675
-91368.69038637515 -2738.5143718226086 -2738.5143718226086 -59525.881426164335
-94718.16738797375 -1800.6782776604077 -1800.6782776604077 -60054.57992093626
-89268.92702924678 -1184.1561605658044 -1184.1561605658044 -57203.13601477494
-68610.02006266211 16999.227280298626 16999.227280298626 -62559.70039565634
-86132.94360489039 19452.084905928736 19452.084905928736 -72081.50687453852
-67911.17439577998 15828.65871215078 15828.65871215078 -61955.32543957508
-85733.22795888838 18418.14298247591 18418.14298247591 -71396.15353464129
-86983.8268644744 14479.011350532728 14479.011350532728 -62625.425785195046
-95771.06832285957 14887.641996471342 14887.641996471342 -67123.11262217123
-87923.51359981459 13534.198114764205 13534.198114764205 -62912.58725116741
-96798.28926408886 13844.442017692036 13844.442017692036 -67393.96128746541
-94630.30178763322 10993.480394003811 10993.480394003811 -61078.44745111741
-101257.84707787409 11003.2672049613 11003.2672049613 -64427.934169837295
-96153.03296794 10192.94792188606 10192.94792188606 -61862.13013713255
-102791.35067463685 10196.624090025653 10196.624090025653 -65191.74534793317
-99087.30740022892 7286.6185041268855 7286.6185041268855 -59783.959809171014
-103448.76241050514 7055.836061634012 7055.836061634012 -61873.40812514579
-101027.00771162694 6717.4690509730935 6717.4690509730935 -61024.281624293086
-105307.55213232276 6444.061263258032 6444.061263258032 -63155.20678122702
-101546.56277165138 3458.434667930352 3458.434667930352 -58726.76257439158
-103414.10131165324 2982.880014085399 2982.880014085399 -59598.51403182766
-103765.5919619606 3255.2383958792407 3255.2383958792407 -60304.01501265376
-105603.82127011211 2777.073869482691 2777.073869482691 -61203.99804364042
-102166.35182108772 -104.12489797432326 -104.12489797432326 -58228.54580956793
-101480.4527753644 -672.8033212739875 -672.8033212739875 -57805.461577346374
-104393.4350214658 104.12153901775955 104.12153901775955 -59900.9388921203
-103697.2781696875 -484.88303984616016 -484.88303984616016 -59455.81856477161
-101851.73406909147 -2835.494416015763 -2835.494416015763 -58359.50821663299
-99125.81580231298 -3199.74453055906 -3199.74453055906 -56911.15349903293
-103680.38735349216 -2330.8181535020267 -2330.8181535020267 -59690.74602465271
-100946.46240177864 -2759.150830219721 -2759.150830219721 -58252.42649407193
-101292.0400575337 -4341.989737972274 -4341.989737972274 -59271.922082252335
-97348.21926068695 -4490.953712624214 -4490.953712624214 -57237.25440025681
-101993.39686080652 -3571.29188197478 -3571.29188197478 -59702.107373097606
-98056.53705297138 -3737.9023309906847 -3737.9023309906847 -57664.08365411757
-100332.73761379106 -4293.005267734174 -4293.005267734174 -60511.39769077982
-96697.43746168778 -4135.802284889949 -4135.802284889949 -58504.896632614116
-99722.19875063466 -3363.941166884953 -3363.941166884953 -59722.301263327805
-96066.39454218044 -3235.3938156792365 -3235.3938156792365 -57718.636623806575
-98867.15689261656 -2329.6328731380722 -2329.6328731380722 -61518.911856121274
-96524.5351969427 -1787.0534468497458 -1787.0534468497458 -60119.517613674005
-96938.0868068426 -1647.6881350950034 -1647.6881350950034 -59476.65795463769
-94561.38877355261 -1064.1793519488338 -1064.1793519488338 -58089.0667921406
-66525.57705767672 14937.480835374467 14937.480835374467 -61208.7000483555
-81690.89538680167 16982.70113494347 16982.70113494347 -69028.75381638037
-65978.00767285716 13806.803399723427 13806.803399723427 -61260.13397458669
-81816.42622255998 15508.918063600237 15508.918063600237 -69193.55820639139
-82919.34671982385 12469.709889174432 12469.709889174432 -60486.465300805234
-91588.2949732388 12646.139673560865 12646.139673560865 -64556.757229690615
-84350.44755872143 11549.395541065758 11549.395541065758 -61432.0965668168
-93160.45177041662 11660.43240286208 11660.43240286208 -65495.91569590269
-90791.01784201471 9189.351180202197 9189.351180202197 -59065.2447861322
-96856.60673519518 9043.096012395668 9043.096012395668 -62067.61187648014
-92517.72423990608 8373.621977937795 8373.621977937795 -60332.42337214527
-98671.9354798275 8231.687052405341 8231.687052405341 -63339.866464746105
-95140.6925824349 5700.164551008034 5700.164551008034 -57908.62996101672
-99127.76329820136 5330.912868979969 5330.912868979969 -59790.465233527444
-97422.24033053356 5206.252386810078 5206.252386810078 -59602.14570787314
-101394.41886378801 4773.557069389727 4773.557069389727 -61484.44336830397
-97673.73098384474 2364.667703325512 2364.667703325512 -57196.35827575145
-99628.82937268293 1807.95439947364 1807.95439947364 -58164.058158181375
-100093.86215320362 2097.1817591603312 2097.1817591603312 -59020.14910941289
-102078.0192289361 1487.4858027139526 1487.4858027139526 -60014.62365266735
-98836.16881303805 -560.4300983729661 -560.4300983729661 -57141.6181019644
-99104.92907357977 -1123.2612497970447 -1123.2612497970447 -57237.99972540019
-100990.25730733726 -588.6160694205419 -588.6160694205419 -58780.19453563985
-101233.4957443486 -1199.3869266989802 -1199.3869266989802 -58882.308171513105
-99535.1452162072 -2637.06083717428 -2637.06083717428 -57709.47141718838
-98475.26333467508 -2956.977937138272 -2956.977937138272 -57190.024036172574
-100958.64354791731 -2465.3363896694864 -2465.3363896694864 -58829.24927784563
-99912.70522014407 -2806.5690786148143 -2806.5690786148143 -58281.756686740424
-100021.78744094667 -3531.810743512992 -3531.810743512992 -58788.31060104522
-98286.03770811035 -3643.8944438983717 -3643.8944438983717 -57842.912005055376
-100480.52979626614 -3178.396688356832 -3178.396688356832 -59080.41267702481
-98740.70901059975 -3292.6015143666637 -3292.6015143666637 -58163.89273727758
-100547.113292194 -3207.2143011931003 -3207.2143011931003 -59967.626662229115
-99112.23571689053 -2985.441994182173 -2985.441994182173 -59155.6561073086
-99702.6551377386 -2828.89912259181 -2828.89912259181 -59205.187805005095
-98277.1472889287 -2601.5830163922333 -2601.5830163922333 -58409.81466524342
-100809.88558028852 -1556.7382041978276 -1556.7382041978276 -60805.21290072178
-100519.56337193686 -962.7687537578073 -962.7687537578073 -60618.961944712515
-98823.57138386882 -1411.1650363583162 -1411.1650363583162 -58964.191281040374
-98548.30463701316 -830.0919562834979 -830.0919562834979 -58762.60063733869
-64687.97144960046 12677.712295780006 12677.712295780006 -60935.84665655243
-77704.2843981481 13964.6789348409 13964.6789348409 -67142.44599682145
-65180.216480941075 11447.69339031346 11447.69339031346 -61586.7639243228
-78530.18967599973 12246.488137569904 12246.488137569904 -67541.37529066906
-79395.661666934 10510.023985282165 10510.023985282165 -59323.89036694275
-87746.30960666171 10490.57862892146 10490.57862892146 -63175.260724994725
-81248.29242315117 9448.891299921208 9448.891299921208 -60801.05769903695
-89562.2085113072 9225.870860420633 9225.870860420633 -64627.507158502034
-87208.82594943541 7470.154198738195 7470.154198738195 -57950.83963564954
-92979.68949308149 7240.087841512182 7240.087841512182 -60717.147652235224
-89190.74964680064 6718.0889417809485 6718.0889417809485 -59598.62794643665
-95033.79284590977 6294.373071979091 6294.373071979091 -62409.907507404154
-91927.115910901 4507.836600448789 4507.836600448789 -56953.826439668286
-95725.06176353492 4118.31414459511 4118.31414459511 -58798.93936083573
-93826.04302817732 3825.24651338326 3825.24651338326 -58656.093774445886
-97736.37282826645 3290.1066519891147 3290.1066519891147 -60628.93923756492
-94552.7795230727 1728.1069320678755 1728.1069320678755 -56438.0283115796
-97006.10890598634 1229.3199638146862 1229.3199638146862 -57687.69560044887
-96520.1550041692 1154.7467820129264 1154.7467820129264 -58075.91787351324
-99000.74975770213 602.7476709293111 602.7476709293111 -59378.090908420156
-96263.23922340895 -526.0421829767274 -526.0421829767274 -56572.70659989424
-97561.68381398616 -1012.7380481618836 -1012.7380481618836 -57350.79111121246
-97983.95765511112 -930.9953237771467 -930.9953237771467 -57988.54847401438
-99292.87170382585 -1434.1219590502342 -1434.1219590502342 -58785.279899305555
-97735.54759416218 -2066.103849309394 -2066.103849309394 -57388.930108721084
-98204.32468511451 -2373.724930963872 -2373.724930963872 -57621.11197904973
-98940.39143585287 -2215.721567555466 -2215.721567555466 -58350.15810936559
-99388.11925958308 -2505.7194805279887 -2505.7194805279887 -58556.684119067446
-99295.96327066146 -2599.8847556894216 -2599.8847556894216 -58488.93246939367
-99322.53754881241 -2670.773237007293 -2670.773237007293 -58505.09420389128
-99585.946966704 -2617.78938896979 -2617.78938896979 -58705.38852681331
-99608.50795135608 -2683.901016471857 -2683.901016471857 -58718.05125919401
-100731.75493390649 -2174.6912621130905 -2174.6912621130905 -59612.496413039764
-101191.41113484415 -1952.7162074034818 -1952.7162074034818 -59807.221439506255
-99923.16003215486 -2245.5680643937767 -2245.5680643937767 -58938.69387033679
-100379.57624862077 -2023.9867052242903 -2023.9867052242903 -59129.743631966056
-102093.5719337429 -901.5602599947018 -901.5602599947018 -60387.55148538697
-103320.77636134175 -368.47870129361354 -368.47870129361354 -61045.55328692573
-100273.5324319406 -1171.698933516681 -1171.698933516681 -58863.87094420334
-101504.97974524806 -637.6960921118673 -637.6960921118673 -59514.753985944786
-64378.786129693486 10243.776836116114 10243.776836116114 -61698.33560971861
-74799.24858397349 10701.448045507146 10701.448045507146 -66064.95547175252
-64817.09992448235 8578.24190770925 8578.24190770925 -62850.67878388425
-75860.5634177866 8801.98529473932 8801.98529473932 -66907.3811448234
-76771.67039755122 8529.632683568158 8529.632683568158 -59088.96770195903
-84652.89825270102 8256.813669574756 8256.813669574756 -62795.8859834042
-78282.73002816677 7030.602427368696 7030.602427368696 -60665.724934027035
-86270.07635835849 6630.286970987749 6630.286970987749 -64383.85595520401
-84379.96017529769 5979.7148781281885 5979.7148781281885 -57587.49168380176
-90042.70925488518 5630.228304293836 5630.228304293836 -60415.59638074327
-86145.66008935698 4706.193282698745 4706.193282698745 -59068.68379581922
-91794.38261454426 4237.048561134017 4237.048561134017 -62022.40432501574
-89009.4656664755 3444.61528485033 3444.61528485033 -56610.674239814456
-93226.32292603739 3088.7120894416194 3088.7120894416194 -58757.53662358617
-90515.11288017318 2418.760239624444 2418.760239624444 -58030.30602696607
-94823.22471663124 1989.3081212445418 1989.3081212445418 -60208.274556952616
-92137.89295712687 1249.2954890352096 1249.2954890352096 -56285.84381851093
-95157.57168234745 892.2731168943261 892.2731168943261 -57853.48876980043
-93477.91309370917 453.7126339457756 453.7126339457756 -57587.253407674325
-96493.4867788655 70.22540000486185 70.22540000486185 -59169.90837438685
-94520.77185313156 -362.55487797881904 -362.55487797881904 -56508.68654049326
-96622.39270518436 -727.6931456177199 -727.6931456177199 -57585.84576345502
-95789.24001882657 -970.2871813779025 -970.2871813779025 -57625.00158864345
-97922.44960324351 -1319.8956510763999 -1319.8956510763999 -58755.411915666475
-96638.45915235311 -1289.774479870579 -1289.774479870579 -57179.85387305895
-98231.29795695018 -1567.247545709763 -1567.247545709763 -58106.26557962981
-97576.25986806564 -1750.9960765363612 -1750.9960765363612 -57973.92315422483
-99178.51963037024 -2021.5226986882708 -2021.5226986882708 -58918.18955694481
-98788.55497510341 -1597.7251030073207 -1597.7251030073207 -58279.52689722687
-100233.77041884224 -1666.5040389878122 -1666.5040389878122 -59074.70939619382
-99028.99488497707 -1976.9371600455524 -1976.9371600455524 -58496.267735232606
-100473.2990230191 -2042.5436726495245 -2042.5436726495245 -59292.72208128661
-100860.06661180932 -1220.7716324840476 -1220.7716324840476 -59267.229900257305
-102632.90740429559 -1054.739023815613 -1054.739023815613 -60224.08443897665
-100298.56548945059 -1664.759230586401 -1664.759230586401 -58809.23435927462
-102077.91434685359 -1495.1311957587343 -1495.1311957587343 -59737.7987640678
-102754.26501915124 -370.57109885845136 -370.57109885845136 -59870.160527303444
-105003.38227106116 19.534169630640783 19.534169630640783 -61126.94078152044
-101437.03166288458 -937.8040814915983 -937.8040814915983 -58820.24350326844
-103682.55380841649 -558.1800914779267 -558.1800914779267 -60042.25585119085
-64264.03341940665 7101.931562862853 7101.931562862853 -63272.656941798254
-73196.0548090362 7215.338747112836 7215.338747112836 -66497.67697623407
-64522.32963712778 4968.927458984498 4968.927458984498 -64037.07190532344
-73740.03969271324 4875.485526391109 4875.485526391109 -67303.80612866768
-75054.87654702942 5941.804977313932 5941.804977313932 -59911.63842918407
-82577.39227443193 5706.76371215809 5706.76371215809 -63205.95627345048
-76027.64059842034 3956.4328070932634 3956.4328070932634 -60905.43692350959
-83593.8665607903 3585.7818927538374 3585.7818927538374 -64278.48662920642
-82327.82589885448 4155.329406099165 4155.329406099165 -57775.08510375481
-88232.82206153512 3890.063353933469 3890.063353933469 -60660.16211290122
-83413.01340342089 2470.477352340197 2470.477352340197 -58846.09050028582
-89362.6777688217 2156.060053300449 2156.060053300449 -61828.896833958854
-86906.25641025923 2405.7193530873374 2405.7193530873374 -56709.65096734475
-91571.06747132674 2152.447859408194 2152.447859408194 -59046.89587329976
-87898.52272266315 1089.9328024831816 1089.9328024831816 -57686.73796169117
-92525.93987687882 823.7920193983035 823.7920193983035 -60075.95142906402
-90524.93895678665 921.5963274542712 921.5963274542712 -56407.591377932586
-93966.92256437511 672.0492680389566 672.0492680389566 -58224.25642849424
-91442.36667314022 -25.778541840036016 -25.778541840036016 -57286.68018305015
-94879.15816695824 -268.01682268341585 -268.01682268341585 -59131.32817710802
-93509.37919519338 -91.14246863422613 -91.14246863422613 -56744.67069325609
-96139.41565947863 -306.91313382948397 -306.91313382948397 -58143.075060382325
-94246.24340614266 -818.8784395622952 -818.8784395622952 -57477.96764606249
-96882.46753276126 -1034.6062314488 -1034.6062314488 -58881.39456526449
-96145.10803777908 -600.8128009889097 -600.8128009889097 -57382.03956422948
-98464.27466465611 -765.6811333324963 -765.6811333324963 -58643.1102227977
-96721.2524695864 -1243.3505694698204 -1243.3505694698204 -57931.615282425024
-99077.18685032235 -1391.6021246772145 -1391.6021246772145 -59193.666820867365
-98463.62896233176 -668.440311665636 -668.440311665636 -58196.9858381728
-100885.09307308833 -728.2648820182644 -728.2648820182644 -59515.4149123964
-98699.61063293437 -1307.6073981424788 -1307.6073981424788 -58421.42508183907
-101159.44820774002 -1381.1223174136471 -1381.1223174136471 -59750.6573235916
-100886.68573610348 -415.6741048167407 -415.6741048167407 -59006.47150548659
-103562.00069711512 -335.7421565529097 -335.7421565529097 -60487.78550035729
-100630.90566350323 -1128.643632312101 -1128.643632312101 -58774.325763133245
-103318.03502407209 -1033.5469990094266 -1033.5469990094266 -60222.14897019424
-102991.13099856817 5.086025071741826 5.086025071741826 -59541.6262424561
-105949.51402893671 287.5413713433962 287.5413713433962 -61142.238835691525
-102179.44970894209 -736.9992229074946 -736.9992229074946 -58871.43089604422
-105115.18555019921 -468.93853495132544 -468.93853495132544 -60488.061689970156
-64229.38539381496 3232.5540196832135 3232.5540196832135 -64181.62475398349
-72463.94248786413 3297.3914118237144 3297.3914118237144 -67069.71599298468
-64175.27366783094 580.7212270205873 580.7212270205873 -64146.216083984014
-72493.11352123469 618.78773288568 618.78773288568 -66986.7827688749
-74519.95515698318 2854.5814622286734 2854.5814622286734 -60627.83608454458
-81622.4802567801 2692.1933866574464 2692.1933866574464 -63704.26807639371
-74764.07081741522 513.2209414869785 513.2209414869785 -60900.144321123116
-82006.29206121096 387.1995096013119 387.1995096013119 -63960.169356111095
-81348.35913285952 2049.8711296125193 2049.8711296125193 -58200.07768834328
-87357.95396169771 1930.4219461539305 1930.4219461539305 -61159.6415815621
-81798.37980943707 179.57724724432165 179.57724724432165 -58595.61248723191
-87722.39498600717 72.81216925571336 72.81216925571336 -61579.06815647136
-86051.5614399256 1279.7588340601462 1279.7588340601462 -56988.706940866636
-90811.84018382915 1176.7061633406097 1176.7061633406097 -59500.28943770125
-86543.68130557079 -129.48222887686006 -129.48222887686006 -57414.999215862066
-91222.93479463631 -242.52950792809372 -242.52950792809372 -59953.51855318314
-89891.96222917257 651.559348654863 651.559348654863 -56758.41976668956
-93584.87403440679 570.6248695256295 570.6248695256295 -58645.01930363735
-90211.22400800628 -381.61530720969085 -381.61530720969085 -57194.46597512149
-93911.57459520285 -466.7616372056928 -466.7616372056928 -59087.68753835403
-93050.70381236172 255.01755908323426 255.01755908323426 -57098.09959825408
-96002.99433800974 184.75229963685592 184.75229963685592 -58615.82816802753
-93412.48800912334 -550.2130003294769 -550.2130003294769 -57433.01765926181
-96374.82039458485 -622.5663764292681 -622.5663764292681 -58979.8131703183
-95947.43134537229 52.924500389489666 52.924500389489666 -57706.23407764991
-98651.45398990164 -7.044673772678028 -7.044673772678028 -59118.776908669366
-96227.11198084117 -683.827729255047 -683.827729255047 -57952.4865269945
-98975.4897047243 -719.9281403560078 -719.9281403560078 -59377.65806332033
-98464.79727981267 71.01236908368132 71.01236908368132 -58297.91704549808
-101290.7015218525 39.5919211608299 39.5919211608299 -59917.87707523326
-98630.81479280567 -687.0162601990648 -687.0162601990648 -58453.54311067206
-101474.15836369789 -732.8063963123886 -732.8063963123886 -60078.82973837723
-100806.40769539634 191.73101868513555 191.73101868513555 -58889.76617629798
-103967.878958934 219.11392759274918 219.11392759274918 -60594.74920657203
-100816.47074365983 -623.2403390627757 -623.2403390627757 -58865.1756060856
-103998.40415288189 -613.1545600582376 -613.1545600582376 -60568.58027912643
-102859.46991505838 299.1855588886791 299.1855588886791 -59292.45449498543
-106207.12493452258 402.0624484430251 402.0624484430251 -61086.60426176818
-102621.38627502257 -529.0194881423748 -529.0194881423748 -59052.510803332254
-106000.42671069031 -438.0241506546299 -438.0241506546299 -60861.094631459135
