sig 640
-73972.20157628569 620.3467897066005 620.3467897066005 -100123.55724832909
-68501.69331853099 828.0501805212939 828.0501805212939 -96792.34093937108
-73592.80969841973 2596.310390119099 2596.310390119099 -99032.16165311547
-68101.91400325701 2669.2229760730143 2669.2229760730143 -95725.95852466926
-69393.01289996554 904.5484591252408 904.5484591252408 -103321.5361300559
-65186.03191912834 1126.2089722559858 1126.2089722559858 -99835.9003287866
-68798.62382616241 2465.47288368403 2465.47288368403 -101789.34983748112
-64627.09098992789 2569.808785324166 2569.808785324166 -98308.40747049879
-67195.52276783828 1209.9966987514395 1209.9966987514395 -106694.63979774929
-63744.22844568619 1518.6201964426357 1518.6201964426357 -103226.85549216733
-66289.7742294226 2513.778911761985 2513.778911761985 -104564.55761774683
-62871.28009678929 2742.339570788644 2742.339570788644 -101137.0781116515
-66854.49260414997 1770.4405171115354 1770.4405171115354 -110628.25794574578
-64158.33578275047 2143.8654220928283 2143.8654220928283 -107383.17370780229
-65529.54982846619 2797.4290699773464 2797.4290699773464 -107756.67895129665
-62878.81131423871 3153.5278078599904 3153.5278078599904 -104459.14736938156
-67646.9589782347 2330.3608016971557 2330.3608016971557 -115099.74655970633
-65733.86692675628 2754.5208257950408 2754.5208257950408 -112601.8320402448
-65970.6132513895 3039.1922435053625 3039.1922435053625 -111668.74274805952
-64044.18642673784 3452.9079325192934 3452.9079325192934 -109129.40946476217
-69277.84763442544 2903.7917122527897 2903.7917122527897 -119776.9364663079
-68543.89068130542 3340.204711258356 3340.204711258356 -118723.26491439083
-67675.48484097283 3182.0306161907733 3182.0306161907733 -116649.87026960566
-66932.59543614135 3645.1561636445895 3645.1561636445895 -115608.16754476131
-71385.03266532058 3346.1326210017232 3346.1326210017232 -123851.36531333426
-72865.70958242881 3659.5543668795654 3659.5543668795654 -125607.01618042479
-70581.40674936392 2843.5911126445335 2843.5911126445335 -122559.95646452362
-72049.42578610677 3135.186946546887 3135.186946546887 -124285.30344329154
-73720.9201561258 3282.6217726151845 3282.6217726151845 -126053.59682446362
-78617.83254639102 3189.716463322889 3189.716463322889 -131987.66853402928
-74919.20629398756 1604.198403040182 1604.198403040182 -128808.76608511145
-79830.08059167415 1247.2883005088875 1247.2883005088875 -134893.07970308507
-77170.23816444163 2250.125351478853 2250.125351478853 -125833.74913535001
-86047.02195272039 496.6527734283911 496.6527734283911 -134301.58214027886
-81853.60605276428 -778.0850517948086 -778.0850517948086 -134963.8540058105
-90799.49065729429 -2815.0385551838062 -2815.0385551838062 -143369.33553968053
-86353.25364547272 404.46079768249336 404.46079768249336 -129270.0303325974
-89356.00323364255 -378.30098961213173 -378.30098961213173 -131445.38666957602
-88003.40679151192 -620.0528308195302 -620.0528308195302 -132652.12195200482
-91024.33343221807 -1399.7511299066348 -1399.7511299066348 -134808.5001865663
-73508.74828345055 4039.833343497729 4039.833343497729 -97950.32805691528
-68903.21473659517 4283.137258059119 4283.137258059119 -95150.72687926995
-72775.9477872844 5602.174874265505 5602.174874265505 -95653.44169294712
-68162.82989991334 5723.6742164024145 5723.6742164024145 -92893.3458876021
-69761.04029730543 4087.5159392520054 4087.5159392520054 -101106.34456498323
-66371.73013994168 4619.420610678042 4619.420610678042 -98244.00711902403
-68222.84414762394 5356.278194820607 5356.278194820607 -97412.24680001363
-64887.93939960241 5785.724167188437 5785.724167188437 -94552.14910222903
-68248.32826039294 4859.403546172496 4859.403546172496 -104349.76098029794
-65749.33266320401 5586.9904676223305 5586.9904676223305 -101796.87926658396
-65899.31967026995 5806.79056005071 5806.79056005071 -99058.70933901789
-63413.95198909182 6471.0064354563165 6471.0064354563165 -96569.74627672083
-68333.98156753226 5987.654397067463 5987.654397067463 -108268.77427659006
-66531.31876473778 6932.565597195535 6932.565597195535 -105794.21779236791
-64968.69780857945 6745.069074951423 6745.069074951423 -101158.8444847223
-63201.71960793869 7635.515841595077 7635.515841595077 -98794.95325756981
-69656.9660440969 7373.356106992971 7373.356106992971 -112628.22457240948
-68328.28558981862 8611.04572060962 8611.04572060962 -110294.9385261316
-65287.79148586932 7980.763483569903 7980.763483569903 -103782.54880201782
-63988.93289134794 9025.812958140299 9025.812958140299 -101606.43981306712
-71770.67785379027 8871.724842705953 8871.724842705953 -117415.04836618193
-70693.92360521403 10111.895657801508 10111.895657801508 -115341.20374757859
-66730.73886356155 9208.336682438912 9208.336682438912 -107458.78927021578
-65772.39202481254 10326.260961270986 10326.260961270986 -105420.21997363871
-73762.2468339136 9797.745027297362 9797.745027297362 -122031.67330044457
-73046.7329383658 10816.237118845382 10816.237118845382 -120426.14781490213
-69229.98681396703 9991.626398551693 9991.626398551693 -113348.76344525446
-68607.48030664028 10974.571083762256 10974.571083762256 -111738.02614160627
-74906.02905419018 9526.830814371107 9526.830814371107 -125591.57465974904
-74582.70950820023 9710.070338930636 9710.070338930636 -124989.91064083843
-73944.93728212519 9620.238899918388 9620.238899918388 -123702.290913906
-73595.20366464423 9806.153728538986 9806.153728538986 -123133.56679614107
-75536.41420845882 7848.795501499416 7848.795501499416 -128064.65359355412
-76066.39490586567 5730.607384036879 5730.607384036879 -129828.88464721077
-82473.47465934961 7589.21926462101 7589.21926462101 -141220.23648247193
-83024.37365948738 5376.113840829685 5376.113840829685 -142857.7107093122
-76235.44903771931 4776.175492938821 4776.175492938821 -127509.63917263914
-91962.03803267881 -1506.8945627728226 -1506.8945627728226 -143839.5944007124
-93904.25298876125 -363.7066778251084 -363.7066778251084 -161736.30647365947
-110166.18416695896 -7549.93159009223 -7549.93159009223 -177743.19983168304
-72638.54757411878 6592.202226237128 6592.202226237128 -94040.2550242322
-69375.33755932715 6932.2528476743155 6932.2528476743155 -92115.75452336919
-71550.53070679115 7563.404484888337 7563.404484888337 -91117.058785704
-68271.43104940296 7850.207048535133 7850.207048535133 -89238.1096910699
-69793.9516504573 6622.080736527538 6622.080736527538 -96274.8407783702
-67822.53203252627 7339.200132997535 7339.200132997535 -94691.5855938523
-67882.70221787486 7288.051579563604 7288.051579563604 -91772.84876913704
-65924.5047102673 7947.276934992592 7947.276934992592 -90288.43341441524
-69173.13276764876 7493.667717825712 7493.667717825712 -98629.20154995122
-68109.68199527726 8587.860303231704 8587.860303231704 -97300.62549247449
-66127.70956605929 7969.631131925869 7969.631131925869 -92314.30218554063
-65125.51784268797 8937.12579504291 8937.12579504291 -90971.50691006155
-69799.77992526037 9136.741055553517 9136.741055553517 -101307.02127156837
-69461.05367589151 10493.62605498579 10493.62605498579 -100314.37946307813
-65618.10234307051 9309.46866845753 9309.46866845753 -92547.2189267831
-65335.21353399033 10490.437880801419 10490.437880801419 -91603.09716071685
-71652.11283088668 11182.389832192253 11182.389832192253 -104569.34172491966
-71928.65874723143 12812.21954782647 12812.21954782647 -103814.7079436336
-65787.93477076548 11025.1696273419 11025.1696273419 -92563.19826796712
-66078.1119060972 12415.488273505249 12415.488273505249 -91938.60443751402
-74530.95026475741 13604.516701764369 13604.516701764369 -108655.86191052999
-75182.98583506829 15374.553467973961 15374.553467973961 -107750.98495474459
-66377.29666726077 12914.459228048348 12914.459228048348 -92061.18040992273
-67088.33518914327 14519.85190567996 14519.85190567996 -91391.2900523173
-78362.80734958952 16243.344679051868 16243.344679051868 -113747.24071515631
-79041.9546613695 18567.165731315166 18567.165731315166 -112603.83896047586
-66718.65092162133 15047.695567821891 15047.695567821891 -90486.7378299112
-67488.51478793418 16927.28777057599 16927.28777057599 -89700.65490122285
-83667.23332973554 19739.059748959866 19739.059748959866 -121270.99987871935
-84599.31241516129 21950.514260574593 21950.514260574593 -119579.086969815
-65955.26930231 16926.228069164114 16926.228069164114 -86845.61467976039
-66896.19414221901 18890.43825453309 18890.43825453309 -85657.03439618435
-92605.65762145376 23948.34334760593 23948.34334760593 -131542.07705102733
-94672.10625053884 25925.217792665426 25925.217792665426 -131146.74818884835
-63979.90795685971 18537.643362569754 18537.643362569754 -79512.52255577756
-66321.3464989902 17359.84301666785 17359.84301666785 -77925.88178227554
-104038.71373399992 28755.829334445276 28755.829334445276 -142211.87913524912
-126505.38126708513 35905.4820449875 35905.4820449875 -155951.9270710261
-58169.12951600909 15869.044553949188 15869.044553949188 -64774.74349115895
-79515.71840742427 22419.41699686247 22419.41699686247 -79629.4934494808
-71251.58587648987 8177.27162140329 8177.27162140329 -89132.0957889205
-69574.78385822987 8656.015843508378 8656.015843508378 -88099.02995920903
-69936.03918030135 8629.663838030803 8629.663838030803 -85722.50514231516
-68268.0443263058 9088.78062594339 9088.78062594339 -84733.53613173035
-69717.58809870378 8035.995453019091 8035.995453019091 -90269.75913799144
-69148.71453463247 8845.979231726553 8845.979231726553 -89761.5226565453
-67762.15306936805 8246.485322951608 8246.485322951608 -85597.13804943817
-67192.94135061395 8989.6097455692 8989.6097455692 -85130.36790858318
-69701.28985832837 8829.143466723524 8829.143466723524 -91416.6980714741
-69956.94795692242 9907.943700395193 9907.943700395193 -91227.26093971344
-67071.4855134464 8805.558627461753 8805.558627461753 -85399.3433624975
-67311.59136592993 9809.964694045586 9809.964694045586 -85279.64617704366
-70632.25493284008 10177.035893831811 10177.035893831811 -92204.17905160667
-71529.15680493214 11429.522849905334 11429.522849905334 -92362.49691204054
-67327.50480022955 9903.678988946267 9903.678988946267 -84823.67846488993
-68268.26911700981 11097.32157073454 11097.32157073454 -85029.51705649208
-72099.86534734993 11746.311018189368 11746.311018189368 -92379.64223588424
-73658.22568811454 13122.099779130882 13122.099779130882 -92786.08897376279
-68244.55525788185 11265.772123670393 11265.772123670393 -83678.47534712897
-69804.09994875388 12536.978392879613 12536.978392879613 -84099.44044601033
-74037.99442242036 13376.22316259944 13376.22316259944 -91701.71308671653
-76240.88621649223 14774.843376190482 14774.843376190482 -92422.0782250875
-69600.53012825186 12578.57939923344 12578.57939923344 -81692.25970963723
-71811.6791040821 13970.91568770949 13970.91568770949 -82402.4787777167
-76013.52680412405 14638.797759732526 14638.797759732526 -89597.50495779747
-78822.57031132469 16158.443781620232 16158.443781620232 -90610.83793969387
-71236.5267859876 13680.963861439226 13680.963861439226 -78645.62002319357
-73852.76902783693 14973.71340513431 14973.71340513431 -79691.8902699556
-77338.75816388158 15426.515238473747 15426.515238473747 -84830.12193439718
-80377.90743363737 16879.055452879802 16879.055452879802 -86070.64062617131
-72578.34717566398 14079.602260286847 14079.602260286847 -74357.78885099897
-75367.66099898434 15427.043776456248 15427.043776456248 -75826.12093437111
-77736.8208018465 15035.519600712418 15035.519600712418 -75168.17937141786
-85227.54881306806 16460.563054448583 16460.563054448583 -78724.0385742014
-74229.09597132597 13192.760114117902 13192.760114117902 -68070.26025353596
-81652.33242333244 14643.837112410933 14643.837112410933 -71789.4364798154
-71822.17448704221 3474.9506717509976 3474.9506717509976 -53052.246836211176
-58053.62601496806 349.7384732658607 349.7384732658607 -46426.37868764668
-78861.71497185511 7998.699129233279 7998.699129233279 -65949.51571812134
-64231.94703126741 4997.3120141067975 4997.3120141067975 -59890.70678178115
-69518.4124596458 8859.806388892697 8859.806388892697 -83555.76855380631
-69363.56259480274 9387.65741356147 9387.65741356147 -83375.87327276908
-68198.2815789954 8890.600527936585 8890.600527936585 -80270.66275656926
-68015.5846841919 9396.164740147444 9396.164740147444 -80064.39275636818
-69416.2391488748 8472.30257522118 8472.30257522118 -83913.82437604835
-69832.18090986069 9237.008710317288 9237.008710317288 -83973.2046444373
-67698.6150523404 8381.119573145934 8381.119573145934 -79732.05856582055
-68110.44208901131 9115.138535285892 9115.138535285892 -79802.85038666557
-70010.38538021881 8881.695221420154 8881.695221420154 -83824.56635963898
-70920.56038417443 9769.652605614388 9769.652605614388 -84112.32516021928
-68045.47559667329 8640.935872607031 8640.935872607031 -79000.85550652807
-68926.08829592615 9509.428784688862 9509.428784688862 -79291.65710632862
-71058.87978244347 9591.614488131394 9591.614488131394 -83166.32217233269
-72374.95168011058 10532.363878559532 10532.363878559532 -83624.86127220372
-68924.82209818026 9248.509045904375 9248.509045904375 -77861.93237243299
-70216.08666198852 10129.638942590922 10129.638942590922 -78315.83632341982
-72396.32962622501 10295.614501374124 10295.614501374124 -81748.24627855897
-74075.77960186274 11296.84921212838 11296.84921212838 -82342.30571084087
-70220.19264190742 9824.473140833641 9824.473140833641 -76161.78657136165
-71870.13015184505 10770.062808151382 10770.062808151382 -76784.47147308198
-73872.26650690752 10784.587008292694 10784.587008292694 -79295.31034572623
-75755.51062793031 11702.871198909612 11702.871198909612 -80064.42809413001
-71734.24073265356 10195.449477801598 10195.449477801598 -73828.33577864559
-73594.99840628314 11083.319193896426 11083.319193896426 -74608.55476644423
-75127.39355531005 10636.044526409976 10636.044526409976 -75730.17631957596
-76771.90303106683 11408.797416627212 11408.797416627212 -76425.56799409704
-73226.81845958052 10035.591768390976 10035.591768390976 -70898.70880026132
-74854.05882463165 10812.985853150247 10812.985853150247 -71633.74893459989
-75634.72083707218 9568.085400956017 9568.085400956017 -70784.58939904184
-77061.22355478052 10166.566248756626 10166.566248756626 -71439.91682293078
-74205.65084932938 8994.531253615674 8994.531253615674 -67278.80906318742
-75624.8391009408 9611.278353613687 9611.278353613687 -67953.7897835992
-74108.95656246917 5652.738829549802 5652.738829549802 -63850.939623397484
-71581.91375865188 5566.355873297096 5566.355873297096 -62896.05533515535
-74157.9495143572 6296.252422393228 6296.252422393228 -64125.31710235367
-71637.8710993914 6203.086226423219 6203.086226423219 -63184.815973205936
-67696.72711221503 -1943.4399731864787 -1943.4399731864787 -65012.36256572844
-55432.50796262367 -1264.4168814045336 -1264.4168814045336 -60501.46138306239
-67027.89563711741 2257.8301936230137 2257.8301936230137 -63015.77005624458
-54855.300430513125 2537.9304779443655 2537.9304779443655 -58640.06488556423
-67719.94893210354 8831.24669675351 8831.24669675351 -78218.42423991805
-68682.16494783433 9348.959719989049 9348.959719989049 -78591.9577782529
-66579.5857619873 8546.594270693375 8546.594270693375 -75364.36893503462
-67554.66027856506 9087.22421231633 9087.22421231633 -75774.8934535423
-68832.85303762625 8167.59628653045 8167.59628653045 -77985.54807420369
-69825.91770267255 8863.723295818378 8863.723295818378 -78340.505492234
-67508.21711338912 7834.686443267859 7834.686443267859 -74614.35134914612
-68528.61236050713 8529.230245172932 8529.230245172932 -75004.7516467535
-69951.8219846353 8083.544862832774 8083.544862832774 -77264.9667068006
-71106.06229147516 8837.085175503082 8837.085175503082 -77687.81125829482
-68540.90538956017 7715.832915315692 7715.832915315692 -73640.090016612
-69698.10827982351 8433.898178202871 8433.898178202871 -74079.77095015951
-71124.07552078205 8191.8087716290775 8191.8087716290775 -75990.89225332232
-72434.15145806225 8954.536413283065 8954.536413283065 -76476.220838065
-69706.8886758441 7739.236335899247 7739.236335899247 -72310.57158744054
-71010.9762169632 8469.711832078621 8469.711832078621 -72823.018314245
-72308.87496156077 8195.352992098658 8195.352992098658 -74126.64996708724
-73707.6962208917 8896.781597855152 8896.781597855152 -74673.57041232292
-70953.72026079659 7684.569778271966 7684.569778271966 -70594.05896661853
-72357.99358250412 8394.995960765495 8394.995960765495 -71158.30233732914
-73342.52909080108 7785.966302915336 7785.966302915336 -71625.85698919345
-74599.07251988178 8419.144484196979 8419.144484196979 -72129.96630359597
-72169.03240015017 7327.69134545827 7327.69134545827 -68543.15046335875
-73401.06976998378 7954.529156203776 7954.529156203776 -69046.53359186418
-73936.68665712113 6754.719434157083 6754.719434157083 -68565.70276623746
-74661.67835116902 7246.806435128034 7246.806435128034 -68883.33582609249
-73033.30568718897 6460.225409499075 6460.225409499075 -66191.90273379484
-73755.59774325638 6945.351410091779 6945.351410091779 -66498.71194979828
-73391.57713850103 4662.24564438848 4662.24564438848 -64991.64239305472
-72714.82465828313 4946.434174860815 4946.434174860815 -64771.23327931473
-72896.0507082183 4817.083463027792 4817.083463027792 -63836.3487053168
-72217.25561580123 5086.681865865628 5086.681865865628 -63610.69907430423
-70474.840130509 1228.3773484222202 1228.3773484222202 -62350.32127150309
-66569.92155492298 1262.2734028499972 1262.2734028499972 -60939.239912467645
-70359.86450149595 2466.614923740549 2466.614923740549 -62131.571711974815
-66466.4355053667 2486.805923142865 2486.805923142865 -60730.42816652524
-62751.35416835376 -1833.3151268650754 -1833.3151268650754 -61050.094200868974
-55082.0246653817 -1807.8028725157928 -1807.8028725157928 -58294.9315651469
-62941.29004242092 802.9511468287419 802.9511468287419 -61479.4558144506
-55241.33857073022 613.6097892683129 613.6097892683129 -58677.461762271814
-66046.70842414451 8238.654328490687 8238.654328490687 -73598.06388436379
-67722.47647374225 8740.762300665367 8740.762300665367 -74288.79699232658
-65104.07058878366 7752.80624502544 7752.80624502544 -71309.677986566
-66803.26790335967 8256.540271670849 8256.540271670849 -71981.34328897829
-68009.89374103397 7408.260880911471 7408.260880911471 -72990.66485043243
-69315.71972258603 7951.759476471767 7951.759476471767 -73507.62099219725
-67047.0245716111 7004.4192476765365 7004.4192476765365 -70457.55444867046
-68354.0001552318 7533.659676140887 7533.659676140887 -70968.27774367968
-69523.9280370685 6938.730185608306 6938.730185608306 -72035.24891866728
-70682.46611169464 7499.235510564887 7499.235510564887 -72491.23381761223
-68571.15175889643 6579.38077891387 6579.38077891387 -69491.69166740675
-69715.55979878141 7101.070310242771 7101.070310242771 -69934.59909676274
-70765.57367935656 6577.66985960437 6577.66985960437 -70728.21584857831
-71831.93506478422 7099.7261927435 7099.7261927435 -71135.12949890696
-69857.29551835435 6220.840814062401 6220.840814062401 -68275.87372844924
-70939.33141317671 6728.037744018193 6728.037744018193 -68711.70978095438
-71762.10550773644 6056.65747406529 6056.65747406529 -69007.78559335196
-72707.28065788517 6515.354451676265 6515.354451676265 -69381.70578005274
-70964.44123688906 5736.230445363925 5736.230445363925 -66800.47249415655
-71899.22150863761 6180.101519797119 6180.101519797119 -67197.90935420185
-72411.44013007484 5191.9429422518515 5191.9429422518515 -66920.97545310974
-73039.73871431564 5584.445793835728 5584.445793835728 -67186.06083140892
-71761.13668893112 4951.697301474094 4951.697301474094 -65150.031242135075
-72382.7357421412 5341.417005568874 5341.417005568874 -65431.066296973695
-72349.36403499634 3769.7158233321843 3769.7158233321843 -64604.028461162394
-72289.64203011976 4053.457694722413 4053.457694722413 -64596.00741000419
-71892.73142801713 3762.0569448176475 3762.0569448176475 -63476.447541447444
-71832.73324068863 4042.4558537233606 4042.4558537233606 -63466.843483567805
-71042.97655264511 1732.7349093371781 1732.7349093371781 -62454.94221727209
-69567.2982316228 1847.890649981418 1847.890649981418 -61929.68217870335
-70854.64743779981 2194.9760102759965 2194.9760102759965 -62031.61899627289
-69383.95041274514 2309.1025063286497 2309.1025063286497 -61507.20715708119
-67615.26867393384 -548.7204477203006 -548.7204477203006 -61057.48551118545
-64001.57611423703 -595.3933645664786 -595.3933645664786 -59730.77492835282
-67674.24570356084 638.1241976240323 638.1241976240323 -61199.43988408497
-64056.126368473786 601.9454272009044 601.9454272009044 -59878.51850265693
-61569.635811988905 -1599.2352421628468 -1599.2352421628468 -61110.13215347045
-56495.573029997795 -1483.0572897490529 -1483.0572897490529 -59243.6968429679
-61505.383386212474 131.41735076388778 131.41735076388778 -60858.76894858733
-56426.26652951953 148.98560642378362 148.98560642378362 -58998.5810621687
-64625.072754081775 7336.1860605927195 7336.1860605927195 -69868.24384066957
-66632.26265490448 7764.089310957928 7764.089310957928 -70666.36205177035
-63922.041105103046 6784.703578976316 6784.703578976316 -68134.53976964582
-65942.74190896493 7213.950095064436 7213.950095064436 -68915.69266122216
-67082.23178179083 6472.86279835638 6472.86279835638 -69124.33896165784
-68510.99549689646 6872.351141272636 6872.351141272636 -69668.79140231006
-66413.9264510078 6049.2942835848735 6049.2942835848735 -67343.02585369501
-67859.31664475864 6452.9738363499055 6452.9738363499055 -67900.11862966132
-68819.0543260235 5784.218401262238 5784.218401262238 -68169.05219711873
-69944.75411195494 6183.5226984138135 6183.5226984138135 -68618.31495185003
-68175.07794964768 5422.747598386164 5422.747598386164 -66412.00786739506
-69311.99445265524 5813.814477667746 5813.814477667746 -66853.74316433164
-70025.76783160368 5092.752430235498 5092.752430235498 -66963.05230479878
-70959.59265430181 5465.7023407960705 5465.7023407960705 -67326.82419815953
-69423.83114554442 4757.6123842369 4757.6123842369 -65341.1302750862
-70360.89447535577 5154.856365588088 5154.856365588088 -65718.58035871568
-70860.98564093656 4260.326082208447 4260.326082208447 -65532.33839468663
-71533.71598871035 4596.950108933661 4596.950108933661 -65791.2832253235
-70350.84502431113 4019.635927277168 4019.635927277168 -64168.92984733539
-71026.47249479943 4358.715635970641 4358.715635970641 -64431.29102559997
-71175.9099003739 3179.24129111533 3179.24129111533 -63940.37740434222
-71408.00477428848 3430.3718642022413 3430.3718642022413 -64040.93111534692
-70782.96557564264 3084.8692826819124 3084.8692826819124 -62960.095829948594
-71017.40560340162 3336.4121929648804 3336.4121929648804 -63061.4732417217
-70705.10300016073 1769.487348165574 1769.487348165574 -62392.10187540371
-70200.88685423195 1912.4810651515381 1912.4810651515381 -62215.97147552498
-70486.30192606979 1927.7975594755562 1927.7975594755562 -61864.87017066486
-69980.84658105863 2068.0696499058454 2068.0696499058454 -61689.55152569616
-69116.51595448464 145.78105233923205 145.78105233923205 -61181.6506364631
-67450.85712857403 163.91379220003614 163.91379220003614 -60582.881484356
-69069.43781749703 686.1426244413942 686.1426244413942 -61075.95247706668
-67406.59765223702 696.1952408102359 696.1952408102359 -60488.60045753664
-66072.95148767806 -1162.4785085508845 -1162.4785085508845 -60639.874258278105
-63185.39783669593 -1169.8364400196265 -1169.8364400196265 -59620.776835179604
-66102.63965402203 -211.65582022880716 -211.65582022880716 -60666.72166608286
-63216.582664313304 -220.2629811363355 -220.2629811363355 -59643.41918126621
-61455.24932205591 -1314.5550383564992 -1314.5550383564992 -60720.412777084515
-57972.77719177569 -1232.7888694014368 -1232.7888694014368 -59458.980323089614
-61393.13519226241 -133.4172827031736 -133.4172827031736 -60489.59914346252
-57914.10844068587 -104.02266311213788 -104.02266311213788 -59228.224794135975
-63497.92165579659 6342.713308212724 6342.713308212724 -67061.05587970119
-65586.9684715522 6683.231886254219 6683.231886254219 -67848.10208762906
-63018.36564857521 5785.478402630131 5785.478402630131 -65800.11441510006
-65110.234242730796 6130.128405115423 6130.128405115423 -66588.55644799136
-66129.99318594085 5508.435056460337 5508.435056460337 -66250.17951063116
-67606.33454979864 5819.274852093407 5819.274852093407 -66795.15865647975
-65679.79335251846 5084.1950105594915 5084.1950105594915 -65006.33745035665
-67159.07546991948 5378.316380565189 5378.316380565189 -65552.392553873
-67888.25797493431 4676.770487853424 4676.770487853424 -65361.49377147024
-68987.94081291206 4972.7399401923285 4972.7399401923285 -65759.87109625366
-67444.34628964205 4311.061775388569 4311.061775388569 -64171.47990742144
-68550.41166533338 4609.683190561754 4609.683190561754 -64583.15301032081
-69095.44832111598 3813.807567621198 3813.807567621198 -64332.571671327394
-69895.20071761502 4081.4326507651435 4081.4326507651435 -64629.57193111661
-68717.96845113471 3549.841910111151 3549.841910111151 -63307.76746824083
-69516.42765010199 3823.4790565794665 3823.4790565794665 -63607.71412275018
-69802.31087353281 2876.4061689261744 2876.4061689261744 -63230.15839137904
-70250.85556374061 3091.3312865524895 3091.3312865524895 -63403.29274994728
-69485.89672045753 2724.256787491502 2724.256787491502 -62436.32213224977
-69934.66772316518 2937.411412115269 2937.411412115269 -62608.18851546739
-69909.05935411819 1773.3639239349445 1773.3639239349445 -62133.84878031579
-69874.75593982679 1914.98696166986 1914.98696166986 -62122.23717171046
-69697.21841547165 1779.9438334577726 1779.9438334577726 -61616.123421743534
-69661.52881249355 1920.9182104348333 1920.9182104348333 -61605.21285854172
-69273.30081395865 547.1508830175062 547.1508830175062 -61169.23230304922
-68575.47460121664 599.9347133309238 599.9347133309238 -60918.160082677015
-69184.01296376516 773.2217794944092 773.2217794944092 -60952.39211602341
-68483.2774977047 824.8558631948204 824.8558631948204 -60705.80148722673
-67753.63068647662 -601.8025822760869 -601.8025822760869 -60560.932267226475
-66265.29673009092 -610.7143738650103 -610.7143738650103 -60014.48392779401
-67752.53811377003 -121.76345800684975 -121.76345800684975 -60559.896934038996
-66271.45597730271 -126.78445070422015 -126.78445070422015 -60012.3673684724
-65266.07724634729 -1316.0507890141723 -1316.0507890141723 -60395.31538082687
-63090.50281726572 -1308.0280303018944 -1308.0280303018944 -59622.05182032667
-65277.572722812416 -599.3445381292601 -599.3445381292601 -60374.854755049986
-63103.19988298961 -594.8459826747494 -594.8459826747494 -59602.24919526835
-61900.32658263873 -1089.7444184918081 -1089.7444184918081 -60532.46016926657
-59435.999509672285 -998.5135257212049 -998.5135257212049 -59689.16979014048
-61835.10947748464 -273.2497286379745 -273.2497286379745 -60301.64073217376
-59361.296523555684 -211.12421621445338 -211.12421621445338 -59443.63602786868
-62667.0372449755 5341.956505819162 5341.956505819162 -64988.41494399617
-64673.726196253105 5609.882493759946 5609.882493759946 -65725.7935011714
-62305.03073888201 4761.513195061749 4761.513195061749 -64076.43730553324
-64330.156997643 5038.760931973495 5038.760931973495 -64821.862936229845
-65176.577317617914 4560.642847175542 4560.642847175542 -64166.537176120335
-66614.15582469729 4770.367926004336 4770.367926004336 -64692.21476908846
-64859.869936922696 4109.184140734521 4109.184140734521 -63342.647207513786
-66297.51346242559 4318.42716486668 4318.42716486668 -63857.39930758969
-66930.35332341945 3723.588683484606 3723.588683484606 -63347.71969598336
-67961.82789439842 3883.4367356348102 3883.4367356348102 -63735.720385164095
-66642.71989080105 3394.013056791814 3394.013056791814 -62620.849712051044
-67701.70618203512 3555.2951218985295 3555.2951218985295 -63000.43413680038
-68105.16649190325 2825.9171339628065 2825.9171339628065 -62532.03702228488
-68797.79229652096 2994.6028171518683 2994.6028171518683 -62788.86826481262
-67866.9874686448 2603.6524211406477 2603.6524211406477 -61920.30266250346
-68561.44755655287 2772.007899433167 2772.007899433167 -62180.54428789855
-68719.08331377777 1871.8251176692522 1871.8251176692522 -61734.917031606805
-69022.12516410417 1993.6169174817057 1993.6169174817057 -61856.77059147663
-68537.42747227396 1770.4969955271542 1770.4969955271542 -61282.34261405241
-68839.10848739491 1893.4567611226626 1893.4567611226626 -61403.48003780461
-68744.85292410638 860.8368865396571 860.8368865396571 -61014.46609291115
-68584.24040142314 927.0257131634437 927.0257131634437 -60955.70863040657
-68641.39259227127 911.7583753415439 911.7583753415439 -60766.66890040818
-68481.7904341195 978.3485139777872 978.3485139777872 -60707.79936942742
-68129.19966260236 -123.12811763414359 -123.12811763414359 -60477.870068455704
-67430.04784957567 -105.30201128931111 -105.30201128931111 -60221.593055150544
-68097.27641610151 99.20015591490773 99.20015591490773 -60408.69663104997
-67400.4310864186 115.52642037045408 115.52642037045408 -60153.01936758404
-66839.40053972967 -912.8067262026352 -912.8067262026352 -60225.820096311014
-65625.13006946788 -926.1327892612953 -926.1327892612953 -59771.39759398197
-66850.1222219001 -513.5029174315038 -513.5029174315038 -60235.82808137083
-65637.01451480633 -524.21885021859 -524.21885021859 -59778.64999846147
-64907.88456507747 -1269.5059457992409 -1269.5059457992409 -60246.31223507254
-63303.41559396552 -1248.9618606649133 -1248.9618606649133 -59669.23028873626
-64902.483954805364 -739.3296786094588 -739.3296786094588 -60190.266122177956
-63298.810632518565 -721.0885614159722 -721.0885614159722 -59616.60295524294
-62505.6386866305 -886.0097696409688 -886.0097696409688 -60373.25238514118
-60772.03192066747 -814.432037031153 -814.432037031153 -59804.31436036456
-62441.786516821754 -319.02675912652376 -319.02675912652376 -60159.055166263715
-60696.22559258712 -263.10482909311247 -263.10482909311247 -59581.57135413648
-62006.898924713765 4343.621878190803 4343.621878190803 -63498.12340167471
-63849.10827895115 4539.477739168375 4539.477739168375 -64165.033790260684
-61742.629395834796 3802.405369449688 3802.405369449688 -62890.9909385504
-63601.42923428509 3990.7711879693334 3990.7711879693334 -63549.783026826306
-64325.71726278735 3675.8464076235286 3675.8464076235286 -62709.47704118003
-65697.4907642148 3811.682947978769 3811.682947978769 -63195.255996835
-64114.88372009209 3258.0704779161897 3258.0704779161897 -62174.51447938206
-65487.39143153157 3378.1582098424983 3378.1582098424983 -62669.618566961086
-65997.02265357773 2882.7345862525253 2882.7345862525253 -61981.18852374001
-66997.36023698548 3010.92976175895 3010.92976175895 -62336.72025501071
-65832.72924840088 2567.192789705624 2567.192789705624 -61527.4309385471
-66834.07295385898 2701.6629830538104 2701.6629830538104 -61885.851772264265
-67131.4012685278 2036.204239257127 2036.204239257127 -61339.49764298932
-67763.29332421844 2140.664034724484 2140.664034724484 -61568.26751683156
-66989.65636280728 1832.7968229594521 1832.7968229594521 -60983.08699073907
-67622.46102645279 1936.725583516886 1936.725583516886 -61212.65387894992
-67715.430075649 1168.117166875281 1168.117166875281 -60774.06833155799
-67944.84749702665 1235.4955154628465 1235.4955154628465 -60852.5163633305
-67623.53166329591 1094.806630732128 1094.806630732128 -60548.96037082034
-67852.95837153119 1161.4006860188904 1161.4006860188904 -60626.97881921577
-67754.00013546381 313.733138425619 313.733138425619 -60329.55309118123
-67569.59330747373 341.4451003231287 341.4451003231287 -60261.13473005759
-67712.14722756267 373.627483237613 373.627483237613 -60230.34108925862
-67527.75764062091 400.963582900442 400.963582900442 -60162.02655586142
-67250.2245232215 -445.89327662113647 -445.89327662113647 -60071.35010982677
-66657.24116123132 -447.4219345273734 -447.4219345273734 -59852.7484535928
-67248.64572956575 -252.16219415870611 -252.16219415870611 -60064.7750647465
-66657.1796644042 -253.50523660076038 -253.50523660076038 -59846.37450798351
-66239.20550767997 -978.1557820648458 -978.1557820648458 -60012.19608050667
-65291.58491980757 -992.0297015324711 -992.0297015324711 -59673.06529717594
-66247.70881037868 -666.6121296098277 -666.6121296098277 -60017.83865408531
-65299.355663266564 -679.5520180314372 -679.5520180314372 -59676.14677435375
-64806.63144030574 -1135.070720118183 -1135.070720118183 -60130.78108921235
-63642.45604682981 -1107.6813693722918 -1107.6813693722918 -59711.66498248838
-64791.12241192045 -751.621724529291 -751.621724529291 -60064.852911271955
-63629.33115152537 -724.6008442696342 -724.6008442696342 -59647.71217428276
-63129.81741734351 -701.2054878637344 -701.2054878637344 -60259.00873003193
-61960.14849244865 -653.9343061255194 -653.9343061255194 -59880.70083569415
-63066.11029819707 -324.8140597042126 -324.8140597042126 -60071.40920181302
-61898.28650376198 -279.07832749631655 -279.07832749631655 -59691.85129746371
-61513.21259118129 3390.789947640962 3390.789947640962 -62463.26738110131
-63175.7873476954 3516.1892659490723 3516.1892659490723 -63053.47996012279
-61347.91346771336 2893.013602162601 2893.013602162601 -62028.00766238102
-63009.959730473216 3022.6380724825813 3022.6380724825813 -62611.105047203266
-63617.07533483174 2842.898619650038 2842.898619650038 -61717.948918846254
-64884.39525190704 2942.7436965135967 2942.7436965135967 -62161.497027025354
-63480.93858972514 2410.293672533337 2410.293672533337 -61357.99477793903
-64741.58650419073 2506.405492841668 2506.405492841668 -61798.481081090635
-65184.63921392418 2149.6512153950302 2149.6512153950302 -61077.1399849278
-66122.91987485095 2227.253674746386 2227.253674746386 -61401.990727433666
-65086.662639600014 1856.0033003564151 1856.0033003564151 -60797.159912086485
-66022.7696941179 1932.886674537734 1932.886674537734 -61121.8711004169
-66293.90298382172 1447.21423877689 1447.21423877689 -60534.07425343644
-66854.61907675685 1483.0081178473674 1483.0081178473674 -60755.043598252065
-66219.30824527102 1261.713606117779 1261.713606117779 -60349.04933676288
-66780.68587765796 1299.3090703202638 1299.3090703202638 -60572.073432975245
-66863.48461786906 702.1991585870032 702.1991585870032 -60153.3682208637
-67064.07376801278 729.7492767107082 729.7492767107082 -60227.634486670286
-66823.87144084123 636.6233571098837 636.6233571098837 -60055.47962303024
-67024.66354400641 663.9553320414552 663.9553320414552 -60129.58754484798
-66958.51076311409 13.147390429249928 13.147390429249928 -59912.780038494675
-66804.79980111487 19.379686226873325 19.379686226873325 -59854.11208392737
-66947.89788003567 63.19100676434809 63.19100676434809 -59890.01854062612
-66794.99263430775 69.60258587613944 69.60258587613944 -59831.913260050394
-66596.5132582072 -557.7549397245089 -557.7549397245089 -59833.98309586688
-66131.30547658759 -565.0582386452409 -565.0582386452409 -59643.56247165768
-66605.00739106735 -402.5514471607946 -402.5514471607946 -59851.520258844255
-66141.11295905495 -408.90569505206463 -408.90569505206463 -59660.94490195228
-65858.23978354751 -910.4961105776392 -910.4961105776392 -59881.53249633697
-65144.50139649236 -921.5288238918804 -921.5288238918804 -59629.44159921911
-65864.14246171476 -677.1520973835478 -677.1520973835478 -59884.101413841665
-65148.20958438223 -688.119528922376 -688.119528922376 -59632.270531201044
-64823.71401342093 -949.6402838417491 -949.6402838417491 -60035.878596581744
-64011.50986960396 -929.2374849577615 -929.2374849577615 -59745.97448322845
-64805.235072317715 -679.5057675373668 -679.5057675373668 -59974.515521080975
-63995.78561780877 -660.2113059800516 -660.2113059800516 -59686.44974152354
-63698.573556919015 -540.6027936926434 -540.6027936926434 -60186.83337955013
-62956.92971562281 -499.2863452777091 -499.2863452777091 -59924.3313018385
-63638.61210061356 -298.00333167437697 -298.00333167437697 -60023.66072681529
-62899.7529936196 -256.9312294863327 -256.9312294863327 -59759.56655677196
-61173.9514045276 2485.710598878878 2485.710598878878 -61724.01532118316
-62633.12140106627 2593.8404722048585 2593.8404722048585 -62229.07757834454
-61041.5965590251 2010.3069634730327 2010.3069634730327 -61388.02285532293
-62503.17106835121 2108.495357779655 2108.495357779655 -61902.565364868766
-63031.10824996214 2056.602093948587 2056.602093948587 -61017.48963638742
-64232.76507314258 2125.1124009761834 2125.1124009761834 -61434.34898638197
-62949.60081346349 1686.9742752274824 1686.9742752274824 -60747.14697863652
-64151.809297523185 1743.9558712136836 1743.9558712136836 -61205.74410415929
-64548.26746981268 1528.6623943285367 1528.6623943285367 -60456.14657653672
-65433.14184316773 1596.1325615190672 1596.1325615190672 -60747.79350625596
-64489.706195822706 1252.74798817018 1252.74798817018 -60290.408734862445
-65372.21456074971 1318.2281948957493 1318.2281948957493 -60582.924814147504
-65593.34531794171 960.9107522868106 960.9107522868106 -60034.7246323897
-66139.15592567576 998.8837748962465 998.8837748962465 -60224.06800235033
-65554.7498959892 789.1580385834546 789.1580385834546 -59932.84065502788
-66099.43838748481 825.500241039103 825.500241039103 -60122.85590233757
-66185.81360625353 396.1940373738353 396.1940373738353 -59765.64242295987
-66393.20087301188 407.47421165190985 407.47421165190985 -59838.50285234452
-66169.44166731226 330.0237705233676 330.0237705233676 -59726.395966206015
-66376.86402529015 340.99535890370237 340.99535890370237 -59799.39761730844
-66349.35259004828 -125.91179331692922 -125.91179331692922 -59647.21091411228
-66249.98269953959 -127.7652790348665 -127.7652790348665 -59608.08224067429
-66350.71188309132 -92.41566625319399 -92.41566625319399 -59650.866841261464
-66250.97033101325 -93.85257093999537 -93.85257093999537 -59612.025939023064
-66132.4955503509 -536.4797850301572 -536.4797850301572 -59672.11497303386
-65785.51269798323 -543.6637846100675 -543.6637846100675 -59539.716545453964
-66142.2522368112 -419.66997149323106 -419.66997149323106 -59690.289837313634
-65794.05626516667 -425.82279199139373 -425.82279199139373 -59559.127180521806
-65613.30756125569 -768.3466123237612 -768.3466123237612 -59801.54938866457
-65098.561096918274 -772.8773370938384 -772.8773370938384 -59617.00135094291
-65617.46249778323 -598.5032384395288 -598.5032384395288 -59805.04533319972
-65102.08228248362 -603.4079539741301 -603.4079539741301 -59620.70758398346
-64904.234247465734 -747.1103815490222 -747.1103815490222 -59974.67161971354
-64352.28680325177 -730.69918066264 -730.69918066264 -59775.356904408305
-64884.61281398936 -562.7488393371835 -562.7488393371835 -59923.677281200195
-64332.797724570984 -546.2316292766466 -546.2316292766466 -59724.85841300648
-64183.65168719422 -397.00710870721093 -397.00710870721093 -60116.93569168987
-63752.339759308554 -358.0006809198296 -358.0006809198296 -59967.223005002495
-64131.509312387774 -254.16359218984394 -254.16359218984394 -59984.80285498218
-63702.31593555315 -217.44943089549673 -217.44943089549673 -59835.55858009498
-60897.36093062248 1670.0131976026264 1670.0131976026264 -61138.8659625833
-62234.95766452726 1750.1882846690562 1750.1882846690562 -61589.03929989591
-60796.78904091552 1247.2884808427314 1247.2884808427314 -60898.91570766746
-62138.23528651117 1324.906402803965 1324.906402803965 -61344.183697000524
-62648.65398031828 1376.6948305960796 1376.6948305960796 -60518.95682949182
-63763.04653522016 1428.9977875377126 1428.9977875377126 -60892.208396150236
-62581.74518977719 1018.3427359609552 1018.3427359609552 -60337.01846440963
-63697.02659981659 1069.762028107842 1069.762028107842 -60709.32604965593
-64076.04118373383 1003.8035625863168 1003.8035625863168 -60031.57065258466
-64912.36975247304 1047.0983729685722 1047.0983729685722 -60341.57369673423
-64023.15213833012 734.194262765455 734.194262765455 -59891.48587468291
-64860.933271822025 775.2879524132029 775.2879524132029 -60202.358029421026
-65102.05750326066 603.2599712040651 603.2599712040651 -59696.89471433058
-65616.9793898454 623.4024086979151 623.4024086979151 -59895.00455448518
-65072.00215459345 437.3965317380246 437.3965317380246 -59621.71156652233
-65588.45335296249 457.9365880186019 457.9365880186019 -59817.863451440826
-65702.6448811746 201.31366632416717 201.31366632416717 -59525.4080036392
-65915.22975368658 211.22793103277817 211.22793103277817 -59598.00648237964
-65693.10913952834 132.6716738839241 132.6716738839241 -59503.552718095736
-65905.2364355573 142.66122075100444 142.66122075100444 -59576.59378727748
-65919.71125349918 -158.5802903877176 -158.5802903877176 -59499.71354945051
-65865.90781109585 -160.02601983436756 -160.02601983436756 -59478.468725330815
-65923.41678783171 -139.98213392223226 -139.98213392223226 -59509.158886770805
-65869.13612750688 -141.62463921575102 -141.62463921575102 -59487.587214597115
-65816.77344154891 -436.4228706929953 -436.4228706929953 -59584.71582261936
-65561.00079424563 -442.9128798932855 -442.9128798932855 -59490.02759008333
-65824.33154802644 -350.43177274712156 -350.43177274712156 -59602.76809177486
-65567.84425229114 -357.29086501321274 -357.29086501321274 -59508.45130729324
-65471.52527527369 -579.0261635924585 -579.0261635924585 -59755.26167369196
-65098.79603632176 -579.8471575450867 -579.8471575450867 -59623.61187034043
-65472.13471669374 -458.4577163581795 -458.4577163581795 -59757.53473741997
-65099.965519309466 -459.3860583432543 -459.3860583432543 -59624.51641301204
-64996.54681601881 -539.1559895142799 -539.1559895142799 -59944.08257301784
-64633.109841073114 -524.3039737157842 -524.3039737157842 -59800.937277229845
-64979.14204393801 -417.73295146666385 -417.73295146666385 -59903.826339054795
-64616.53929646406 -403.151730990516 -403.151730990516 -59760.84444958812
-64555.801537865555 -269.26075569657564 -269.26075569657564 -60060.83076189786
-64336.82196376431 -239.4057649619656 -239.4057649619656 -59983.83446513262
-64516.36078858351 -194.98805873925363 -194.98805873925363 -59965.15147367999
-64297.07700198591 -165.89833204768019 -165.89833204768019 -59888.717751710974
-60704.70346814769 940.1376250779012 940.1376250779012 -60723.70511677868
-61987.20532386129 1010.4566846268357 1010.4566846268357 -61146.249651264814
-60614.4532046229 525.9750828910067 525.9750828910067 -60500.1101812085
-61901.33875724971 592.6102456784222 592.6102456784222 -60923.5572572049
-62408.60043988913 751.594651258282 751.594651258282 -60149.07784948796
-63504.24958328938 817.2839704656003 817.2839704656003 -60516.322105251995
-62317.96190307016 390.05349549720245 390.05349549720245 -59920.25082281314
-63412.516267008104 456.52905850082806 456.52905850082806 -60290.47134346917
-63820.74999336893 555.0343661690845 555.0343661690845 -59732.33127465264
-64600.52254816123 596.8547755306042 596.8547755306042 -60022.79369487738
-63766.8814734504 299.088895464422 299.088895464422 -59598.14876831337
-64546.83118026865 341.1451258243764 341.1451258243764 -59889.27846761721
-64798.41015404403 332.0426663970476 332.0426663970476 -59489.9485451658
-65282.54801387899 353.4881223990126 353.4881223990126 -59654.41572385786
-64773.84931934192 173.7884976119134 173.7884976119134 -59428.60053585231
-65258.18730857447 195.66924302655343 195.66924302655343 -59592.58162469099
-65401.392963637 92.93611280814326 92.93611280814326 -59386.08998662797
-65613.26615483013 100.42970060582968 100.42970060582968 -59458.61018584421
-65393.64943573039 25.210418083252957 25.210418083252957 -59366.57132895806
-65605.54930026745 32.30033431989681 32.30033431989681 -59439.82700632683
-65652.80641205283 -121.76156058223442 -121.76156058223442 -59402.84755465338
-65630.03358630785 -124.78565173132799 -124.78565173132799 -59393.06266684813
-65655.0143471691 -114.43610661118015 -114.43610661118015 -59411.49098640415
-65631.8107778172 -117.23168678040514 -117.23168678040514 -59401.37724916368
-65620.64557449878 -285.8411085437351 -285.8411085437351 -59527.71820232003
-65432.74861241024 -290.92725943614596 -290.92725943614596 -59471.40296068396
-65624.58701138021 -223.66575313255925 -223.66575313255925 -59540.563158226985
-65437.1638079961 -228.82236277332126 -228.82236277332126 -59484.664513908276
-65390.027891825266 -368.12701077132294 -368.12701077132294 -59728.88805408901
-65120.22345504898 -367.1919148317539 -367.1919148317539 -59630.95325969707
-65387.98034266534 -278.6581574065724 -278.6581574065724 -59727.09983004732
-65118.105363697854 -277.41110249335264 -277.41110249335264 -59629.03877072486
-65071.97476235492 -329.7045144173452 -329.7045144173452 -59912.01063005834
-64826.18118558294 -323.17350336604716 -323.17350336604716 -59825.436011137455
-65060.604975375136 -248.62693678236417 -248.62693678236417 -59886.49952119922
-64815.13597906335 -242.07102992461057 -242.07102992461057 -59799.57913383145
-64805.44533955409 -156.25699082140554 -156.25699082140554 -60029.14878278021
-64714.575690567166 -139.48110676286342 -139.48110676286342 -59996.301350046015
-64781.093226526114 -126.88631903853218 -126.88631903853218 -59970.25685167921
-64690.076673795906 -109.74329304017846 -109.74329304017846 -59937.21575831125
-60550.34794658295 231.6921252583487 231.6921252583487 -60237.51828387463
-61946.90043831991 378.70954435600504 378.70954435600504 -60703.1563334426
-60353.95976133537 -235.789189239709 -235.789189239709 -59705.870835383874
-61744.80097541759 -86.59195780094669 -86.59195780094669 -60173.64080829696
-62406.31509105522 270.44734909710553 270.44734909710553 -59823.440685687616
-63392.81482812935 325.9295827600233 325.9295827600233 -60158.83738507422
-62327.91093435144 -58.4524508581321 -58.4524508581321 -59637.7323019383
-63313.416318410826 -2.0672568375087623 -2.0672568375087623 -59974.32719343893
-63727.68779705295 236.96679837616674 236.96679837616674 -59526.8055594819
-64445.28646820122 259.54642934086235 259.54642934086235 -59781.26053194784
-63700.518147084586 -1.5775721817732076 -1.5775721817732076 -59466.41179019773
-64418.487682748266 21.129839688644907 21.129839688644907 -59719.52688793681
-64659.22381527415 144.92248459209682 144.92248459209682 -59367.86550590443
-65126.78713653132 157.89129722944136 157.89129722944136 -59516.51479200306
-64650.955541244184 -5.108652003931667 -5.108652003931667 -59341.28913824087
-65117.2272972282 7.621789852953251 7.621789852953251 -59490.26339182012
-65248.25042423186 46.033621961600176 46.033621961600176 -59308.83956888851
-65465.942064745366 47.40283909698303 47.40283909698303 -59382.37147723092
-65245.047380205906 -20.115812082026324 -20.115812082026324 -59301.16686285539
-65462.59043764788 -19.54216119985691 -19.54216119985691 -59374.70943712329
-65527.60139546661 -47.206446052023225 -47.206446052023225 -59366.57034695958
-65520.412454494646 -47.336395609478885 -47.336395609478885 -59362.827395005705
-65527.48097350594 -44.13725360717016 -44.13725360717016 -59369.597739171426
-65520.636413322914 -44.2527619489815 -44.2527619489815 -59365.898738148484
-65529.70466714646 -114.0124156736006 -114.0124156736006 -59511.57304235941
-65371.151593973475 -114.91529390416952 -114.91529390416952 -59453.65320616118
-65530.48783800867 -62.16108047726502 -62.16108047726502 -59516.71491701101
-65372.21509015548 -63.304581862660584 -63.304581862660584 -59459.748392816575
-65354.08605273535 -144.58300387828643 -144.58300387828643 -59699.71976099442
-65133.16766800826 -146.77704555877756 -146.77704555877756 -59633.27449262069
-65354.21976426269 -72.30266732756499 -72.30266732756499 -59702.59025673016
-65133.48516360901 -74.26795291297873 -74.26795291297873 -59635.98983279154
-65110.15121195541 -127.93163602599029 -127.93163602599029 -59893.4730806539
-64924.8291604935 -126.32229008607194 -126.32229008607194 -59828.07218103262
-65106.76328282814 -67.352349342714 -67.352349342714 -59885.83276757352
-64921.03278613519 -66.07940400203599 -66.07940400203599 -59820.501063169046
-64925.67960784063 -53.971774561829974 -53.971774561829974 -59998.352750390804
-64891.615020712015 -48.73911293646292 -48.73911293646292 -59985.84942915641
-64917.29609036804 -43.212635522587966 -43.212635522587966 -59980.02500646019
-64882.883570068756 -37.99180583948677 -37.99180583948677 -59967.58063677617
D 640
15100649.444998693 -269898.1824036567 3706837.1466798186 5604045.978467273 -157722.45934495496 15429852.790553086
14713042.519328771 -280231.4713527246 3685867.943791069 5559812.219799868 -154899.9817865232 15394106.99557828
15003391.767797993 -275995.08691947 3705183.194929872 5597412.91392842 -153836.02256875418 15430836.107931763
14789767.865389792 -306921.10956909804 3690938.0030193096 5570973.886078245 -179886.3043174054 15429073.662966384
14636920.587248763 -285053.62010535406 3688553.080799936 5561146.667456069 -133710.15030297535 15437844.855013859
14427061.37745937 -284833.3992494021 3663840.0244876547 5521668.399550654 -131971.31344430312 15401825.930982895
14626134.25917479 -291786.72738897824 3674506.6073026108 5541281.196066488 -161988.13220923708 15360344.169912668
14403925.233965332 -329397.5686521036 3655647.1670684884 5508327.770004082 -176346.8094339044 15338392.33898339
14345862.817674171 -258440.05447851992 3661928.4493548614 5520271.956053898 -118701.68890093514 15497150.275976332
13893954.530043118 -274655.9429037266 3622570.4960551984 5452538.015001133 -128621.1336640445 15460254.690694822
14252478.089965882 -299080.1721278972 3637031.9073780198 5485697.803371106 -131279.62197535502 15446775.872556955
13850979.03089157 -279901.0981092472 3600033.217099501 5419260.693348959 -153935.95785229062 15333503.886237029
13686184.771486571 -259941.09510121783 3613569.049922031 5429597.560408847 -115284.96927375258 15407247.172324315
13577182.239742463 -239584.99474604716 3607383.831564951 5417892.277312922 -118408.88548507342 15418218.833726404
13688339.824069683 -264248.86204891163 3622257.5992691773 5440892.5180200925 -127459.04580166764 15439843.166221261
13509744.765760522 -274296.5055047225 3603671.590544078 5410393.386015328 -134536.4311370491 15417347.774819084
13579845.752609476 -269489.95694327523 3602380.0334452745 5416356.305791085 -139632.80565414802 15494919.450922625
13421703.049969496 -259524.41033270312 3596869.839152088 5399225.481863971 -129108.16908946054 15431669.948466392
13486427.239928365 -300532.7117850823 3605852.0659062406 5415217.655954552 -145860.36146388747 15489180.245915977
13409590.313041491 -298899.31988146144 3589237.545883628 5392634.775120027 -158769.7336369343 15479878.988113737
13538590.054223208 -260156.35255382262 3610374.4427373777 5420542.692212047 -135404.11918358202 15444025.878009686
13503029.106620913 -271252.96782603924 3596358.1564565254 5402353.141500013 -149076.8559543062 15424154.111774078
13403554.530627342 -290194.1956662841 3587963.2251833864 5388143.213785078 -157924.15971580747 15424118.612622095
13380786.72374174 -317406.1825849431 3593712.376522432 5393486.177945366 -166096.03591921518 15427264.37871618
13489853.90837402 -295409.23313127074 3609509.566104656 5419107.546459649 -139624.18580197965 15483086.395737868
13800167.174534911 -271746.61862509203 3634445.006103389 5463357.276381501 -122199.10550939993 15509188.052211443
13548678.807241369 -255220.55926846951 3617426.909229052 5431416.667082564 -115436.11107251469 15496262.367265971
13611859.996243415 -283966.87302249455 3631225.7437309083 5450435.1016836595 -126374.52964898302 15509875.513193944
13792571.933189455 -273599.7642302009 3634322.927140852 5463363.292396319 -124323.21553762013 15519589.350301677
14127788.524060741 -252064.5452234734 3674047.937401819 5531131.575272205 -116870.27808766351 15665788.203356134
13649703.654792804 -230423.89359459217 3643051.7357529476 5468055.4793626815 -110208.75472876543 15564267.584816871
14256379.474565877 -180517.4963631626 3711321.606169654 5579850.776950612 -79731.18011322767 15691560.577106535
14457403.686341083 -214619.39588785765 3692133.4626012444 5562644.186670965 -107978.96378151595 15568543.729229288
14971679.437077029 -252083.38328709884 3734869.625791633 5639371.073039695 -113908.64348507274 15648610.12847098
14628369.286674198 -215222.04255666703 3713214.6596503067 5597656.110807956 -122971.7966370329 15634030.269131048
14995625.250191344 -224362.00709580435 3755428.784397321 5667920.476966829 -96146.34417666071 15743350.900139965
15227902.790036405 -237999.520898775 3754755.080651355 5674132.1264447635 -97488.73181882004 15650127.8496689
15223811.598120835 -240839.83285869943 3755390.8890066682 5676945.637762867 -104387.6087917691 15696501.484637154
15233997.887165317 -241786.02563663843 3755575.3251090106 5677133.671663043 -104954.13942904065 15686018.276524875
15307117.666775338 -229576.7808238885 3759649.7041105214 5688496.007250963 -100865.33774819034 15750508.86865722
15003467.596837474 -275851.57127307064 3709512.50463325 5603496.978347343 -160398.4256914605 15457196.7378731
14961321.376044895 -301437.01783941034 3684135.960072886 5570495.515614985 -171714.1457397875 15397597.671579503
14983321.432431709 -328100.67808584124 3688843.5262505435 5572608.188451743 -192060.9470924492 15314284.593967507
14878450.054090383 -339673.1862653235 3652327.4719100716 5521405.458468721 -222254.48227961996 15198454.550500698
14823049.96002986 -304747.6190897232 3685546.3240185175 5566336.057649479 -163836.08963146192 15421651.925160686
14481760.280515974 -350946.938239735 3651087.936316632 5507327.229469907 -182851.95044330443 15340849.547701618
14770277.309029723 -311387.90815775277 3667899.6513087316 5539229.607171596 -186312.42113072515 15320522.336626146
14552701.994152762 -353623.77180388256 3636198.1137722437 5487637.528403096 -227466.79919953956 15203689.864716658
14470630.736295734 -337590.5054372937 3656088.6430261666 5515723.117806959 -175367.43955460298 15409881.315254532
14231441.89728966 -343850.02800063376 3623904.5881812302 5466739.928008999 -180571.66080609674 15377455.548080526
14340008.638882034 -362807.4040891696 3621305.987720081 5468728.371532724 -201866.38222827954 15365826.8855263
14108325.802375073 -410409.2293990369 3595283.784592652 5419303.904795413 -246337.09421466733 15181508.83494903
14155849.967233924 -303665.46036627906 3614750.3500637305 5455702.102373336 -158154.82982106044 15433684.208575025
13890680.044078007 -396228.14597418736 3575808.0841348656 5397318.669855071 -201217.49635337773 15387915.30477045
14110696.697114157 -398289.27201022976 3606299.092400549 5438910.795635427 -240472.86930767022 15328938.977069253
13669171.050423412 -428957.8524614743 3544132.0130192954 5342906.458428772 -251593.93045790648 15218053.5892734
13766426.559385747 -349948.5924425196 3589323.926667163 5406696.242618661 -191891.82985169135 15402371.715450907
13653693.587702235 -398367.96214573295 3557067.813626235 5364752.6643337635 -230867.92656961124 15385867.57706183
13687342.564780423 -435765.3875398395 3542871.8829278783 5344831.21448263 -247803.06655033075 15266100.069798239
13587486.898133082 -438068.4926240669 3520245.4025514843 5309002.0474669 -271113.4177084138 15147154.933065224
13687034.927780302 -381653.77855330653 3584122.854701062 5397489.962549304 -234576.1496112483 15412061.315934433
13779679.321688423 -427775.442257364 3585029.794509562 5395140.331701891 -260007.86535187004 15252471.614713088
13575012.89826256 -454395.69736482337 3528122.9120454434 5320056.416342697 -262508.72293845797 15207411.100423876
13576567.994687775 -453525.6365800326 3510438.9332568743 5298581.322225713 -284366.66747604316 15165401.650868548
13759828.744115619 -414093.44828888914 3602609.8397413027 5419804.111432813 -218280.42822217837 15378836.808152502
13825105.82083512 -438280.96442135645 3609837.29533944 5432434.283443325 -247715.01915596158 15407159.128966874
13778106.31764021 -425153.44457483676 3581692.4381487006 5390550.242541832 -252886.162622566 15235664.66452088
13611095.780949159 -441125.3844492544 3568031.5323782354 5365134.150122806 -295207.4651502484 15194893.25498146
13753848.828354828 -390711.8887299433 3620042.2700861576 5438965.778575341 -200671.68624465403 15384536.596114403
13878293.411744116 -393966.5805939458 3620445.495327409 5445575.208430609 -199981.7306541647 15383409.65811669
13805033.908174878 -389645.29201775155 3620227.9009937965 5443868.613342963 -204104.47916130204 15427324.335099377
13839018.849815417 -418271.91863821563 3603262.4639664437 5423919.604672271 -217491.22199298127 15367598.844477212
13750475.562207736 -319237.82967787376 3648034.724727195 5476065.293759498 -155010.57907048252 15514066.190609386
13790362.146407539 -301367.23660318414 3642980.15844578 5474434.908974244 -158221.58349565274 15552772.372996613
13907732.289236924 -338152.9924594688 3673600.8398742476 5517974.447497271 -183594.81136151173 15632538.01720932
13927762.580481963 -282657.69344386127 3672941.2890778156 5522150.401866922 -155256.89371308865 15710536.93386647
13970752.412409632 -277792.2985496942 3646816.4200043087 5487798.509411301 -126526.03713536804 15555256.354233984
15092761.986458477 -239195.6982519984 3761689.78293684 5679375.016047323 -111671.41354045973 15737562.98471128
14235718.73023172 -184595.5906435235 3729075.351874862 5605128.144626064 -117295.1325361929 15827186.274050498
14870665.910631536 -191201.73052662937 3783267.4307967653 5697744.666657118 -104116.70329972998 15852343.796027148
14948971.834882516 -354672.82403885486 3669265.9687625514 5544510.9805923235 -228168.78285955367 15217396.276719706
14884773.076842029 -351926.00613460253 3655028.142557326 5524852.25452562 -229256.84137155296 15201652.670529447
14941765.420376971 -347926.58604907995 3664513.5931230783 5537896.372389407 -214635.4002470488 15196862.721216502
14835242.629634142 -409857.3677266982 3635684.8141728602 5500264.264172647 -255351.7154729604 15184976.471764375
14747706.63870917 -311173.0071813599 3652636.7068752716 5517272.568327108 -174814.80201402146 15239737.002713576
14584594.342656054 -411138.18969320535 3599225.8693322497 5442698.744172708 -271316.94041416986 15086411.20271174
14650804.862105817 -386498.8392273228 3609793.0224737157 5460773.622335438 -242682.32528902037 15149220.876296427
14547096.808557838 -415881.47305610636 3601029.1184151326 5443298.1649020035 -269819.4782877944 15096225.617676731
14659452.66926903 -343572.8323891331 3650437.8993262304 5512814.50191159 -207260.33737315767 15287203.387397638
14479323.865156705 -376593.5100734575 3629112.5670394497 5475575.753751215 -212089.63228638828 15191714.51883645
14516598.249555642 -399020.4915819357 3595101.350654527 5434598.049354763 -265348.35067392164 15083132.769874165
14137663.05586841 -437157.99545441126 3554179.0802918104 5369223.421665553 -262389.03822300496 15054865.299859406
14338549.340747556 -392770.78840847115 3621616.4634811953 5464978.650002939 -221131.2690362268 15285461.242925392
14153680.76214056 -473836.03889981797 3582868.574787222 5411796.750892327 -320626.15566947404 15259145.343521105
14097562.770751603 -437761.55705449276 3568407.4466284183 5387805.627505182 -269465.9114099092 15153585.633726485
13940644.73302023 -509898.4030191667 3535346.322996253 5339275.525192156 -326915.0785202416 15067246.246179687
14167772.673414765 -490997.5726270499 3610160.7244857345 5445615.846605305 -314211.3233242795 15321008.066936683
14074799.069127083 -579307.274490897 3598858.5238185665 5426696.042532818 -376511.6379478166 15284233.931262271
13872062.685708553 -548787.6385843024 3540542.1914342423 5342659.655461873 -352953.3866636595 15089201.780942278
13879213.144986037 -562626.0491932497 3547691.567388515 5349962.543123359 -352932.5596358815 15070822.785102548
14080519.072441656 -558654.8616181889 3591951.223159254 5418178.239959426 -360483.15902131534 15260118.504409682
14037717.93232471 -671871.2727860714 3572259.2374578877 5393537.197063168 -438117.0740213563 15243322.36562922
13806042.836047472 -595408.2741000643 3527127.875194359 5323481.96072859 -380795.87811124447 15066782.656924514
13895819.710542267 -674509.2168333062 3530693.0612632716 5334003.83241856 -458312.80858924234 15109009.155141748
14002535.188893866 -681179.5576132385 3587459.3963865372 5412311.792005889 -437769.17286611634 15319593.572324809
13938064.124299273 -702796.7641794187 3554491.3970381147 5364565.804014687 -485561.6570053414 15154440.762913797
13753761.475905748 -678095.5072801115 3520911.891390825 5318423.273619066 -469880.45671214594 15154641.974584218
13671011.92362116 -763320.4419675418 3463073.3602867024 5241477.796958582 -556272.0384865351 14970929.679363325
13940557.16071219 -671312.6970636506 3562993.1385613405 5380571.136848294 -445386.9640170493 15285016.05416688
14028390.251142668 -719444.7913856377 3538428.327050244 5352862.768120952 -475568.4492225626 15183441.363822587
13547938.20388537 -798734.3670261013 3430472.592550607 5201023.971988437 -582004.2762056928 15002143.751671571
13437148.033611368 -875957.5288055288 3376970.224240133 5126209.687121169 -666008.3666138961 14793700.322234375
14040963.654199934 -742427.6382367256 3544334.1280008336 5361178.969425866 -498403.2465345644 15207264.297645824
13625817.95475378 -807503.3556169855 3475910.431773801 5262666.206578292 -582355.1768588544 15157476.075306151
13334775.993918605 -940793.7225299436 3311238.31639129 5035940.084035222 -739371.536241004 14536782.23001045
13654495.481490104 -901573.1768075298 3350838.072041395 5097917.068245533 -727534.3077155892 14585407.395718947
13693885.880361473 -788150.7003240341 3505492.9656702266 5305344.191009572 -577839.8861559423 15292152.204547057
14487696.253008155 -806731.8760681562 3551120.8958991095 5405473.8175221365 -573984.4617076573 15497119.926258245
13649776.312905602 -842421.7135365307 3334468.548508448 5056640.401364488 -725053.1938218916 14124722.5080413
13897912.989073025 -911056.4922237383 3326819.9153570966 5055849.413684105 -736935.6974842206 14029036.547978463
14938019.690669656 -377419.21104037313 3655404.3457074617 5528312.433848882 -239923.2739595342 15209333.086485982
14821031.743673863 -412828.6648213302 3632067.704749926 5495740.128571727 -256987.23812118726 15188280.999937844
14865921.558864031 -416986.78357891896 3641756.082258818 5509287.726003718 -257986.82326070385 15201198.76514383
14812892.761798175 -450885.48561338003 3617276.49543329 5476022.092899354 -297985.91124486906 15127465.776267074
14826741.936486883 -414770.5007897302 3632288.394374136 5496011.360511899 -258854.5711295492 15183140.335630756
14798882.88944984 -405606.1516066726 3619563.1657307823 5477900.840011709 -251367.12655165946 15128743.963749917
14818655.894859064 -414029.52709035436 3631900.7161403787 5495473.8719329685 -258235.10188228454 15189005.419976724
14744020.380358553 -421660.2630758435 3614052.6041957904 5468731.113258995 -287607.5241242957 15121444.149855522
14792440.229962856 -395736.53108333144 3625837.0736472914 5487091.437137924 -233735.96784077262 15180972.634638786
14775133.232971145 -425200.6039407106 3615152.321076724 5470966.934697031 -270193.5047987872 15110854.07823105
14745319.378635516 -428205.5297540366 3619725.1042758934 5475610.935417074 -283559.59336499765 15132946.617901407
14762693.041265225 -433813.98010970716 3610151.370965435 5465444.075263568 -271797.9456321207 15122857.893808601
14703857.244986063 -430961.78220198996 3617168.499137301 5471116.75428074 -260740.54563642995 15140770.49323552
14629777.208216423 -502949.01092383615 3619338.7516460693 5471529.055680929 -314473.0646782033 15175350.946050122
14739570.025092812 -445635.88694185833 3603437.0076171183 5456705.202368936 -277589.9382078271 15118919.457030602
14650392.18047729 -511419.14546250575 3603354.56540022 5451481.394093179 -312503.4757792191 15105434.870994205
14633282.900779279 -492862.19727428124 3616779.8919652053 5468792.402632156 -312462.03983009816 15173407.120074295
14557497.489714673 -532899.1167267612 3619962.900127339 5470112.645984514 -333165.74380664545 15205571.218746146
14656629.206671188 -517498.4197518385 3603404.458166768 5450669.174306623 -321851.8666539347 15081855.819032347
14582205.484143944 -523467.67430331203 3611206.5094102416 5457680.666940306 -340027.1489152813 15124864.29605065
14597719.55024534 -523753.1817626154 3612112.315147659 5460499.199156442 -330146.3891964695 15145793.098079922
14481996.875922624 -557001.8864970781 3595748.7483617384 5440547.253428299 -346017.3782926329 15222475.332232365
14583544.407482289 -519955.15444381983 3611166.0479349797 5455717.526581769 -358991.9065654031 15085152.710875452
14571409.54212212 -529555.4750450137 3590941.5563849406 5428987.430425382 -384255.5440067789 15007624.467907013
14569598.61294753 -528363.0791831122 3601014.191223405 5444789.447173828 -348651.55100965855 15103877.755526254
14636007.624586426 -543748.7839318479 3622415.8767949026 5472012.325770999 -394930.8140421318 15111089.233505392
14580465.872927833 -511801.97539958236 3588297.8198766154 5425510.487777535 -364601.20757576637 14987191.475538207
14680303.81090956 -557156.7217449512 3566645.927920564 5399244.534392641 -425345.7538685878 14838376.066686489
14712338.150063124 -535160.5851508126 3586425.674752036 5426649.129461579 -401789.11371825484 14919279.222581567
14728209.678579127 -555930.4926303282 3565949.871410411 5406124.304421157 -423894.8467330034 14943378.890489502
14725663.513301756 -543888.242377672 3550365.9239147073 5380055.781277442 -429316.8587272802 14767401.414454028
14721588.48700202 -557598.0041195382 3553139.5301849646 5381612.588500461 -437118.40693186433 14741593.246214753
14795321.301916203 -550283.6159154477 3552504.803053503 5384073.494581158 -445633.52159042476 14731042.560022108
14989728.28200556 -513146.8974428733 3551164.114781933 5391593.865270961 -442790.7575933595 14716538.06352471
15011011.05502619 -518324.2089081899 3548897.3463120707 5387820.012885543 -424862.27574517456 14669647.178318014
15073330.885927089 -475018.04446111846 3559509.2786061857 5402947.831759269 -444229.0806735134 14676421.255562587
15127548.922189226 -314506.9434521685 3593737.030701011 5421986.926555056 -154623.0793761179 14249974.79542497
14921490.637524066 -219180.8864401937 3480015.330917638 5274649.39491236 -30318.84628630657 14011159.825608093
15203037.77239856 -352521.17120278534 3631966.8096448053 5487566.174433961 -238419.77441571178 14645015.688097812
14995522.827468628 -370435.26792348066 3574600.2736951816 5415635.2981993295 -262160.6369070511 14675976.737246096
14862003.498992013 -430230.2802448469 3636303.5419395966 5502680.995657089 -269906.01936883957 15192938.049407214
14811416.291390946 -420709.9601267284 3620968.8637430533 5481721.521550483 -255882.65378738765 15161698.765606195
14855495.713200081 -428375.3225207994 3634118.1195469704 5499084.229779802 -263271.960002653 15175589.880004818
14697989.819076529 -443879.92665485456 3599587.8148621717 5449712.776972236 -287639.01033168077 15105333.420148715
14861982.049878567 -417544.60156908137 3641680.024527624 5509157.374900866 -258702.27473684814 15204204.511066144
14819130.35436717 -416266.2874674223 3624572.64183409 5486266.035239128 -252829.52918594654 15165591.834361935
14835160.269762766 -440766.49377101014 3630904.646044239 5495580.160827901 -274350.1433318113 15196540.350104306
14823780.88724391 -431917.5106009461 3627098.9450091724 5489601.753680863 -264132.24003674946 15172077.03204688
14872135.776445657 -423687.48613919766 3646740.892423775 5519446.007750617 -272993.4003353651 15288484.326270279
14833269.80033691 -438244.89085623616 3627573.5627653236 5490949.101591059 -271261.6801195375 15179093.478510892
14852658.675028844 -430220.9476912702 3635335.155127201 5501601.652133604 -269736.4363421116 15202000.600008842
14794075.502996072 -456277.81034907396 3612943.4236243344 5470254.353196905 -283396.23023603985 15126255.864815177
14848572.622093486 -429586.4018508438 3627989.9583584704 5489966.783118022 -269771.93574879237 15134983.585373424
14900822.310017562 -453604.24731908704 3631477.9435193893 5497472.215051712 -285988.58286441944 15156106.867583735
14872236.962820271 -457029.7997270096 3631299.6087613143 5497488.69543431 -309252.19486268674 15188945.175255457
14972625.178646991 -415599.26647539664 3627128.410653602 5490790.681477424 -294226.4113051892 15046363.044062784
15091667.307836851 -426238.58191412716 3639812.174648606 5516804.777145819 -279099.3585533989 15168560.033113725
15089481.508734481 -424765.3426723111 3643794.992990651 5519163.723453879 -282230.0769922023 15130302.733501717
15028812.269736284 -428590.2739810642 3609659.12147796 5471025.9144307645 -316476.8945472255 14979204.986146087
15036760.186439214 -438911.1673011279 3617376.5280907047 5482425.9085098775 -315492.3542794042 15029473.971527126
15099740.332550222 -417374.7631905893 3636343.699133031 5508091.792922366 -297702.0262850492 15062533.747994859
15105126.766898878 -427306.63531680783 3636963.783791357 5509589.850660868 -299872.80108472565 15073466.601400586
15078804.473272337 -423947.41784244153 3625459.642908658 5492463.650328004 -305128.2393010382 15010355.9785247
15069610.86831245 -427234.2783764358 3624591.088510867 5487493.547160344 -297336.70146380854 14939255.700837737
15228536.527291065 -373756.9564060459 3645172.999442084 5522471.97716228 -286659.64067577955 15027096.58172868
15195417.541742038 -395697.8178545809 3648750.2473451914 5523726.399525687 -288848.7558893632 15006604.598804973
15176267.43899893 -391345.07719549985 3632959.1772283996 5502097.030498312 -296740.9561506859 14940570.853188323
15172270.997092824 -397329.4380166406 3630870.369168587 5499732.270189902 -316865.2380616339 14943225.877208792
15170563.496127281 -393516.66105121357 3633282.509001596 5502478.085643095 -299043.13268191967 14946782.579010049
15169515.79664645 -389699.47189737856 3635451.221731779 5506376.0341843655 -288927.29103412305 14978077.575200392
15143762.72434504 -401991.7988532764 3615033.597979207 5475585.815297402 -328225.8700474158 14837214.004547905
15154731.65618913 -403982.41954713356 3618715.3064935408 5481402.171654134 -334251.329150749 14861574.628428012
15202034.405163744 -307672.19856429315 3653708.553938813 5512963.779883453 -184696.9696337846 14675652.778107705
15172104.674057165 -300636.63898293657 3635226.754843637 5489681.955891159 -184227.22397481764 14646545.583690489
15192065.0779638 -319973.0760529277 3639155.1239810926 5495030.866976265 -203515.5915484458 14647139.291604998
15169939.519024244 -340998.5930298896 3622174.8797364417 5476632.217682727 -235153.33756913157 14674857.217717985
15252227.922165263 -244555.25264783655 3694552.792986775 5579807.136874654 -110073.13910081112 15063753.259859713
14599539.088984646 -259202.1202029732 3594719.0198488 5427877.949665196 -94382.92715638745 14874200.972700939
15172370.0188973 -264518.9531059023 3661064.141689953 5528837.540548576 -139511.11037764268 14860969.55967862
14608491.225496935 -424649.6107817325 3569909.3208289985 5397979.867458079 -252072.82972011616 14813100.52868814
14831539.720586063 -439688.5700744991 3631451.4176700753 5496270.241404836 -274558.529794418 15201933.550469173
14791341.165935067 -467902.1952690145 3612511.3900318174 5469680.835351738 -288508.16441201296 15127024.60742734
14820809.280130658 -464427.83837352484 3592943.30113402 5445072.630043303 -321868.1441612222 15035890.330192765
14871350.842096612 -470683.50111063983 3615013.790382747 5470944.230053491 -331146.53241345444 15017230.01586909
14902746.973746696 -417612.21448050457 3645484.4971451005 5516215.011166503 -259322.7347220938 15220893.974763168
14964522.24601242 -410856.2543528436 3652136.9159479085 5524814.3849798115 -270092.39905061864 15184752.904147634
15025573.728422208 -390991.21471060545 3633182.4360299576 5503779.44883359 -263390.21475075703 15120001.294487244
14990970.03757029 -413114.41980000905 3621319.210920008 5485053.237932267 -297198.1861502353 15041071.72487383
15145778.937768165 -360623.4771565154 3658751.4881576225 5541250.418281781 -247920.02138287565 15186696.328730201
15202345.381522067 -370124.50418066664 3667860.5469885576 5554106.085552536 -270363.73556100175 15186843.924429089
15148186.430592272 -366820.9626406479 3640630.602768444 5518133.142690499 -249907.78964280058 15120602.789878651
15057520.359867148 -432884.74695590936 3629122.4097588966 5495130.704786749 -316057.3653629207 15004400.349415662
15235803.61470106 -357928.1659146248 3673727.2829394583 5561835.459395208 -262599.31373265473 15178904.947240878
15217313.059132643 -381713.221246711 3658802.1461114627 5540466.822883599 -296358.52782043273 15098375.79228606
15150315.726479217 -370914.2447003551 3632257.534645821 5502824.815633355 -265620.6920792429 14996514.480179884
15196734.286152508 -390243.82995122205 3650899.437394719 5526993.178699338 -301884.90853778215 15023341.31420789
15209503.946852122 -372097.7361452773 3659484.0852885167 5540142.929680599 -275862.28525214054 15084704.340387043
15214048.811270712 -375959.1475301312 3665018.8843830987 5547158.31029977 -281732.4221049682 15098701.522356087
15167297.097827561 -378206.4796717404 3641471.3164583943 5512052.352765446 -293022.71121525206 14961380.62482674
15195196.788620004 -378462.42066653934 3648127.0126413326 5521098.3789392905 -291645.5986056461 14967976.137992607
15179778.26419363 -382978.09758594766 3641116.0938628525 5511382.810099456 -285841.22093847656 14943323.531283254
15192699.563019125 -378737.25385480147 3648348.616354542 5521393.213918685 -291945.04982067895 14971494.771530923
15156798.921678673 -375370.77101762104 3636588.1055062125 5505604.896563888 -283240.8251085926 14950360.376906237
15157760.139068557 -377184.0620425395 3641447.369376033 5512037.83680485 -292172.2593379341 14971154.122566065
15238377.93830413 -330510.12354121474 3672866.707172255 5550851.506565115 -222967.50205704867 14975584.42075006
15206102.842156246 -333545.8633101767 3656163.189303824 5528871.827390413 -241510.52727456507 14935743.315488596
15213474.699168269 -319817.8906768126 3665715.4550013905 5537217.157412302 -202841.89691516233 14885128.22785049
15224692.908655409 -340341.7141113398 3663978.320260151 5536412.162662017 -228296.2626817401 14896027.073416289
15215664.296020418 -284310.0623406379 3665390.457049945 5534728.685771586 -166744.5732142359 14840319.229867438
15237490.831047524 -292893.9155424026 3669034.3596518384 5538760.1490033595 -164964.65631593246 14818956.076069126
15228040.227619147 -286054.177491541 3662552.1854324625 5527052.331424354 -150553.53829746053 14736858.175162146
15228918.844498605 -285266.61846853234 3662472.0442834976 5526952.09792146 -149751.16319396213 14735737.96496438
15183115.76966793 -240887.58909249565 3655503.2886849786 5516927.4131368585 -97937.33949022769 14734360.056523932
15179230.48126518 -256210.97769200496 3657480.347645193 5518721.204513766 -126422.77329301355 14730625.845790127
15189084.15393758 -265409.6314549279 3656812.6349504627 5517359.98129413 -139085.74817594417 14708237.399782572
15150738.893832708 -268815.9175504118 3648211.1259727105 5506344.583942207 -134167.21211874866 14715507.857268881
15176893.665430322 -220794.44207098766 3644844.3764859857 5513340.1415562285 -71612.26112619153 14903332.716702782
14630720.877660697 -201262.75393895654 3559586.403723324 5387934.849771206 -26111.296272412732 14817074.827530464
15166251.157412358 -269954.7167487977 3661128.3903187145 5531183.354806431 -126433.87187827015 14912591.264695214
14675895.69044458 -333098.6821290127 3577596.8528346512 5410617.803669981 -172987.79273241118 14829329.59218713
14828652.72262997 -461943.085595362 3591508.8382862997 5439810.445125411 -333448.2119736713 14954361.414015641
15010210.408716759 -433445.07521147456 3625151.0095135407 5487913.49934113 -317914.5064148167 14994737.008339731
14932161.148785032 -432195.388985329 3593399.9888451775 5446823.145606033 -298748.6585611314 14949501.698493844
14963744.921754092 -434988.4335944831 3601125.411309504 5457684.66595652 -325576.6282257089 14965188.997936513
15130279.19968579 -337498.1612586636 3643275.9515808546 5519178.44929733 -231481.8476246022 15101218.496040083
15123192.164638435 -363651.76257577766 3631614.250489946 5503691.792151085 -269830.82557187695 15055129.8305057
15130515.632855495 -368351.4240038638 3620209.7687966744 5486088.710535603 -253501.03183681145 14946643.292443113
15114221.354540452 -362998.8692225182 3622323.7968462836 5489680.620185944 -264570.8139086182 14988267.176975759
15174967.017232448 -323900.26726450195 3642221.3387456704 5517642.8266001865 -226442.8336688268 15049019.704433389
15157046.844929768 -344517.8973066386 3642568.495836529 5518143.052897784 -261469.61478409416 15069306.899795
15167093.101073617 -337507.4112803815 3636785.091864973 5507522.693688809 -233805.6865882874 14974088.36426796
15152835.528418176 -353395.3796511504 3627983.586326041 5496461.342368403 -245363.48818129158 14960752.049546268
15222324.757844074 -296128.9641904132 3670374.2207214613 5551592.613474291 -196176.68930736982 15061294.266758049
15211274.04868488 -303459.1765065847 3662773.5876840847 5542081.192335222 -205158.94425493586 15049330.411498228
15194206.310844269 -313666.46521796903 3655004.406480836 5527713.812798513 -214081.58725316328 14949972.566851126
15171472.4046734 -325135.4415610317 3649488.13511389 5521505.94251307 -223715.7755406228 14969907.058586007
15246787.117849823 -279563.16913189564 3680560.6956802886 5562103.169799198 -188115.95070709652 15022940.6482814
15251010.822464451 -294343.0063566947 3676671.041892725 5555827.350751577 -195965.53194004283 14978772.969806926
15248994.233139731 -295439.22024580726 3674271.0709266197 5548616.345629832 -181413.2597448882 14889368.819554748
15226505.459140675 -283833.9028642369 3669528.1157765538 5542209.893503868 -176003.44760597582 14888073.582825514
15227050.975472638 -284818.7971592961 3674247.6410163534 5549802.288504762 -174920.09372811418 14935546.496595807
15224121.946599765 -285669.30987952027 3669642.5947536593 5542345.693761515 -177857.85741154905 14890654.62750593
15221857.066477176 -287220.13645017275 3669510.0108624278 5542140.41209566 -179536.5607318049 14891730.744594688
15242377.77219483 -296328.9678991118 3674325.7506117877 5548668.002126626 -182461.29401526772 14895815.541740566
15224237.4896359 -270790.59744073375 3664594.0992389275 5533592.893344074 -143651.92674987405 14826550.048875686
15216844.72871678 -285092.66086097044 3664253.1165489038 5532274.890808132 -163395.9724110726 14815084.375383725
15208262.414400466 -278715.18197299476 3657731.4292152384 5520510.71193858 -149437.89533195892 14731860.231936147
15208347.252845716 -277971.2162198215 3657704.7909675865 5520482.110544571 -148667.7733145437 14731789.4058589
15181710.092118518 -238810.39191771045 3654444.221661728 5514595.013631914 -91679.48264618833 14712417.21887549
15175093.453222707 -254937.1240050571 3657635.806214099 5518950.751607687 -125027.24426873677 14735933.754452817
15190006.420765854 -262409.78505866317 3661550.2214940446 5524274.61023683 -127464.41780757805 14741380.819790538
15172029.755182212 -257431.84731586487 3652873.253802686 5512003.899977475 -136156.7597021561 14704836.565154307
15187539.793600414 -242149.012929692 3659708.5280934554 5525876.282275986 -89086.77225659168 14816398.141357014
15214908.770991325 -240489.08710160793 3656051.4791597985 5521588.322851764 -86920.2165722814 14783725.030901266
15177775.519425942 -240911.71895836858 3659943.849351625 5525422.957378123 -74238.46093731972 14811918.846685428
15156269.046675846 -270030.0823039238 3653028.2724767504 5514885.9761536755 -128550.61072268157 14774828.36989327
15153560.471030498 -232154.87929525736 3650904.6774998363 5521502.317688161 -83674.03888279141 14956582.754638612
14745950.676163655 -263799.4271172861 3605270.503353048 5447353.474453036 -94693.92987277899 14885167.476506103
15173965.618751064 -265112.6811900676 3667235.0226056715 5541111.402194962 -120194.65607762554 14969091.817873467
14844801.387328507 -304164.31786205096 3605912.824375746 5451892.618762518 -134978.3419613835 14862968.828781053
14941617.374580195 -414943.9326384302 3594621.6668743766 5449877.674861044 -298727.30513802264 14974259.13673084
15053400.016853135 -384407.8624362594 3612937.5863691173 5475862.820700741 -271043.4906643503 14979229.144984609
14886323.446591409 -431623.7585840848 3579072.917851033 5426645.454074388 -286236.14304784586 14906981.122069288
14992468.073395435 -402543.4020702671 3594865.8647768577 5449560.229210159 -274315.9731762636 14911687.152182855
15134351.31125586 -362651.600045668 3626962.9372814484 5494581.828621088 -245111.3838227827 14964100.261539778
15126144.484473828 -359211.70197592664 3626672.6754453736 5495089.986043753 -247815.9108933491 14988856.023831828
15109304.829126377 -355623.9796611523 3623974.556813976 5490091.138789386 -244152.893439654 14965077.377533853
15111959.94120652 -354319.0165113914 3623037.360573768 5486619.416845438 -241948.6731339358 14913606.09209539
15219981.011193987 -321470.026633988 3663944.037088009 5541998.490309956 -212621.10102476962 15013219.61176359
15204592.325600272 -304978.85697519116 3662738.2084674533 5537405.591528811 -203721.68011897558 14963278.51123567
15141798.96597759 -305932.9635059465 3646160.538424642 5511593.544201352 -193313.72734643813 14874539.650575789
15222914.71001337 -316048.02176913084 3667419.432659243 5543728.30529734 -208693.61706635627 14968423.508056093
15232531.337804476 -285471.5108968403 3674507.452617096 5550657.276961512 -177300.3483026187 14941449.858133445
15252219.317819104 -293498.94378342055 3677879.441208608 5553823.214041368 -173141.36731173127 14910896.933491902
15244988.882087383 -296066.66107644 3673287.3206102094 5547262.675746862 -183270.70121390108 14887943.228619972
15226280.97197954 -286739.13367963035 3669445.117999426 5542058.9302184675 -178956.05009924388 14887104.7377717
15227059.938227337 -287203.017769282 3674171.4825695134 5549663.465584329 -177431.70954891713 14934436.532866986
15224438.649316156 -289143.5786903611 3670638.663159662 5544565.717623722 -185620.34782642245 14912824.915822716
15182949.824767413 -268389.5727233245 3656325.124184709 5521760.894469164 -158213.94513836523 14813115.12570805
15222983.023040393 -284406.63422376034 3671226.4531866256 5542148.202875513 -161477.0262306057 14852998.879824338
15192569.024595868 -259070.5235902932 3659261.02842065 5525924.27253192 -141037.76848215834 14822173.664831728
15178427.107496237 -267083.66141041357 3652910.0179269486 5517021.678931768 -151846.23681927277 14797985.932812078
15176901.00522242 -267224.0198457966 3652420.0009373385 5512871.092858427 -147070.63559168045 14727280.69502678
15209309.549041402 -279855.1603957421 3657703.9183893967 5520460.199520991 -150597.94713715697 14730408.091741687
15187718.05308962 -246541.26900421863 3664042.359110655 5527946.942446694 -113849.11901145 14762288.793921163
15176263.5132247 -252048.31984944784 3661208.940158421 5524126.416051738 -115846.71378025011 14759668.029853527
15172941.089100452 -254767.3895519647 3657662.515998788 5518993.413113726 -124874.44071859852 14738351.71577398
15185647.886649944 -248539.04074225994 3660419.5049660658 5522707.61961564 -122122.89705094429 14739275.29794695
15182269.56312697 -236430.06836272194 3654289.7563360427 5517283.031934475 -70637.31094220892 14769016.341586659
15186326.93584648 -239565.11751299602 3658587.3040234777 5523455.000322217 -82328.14192176572 14793852.284887007
15166655.009791248 -246650.0194563121 3643641.858018804 5499253.1989502115 -93837.76739178172 14658287.992712434
15182793.818766724 -243920.90801395685 3650726.968235221 5509184.341353968 -103172.19450141274 14684899.604378032
15187583.12976745 -239405.23982790514 3654165.327043348 5517097.707106118 -73734.90675077643 14762733.709023971
15144417.979997048 -242909.27519146673 3640748.6132004294 5500481.5254385 -82795.79518496062 14768742.933204064
15190596.552739272 -240648.2984416098 3660211.001581373 5526322.944535234 -87974.23680756698 14811220.202277983
15151840.026103143 -263798.01564973936 3644021.0521603627 5503730.531483784 -102166.50479725668 14754307.365115233
15141163.788260145 -238187.91317228213 3649156.999615664 5517420.75843702 -90386.50609160801 14925797.219131107
14972191.405912004 -252101.40377782544 3620162.015066823 5476101.410339126 -96342.13497276252 14906272.292920373
15185712.674340885 -260724.784415141 3671106.3604282485 5544592.54305233 -123495.8228331194 14941798.141832646
14988602.848785313 -283412.6701954012 3621313.104017141 5478485.851310529 -110382.8495980306 14912225.815577047
14869809.407393713 -417518.2479490595 3582967.9269097876 5430834.501528407 -275411.7921849139 14921585.902233569
15079904.102309704 -376206.3976866902 3618839.247767495 5482135.253229813 -255189.89388378087 14948337.153143704
14856928.19813653 -414020.67655319086 3580530.0374500477 5427510.625063554 -275097.00240478775 14921623.164434351
15052844.403224768 -359407.8738307945 3618588.6726462324 5482243.066809457 -234316.9084744326 14983065.794742484
15102503.10253823 -328677.5670480172 3627932.637595579 5495380.106197253 -225195.9457305095 14990580.662895044
15130902.105825156 -346097.3745262087 3631619.676311767 5497432.882254203 -239629.42686852868 14922122.298618782
15132766.604758574 -301177.4489711777 3643198.564804998 5509694.630142178 -189886.64556338324 14910757.21854604
15159219.326232735 -313910.92922240647 3649558.9149163826 5515694.879001188 -194441.21866846905 14864381.73549057
15150838.266588407 -289943.0347496777 3651461.4520986835 5518558.635304414 -178331.91659746272 14888182.048406329
15216034.71934361 -313596.0143885197 3663046.3777636196 5534038.238512737 -192327.69683042375 14877709.247171642
15154378.441621942 -288379.95766532724 3651372.608109279 5517764.674047743 -184553.66239711572 14870717.264533151
15193321.762859073 -295251.18689857447 3660513.1099626822 5530141.996773734 -186699.43920017674 14878229.304662822
15194807.557411209 -274038.2900894284 3667691.8788684825 5539542.148502127 -169297.87847074142 14906813.806306953
15209530.654632116 -284514.20099073247 3668057.0916582057 5539727.394051534 -180945.63014122238 14887760.978982234
15173587.874026984 -264304.441451476 3653837.0985502102 5518374.447844614 -157332.85270842465 14809484.666511618
15200852.755784638 -277134.24019012443 3660156.0584801533 5526949.914233919 -161921.41360492934 14814712.032638181
15176016.303139674 -257061.64383830002 3654195.413095499 5514833.554037881 -140574.06781535217 14728355.529777804
15196700.014978737 -275542.0522442439 3656307.860440112 5518141.867545575 -150300.91618184812 14727364.23996364
15176002.238593027 -253638.25385178914 3656440.8787681293 5517178.766428949 -126069.8002305687 14725873.609334541
15196686.1861092 -272119.7119957405 3658549.940396794 5520483.709184689 -135798.3138368114 14724889.153414434
15175244.785470854 -255990.93716231306 3658741.8581119343 5521351.992696797 -130262.47185077785 14759474.06999138
15176722.486925527 -252029.74515964405 3661196.94465169 5524105.701619779 -115829.12758315796 14759058.641106497
15173995.802551376 -255107.70287060278 3657634.2785494886 5518943.62607654 -125210.29672616374 14736922.469927618
15186126.459327942 -248895.34607967891 3660417.292630089 5522697.543970571 -122487.40350292742 14738643.859247254
15169447.182904659 -240497.68465113014 3650419.7182490113 5511158.896347774 -67021.55416968503 14744496.843056588
15179047.066018518 -240118.7400967524 3645343.5048001516 5500630.8022507625 -86636.7448646401 14636011.781888466
15177800.261976082 -239731.1178889961 3645358.7929229587 5500656.145543372 -86244.88735876999 14637429.101033969
15168352.942313548 -242666.1813039329 3646056.753412511 5501948.746194391 -79398.85119082886 14657373.310982823
15183583.863438588 -238193.605479122 3654234.0114487684 5517190.219357394 -72430.83404313902 14767072.191610953
15173817.31569984 -244981.64935653866 3652616.7881842135 5515892.2323117675 -80316.54576834006 14786457.90190673
15183593.57527684 -237020.2958904631 3654213.993363719 5517169.4689656515 -71255.62103218066 14767087.87043667
15187504.221744629 -232471.93337155276 3657054.0119247665 5518644.160244396 -54825.063941007 14730190.63221011
15191050.146454692 -236340.01922871752 3658276.225853567 5522753.059017494 -64775.43528360219 14781933.969233356
15138300.947556898 -204762.20678061983 3613655.5052649756 5466005.367440473 -36163.81535928891 14681385.177807223
15180935.798975047 -243782.6380133486 3659847.434860569 5525267.321053576 -77173.61102649623 14807766.965982897
15164023.8343935 -258820.50195822606 3646825.543448863 5507503.955694063 -100681.92519294869 14755893.230146544
15138018.3650001 -240428.689623967 3645626.5066037816 5512312.34468985 -98911.2671800449 14904445.2764073
15086567.595937977 -215761.6862528255 3637288.2741372534 5498782.5780859385 -80672.76162761885 14868741.814637506
15171886.599403832 -266060.6525042226 3667250.626828679 5538485.61363577 -121164.66059096732 14918311.792607088
15064422.414662607 -252206.55847638912 3633899.3834135034 5493968.015559655 -100911.7673687147 14869151.368150996
14902797.284899574 -407987.1420839855 3581650.5503834398 5431096.928654177 -275382.2568075099 14922828.848418988
15053025.04566932 -373988.3609034401 3613854.7260805303 5475827.340518231 -250773.87588821942 14958717.444596794
14990554.838815419 -366698.7296932546 3602020.431070103 5458601.524474762 -259651.08686602928 14937025.833517129
15082490.429243611 -347242.81189385516 3616902.5391601617 5480830.879470985 -241305.00465522349 14962270.941707637
15131706.406259164 -302491.5014893945 3643198.6014519245 5509669.56224037 -191323.2809753378 14911315.210770372
15141966.724746097 -296128.6673841576 3646089.08438526 5510935.625085484 -188450.87842167122 14862785.483809281
15130269.432852143 -303594.6170383998 3643192.1330442633 5507003.1781137725 -192540.38615264668 14859566.87097507
15128503.777367996 -303091.07494034566 3643275.8036441477 5507127.971916831 -192043.43792360587 14861987.607506622
15125957.06151052 -304715.1347410643 3643351.7681541904 5507204.939259949 -193781.6946915038 14864402.373205815
15183145.326534426 -271475.20465337887 3661635.174498431 5531010.638441826 -176138.70778805204 14881093.246332679
15148741.928929327 -279557.42122222175 3645717.577182685 5507690.370167922 -165350.14867501034 14799278.395265227
15174968.966601983 -264299.56998271914 3653771.812649963 5518281.59535812 -157321.53207549406 14807682.755892383
15192124.755627219 -254765.75934068175 3660825.835866914 5527358.912755601 -151909.6810508906 14816884.85077563
15170143.804495178 -262897.6820195236 3650355.735313946 5513537.921979106 -150818.2113815448 14792788.250363246
15178652.006690163 -254839.28198925246 3657605.4484845027 5519762.787609138 -132165.21751488256 14749283.63787733
15168969.005710755 -262754.563369569 3649903.442172638 5509442.909590502 -145770.37117792145 14722013.26570107
15179203.855049351 -252288.75335386617 3662797.392384272 5526941.339189861 -120659.06920490102 14778080.154991666
15178460.133296102 -251152.73992185036 3661737.8986509047 5524605.894328606 -115331.45305782286 14755423.864658572
15178060.778727943 -251673.60576124408 3661702.3066948103 5524547.667793423 -115874.50756943658 14755441.692173317
15177665.529299991 -251382.3350028421 3661713.6277491236 5524567.610910189 -115568.59419199453 14755986.762837583
15169123.346233271 -249493.15946736242 3648006.2907174774 5505526.346084795 -105163.73773893953 14685265.086148905
15171090.403241912 -246550.41725766647 3651524.9689530083 5510624.851518918 -95935.55726201783 14707857.2161845
15166379.936421894 -245241.32226233356 3642528.7436629296 5496840.3597406875 -88256.04495142803 14634794.803650051
15166575.630759165 -245064.40418330187 3642517.6374329 5496824.944994879 -88088.14654530185 14634535.151101697
15182529.757247606 -237050.12262809084 3654225.6841278546 5517185.045470243 -71269.40270139764 14768206.019097025
15181310.98127463 -238891.05119160024 3649593.146202555 5509667.48239817 -75256.28505802005 14720989.350648757
15168211.627209146 -244286.56995063252 3646824.5913244816 5505941.423378974 -77130.19391856989 14720475.748879546
15182922.557382783 -235342.11463149358 3652976.3647969505 5513023.720070897 -63577.224554475935 14712071.71817667
15187139.061712872 -235480.994215822 3658322.978901612 5522821.787263979 -63843.24540084474 14786191.05709224
15205151.998789493 -239737.53962943229 3653737.5521971122 5518656.14325696 -80116.48777808061 14785744.61113986
15184424.351623781 -237076.59088064826 3653096.9095769757 5514746.495608497 -67180.49665492293 14742373.460953198
15176695.91356237 -240489.16503674968 3655649.6245299918 5519188.386671777 -65737.94449405861 14782779.975723034
15191434.898229728 -236228.2920094164 3658254.666401393 5522722.118194875 -64662.71963153176 14781404.720624963
15136203.136254553 -207400.42464983824 3610133.84705546 5460904.853716834 -45095.122941765454 14658949.19947186
15178844.07750857 -247515.03243180263 3655679.9808695903 5519524.788900479 -86834.0829037955 14786692.041879555
15165401.080272166 -256359.27371608352 3650378.7848726204 5512643.927764234 -91937.09573415558 14779144.114245022
15182735.930480216 -261634.60230358003 3670114.6212648246 5542335.272680517 -120258.8992000716 14921447.746803885
15132876.070311101 -231096.0650145708 3634810.3460685294 5496413.91127477 -70953.73820576338 14829574.406281536
15162712.012520324 -276364.67938325414 3658834.6955675245 5528594.975784098 -143720.46410378683 14914824.099013181
15164484.718643026 -275233.57587979606 3657442.9507158767 5525830.970166826 -138011.82606082733 14888389.643061297
14998316.254688187 -356148.08992003306 3606245.5417613504 5459783.901236033 -232390.56217580414 14859959.48546335
15059909.25438742 -342787.90953409584 3619981.248257497 5479201.504151733 -215175.30297210626 14884532.97551133
15016096.087882048 -341383.3970439999 3619660.111519826 5476534.543885397 -216684.7587880141 14882071.947328335
15164009.09870239 -298027.79103285784 3644293.990614614 5512381.224422755 -191917.2435229073 14909147.163087528
15129837.046756728 -304766.43209051306 3643185.290859762 5506973.4383941 -193761.93682276516 14859554.931132087
15128149.287740938 -304469.9494215058 3643267.2585411626 5507092.549976235 -193482.7170348223 14861821.598396182
15122609.158040082 -299468.65320945496 3637176.8184608566 5499371.437891685 -185845.52958359625 14846929.108838866
15127276.803676443 -305530.5090075587 3643300.743596654 5507116.01730787 -194590.23978550307 14862426.830168182
15148634.344100248 -280850.98406994285 3645693.430682119 5507641.508986083 -166684.3739196278 14798939.894437939
15147376.36919888 -280544.57146961323 3645754.0816421094 5507727.5024436135 -166369.90915782575 14800583.558054546
15176800.67680919 -263682.4734604188 3657918.975618337 5524086.101513124 -149628.06117690427 14830703.493116505
15151948.047979837 -273737.31318056316 3647495.5331079746 5510445.897531743 -159196.90865978872 14812067.894412002
15176577.655531952 -258024.47012359262 3652776.1085499423 5511864.121319258 -136828.87513326836 14699630.20118601
15175799.195828432 -257784.68882981 3652818.0483058733 5511922.063539391 -136603.86617578322 14700644.810483944
15175957.637615122 -258510.99157622192 3652769.9954721876 5511847.514343987 -137322.0778630738 14700052.58494587
15175522.280875502 -259120.13413367522 3653882.200514519 5514259.804218369 -142112.93657382636 14724265.209432723
15170714.196376847 -248686.0841816848 3647936.8061265424 5505433.435354489 -104400.16270917976 14683344.66195463
15172826.18811388 -245144.62839634225 3652081.0313609657 5511147.654652954 -94924.22995033402 14704344.096102446
15170313.351725211 -248858.6022865306 3647928.5832262873 5505418.040556831 -104571.10913291019 14683618.517616726
15184507.973364783 -239449.80788490814 3654865.4158764714 5514896.783272316 -92725.97912656603 14706388.427109867
15168986.79357433 -244128.79405805055 3646165.8525697477 5503645.702962214 -82706.17036980114 14688278.40784285
15181303.848995186 -238187.24691286875 3648947.0021795616 5507393.849551614 -80263.78131465864 14689738.993112983
15168778.022845712 -243737.03349236186 3646024.461035919 5501892.6553073395 -80482.64691139784 14656536.838578658
15169012.278134298 -243662.91284595602 3646012.153506562 5501875.50003375 -80412.29700385801 14656230.243689608
15183051.424544506 -236959.3640827515 3653119.141637439 5514770.758729381 -67021.03061014808 14743742.54192722
15182391.917899843 -240534.8598200291 3650615.8736696886 5511952.282665768 -81094.85744991197 14743104.425622918
15169539.650155544 -245956.13929385712 3647864.6193461074 5508244.271837242 -82988.84031772765 14742324.069216503
15169914.874646185 -244840.81496261785 3646612.1680859583 5504084.042871226 -75895.5510749083 14686298.19600399
15188380.306186331 -236596.09595244096 3659562.3669026042 5525374.494716379 -69518.89859479052 14808737.408838205
15203400.4734386 -241657.07743627837 3648920.0450333008 5510918.673732881 -83800.97502083052 14738731.912214145
15185650.843382403 -238411.6719689614 3654334.6542850984 5517297.642970497 -73065.22545172354 14764939.515425205
15176704.150754513 -239859.66721410665 3654360.914534875 5516563.724143475 -60581.0821712932 14758630.115795849
15188965.121602397 -239312.2292624515 3654093.1351474356 5516991.162157208 -73661.24029605629 14760809.069541797
15193643.917113176 -254111.98187905984 3648028.190431186 5510379.00430552 -101008.99785582717 14757315.876371106
15176988.168908766 -250305.95299663016 3652139.4193462534 5514395.487880272 -95917.21694520708 14763854.286455626
15164776.394659527 -256380.02455990537 3650392.9491633023 5512664.66184689 -91963.19797606177 14779871.86309614
15173490.6910346 -270744.29510125524 3661259.7171696085 5528385.097559667 -136703.69610759913 14846497.361090645
15158925.214240441 -265577.7858310445 3651470.0543431463 5517714.44581966 -107669.09728007429 14863022.40753298
15173182.607935123 -269846.6824110504 3661225.7658787705 5528344.387008982 -135805.12260809419 14846738.165581858
15162248.145394996 -275277.0940446777 3657510.369697288 5525923.176560267 -138084.19385524202 14890987.155823601
15042908.190489087 -320187.17841129535 3638052.768000108 5501808.046435476 -193635.4446908924 14956091.529101502
15134933.888750242 -302376.06877912366 3646721.3128220686 5514718.72180084 -184980.53355018288 14931571.340782003
15042188.31683883 -321499.7333592051 3638077.3309935597 5501824.471296265 -195008.52767300073 14956599.482002666
15134246.877582852 -303927.55181138986 3646881.7708850116 5516478.300384347 -188437.04284132013 14963919.80508742
15122368.18910479 -299734.0524882611 3636428.410284246 5496629.419643114 -181300.826703282 14808794.813153334
15120790.22781388 -299537.0153850767 3636513.3739269874 5496748.003230678 -181123.80669706714 14810875.211848093
15159393.487052042 -289310.69485684606 3641748.937674517 5504650.367438542 -176450.91701752014 14815136.717368567
15158243.278873147 -277079.555291801 3650888.0253155516 5515144.960714622 -167615.55686309037 14825118.817971686
15174866.443249438 -266431.4488637135 3653078.8886853885 5516181.271905624 -153891.34480378305 14781023.142054506
15153157.543237913 -269562.4042595732 3648253.015860532 5506400.274673848 -134837.78132698493 14713281.380174376
15176066.03123485 -263707.356175747 3656194.752051227 5517250.602478988 -139956.52471244117 14732661.218901174
15150912.278301476 -273053.4362467926 3644717.4210991827 5501273.700423564 -144629.27049927186 14690778.275316728
15151186.45942045 -270610.3465311302 3649434.701104714 5508149.6388799315 -133557.13615769293 14724242.712892337
15170287.5265313 -251563.870642296 3643166.539345232 5498478.044685204 -115933.86228499834 14649609.356290348
15171011.227508077 -261436.23138425458 3653934.890090089 5514241.25841625 -130218.55165525009 14727246.19714289
15172276.470287723 -248345.63797754553 3647870.8783998042 5505345.846509684 -104075.41772099382 14681481.004245806
15173423.029931713 -246391.0060421426 3652030.2280577966 5511062.175507214 -96197.52167590045 14703155.339758087
15185253.031405538 -240461.27710869038 3654836.435957747 5514845.172984428 -93762.51322339558 14705248.707960168
15173248.830590693 -246546.42064935944 3652028.4846040946 5511057.411827513 -96353.69638134554 14703272.626134126
15185078.577939762 -240617.34305415463 3654833.9915057286 5514839.730491804 -93918.28956178782 14705368.093886968
15181477.985806577 -238344.5097229664 3649415.323712892 5507865.242320359 -72878.34803402865 14688689.651469758
15169588.551885711 -244189.66995507423 3646608.1916660373 5504082.385330625 -75236.96477131652 14686678.850389918
15179888.883144274 -241347.6254287586 3645252.5536713284 5500488.666760133 -87908.49925642241 14634328.18505724
15169547.16164299 -244066.95506554848 3646604.7591898795 5504077.994946024 -75114.11214255587 14686707.948487492
15182105.838425247 -239950.14643623575 3649545.511348625 5509597.130555686 -76337.59509969299 14719835.44043896
15170622.899886051 -245812.7591865731 3646718.3548604706 5505785.545769925 -78709.05856931602 14717284.102925677
15170047.138506766 -245440.9410808325 3646750.729649442 5505830.788231266 -78329.53574560476 14718052.492288137
15182740.361073999 -239572.52660203443 3649505.129797972 5509544.179813619 -75966.91798740326 14719030.275337812
15204934.390498048 -239725.310441195 3653751.5696480493 5518677.306564128 -80089.77754984231 14786077.111424576
15205669.314291138 -237225.32567439866 3651983.488044197 5514259.102806151 -69280.49521090172 14735875.91560927
15174396.404093966 -245133.72713479903 3652594.8240480805 5515859.929923897 -80465.73802865732 14785715.970049743
15175139.139717802 -242631.95545745347 3650823.0223652367 5511438.475079677 -69658.95848847763 14735523.781848472
15208300.859766662 -239115.00110300307 3654337.629681917 5519231.647354882 -79900.62269885093 14780904.118565476
15192431.856723163 -246791.56891353804 3646105.5607237867 5506847.980173024 -74743.85240162876 14730205.30560466
15170916.008400654 -252100.96604447498 3655238.5354401856 5519779.983669228 -93633.40731978635 14809435.771868827
15194649.58952736 -250267.73520291765 3651553.9551942707 5515492.863691766 -90875.83943432641 14781020.565525293
15166446.771760758 -256917.8640405357 3651683.5654535675 5515297.676944355 -97039.61291348224 14802468.238475742
15162311.34659916 -272364.8552047969 3660692.672516167 5527090.077281391 -124004.18863682424 14844251.28618079
15166178.388376605 -256337.29209310078 3651662.4297044165 5515271.036005611 -96455.55113733595 14802668.789823372
15160264.343835304 -274560.68976028374 3657127.500960132 5521935.864774906 -132488.69499449618 14821647.813869914
15091863.24498238 -290840.2588957069 3645762.137245825 5513778.048855977 -180287.15155458954 14976930.243593207
15135105.093421405 -293882.24048829946 3646086.9784744857 5513785.707353594 -180512.3629897271 14926695.026033457
15089533.278403405 -294788.00428274856 3642229.515512095 5508656.519617169 -190540.314570544 14954547.435802085
15134027.734766018 -293457.8682965172 3644281.5202675853 5511348.3784765145 -171083.6889691235 14918746.032363158
15158746.078772057 -288307.68902584247 3639406.3186555593 5499551.03543047 -166474.61603281464 14765335.201223418
15188642.018818567 -271181.61454967264 3650941.908038254 5515560.127779996 -162556.1154348633 14801838.091915483
15158823.770536868 -277532.25979294966 3648602.1069570705 5511669.668598633 -160879.70128914271 14805322.591964494
15187868.11999122 -271116.0938036776 3649701.5514696673 5512855.58286001 -157709.1927990101 14775809.049680717
15156261.273849485 -274096.98424122937 3651676.8604881647 5511121.564021581 -144506.7054071948 14729278.865266517
15171476.92085871 -264284.5536087951 3649187.227845661 5507321.170572321 -141695.79988956114 14692827.245179277
15154209.388476394 -277538.7398885573 3648145.6854394013 5506003.25825808 -154252.30974939428 14706650.524485067
15171205.523684664 -264953.2679505065 3649197.5735175824 5507328.1848497335 -142376.08781208788 14693011.359147238
15153382.542834952 -258753.9054160908 3643318.747829592 5499166.6852845745 -108664.52390245824 14676938.573678441
15165482.575200856 -254257.1611393143 3644330.0371189388 5500873.636868247 -108601.19510268998 14676729.201260963
15153203.763683943 -259163.49968562988 3643324.0874394746 5499169.446050427 -109077.54364783899 14677055.110392248
15172678.351192923 -249501.6784014278 3647848.3392878505 5505301.899634384 -105228.15758875952 14680696.046252778
15170747.971864743 -243277.23719241007 3646557.2723851795 5504018.19339258 -74317.09046307662 14685355.804363603
15185746.115101079 -241231.51770092433 3654801.635734672 5514790.692120631 -94532.80379304232 14704431.635756373
15171102.123763822 -244419.59592263735 3647833.7656837907 5506621.776973481 -79999.1469167555 14708990.476229168
15171288.742985198 -243137.72792826657 3646548.7389207673 5502365.100692928 -80283.67790221126 14651940.91364501
15170104.634252265 -244531.92980951123 3646578.4257745133 5504040.021649638 -75581.43589176393 14685970.330346096
15170227.75326397 -244531.9540796705 3646572.0378634445 5504030.967629565 -75583.33759384789 14685806.663342476
15170108.580621364 -244450.51870558955 3646577.827488083 5504039.341466115 -75500.51163993918 14685965.94402373
15170231.1175531 -244450.56618603814 3646571.591072098 5504030.429829741 -75502.3327777666 14685802.373827271
15170685.46355285 -245745.20048785635 3646717.9230371653 5505785.701183 -78639.24377086025 14717234.155382905
15171539.113691023 -246732.5127161641 3647974.7081455733 5508361.4244878255 -84170.11837490446 14740245.702765916
15182805.441782737 -239599.50179123625 3649505.9225129047 5509545.783547949 -75991.76674716026 14718979.836815441
15183655.42770456 -240585.76808169158 3650763.5982179884 5512122.303265585 -81521.18638063787 14741991.38344638
15174689.793061709 -245329.03910858318 3652584.731466192 5515843.363957293 -80674.59411095783 14785313.301364025
15175200.854641588 -242834.48732745828 3650823.8931749198 5511438.161895581 -69860.43508986948 14735436.648630287
15172588.61846815 -246838.41463071253 3647980.0700642737 5508370.926287112 -84301.0425286909 14739268.274330249
15187296.678566677 -236563.2583875401 3653608.685969654 5515194.575104073 -67084.96469416493 14737203.647425123
15178754.5479603 -248519.42835064768 3656951.4338455126 5522119.222021057 -92384.91602362107 14810698.234292334
15211942.309383886 -236705.77500751658 3650608.7024909356 5512953.513286697 -70488.46356980245 14733736.391486255
15170609.938768508 -251824.58930294335 3655235.8949574265 5519777.204453945 -93353.7648468147 14809744.348178474
15214172.788334897 -240388.48798293754 3656062.689439927 5521604.740872105 -86828.01955705433 14784542.752765568
15215530.882609185 -240029.78221331746 3656062.7249812507 5521611.336917959 -86459.11364082988 14783315.805329608
15194141.950077178 -252315.29393242896 3647996.966328492 5510354.38974113 -99206.34241504404 14757012.492784806
15213530.820240093 -242463.38318905624 3652511.7127218996 5516472.359401779 -95182.27406398882 14760658.586421145
15183625.783708055 -255068.4550867207 3648727.3717303136 5511692.153440357 -92177.26689375483 14778215.012755862
15088313.676646035 -293251.49455527565 3639344.030055837 5501220.7350130305 -175797.46452059175 14870531.8217515
15132074.778583502 -297188.33230410854 3640738.0340431063 5506211.0474076215 -181098.5541106642 14895908.827974351
15135864.918952761 -290591.5677190771 3646054.6515659224 5513539.532132248 -147206.92777469216 14921723.054742996
15132460.40677828 -293226.89971035946 3642587.226560886 5508523.85208642 -156160.38704782323 14901097.265448246
15158877.461795103 -278255.7035247653 3648602.694891643 5511661.0935303625 -161619.0341964847 14805084.627775157
15189871.983886337 -269413.71318360005 3653363.5406058617 5519694.622661753 -151532.4861353357 14830021.987675756
15159002.887267452 -280075.0537526964 3649893.825942174 5514276.555381586 -168001.6116808116 14828863.70147409
15189997.752392164 -271231.72628566733 3654653.3066279804 5522308.830426307 -157916.0953368853 14853805.674065141
15154513.557498382 -278162.3616559993 3648125.478417879 5505968.870345742 -154877.45215222656 14706103.102687033
15173339.476345114 -262793.0805911583 3652712.158312774 5512413.256077535 -133950.50806624797 14715258.007517772
15154704.849172104 -279779.4645362618 3649412.5942332754 5508581.5024538515 -161047.04430794893 14729847.952974806
15176959.720043045 -256647.32779196254 3661585.557441404 5526664.446474085 -107147.40158297618 14801446.818711638
15148254.91040803 -262637.14492068137 3645216.7880210388 5504676.750859019 -103688.1808747101 14750510.620043524
15175094.333294075 -247816.27883490012 3653266.831454419 5515248.731123213 -96067.11297403992 14758009.88781451
15148115.493148694 -263028.9048547224 3645221.2343075075 5504679.020822581 -104087.73296858757 14750597.631434783
15174957.453584906 -248211.19574202682 3653270.0192699875 5515249.822238205 -96468.31065651154 14758098.465777712
15171650.238041034 -244706.07388452537 3647810.787023382 5506585.811340595 -80305.58490910714 14708228.562198056
15170972.551920686 -243714.1681495595 3646543.8061604723 5503995.6466173995 -74768.08169140082 14684976.524864057
15171608.517179498 -244867.7061140957 3647813.579262441 5506587.970981418 -80469.72168510921 14708252.051767569
15171358.618089523 -244860.5198660195 3647821.541104081 5506601.070732342 -80454.61529921679 14708588.777295934
15185555.043905847 -236311.11004977615 3654765.958745859 5516081.330417207 -69480.84859196648 14731220.383589387
15185653.761731938 -236554.9287477327 3654897.9351676065 5517819.872915673 -71558.99382870359 14762989.032011887
15185568.867592502 -236266.60115901844 3654766.9870258155 5516082.545465499 -69437.16631689877 14731208.239904212
15185668.025157 -236510.72430979065 3654898.947940815 5517821.136562943 -71515.35184129635 14762977.76163988
15171566.134062665 -246473.45043648698 3647975.446359862 5508363.512908887 -83913.92722797215 14740244.216457115
15174287.750029258 -243071.2638589261 3652105.7611165177 5514051.77380781 -74596.99739533888 14760420.89400397
15183678.88570963 -240403.38230442666 3650765.5916180727 5512125.621447564 -81340.6974265996 14741990.44008813
15186399.005611496 -237000.7141309668 3654896.5890483973 5517814.61989782 -72023.99543896827 14762168.346321857
15175179.844002098 -243381.48461095462 3652117.551401484 5514069.340458023 -74925.72523047942 14759620.747058874
15189076.747310597 -233744.6006718888 3657140.74800936 5520310.833353686 -57975.744946620594 14760043.379291506
15176955.09593327 -240327.2538112227 3655644.037921701 5519179.3307218375 -65577.97040609666 14782462.597408498
15181694.564383296 -238624.5984680143 3653626.978183847 5515884.463780948 -61464.65081313161 14756201.107569013
15177989.02584891 -247043.3725560899 3655671.3683714443 5519511.964678347 -86360.02529349353 14787480.08260945
15170419.352594825 -250746.0778116697 3653942.5586805255 5517148.052169891 -87732.2586652055 14785805.286716677
15177923.144511078 -246751.2964539226 3655665.139918142 5519504.256075585 -86068.03627579255 14787528.817540789
15170352.336629039 -250455.51124792252 3653936.5783362673 5517140.539869288 -87439.77675245493 14785853.624435281
15163893.706583958 -255309.60258960622 3650430.5137735857 5512728.222914925 -90891.86134982575 14781199.34044016
15182538.029295497 -248395.0229431467 3651372.9093336854 5513676.719850477 -96098.76533613869 14760792.256180268
15182095.661050217 -248291.9564207128 3651382.0475674244 5513689.029187349 -95993.2608453102 14761279.768205239
15182371.480664887 -248218.18996807627 3651364.497137995 5513664.908714895 -95922.01448344758 14760907.650716227
15135602.056544703 -291314.26618073124 3646066.2252513384 5513546.558209991 -147957.77793704608 14921871.93246014
15165000.114067702 -273195.9186159147 3656343.984527926 5526839.213309362 -138254.99933024918 14932216.243335824
15168899.617138723 -271621.0419498199 3662260.543490972 5536212.324540877 -132580.58786356158 14985614.79800488
15167352.580055008 -271482.00992116664 3662335.605940693 5533685.57685081 -132469.67987409802 14934975.478138337
15160436.834984794 -277553.4536864357 3654061.8969482756 5521650.317879023 -153478.60071694304 14883207.559157254
15161426.815958152 -273747.9921696188 3658829.19642407 5528614.042593563 -141060.17640646934 14916611.400891993
15161930.043129008 -273734.3962623856 3657500.178896839 5525922.941678134 -136510.9927455491 14891524.713844711
15160927.126080904 -273913.47291897464 3658410.4121257085 5524566.9731539935 -136336.37025154688 14845383.0504783
15182223.68444163 -262997.93199874146 3645778.6080436097 5506618.321542899 -128048.50567981107 14743013.228204897
15170123.534767238 -252382.25699143964 3647801.946246199 5505901.898090386 -100467.57540297568 14696271.505545119
15181087.128720056 -256608.598309323 3645158.928114414 5506534.209650969 -99991.44680104898 14756100.52628335
15171890.511266375 -251083.61567310258 3653381.089835769 5517626.240448296 -93531.011567092 14806250.229989966
15148348.697936075 -263256.3317612556 3645208.871944975 5504659.031685228 -104337.52595761804 14750236.635143558
15155114.10294979 -258065.11424022098 3648753.45617593 5509128.3834417425 -100513.62285425379 14754877.395550154
15167259.13091514 -251606.70946273726 3650245.905454171 5510250.141398571 -93040.68335643985 14732333.668621894
15167073.064140508 -252569.62144499557 3651552.8924276507 5512897.874866219 -98519.2822681033 14756720.674151657
15171962.440854635 -245196.23475609635 3647932.215769731 5508306.8642255375 -82635.6170065959 14739665.999543482
15174078.633740803 -241541.16466115112 3651952.5597522533 5512288.722786908 -71224.60300275846 14728739.402660081
15171926.517595274 -245356.41261582557 3647935.427900592 5508309.618233032 -82798.89287927673 14739686.33875419
15174043.492373047 -241701.306798514 3651955.3786394796 5512291.028256707 -71388.17054036357 14728758.64066078
15175665.412174392 -239551.02141377958 3655625.9580924865 5519153.6025320785 -64775.69511197315 14783635.448248994
15175687.713979863 -239553.1190130508 3655627.185339169 5519154.235625263 -64781.97133045681 14783598.803647157
15175676.88541473 -239531.26112019215 3655626.7242300157 5519154.516741057 -64757.830801461394 14783625.405961314
15175700.441992512 -239532.8600767154 3655628.1675005453 5519155.431784057 -64763.367187689066 14783588.393096818
15187724.81949594 -233077.9080768511 3657155.4041579613 5520329.760668159 -57276.437267990055 14761451.38275754
15187921.99255164 -233084.51004755168 3657148.742625193 5520318.9367689965 -57282.620892298764 14761184.318295073
15187746.859441716 -232928.57501804843 3657155.800806809 5520330.518961493 -57127.611860140285 14761435.783434212
15175867.215054935 -238801.0748506856 3654355.3593764603 5516554.226408414 -59505.566031344155 14759399.320824059
15188709.256401785 -233253.94692342475 3657156.059723815 5520333.31317642 -57470.22853175449 14760523.609515645
15181664.875921646 -238412.2236108344 3653628.6967105144 5515886.556878737 -61245.147992075974 14756234.850605842
15188705.999481741 -233039.03816924826 3657154.9876526883 5520332.089379447 -57255.11117629035 14760525.976224383
15167177.922969291 -247470.2186642018 3646687.735338567 5506409.25537948 -72728.70885515877 14733876.923943616
15182436.713050118 -245855.58479020442 3654952.3101386395 5518852.125550156 -87268.23073340955 14785654.893820196
15169994.262501653 -250271.89792402968 3653951.0291737895 5517160.974717173 -87249.71124402134 14786302.508441644
15182392.645927565 -245659.94806033603 3654949.530164651 5518848.384700346 -87073.2331159626 14785685.302986758
15157876.369446147 -255943.7566803409 3651153.617893564 5513390.92909554 -89427.49905866645 14784562.537005475
15168816.95628152 -252648.92748496938 3650414.0484253536 5512044.789567764 -95911.0998124976 14762969.68937825
15161540.347602556 -257781.93986629636 3646897.358257082 5507613.29731757 -99647.40246929436 14758983.63778863
15168714.106964288 -252575.46245741568 3650409.7827358735 5512038.57049496 -95840.21644382733 14763042.001722686
15161437.05225563 -257708.47650171333 3646893.654039462 5507607.635158287 -99575.74453600612 14759055.1821604
15166600.655378142 -275068.92902013834 3658719.5755538084 5528446.671264065 -142335.33265773472 14910502.0355262
15166706.428777698 -271952.34648156597 3662342.684111222 5533689.001436586 -132973.03192077373 14935534.442890946
15165276.226019738 -275140.0152002753 3657441.6365369195 5525826.291991232 -137896.3339263399 14887533.574221483
15163605.116961308 -274802.88517653575 3657518.976351961 5525939.62760927 -137599.1637272153 14889769.890292935
15161378.026138246 -273320.066882258 3657080.49886005 5521881.054966323 -131207.88026512007 14820471.993910693
15160616.795008525 -274187.21177137387 3658415.5261516455 5524569.478508734 -136633.5737815374 14845631.028961413
15155645.720585141 -266257.13037669344 3647475.5303630717 5508512.823660981 -109730.32661973487 14770149.01423341
15154457.570740037 -266138.94711023115 3647534.2610194366 5508596.524240057 -109631.16430035014 14771719.033553734
15150419.368213696 -262710.9864285965 3644014.524877645 5503726.839368668 -101087.02046912862 14755797.768827097
15171885.99228151 -251277.96358340562 3653372.581304833 5517611.577806927 -93737.51466111511 14806148.641580671
15182631.201003965 -254530.5212024552 3648711.471639084 5511665.792834572 -91652.28197823656 14779032.182642935
15171341.714202542 -250850.08971977254 3652106.4955165023 5515015.968955357 -88782.82070600918 14782634.63686915
15155264.336051973 -257532.36336279177 3647449.0949690524 5506478.715385006 -95481.25571510552 14730429.78062255
15166732.134622589 -251672.06699185367 3650272.3832704867 5510285.074050414 -93085.90049811541 14732976.798030324
15167288.576430058 -252018.48076612645 3650249.4151931484 5510250.1664021555 -93469.05337160871 14732227.518561216
15166722.322144814 -252265.50918819863 3650412.0682605742 5512032.455980171 -95520.67719895407 14764861.181892237
15183687.974214325 -238206.39275612534 3649316.0577552207 5507723.234053414 -72780.96800728427 14685823.344627691
15174213.619924583 -241898.93039814284 3652083.7517066607 5514023.966025015 -73422.43030075888 14760423.06315026
15164252.588090641 -249641.09072545022 3643146.5061268797 5501277.457917191 -81171.17834687828 14712073.345051743
15174199.790194897 -242056.89013201237 3652087.2120395205 5514027.369768164 -73584.20030163134 14760428.841559483
15174055.80369189 -242126.05488383982 3652088.9259577966 5514029.859030343 -73651.54657863402 14760584.898134403
15173639.250321425 -241140.8761975533 3650814.1231690957 5511426.604627082 -68129.6785160081 14736982.020281317
15174060.073340345 -242117.5497193749 3652090.4875474586 5514031.556840945 -73644.7046369941 14760580.230668502
15174071.204354843 -242117.18818803233 3652090.9782866854 5514031.787994742 -73646.08616430406 14760562.922113197
15176223.987236321 -239515.0231891009 3655631.321006298 5519160.177473561 -64760.69494596729 14783090.384523386
15171816.823342994 -244699.0400292333 3646671.4747068235 5505720.187663014 -77622.8327447758 14715814.370182492
15172056.395711826 -245562.17328881522 3647954.473387907 5508335.33348625 -83020.65677686 14739651.744936805
15171827.28653925 -244574.22204054994 3646670.5630639005 5505719.384037981 -77498.76620812423 14715807.891040985
15165145.545264117 -249936.72774280547 3643164.2211848833 5501307.213288031 -81477.22815436104 14711385.739087436
15167698.51846265 -254055.00817109967 3648615.315877298 5509952.855076118 -98262.04068419844 14761821.550345765
15167461.257786911 -253883.99471140915 3648625.744713113 5509968.217266386 -98084.69417762513 14762136.588207286
15167704.410495048 -253879.9434034254 3648613.2374333963 5509950.705111574 -98086.75698109475 14761818.384479677
15168456.454935417 -254014.13907838936 3648619.9449053295 5509964.282770372 -98220.08417188507 14761190.330042684
15168012.541149674 -252577.60324254062 3650415.680788886 5512043.450918652 -95843.52691870318 14763711.416201565
15148301.673354357 -263478.53099436604 3644120.1298081423 5503867.889111044 -101858.38358264745 14758413.170587422
15167997.045907423 -252431.18113308508 3650413.595976011 5512040.895443543 -95697.63024296958 14763721.667759374
15168462.758573312 -252411.8469900354 3650418.9457355104 5512050.809522014 -95669.84338782214 14763336.542977389
15168509.643773427 -252397.0126981969 3650415.5196178257 5512046.440682267 -95656.5259781623 14763277.654178472
15168430.090975579 -252383.43500652016 3650417.590197302 5512048.820211425 -95643.15861894848 14763359.24662767
15168476.90486339 -252368.39281799426 3650414.2868853654 5512044.560559459 -95629.93238109618 14763299.910948914
eps 640
0.00020986282405121952 0.00013428220715093491 0.00013428220715093491 -0.0037001746041738573
0.0007830132120785396 0.00017795292498260288 0.00017795292498260288 -0.0037001801513116815
0.00020984949369383225 0.0004574084400685213 0.0004574084400685213 -0.0036017173809558107
0.0007829634936971884 0.0005009927439019188 0.0005009927439019188 -0.0036017380799195984
0.0011832102502588686 0.00020550687118762946 0.00020550687118762946 -0.004576405950112881
0.0017034530001041066 0.0002663684131260507 0.0002663684131260507 -0.004576416538163817
0.00118313621218058 0.0004990928014099732 0.0004990928014099732 -0.0044390133385686995
0.0017033424944368604 0.0005598809142112639 0.0005598809142112639 -0.0044390528464982315
0.0020757290205317344 0.00031536426107216757 0.00031536426107216757 -0.005498479992975055
0.002572578033729195 0.0004008799273443795 0.0004008799273443795 -0.005498494866130537
0.0020755888969179034 0.0005960058016748686 0.0005960058016748686 -0.005305249983839196
0.0025723912799669436 0.000681450711725212 0.000681450711725212 -0.005305305477569879
0.0029199485497921687 0.00046806634962845477 0.00046806634962845477 -0.0065037186347908565
0.0033721428970836563 0.0005904964520304954 0.0005904964520304954 -0.006503739785350412
0.0029197413851054024 0.0007236603052097018 0.0007236603052097018 -0.006226796444555368
0.0033718802536141512 0.0008460228166439183 0.0008460228166439183 -0.0062268753525051065
0.0036656433780274584 0.0006700475046761508 0.0006700475046761508 -0.007499884170831078
0.004015286154978073 0.0008220365654744629 0.0008220365654744629 -0.007499905452760462
0.0036654135130344727 0.0008677226511693426 0.0008677226511693426 -0.007155864961745766
0.004015005465957345 0.0010196568209080985 0.0010196568209080985 -0.007155944353536046
0.0041948477683668725 0.0008858765089243934 0.0008858765089243934 -0.008369496572776549
0.0043356375246386145 0.0010256966457923887 0.0010256966457923887 -0.008369505466945176
0.00419474484605071 0.0009653450325489288 0.0009653450325489288 -0.008053018607265443
0.004335518200477478 0.001105140091502551 0.001105140091502551 -0.008053051788060633
0.004299325167596302 0.0010197407968232164 0.0010197407968232164 -0.008866729312087627
0.004058852949109388 0.0010791865271725753 0.0010791865271725753 -0.008866727426631544
0.004299661939014952 0.0008833567685678305 0.0008833567685678305 -0.008732385565378569
0.004059214896258514 0.0009427846204154077 0.0009427846204154077 -0.00873237853008062
0.0036742855936907 0.000937910905463062 0.000937910905463062 -0.008622270922943695
0.002863012147889945 0.0008159497318744775 0.0008159497318744775 -0.008622309629941902
0.003675339202873063 0.00047873417186687194 0.00047873417186687194 -0.008898427779903547
0.0028639707423486664 0.0003565894946875347 0.0003565894946875347 -0.008898572283405686
0.0021437265658525912 0.0005540347762218112 0.0005540347762218112 -0.007466522682323564
0.0009892478587347627 0.00015425442318649175 0.00015425442318649175 -0.007466706707925744
0.002144686831965601 -9.804115116894342e-05 -9.804115116894342e-05 -0.00837014043064778
0.0009897571383407934 -0.0004983316679522539 -0.0004983316679522539 -0.008370827992790611
0.00044663717667973416 0.0001269212446228319 0.0001269212446228319 -0.006617971008719133
0.00011969396569889765 -1.543208914871612e-05 -1.543208914871612e-05 -0.006617986689720293
0.00044671037621323587 -5.759486931765746e-05 -5.759486931765746e-05 -0.006939224597437724
0.00011971358711146376 -0.00019999631764365126 -0.00019999631764365126 -0.006939283145596825
0.00017631070563145867 0.0006901301566135626 0.0006901301566135626 -0.0034956391572116352
0.0006578554994013877 0.0007748886618134177 0.0007748886618134177 -0.0034957301809045256
0.00017629326796750905 0.0009615591800056522 0.0009615591800056522 -0.003304251924287149
0.0006577904591351328 0.0010462504619064188 0.0010462504619064188 -0.0033043798458176014
0.0009864608693039682 0.000796769884046189 0.000796769884046189 -0.004264461094954825
0.001402706291057014 0.0009472362804775221 0.0009472362804775221 -0.004264615291800597
0.0009863625732444694 0.0010315248037440494 0.0010315248037440494 -0.003924751763797011
0.00140254164126257 0.0011819232766226157 0.0011819232766226157 -0.003924968701456307
0.0016848214256778293 0.001048889549143223 0.001048889549143223 -0.00505114809442171
0.002039340601590331 0.0012709276937332592 0.0012709276937332592 -0.005051360329713322
0.0016846284252620518 0.0012488633688293054 0.0012488633688293054 -0.004549664214643741
0.0020390675537091518 0.0014708185618777822 0.0014708185618777822 -0.004549958251177589
0.002285824040507179 0.0014143827079350561 0.0014143827079350561 -0.005871890952964984
0.0026045297023076877 0.001721292035770886 0.001721292035770886 -0.005872162963121876
0.0022855025052698 0.0015940822909148418 0.0015940822909148418 -0.005178366115598354
0.002604107298493403 0.001900869043710053 0.001900869043710053 -0.005178737888030179
0.002827638007217996 0.0018689066287053023 0.0018689066287053023 -0.00671213651112399
0.0031176443895888687 0.002253445767734583 0.002253445767734583 -0.006712412046834038
0.0028271554553291577 0.002032224447643441 0.002032224447643441 -0.005842837528426411
0.0031170394623951593 0.0024165904417977765 0.0024165904417977765 -0.005843219128465305
0.003318861514013358 0.0023438027033159305 0.0023438027033159305 -0.007574937913004327
0.0035761459162354497 0.002781661500971262 0.002781661500971262 -0.007575106509703611
0.0033182157092716074 0.0024883638910544 0.0024883638910544 -0.00658475856549016
0.0035753689421401972 0.002926008840956787 0.002926008840956787 -0.0065850267899277
0.003740451863249767 0.0026953564277093223 0.0026953564277093223 -0.008362579286755094
0.003926156410133676 0.003081830330888213 0.003081830330888213 -0.008362497345728415
0.0037398578168605545 0.0027993747362504416 0.0027993747362504416 -0.007488562642831635
0.003925476097745649 0.003185685984546008 0.003185685984546008 -0.007488542204017223
0.004024234653952397 0.0026720049427600744 0.0026720049427600744 -0.00892673440909233
0.004096039755982243 0.002756806655685288 0.002756806655685288 -0.00892675643209361
0.0040240461348792 0.0027126067636293097 0.0027126067636293097 -0.008736013739336817
0.004095837153105231 0.00279740164936393 0.00279740164936393 -0.008736033543064686
0.004056627475068469 0.002190640208437171 0.002190640208437171 -0.009173711972879889
0.003872909540950922 0.0016142398333291268 0.0016142398333291268 -0.00917518972194213
0.0040572018059376585 0.00208907127871695 0.00208907127871695 -0.010480609163475327
0.0038734111791107794 0.001512324467617524 0.001512324467617524 -0.010482234952250253
0.003001082773352646 0.001253155160562081 0.001253155160562081 -0.008281732368834734
0.0008049430153128477 -0.00023070271202321765 -0.00023070271202321765 -0.008283643662814425
0.0030064284314205714 1.253121200035185e-05 1.253121200035185e-05 -0.011638227442878854
0.0008063791777532888 -0.0014748563951553165 -0.0014748563951553165 -0.011642998313515418
0.0001243781996868218 0.0011420598398284995 0.0011420598398284995 -0.0031392709780550965
0.0004641135783477613 0.0012569913383883233 0.0012569913383883233 -0.003139470908465525
0.00012436140720587112 0.0013334895505286756 0.0013334895505286756 -0.002879895413397161
0.00046405093408208076 0.001448377660400202 0.001448377660400202 -0.002880130284746949
0.0006744272337030775 0.0012313643042641202 0.0012313643042641202 -0.0036468730561407176
0.0009092311480982671 0.0014173946910541475 0.0014173946910541475 -0.0036471719180652794
0.0006743584418065554 0.0013636536258616885 0.0013636536258616885 -0.003227228246915445
0.0009091184466307888 0.0015496340945558877 0.0015496340945558877 -0.003227573302543644
0.0010568849038613683 0.0014902570958226823 0.0014902570958226823 -0.004139464274962468
0.0012253134146286411 0.0017648396234964934 0.0017648396234964934 -0.004139873408361245
0.0010567762041361125 0.0015850230261996471 0.0015850230261996471 -0.003519967399620423
0.0012251613725460706 0.001859520671753235 0.001859520671753235 -0.003520428409606503
0.0013264353312896129 0.0019149137927134438 0.0019149137927134438 -0.004609182410501095
0.0014338793977873908 0.002296899894541333 0.002296899894541333 -0.0046096983340541894
0.0013263207491752682 0.0019750089946544295 0.0019750089946544295 -0.0037472008202300857
0.0014337301909700725 0.0023568422957590887 0.0023568422957590887 -0.003747766513855647
0.0014985905834285387 0.0024952305423872967 0.0024952305423872967 -0.0050864456957362475
0.0015667033417798093 0.003025910438754381 0.003025910438754381 -0.005087055956581514
0.001498467001913966 0.0025325532121536535 0.0025325532121536535 -0.00388868999739359
0.0015665475673308266 0.0030629434103356876 0.0030629434103356876 -0.003889341824376707
0.0016217451410050277 0.003255992217674951 0.003255992217674951 -0.005613775434936076
0.0017006490365496802 0.003992614693322938 0.003992614693322938 -0.005614333116508033
0.0016214352564987496 0.0032982583755084916 0.0032982583755084916 -0.003950990916329071
0.0017002625587652052 0.00403432404376117 0.00403432404376117 -0.0039515885545205725
0.001789035443821423 0.004221196918705938 0.004221196918705938 -0.006294293568543117
0.0019424098259114096 0.005278005069919245 0.005278005069919245 -0.006294334395304681
0.0017881358656295183 0.004303017185591046 0.004303017185591046 -0.003908575305291742
0.0019412942005585243 0.005358677635453219 0.005358677635453219 -0.003908726421502126
0.0021169874561174653 0.005615295079340899 0.005615295079340899 -0.007332525928339845
0.0024220093017990165 0.007221524156159705 0.007221524156159705 -0.007330715329595595
0.002114195013489312 0.005777075999497936 0.005777075999497936 -0.0037066611098321356
0.002418513751385734 0.007380645030304076 0.007380645030304076 -0.0037051363062805148
0.0026604676603465805 0.008166940980354755 0.008166940980354755 -0.008832941146655109
0.002992104255218957 0.01071146590582078 0.01071146590582078 -0.008826576413029946
0.0026563340893838465 0.00833075074063426 0.00833075074063426 -0.0030909632321117386
0.0029868083067184437 0.010868602360922885 0.010868602360922885 -0.003085184922781083
0.0024233563167259495 0.011402099386588245 0.011402099386588245 -0.009637739366560094
0.00043641586934994577 0.015235949804055158 0.015235949804055158 -0.009619242020760543
0.0024369991174163696 0.010237649801344914 0.010237649801344914 -0.0010099204056613512
0.0004548902705106221 0.014055271707627263 0.014055271707627263 -0.0009807526705247576
6.515656363809372e-05 0.0014482493773099812 0.0014482493773099812 -0.0026721299974807613
0.00024314780599585253 0.001584986057207772 0.001584986057207772 -0.0026724426967095843
6.514672110068477e-05 0.0015484964329520064 0.0015484964329520064 -0.002363840843085938
0.00024311108130916942 0.001685205666083399 0.001685205666083399 -0.002364176859219272
0.00033463366241934174 0.0014672053152930188 0.0014672053152930188 -0.002914613832092353
0.00040635338491932203 0.0016600757729458664 0.0016600757729458664 -0.0029149791602185375
0.00033461932632986957 0.0015075212138186452 0.0015075212138186452 -0.0024799785725138105
0.00040633063468250246 0.0017003520140052714 0.0017003520140052714 -0.002480363874173155
0.00043196797662788014 0.0016610029158211947 0.0016610029158211947 -0.003084846371387318
0.00042982817008785395 0.0019136857851600492 0.0019136857851600492 -0.0030852564878164363
0.0004319976560923741 0.0016595831778365554 0.0016595831778365554 -0.0025154494440055583
0.0004298690446055233 0.0019122002760736552 0.0019122002760736552 -0.002515869542847322
0.0004056889844623081 0.001971136359925748 0.001971136359925748 -0.0031718162015833837
0.0003411162285835123 0.0022861482604508323 0.0022861482604508323 -0.0031722433614747173
0.00040581284787754646 0.001934345267582081 0.001934345267582081 -0.0024619921247882536
0.0003412738998453854 0.0022492537945667888 0.0022492537945667888 -0.0024624110638334466
0.00027404840740006924 0.0023598965539319235 0.0023598965539319235 -0.003142667482867872
0.00015386868036282065 0.0027326675903298677 0.0027326675903298677 -0.0031430493739398467
0.0002743169084378817 0.002291517101636069 0.002291517101636069 -0.002302797378790615
0.0001541961607731365 0.0026641410195742264 0.0026641410195742264 -0.002303145572909088
4.39188085388089e-05 0.002787156797948092 0.002787156797948092 -0.0029875369928603368
-0.00013921867898927781 0.0032172865639748974 0.0032172865639748974 -0.0029877988091330907
4.4438951827343584e-05 0.002682974295219312 0.002682974295219312 -0.0020186510194114653
-0.00013860168861599628 0.0031129044131419682 0.0031129044131419682 -0.002018846685491439
-0.0002861151326251773 0.003166276838654763 0.003166276838654763 -0.0026473633016293034
-0.000510913097196864 0.003637880998673313 0.003637880998673313 -0.0026473797544739105
-0.0002854281672093858 0.003038327414039646 0.003038327414039646 -0.001585391596910966
-0.0005101126229481939 0.0035096891701981645 0.0035096891701981645 -0.0015853029994623892
-0.0006832226409779265 0.0034463004474927397 0.0034463004474927397 -0.0020079602578159522
-0.0009398743274855638 0.0039036645284226345 0.0039036645284226345 -0.0020076519279598618
-0.0006823689446215469 0.0033004292881135744 0.0033004292881135744 -0.0009784601078436932
-0.0009388954515691796 0.0037575633531101997 0.0037575633531101997 -0.0009780378065204261
-0.0012989310367668124 0.0035209154465801543 0.0035209154465801543 -0.0007589971323900276
-0.0020367867285345995 0.00382470581611978 0.00382470581611978 -0.0007586989223726906
-0.0012957043647501493 0.0031054518188800874 0.0031054518188800874 -7.481336372850957e-05
-0.0020332338388835474 0.003409015605349955 0.003409015605349955 -7.43861902347087e-05
-0.0017826437220711056 0.000711735630071135 0.000711735630071135 0.001537625062368695
-0.00042775304935434126 0.00011898385363726967 0.00011898385363726967 0.0015327435668204374
-0.001789677206519973 0.0014769955722861196 0.0014769955722861196 0.0001982363216345803
-0.00043398991576181736 0.0008834067283028969 0.0008834067283028969 0.00019422376381030964
9.366442035613853e-06 0.0015902238507419838 0.0015902238507419838 -0.002138816707195519
3.495565224051261e-05 0.0017263052679877336 0.0017263052679877336 -0.0021391616091016976
9.365637054667105e-06 0.0016046191246459618 0.0016046191246459618 -0.0018323292425380373
3.495264811439496e-05 0.0017406813044510802 0.0017406813044510802 -0.001832678981858642
3.3130593441967106e-05 0.001507407411050392 0.001507407411050392 -0.002178523530233137
2.156423580025829e-06 0.0016801327809067856 0.0016801327809067856 -0.002178865176000754
3.3150301184331455e-05 0.0014898982320914848 0.0014898982320914848 -0.0017896003947325818
2.187471571750085e-06 0.0016625926463686921 0.0016625926463686921 -0.0017899421237623206
-3.758450063231457e-05 0.0015874398862924274 0.0015874398862924274 -0.002142748149882082
-0.00011578664824997447 0.0017866935426524315 0.0017866935426524315 -0.0021430519019144745
-3.750917488882194e-05 0.0015432693124591095 0.0015432693124591095 -0.0016941404320257002
-0.00011568645890140276 0.0017424805275568181 0.0017424805275568181 -0.0016944365759199334
-0.0001866874219822679 0.0017332508470633576 0.0017332508470633576 -0.0020217929401424592
-0.0003031427359247362 0.0019519051451554336 0.0019519051451554336 -0.002022040290227449
-0.00018653352562897227 0.0016674685243912187 0.0016674685243912187 -0.0015295541809954012
-0.0003029530308011137 0.0018860701021567337 0.0018860701021567337 -0.0015297844009615372
-0.00039926620531950744 0.001888488666475966 0.001888488666475966 -0.0018062271386282474
-0.0005470099730661736 0.0021177056800709914 0.0021177056800709914 -0.0018063939206136423
-0.00039901892640023507 0.0018050257137040805 0.0018050257137040805 -0.0012902789104102975
-0.0005467185042308234 0.0020341830326555334 0.0020341830326555334 -0.0012904196242857723
-0.0006621687074485324 0.0019917119239603624 0.0019917119239603624 -0.001478123018660042
-0.0008318320902558581 0.0022171629493162124 0.0022171629493162124 -0.0014781825298171578
-0.0006618355553991588 0.0018958794402978293 0.0018958794402978293 -0.000970732049322916
-0.0008314516711726164 0.0021212709175015857 0.0021212709175015857 -0.0009707597744882024
-0.0009483312923530731 0.0019625967137358803 0.0019625967137358803 -0.0010340528091003606
-0.001101809128908246 0.0021607083468397135 0.0021607083468397135 -0.0010339972523020567
-0.0009480349004481745 0.001875904247702839 0.001875904247702839 -0.0005882554330468655
-0.0011014795400721602 0.002073970043321123 0.002073970043321123 -0.000588171193386785
-0.0012050198343534512 0.0017339557080327745 0.0017339557080327745 -0.0004861463163669603
-0.0013407824589468582 0.0018771296289324915 0.0018771296289324915 -0.00048601583764579335
-0.0012048123318054871 0.0016573273112142684 0.0016573273112142684 -0.00016402118492484365
-0.0013405579778335902 0.0018004762583891246 0.0018004762583891246 -0.00016386930389451247
-0.0013032314975852644 0.00097237544558014 0.00097237544558014 0.00016127673957324799
-0.001077429502218983 0.0009641297761720953 0.0009641297761720953 0.00016121595158091208
-0.001303908069559068 0.001099385524682506 0.001099385524682506 0.0001423308595865764
-0.0010781064814786184 0.0010911267522885173 0.0010911267522885173 0.00014227457067752787
-0.000583509514847736 -0.00022038238076889472 -0.00022038238076889472 -0.00023916990488011486
0.0005228082846723283 -0.0001384120702810483 -0.0001384120702810483 -0.00023873078687639904
-0.0005867171851203331 0.0004019141279513245 0.0004019141279513245 -5.801335748587626e-05
0.0005195140261420146 0.00048356314037702007 0.00048356314037702007 -5.76670575153384e-05
-3.284202295637406e-05 0.0015842495141902046 0.0015842495141902046 -0.0016241512801091602
-0.0001225730946716161 0.001700792356115291 0.001700792356115291 -0.001624433279448572
-3.2836777820551296e-05 0.0015337300275991052 0.0015337300275991052 -0.0013619370236801272
-0.00012255351754725586 0.0016502568372326954 0.0016502568372326954 -0.0013622116004637131
-0.00018710426326549675 0.0014179258204507765 0.0014179258204507765 -0.0015359725642024279
-0.0002740968219466867 0.0015528912659020966 0.0015528912659020966 -0.0015362172168407573
-0.00018707337080597778 0.0013689235658475554 0.0013689235658475554 -0.001232267365325137
-0.0002740493366841045 0.0015038683400197227 0.0015038683400197227 -0.0012325041604095584
-0.00034222527003276485 0.0013875381716057624 0.0013875381716057624 -0.001410273239470953
-0.00044198651920924483 0.001532580820868698 0.001532580820868698 -0.001410466161494974
-0.0003421574693984734 0.0013313207058120624 0.0013313207058120624 -0.0010838990935781736
-0.0004418983778758999 0.001476339183820699 0.001476339183820699 -0.0010840822449365416
-0.000519512244011696 0.001401103954723779 0.001401103954723779 -0.0012276648582878102
-0.0006324457947534255 0.0015485781007587465 0.0015485781007587465 -0.0012277978935564583
-0.0005194021483327239 0.0013374496372948034 0.0013374496372948034 -0.0008958363356407534
-0.0006323131438863526 0.0014848981822744053 0.0014848981822744053 -0.000895957327739545
-0.0007179244298345239 0.0014011455760595815 0.0014011455760595815 -0.000984656676524909
-0.0008398654819183848 0.0015426641644460423 0.0015426641644460423 -0.0009847250158569905
-0.0007177744144854863 0.001332411009563616 0.001332411009563616 -0.000666249702352482
-0.0008396929814807304 0.0014739052638485237 0.0014739052638485237 -0.000666304776578645
-0.0009243099711334521 0.001333146359181199 0.001333146359181199 -0.0006825729610684835
-0.0010351814600071756 0.0014575153957542357 0.0014575153957542357 -0.0006825763488659891
-0.0009241563361685446 0.0012706462724522097 0.0012706462724522097 -0.00040276247610754513
-0.0010350108531114015 0.0013949963880111945 0.0013949963880111945 -0.0004027544502325866
-0.00109894717459237 0.001150575965659051 0.001150575965659051 -0.00034615147557482605
-0.0011654033830632302 0.0012469950529871406 0.0012469950529871406 -0.00034610352323126897
-0.0010988662479890264 0.0011130763338490473 0.0011130763338490473 -0.00012923914980383287
-0.0011653161788930436 0.0012094848970412655 0.0012094848970412655 -0.0001291845326706449
-0.0011665183066703832 0.0007882381651584758 0.0007882381651584758 -7.458498974723311e-06
-0.0011075311512852755 0.0008369176172928376 0.0008369176172928376 -7.397374542152959e-06
-0.0011666486890326776 0.0008213274704392025 0.0008213274704392025 0.0001019708663848072
-0.0011076657450508269 0.0008700036519294589 0.0008700036519294589 0.00010203021392026006
-0.0009594421677632675 0.0002409182008599485 0.0002409182008599485 0.00014159134887058077
-0.0006193343480937179 0.00025198521515760596 0.00025198521515760596 0.00014161388811733265
-0.0009600750252841807 0.0004321670458269615 0.0004321670458269615 0.0001659723189458673
-0.0006199716260045818 0.0004432042034733549 0.0004432042034733549 0.00016599193267978298
-0.00023740678041300344 -0.00021083899413390438 -0.00021083899413390438 -9.750445805307891e-06
0.00046161233114106723 -0.00022763359891007714 -0.00022763359891007714 -9.810384696103033e-06
-0.00023868635083696468 0.00018252820032147889 0.00018252820032147889 -4.8919665494069686e-05
0.0004603462855690229 0.00016560762221725438 0.00016560762221725438 -4.8967238201458924e-05
-5.6874936942681315e-05 0.0014747563771242325 0.0014747563771242325 -0.0011891022030209504
-0.0002122752408985345 0.0015681358402690406 0.0015681358402690406 -0.0011893102899879443
-5.6868124501732476e-05 0.0013872985330182683 0.0013872985330182683 -0.0009791671009784712
-0.0002122498118197392 0.0014806628239103523 0.0014806628239103523 -0.0009793637513936778
-0.0003119779811277619 0.0012744257786243781 0.0012744257786243781 -0.0010376021444296266
-0.0004293008664732575 0.0013757450404376882 0.0013757450404376882 -0.0010377687106226084
-0.00031194747530729523 0.0012083909775157595 0.0012083909775157595 -0.0008097201963510703
-0.0004292547516278433 0.0013096961596619746 0.0013096961596619746 -0.000809877719067431
-0.000510340915626978 0.0011754643938610638 0.0011754643938610638 -0.0008795712818199414
-0.0006149287985409502 0.0012783645381535134 0.0012783645381535134 -0.0008796898825991847
-0.0005102897967681115 0.0011165870613774904 0.0011165870613774904 -0.0006481094344446652
-0.0006148633458422546 0.0012194735399970544 0.0012194735399970544 -0.0006482200393385946
-0.0006890884252316143 0.0011044738035058562 0.0011044738035058562 -0.000693519643798628
-0.0007878057421363699 0.0012024874814203477 0.0012024874814203477 -0.000693589448714735
-0.0006890188360806561 0.0010488946385718502 0.0010488946385718502 -0.00047304383653225815
-0.0007877232054914066 0.0011468959944666663 0.0011468959944666663 -0.00047310653320323395
-0.0008552725182040775 0.0010128061601632635 0.0010128061601632635 -0.00047757835979482104
-0.0009418709833492335 0.0011002766925326418 0.0011002766925326418 -0.00047760473842568146
-0.0008551955661020422 0.0009640445529075943 0.0009640445529075943 -0.0002808138207587021
-0.0009417840046939232 0.0010515053637601317 0.0010515053637601317 -0.0002808345568292295
-0.0009941852283298046 0.0008657236162720541 0.0008657236162720541 -0.00024254443374540838
-0.0010519182006818823 0.0009359812217728085 0.0009359812217728085 -0.0002425363454094488
-0.0009941263982972857 0.0008332030891928063 0.0008332030891928063 -8.449556500135459e-05
-0.0010518541554367816 0.0009034548332419774 0.0009034548332419774 -8.448433683060848e-05
-0.0010705844205256183 0.0006381170788661263 0.0006381170788661263 -1.186358441232366e-05
-0.0010657128016399588 0.0006846614508882925 0.0006846614508882925 -1.1835875099472932e-05
-0.0010705905021349649 0.0006408130833740999 0.0006408130833740999 9.282780666146177e-05
-0.0010657191760090807 0.0006873552583813214 0.0006873552583813214 9.285533462712419e-05
-0.0010158211307862127 0.0003185774451688157 0.0003185774451688157 0.00015617610244867991
-0.0008866942566323842 0.00033674556113409476 0.00033674556113409476 0.00015619592644491848
-0.0010159773408057763 0.00039116654190745996 0.00039116654190745996 0.00019693881414649985
-0.0008868534124572814 0.00040933004471072586 0.00040933004471072586 0.00019695680490298547
-0.0007230940731480891 -2.1787487712217854e-05 -2.1787487712217854e-05 0.00016935715180090618
-0.0004074554659110881 -2.683785768057311e-05 -2.683785768057311e-05 0.00016934310245420345
-0.0007234746885771756 0.000155743635992847 0.000155743635992847 0.00015763026657172928
-0.00040783475171798667 0.00015066763742851172 0.00015066763742851172 0.00015761840732179223
-0.00012168814356349691 -0.00017906581211858232 -0.00017906581211858232 -5.6925388389937224e-05
0.0003424102481854211 -0.0001693341014838779 -0.0001693341014838779 -5.690286110193771e-05
-0.00012223748248080794 8.205383541633177e-05 8.205383541633177e-05 -3.562033138330063e-05
0.000341856799340307 9.173009815271552e-05 9.173009815271552e-05 -3.5602488681433375e-05
-6.793907702421019e-05 0.0013084373440548393 0.0013084373440548393 -0.0008449023927915578
-0.0002535736390052182 0.0013782441909016032 0.0013782441909016032 -0.0008450374399009887
-6.793302753455899e-05 0.0012039869287912201 0.0012039869287912201 -0.0006880609746401499
-0.00025355105697189896 0.0012737799044534159 0.0012737799044534159 -0.0006881857612557273
-0.00036878535821804437 0.001105870386111544 0.001105870386111544 -0.0006674341617943641
-0.0004981320954760901 0.0011773143116615558 0.0011773143116615558 -0.0006675339730481099
-0.00036876114904751945 0.001033096636524194 0.001033096636524194 -0.0005068076177770569
-0.0004980959177691066 0.0011045310319242592 0.0011045310319242592 -0.0005069002745549017
-0.0005825178405294774 0.0009693504098613645 0.0009693504098613645 -0.0005062028919170856
-0.0006840685484304245 0.0010386769956958943 0.0010386769956958943 -0.0005062684963901805
-0.0005824827627701123 0.0009122145034948435 0.0009122145034948435 -0.0003502992832773024
-0.0006840241597841118 0.0009815335305108702 0.0009815335305108702 -0.00035035962670963786
-0.0007508407061752193 0.0008489207971018042 0.0008489207971018042 -0.0003391663360535286
-0.0008322005584324034 0.0009133773073243462 0.0009133773073243462 -0.0003392031538349008
-0.0007508000018854401 0.0008031415875848571 0.0008031415875848571 -0.00019419762877021185
-0.000832152899417493 0.0008675921572235518 0.0008675921572235518 -0.0001942305469677188
-0.000883471161751103 0.0007131495024839197 0.0007131495024839197 -0.00016405528638283284
-0.0009428482733865714 0.0007674214370547324 0.0007674214370547324 -0.00016406589587994794
-0.0008834317095401631 0.0006797363397752495 0.0006797363397752495 -4.198295520700681e-05
-0.0009428043282165759 0.0007340043742763594 0.0007340043742763594 -4.1991371549788174e-05
-0.0009719046020344406 0.0005398169070967863 0.0005398169070967863 6.262016293528269e-06
-0.000992780791070114 0.0005798548743868828 0.0005798548743868828 6.26916495319826e-06
-0.00097188587871953 0.0005280579105631012 0.0005280579105631012 9.63236359601287e-05
-0.0009927607338624167 0.0005680941424816324 0.0005680941424816324 9.633120306935228e-05
-0.0009836333738633195 0.000323588500328266 0.000323588500328266 0.00014894909969273283
-0.0009388072659472445 0.0003454891257643956 0.0003454891257643956 0.00014896088173023007
-0.0009836637963036967 0.0003487813479007424 0.0003487813479007424 0.00019819529659131335
-0.0009388388192632996 0.0003706809804139269 0.0003706809804139269 0.00019820621267978826
-0.0008694322820336545 8.127399493231478e-05 8.127399493231478e-05 0.0002151940509873978
-0.0007258170673497954 8.588200951609763e-05 8.588200951609763e-05 0.0002151959794860874
-0.0008695437527934515 0.0001620310631560982 0.0001620310631560982 0.000225467269292714
-0.0007259295828534509 0.00016663376597405338 0.00016663376597405338 0.00022546893240117866
-0.0005813807897106715 -0.00011080011411830076 -0.00011080011411830076 0.00015185306211516146
-0.00033120096773521924 -0.00011179761417866828 -0.00011179761417866828 0.00015184818536124266
-0.0005815758940636709 2.9914592979613822e-05 2.9914592979613822e-05 0.0001493995497042413
-0.00033139626040002004 2.8901021169614327e-05 2.8901021169614327e-05 0.00014939550269072724
-0.00012406280675005506 -0.00013510258122829077 -0.00013510258122829077 -2.1114318731624838e-05
0.00019150203557007247 -0.0001261145461626671 -0.0001261145461626671 -2.1100301627070466e-05
-0.00012430706111876978 4.243186903990785e-05 4.243186903990785e-05 -1.1527365748784544e-06
0.00019125512995117367 5.139424784711529e-05 5.139424784711529e-05 -1.1417482564960464e-06
-7.003522682608735e-05 0.0011190592354960083 0.0011190592354960083 -0.000589656900744767
-0.00026139793599797435 0.0011689198835225561 0.0011689198835225561 -0.0005897365340219217
-7.003070104892692e-05 0.0010114007830794409 0.0010114007830794409 -0.000477684559231407
-0.000261381041682711 0.0010612494573140076 0.0010612494573140076 -0.00047775684987907133
-0.0003794646757689986 0.0009365198534690029 0.0009365198534690029 -0.0004080669765540197
-0.0005107913498260254 0.0009850066581453118 0.0009850066581453118 -0.00040812324438739095
-0.0003794472292484869 0.0008626474509057153 0.0008626474509057153 -0.00029908963832111764
-0.0005107656289681922 0.000911127416467338 0.000911127416467338 -0.0002991410253672213
-0.0005942513843218953 0.0007889690128808375 0.0007889690128808375 -0.000254429580167057
-0.0006911615917996514 0.0008360273452604649 0.0008360273452604649 -0.0002544685257991556
-0.0005942278177244514 0.0007344593887093579 0.0007344593887093579 -0.00014862413130550697
-0.0006911321382881293 0.0007815130418767376 0.0007815130418767376 -0.0001486595353502014
-0.0007518478171809514 0.0006507139599530463 0.0006507139599530463 -0.00010748151727434285
-0.0008210427725747471 0.000691521513621976 0.000691521513621976 -0.00010749990913299871
-0.0007518232227664968 0.0006117945669402174 0.0006117945669402174 -1.5711508634077333e-05
-0.0008210142909652892 0.000652599196962902 0.000652599196962902 -1.572793592390332e-05
-0.0008606405289650758 0.0004976462944661855 0.0004976462944661855 2.9307909260089695e-05
-0.0009000427161096635 0.0005299377936447479 0.0005299377936447479 2.9303899701712824e-05
-0.00086062152862125 0.00047548281543121994 0.00047548281543121994 0.00010193803320443681
-0.0009000218046047318 0.000507772861866033 0.000507772861866033 0.00010193476458208935
-0.0009131710968123994 0.00032578326428930806 0.00032578326428930806 0.00014680801008554281
-0.0009101369305366922 0.0003471151919416902 0.0003471151919416902 0.0001468118343303797
-0.000913169209569763 0.0003274838027427627 0.0003274838027427627 0.00019479102842792623
-0.0009101349460874665 0.0003488152754458665 0.0003488152754458665 0.00019479464781800923
-0.0008866197192977306 0.0001416989342378951 0.0001416989342378951 0.00022361025628174602
-0.0008259421830639873 0.00015084348163162142 0.00015084348163162142 0.0002236135242303883
-0.0008866471220010548 0.00017581569639761325 0.00017581569639761325 0.000244162588405787
-0.0008259703294005267 0.00018495922419347292 0.00018495922419347292 0.00024416548098727677
-0.0007562981357420822 -2.963699880716116e-05 -2.963699880716116e-05 0.00022916850190443408
-0.0006271913145191837 -2.9411154933096243e-05 -2.9411154933096243e-05 0.00022916561041187318
-0.0007563622069015933 4.296749380206773e-05 4.296749380206773e-05 0.00022961484735887155
-0.0006272558389483051 4.3189065850961385e-05 4.3189065850961385e-05 0.00022961239745146765
-0.0005106718639005789 -0.0001329454003973201 -0.0001329454003973201 0.0001485161762664844
-0.000321736496207589 -0.00013254519505511475 -0.00013254519505511475 0.00014851439020293098
-0.000510765832824901 -2.6678777441601508e-05 -2.6678777441601508e-05 0.0001493062192224969
-0.00032183087997810005 -2.628772817712742e-05 -2.628772817712742e-05 0.00014930475588023777
-0.00017356994322644128 -9.941921991103587e-05 -9.941921991103587e-05 1.333777698222847e-05
4.2322266204131105e-05 -9.033594447769672e-05 -9.033594447769672e-05 1.3345696981702762e-05
-0.00017367769649865306 2.2030598898793575e-05 2.2030598898793575e-05 3.366235601251134e-05
4.221239021438963e-05 3.11018441340775e-05 3.11018441340775e-05 3.366841639574208e-05
-6.646453385867682e-05 0.0009290387690664351 0.0009290387690664351 -0.0004082305955157362
-0.00024806965660316844 0.0009636759626808376 0.0009636759626808376 -0.0004082743099491434
-6.646147289870914e-05 0.0008268788293757774 0.0008268788293757774 -0.00033047132837183655
-0.00024805823045427454 0.000861506305519793 0.000861506305519793 -0.00033051042271692646
-0.00036138475394098085 0.0007772202242477029 0.0007772202242477029 -0.00023210542569878785
-0.0004894277468881501 0.0008101219954748311 0.0008101219954748311 -0.00023213793932661946
-0.00036137270063883004 0.0007052026909002877 0.0007052026909002877 -0.00015817714245931657
-0.000489410275448166 0.0007380991350179762 0.0007380991350179762 -0.00015820637914517205
-0.0005697493955896919 0.0006356826954218202 0.0006356826954218202 -8.617549330811408e-05
-0.0006612773608755018 0.0006644579472524434 0.0006644579472524434 -8.619361505580035e-05
-0.0005697339293471589 0.0005842088642829481 0.0005842088642829481 -2.1490913781822916e-05
-0.0006612582901900064 0.0006129811214106586 0.0006129811214106586 -2.15071910751527e-05
-0.0007167272415632253 0.0004942964681080922 0.0004942964681080922 3.816133944293657e-05
-0.0007768727553735988 0.0005188908050769271 0.0005188908050769271 3.815275417501795e-05
-0.0007167125555046117 0.00046047393747998875 0.00046047393747998875 9.346578016464956e-05
-0.000776855952020269 0.0004850667342742194 0.0004850667342742194 9.345814665198787e-05
-0.0008085420822613066 0.0003438770366801327 0.0003438770366801327 0.0001438447730316454
-0.0008351582905504104 0.0003624728484853994 0.0003624728484853994 0.00014384313773878855
-0.0008085329455355864 0.00032890977749054466 0.00032890977749054466 0.00018567011279128846
-0.000835148351799553 0.00034750506309885694 0.00034750506309885694 0.00018566871615296638
-0.0008396429565933513 0.00019027532937099652 0.00019027532937099652 0.00022083827016569036
-0.0008255478582822533 0.0002006136834034185 0.0002006136834034185 0.00022083968149872585
-0.0008396451913982542 0.0001982005726087297 0.0001982005726087297 0.00024409299305005127
-0.0008255502177324498 0.0002085387766378086 0.0002085387766378086 0.000244094246617083
-0.0007984344704838032 4.259412598230785e-05 4.259412598230785e-05 0.0002540447062995447
-0.000738718012361991 4.555505676577038e-05 4.555505676577038e-05 0.00025404453471766634
-0.0007984517341128282 7.617415226927727e-05 7.617415226927727e-05 0.0002606930665640817
-0.0007387356460803916 7.913416889972539e-05 7.913416889972539e-05 0.0002606929211252144
-0.0006777324692677295 -7.517765207847195e-05 -7.517765207847195e-05 0.0002292930205630146
-0.000571044019787947 -7.561397228416377e-05 -7.561397228416377e-05 0.00022929093409363387
-0.0006777659575135923 -1.5179521702956773e-05 -1.5179521702956773e-05 0.00022827422357007388
-0.0005710777325557968 -1.5618757559130673e-05 -1.5618757559130673e-05 0.00022827248230415236
-0.0004807475017351554 -0.00012599516428464665 -0.00012599516428464665 0.0001510478965130614
-0.0003408473671389076 -0.00012405558069230398 -0.00012405558069230398 0.00015104829029265957
-0.0004807917747898735 -4.731041255702033e-05 -4.731041255702033e-05 0.00015535571046721228
-0.0003408920957758115 -4.537584904866398e-05 -4.537584904866398e-05 0.00015535602626942305
-0.00023558028761377296 -6.817253814392635e-05 -6.817253814392635e-05 4.8047266680303975e-05
-8.783055334224991e-05 -5.959320782219988e-05 -5.959320782219988e-05 4.805192402984906e-05
-0.0002356280836894048 1.4937528975952316e-05 1.4937528975952316e-05 6.73026942852157e-05
-8.787973580472108e-05 2.3511212026182926e-05 2.3511212026182926e-05 6.730615456593165e-05
-6.040818668905446e-05 0.0007517109545126381 0.0007517109545126381 -0.00028207405494936835
-0.0002254634726929976 0.000775971211393471 0.000775971211393471 -0.00028209879522856946
-6.0406238248562484e-05 0.0006588659577377936 0.0006588659577377936 -0.00022761919229485168
-0.0002254561995883921 0.0006831185981278137 0.0006831185981278137 -0.00022764099539640173
-0.0003301965860029899 0.0006311924451508885 0.0006311924451508885 -0.00011478733020287559
-0.00045130917957359395 0.0006510321184944109 0.0006510321184944109 -0.00011480081241300572
-0.0003301886301494129 0.0005630769103529991 0.0005630769103529991 -7.022599708518247e-05
-0.00045129781539040675 0.0005829124109337198 0.0005829124109337198 -7.023792551525622e-05
-0.0005269052355679819 0.0005031957509318547 0.0005031957509318547 1.6818706017396896e-05
-0.0006123948267315177 0.0005209483488278847 0.0005209483488278847 1.6810283528084288e-05
-0.0005268954349648876 0.00045512090121865205 0.00045512090121865205 5.6718045896704604e-05
-0.0006123828666550853 0.00047287130155901526 0.00047287130155901526 5.671060322699042e-05
-0.0006639745846554636 0.00037334872574308045 0.00037334872574308045 0.0001256551155283604
-0.0007195056584525898 0.0003878374017922471 0.0003878374017922471 0.00012565121677281848
-0.0006639653222157873 0.0003421243916686004 0.0003421243916686004 0.0001582316117641165
-0.0007194951926907604 0.0003566120672665866 0.0003566120672665866 0.00015822818261333578
-0.000746924435363737 0.00023890188694464 0.00023890188694464 0.000208634985629953
-0.000766432916945556 0.0002481925445717556 0.0002481925445717556 0.00020863456044450636
-0.0007469198731996513 0.00022793368478603513 0.00022793368478603513 0.00022953234767509806
-0.0007664280221852577 0.00023722416455422917 0.00023722416455422917 0.00022953197511578228
-0.0007676028794848457 0.00010896284862096247 0.00010896284862096247 0.00025603813682103464
-0.0007514282678151241 0.00011315099023751754 0.00011315099023751754 0.0002560383813835511
-0.0007676048621216324 0.00011805912870215838 0.00011805912870215838 0.0002654597889910108
-0.0007514303442881761 0.00012224719473856433 0.00012224719473856433 0.0002654599997345641
-0.0007264131204016655 -5.68006392131877e-06 -5.68006392131877e-06 0.00026328752838814884
-0.0006743709893038627 -5.43526714742066e-06 -5.43526714742066e-06 0.0002632866529132129
-0.0007264227668860394 2.3585403191032365e-05 2.3585403191032365e-05 0.0002638311149312233
-0.0006743807971017479 2.3829512735285085e-05 2.3829512735285085e-05 0.00026383038747252255
-0.0006248619012622374 -8.462760570649351e-05 -8.462760570649351e-05 0.0002275772475702645
-0.0005417325496605441 -8.49477371573206e-05 -8.49477371573206e-05 0.0002275761085374519
-0.0006248783348837913 -3.787812479346471e-05 -3.787812479346471e-05 0.00022683691319986076
-0.00054174912305727 -3.820001977518956e-05 -3.820001977518956e-05 0.00022683598236659935
-0.0004742377722209098 -0.00010582577873860405 -0.00010582577873860405 0.00015891748533382495
-0.00037300608001634294 -0.00010333768358701073 -0.00010333768358701073 0.00015891814645545483
-0.00047425815681530187 -4.889097953260084e-05 -4.889097953260084e-05 0.00016448835250335194
-0.0003730268267096205 -4.6405512437948744e-05 -4.6405512437948744e-05 0.00016448886804935645
-0.00029975771270845177 -4.202456586903569e-05 -4.202456586903569e-05 8.057317252486756e-05
-0.00020082784014419883 -3.441245121840588e-05 -3.441245121840588e-05 8.057557332525078e-05
-0.0002997786944480737 1.3620383375731277e-05 1.3620383375731277e-05 9.768078521588461e-05
-0.00020084966017135762 2.1229940574714858e-05 2.1229940574714858e-05 9.768249383406696e-05
-5.399447443977567e-05 0.0005914766195841426 0.0005914766195841426 -0.00019457213231064606
-0.00020152374338357649 0.0006074394554551378 0.0006074394554551378 -0.00019458253199092993
-5.399319295472571e-05 0.0005084930350132445 0.0005084930350132445 -0.00015874952375618704
-0.00020151895998314924 0.0005244500106436227 0.0005244500106436227 -0.00015875856172790906
-0.00029649207844561717 0.0004984092645625699 0.0004984092645625699 -4.28654574893109e-05
-0.0004084361787727608 0.0005118346954154213 0.0005118346954154213 -4.28728862946321e-05
-0.00029648677348196765 0.00043545158369557804 0.00043545158369557804 -1.2715454448877566e-05
-0.0004084287754098784 0.0004488736078026669 0.0004488736078026669 -1.2721883302386267e-05
-0.00047922897158020236 0.0003928182023380942 0.0003928182023380942 8.033611950921642e-05
-0.0005607320118156542 0.00040376047760243527 0.00040376047760243527 8.033222989177877e-05
-0.00047922238135439784 0.00034698651218219615 0.00034698651218219615 0.00010492351529938869
-0.0005607241071931375 0.0003579269607094417 0.0003579269607094417 0.00010492015522918512
-0.0006089169605385438 0.0002805423675178045 0.0002805423675178045 0.000176243682001141
-0.0006591142845839876 0.00028792768133526793 0.00028792768133526793 0.00017624272791883947
-0.0006089113205001816 0.00025231800860899456 0.00025231800860899456 0.00019284731407798116
-0.0006591080051923197 0.00025970262687789427 0.00025970262687789427 0.000192846493971572
-0.0006839513439189621 0.00016881845341785198 0.00016881845341785198 0.00024048053564253733
-0.0007016775121164813 0.00017282098942925027 0.00017282098942925027 0.00024048060714887415
-0.000683948615748182 0.0001588531513225286 0.0001588531513225286 0.00024948460289576333
-0.0007016746218997558 0.00016285559865524755 0.00016285559865524755 0.00024948466789497724
-0.0007032329295373054 6.429692598870972e-05 6.429692598870972e-05 0.0002696952090592318
-0.0006898261173221552 6.52606019942201e-05 6.52606019942201e-05 0.0002696950387306149
-0.0007032340368458708 7.183736551116335e-05 7.183736551116335e-05 0.00027186488239921514
-0.0006898272786001913 7.280100305027325e-05 7.280100305027325e-05 0.0002718647488235849
-0.0006697385139751606 -2.179144429055787e-05 -2.179144429055787e-05 0.0002634028577919007
-0.000628325424048682 -2.2530511617293743e-05 -2.2530511617293743e-05 0.00026340205661512056
-0.0006697435231717658 1.4974152669818877e-06 1.4974152669818877e-06 0.0002617371722452727
-0.0006283305115750456 7.579146477054813e-07 7.579146477054813e-07 0.000261736520935529
-0.0005904252863852391 -7.389623961129052e-05 -7.389623961129052e-05 0.00022637361890201564
-0.0005283330221282891 -7.409740710077501e-05 -7.409740710077501e-05 0.00022637301636847603
-0.0005904333673583081 -3.897723152645228e-05 -3.897723152645228e-05 0.00022591126863617537
-0.0005283411950762837 -3.917937597290733e-05 -3.917937597290733e-05 0.0002259107865417784
-0.00047950180975467614 -7.912144688405402e-05 -7.912144688405402e-05 0.0001685432110035934
-0.0004081985347756508 -7.664184912573506e-05 -7.664184912573506e-05 0.00016854368324364125
-0.0004795115820670821 -3.902009468489308e-05 -3.902009468489308e-05 0.00017410968044646527
-0.0004082085608336002 -3.654178905503751e-05 -3.654178905503751e-05 0.00017411004011754644
-0.00035869747872015304 -1.8934432310370436e-05 -1.8934432310370436e-05 0.00010943809052467533
-0.00029473217625789817 -1.2242098232317506e-05 -1.2242098232317506e-05 0.00010943925452425572
-0.0003587068499976112 1.7041781623165813e-05 1.7041781623165813e-05 0.00012448782917394698
-0.00029474202857779884 2.373302547363336e-05 2.373302547363336e-05 0.00012448859399939304
-4.757788935340487e-05 0.00045012877615969137 0.00045012877615969137 -0.00013528270142065116
-0.000177573678649566 0.0004627298063932405 0.0004627298063932405 -0.0001352896933486721
-4.7577048753645756e-05 0.000377009293754453 0.000377009293754453 -0.00010699361642408607
-0.00017757054101389836 0.0003896058134137275 0.0003896058134137275 -0.0001069995257816247
-0.0002640265090754965 0.00038293666459777217 0.00038293666459777217 5.29816623808293e-06
-0.0003702315855439509 0.0003914247860793397 0.0003914247860793397 5.2959366498671905e-06
-0.00026402270118760216 0.0003232076209258063 0.0003232076209258063 2.435520102463094e-05
-0.00037022627899686064 0.00033169277428218613 0.00033169277428218613 2.4353333976129465e-05
-0.00043713736230154785 0.00029838206217577595 0.00029838206217577595 0.00011906158731597318
-0.0005137427943470477 0.00030462353057391224 0.00030462353057391224 0.00011906096764409053
-0.0004371327868339936 0.000255304798754818 0.000255304798754818 0.0001330835628579605
-0.0005137373392873475 0.000261544727609062 0.000261544727609062 0.00013308304663704838
-0.0005588410276477374 0.0002086532046120271 0.0002086532046120271 0.0002021723612095937
-0.0006054778016791807 0.0002125931010025772 0.0002125931010025772 0.0002021725315603411
-0.000558837266831541 0.00018243064522610684 0.00018243064522610684 0.00021103005916891113
-0.0006054736350245425 0.00018636997488275187 0.00018636997488275187 0.00021103020650540044
-0.0006291346681598322 0.00012217119535465305 0.00012217119535465305 0.00025408305149877763
-0.000647166767857292 0.00012375066687671222 0.00012375066687671222 0.00025408325752334363
-0.0006291327225952459 0.00011203396469567433 0.00011203396469567433 0.00025763744039512376
-0.0006471647258086127 0.00011361335869460264 0.00011361335869460264 0.00025763761675363467
-0.0006505289982446157 4.337230836657616e-05 4.337230836657616e-05 0.00027253258917050635
-0.000641720493215844 4.322157459969296e-05 4.322157459969296e-05 0.0002725324115283373
-0.0006505294991882536 4.832723802779084e-05 4.832723802779084e-05 0.00027219560209260427
-0.0006417210244843975 4.817649261107894e-05 4.817649261107894e-05 0.00027219546459471576
-0.0006271683516402937 -1.8188329065921412e-05 -1.8188329065921412e-05 0.0002604779459364414
-0.0005962511745292109 -1.8968354154771494e-05 -1.8968354154771494e-05 0.0002604774702140059
-0.0006271711252852071 -8.014153192373385e-07 -8.014153192373385e-07 0.00025872237058721117
-0.000596253994392633 -1.5816776117580054e-06 -1.5816776117580054e-06 0.00025872199527677924
-0.0005685426449114509 -5.1606609485059204e-05 -5.1606609485059204e-05 0.00022557392431802323
-0.0005237779962263006 -5.17986545626793e-05 -5.17986545626793e-05 0.00022557350508135686
-0.0005685470006358666 -2.643198280191972e-05 -2.643198280191972e-05 0.00022513781474545685
-0.0005237824184254971 -2.662453342492429e-05 -2.662453342492429e-05 0.00022513748643210102
-0.0004895868785036483 -4.905193582537049e-05 -4.905193582537049e-05 0.00017792719208330286
-0.00044094441734924823 -4.6879047861850974e-05 -4.6879047861850974e-05 0.00017792742525855605
-0.0004895920885776532 -2.1695848561002953e-05 -2.1695848561002953e-05 0.00018281060832794693
-0.0004409497732428987 -1.952354970695355e-05 -1.952354970695355e-05 0.00018281077695092866
-0.0004094759672685649 2.3250571428308188e-06 2.3250571428308188e-06 0.0001345247048556321
-0.00037212595961672035 7.829029455686068e-06 7.829029455686068e-06 0.00013452514648991187
-0.0004094803393659178 2.333081709383226e-05 2.333081709383226e-05 0.00014690530391075143
-0.0003721305657975332 2.8834411765041638e-05 2.8834411765041638e-05 0.00014690555343659702
-4.3531930708868664e-05 0.000324643549983881 0.000324643549983881 -8.879206580247412e-05
-0.0001624722320160544 0.0003341896156463901 0.0003341896156463901 -8.879492636241746e-05
-4.353127453071784e-05 0.0002577438936885981 0.0002577438936885981 -6.735578584458857e-05
-0.00016246978280138753 0.0002672862412910495 0.0002672862412910495 -6.735809227609596e-05
-0.00024214133251216667 0.00027517931787854566 0.00027517931787854566 3.703567461202499e-05
-0.00034086492738061704 0.0002821142523001223 0.0002821142523001223 3.703500765312535e-05
-0.00024213835593726548 0.00021965823110372466 0.00021965823110372466 5.261265721130448e-05
-0.00034086070281972485 0.00022659062472888718 0.00022659062472888718 5.261213288989064e-05
-0.0004039349773976705 0.00021607558315288523 0.00021607558315288523 0.0001425508559152358
-0.0004775341426799401 0.00022134107702945826 0.00022134107702945826 0.00014255088905957243
-0.00040393114409836725 0.00017468898550272973 0.00017468898550272973 0.000154384318460476
-0.00047752951648604477 0.00017995307092081686 0.00017995307092081686 0.00015438435248961866
-0.0005208417001215457 0.00015363786591198971 0.00015363786591198971 0.00021673813398319182
-0.0005655806196856131 0.00015663111312148127 0.00015663111312148127 0.00021673837522812218
-0.000520838475168292 0.00012848249252774094 0.00012848249252774094 0.00022346877001808962
-0.0005655770630963848 0.0001314752260526643 0.0001314752260526643 0.00022346896005241416
-0.0005887369024006625 9.295482985957614e-05 9.295482985957614e-05 0.00025962225185870744
-0.0006072857128433267 9.378388994915153e-05 9.378388994915153e-05 0.0002596224144188569
-0.0005887352121246603 8.252695042227767e-05 8.252695042227767e-05 0.00026148886720160527
-0.0006072839489798419 8.335593020398383e-05 8.335593020398383e-05 0.00026148899608055223
-0.0006123830509987284 3.8423960289154857e-05 3.8423960289154857e-05 0.0002717475533313628
-0.0006077837947540581 3.803001216827439e-05 3.803001216827439e-05 0.0002717474305812064
-0.0006123832513403577 4.101213694138676e-05 4.101213694138676e-05 0.00027086346763641195
-0.0006077840174089069 4.061819179743745e-05 4.061819179743745e-05 0.0002708633768083735
-0.0005978907088697345 -2.7971706064657576e-06 -2.7971706064657576e-06 0.0002574862795130642
-0.0005754805462176813 -3.5153721521913194e-06 -3.5153721521913194e-06 0.0002574859926169546
-0.0005978925858285923 9.806092850707661e-06 9.806092850707661e-06 0.00025587099594014573
-0.0005754824576861698 9.087769519963988e-06 9.087769519963988e-06 0.00025587078028398613
-0.0005556438122096403 -2.3511408776223837e-05 -2.3511408776223837e-05 0.00022493623090055003
-0.0005238699641751121 -2.355859301435036e-05 -2.355859301435036e-05 0.00022493606257564558
-0.0005556467032489158 -5.642272507128458e-06 -5.642272507128458e-06 0.00022482872469498753
-0.0005238728947279115 -5.689706535506361e-06 -5.689706535506361e-06 0.00022482859973142218
-0.0005005611086034581 -1.7916062263512237e-05 -1.7916062263512237e-05 0.00018601230793546494
-0.0004686551147906242 -1.6195443013961348e-05 -1.6195443013961348e-05 0.00018601239781447715
-0.0005005643789198436 2.7336389667380974e-08 2.7336389667380974e-08 0.0001898813123557581
-0.0004686584649750602 1.7477044618814803e-06 1.7477044618814803e-06 0.00018988137342692505
-0.0004498161436276547 2.109611402464929e-05 2.109611402464929e-05 0.00015476300660467024
-0.00043024019817245856 2.513601220566398e-05 2.513601220566398e-05 0.00015476309111562986
-0.0004498186711810226 3.2104846468964335e-05 3.2104846468964335e-05 0.00016385109187723253
-0.0004302428318014571 3.6144657256273134e-05 3.6144657256273134e-05 0.00016385112103073596
-4.144708269992743e-05 0.00020962646624048646 0.00020962646624048646 -5.2375191875075926e-05
-0.00015469064496222165 0.0002183003051168716 0.0002183003051168716 -5.237579811336498e-05
-4.144640794157348e-05 0.0001459325896135681 0.0001459325896135681 -3.2885053968446175e-05
-0.0001546881264252594 0.00015460308870843912 0.00015460308870843912 -3.288550251915267e-05
-0.00023168986800994797 0.000178668746577227 0.000178668746577227 6.587384489879939e-05
-0.00032881459318478604 0.00018785288635773196 0.00018785288635773196 6.58735471912215e-05
-0.0002316865998267306 0.00012404798318770493 0.00012404798318770493 8.652197070709109e-05
-0.0003288096630241833 0.0001332296581015347 0.0001332296581015347 8.652178980701744e-05
-0.0003895029611638023 0.0001478449323300671 0.0001478449323300671 0.00016313427604276154
-0.00045819084312229374 0.00015321207278902 0.00015321207278902 0.0001631343315485087
-0.00038949857853949523 0.00010922071409392664 0.00010922071409392664 0.00017520242220887816
-0.00045818568794616217 0.00011458663194988075 0.00011458663194988075 0.00017520246373142962
-0.0004988446982500029 0.00011292247349620836 0.00011292247349620836 0.0002279198504576487
-0.0005412394424970605 0.00011533576221881104 0.00011533576221881104 0.00022792001829511396
-0.0004988411148932997 8.908551953891107e-05 8.908551953891107e-05 0.00023334774884376365
-0.0005412355833709333 9.14983512678616e-05 9.14983512678616e-05 0.0002333478621670227
-0.0005634860917274364 7.647192531935367e-05 7.647192531935367e-05 0.0002627795161674723
-0.0005818868394721346 7.720893816607496e-05 7.720893816607496e-05 0.00026277957868354047
-0.0005634842366059877 6.612733840162733e-05 6.612733840162733e-05 0.00026443865427635123
-0.0005818849277637764 6.686427183527471e-05 6.686427183527471e-05 0.0002644386960524285
-0.000587987264825044 4.375339395226639e-05 4.375339395226639e-05 0.0002702524853578062
-0.0005862689625756816 4.340400843891291e-05 4.340400843891291e-05 0.0002702524334201998
-0.0005879872760279566 4.472166066811877e-05 4.472166066811877e-05 0.0002694682349980289
-0.0005862689850503745 4.437228199668296e-05 4.437228199668296e-05 0.0002694682013961646
-0.0005797072686568765 1.9326237555425896e-05 1.9326237555425896e-05 0.0002548502027702925
-0.0005635111291388045 1.8804833718661425e-05 1.8804833718661425e-05 0.00025485008072591287
-0.0005797088238890751 2.84353712175515e-05 2.84353712175515e-05 0.0002536780048394797
-0.0005635127058943108 2.7913908056186334e-05 2.7913908056186334e-05 0.0002536779252652093
-0.0005490139598396345 7.618618072659583e-06 7.618618072659583e-06 0.00022488579166171866
-0.000525610042150393 7.736411392928172e-06 7.736411392928172e-06 0.0002248857327655572
-0.0005490164335678881 2.0780771722102543e-05 2.0780771722102543e-05 0.0002251503971644513
-0.0005256125422275875 2.0898432850936438e-05 2.0898432850936438e-05 0.0002251503588542831
-0.000509271885505348 1.2873375344164365e-05 1.2873375344164365e-05 0.00019221618252897424
-0.00048803888757295615 1.39896088281218e-05 1.39896088281218e-05 0.00019221622416818945
-0.0005092744440543493 2.4814405597019773e-05 2.4814405597019773e-05 0.00019472679706294624
-0.00048804148406019485 2.593053606211226e-05 2.593053606211226e-05 0.00019472682320973342
-0.0004773895640154955 3.826919662651509e-05 3.826919662651509e-05 0.00016922648189650683
-0.00046951880270366416 4.0757437345882474e-05 4.0757437345882474e-05 0.00016922648149840248
-0.0004773911094584921 4.2694926512727455e-05 4.2694926512727455e-05 0.00017482395322217454
-0.00046952038168681054 4.518316322933808e-05 4.518316322933808e-05 0.00017482394650253933
-4.4878903833112384e-05 0.00010185145324916671 0.00010185145324916671 -8.546737558963171e-06
-0.00016749966139893076 0.00012274727287406762 0.00012274727287406762 -8.546899743888105e-06
-4.487718655044859e-05 3.288760317552999e-05 3.288760317552999e-05 3.845621914579763e-05
-0.00016749325153814034 5.3779476818445684e-05 5.3779476818445684e-05 3.8456175691955354e-05
-0.0002445846167775659 0.0001064294714942202 0.0001064294714942202 0.00010007667831344156
-0.000332565116908973 0.00011371365707061794 0.00011371365707061794 0.00010007673433883728
-0.0002445775132774603 5.6953769770545e-05 5.6953769770545e-05 0.00011645990086112276
-0.000332556628373267 6.423595233465914e-05 6.423595233465914e-05 0.00011645991587226177
-0.0003881514534237194 9.875237939505559e-05 9.875237939505559e-05 0.00018162276924955884
-0.0004520420279860536 0.00010118531953089376 0.00010118531953089376 0.0001816228451473398
-0.00038814464090863106 6.282680576909321e-05 6.282680576909321e-05 0.00018709411376353048
-0.00045203482898816146 6.525869826453355e-05 6.525869826453355e-05 0.00018709413409999625
-0.000490193787317037 8.435320316679808e-05 8.435320316679808e-05 0.0002361604002214475
-0.0005305439644986052 8.535616534408036e-05 8.535616534408036e-05 0.00023616041709074878
-0.0004901890207780499 6.166626697854787e-05 6.166626697854787e-05 0.0002384160632439153
-0.0005305390961932301 6.266881513197783e-05 6.266881513197783e-05 0.0002384160677639832
-0.0005519681548682088 6.880401418394705e-05 6.880401418394705e-05 0.0002652824096497438
-0.0005701587583771678 6.909102454833593e-05 6.909102454833593e-05 0.00026528241722506747
-0.0005519658192352329 5.8577668900770167e-05 5.8577668900770167e-05 0.0002659284256275373
-0.0005701564015133574 5.886460068349044e-05 5.886460068349044e-05 0.0002659284276573327
-0.0005766535585931183 5.4841746216263584e-05 5.4841746216263584e-05 0.0002690806115263547
-0.0005762153421249455 5.4719448513243746e-05 5.4719448513243746e-05 0.0002690806037471321
-0.0005766534637688213 5.5090141537302145e-05 5.5090141537302145e-05 0.00026880607751719244
-0.0005762152454824786 5.496785385753493e-05 5.496785385753493e-05 0.0002688060754327722
-0.0005711423016433722 4.463782047082473e-05 4.463782047082473e-05 0.0002530927373261769
-0.0005577271088297748 4.4447924248529994e-05 4.4447924248529994e-05 0.0002530927222466643
-0.0005711438905886943 5.2183149149147085e-05 5.2183149149147085e-05 0.0002526659301279648
-0.0005577287042240406 5.199321584801306e-05 5.199321584801306e-05 0.00025266592608743754
-0.0005458372519869753 4.002632489970597e-05 4.002632489970597e-05 0.00022521730549534538
-0.0005267721274131222 3.9989785507093615e-05 3.9989785507093615e-05 0.0002252172884460644
-0.0005458397272360796 5.074854984492878e-05 5.074854984492878e-05 0.00022513519463883313
-0.0005267746118184992 5.0711926303314166e-05 5.0711926303314166e-05 0.00022513519007051727
-0.0005139489310700652 4.249564237082516e-05 4.249564237082516e-05 0.00019595844931466613
-0.0004979800835942897 4.28752870555727e-05 4.28752870555727e-05 0.00019595844116718615
-0.0005139513499656848 5.147622456871369e-05 5.147622456871369e-05 0.00019681246097474537
-0.0004979825130780743 5.185581697753458e-05 5.185581697753458e-05 0.0001968124587916426
-0.0004910613806702356 5.3313307689871455e-05 5.3313307689871455e-05 0.00017751836874773237
-0.0004881232119090885 5.409729729672967e-05 5.409729729672967e-05 0.0001775183602953022
-0.0004910625822621836 5.496514999771977e-05 5.496514999771977e-05 0.00017928210277061765
-0.00048812441978462903 5.57491535155177e-05 5.57491535155177e-05 0.00017928210050579505
eps_abs 640
0.00020986282405121952 0.00013428220715093491 0.00013428220715093491 0.0037001746041738573
0.0007830132120785396 0.00017795292498260288 0.00017795292498260288 0.0037001801513116815
0.00020984949369383225 0.0004574084400685213 0.0004574084400685213 0.0036017173809558107
0.0007829634936971884 0.0005009927439019188 0.0005009927439019188 0.0036017380799195984
0.0011832102502588686 0.00020550687118762946 0.00020550687118762946 0.004576405950112881
0.0017034530001041066 0.0002663684131260507 0.0002663684131260507 0.004576416538163817
0.00118313621218058 0.0004990928014099732 0.0004990928014099732 0.0044390133385686995
0.0017033424944368604 0.0005598809142112639 0.0005598809142112639 0.0044390528464982315
0.0020757290205317344 0.00031536426107216757 0.00031536426107216757 0.005498479992975055
0.002572578033729195 0.0004008799273443795 0.0004008799273443795 0.005498494866130537
0.0020755888969179034 0.0005960058016748686 0.0005960058016748686 0.005305249983839196
0.0025723912799669436 0.000681450711725212 0.000681450711725212 0.005305305477569879
0.0029199485497921687 0.00046806634962845477 0.00046806634962845477 0.0065037186347908565
0.0033721428970836563 0.0005904964520304954 0.0005904964520304954 0.006503739785350412
0.0029197413851054024 0.0007236603052097018 0.0007236603052097018 0.006226796444555368
0.0033718802536141512 0.0008460228166439183 0.0008460228166439183 0.0062268753525051065
0.0036656433780274584 0.0006700475046761508 0.0006700475046761508 0.007499884170831078
0.004015286154978073 0.0008220365654744629 0.0008220365654744629 0.007499905452760462
0.0036654135130344727 0.0008677226511693426 0.0008677226511693426 0.007155864961745766
0.004015005465957345 0.0010196568209080985 0.0010196568209080985 0.007155944353536046
0.0041948477683668725 0.0008858765089243934 0.0008858765089243934 0.008369496572776549
0.0043356375246386145 0.0010256966457923887 0.0010256966457923887 0.008369505466945176
0.00419474484605071 0.0009653450325489288 0.0009653450325489288 0.008053018607265443
0.004335518200477478 0.001105140091502551 0.001105140091502551 0.008053051788060633
0.004299325167596302 0.0010197407968232164 0.0010197407968232164 0.008866729312087627
0.004058852949109388 0.0010791865271725753 0.0010791865271725753 0.008866727426631544
0.004299661939014952 0.0008833567685678305 0.0008833567685678305 0.008732385565378569
0.004059214896258514 0.0009427846204154077 0.0009427846204154077 0.00873237853008062
0.0036742855936907 0.000937910905463062 0.000937910905463062 0.008622270922943695
0.002863012147889945 0.0008159497318744775 0.0008159497318744775 0.008622309629941902
0.003675339202873063 0.00047873417186687194 0.00047873417186687194 0.008898427779903547
0.0028639707423486664 0.0003565894946875347 0.0003565894946875347 0.008898572283405686
0.0021437265658525912 0.0005540347762218112 0.0005540347762218112 0.007466522682323564
0.0009892478587347627 0.00015425442318649175 0.00015425442318649175 0.007466706707925744
0.002144686831965601 0.00015917454591817464 0.00015917454591817464 0.00837014043064778
0.0009897571383407934 0.0005046891708420886 0.0005046891708420886 0.008370827992790611
0.00044663717667973416 0.0001269212446228319 0.0001269212446228319 0.006617971008719133
0.00011969396569889765 2.7408129316650374e-05 2.7408129316650374e-05 0.006617986689720293
0.00044671037621323587 0.00010229002903451614 0.00010229002903451614 0.006939224597437724
0.00011971358711146376 0.00019999631764365126 0.00019999631764365126 0.006939283145596825
0.00017631070563145867 0.0006901301566135626 0.0006901301566135626 0.0034956391572116352
0.0006578554994013877 0.0007748886618134177 0.0007748886618134177 0.0034957301809045256
0.00017629326796750905 0.0009615591800056522 0.0009615591800056522 0.003304251924287149
0.0006577904591351328 0.0010462504619064188 0.0010462504619064188 0.0033043798458176014
0.0009864608693039682 0.000796769884046189 0.000796769884046189 0.004264461094954825
0.001402706291057014 0.0009472362804775221 0.0009472362804775221 0.004264615291800597
0.0009863625732444694 0.0010315248037440494 0.0010315248037440494 0.003924751763797011
0.00140254164126257 0.0011819232766226157 0.0011819232766226157 0.003924968701456307
0.0016848214256778293 0.001048889549143223 0.001048889549143223 0.00505114809442171
0.002039340601590331 0.0012709276937332592 0.0012709276937332592 0.005051360329713322
0.0016846284252620518 0.0012488633688293054 0.0012488633688293054 0.004549664214643741
0.0020390675537091518 0.0014708185618777822 0.0014708185618777822 0.004549958251177589
0.002285824040507179 0.0014143827079350561 0.0014143827079350561 0.005871890952964984
0.0026045297023076877 0.001721292035770886 0.001721292035770886 0.005872162963121876
0.0022855025052698 0.0015940822909148418 0.0015940822909148418 0.005178366115598354
0.002604107298493403 0.001900869043710053 0.001900869043710053 0.005178737888030179
0.002827638007217996 0.0018689066287053023 0.0018689066287053023 0.00671213651112399
0.0031176443895888687 0.002253445767734583 0.002253445767734583 0.006712412046834038
0.0028271554553291577 0.002032224447643441 0.002032224447643441 0.005842837528426411
0.0031170394623951593 0.0024165904417977765 0.0024165904417977765 0.005843219128465305
0.003318861514013358 0.0023438027033159305 0.0023438027033159305 0.007574937913004327
0.0035761459162354497 0.002781661500971262 0.002781661500971262 0.007575106509703611
0.0033182157092716074 0.0024883638910544 0.0024883638910544 0.00658475856549016
0.0035753689421401972 0.002926008840956787 0.002926008840956787 0.0065850267899277
0.003740451863249767 0.0026953564277093223 0.0026953564277093223 0.008362579286755094
0.003926156410133676 0.003081830330888213 0.003081830330888213 0.008362497345728415
0.0037398578168605545 0.0027993747362504416 0.0027993747362504416 0.007488562642831635
0.003925476097745649 0.003185685984546008 0.003185685984546008 0.007488542204017223
0.004024234653952397 0.0026720049427600744 0.0026720049427600744 0.00892673440909233
0.004096039755982243 0.002756806655685288 0.002756806655685288 0.00892675643209361
0.0040240461348792 0.0027126067636293097 0.0027126067636293097 0.008736013739336817
0.004095837153105231 0.00279740164936393 0.00279740164936393 0.008736033543064686
0.004056627475068469 0.002190640208437171 0.002190640208437171 0.009173711972879889
0.003872909540950922 0.0016142398333291268 0.0016142398333291268 0.00917518972194213
0.0040572018059376585 0.00208907127871695 0.00208907127871695 0.010480609163475327
0.0038734111791107794 0.001512324467617524 0.001512324467617524 0.010482234952250253
0.003001082773352646 0.001253155160562081 0.001253155160562081 0.008281732368834734
0.0008049430153128477 0.00023070271202321765 0.00023070271202321765 0.008283643662814425
0.0030064284314205714 0.00034554548389713975 0.00034554548389713975 0.011638227442878854
0.0008063791777532888 0.0014748563951553165 0.0014748563951553165 0.011642998313515418
0.0001243781996868218 0.0011420598398284995 0.0011420598398284995 0.0031392709780550965
0.0004641135783477613 0.0012569913383883233 0.0012569913383883233 0.003139470908465525
0.00012436140720587112 0.0013334895505286756 0.0013334895505286756 0.002879895413397161
0.00046405093408208076 0.001448377660400202 0.001448377660400202 0.002880130284746949
0.0006744272337030775 0.0012313643042641202 0.0012313643042641202 0.0036468730561407176
0.0009092311480982671 0.0014173946910541475 0.0014173946910541475 0.0036471719180652794
0.0006743584418065554 0.0013636536258616885 0.0013636536258616885 0.003227228246915445
0.0009091184466307888 0.0015496340945558877 0.0015496340945558877 0.003227573302543644
0.0010568849038613683 0.0014902570958226823 0.0014902570958226823 0.004139464274962468
0.0012253134146286411 0.0017648396234964934 0.0017648396234964934 0.004139873408361245
0.0010567762041361125 0.0015850230261996471 0.0015850230261996471 0.003519967399620423
0.0012251613725460706 0.001859520671753235 0.001859520671753235 0.003520428409606503
0.0013264353312896129 0.0019149137927134438 0.0019149137927134438 0.004609182410501095
0.0014338793977873908 0.002296899894541333 0.002296899894541333 0.0046096983340541894
0.0013263207491752682 0.0019750089946544295 0.0019750089946544295 0.0037472008202300857
0.0014337301909700725 0.0023568422957590887 0.0023568422957590887 0.003747766513855647
0.0014985905834285387 0.0024952305423872967 0.0024952305423872967 0.0050864456957362475
0.0015667033417798093 0.003025910438754381 0.003025910438754381 0.005087055956581514
0.001498467001913966 0.0025325532121536535 0.0025325532121536535 0.00388868999739359
0.0015665475673308266 0.0030629434103356876 0.0030629434103356876 0.003889341824376707
0.0016217451410050277 0.003255992217674951 0.003255992217674951 0.005613775434936076
0.0017006490365496802 0.003992614693322938 0.003992614693322938 0.005614333116508033
0.0016214352564987496 0.0032982583755084916 0.0032982583755084916 0.003950990916329071
0.0017002625587652052 0.00403432404376117 0.00403432404376117 0.0039515885545205725
0.001789035443821423 0.004221196918705938 0.004221196918705938 0.006294293568543117
0.0019424098259114096 0.005278005069919245 0.005278005069919245 0.006294334395304681
0.0017881358656295183 0.004303017185591046 0.004303017185591046 0.003908575305291742
0.0019412942005585243 0.005358677635453219 0.005358677635453219 0.003908726421502126
0.0021169874561174653 0.005615295079340899 0.005615295079340899 0.007332525928339845
0.0024220093017990165 0.007221524156159705 0.007221524156159705 0.007330715329595595
0.002114195013489312 0.005777075999497936 0.005777075999497936 0.0037066611098321356
0.002418513751385734 0.007380645030304076 0.007380645030304076 0.0037051363062805148
0.0026604676603465805 0.008166940980354755 0.008166940980354755 0.008832941146655109
0.002992104255218957 0.01071146590582078 0.01071146590582078 0.008826576413029946
0.0026563340893838465 0.00833075074063426 0.00833075074063426 0.0030909632321117386
0.0029868083067184437 0.010868602360922885 0.010868602360922885 0.003085184922781083
0.002463260476576972 0.011402099386588245 0.011402099386588245 0.009637739366560094
0.0028079759343061375 0.015235949804055158 0.015235949804055158 0.009619242020760543
0.0024757989538248884 0.010237649801344914 0.010237649801344914 0.0010099204056613512
0.002813374928662677 0.014055271707627263 0.014055271707627263 0.0009807526705247576
6.515656363809372e-05 0.0014482493773099812 0.0014482493773099812 0.0026721299974807613
0.00024314780599585253 0.001584986057207772 0.001584986057207772 0.0026724426967095843
6.514672110068477e-05 0.0015484964329520064 0.0015484964329520064 0.002363840843085938
0.00024311108130916942 0.001685205666083399 0.001685205666083399 0.002364176859219272
0.00033463366241934174 0.0014672053152930188 0.0014672053152930188 0.002914613832092353
0.00040635338491932203 0.0016600757729458664 0.0016600757729458664 0.0029149791602185375
0.00033461932632986957 0.0015075212138186452 0.0015075212138186452 0.0024799785725138105
0.00040633063468250246 0.0017003520140052714 0.0017003520140052714 0.002480363874173155
0.00043196797662788014 0.0016610029158211947 0.0016610029158211947 0.003084846371387318
0.00042982817008785395 0.0019136857851600492 0.0019136857851600492 0.0030852564878164363
0.0004319976560923741 0.0016595831778365554 0.0016595831778365554 0.0025154494440055583
0.0004298690446055233 0.0019122002760736552 0.0019122002760736552 0.002515869542847322
0.0004056889844623081 0.001971136359925748 0.001971136359925748 0.0031718162015833837
0.00036644062443559014 0.0022861482604508323 0.0022861482604508323 0.0031722433614747173
0.00040581284787754646 0.001934345267582081 0.001934345267582081 0.0024619921247882536
0.0003664568757272153 0.0022492537945667888 0.0022492537945667888 0.0024624110638334466
0.0003574294234550828 0.0023598965539319235 0.0023598965539319235 0.003142667482867872
0.00036288145196765597 0.0027326675903298677 0.0027326675903298677 0.0031430493739398467
0.0003573404664675348 0.002291517101636069 0.002291517101636069 0.002302797378790615
0.0003627034058733337 0.0026641410195742264 0.0026641410195742264 0.002303145572909088
0.00038441800567442597 0.002787156797948092 0.002787156797948092 0.0029875369928603368
0.0004364757013667597 0.0032172865639748974 0.0032172865639748974 0.0029877988091330907
0.0003840745741013697 0.002682974295219312 0.002682974295219312 0.0020186510194114653
0.0004359825463409408 0.0031129044131419682 0.0031129044131419682 0.002018846685491439
0.00048239182574256827 0.003166276838654763 0.003166276838654763 0.0026473633016293034
0.0005960742748153287 0.003637880998673313 0.003637880998673313 0.0026473797544739105
0.0004818491204030934 0.003038327414039646 0.003038327414039646 0.001585391596910966
0.0005952997908434775 0.0035096891701981645 0.0035096891701981645 0.0015853029994623892
0.0007261048644196148 0.0034463004474927397 0.0034463004474927397 0.0020079602578159522
0.0009398743274855638 0.0039036645284226345 0.0039036645284226345 0.0020076519279598618
0.0007252511680632352 0.0033004292881135744 0.0033004292881135744 0.0009996892390015792
0.0009388954515691796 0.0037575633531101997 0.0037575633531101997 0.0009992934110659543
0.0012989310367668124 0.0035209154465801543 0.0035209154465801543 0.001085332477934109
0.0020367867285345995 0.00382470581611978 0.00382470581611978 0.0010849205484869875
0.0012957043647501493 0.0031054518188800874 0.0031054518188800874 0.00036678781948968627
0.0020332338388835474 0.003409015605349955 0.003409015605349955 0.00036653309257939385
0.0017826437220711056 0.000711735630071135 0.000711735630071135 0.001537625062368695
0.0004912136569058545 0.00017078055200102767 0.00017078055200102767 0.0015327435668204374
0.001789677206519973 0.0014769955722861196 0.0014769955722861196 0.000223800381288614
0.0004974505233133306 0.0008834067283028969 0.0008834067283028969 0.00021978782346434314
9.791630974609308e-06 0.0015902238507419838 0.0015902238507419838 0.002138816707195519
3.6542438755943175e-05 0.0017263052679877336 0.0017263052679877336 0.0021391616091016976
9.790717734513667e-06 0.0016046191246459618 0.0016046191246459618 0.0018323292425380373
3.6539030621653607e-05 0.0017406813044510802 0.0017406813044510802 0.001832678981858642
4.7153693747279906e-05 0.001507407411050392 0.001507407411050392 0.002178523530233137
8.763476897948069e-05 0.0016801327809067856 0.0016801327809067856 0.002178865176000754
4.714574243889943e-05 0.0014898982320914848 0.0014898982320914848 0.0017896003947325818
8.760453900051227e-05 0.0016625926463686921 0.0016625926463686921 0.0017899421237623206
0.00012745257185748602 0.0015874398862924274 0.0015874398862924274 0.002142748149882082
0.00020044867130785136 0.0017866935426524315 0.0017866935426524315 0.0021430519019144745
0.00012738468238198466 0.0015432693124591095 0.0015432693124591095 0.0016941404320257002
0.0002003521439380088 0.0017424805275568181 0.0017424805275568181 0.0016944365759199334
0.00025723218341903336 0.0017332508470633576 0.0017332508470633576 0.0020217929401424592
0.00035161639356463256 0.0019519051451554336 0.0019519051451554336 0.002022040290227449
0.00025709247935881956 0.0016674685243912187 0.0016674685243912187 0.0015295541809954012
0.0003514344511353847 0.0018860701021567337 0.0018860701021567337 0.0015297844009615372
0.000433177394245746 0.001888488666475966 0.001888488666475966 0.0018062271386282474
0.0005640754508357446 0.0021177056800709914 0.0021177056800709914 0.0018063939206136423
0.0004329351790162327 0.0018050257137040805 0.0018050257137040805 0.0012902789104102975
0.0005637839820003944 0.0020341830326555334 0.0020341830326555334 0.0012904196242857723
0.0006675859965839831 0.0019917119239603624 0.0019917119239603624 0.001478123018660042
0.0008318320902558581 0.0022171629493162124 0.0022171629493162124 0.0014781825298171578
0.0006672528445346096 0.0018958794402978293 0.0018958794402978293 0.000970732049322916
0.0008314516711726164 0.0021212709175015857 0.0021212709175015857 0.0009707597744882024
0.0009483312923530731 0.0019625967137358803 0.0019625967137358803 0.0010340528091003606
0.001101809128908246 0.0021607083468397135 0.0021607083468397135 0.0010339972523020567
0.0009480349004481745 0.001875904247702839 0.001875904247702839 0.0005974468192138827
0.0011014795400721602 0.002073970043321123 0.002073970043321123 0.000597368690835657
0.0012050198343534512 0.0017339557080327745 0.0017339557080327745 0.0005216301528913253
0.0013407824589468582 0.0018771296289324915 0.0018771296289324915 0.0005215254269441326
0.0012048123318054871 0.0016573273112142684 0.0016573273112142684 0.000266641574021076
0.0013405579778335902 0.0018004762583891246 0.0018004762583891246 0.0002666165219505379
0.0013032314975852644 0.00097237544558014 0.00097237544558014 0.00022715511643761984
0.001077429502218983 0.0009641297761720953 0.0009641297761720953 0.00022709342653975365
0.001303908069559068 0.001099385524682506 0.001099385524682506 0.00019215918098688546
0.0010781064814786184 0.0010911267522885173 0.0010911267522885173 0.00019210206027325078
0.0005871120635896031 0.00029913804553111204 0.00029913804553111204 0.000267102086735958
0.0005708564630231873 0.00022828699962745583 0.00022828699962745583 0.0002667135141272304
0.0005903197338622001 0.0004019141279513245 0.0004019141279513245 0.00010230241473206482
0.000568069435336593 0.00048356314037702007 0.00048356314037702007 0.00010210269342241795
3.284202295637406e-05 0.0015842495141902046 0.0015842495141902046 0.0016241512801091602
0.0001225730946716161 0.001700792356115291 0.001700792356115291 0.001624433279448572
3.2836777820551296e-05 0.0015337300275991052 0.0015337300275991052 0.0013619370236801272
0.00012255351754725586 0.0016502568372326954 0.0016502568372326954 0.0013622116004637131
0.00018710426326549675 0.0014179258204507765 0.0014179258204507765 0.0015359725642024279
0.0002740968219466867 0.0015528912659020966 0.0015528912659020966 0.0015362172168407573
0.00018707337080597778 0.0013689235658475554 0.0013689235658475554 0.001232267365325137
0.0002740493366841045 0.0015038683400197227 0.0015038683400197227 0.0012325041604095584
0.00034222527003276485 0.0013875381716057624 0.0013875381716057624 0.001410273239470953
0.00044198651920924483 0.001532580820868698 0.001532580820868698 0.001410466161494974
0.0003421574693984734 0.0013313207058120624 0.0013313207058120624 0.0010838990935781736
0.0004418983778758999 0.001476339183820699 0.001476339183820699 0.0010840822449365416
0.000519512244011696 0.001401103954723779 0.001401103954723779 0.0012276648582878102
0.0006324457947534255 0.0015485781007587465 0.0015485781007587465 0.0012277978935564583
0.0005194021483327239 0.0013374496372948034 0.0013374496372948034 0.0008958363356407534
0.0006323131438863526 0.0014848981822744053 0.0014848981822744053 0.000895957327739545
0.0007179244298345239 0.0014011455760595815 0.0014011455760595815 0.000984656676524909
0.0008398654819183848 0.0015426641644460423 0.0015426641644460423 0.0009847250158569905
0.0007177744144854863 0.001332411009563616 0.001332411009563616 0.000666249702352482
0.0008396929814807304 0.0014739052638485237 0.0014739052638485237 0.000666304776578645
0.0009243099711334521 0.001333146359181199 0.001333146359181199 0.0006825729610684835
0.0010351814600071756 0.0014575153957542357 0.0014575153957542357 0.0006825763488659891
0.0009241563361685446 0.0012706462724522097 0.0012706462724522097 0.00041633110126052404
0.0010350108531114015 0.0013949963880111945 0.0013949963880111945 0.00041632259585538885
0.00109894717459237 0.001150575965659051 0.001150575965659051 0.00037584716698117504
0.0011654033830632302 0.0012469950529871406 0.0012469950529871406 0.00037583325511426387
0.0010988662479890264 0.0011130763338490473 0.0011130763338490473 0.00023975231534334782
0.0011653161788930436 0.0012094848970412655 0.0012094848970412655 0.00023974801369522033
0.0011665183066703832 0.0007882381651584758 0.0007882381651584758 0.00020079712182193368
0.0011075311512852755 0.0008369176172928376 0.0008369176172928376 0.00020082177128657194
0.0011666486890326776 0.0008213274704392025 0.0008213274704392025 0.0001834338799627845
0.0011076657450508269 0.0008700036519294589 0.0008700036519294589 0.0001834700976830714
0.0009594421677632675 0.0002409182008599485 0.0002409182008599485 0.0001790413292596729
0.0006193343480937179 0.00025198521515760596 0.00025198521515760596 0.00017906195115165762
0.0009600750252841807 0.0004321670458269615 0.0004321670458269615 0.00018536619711047558
0.0006199716260045818 0.0004432042034733549 0.0004432042034733549 0.00018538418782261938
0.0003176493325730077 0.000277509906656307 0.000277509906656307 9.151433749066793e-05
0.0004924113643858385 0.00029314594881737436 0.00029314594881737436 9.14863817208456e-05
0.00031880951911361795 0.00018252820032147889 0.00018252820032147889 9.766120717935531e-05
0.000491382071035853 0.00016560762221725438 0.00016560762221725438 9.766264157763962e-05
5.6874936942681315e-05 0.0014747563771242325 0.0014747563771242325 0.0011891022030209504
0.0002122752408985345 0.0015681358402690406 0.0015681358402690406 0.0011893102899879443
5.6868124501732476e-05 0.0013872985330182683 0.0013872985330182683 0.0009791671009784712
0.0002122498118197392 0.0014806628239103523 0.0014806628239103523 0.0009793637513936778
0.0003119779811277619 0.0012744257786243781 0.0012744257786243781 0.0010376021444296266
0.0004293008664732575 0.0013757450404376882 0.0013757450404376882 0.0010377687106226084
0.00031194747530729523 0.0012083909775157595 0.0012083909775157595 0.0008097201963510703
0.0004292547516278433 0.0013096961596619746 0.0013096961596619746 0.000809877719067431
0.000510340915626978 0.0011754643938610638 0.0011754643938610638 0.0008795712818199414
0.0006149287985409502 0.0012783645381535134 0.0012783645381535134 0.0008796898825991847
0.0005102897967681115 0.0011165870613774904 0.0011165870613774904 0.0006481094344446652
0.0006148633458422546 0.0012194735399970544 0.0012194735399970544 0.0006482200393385946
0.0006890884252316143 0.0011044738035058562 0.0011044738035058562 0.000693519643798628
0.0007878057421363699 0.0012024874814203477 0.0012024874814203477 0.000693589448714735
0.0006890188360806561 0.0010488946385718502 0.0010488946385718502 0.00047304383653225815
0.0007877232054914066 0.0011468959944666663 0.0011468959944666663 0.00047310653320323395
0.0008552725182040775 0.0010128061601632635 0.0010128061601632635 0.00047757835979482104
0.0009418709833492335 0.0011002766925326418 0.0011002766925326418 0.00047760473842568146
0.0008551955661020422 0.0009640445529075943 0.0009640445529075943 0.00030039964747377893
0.0009417840046939232 0.0010515053637601317 0.0010515053637601317 0.0003004088802696939
0.0009941852283298046 0.0008657236162720541 0.0008657236162720541 0.000293025915673971
0.0010519182006818823 0.0009359812217728085 0.0009359812217728085 0.00029302033818465114
0.0009941263982972857 0.0008332030891928063 0.0008332030891928063 0.00019758089847740406
0.0010518541554367816 0.0009034548332419774 0.0009034548332419774 0.00019757750190469366
0.0010705844205256183 0.0006381170788661263 0.0006381170788661263 0.0001937987792641686
0.0010657128016399588 0.0006846614508882925 0.0006846614508882925 0.00019380279429660478
0.0010705905021349649 0.0006408130833740999 0.0006408130833740999 0.00017519485430722833
0.0010657191760090807 0.0006873552583813214 0.0006873552583813214 0.0001752117252152708
0.0010158211307862127 0.0003185774451688157 0.0003185774451688157 0.00019777308877057763
0.0008866942566323842 0.00033674556113409476 0.00033674556113409476 0.00019779120547212928
0.0010159773408057763 0.00039116654190745996 0.00039116654190745996 0.00021101866984738523
0.0008868534124572814 0.00040933004471072586 0.00040933004471072586 0.00021103666060387068
0.0007230940731480891 0.00010701067334458302 0.00010701067334458302 0.0001820046723207777
0.0004305314280098509 0.00011207281373986724 0.00011207281373986724 0.00018199062297407498
0.0007234746885771756 0.000155743635992847 0.000155743635992847 0.0001665962980795698
0.0004309107138167495 0.00015066763742851172 0.00015066763742851172 0.00016658456860902163
0.00028167878023713943 0.00024281023285626223 0.00024281023285626223 0.00010168103870630455
0.00039628184845197514 0.0002363868045780629 0.0002363868045780629 0.00010168705149714561
0.0002819765027919347 9.836090979783283e-05 9.836090979783283e-05 9.754925129604049e-05
0.0003959823218151493 0.00010078674883072858 0.00010078674883072858 9.755924979131352e-05
6.793907702421019e-05 0.0013084373440548393 0.0013084373440548393 0.0008449023927915578
0.0002535736390052182 0.0013782441909016032 0.0013782441909016032 0.0008450374399009887
6.793302753455899e-05 0.0012039869287912201 0.0012039869287912201 0.0006880609746401499
0.00025355105697189896 0.0012737799044534159 0.0012737799044534159 0.0006881857612557273
0.00036878535821804437 0.001105870386111544 0.001105870386111544 0.0006674341617943641
0.0004981320954760901 0.0011773143116615558 0.0011773143116615558 0.0006675339730481099
0.00036876114904751945 0.001033096636524194 0.001033096636524194 0.0005068076177770569
0.0004980959177691066 0.0011045310319242592 0.0011045310319242592 0.0005069002745549017
0.0005825178405294774 0.0009693504098613645 0.0009693504098613645 0.0005062028919170856
0.0006840685484304245 0.0010386769956958943 0.0010386769956958943 0.0005062684963901805
0.0005824827627701123 0.0009122145034948435 0.0009122145034948435 0.0003502992832773024
0.0006840241597841118 0.0009815335305108702 0.0009815335305108702 0.00035035962670963786
0.0007508407061752193 0.0008489207971018042 0.0008489207971018042 0.0003391663360535286
0.0008322005584324034 0.0009133773073243462 0.0009133773073243462 0.0003392031538349008
0.0007508000018854401 0.0008031415875848571 0.0008031415875848571 0.00021153854376996145
0.000832152899417493 0.0008675921572235518 0.0008675921572235518 0.00021155567222128923
0.000883471161751103 0.0007131495024839197 0.0007131495024839197 0.00021429557173131532
0.0009428482733865714 0.0007674214370547324 0.0007674214370547324 0.00021429452504131676
0.0008834317095401631 0.0006797363397752495 0.0006797363397752495 0.0001448011965657031
0.0009428043282165759 0.0007340043742763594 0.0007340043742763594 0.0001447982670387089
0.0009719046020344406 0.0005398169070967863 0.0005398169070967863 0.00015988385232208312
0.000992780791070114 0.0005798548743868828 0.0005798548743868828 0.00015988378934959764
0.00097188587871953 0.0005280579105631012 0.0005280579105631012 0.000150204277844654
0.0009927607338624167 0.0005680941424816324 0.0005680941424816324 0.00015020859512500023
0.0009836333738633195 0.000323588500328266 0.000323588500328266 0.00018550860187022364
0.0009388072659472445 0.0003454891257643956 0.0003454891257643956 0.00018551955084059377
0.0009836637963036967 0.0003487813479007424 0.0003487813479007424 0.00020460726937621937
0.0009388388192632996 0.0003706809804139269 0.0003706809804139269 0.00020461818546469425
0.0008694322820336545 8.131731518002808e-05 8.131731518002808e-05 0.00022058524100957244
0.0007258170673497954 8.588200951609763e-05 8.588200951609763e-05 0.00022058716950826203
0.0008695437527934515 0.0001620310631560982 0.0001620310631560982 0.000225467269292714
0.0007259295828534509 0.00016663376597405338 0.00016663376597405338 0.00022546893240117866
0.0005813807897106715 0.00016393131669143685 0.00016393131669143685 0.00015794977475810538
0.0003553394673473096 0.00016700628722828183 0.00016700628722828183 0.00015794485171285232
0.0005815758940636709 8.744645880509955e-05 8.744645880509955e-05 0.00015050673393216107
0.00035553476001211044 9.077038942329144e-05 9.077038942329144e-05 0.00015050268691864705
0.00028353819492072047 0.00020253236149461314 0.00020253236149461314 9.648470296204976e-05
0.0003183005788494199 0.00019637557899435565 0.00019637557899435565 9.649456666693682e-05
0.0002836637129165011 8.641199456578313e-05 8.641199456578313e-05 9.764451367264179e-05
0.0003183320636350111 8.519009114103048e-05 8.519009114103048e-05 9.765232520216372e-05
7.003522682608735e-05 0.0011190592354960083 0.0011190592354960083 0.000589656900744767
0.00026139793599797435 0.0011689198835225561 0.0011689198835225561 0.0005897365340219217
7.003070104892692e-05 0.0010114007830794409 0.0010114007830794409 0.000477684559231407
0.000261381041682711 0.0010612494573140076 0.0010612494573140076 0.00047775684987907133
0.0003794646757689986 0.0009365198534690029 0.0009365198534690029 0.0004080669765540197
0.0005107913498260254 0.0009850066581453118 0.0009850066581453118 0.00040812324438739095
0.0003794472292484869 0.0008626474509057153 0.0008626474509057153 0.00029908963832111764
0.0005107656289681922 0.000911127416467338 0.000911127416467338 0.0002991410253672213
0.0005942513843218953 0.0007889690128808375 0.0007889690128808375 0.000254429580167057
0.0006911615917996514 0.0008360273452604649 0.0008360273452604649 0.0002544685257991556
0.0005942278177244514 0.0007344593887093579 0.0007344593887093579 0.0001546512092956597
0.0006911321382881293 0.0007815130418767376 0.0007815130418767376 0.00015466787189489565
0.0007518478171809514 0.0006507139599530463 0.0006507139599530463 0.00014996760340723383
0.0008210427725747471 0.000691521513621976 0.000691521513621976 0.00014996968693717084
0.0007518232227664968 0.0006117945669402174 0.0006117945669402174 9.866048446265797e-05
0.0008210142909652892 0.000652599196962902 0.000652599196962902 9.865503181891088e-05
0.0008606405289650758 0.0004976462944661855 0.0004976462944661855 0.0001221739540229877
0.0009000427161096635 0.0005299377936447479 0.0005299377936447479 0.0001221712394356097
0.00086062152862125 0.00047548281543121994 0.00047548281543121994 0.00012522554605004597
0.0009000218046047318 0.000507772861866033 0.000507772861866033 0.0001252225261718959
0.0009131710968123994 0.00032578326428930806 0.00032578326428930806 0.00016531024454181952
0.0009101369305366922 0.0003471151919416902 0.0003471151919416902 0.00016531382619470488
0.000913169209569763 0.0003274838027427627 0.0003274838027427627 0.00019479102842792623
0.0009101349460874665 0.0003488152754458665 0.0003488152754458665 0.00019479464781800923
0.0008866197192977306 0.0001416989342378951 0.0001416989342378951 0.00022361025628174602
0.0008259421830639873 0.00015084348163162142 0.00015084348163162142 0.0002236135242303883
0.0008866471220010548 0.00017581569639761325 0.00017581569639761325 0.000244162588405787
0.0008259703294005267 0.00018495922419347292 0.00018495922419347292 0.00024416548098727677
0.0007562981357420822 7.74495129399868e-05 7.74495129399868e-05 0.00022916850190443408
0.0006271913145191837 8.048386312455196e-05 8.048386312455196e-05 0.00022916561041187318
0.0007563622069015933 5.43470074363679e-05 5.43470074363679e-05 0.00022961484735887155
0.0006272558389483051 5.7394803951623996e-05 5.7394803951623996e-05 0.00022961239745146765
0.0005106718639005789 0.00018157675254827147 0.00018157675254827147 0.0001485161762664844
0.0003325190119498828 0.00018332224428314369 0.00018332224428314369 0.00014851439020293098
0.000510765832824901 0.0001234071232792805 0.0001234071232792805 0.0001493062192224969
0.00033261339572039384 0.00012579161572258012 0.00012579161572258012 0.00014930475588023777
0.00028313660319229767 0.0001726058957708334 0.0001726058957708334 9.6630101364272e-05
0.0002878870321412624 0.00016646517251860376 0.00016646517251860376 9.663438366508883e-05
0.00028320503023693245 8.770662551917628e-05 8.770662551917628e-05 9.310065832565662e-05
0.00028791661868021344 8.570971082259774e-05 8.570971082259774e-05 9.310404459332398e-05
6.646453385867682e-05 0.0009290387690664351 0.0009290387690664351 0.0004082305955157362
0.00024806965660316844 0.0009636759626808376 0.0009636759626808376 0.0004082743099491434
6.646147289870914e-05 0.0008268788293757774 0.0008268788293757774 0.00033047132837183655
0.00024805823045427454 0.000861506305519793 0.000861506305519793 0.00033051042271692646
0.00036138475394098085 0.0007772202242477029 0.0007772202242477029 0.00023210542569878785
0.0004894277468881501 0.0008101219954748311 0.0008101219954748311 0.00023213793932661946
0.00036137270063883004 0.0007052026909002877 0.0007052026909002877 0.00015817714245931657
0.000489410275448166 0.0007380991350179762 0.0007380991350179762 0.00015820637914517205
0.0005697493955896919 0.0006356826954218202 0.0006356826954218202 0.00010559070234822678
0.0006612773608755018 0.0006644579472524434 0.0006644579472524434 0.00010559942585154462
0.0005697339293471589 0.0005842088642829481 0.0005842088642829481 6.252341913525077e-05
0.0006612582901900064 0.0006129811214106586 0.0006129811214106586 6.252288187761935e-05
0.0007167272415632253 0.0004942964681080922 0.0004942964681080922 8.555712075630153e-05
0.0007768727553735988 0.0005188908050769271 0.0005188908050769271 8.555143919839668e-05
0.0007167125555046117 0.00046047393747998875 0.00046047393747998875 9.711449741713987e-05
0.000776855952020269 0.0004850667342742194 0.0004850667342742194 9.710740402424107e-05
0.0008085420822613066 0.0003438770366801327 0.0003438770366801327 0.00014418106993882625
0.0008351582905504104 0.0003624728484853994 0.0003624728484853994 0.00014417943464596937
0.0008085329455355864 0.00032890977749054466 0.00032890977749054466 0.00018567011279128846
0.000835148351799553 0.00034750506309885694 0.00034750506309885694 0.00018566871615296638
0.0008396429565933513 0.00019027532937099652 0.00019027532937099652 0.00022083827016569036
0.0008255478582822533 0.0002006136834034185 0.0002006136834034185 0.00022083968149872585
0.0008396451913982542 0.0001982005726087297 0.0001982005726087297 0.00024409299305005127
0.0008255502177324498 0.0002085387766378086 0.0002085387766378086 0.000244094246617083
0.0007984344704838032 4.861236308701088e-05 4.861236308701088e-05 0.0002540447062995447
0.000738718012361991 4.8645017548067335e-05 4.8645017548067335e-05 0.00025404453471766634
0.0007984517341128282 7.617415226927727e-05 7.617415226927727e-05 0.0002606930665640817
0.0007387356460803916 7.913416889972539e-05 7.913416889972539e-05 0.0002606929211252144
0.0006777324692677295 0.00011243513073441676 0.00011243513073441676 0.0002292930205630146
0.000571044019787947 0.00011473265514424026 0.00011473265514424026 0.00022929093409363387
0.0006777659575135923 6.798651683734673e-05 6.798651683734673e-05 0.00022827422357007388
0.0005710777325557968 7.037936820404414e-05 7.037936820404414e-05 0.00022827248230415236
0.0004807475017351554 0.0001758555942488651 0.0001758555942488651 0.0001510478965130614
0.00034343665811295586 0.00017599279825320315 0.00017599279825320315 0.00015104829029265957
0.0004807917747898735 0.00012856803048740063 0.00012856803048740063 0.00015535571046721228
0.0003434780699657948 0.00013007700651279408 0.00013007700651279408 0.00015535602626942305
0.00028267939484946767 0.00014385591710728527 0.00014385591710728527 9.120610353372484e-05
0.0002770718946010448 0.00013865268129091595 0.00013865268129091595 9.120913149074939e-05
0.0002827164242487196 9.15668070962214e-05 9.15668070962214e-05 9.009912593705864e-05
0.00027709173731076564 8.890025060395558e-05 8.890025060395558e-05 9.010175240793826e-05
6.040818668905446e-05 0.0007517109545126381 0.0007517109545126381 0.00028207405494936835
0.0002254634726929976 0.000775971211393471 0.000775971211393471 0.00028209879522856946
6.0406238248562484e-05 0.0006588659577377936 0.0006588659577377936 0.00022761919229485168
0.0002254561995883921 0.0006831185981278137 0.0006831185981278137 0.00022764099539640173
0.0003301965860029899 0.0006311924451508885 0.0006311924451508885 0.00011478733020287559
0.00045130917957359395 0.0006510321184944109 0.0006510321184944109 0.00011480081241300572
0.0003301886301494129 0.0005630769103529991 0.0005630769103529991 7.022599708518247e-05
0.00045129781539040675 0.0005829124109337198 0.0005829124109337198 7.023792551525622e-05
0.0005269052355679819 0.0005031957509318547 0.0005031957509318547 4.8094635245318686e-05
0.0006123948267315177 0.0005209483488278847 0.0005209483488278847 4.809109917743055e-05
0.0005268954349648876 0.00045512090121865205 0.00045512090121865205 6.118372507992179e-05
0.0006123828666550853 0.00047287130155901526 0.00047287130155901526 6.11768092252241e-05
0.0006639745846554636 0.00037334872574308045 0.00037334872574308045 0.0001256551155283604
0.0007195056584525898 0.0003878374017922471 0.0003878374017922471 0.00012565121677281848
0.0006639653222157873 0.0003421243916686004 0.0003421243916686004 0.0001582316117641165
0.0007194951926907604 0.0003566120672665866 0.0003566120672665866 0.00015822818261333578
0.000746924435363737 0.00023890188694464 0.00023890188694464 0.000208634985629953
0.000766432916945556 0.0002481925445717556 0.0002481925445717556 0.00020863456044450636
0.0007469198731996513 0.00022793368478603513 0.00022793368478603513 0.00022953234767509806
0.0007664280221852577 0.00023722416455422917 0.00023722416455422917 0.00022953197511578228
0.0007676028794848457 0.00010896284862096247 0.00010896284862096247 0.00025603813682103464
0.0007514282678151241 0.00011315099023751754 0.00011315099023751754 0.0002560383813835511
0.0007676048621216324 0.00011805912870215838 0.00011805912870215838 0.0002654597889910108
0.0007514303442881761 0.00012224719473856433 0.00012224719473856433 0.0002654599997345641
0.0007264131204016655 4.498208891854685e-05 4.498208891854685e-05 0.00026328752838814884
0.0006743709893038627 4.484227769850255e-05 4.484227769850255e-05 0.0002632866529132129
0.0007264227668860394 4.204337125609996e-05 4.204337125609996e-05 0.0002638311149312233
0.0006743807971017479 4.008601822039642e-05 4.008601822039642e-05 0.00026383038747252255
0.0006248619012622374 0.00012150068553193711 0.00012150068553193711 0.0002275772475702645
0.0005417325496605441 0.00012327804947257108 0.00012327804947257108 0.0002275761085374519
0.0006248783348837913 8.260843565846372e-05 8.260843565846372e-05 0.00022683691319986076
0.00054174912305727 8.438756312999545e-05 8.438756312999545e-05 0.00022683598236659935
0.0004742377722209098 0.0001644247576419465 0.0001644247576419465 0.00015891748533382495
0.00037679034724172566 0.00016509269806567412 0.00016509269806567412 0.00015891814645545483
0.00047425815681530187 0.00013032956712930572 0.00013032956712930572 0.00016448835250335194
0.0003768090641112098 0.00013099986813570866 0.00013099986813570866 0.00016448886804935645
0.00032034626051231034 0.00012929669970163606 0.00012929669970163606 9.588065084537184e-05
0.00026803444006924147 0.00012740493899836275 0.00012740493899836275 9.588263164787783e-05
0.0003203655794554999 0.00010266590148840722 0.00010266590148840722 0.00010602261170939
0.00026804760166945595 0.0001042571138491003 0.0001042571138491003 0.00010602434664880984
5.399447443977567e-05 0.0005914766195841426 0.0005914766195841426 0.00019457213231064606
0.00020152374338357649 0.0006074394554551378 0.0006074394554551378 0.00019458253199092993
5.399319295472571e-05 0.0005084930350132445 0.0005084930350132445 0.00015874952375618704
0.00020151895998314924 0.0005244500106436227 0.0005244500106436227 0.00015875856172790906
0.00029649207844561717 0.0004984092645625699 0.0004984092645625699 4.2955978846685725e-05
0.0004084361787727608 0.0005118346954154213 0.0005118346954154213 4.2963407652006927e-05
0.00029648677348196765 0.00043545158369557804 0.00043545158369557804 2.7907346961979674e-05
0.0004084287754098784 0.0004488736078026669 0.0004488736078026669 2.791111030350966e-05
0.00047922897158020236 0.0003928182023380942 0.0003928182023380942 8.033611950921642e-05
0.0005607320118156542 0.00040376047760243527 0.00040376047760243527 8.033222989177877e-05
0.00047922238135439784 0.00034698651218219615 0.00034698651218219615 0.00010492351529938869
0.0005607241071931375 0.0003579269607094417 0.0003579269607094417 0.00010492015522918512
0.0006089169605385438 0.0002805423675178045 0.0002805423675178045 0.000176243682001141
0.0006591142845839876 0.00028792768133526793 0.00028792768133526793 0.00017624272791883947
0.0006089113205001816 0.00025231800860899456 0.00025231800860899456 0.00019284731407798116
0.0006591080051923197 0.00025970262687789427 0.00025970262687789427 0.000192846493971572
0.0006839513439189621 0.00016881845341785198 0.00016881845341785198 0.00024048053564253733
0.0007016775121164813 0.00017282098942925027 0.00017282098942925027 0.00024048060714887415
0.000683948615748182 0.0001588531513225286 0.0001588531513225286 0.00024948460289576333
0.0007016746218997558 0.00016285559865524755 0.00016285559865524755 0.00024948466789497724
0.0007032329295373054 6.464374645297563e-05 6.464374645297563e-05 0.0002696952090592318
0.0006898261173221552 6.52606019942201e-05 6.52606019942201e-05 0.0002696950387306149
0.0007032340368458708 7.183736551116335e-05 7.183736551116335e-05 0.00027186488239921514
0.0006898272786001913 7.280100305027325e-05 7.280100305027325e-05 0.0002718647488235849
0.0006697385139751606 5.836693507470961e-05 5.836693507470961e-05 0.0002634028577919007
0.000628325424048682 6.050476181112594e-05 6.050476181112594e-05 0.00026340205661512056
0.0006697435231717658 4.282222792322806e-05 4.282222792322806e-05 0.0002617371722452727
0.0006283305115750456 4.4173548774691344e-05 4.4173548774691344e-05 0.000261736520935529
0.0005904252863852391 0.000114588799343907 0.000114588799343907 0.00022637361890201564
0.0005283330221282891 0.0001162712860384248 0.0001162712860384248 0.00022637301636847603
0.0005904333673583081 8.443493499376787e-05 8.443493499376787e-05 0.00022591126863617537
0.0005283411950762837 8.611839864525621e-05 8.611839864525621e-05 0.0002259107865417784
0.00047950180975467614 0.00014941853848194012 0.00014941853848194012 0.0001685432110035934
0.0004090959885418523 0.00014963675543915083 0.00014963675543915083 0.00016854368324364125
0.0004795115820670821 0.00011972675205991263 0.00011972675205991263 0.00017410968044646527
0.0004091042464652984 0.00011994615968067647 0.00011994615968067647 0.00017411004011754644
0.0003742274092542201 0.00012189614781359829 0.00012189614781359829 0.00011643811786281459
0.00032548414157350717 0.0001195640181812397 0.0001195640181812397 0.00011643933076635564
0.00037423574907384174 0.00010487628104995473 0.00010487628104995473 0.00012931810638444445
0.0003254910025284372 0.00010570440390587702 0.00010570440390587702 0.00012931892984782
4.757788935340487e-05 0.00045012877615969137 0.00045012877615969137 0.00013949155228814485
0.000177573678649566 0.0004627298063932405 0.0004627298063932405 0.00013949854421616578
4.7577048753645756e-05 0.000377009293754453 0.000377009293754453 0.00012676339475231428
0.00017757054101389836 0.0003896058134137275 0.0003896058134137275 0.0001267693041098529
0.0002640265090754965 0.00038293666459777217 0.00038293666459777217 3.1629848755794236e-05
0.0003702315855439509 0.0003914247860793397 0.0003914247860793397 3.1629880432335325e-05
0.00026402270118760216 0.0003232076209258063 0.0003232076209258063 4.186297469917199e-05
0.00037022627899686064 0.00033169277428218613 0.00033169277428218613 4.186169402628471e-05
0.00043713736230154785 0.00029838206217577595 0.00029838206217577595 0.00011906158731597318
0.0005137427943470477 0.00030462353057391224 0.00030462353057391224 0.00011906096764409053
0.0004371327868339936 0.000255304798754818 0.000255304798754818 0.0001330835628579605
0.0005137373392873475 0.000261544727609062 0.000261544727609062 0.00013308304663704838
0.0005588410276477374 0.0002086532046120271 0.0002086532046120271 0.0002021723612095937
0.0006054778016791807 0.0002125931010025772 0.0002125931010025772 0.0002021725315603411
0.000558837266831541 0.00018243064522610684 0.00018243064522610684 0.00021103005916891113
0.0006054736350245425 0.00018636997488275187 0.00018636997488275187 0.00021103020650540044
0.0006291346681598322 0.00012217119535465305 0.00012217119535465305 0.00025408305149877763
0.000647166767857292 0.00012375066687671222 0.00012375066687671222 0.00025408325752334363
0.0006291327225952459 0.00011203396469567433 0.00011203396469567433 0.00025763744039512376
0.0006471647258086127 0.00011361335869460264 0.00011361335869460264 0.00025763761675363467
0.0006505289982446157 5.285544797645551e-05 5.285544797645551e-05 0.00027253258917050635
0.000641720493215844 5.184990783880243e-05 5.184990783880243e-05 0.0002725324115283373
0.0006505294991882536 5.0304458845951304e-05 5.0304458845951304e-05 0.00027219560209260427
0.0006417210244843975 5.021144670780212e-05 5.021144670780212e-05 0.00027219546459471576
0.0006271683516402937 6.28971728238589e-05 6.28971728238589e-05 0.0002604779459364414
0.0005962511745292109 6.528796632523527e-05 6.528796632523527e-05 0.0002604774702140059
0.0006271711252852071 4.8958709835422654e-05 4.8958709835422654e-05 0.00025872237058721117
0.000596253994392633 5.1349723398145015e-05 5.1349723398145015e-05 0.00025872199527677924
0.0005685426449114509 0.00010083721878923674 0.00010083721878923674 0.00022557392431802323
0.0005237779962263006 0.0001022593382507542 0.0001022593382507542 0.00022557350508135686
0.0005685470006358666 8.144562477494196e-05 8.144562477494196e-05 0.00022513781474545685
0.0005237824184254971 8.195884914440539e-05 8.195884914440539e-05 0.00022513748643210102
0.0004895868785036483 0.00012583037877758182 0.00012583037877758182 0.00017792719208330286
0.00044094441734924823 0.00012485985263182008 0.00012485985263182008 0.00017792742525855605
0.0004895920885776532 0.00010194882280041868 0.00010194882280041868 0.00018281060832794693
0.0004409497732428987 0.00010097885217156107 0.00010097885217156107 0.00018281077695092866
0.0004110589756224557 0.000109696168997267 0.000109696168997267 0.00013775770425680228
0.00038807012840242575 0.00010868401109531838 0.00010868401109531838 0.00013775820854947874
0.000411062350606933 9.487877663163533e-05 9.487877663163533e-05 0.00014794583923821223
0.0003880737085112688 9.463670043039288e-05 9.463670043039288e-05 0.00014794615088939807
4.3531930708868664e-05 0.000324643549983881 0.000324643549983881 0.00012180738953321414
0.0001624722320160544 0.0003341896156463901 0.0003341896156463901 0.00012181025009315749
4.353127453071784e-05 0.0002577438936885981 0.0002577438936885981 0.00012419638676624674
0.00016246978280138753 0.0002672862412910495 0.0002672862412910495 0.0001241978245645857
0.00024214133251216667 0.00027517931787854566 0.00027517931787854566 5.1715117963767025e-05
0.00034086492738061704 0.0002821142523001223 0.0002821142523001223 5.171430757167249e-05
0.00024213835593726548 0.00021965823110372466 0.00021965823110372466 6.593925706798755e-05
0.00034086070281972485 0.00022659062472888718 0.00022659062472888718 6.593862010901349e-05
0.0004039349773976705 0.00021607558315288523 0.00021607558315288523 0.0001425508559152358
0.0004775341426799401 0.00022134107702945826 0.00022134107702945826 0.00014255088905957243
0.00040393114409836725 0.00017468898550272973 0.00017468898550272973 0.000154384318460476
0.00047752951648604477 0.00017995307092081686 0.00017995307092081686 0.00015438435248961866
0.0005208417001215457 0.00015363786591198971 0.00015363786591198971 0.00021673813398319182
0.0005655806196856131 0.00015663111312148127 0.00015663111312148127 0.00021673837522812218
0.000520838475168292 0.00012848249252774094 0.00012848249252774094 0.00022346877001808962
0.0005655770630963848 0.0001314752260526643 0.0001314752260526643 0.00022346896005241416
0.0005887369024006625 9.295482985957614e-05 9.295482985957614e-05 0.00025962225185870744
0.0006072857128433267 9.378388994915153e-05 9.378388994915153e-05 0.0002596224144188569
0.0005887352121246603 8.252695042227767e-05 8.252695042227767e-05 0.00026148886720160527
0.0006072839489798419 8.335593020398383e-05 8.335593020398383e-05 0.00026148899608055223
0.0006123830509987284 4.851942511152737e-05 4.851942511152737e-05 0.0002717475533313628
0.0006077837947540581 4.7620030746092746e-05 4.7620030746092746e-05 0.0002717474305812064
0.0006123832513403577 4.610549655071581e-05 4.610549655071581e-05 0.00027086346763641195
0.0006077840174089069 4.5486745326801705e-05 4.5486745326801705e-05 0.0002708633768083735
0.0005978907088697345 6.082623542150762e-05 6.082623542150762e-05 0.0002574862795130642
0.0005754805462176813 6.25794752297242e-05 6.25794752297242e-05 0.0002574859926169546
0.0005978925858285923 5.1870617368263435e-05 5.1870617368263435e-05 0.00025587099594014573
0.0005754824576861698 5.319959593618339e-05 5.319959593618339e-05 0.00025587078028398613
0.0005556438122096403 8.734167158733414e-05 8.734167158733414e-05 0.00022493623090055003
0.0005238699641751121 8.884596473688625e-05 8.884596473688625e-05 0.00022493606257564558
0.0005556467032489158 7.485494942507988e-05 7.485494942507988e-05 0.00022482872469498753
0.0005238728947279115 7.635946462277621e-05 7.635946462277621e-05 0.00022482859973142218
0.0005005611086034581 0.00010485088518905071 0.00010485088518905071 0.00018601230793546494
0.0004686551147906242 0.0001038589413882638 0.0001038589413882638 0.00018601239781447715
0.0005005643789198436 8.874449708303614e-05 8.874449708303614e-05 0.0001898813123557581
0.0004686584649750602 8.775278826552909e-05 8.775278826552909e-05 0.00018988137342692505
0.0004498161436276547 9.689846323117506e-05 9.689846323117506e-05 0.00015476300660467024
0.00043024019817245856 9.510482260768571e-05 9.510482260768571e-05 0.00015476309111562986
0.0004498186711810226 8.072528832182656e-05 8.072528832182656e-05 0.00016385109187723253
0.0004302428318014571 7.898643285246111e-05 7.898643285246111e-05 0.00016385112103073596
4.144708269992743e-05 0.00020962646624048646 0.00020962646624048646 0.00013314202528831617
0.00015469064496222165 0.0002183003051168716 0.0002183003051168716 0.0001331420020243716
4.144640794157348e-05 0.0001459325896135681 0.0001459325896135681 0.0001493253839102839
0.0001546881264252594 0.00015460308870843912 0.00015460308870843912 0.00014932535393704323
0.00023168986800994797 0.000178668746577227 0.000178668746577227 7.34183536071835e-05
0.00032881459318478604 0.00018785288635773196 0.00018785288635773196 7.34190494882411e-05
0.0002316865998267306 0.00012404798318770493 0.00012404798318770493 9.016105244998414e-05
0.0003288096630241833 0.0001332296581015347 0.0001332296581015347 9.016103827743692e-05
0.0003895029611638023 0.0001478449323300671 0.0001478449323300671 0.00016313427604276154
0.00045819084312229374 0.00015321207278902 0.00015321207278902 0.0001631343315485087
0.00038949857853949523 0.00010922071409392664 0.00010922071409392664 0.00017520242220887816
0.00045818568794616217 0.00011458663194988075 0.00011458663194988075 0.00017520246373142962
0.0004988446982500029 0.00011292247349620836 0.00011292247349620836 0.0002279198504576487
0.0005412394424970605 0.00011533576221881104 0.00011533576221881104 0.00022792001829511396
0.0004988411148932997 8.908551953891107e-05 8.908551953891107e-05 0.00023334774884376365
0.0005412355833709333 9.14983512678616e-05 9.14983512678616e-05 0.0002333478621670227
0.0005634860917274364 7.647192531935367e-05 7.647192531935367e-05 0.0002627795161674723
0.0005818868394721346 7.720893816607496e-05 7.720893816607496e-05 0.00026277957868354047
0.0005634842366059877 6.612733840162733e-05 6.612733840162733e-05 0.00026443865427635123
0.0005818849277637764 6.686427183527471e-05 6.686427183527471e-05 0.0002644386960524285
0.000587987264825044 4.994695081264958e-05 4.994695081264958e-05 0.0002702524853578062
0.0005862689625756816 5.0210683534724944e-05 5.0210683534724944e-05 0.0002702524334201998
0.0005879872760279566 4.947709426591792e-05 4.947709426591792e-05 0.0002694682349980289
0.0005862689850503745 4.974083904298452e-05 4.974083904298452e-05 0.0002694682013961646
0.0005797072686568765 6.070557367878908e-05 6.070557367878908e-05 0.0002548502027702925
0.0005635111291388045 6.230643478319351e-05 6.230643478319351e-05 0.00025485008072591287
0.0005797088238890751 5.652509674454325e-05 5.652509674454325e-05 0.0002536780048394797
0.0005635127058943108 5.883456901740634e-05 5.883456901740634e-05 0.0002536779252652093
0.0005490139598396345 7.939105069770318e-05 7.939105069770318e-05 0.00022488579166171866
0.000525610042150393 8.010899848205356e-05 8.010899848205356e-05 0.0002248857327655572
0.0005490164335678881 6.958319998730317e-05 6.958319998730317e-05 0.0002251503971644513
0.0005256125422275875 7.030126411145503e-05 7.030126411145503e-05 0.0002251503588542831
0.000509271885505348 9.012030392549181e-05 9.012030392549181e-05 0.00019221618252897424
0.00048803888757295615 9.054727782897688e-05 9.054727782897688e-05 0.00019221622416818945
0.0005092744440543493 7.733141273844292e-05 7.733141273844292e-05 0.00019472679706294624
0.00048804148406019485 7.812903825764786e-05 7.812903825764786e-05 0.00019472682320973342
0.0004773895640154955 8.406440033813227e-05 8.406440033813227e-05 0.00016922648189650683
0.00046951880270366416 8.291953124090208e-05 8.291953124090208e-05 0.00016922648149840248
0.0004773911094584921 7.487932120236408e-05 7.487932120236408e-05 0.00017482395322217454
0.00046952038168681054 7.449290570787787e-05 7.449290570787787e-05 0.00017482394650253933
4.4878903833112384e-05 0.00010185145324916671 0.00010185145324916671 0.00016874499473657682
0.00016749966139893076 0.00012274727287406762 0.00012274727287406762 0.00016874507510217227
4.487718655044859e-05 3.288760317552999e-05 3.288760317552999e-05 0.00020561713187998947
0.00016749325153814034 5.3779476818445684e-05 5.3779476818445684e-05 0.000205617153412404
0.0002445846167775659 0.0001064294714942202 0.0001064294714942202 0.00010410354301658617
0.000332565116908973 0.00011371365707061794 0.00011371365707061794 0.00010410341963798223
0.0002445775132774603 5.6953769770545e-05 5.6953769770545e-05 0.00012532642492011162
0.000332556628373267 6.423595233465914e-05 6.423595233465914e-05 0.0001253263301593227
0.0003881514534237194 9.875237939505559e-05 9.875237939505559e-05 0.00018162276924955884
0.0004520420279860536 0.00010118531953089376 0.00010118531953089376 0.0001816228451473398
0.00038814464090863106 6.282680576909321e-05 6.282680576909321e-05 0.00018709411376353048
0.00045203482898816146 6.545168914330616e-05 6.545168914330616e-05 0.00018709413409999625
0.000490193787317037 8.435320316679808e-05 8.435320316679808e-05 0.0002361604002214475
0.0005305439644986052 8.535616534408036e-05 8.535616534408036e-05 0.00023616041709074878
0.0004901890207780499 6.366424291156188e-05 6.366424291156188e-05 0.0002384160632439153
0.0005305390961932301 6.558905728201936e-05 6.558905728201936e-05 0.0002384160677639832
0.0005519681548682088 6.94697688172449e-05 6.94697688172449e-05 0.0002652824096497438
0.0005701587583771678 6.996558693414464e-05 6.996558693414464e-05 0.00026528241722506747
0.0005519658192352329 6.432437928240288e-05 6.432437928240288e-05 0.0002659284256275373
0.0005701564015133574 6.584914666510805e-05 6.584914666510805e-05 0.0002659284276573327
0.0005766535585931183 6.455478004301247e-05 6.455478004301247e-05 0.0002690806115263547
0.0005762153421249455 6.648464662053009e-05 6.648464662053009e-05 0.0002690806037471321
0.0005766534637688213 6.704862808909666e-05 6.704862808909666e-05 0.00026880607751719244
0.0005762152454824786 6.899792674785366e-05 6.899792674785366e-05 0.0002688060754327722
0.0005711423016433722 7.253217554275797e-05 7.253217554275797e-05 0.0002530927373261769
0.0005577271088297748 7.466431608706146e-05 7.466431608706146e-05 0.0002530927222466643
0.0005711438905886943 7.156329351267053e-05 7.156329351267053e-05 0.0002526659301279648
0.0005577287042240406 7.342998480591065e-05 7.342998480591065e-05 0.00025266592608743754
0.0005458372519869753 7.93062882585192e-05 7.93062882585192e-05 0.00022521730549534538
0.0005267721274131222 7.912666681743454e-05 7.912666681743454e-05 0.0002252172884460644
0.0005458397272360796 7.488630409058232e-05 7.488630409058232e-05 0.00022513519463883313
0.0005267746118184992 7.480019734883363e-05 7.480019734883363e-05 0.00022513519007051727
0.0005139489310700652 8.41612203044344e-05 8.41612203044344e-05 0.00019595844931466613
0.0004979800835942897 8.239334519059405e-05 8.239334519059405e-05 0.00019595844116718615
0.0005139513499656848 7.613871781832183e-05 7.613871781832183e-05 0.00019681246097474537
0.0004979825130780743 7.562384508275466e-05 7.562384508275466e-05 0.0001968124587916426
0.0004910613806702356 8.046956252012298e-05 8.046956252012298e-05 0.00017751836874773237
0.0004881232119090885 7.993371088679086e-05 7.993371088679086e-05 0.0001775183602953022
0.0004910625822621836 7.561190064811906e-05 7.561190064811906e-05 0.00017928210277061765
0.00048812441978462903 7.50760526653257e-05 7.50760526653257e-05 0.00017928210050579505
H_3F 640
0.003706121221208491 0.0019550187141125384
0.0037821214737829996 0.0022415966816951103
0.003607825508846394 0.0019057834373248214
0.003685857977297202 0.0021923507868083936
0.004726888819989977 0.002879808100185875
0.004883169099503208 0.003139934769133962
0.0045939798341485824 0.0028110747753746397
0.004754636245535344 0.003071197670467546
0.005877238569245305 0.003787104506753395
0.006070552160429053 0.004035536449929866
0.00569681899484569 0.0036904194403785495
0.005896054876574923 0.003938848378768412
0.007129127268744697 0.004711833592291513
0.007325979723825447 0.004937941341217034
0.006877345688405126 0.004573268914830385
0.0070812112735286065 0.004799377803059629
0.008347766404898925 0.005582763774429268
0.008507120823563323 0.005757595803869267
0.008040003704742707 0.00541063923739012
0.008205352428907107 0.0055854749097466955
0.009361902620807959 0.00628217217057171
0.009425835480543867 0.006352571495791895
0.009080032654810909 0.006123881726658077
0.009145947800411832 0.0061942849942690555
0.009854089790059806 0.006583027239841964
0.009751571284704533 0.006462790187870466
0.009733532270057249 0.006516023752196761
0.009629727948733548 0.006395796713169567
0.009372509295415147 0.006148278258317198
0.00908521116505028 0.005742660888915924
0.009627571615435263 0.006286883491388305
0.009348096977247564 0.005881271512877177
0.0077681738236727435 0.004805124624088077
0.007531953291689654 0.004227977283330253
0.008640540054647698 0.00525741363130669
0.008429138774381607 0.004680292565565702
0.006633025330860676 0.0035323040926994336
0.006619069003322121 0.0033688403277095953
0.006953588151012491 0.0036929674868254802
0.0069403156929424515 0.0035294983663541443
0.003500082653645701 0.0018359749314215469
0.0035570919802247786 0.002076792840152957
0.0033089515099931563 0.0017402725961273289
0.0033692157030345746 0.001981085152476367
0.00437706905098049 0.0026254609821293965
0.004489379525728518 0.0028336607914288053
0.004046799665578369 0.00245555716852074
0.004168033392726972 0.0026637551713594386
0.005324727252001097 0.0033679847600497697
0.0054474903643692936 0.0035453504656518266
0.0048515376322575045 0.0031171463199528965
0.004985971979067717 0.0032945129024433703
0.0063011185441691694 0.004078857496736081
0.006423851869062927 0.0042383463327147815
0.00566030010942633 0.003731934310434077
0.005796611159547093 0.003891422593261791
0.007283427300648198 0.004769887259170993
0.007401093299399601 0.004915028218211453
0.006490882709784969 0.004334996491877784
0.006622623709179885 0.004480129295430233
0.008270098314716059 0.005446899713508842
0.008376816713260564 0.00557562621296953
0.007373574496745314 0.004951487137380884
0.0074930528422323455 0.005080197866033949
0.009160988618514597 0.006051515575002431
0.009238293457892996 0.006144326877931046
0.008370490245257234 0.005614210229846095
0.00845503559633663 0.0057070091508814366
0.009791887037774913 0.0064754845315223636
0.009821635407635112 0.006511398094037927
0.009618257812593602 0.006380029937108008
0.00964853170437391 0.006415935348084959
0.01003061403069823 0.006615169723974179
0.009959093068448612 0.006524049631446526
0.011238507682589658 0.007268905484706493
0.011174997259804462 0.007177823065680516
0.00880872231606372 0.00564140757109369
0.008322660968127112 0.004544293339063636
0.01202027245637271 0.007322327937149713
0.011670889302312696 0.006224688745634354
0.003141733949623414 0.0016318245888709592
0.0031735908681977446 0.0018017922434066431
0.0028825792880176307 0.001502128410301516
0.0029172750515744986 0.001672090609414515
0.0037087107168348307 0.0021606501449218975
0.0037587982495201925 0.0022782015330817733
0.0032969321293779617 0.0019507933443610004
0.0033531665293117883 0.002068345874587216
0.004272255865898087 0.0025981745894119185
0.004317400236406795 0.0026825934114949428
0.0036751797833601135 0.0022883718018782678
0.0037275241885122014 0.0023727948910762867
0.004796247823180748 0.002967808870895354
0.0048275593065628 0.00302178886592079
0.003975001976958738 0.002536760784702677
0.004012647019471909 0.0025907483524128597
0.005302612898601451 0.003292518139582393
0.005322846763390383 0.0033268796491806615
0.0041674108570734884 0.002693578499653778
0.0041929764019793935 0.0027279446958537665
0.005843332263038373 0.003617760287970552
0.005866254638918785 0.0036574910765288567
0.004270758891805062 0.0027862130864139104
0.0043018536554556095 0.002825925556642889
0.006543605989533032 0.00404166450618227
0.006587230177526267 0.004118372110608046
0.004298184592486351 0.00284835558546063
0.00436426000729459 0.002925010311030325
0.007632009720849077 0.004724756692228656
0.007720460886603132 0.0048763623156973055
0.004267218899729081 0.002910428061660724
0.0044246179285628625 0.0030618250288331245
0.009224908534615554 0.005746704403500845
0.009319932352177025 0.005909340334124451
0.004075556955397551 0.0028736486607477928
0.004294111068526059 0.0030359966147497633
0.009947546042779011 0.006050499921568533
0.010020705858451679 0.00621360897753334
0.002673858576202489 0.0017428596797431197
0.002979421804640821 0.0018970637995937172
0.0026729242602852887 0.0013686432805594276
0.002683481101620988 0.0014577952513527184
0.002364738384411986 0.0012144937820933114
0.002376643687960653 0.0013036439702642207
0.002933760978377116 0.0016246237472558472
0.002943166080591403 0.0016606662725689298
0.0025024515607062394 0.0014072989494218402
0.0025134258558757506 0.0014433472544278288
0.0031149435737896584 0.0017584071740075992
0.0031150537477569284 0.0017575423289521452
0.002552275040080355 0.0014737235500489661
0.0025523297107029213 0.0014728692937264224
0.0031976556363593786 0.001788752593022846
0.003193337858050281 0.0017693419929551537
0.002495213275458005 0.0014339024863329
0.0024895298530158497 0.001414433969780331
0.0031629281845509108 0.0017500484531614775
0.003163928304371927 0.0017529654129537513
0.002330357907433998 0.001330068922629075
0.002331530246564013 0.001332924489391211
0.0030121677388212772 0.0016859774992673813
0.0030195120072191665 0.0017121372552499252
0.0020548637951558 0.0012013627967564174
0.002065386820969307 0.00122741461591619
0.0026909541661568398 0.0015648775636859357
0.0027136551191142477 0.0016217270146446196
0.0016569988202739124 0.0010336203586570297
0.0016933893353516596 0.0010903013951529333
0.0021352125587636777 0.0013670325611177835
0.0022167611543211846 0.0014737631277227127
0.0012350578251048181 0.0008624702035324072
0.001371171758160561 0.0009690944313175669
0.0016926808399502545 0.0011921317573504607
0.002307715921439201 0.0015608536385107934
0.0013466191389396582 0.0008312460921199178
0.002066007345470229 0.0011998834657314706
0.0023541685309815563 0.0016601343922199004
0.0016095321364794986 0.0010119786118631458
0.001803616121629562 0.0010067387939042935
0.0005438416226144333 0.00035861917338883683
0.002138839120414583 0.0010743041690850642
0.002139473706238241 0.0010878520239288203
0.0018323553998102482 0.0009210599801362755
0.0018330431940642312 0.0009346090062401478
0.002179033786478186 0.0011128386119902084
0.0021806268153727916 0.0011332499724901173
0.001790221297453789 0.0009183730685857406
0.001792084641324806 0.0009387733313814164
0.0021465352994759187 0.001135100360869784
0.0021524058920492505 0.001171750286611163
0.0016989227942227937 0.0009107625572038424
0.0017062403967190041 0.0009473943599289711
0.0020380910404092386 0.0011395125617807463
0.0020523842290191435 0.0011868283418960408
0.001551010166163774 0.0008933233301771104
0.001569632596141555 0.000940609426048461
0.0018574442471317196 0.0011197022664369968
0.0018924164738940196 0.0011852346857246935
0.0013609748476292286 0.0008616070447132651
0.0014082028210105442 0.0009271018031430833
0.0016218873947126246 0.0010728545076220126
0.001696162792256711 0.001155007310036508
0.0011779418789236572 0.0008189924469287628
0.0012781574321108187 0.0009011057228304094
0.001403067158786206 0.0009911920507267168
0.0015110041940093186 0.0010679031906051513
0.0011205859513025167 0.0007727408598310286
0.0012530389179863028 0.0008494241154539087
0.0013130768513650091 0.0008633249936223883
0.0014386404600068925 0.0009311539429454954
0.0012339653495406636 0.0007357269529132816
0.001366813835791212 0.000803587249892064
0.0013228801091641374 0.0007651933070114422
0.0011011020645832121 0.0006522614643793683
0.0013179914281583193 0.0007480336252729768
0.0010950875704560956 0.0006351042708759346
0.0006450148059937426 0.00042710707516278054
0.0006300898348596333 0.00041878498857520884
0.0005991186629100701 0.0003463110742971325
0.0005771722822240755 0.0003350860643795055
0.0016244832960520372 0.0008284966515327672
0.001629051148036003 0.0008735031870600941
0.0013623328192656594 0.0006973869007503393
0.001367713350487271 0.0007423825590054845
0.001547326637563868 0.0008615384137339623
0.001560478261661865 0.000905157019393722
0.0012463864993291869 0.0007096703680655573
0.0012626042706896997 0.0007532767485468315
0.0014512025170240349 0.0008762492547518589
0.0014780956923978468 0.0009262263403521094
0.0011366217395971069 0.0007130282814883234
0.0011706871871494978 0.0007629903114062208
0.0013330618800164143 0.0008735885511497531
0.001381113808027046 0.0009301218441549419
0.0010355198365781804 0.0007076192419867386
0.0010966127142531359 0.0007641352358129488
0.0012185910953138898 0.0008512905531797164
0.0012942400799591052 0.0009122952488876876
0.0009793307796524897 0.0006920120584189842
0.001071935799588537 0.0007529988790296877
0.0011490233983337851 0.0008034414661009677
0.001239964163665149 0.0008588789044365824
0.0010136057022122897 0.0006702437187145343
0.0011156038588487226 0.0007256667244833952
0.001161441339660479 0.0007373971707867725
0.0012245063008841585 0.000770618319088747
0.0011247169438049632 0.0006693092816661871
0.0011897230378792737 0.000702532096294132
0.001183674129112025 0.0006836577142461584
0.0011255907937123349 0.0006541764612859238
0.0011809814358997633 0.0006750412844977311
0.0011227576227765452 0.0006455679213669492
0.0009760046469486447 0.0005692417485114702
0.0006447000985566151 0.0003991981496226878
0.0009778060550056028 0.0005727206111973281
0.0006470951353127431 0.0004026779069136006
0.00033056916439745725 0.0002045818350318378
0.0005008380075600246 0.000291948873053342
0.00033343248321839503 0.00020823536314648662
0.0005009933445619878 0.00029452235630674634
0.0011904615943748506 0.0006229885699818159
0.0012081058495718572 0.0007007927654432394
0.0009808171058984076 0.0005180176127401019
0.0010020994662015405 0.0005958067816067084
0.0010834890266327175 0.0006747900627786942
0.0011230597182260616 0.000733534788547933
0.0008677315389735533 0.0005608338358291827
0.0009166032738524045 0.0006195662353476372
0.001016903874496187 0.0006949560987234597
0.001073308770495417 0.0007473093405700674
0.0008248887898994774 0.0005791996156063883
0.0008934462230377725 0.0006315416925904246
0.000977656562460848 0.0006913040345151211
0.001049620984313598 0.0007406975954255524
0.0008357735505237646 0.0005810313363064572
0.0009188784686938961 0.0006304148693473203
0.0009795775467717988 0.0006664254389994493
0.001056043197715849 0.0007097378608874575
0.0009064212069909679 0.0005777976067879106
0.0009885355870388353 0.0006210964424818086
0.0010364692255372347 0.0006436055720018878
0.0010919674077167578 0.0006724692694332667
0.0010135706720474265 0.0005958536483873448
0.0010702495193031037 0.0006247158286707376
0.0010879839007616131 0.0006321915998948935
0.0010831912567300672 0.0006297577979682817
0.0010848305214351812 0.0006228926782210966
0.0010800261620749682 0.0006204654506121758
0.0010348945668007124 0.0006067971097783952
0.0009084866898898269 0.0005422427310522568
0.0010376602700570819 0.0006134980053265808
0.0009116169411029823 0.000548945036530576
0.0007456478655293581 0.0004525493727344334
0.0004674161928674416 0.000306261025491963
0.0007424082108554957 0.0004450354933283727
0.0004619896771365291 0.00029874764121288555
0.0002994694790262869 0.000191679909471722
0.00040912047107752666 0.0002489844499745604
0.00029837326380758043 0.0001897628770439876
0.00040782325388574937 0.0002467707858032314
0.0008476295013340447 0.000456420734907884
0.0008822629229616111 0.0005493055394531034
0.0006914063935579163 0.00037799700108735447
0.0007334083313452963 0.00047086840911381313
0.0007625424583366862 0.0005181097600062042
0.0008329088723964917 0.0005828330342620999
0.0006267684951269506 0.0004377843834122882
0.0007106668921809172 0.0005024980961620042
0.0007717307835769843 0.0005443603662232815
0.0008510332363597102 0.0005951685224103025
0.0006797026973529638 0.0004663910230237073
0.0007685316644071842 0.0005171918932468749
0.0008238905082361837 0.0005450035211143739
0.0008986748850539595 0.0005857018561336521
0.0007800315367544397 0.0004811692728277008
0.0008586234625596611 0.0005218542858193911
0.0009090895916847222 0.0005488833667412091
0.0009668945185958614 0.0005785713992139441
0.0008952200690042167 0.0005141164530529331
0.0009538587628372045 0.0005438012976276424
0.0009849677160643764 0.0005658942271782618
0.0010055727349200492 0.0005763322902098558
0.0009834243673700928 0.000561045078282092
0.0010040600065476517 0.0005714846644937085
0.001000973553869223 0.0005845709878667715
0.0009569621655736636 0.0005621634083939191
0.0010047181688613944 0.000594135532839958
0.0009608782078799427 0.0005717285023639969
0.000896978451019588 0.0005450087615216135
0.0007585968063523101 0.00047320211842902867
0.0008982994086296798 0.0005475055110430827
0.0007601381445105306 0.00047569925762731477
0.0006024547733985849 0.00036966528223438845
0.00038886078902000985 0.00025664215953008095
0.0006007352141458702 0.000366041313997916
0.0003860777439151359 0.00025301872346537873
0.00029950493465813786 0.00019001144894138512
0.0003326055620282314 0.00020739757275817835
0.00029999925512564507 0.00019065411329457143
0.0003329733913626041 0.0002079921944185874
0.0005938014765832985 0.0003298460637854272
0.0006450721358919406 0.00042556723500994804
0.0004827906763986932 0.00027385763014016695
0.0005445839297642858 0.00036956894578089113
0.0005572361236589118 0.0003937658261615091
0.000653813723981367 0.0004594572971067082
0.0004831509200399092 0.00033926843378480223
0.000591917967959265 0.00040495332716770677
0.0006464279689435428 0.00042434048224447617
0.0007365178725607571 0.0004728150587994035
0.0006140225532455415 0.00037443951351005556
0.0007082272115438786 0.0004229000050915125
0.0007666586086854244 0.0004509077102940926
0.0008346269474425452 0.00048550622975595896
0.0007582691141576371 0.0004252418536145774
0.0008269203596915648 0.00045983466139210005
0.000869269000447443 0.0004914072414940317
0.0009082965939423606 0.0005111069777726366
0.0008696843409593558 0.0004929235373356479
0.0009086913281333927 0.0005126221653883138
0.00092801343147825 0.0005392406706771094
0.0009250285906164656 0.0005377253783656985
0.0009337138480617469 0.0005539801189988447
0.000930747320655922 0.0005524647969527379
0.0009143828920982582 0.0005551149877897383
0.0008556772160010104 0.0005247778536471878
0.0009196512863742252 0.0005654048552034209
0.0008613035278900016 0.0005350679051939018
0.0007902563333451188 0.0004927333188232581
0.000667746824779982 0.00042817846246552847
0.0007904471937812712 0.0004929885271302325
0.0006679608825059689 0.0004284341181998864
0.0005318296787435887 0.00032959402008353163
0.0003641777277724089 0.0002405167010764069
0.0005321410368312436 0.00033003602602369895
0.00036458686364309494 0.0002409590758003158
0.00029917171082330314 0.00018988335227828484
0.00030367276364770654 0.00019226070790317562
0.0002981154503412604 0.00018815284428129453
0.0003025960053138228 0.0001905103316367687
0.0004136057946598232 0.0002373475646872065
0.00047773053774242144 0.00032817198327615596
0.00033708815798795435 0.00019846640063527285
0.0004132433002731289 0.00028928432658560047
0.0004295018847686222 0.00029674508981988434
0.00054168952574221 0.0003607828431073848
0.0003944746343728534 0.0002597749215490733
0.0005143458720709982 0.000323808327296669
0.0005794512664557833 0.00033767004896895935
0.0006696558718824501 0.00038343839336352323
0.0005731543668068104 0.00031612867424120485
0.0006642075256298242 0.00036189058603381286
0.0007218157380598862 0.0004011421811597634
0.000781569143960203 0.00043121209728599777
0.00072326213285816 0.0004069135264608758
0.0007829016656679468 0.000436981678022255
0.0008212968280202682 0.00047636157610006643
0.0008475122887899118 0.0004896688625981899
0.0008295775520108903 0.0004971015291634375
0.0008555382175399301 0.0005104085339762596
0.0008681991915030783 0.0005302406133795209
0.0008545755854451225 0.0005231937698904896
0.0008744057620431965 0.0005418690922241527
0.0008608804581529635 0.0005348222321747664
0.0008378760746408583 0.0005262395883916739
0.0007811804704471088 0.0004963812735398286
0.0008399321678935551 0.000529572400338455
0.0007833844228184594 0.000499714283602803
0.0007154694886426988 0.00045351274491537205
0.000615358111178449 0.00040016747694079046
0.0007151753731154594 0.0004530200905418331
0.0006150106525893431 0.0003996751074299746
0.0005039182745898523 0.0003158976991241084
0.0003751857195258515 0.0002472424742028077
0.0005052683717395823 0.00031807374262854285
0.00037697835408104414 0.0002494170481176089
0.00029702894403452635 0.00018694274919159624
0.000291698372373089 0.00018414051304589712
0.0002967261852863747 0.00018640777509288913
0.0002913728825283502 0.00018359674485935194
0.00028846996636502546 0.00017124112081921142
0.0003611281044009126 0.00025378113396078356
0.00023549821723381 0.00014401271527170707
0.0003203918237376002 0.00022654859749239692
0.00034957962838691545 0.00022249195810293275
0.00046568143842983114 0.00028305499599329986
0.000337574024691702 0.00020020731361729768
0.0004567308664375995 0.00026076787045283147
0.0005290956635697658 0.00028749993540665034
0.0006142802110011514 0.00033024296295447415
0.0005304359033865388 0.0002940395800224047
0.000615431050045153 0.0003367798379401547
0.000675759910860981 0.000394814850091912
0.0007303948389890119 0.00042257843761270416
0.0006825592956414734 0.0004110984669899519
0.0007366881905380549 0.00043886168765204807
0.0007755157441162933 0.00047777971049684496
0.0007943222242827818 0.0004875337386950312
0.0007813926001760097 0.0004882261104373747
0.0008000605232051873 0.00049797999865052
0.0008091784154932788 0.0005118205081529402
0.0007938514309448252 0.0005037333245993376
0.0008122106401198659 0.0005165323255563216
0.0007969420140613253 0.00050844517201137
0.0007726553850821367 0.0004948503243949072
0.0007239448133780041 0.0004688288211085378
0.0007728498518187226 0.0004951269409086313
0.0007241518714009447 0.00046910559228713523
0.0006650141346322765 0.0004262195744162509
0.0005875925803979864 0.000384654329098998
0.0006647765929973624 0.00042585762404182605
0.0005873216114102573 0.00038429255271193465
0.0005001562073451433 0.0003165776287773674
0.0004089326876728951 0.0002678542468485903
0.0005019733234098346 0.0003193732546593269
0.0004111467603040603 0.0002706489660802831
0.00033438723933600263 0.0002081134556788411
0.00028466812275868616 0.00018195853585855964
0.0003374535504236669 0.00021319409558244495
0.0002882545382870048 0.0001870359741591329
0.00020192503049879464 0.00012428330337521087
0.00028013243457930906 0.0001980531376872532
0.0001676802796343757 0.00010637135835545638
0.0002565427296857278 0.00018013876085552915
0.00029958766446514266 0.00016972402864615145
0.00041068962310675337 0.00022569979321238385
0.00029779729156626645 0.00016219706022197367
0.00040938135602539054 0.00021816994285669402
0.0004859159385116087 0.0002797825455447094
0.0005664571089095948 0.0003205321208537165
0.0004905741889396148 0.00029207294832689324
0.0005704557505721696 0.00033282213121116127
0.0006339098518534144 0.0003925803212698424
0.0006822705763016135 0.0004176785062514135
0.0006387198781785066 0.0004008793172890814
0.0006867409502466898 0.00042597724958194584
0.0007249967785248953 0.0004622159397807497
0.0007417427137658084 0.0004710790596326777
0.0007280304087508372 0.0004667166093219727
0.0007447079122265537 0.0004755796448973665
0.000753174653699342 0.00048646406929826866
0.0007406723202980301 0.00047976057802638503
0.0007539553202017203 0.000487549459622543
0.000741466193399171 0.0004808460137118881
0.0007196740530230312 0.00046657068588353066
0.000681302782861652 0.00044586374033190126
0.0007190707435054503 0.0004657403477085192
0.0006806652908497635 0.00044503351625528733
0.0006323345903379686 0.0004083994526436274
0.0005747873735660636 0.00037735301924838254
0.000632176765301349 0.0004081723179972417
0.0005746130018460778 0.00037712599080903103
0.0005082605626383099 0.00032402251037913477
0.00044245508359874025 0.0002888198358927468
0.0005101426645181191 0.0003268106312567737
0.0004446128546788467 0.0002916071432914224
0.00039192344804637585 0.0002453327635585174
0.00034568489143316586 0.0002209617361699314
0.000395948946865272 0.00025177692772914307
0.0003502396013359319 0.00022740496618812862
0.00014738232158261413 9.353472082077486e-05
0.00022581464785874475 0.0001585361114328659
0.000135397687636229 8.717022175298001e-05
0.00021817826083380746 0.00015216992256187565
0.0002659143561880547 0.00014782817891564537
0.0003715802420346804 0.0002009307329881431
0.0002673209595094657 0.00015294283794338708
0.0003725854252203266 0.00020604398651157267
0.00045306151358745294 0.00027809947480876053
0.0005273586756277555 0.00031640188099556915
0.00045694234650360695 0.00028510817484597706
0.0005306949699029019 0.0003234101929621979
0.0005942869322300816 0.0003805066944286656
0.0006383393304847904 0.0004038251666197609
0.0005973548163969058 0.00038493366300022607
0.000641195813123842 0.0004082519207649715
0.0006785046998654561 0.0004416088598293049
0.0006952575977093151 0.00045062501269031783
0.0006798419178996376 0.00044338508149518487
0.0006965625053772487 0.0004524011712811237
0.0007053098536934835 0.00046153079370756103
0.0006971937368813901 0.0004571264523720906
0.0007051801720926896 0.00046136255064042897
0.000697062582707778 0.0004569582445395566
0.0006791089026205375 0.00044382314878836757
0.0006506642572145421 0.0004283643223716084
0.0006784400382007088 0.0004429467479362091
0.0006499660734755068 0.00042748799483470615
0.0006116570398639595 0.00039705828461473704
0.0005702865906941242 0.0003746757506538287
0.0006115003904826224 0.0003968424076906617
0.0005701183295146956 0.0003744599524287991
0.0005209159215128624 0.00033375703529347556
0.00047548937722162313 0.00030943592130390214
0.0005226089663554029 0.0003362013484528001
0.0004773431498328702 0.0003118802750969137
0.0004335281611635941 0.000274408339939629
0.0004117957607613717 0.00026291416847595226
0.00043687552853690037 0.0002795040949225726
0.00041531827169133525 0.00026800992970033347
0.00012935249953571794 8.26696601210414e-05
0.0002030639387090583 0.00014214124105460594
0.0001316043857478157 8.38638306484823e-05
0.0002045031294384163 0.00014333380368298663
0.00024760225834344487 0.00014692822523796684
0.00034476552659135003 0.00019628961747614475
0.0002509561097855161 0.00015403880650262651
0.00034717995384042204 0.00020339966146436917
0.00042835057194711774 0.00027324291665645315
0.0004983569136640324 0.00031004251586975627
0.0004324290542495053 0.0002791577312794216
0.0005018654873659221 0.00031595693448783173
0.0005641378336080803 0.00036878991705236873
0.0006056871805317399 0.00039115949745686766
0.0005667548044692955 0.00037215362259319083
0.0006081248148263969 0.0003945230115743995
0.0006434398603665406 0.000424179577129685
0.000660454188488728 0.0004334540636310918
0.0006441937423367659 0.0004251120396631328
0.0006611885432762475 0.0004343864725301971
0.0006699699499918584 0.00044206530216504565
0.0006657685838135731 0.0004397656126676323
0.0006696120254462351 0.00044162335948838484
0.0006654084315018448 0.00043932369710864016
0.0006509780978575496 0.00042768849419139935
0.0006304576872946662 0.0004164832694173179
0.0006503426102849194 0.000426881790884369
0.0006298014888102838 0.00041567661898507795
0.000599446706570824 0.00039029002155509517
0.0005701192608672925 0.00037440301337537886
0.0005994090542187057 0.0003902377139719517
0.0005700795638222735 0.0003743507472296669
0.0005340056199608775 0.0003432867082694615
0.0005042204168417861 0.0003273337563025507
0.0005353686675790373 0.00034522284563780084
0.0005056636162186034 0.00032926991920099265
0.0004756954396264191 0.00030228957511616245
0.00045722887320809167 0.0002925016446440442
0.00047873167563095535 0.00030683488152912755
0.00046038688532533785 0.00029704697641609655
0.0001394441090982665 8.72945539941218e-05
0.0002040979871088539 0.0001439163234932966
0.00015497056175678333 9.538589592592868e-05
0.0002150034366827197 0.0001520067401811513
0.00024304413094098065 0.00015255411080856572
0.0003369115514775846 0.00020111682133651358
0.0002486115361727215 0.00016092382613835737
0.00034094692742616474 0.00020948535065081012
0.00042228586144384047 0.00027631861860328194
0.00048636576652854295 0.0003106625873354012
0.0004270890205005806 0.0002823505003741867
0.0004905405466791311 0.0003166940758387959
0.0005484464342164814 0.0003633822743538258
0.0005872713758171548 0.0003845797303960872
0.0005507210090403693 0.0003660944318685317
0.0005893956069439221 0.000387291722768978
0.000621747255472408 0.00041313280394745437
0.0006384711433760877 0.0004223332090778375
0.0006224486217985548 0.0004139614454411694
0.0006391540449129332 0.0004231618119081024
0.0006471208769917006 0.00042911987509142515
0.0006455599695218916 0.0004282606979979407
0.0006467937588163087 0.0004287277555129927
0.0006452320779345059 0.00042786859322326953
0.0006332528272228046 0.00041727873571358455
0.0006184604727137335 0.0004091806049323587
0.0006327834152648074 0.00041669341436427736
0.0006179798212491967 0.00040859531557976006
0.0005932874070719129 0.0003869498757506766
0.0005716987923818272 0.0003752478874579751
0.0005933900451397154 0.0003870834153661697
0.00057180523663146 0.00037538145054093533
0.000544338969937101 0.0003507440340171611
0.0005245274374300397 0.0003401275558705728
0.0005452329638432184 0.00035200062055864775
0.0005254550654823229 0.00034138415363496415
0.0005064961974249892 0.00032330802295600116
0.0004990846703041594 0.0003193726421010333
0.0005083952065177632 0.00032610753134033334
0.0005010117773965508 0.00032217216409467493
0.00017461096545723893 0.00010681194928484461
0.0002377625642105885 0.0001681223682505515
0.0002104575177921586 0.00012524715921521901
0.0002652025699125837 0.00018655520247527215
0.00026581794979428115 0.00017434407989707604
0.00034847823312941756 0.0002183342682734776
0.0002748178902186731 0.00018495196909878596
0.000355387957176659 0.00022894147926629487
0.0004285421579084423 0.0002848871113366391
0.00048716409242180263 0.0003168324365666967
0.000430883359705444 0.00028761937733608076
0.0004892235701936117 0.00031956448154407885
0.000544115505896473 0.0003631770937692422
0.0005807311261387439 0.000383352190794677
0.000545094024278445 0.0003643025420109826
0.0005816476200910391 0.0003844775819786067
0.0006124080346126995 0.0004086252822589763
0.0006288527416199824 0.0004177205878011176
0.0006126860477934539 0.0004089471224313851
0.0006291233987247352 0.0004180424145853451
0.0006363440124158503 0.0004228670850597365
0.0006359469253114517 0.00042264797293603876
0.0006362278873067087 0.00042272977064300687
0.0006358307285087772 0.0004225106604576254
0.0006247075014866926 0.00041211751948477457
0.0006124666962193508 0.00040540991553821953
0.0006245361606858486 0.00041190491035832956
0.0006122919056471756 0.00040519731515573906
0.0005904753511801119 0.00038552727874116035
0.0005728976359126858 0.00037599470792959325
0.0005904463258368394 0.0003854874609374564
0.0005728676509147802 0.00037595490094450825
0.0005500392873294336 0.0003549536901923657
0.0005351484600755657 0.00034696926238073794
0.0005503463772266385 0.0003553819054702151
0.0005354640298537021 0.0003473974859348584
0.0005221628585303764 0.00033428987470898394
0.0005194006529129297 0.00033282078610219533
0.0005227662308067136 0.0003351723425164006
0.0005200072314418817 0.00033370326014521204
sig_last 640
-72924.08050483845 519.5795890797779 519.5795890797779 -97390.73222698478
-67929.89723011028 742.1940832368543 742.1940832368543 -94469.15606392999
-72569.6961701037 2329.116033641052 2329.116033641052 -96398.26659330231
-67587.35477002073 2436.3949807904637 2436.3949807904637 -93468.08558383168
-68528.43214735501 839.2694320952696 839.2694320952696 -100281.8669975662
-64678.29731600211 1045.2833269428916 1045.2833269428916 -97271.66805282004
-67964.03758317431 2245.929816599256 2245.929816599256 -98918.68495391215
-64142.16062443763 2369.875968153151 2369.875968153151 -95897.26432349216
-66394.3576802597 1125.1264133221016 1125.1264133221016 -103425.07827012206
-63288.320694961476 1411.3851603793355 1411.3851603793355 -100417.45460671051
-65635.09499116246 2328.0381480831784 2328.0381480831784 -101511.76653969563
-62510.50091281215 2524.611063068667 2524.611063068667 -98598.99499575142
-65743.76064701854 1610.9239145145357 1610.9239145145357 -107104.65999166168
-63308.414741406756 2037.5421883876897 2037.5421883876897 -104165.47999342995
-64592.22333744609 2556.6564942191217 2556.6564942191217 -104653.94630995675
-62153.12006798963 2926.4988566002667 2926.4988566002667 -101735.8948843162
-66481.60938589973 2179.248056624191 2179.248056624191 -111354.63198104182
-64667.742029314504 2581.142743286594 2581.142743286594 -109048.14761846671
-64994.703248940226 2897.606337925612 2897.606337925612 -108229.78459046349
-63213.65013376597 3273.5883895835173 3273.5883895835173 -105936.60639870733
-67981.36682481064 2720.9769254681587 2720.9769254681587 -115783.92987817194
-67286.6321146723 3147.8429017778676 3147.8429017778676 -114792.19834764508
-66465.739088824 3003.5305774803687 3003.5305774803687 -112844.75587668591
-65765.39697795927 3426.8068047328406 3426.8068047328406 -111854.00556006489
-69947.7939280032 3140.5024701016955 3140.5024701016955 -119663.39868277646
-71243.30062839213 3436.522267919182 3436.522267919182 -121171.05669115542
-69158.86789056959 2700.554487613421 2700.554487613421 -118372.84882773718
-70447.09737013062 2992.8084674766096 2992.8084674766096 -119892.98540161437
-72182.27855169018 3131.302638690415 3131.302638690415 -121784.18121763555
-76567.10756311851 2945.791945420684 2945.791945420684 -127083.79265891956
-73252.33268938436 1553.5086258111423 1553.5086258111423 -124323.02948061189
-77759.08598472762 1173.903573865523 1173.903573865523 -129658.25388341509
-75573.64524314112 2042.313350853814 2042.313350853814 -121591.74031558401
-83821.19917299211 442.9886740165367 442.9886740165367 -129089.3111665393
-79776.9323635753 -756.7073993195262 -756.7073993195262 -129880.52995039323
-88087.2743830132 -2611.909247492107 -2611.909247492107 -137355.4427895937
-84305.25977599154 364.8792241857732 364.8792241857732 -124581.79674810203
-87039.32786889361 -346.15919014960946 -346.15919014960946 -126527.90653578698
-85804.33572045222 -575.3918220564829 -575.3918220564829 -127639.6482277714
-88532.30887963815 -1286.4116711341162 -1286.4116711341162 -129549.45119434789
-72502.1738718363 3647.265318657831 3647.265318657831 -95430.3354855633
-68348.3872467349 3918.280706119025 3918.280706119025 -92946.44787710806
-71824.24500680051 5086.059662465234 5086.059662465234 -93364.44968517966
-67654.78808526394 5254.304151303243 5254.304151303243 -90951.14076199257
-68875.77034539446 3762.728902437756 3762.728902437756 -98309.38345198533
-65772.93503771593 4242.136835959323 4242.136835959323 -95823.88670262478
-67539.87244957534 4907.273399800343 4907.273399800343 -94976.73478494884
-64430.94318585326 5328.136661429481 5328.136661429481 -92554.51743824517
-67395.88568281995 4436.699102568693 4436.699102568693 -101308.60270941806
-65069.45894320607 5164.816065125377 5164.816065125377 -98998.79759676347
-65257.726563649834 5359.266831464501 5359.266831464501 -96523.9304991288
-62983.20386248022 5991.212923823443 5991.212923823443 -94277.94652018946
-67269.60863386208 5540.080980782512 5540.080980782512 -104798.74485933705
-65566.80754744617 6483.501058400392 6483.501058400392 -102717.50194653949
-64266.44854944863 6252.967668934105 6252.967668934105 -98477.82511823851
-62589.54955150399 7110.000093211596 7110.000093211596 -96462.291679401
-68331.35165221718 6853.203255393241 6853.203255393241 -108931.16847834307
-67090.5090733676 8034.588831175205 8034.588831175205 -106942.56582262763
-64485.87106682594 7411.745363568516 7411.745363568516 -101020.95951535135
-63271.01449136758 8458.270366210756 8458.270366210756 -99143.41457374538
-70186.1138746628 8261.513909312127 8261.513909312127 -113488.90432776143
-69273.44725644593 9471.801044411459 9471.801044411459 -111577.08886446773
-65673.41217036049 8621.430599025696 8621.430599025696 -104463.99602651823
-64822.08627536173 9736.857998486026 9736.857998486026 -102760.74063594441
-72126.76565945779 9166.897193372726 9166.897193372726 -117878.79334606952
-71443.95055917367 10202.890782628794 10202.890782628794 -116352.61466144219
-68013.38167551656 9396.72226767266 9396.72226767266 -109808.38689659483
-67418.72604692132 10359.32776976221 10359.32776976221 -108287.18960228951
-73319.67698469649 8975.032823861507 8975.032823861507 -121314.00695910331
-72948.53582021515 9209.145050209723 9209.145050209723 -120678.16697562808
-72200.414891135 9097.045249867102 9097.045249867102 -119150.14624485918
-71821.36209562332 9332.226642059995 9332.226642059995 -118512.38761072363
-73902.11521169869 7412.82233651053 7412.82233651053 -123811.09701473759
-74567.47335469161 5485.226775208819 5485.226775208819 -125681.28261819287
-79926.99948998068 7023.834028652557 7023.834028652557 -135321.2819660198
-80677.10818866274 5043.452258385347 5043.452258385347 -137126.44704526596
-75127.452747193 4708.767085894982 4708.767085894982 -123951.73942938108
-89490.16314190853 -1287.9629367458044 -1287.9629367458044 -138307.23657111244
-91340.91245792588 -69.903391315241 -69.903391315241 -155425.26709039762
-106084.39517800965 -6734.923507458665 -6734.923507458665 -169542.42781838556
-71670.42619587267 6017.915943305364 6017.915943305364 -91871.70695598806
-68701.1698473736 6368.593783091461 6368.593783091461 -90134.8935333797
-70685.58783099648 6938.890321968283 6938.890321968283 -89161.13744667555
-67696.95063544916 7233.865767998654 7233.865767998654 -87450.01071105349
-69000.52971816635 6042.320543035506 6042.320543035506 -93826.59529689552
-67187.33102150988 6737.239320352748 6737.239320352748 -92501.41036623139
-67281.67133569406 6673.475026696473 6673.475026696473 -89801.63366651397
-65449.34973781498 7307.997885747471 7307.997885747471 -88528.80433921679
-68207.62755837431 6910.005301582614 6910.005301582614 -96121.95096142885
-67214.918483548 7899.620738012058 7899.620738012058 -94899.3210767785
-65564.10407026854 7335.877525026421 7335.877525026421 -90419.51785651004
-64526.73170045067 8257.480408384385 8257.480408384385 -89284.55260825856
-68748.12618856056 8366.38596880269 8366.38596880269 -98507.3488391961
-68360.34406187852 9680.835735665969 9680.835735665969 -97569.74173770733
-64964.538102993814 8609.59101166096 8609.59101166096 -90726.92017914414
-64636.50417569469 9785.766832411668 9785.766832411668 -89851.08198278699
-70264.19208168448 10356.267833706686 10356.267833706686 -101401.2626570894
-70448.41509557262 11889.462370239107 11889.462370239107 -100705.33932202621
-65110.87259538364 10278.28623238772 10278.28623238772 -90739.50792828393
-65351.96257541302 11622.580622540994 11622.580622540994 -90179.86290600854
-72789.14286315863 12618.474817118546 12618.474817118546 -105076.85688278648
-73340.8520289597 14314.781273559689 14314.781273559689 -104326.34325571105
-65587.31414322292 12140.321882334705 12140.321882334705 -90414.98138322831
-66170.91341799592 13585.202540697957 13585.202540697957 -89738.35456885623
-76227.50568485342 15034.146570692661 15034.146570692661 -109886.84104105695
-76923.7070127783 17286.820537502048 17286.820537502048 -108770.11603923496
-66017.26392415227 14036.509064241514 14036.509064241514 -89105.72002335452
-66816.14400100095 16042.735531368584 16042.735531368584 -88337.14757867237
-81055.70878837482 18301.207216031886 18301.207216031886 -116874.59999611329
-81826.52496722716 20749.764506186133 20749.764506186133 -115336.0897489088
-65561.95076766475 16269.53454416812 16269.53454416812 -86001.22074814563
-66255.05631866732 18022.49006420157 18022.49006420157 -85041.95245822724
-89167.58361231636 22729.751074471606 22729.751074471606 -127111.63636568235
-91292.33430893815 24799.781723107517 24799.781723107517 -125498.54552480516
-63678.317452012816 18084.749471467258 18084.749471467258 -79139.1886741301
-65700.55732729066 18594.12160242711 18594.12160242711 -79212.80665266704
-100812.0131122751 27254.727491713245 27254.727491713245 -136974.85494477543
-122577.8936811441 34359.500679968136 34359.500679968136 -150381.08456929942
-58562.14688897699 16933.14396683692 16933.14396683692 -65945.54668009338
-78440.3622787109 22359.052746996058 22359.052746996058 -80083.9531869897
-70408.57658828687 7491.387357352005 7491.387357352005 -87275.02942505681
-68860.59713450058 7989.076752299287 7989.076752299287 -86343.39795998849
-69180.8713122194 7945.334146897349 7945.334146897349 -84142.08408317511
-67654.0048185943 8370.743093227604 8370.743093227604 -83222.57079833976
-68943.56776814706 7384.735421517957 7384.735421517957 -88360.53995989608
-68354.49390426066 8149.8716179618295 8149.8716179618295 -87852.50801187278
-67175.88482899351 7580.699375449014 7580.699375449014 -84072.37212207419
-66586.62366039149 8329.181335946554 8329.181335946554 -83565.30887094678
-68790.73169469764 8124.788362319558 8124.788362319558 -89333.20905963959
-68916.7029979091 9124.827632212331 9124.827632212331 -89158.75597247166
-66473.73513216099 8135.652069513686 8135.652069513686 -83841.19253080522
-66599.39953131971 9068.166611540668 9068.166611540668 -83734.7609391904
-69553.29510085918 9376.68834116024 9376.68834116024 -90146.76768814998
-70315.29554320745 10562.3884372492 10562.3884372492 -90223.67420611125
-66609.9328809506 9174.992778158288 9174.992778158288 -83372.44326108908
-67408.8559239338 10282.15163712012 10282.15163712012 -83496.17577426512
-70874.30294312863 10888.282176465627 10888.282176465627 -90317.11833438373
-72209.2519256971 12180.490487763154 12180.490487763154 -90715.12212944694
-67396.45664598899 10455.493879184503 10455.493879184503 -82301.67618405833
-68736.42181603576 11679.1151852826 11679.1151852826 -82742.38136441149
-72605.66291037305 12430.721675561257 12430.721675561257 -89762.36849838293
-74530.89793695348 13834.330757667773 13834.330757667773 -90347.94880671936
-68585.30700775328 11740.977365915016 11740.977365915016 -80568.15565551848
-70483.90895142226 13089.549587180532 13089.549587180532 -81174.93128963908
-74537.05759577935 13784.189345851195 13784.189345851195 -88061.1977116194
-77104.88292031433 15186.525073952582 15186.525073952582 -88928.77707959272
-70079.41550982512 12847.824334529461 12847.824334529461 -77776.49083525973
-72575.56430455648 14184.689579144546 14184.689579144546 -78728.53559840213
-75994.09708090273 14596.250239757665 14596.250239757665 -83860.86540942213
-78901.41732785321 15984.843717338821 15984.843717338821 -85061.3706857519
-71528.32005743305 13453.91333277444 13453.91333277444 -73674.74741076186
-74225.34290338056 14651.478107579045 14651.478107579045 -75052.01056810853
-76591.97130706639 14268.81927836725 14268.81927836725 -74712.40196213196
-83505.50857999835 15690.80512423746 15690.80512423746 -77971.32864703896
-73317.13812318796 12617.333636091265 12617.333636091265 -67626.81370581056
-80012.76968099418 13837.642446858963 13837.642446858963 -70938.40924866464
-70702.16025418113 3327.490484982419 3327.490484982419 -52942.38312781045
-57864.53302088458 273.3943958118241 273.3943958118241 -46920.05039173104
-77288.82941557924 7548.430437244195 7548.430437244195 -65407.1573168476
-63668.237733093934 4565.294090961285 4565.294090961285 -59875.549599988306
-68794.27696712395 8153.198571629495 8153.198571629495 -82124.84949861697
-68626.99634738914 8671.408393292513 8671.408393292513 -81922.92070014877
-67606.81017261425 8199.514743426404 8199.514743426404 -79089.72517971101
-67442.30815722048 8713.042337680028 8713.042337680028 -78938.6844766944
-68648.41285004781 7782.906814553534 7782.906814553534 -82489.32003088735
-68970.35715289906 8508.289626472677 8508.289626472677 -82463.67953130211
-67102.25950650216 7715.1322638491965 7715.1322638491965 -78613.88565432445
-67435.31578846672 8442.561901820634 8442.561901820634 -78650.32423996634
-69118.43547197155 8164.295922074509 8164.295922074509 -82407.50943517269
-69879.57082266992 9006.321124248469 9006.321124248469 -82606.75905748525
-67305.64302260158 7972.040143861971 7972.040143861971 -77921.14186051984
-68091.36897149039 8819.607158209888 8819.607158209888 -78166.2728020494
-70028.85045865632 8869.085973249308 8869.085973249308 -81778.73843726213
-71162.89126769097 9765.953714696429 9765.953714696429 -82178.30930876781
-68071.5779836622 8549.323024369683 8549.323024369683 -76832.52235310449
-69222.91284202045 9433.633086254478 9433.633086254478 -77276.97358156012
-71229.96839273887 9609.893492080995 9609.893492080995 -80506.10171547096
-72700.37287516637 10484.522510919207 10484.522510919207 -81019.89136724088
-69212.08563200674 9153.473927658699 9153.473927658699 -75292.80634512333
-70675.64769371037 10027.382938127743 10027.382938127743 -75815.29819344309
-72568.65654502068 10086.649810121096 10086.649810121096 -78281.59408022904
-74301.99066707585 10987.459189656493 10987.459189656493 -78939.43842824624
-70579.73402609747 9540.843794501927 9540.843794501927 -73079.77442842314
-72266.02508085815 10406.533903657491 10406.533903657491 -73796.50717181976
-73785.53676523491 10025.084149032587 10025.084149032587 -74907.43406621157
-75398.45021597619 10804.542985628315 10804.542985628315 -75601.63285840453
-71948.11236314889 9444.598703000745 9444.598703000745 -70259.05128441635
-73576.10622405956 10225.90278806628 10225.90278806628 -70966.54578414818
-74307.41643807587 8969.86367663314 8969.86367663314 -70241.38002472477
-75792.03840290947 9600.836601140345 9600.836601140345 -70847.71264192084
-72979.38851925526 8418.838074629552 8418.838074629552 -66834.86476636482
-74413.25989313266 9047.541486111171 9047.541486111171 -67471.33827798457
-72994.03792659653 5246.35274138287 5246.35274138287 -63668.58052231341
-70529.05514680802 5170.491841454269 5170.491841454269 -62777.93646829212
-73014.27024917286 5889.985097658879 5889.985097658879 -63874.3349888216
-70553.66316932479 5779.269677601285 5779.269677601285 -62982.631290062636
-66892.07971006089 -1723.3350493876922 -1723.3350493876922 -64773.55231072532
-55362.32496973887 -1173.6265482536128 -1173.6265482536128 -60633.470136454605
-66245.05121292658 2117.1970163243227 2117.1970163243227 -62823.23130059771
-54793.27254042876 2407.2079636160815 2407.2079636160815 -58759.22172916201
-67164.59575467832 8109.653193032063 8109.653193032063 -77163.83842937055
-68019.07242564419 8655.11075450826 8655.11075450826 -77485.26727271549
-66068.34775044951 7842.147206408461 7842.147206408461 -74478.1696040968
-66953.45829093107 8396.063992432422 8396.063992432422 -74825.81749890801
-68100.7998843901 7481.604651511789 7481.604651511789 -76931.21937150713
-68998.68944579773 8158.937598143135 8158.937598143135 -77242.56631967486
-66889.31027862823 7212.752026873751 7212.752026873751 -73789.93841423096
-67773.2843597444 7859.800437050377 7859.800437050377 -74111.17789218524
-69093.93784294724 7429.940339575167 7429.940339575167 -76274.77234193635
-70112.86064725678 8153.616805323692 8153.616805323692 -76629.82189194458
-67802.29553551917 7109.82809924106 7109.82809924106 -72860.08431933711
-68798.75633430936 7810.098762642057 7810.098762642057 -73245.70281111085
-70134.89443922932 7562.733324880817 7562.733324880817 -75103.10419047027
-71298.38773789068 8282.949875024511 8282.949875024511 -75540.32126857959
-68831.5967321544 7172.220673554273 7172.220673554273 -71605.61256167482
-69973.14232559063 7883.5257476261295 7883.5257476261295 -72087.69332325576
-71181.48593904599 7607.360415309888 7607.360415309888 -73350.60645218744
-72462.7145609796 8299.919621703848 8299.919621703848 -73855.22910699957
-69923.17398762128 7163.603137321012 7163.603137321012 -70011.63192135643
-71192.02753642725 7844.607245051266 7844.607245051266 -70531.71308763427
-72114.45958042609 7269.0227569396775 7269.0227569396775 -71011.6560090456
-73312.17313947821 7896.001340018933 7896.001340018933 -71505.6407481125
-71000.78003215544 6844.127697249352 6844.127697249352 -68066.525287589
-72177.61594266632 7455.327100729318 7455.327100729318 -68550.51653812545
-72672.19685644339 6340.999709243346 6340.999709243346 -68095.44077406378
-73384.38668210113 6820.602663703214 6820.602663703214 -68401.74287735362
-71824.3361055057 6064.001578230467 6064.001578230467 -65859.39821784203
-72532.04941184267 6534.716357274314 6534.716357274314 -66161.09616584273
-72207.13088629414 4409.118845529472 4409.118845529472 -64695.48004503586
-71603.50101058016 4666.396882313502 4666.396882313502 -64502.4168459628
-71755.42123659283 4548.295964150258 4548.295964150258 -63609.11866805098
-71146.55997393776 4797.451380110567 4797.451380110567 -63415.220694160496
-69504.36771862017 1163.2986210164586 1163.2986210164586 -62209.77317613715
-65880.44210699704 1209.2165956908968 1209.2165956908968 -60906.0922188202
-69393.62381615839 2314.756070728943 2314.756070728943 -61991.39253750812
-65774.59714023833 2333.6865798759827 2333.6865798759827 -60700.74783327501
-62276.46832779573 -1661.9401684421648 -1661.9401684421648 -60987.00761783729
-55017.079828197806 -1726.8186628151655 -1726.8186628151655 -58390.35297901309
-62452.94916866079 762.4244804743181 762.4244804743181 -61376.41880730528
-55176.14594191008 565.4096832146884 565.4096832146884 -58753.861745995084
-65588.04204732103 7551.012632155525 7551.012632155525 -72813.16294250907
-67099.37401596957 8048.580919013952 8048.580919013952 -73412.16355160587
-64733.99976272049 7114.4815034646745 7114.4815034646745 -70651.81385361169
-66246.33684172803 7610.209974468533 7610.209974468533 -71260.54007043544
-67359.18205049241 6790.895734704101 6790.895734704101 -72228.1484720425
-68536.9634490802 7322.317482263896 7322.317482263896 -72684.26514141058
-66484.36846179463 6439.191391574421 6439.191391574421 -69895.72793781852
-67641.76982884265 6944.619103798895 6944.619103798895 -70318.76909237975
-68727.7588217527 6385.385981798883 6385.385981798883 -71385.52923346942
-69758.09485863289 6914.020418744156 6914.020418744156 -71764.97608864692
-67832.78461038682 6055.5369727554735 6055.5369727554735 -68990.13679684034
-68877.6909414213 6582.4692856621705 6582.4692856621705 -69392.47109329542
-69814.93371582581 6070.403207895133 6070.403207895133 -70155.3945155363
-70805.91480176873 6570.857893354017 6570.857893354017 -70532.25197706663
-68975.33386570563 5733.466838048289 5733.466838048289 -67816.2811256987
-69947.80614491958 6239.8196860398 6239.8196860398 -68218.83927628284
-70703.02989785215 5612.695776239219 5612.695776239219 -68507.2642614195
-71576.1182237651 6068.241211470119 6068.241211470119 -68879.53774216877
-69923.51790991554 5297.702416574622 5297.702416574622 -66418.90774108208
-70803.08429087716 5760.681684217702 5760.681684217702 -66780.12826434999
-71263.7281208961 4833.750123531714 4833.750123531714 -66533.6488255246
-71867.75471946121 5223.287378283056 5223.287378283056 -66788.30850948613
-70639.12471608291 4601.371347771002 4601.371347771002 -64856.40151358937
-71244.04593632555 4990.43391569234 4990.43391569234 -65107.738488480434
-71232.69237338587 3538.809409914261 3538.809409914261 -64338.81421513653
-71182.86738772312 3810.0312354477314 3810.0312354477314 -64342.368361581706
-70792.36879488146 3524.6943152596405 3524.6943152596405 -63249.34176179119
-70747.16635058906 3794.460025280373 3794.460025280373 -63255.30842268082
-70002.22603905828 1639.482522853694 1639.482522853694 -62310.627669407455
-68633.90215776733 1732.8618086925326 1732.8618086925326 -61830.16917674777
-69818.55689016351 2063.81828287079 2063.81828287079 -61888.185651906395
-68451.93820875736 2153.51798683625 2153.51798683625 -61413.720598170396
-66821.07840343732 -507.81522807135855 -507.81522807135855 -60969.608783032905
-63441.162601950855 -537.8992873732582 -537.8992873732582 -59757.165735144714
-66881.14454193856 600.4429404826415 600.4429404826415 -61101.640359910474
-63497.25563772695 565.6669171869535 565.6669171869535 -59896.82613677734
-61162.68720492633 -1461.112008692388 -1461.112008692388 -61019.70892525726
-56356.778721642324 -1399.486595451713 -1399.486595451713 -59287.60119785016
-61106.74474148366 134.9194413707222 134.9194413707222 -60780.91107146288
-56298.84502814068 133.18287788708162 133.18287788708162 -59062.31856999175
-64283.35342368259 6740.746932479718 6740.746932479718 -69310.25410840077
-66102.98717752904 7147.814481659289 7147.814481659289 -70004.68018266246
-63642.16032864144 6255.1701946646335 6255.1701946646335 -67696.74431318362
-65461.76007605867 6643.338098057514 6643.338098057514 -68375.70086737629
-66524.80280069789 5951.051164087901 5951.051164087901 -68628.30255093962
-67820.53026139666 6339.412117895889 6339.412117895889 -69122.47631082931
-65901.58482632918 5561.37266186444 5561.37266186444 -66928.8597713763
-67195.13440524707 5960.532815420755 5960.532815420755 -67421.71517252411
-68069.07354921212 5316.213403597774 5316.213403597774 -67738.72936622064
-69109.22490771938 5693.709548687539 5693.709548687539 -68126.41928098748
-67445.98442422035 4950.728770872907 4950.728770872907 -66048.11136745705
-68488.55056480222 5355.479498943688 5355.479498943688 -66442.21019468048
-69142.04826934106 4665.202706092186 4665.202706092186 -66607.74630350414
-69996.69188459047 5042.588758463104 5042.588758463104 -66927.22926174196
-68565.92541606027 4360.748805143387 4360.748805143387 -65059.03586368029
-69421.21822558033 4743.048852186557 4743.048852186557 -65375.428588435185
-69881.06463868284 3911.4897044041145 3911.4897044041145 -65238.96013370464
-70487.1372303304 4240.84843001865 4240.84843001865 -65482.33381022709
-69401.97092595225 3695.654886619424 3695.654886619424 -63945.95283189987
-70006.2328919191 4022.7371764109203 4022.7371764109203 -64184.68753457655
-70149.7245239465 2938.8764698466844 2938.8764698466844 -63741.202681789924
-70369.55198137856 3179.8641236954472 3179.8641236954472 -63833.52360624841
-69778.61659557762 2852.204161121771 2852.204161121771 -62804.87139126143
-69996.32885307081 3092.2921320741298 3092.2921320741298 -62897.91336104978
-69704.52170553297 1641.5039299215014 1641.5039299215014 -62273.24724193719
-69224.33312112522 1768.808823742697 1768.808823742697 -62107.079416976725
-69494.4441510494 1789.1890123909384 1789.1890123909384 -61765.498413183625
-69016.42100000089 1915.8541689808997 1915.8541689808997 -61600.480109805176
-68200.15855047664 138.9988084118841 138.9988084118841 -61106.83937309375
-66671.1851512781 160.98035573654 160.98035573654 -60535.025261560106
-68160.71356526944 639.212316115254 639.212316115254 -61019.10008734306
-66634.73088043496 660.4014151063539 660.4014151063539 -60453.352534981976
-65366.24254523179 -1081.3869870049666 -1081.3869870049666 -60599.11034775155
-62675.15168574742 -1078.6921035190562 -1078.6921035190562 -59653.91407390309
-65385.144302698674 -194.82869159419326 -194.82869159419326 -60618.44699378026
-62701.36894741607 -209.66983220679694 -209.66983220679694 -59672.71403749938
-61063.23303029334 -1214.3934976735004 -1214.3934976735004 -60663.70735427617
-57751.01268337784 -1165.5633385098604 -1165.5633385098604 -59504.511615977994
-61006.73809975238 -121.34887168283967 -121.34887168283967 -60454.320584388224
-57701.50317801267 -108.14800520426977 -108.14800520426977 -59287.3876905702
-63264.02752572908 5841.197902238839 5841.197902238839 -66659.96163082948
-65144.31698243662 6160.172421582156 6160.172421582156 -67366.21487363981
-62797.71871090127 5317.034543580082 5317.034543580082 -65460.7658090892
-64703.80241474253 5637.463346971719 5637.463346971719 -66163.14652397063
-65624.31678005592 5035.911466017194 5035.911466017194 -65895.16485147791
-66968.59933358086 5357.6056084186075 5357.6056084186075 -66383.40746159478
-65181.46578051689 4634.818576951989 4634.818576951989 -64707.42653867944
-66516.84460391439 4919.576175317781 4919.576175317781 -65195.756285644595
-67198.5777107489 4266.527370131691 4266.527370131691 -65051.26548914383
-68199.41505078517 4552.79612726798 4552.79612726798 -65425.66986646357
-66791.30662091896 3951.6376271035992 3951.6376271035992 -63932.6960180757
-67788.9289891253 4211.219004759154 4211.219004759154 -64300.39300777093
-68304.09019951473 3498.2008182232266 3498.2008182232266 -64096.50016252405
-69005.9631106005 3730.6130450630235 3730.6130450630235 -64364.191857430655
-67948.99226020875 3260.7240656141566 3260.7240656141566 -63120.386309209025
-68645.42564187756 3493.256373852523 3493.256373852523 -63395.205010589256
-68913.52149749185 2628.3916384894446 2628.3916384894446 -63061.194445863664
-69320.23212240926 2823.9621061611606 2823.9621061611606 -63222.54827468337
-68610.72504132059 2487.5901073215045 2487.5901073215045 -62291.20077248434
-69015.85591132908 2683.5936646525765 2683.5936646525765 -62453.064563347325
-68991.64713820558 1608.262656525486 1608.262656525486 -62030.56671929153
-68952.83599914762 1746.171899154067 1746.171899154067 -62015.60518487091
-68788.03530714207 1617.8586928797483 1617.8586928797483 -61534.66038810074
-68749.72720545008 1755.3026248353694 1755.3026248353694 -61518.640145321704
-68378.83124777522 483.14674809072926 483.14674809072926 -61110.427819247954
-67720.090397199 537.579677432708 537.579677432708 -60877.928730676635
-68292.36974169796 694.7460113001389 694.7460113001389 -60910.41263522609
-67635.86446429342 745.6618855279945 745.6618855279945 -60679.2987697585
-66949.2211304362 -576.7929148451242 -576.7929148451242 -60537.32341864511
-65574.628639232 -577.6610913932634 -577.6610913932634 -60022.629910935
-66949.39254230012 -122.22609030834606 -122.22609030834606 -60527.52661703618
-65574.61904655091 -117.81507661695753 -117.81507661695753 -60012.1881711804
-64607.95575897363 -1231.1727415523794 -1231.1727415523794 -60355.52099829949
-62570.06124958544 -1219.008788101185 -1219.008788101185 -59647.607243787206
-64621.065294877604 -558.6118988007458 -558.6118988007458 -60333.71222763086
-62575.638141995056 -562.5426906513472 -562.5426906513472 -59623.677836732866
-61446.43461602224 -1013.0503782261459 -1013.0503782261459 -60488.577979039364
-59141.34882203898 -947.807625002659 -947.807625002659 -59689.10540750499
-61382.001879490505 -247.20754777192553 -247.20754777192553 -60263.05970290153
-59076.452442250695 -203.43387513952456 -203.43387513952456 -59453.13354520123
-62464.81770641956 4879.468909848234 4879.468909848234 -64677.594741955494
-64279.375747970436 5143.056264995817 5143.056264995817 -65346.64889602422
-62114.851035512635 4349.08671220303 4349.08671220303 -63816.771861212175
-63940.25640071682 4609.65341416138 4609.65341416138 -64477.057193867586
-64732.600223309084 4153.51649054906 4153.51649054906 -63916.949443422105
-66051.43097990095 4354.801886910683 4354.801886910683 -64391.86820567095
-64432.400437685654 3769.956738328459 3769.956738328459 -63121.87303290708
-65753.29457419377 3957.872896400652 3957.872896400652 -63604.621281008374
-66330.95637700747 3390.023396526196 3390.023396526196 -63158.62978604334
-67252.91914486804 3563.576444561958 3563.576444561958 -63491.99731379021
-66044.84120310086 3069.0388170966626 3069.0388170966626 -62466.15732582876
-67000.3892471435 3261.9897628764593 3261.9897628764593 -62790.32827398377
-67382.26243802918 2564.6227481632823 2564.6227481632823 -62394.89390142816
-68002.39516212237 2705.820311584535 2705.820311584535 -62637.136102106495
-67153.83975816773 2357.0559208548143 2357.0559208548143 -61798.05076659426
-67771.62977413528 2499.6729635958272 2499.6729635958272 -62040.42767127509
-67914.31232386378 1684.3438713064845 1684.3438713064845 -61645.75050451137
-68183.06824078796 1802.7861809647713 1802.7861809647713 -61746.258417429526
-67741.42232884037 1593.0410320089823 1593.0410320089823 -61218.99882251137
-68010.01066181039 1711.8066982613095 1711.8066982613095 -61318.590665767704
-67925.49322676132 759.2800168003882 759.2800168003882 -60959.37546376278
-67754.1888838635 819.1428305788826 819.1428305788826 -60913.88090162928
-67826.34755386754 809.0569691375938 809.0569691375938 -60719.29063335161
-67654.53657275677 868.7397457597249 868.7397457597249 -60675.05522083633
-67327.02313073649 -147.84555025381673 -147.84555025381673 -60458.43804258981
-66677.76982122351 -132.87371866571658 -132.87371866571658 -60217.16150486718
-67298.1602752503 66.35882066613718 66.35882066613718 -60386.61398308256
-66649.48367430268 81.74419299297345 81.74419299297345 -60147.16410201172
-66114.25597864778 -875.2479211329236 -875.2479211329236 -60209.737143340746
-64969.84735296237 -884.3466208798183 -884.3466208798183 -59792.509128127
-66123.12621651913 -499.7482333354892 -499.7482333354892 -60215.857996856255
-64976.39917224058 -509.0629276743149 -509.0629276743149 -59796.52492078189
-64289.91785087551 -1191.58562503102 -1191.58562503102 -60215.41611851191
-62776.75991823875 -1180.0943225842868 -1180.0943225842868 -59688.275247804435
-64285.22725496863 -697.2667434235959 -697.2667434235959 -60163.28658429708
-62766.89785266887 -694.4029171233706 -694.4029171233706 -59632.81674170512
-62009.622448313356 -833.1288269190388 -833.1288269190388 -60354.767914970544
-60405.40539509083 -762.6057394579642 -762.6057394579642 -59811.0897073814
-61948.83094984153 -302.519408517951 -302.519408517951 -60151.76922695362
-60332.53070605194 -247.11226656638587 -247.11226656638587 -59598.87290242402
-61843.496980134914 3944.8683460349584 3944.8683460349584 -63281.8070475872
-63528.28721500772 4124.709048342265 4124.709048342265 -63879.99267296616
-61609.288053814525 3462.5681451297014 3462.5681451297014 -62692.045734535015
-63295.00387768144 3637.897710991385 3637.897710991385 -63288.335216687025
-63960.88972116309 3336.19548152274 3336.19548152274 -62535.89315905534
-65205.63602122054 3470.6888030904893 3470.6888030904893 -62972.94714010384
-63755.43817795452 2936.6511831739126 2936.6511831739126 -62019.15143457923
-64990.84910124996 3069.210317482124 3069.210317482124 -62456.70476385976
-65461.63856962003 2595.8948470090936 2595.8948470090936 -61864.7760742647
-66354.10929667656 2721.47253870068 2721.47253870068 -62186.872463060754
-65298.55125833719 2310.6364612517636 2310.6364612517636 -61412.89720381579
-66191.17811626638 2435.865529186215 2435.865529186215 -61733.11517228242
-66486.27653827974 1831.9471540712266 1831.9471540712266 -61245.04477797625
-67049.14471741466 1924.0774169382253 1924.0774169382253 -61454.22322213521
-66352.25367352921 1650.864117537948 1650.864117537948 -60901.07319078842
-66913.96126151017 1743.0439159628854 1743.0439159628854 -61112.23965394526
-66999.18435416039 1037.4018516304523 1037.4018516304523 -60716.15971803626
-67193.41613313135 1093.0513041575396 1093.0513041575396 -60803.224499598255
-66908.27495993517 971.2822326859975 971.2822326859975 -60494.200371921965
-67102.32958435058 1027.0374665702848 1027.0374665702848 -60580.83681834772
-67010.64434124577 247.44982571366398 247.44982571366398 -60311.89821839073
-66825.29773959465 273.46711937987754 273.46711937987754 -60245.03839525255
-66969.5225566384 306.3677628728066 306.3677628728066 -60216.79662093571
-66784.75050738384 332.62512587327336 332.62512587327336 -60150.30109989165
-66524.44529834612 -452.65934785792047 -452.65934785792047 -60074.631507606624
-65960.64437556136 -449.78138913875824 -449.78138913875824 -59861.02627459059
-66520.64721353813 -266.82992535876974 -266.82992535876974 -60060.783487812514
-65957.4653715548 -261.3394368081374 -261.3394368081374 -59848.219055986236
-65565.4085027211 -947.6112825168884 -947.6112825168884 -60012.611292511705
-64665.87268747921 -946.2633953670016 -946.2633953670016 -59696.14753999931
-65568.72223845126 -655.767219444489 -655.767219444489 -60007.477683515775
-64670.69963272747 -655.1556699946145 -655.1556699946145 -59691.29292073036
-64204.44625432379 -1068.303238693276 -1068.303238693276 -60110.75087759124
-63101.583030648544 -1056.9585555273577 -1056.9585555273577 -59725.074393694944
-64192.41585995759 -710.4417646361735 -710.4417646361735 -60051.79981373696
-63087.82759461769 -702.2314916023524 -702.2314916023524 -59665.8979211681
-62602.58177790388 -663.2780179439594 -663.2780179439594 -60246.68191829451
-61508.930719305055 -610.5874496811653 -610.5874496811653 -59875.66944660749
-62542.38615025404 -307.2197797350535 -307.2197797350535 -60066.61241247968
-61451.36369678226 -255.24135317750836 -255.24135317750836 -59693.14644635533
-61391.34862479507 3077.948243750233 3077.948243750233 -62267.667264905256
-62889.01585520942 3203.151831923322 3203.151831923322 -62797.72730341129
-61230.79260548078 2608.5868895961744 2608.5868895961744 -61851.492964351855
-62735.67535792239 2731.676314225959 2731.676314225959 -62379.06733635508
-63295.748725529615 2561.484492979993 2561.484492979993 -61585.763310288334
-64447.53670338905 2660.6922386447804 2660.6922386447804 -61991.071267497544
-63156.509780691245 2161.868890920872 2161.868890920872 -61229.94171634975
-64309.10328232897 2256.5981009677707 2256.5981009677707 -61630.803921660285
-64708.61122334063 1919.7967598669236 1919.7967598669236 -60989.6975169272
-65560.8917220567 2013.8996592254105 2013.8996592254105 -61268.296396637714
-64615.605062561284 1652.2155494979902 1652.2155494979902 -60725.57646953339
-65466.7790706924 1743.7538802606134 1743.7538802606134 -61005.15377751871
-65710.74030317825 1274.5185508993713 1274.5185508993713 -60497.08219864274
-66216.39421186353 1328.4851673805897 1328.4851673805897 -60677.40731634684
-65638.55793907514 1111.3981167932598 1111.3981167932598 -60311.625387056585
-66142.45127528346 1166.1559608364541 1166.1559608364541 -60493.95268618776
-66214.28973043777 601.1772979261932 601.1772979261932 -60134.53792210774
-66384.51995684644 629.6428973858083 629.6428973858083 -60191.99179282305
-66173.78462305054 545.5309208818117 545.5309208818117 -60035.68112569322
-66344.15449152915 573.8633458469744 573.8633458469744 -60093.33813495845
-66281.33614162209 -28.31137345952925 -28.31137345952925 -59905.45764864127
-66126.5083948317 -21.12329931011184 -21.12329931011184 -59846.47882986046
-66268.85884846968 23.287112032573702 23.287112032573702 -59875.55516554635
-66112.52785267832 30.54588770186013 30.54588770186013 -59815.92884276506
-65928.48057206118 -552.0085042588906 -552.0085042588906 -59827.00306949462
-65475.30641277755 -559.8158953164764 -559.8158953164764 -59665.05159616289
-65932.65857415117 -403.34337334026657 -403.34337334026657 -59832.792918035164
-65478.10885222023 -411.17474399520285 -411.17474399520285 -59671.4393660854
-65210.434457480835 -884.5232958893853 -884.5232958893853 -59887.890203763556
-64533.45969378073 -877.3075289494652 -877.3075289494652 -59646.632516450874
-65213.08905997359 -664.9233456567246 -664.9233456567246 -59883.43979594792
-64536.133415723685 -658.5941803094584 -658.5941803094584 -59644.645302680336
-64236.45021928917 -896.5825051955073 -896.5825051955073 -60027.73647516921
-63468.6377710028 -889.4328770482593 -889.4328770482593 -59755.161088250155
-64220.665168007545 -644.5402674105228 -644.5402674105228 -59971.03424028876
-63450.59980389769 -638.6419907272771 -638.6419907272771 -59696.958195668565
-63146.385117144695 -508.49484899845845 -508.49484899845845 -60163.80589380129
-62449.12015969117 -469.17773229029154 -469.17773229029154 -59926.834949335476
-63093.85297199282 -284.06374706422463 -284.06374706422463 -60011.54851614251
-62396.4151659928 -243.19248559924438 -243.19248559924438 -59774.20593461165
-61060.934848280536 2232.4023487258332 2232.4023487258332 -61563.472025854426
-62388.77383612628 2335.500554916939 2335.500554916939 -62023.10295599025
-60921.76244130363 1778.8195152517414 1778.8195152517414 -61201.94547880604
-62265.24170645935 1899.1925453431222 1899.1925453431222 -61696.41579834562
-62760.35980936691 1840.9925980820706 1840.9925980820706 -60907.488900114346
-63851.05043664981 1903.3175050630218 1903.3175050630218 -61286.68055029302
-62675.89106034296 1511.4798368532174 1511.4798368532174 -60656.927953091195
-63771.94993025616 1556.6810613633738 1556.6810613633738 -61067.13455721243
-64132.74607848677 1360.5523463026816 1360.5523463026816 -60384.76619772377
-64928.89198610358 1425.6692300653701 1425.6692300653701 -60673.801838236526
-64074.4449502934 1109.153156735495 1109.153156735495 -60219.032862199354
-64869.32292304306 1172.896584389197 1172.896584389197 -60509.23844429269
-65073.93702813491 843.7329302026883 843.7329302026883 -60007.36430537207
-65555.95202692997 876.6455364916499 876.6455364916499 -60183.05140928652
-65030.79110887617 688.8870024896537 688.8870024896537 -59897.6090873188
-65513.84339541691 722.0407910923532 722.0407910923532 -60074.36460682019
-65596.58002622785 319.01119638529804 319.01119638529804 -59765.56172555174
-65772.56974920313 336.14658195413017 336.14658195413017 -59835.38362535211
-65575.58378331589 263.879376513393 263.879376513393 -59716.45330544861
-65752.04527136839 280.8107831753187 280.8107831753187 -59785.97555600049
-65726.76491171472 -154.36038866091678 -154.36038866091678 -59665.7436077653
-65615.30001327005 -154.08035344365481 -154.08035344365481 -59626.04523376507
-65723.76940251472 -117.96062494488112 -117.96062494488112 -59659.76218297087
-65612.23727260155 -117.4685919156828 -117.4685919156828 -59619.79549482872
-65499.63846786169 -530.5865805219751 -530.5865805219751 -59684.317367683594
-65158.8602111903 -537.2005741239897 -537.2005741239897 -59562.40718511666
-65504.13571851472 -418.3011853864962 -418.3011853864962 -59696.62712658236
-65164.17442394581 -424.24055996501835 -424.24055996501835 -59572.76364333604
-64988.00910559293 -741.4640748844083 -741.4640748844083 -59805.29012691275
-64498.556811940005 -737.6372223885787 -737.6372223885787 -59629.654878314795
-64989.67275669357 -580.0776724365912 -580.0776724365912 -59804.36413430252
-64498.970073359815 -577.3184035042264 -577.3184035042264 -59630.8415684463
-64321.13328502148 -706.6752247534098 -706.6752247534098 -59972.767664732644
-63792.08327919764 -697.7719296432335 -697.7719296432335 -59786.341581035376
-64303.67889283155 -533.3743963616052 -533.3743963616052 -59923.178850674834
-63774.72819413313 -525.2907785923346 -525.2907785923346 -59735.933391839535
-63620.31718716203 -371.9453468461718 -371.9453468461718 -60098.39848214137
-63200.17809071547 -343.0005993300239 -343.0005993300239 -59960.81379510842
-63573.81820953736 -240.7943747638086 -240.7943747638086 -59976.55438002558
-63153.78556450885 -211.14685961336633 -211.14685961336633 -59837.33264264132
-60807.16349949264 1502.359225705347 1502.359225705347 -60999.64992539437
-62030.47646630536 1580.3743645609106 1580.3743645609106 -61403.563849281265
-60709.04575585355 1114.952031071005 1114.952031071005 -60770.12474204208
-61934.71139957317 1188.7408206376585 1188.7408206376585 -61173.050046741526
-62409.248624197455 1223.9753384781766 1223.9753384781766 -60440.98928178804
-63422.36183266182 1276.6788655767846 1276.6788655767846 -60778.62218086328
-62341.03077412398 895.1561831159352 895.1561831159352 -60258.65221792091
-63355.78974099995 947.1867503642627 947.1867503642627 -60597.15964869899
-63711.12029766469 876.8198197046578 876.8198197046578 -59993.27936626393
-64454.037351516075 919.7401559169334 919.7401559169334 -60278.35005434905
-63657.83000126948 633.9173517114818 633.9173517114818 -59847.9980441524
-64400.28472983169 677.1618039558605 677.1618039558605 -60132.83581324111
-64623.00761855259 516.7120056641263 516.7120056641263 -59690.84264045873
-65077.806842613565 536.4368955655877 536.4368955655877 -59863.83902882622
-64590.414166486284 366.74790578493514 366.74790578493514 -59607.38566436306
-65045.55360792486 386.88957297019635 386.88957297019635 -59781.17886049251
-65155.448168389164 146.96695354793434 146.96695354793434 -59541.34840937812
-65335.093818483605 161.09407612567134 161.09407612567134 -59598.57965846327
-65141.58017698898 90.65806293747482 90.65806293747482 -59508.49980451421
-65321.258747584936 104.72220094876474 104.72220094876474 -59565.593023915244
-65335.259244824636 -178.19330921587584 -178.19330921587584 -59506.421112879114
-65266.300394243066 -179.26333503223458 -179.26333503223458 -59480.04727395791
-65335.092444820584 -155.86828884069436 -155.86828884069436 -59509.24262914979
-65265.89841281363 -156.8919507873652 -156.8919507873652 -59483.13978379575
-65208.73652569307 -431.1871556755605 -431.1871556755605 -59599.189181028174
-64955.64948596922 -434.6947523147219 -434.6947523147219 -59507.69379890454
-65212.68174769033 -347.5705064681572 -347.5705064681572 -59610.86502231069
-64959.90994250344 -351.22126625841156 -351.22126625841156 -59519.48116961389
-64862.884702477866 -560.9361547073445 -560.9361547073445 -59761.16873444867
-64510.04686522126 -553.7505217686836 -553.7505217686836 -59621.5408658162
-64861.107507335815 -443.0625862196305 -443.0625862196305 -59760.365945741054
-64508.473820371684 -436.2412388250282 -436.2412388250282 -59620.70314760417
-64411.33993504344 -509.4152428366235 -509.4152428366235 -59932.3191115392
-64060.723405168195 -501.2813062410819 -501.2813062410819 -59807.14737776007
-64395.66432076759 -393.35520654377865 -393.35520654377865 -59892.99217130989
-64044.419884852934 -385.3946659040049 -385.3946659040049 -59767.99034811077
-63976.682284881324 -249.9571547861422 -249.9571547861422 -60051.675458886566
-63760.99412939083 -231.88081157392844 -231.88081157392844 -59979.430153754525
-63940.276247188805 -183.41481897469262 -183.41481897469262 -59959.96794657787
-63724.91136347823 -165.8994396956575 -165.8994396956575 -59887.08272813912
-60621.315969631134 833.171675907736 833.171675907736 -60597.96042518066
-61792.24343963412 901.0622642640603 901.0622642640603 -60982.463423283196
-60534.7958807368 451.7849090418564 451.7849090418564 -60373.95730743347
-61709.069751866235 518.0241327170588 518.0241327170588 -60760.97673736848
-62179.35216226209 653.1134357833907 653.1134357833907 -60074.440733791955
-63175.10918982553 719.9127846756428 719.9127846756428 -60407.677054595406
-62092.805210286766 323.38646244962615 323.38646244962615 -59846.28299864251
-63088.6134471826 390.11847414870056 390.11847414870056 -60180.134192210375
-63468.47279353244 479.09775040032935 479.09775040032935 -59697.74646071895
-64169.68961140169 520.3407545964023 520.3407545964023 -59941.96011371122
-63414.191352608505 246.17943812467556 246.17943812467556 -59563.61711356179
-64116.71006199331 288.2894128500499 288.2894128500499 -59809.2696620286
-64348.7238437255 275.69336774895226 275.69336774895226 -59485.528740259724
-64778.87942170177 298.05250449052653 298.05250449052653 -59627.521892863755
-64320.63613212563 135.29080175511058 135.29080175511058 -59417.12403562164
-64751.615784353206 157.90027093309465 157.90027093309465 -59559.43678809568
-64878.758296215085 59.78754456968272 59.78754456968272 -59398.45155064397
-65055.6071899625 67.8901770689967 67.8901770689967 -59456.85525493785
-64868.91509257276 2.9373203899582925 2.9373203899582925 -59375.32378587434
-65045.52200033118 11.258436924742451 11.258436924742451 -59433.44934850672
-65092.662603889854 -137.12624794328514 -137.12624794328514 -59423.15721466807
-65050.36045710129 -137.7144255157912 -137.7144255157912 -59408.31387347714
-65091.177414577505 -123.88162534715516 -123.88162534715516 -59424.07667821569
-65049.080033773986 -124.68532594881727 -124.68532594881727 -59409.41304204066
-65033.267821484325 -284.3556179080641 -284.3556179080641 -59542.40369188776
-64838.1594247674 -287.41240072935346 -287.41240072935346 -59474.40316292451
-65035.42392398595 -220.88355196589518 -220.88355196589518 -59552.282406134815
-64840.78534216327 -224.26682608624674 -224.26682608624674 -59484.03203603427
-64797.98952229748 -352.4479391416751 -352.4479391416751 -59725.56348695718
-64531.53249387841 -350.858844445542 -350.858844445542 -59626.57323529765
-64796.040412376744 -264.0913362839551 -264.0913362839551 -59723.85878091791
-64529.047010831775 -262.4582881208038 -262.4582881208038 -59624.53682996756
-64485.34616730526 -313.3683105869525 -313.3683105869525 -59901.367420976196
-64243.28051870315 -305.5839484193912 -305.5839484193912 -59816.209118267165
-64474.02919330879 -233.66448428327067 -233.66448428327067 -59877.96152532356
-64231.17696472459 -226.5666244057265 -226.5666244057265 -59793.27184382739
-64215.23017322686 -144.92812246566777 -144.92812246566777 -60010.16224130037
-64125.00346965185 -130.1727308669296 -130.1727308669296 -59977.81477867927
-64193.66773220942 -116.76932564129368 -116.76932564129368 -59959.53818529058
-64103.5371425398 -101.91119874599494 -101.91119874599494 -59927.335822929155
-60474.37728339676 183.2047314349018 183.2047314349018 -60113.54147345337
-61761.553164890196 330.5052263607844 330.5052263607844 -60541.41607077572
-60274.791410774924 -247.39145259726513 -247.39145259726513 -59583.147688018056
-61557.73217674384 -98.06886206690976 -98.06886206690976 -60015.694676430576
-62187.666881194105 228.39927289017072 228.39927289017072 -59750.05220870506
-63079.28334179521 285.1483465912112 285.1483465912112 -60051.34608470289
-62108.74210298866 -68.2614567422464 -68.2614567422464 -59562.93063298416
-62999.75626329765 -11.402397664276124 -11.402397664276124 -59865.492638822005
-63382.559136349984 199.90812418941724 199.90812418941724 -59493.61044609976
-64033.12911575831 223.9403985921843 223.9403985921843 -59723.77430836679
-63353.16279167382 -15.92309567713049 -15.92309567713049 -59428.18337341956
-64004.70563417054 7.377908131721336 7.377908131721336 -59659.39340310956
-64226.25672647415 121.65064039900383 121.65064039900383 -59361.02504569036
-64632.963551701214 133.23829865180107 133.23829865180107 -59488.9832586011
-64216.788215359564 -9.202405146118187 -9.202405146118187 -59338.205325222145
-64624.39830007071 1.2661287927952558 1.2661287927952558 -59466.66367134831
-64743.487440552206 35.609074382628265 35.609074382628265 -59312.443100423174
-64919.809980205355 33.47119680829231 33.47119680829231 -59384.18528967167
-64740.65995661364 -21.85607539777962 -21.85607539777962 -59305.0893465258
-64916.515076231844 -23.210056814494664 -23.210056814494664 -59376.27845777154
-64972.902228720355 -54.72340139537063 -54.72340139537063 -59389.398234528584
-64948.314895712116 -53.9352988837383 -53.9352988837383 -59378.51941168122
-64972.11420258966 -46.096672974780645 -46.096672974780645 -59389.68952703423
-64947.26233477626 -45.54893975558363 -45.54893975558363 -59378.84110713415
-64952.915766189515 -114.17889561022207 -114.17889561022207 -59531.8108212747
-64789.792839566675 -116.06780412147984 -116.06780412147984 -59473.1383547147
-64953.2909471139 -61.28487650875226 -61.28487650875226 -59537.71220513448
-64789.6221550287 -63.050494940424585 -63.050494940424585 -59478.70805009755
-64770.44410370035 -140.41213994444263 -140.41213994444263 -59714.269275547565
-64546.859141295914 -139.27942857927508 -139.27942857927508 -59632.61162593442
-64768.98357406718 -67.03047447444345 -67.03047447444345 -59720.39879850768
-64544.48631519 -66.1784893311052 -66.1784893311052 -59639.12118019808
-64523.836390948825 -120.31386520266648 -120.31386520266648 -59886.58688763247
-64336.38148582859 -118.19246333219198 -118.19246333219198 -59821.438215029746
-64518.464528641656 -59.325371704223606 -59.325371704223606 -59880.87847437808
-64331.788428083084 -57.54537328245556 -57.54537328245556 -59815.83554663622
-64330.596411801744 -48.49167803014951 -48.49167803014951 -59984.49398172397
-64292.90026662592 -44.26142449567508 -44.26142449567508 -59973.46806045057
-64322.008609548655 -36.749053083628056 -36.749053083628056 -59967.18255284266
-64284.47131333521 -32.558733015832445 -32.558733015832445 -59955.96912527671
