sig 640
-130005.59374657551 4770.004741943803 4770.004741943803 -226363.900477326
-95229.2098519373 2223.988794156508 2223.988794156508 -188595.73203425875
-135645.83865896813 18012.24418598094 18012.24418598094 -228248.69889240112
-99861.04287121622 11389.685464545362 11389.685464545362 -190681.2089752226
-123082.56581652736 2801.558177109525 2801.558177109525 -261765.0170166164
-90149.97305556902 2547.830885758271 2547.830885758271 -185868.70474829018
-125490.3461997779 16621.223005762462 16621.223005762462 -251394.5474950196
-86487.47324538142 8709.479608678219 8709.479608678219 -182724.0636872695
-142631.1599335452 1141.3066516959373 1141.3066516959373 -271832.48014719714
-108434.7234468988 2361.085638507057 2361.085638507057 -209949.98248121134
-127477.52413269517 13469.161226620632 13469.161226620632 -237488.75403618134
-94968.16823353137 7775.707232885467 7775.707232885467 -172169.31444881557
-145052.26502648965 4705.344174642818 4705.344174642818 -274480.65832549834
-129217.17398170395 3885.490527670047 3885.490527670047 -228907.4884798014
-118878.53685014335 8172.032007230919 8172.032007230919 -228229.59080267
-101673.54100618986 5554.904776568685 5554.904776568685 -183902.0565313764
-149581.9848789046 6296.581025767846 6296.581025767846 -265645.0072741194
-142566.74641358995 6906.931060882449 6906.931060882449 -252853.54258750824
-126102.46578352712 4643.977258789134 4643.977258789134 -224058.1912534682
-122159.6402341348 6896.342626067788 6896.342626067788 -214984.2792056709
-145430.70218916863 7885.931762025885 7885.931762025885 -257873.31437518029
-152985.07861853775 9051.833526544557 9051.833526544557 -275360.6476076834
-131870.5343744775 4007.1377114120196 4007.1377114120196 -234163.7068432455
-140321.99199793182 7195.696557522586 7195.696557522586 -249462.31654587042
-138548.91760546068 9925.742285443004 9925.742285443004 -255113.52445497434
-156320.426630854 12053.016195643377 12053.016195643377 -294722.02181080077
-137339.11899484458 6661.6744144959885 6661.6744144959885 -252914.50578529848
-152842.73517316667 8498.177853228877 8498.177853228877 -294007.250330513
-127074.38430478907 13320.060443250397 13320.060443250397 -243097.63453059192
-172229.94708233373 15249.341316388989 15249.341316388989 -317803.38494475064
-144814.20834505174 114.78261113136084 114.78261113136084 -275568.7963814978
-194792.0498846376 -3685.0363681297663 -3685.0363681297663 -355898.8764966534
-109125.22674179573 6949.335448270296 6949.335448270296 -222801.32546586532
-160152.60806044014 -1162.1770973623843 -1162.1770973623843 -315128.1298242896
-163296.34371049656 -7520.334865918918 -7520.334865918918 -317705.1817967929
-214416.90488452849 -25255.730430244694 -25255.730430244694 -418236.8991112108
-153027.15257810138 2631.9025839105825 2631.9025839105825 -271804.46353978966
-162313.8784051046 -8.056119225253216 -8.056119225253216 -282318.1389540684
-159610.57799395442 -418.0964990272989 -418.0964990272989 -287277.1917912876
-169030.68294277994 -3211.0605392003445 -3211.0605392003445 -297409.04569945124
-136228.85583040665 26823.47370325082 26823.47370325082 -219365.9289183329
-95910.27616394887 17052.121553715813 17052.121553715813 -174477.38514091464
-136570.51567696966 34862.932341432555 34862.932341432555 -204211.76069388766
-97690.59242122761 23717.927996860813 23717.927996860813 -161856.42491025524
-124060.48542758894 24665.355202084385 24665.355202084385 -233974.0331784314
-105061.85833123389 21091.113154069306 21091.113154069306 -202823.6954938384
-111934.24794857186 27601.151980186016 27601.151980186016 -196198.35866793361
-92149.29470285795 22278.049725059987 22278.049725059987 -167833.27213449823
-138342.4315712573 21569.013908679484 21569.013908679484 -274129.821514385
-126325.42518788086 21638.61302176141 21638.61302176141 -244697.9904638483
-99348.15036798864 21209.15814158645 21209.15814158645 -190085.4114923306
-88345.95783643879 18845.276900117577 18845.276900117577 -164689.15670837145
-155685.97493205848 23123.801336598164 23123.801336598164 -298272.408492557
-141896.80327405813 22457.511035594558 22457.511035594558 -271937.53088642104
-98440.00872278443 16979.95933666468 16979.95933666468 -190206.43606289677
-91477.63531588351 16644.66302477201 16644.66302477201 -166158.4085380282
-169568.7230356368 21846.076031984067 21846.076031984067 -306826.16934797505
-156323.7149510562 21501.352587391055 21501.352587391055 -281808.84462531016
-106259.73445099806 16113.98214688443 16113.98214688443 -204444.4241893584
-98497.04689661674 16139.96078536902 16139.96078536902 -180119.44222283282
-168070.90348944283 20738.190182689992 20738.190182689992 -298944.87089073734
-161825.9272981037 19933.943919858026 19933.943919858026 -277143.6282590955
-123844.35319643487 15119.29679741503 15119.29679741503 -220487.54419735266
-117278.59967959333 18631.067879693423 18631.067879693423 -211382.01309444103
-156573.54748939964 21458.17887636527 21458.17887636527 -274022.00432906323
-150365.2954283575 20383.312619401546 20383.312619401546 -264203.4906356827
-144419.995262886 17526.30701256723 17526.30701256723 -252166.16677869536
-138576.31785285025 16863.69046970323 16863.69046970323 -236932.89632569114
-131689.3587259129 21236.191050255744 21236.191050255744 -237027.30390415466
-132843.71722852447 20247.041615110225 20247.041615110225 -239513.92233497347
-155915.49078899197 20343.995334476433 20343.995334476433 -288162.9649041298
-157044.95880797014 19359.15628199673 19359.15628199673 -290043.598694609
-108179.2744458525 15461.390289671952 15461.390289671952 -192011.82649901276
-114816.23671723221 11042.374298139504 11042.374298139504 -220951.4503472758
-191344.0984667834 16674.678510522936 16674.678510522936 -355695.1970544643
-197699.1272818438 12375.377338526538 12375.377338526538 -367231.8861971388
-82052.47737571402 11146.479216438558 11146.479216438558 -154371.86953015297
-169494.88329189218 -7066.691740506826 -7066.691740506826 -344257.75225001574
-215656.98341589316 -17323.888771893515 -17323.888771893515 -406638.3721316534
-343864.47615182115 -55690.20569155151 -55690.20569155151 -637193.5388115719
-135921.78189675263 38136.97665450671 38136.97665450671 -189340.1450163656
-109366.25391599367 30340.325955238328 30340.325955238328 -161375.49785011527
-120511.72352961465 34456.685144612726 34456.685144612726 -150281.013454228
-92665.4761288303 26825.13663832799 26825.13663832799 -122999.4619522103
-124282.5236356061 35172.866401855834 35172.866401855834 -188751.91416436475
-123231.12612445874 34287.56493640614 34287.56493640614 -183105.75364301397
-92542.72198663329 26929.145280137178 26929.145280137178 -127906.75971146383
-89204.62408005998 26040.198019839387 26040.198019839387 -121150.41167269243
-131817.8565451649 36790.84479001886 36790.84479001886 -198212.61436896888
-140589.3480780544 39631.98637841265 39631.98637841265 -198680.75166094938
-85743.55059877943 25363.79570925223 25363.79570925223 -115619.24244716858
-94758.26370105904 27902.39907339365 27902.39907339365 -119716.65681129288
-151115.3853484554 42085.67193368131 42085.67193368131 -222769.05725764198
-158754.49973421104 47228.322601709646 47228.322601709646 -217287.43372142836
-90431.1475708797 26609.700337562135 26609.700337562135 -111600.59108441648
-97338.60421687842 29828.338389282675 29828.338389282675 -113652.16264948952
-176226.23669529433 50195.36944577951 50195.36944577951 -250716.50616534948
-180322.02915794437 52483.1141531122 52483.1141531122 -240174.8839611648
-92141.13531993618 29414.490282525447 29414.490282525447 -106480.99178516131
-95375.05345763524 31564.678012239634 31564.678012239634 -105974.02185419065
-205990.38450871868 57449.065711731695 57449.065711731695 -285911.14790747745
-207446.12087761576 58983.08902003252 58983.08902003252 -267102.0556426173
-89251.46275980657 30521.824235395477 30521.824235395477 -98167.95989336119
-87373.3236653531 27948.769753153392 27948.769753153392 -90277.7807721931
-228862.96651970388 57308.310385616496 57308.310385616496 -303419.4069726307
-229305.091598482 70180.42216389433 70180.42216389433 -308543.6725032178
-77693.09106974072 24165.65585858621 24165.65585858621 -79550.03938345368
-77251.49948447576 20658.7266383761 20658.7266383761 -76861.98331488814
-237813.60557130963 57176.07660528517 57176.07660528517 -329732.0812913715
-231605.65048377597 68058.33665449657 68058.33665449657 -312666.6358796246
-58233.73362146985 15332.650044835475 15332.650044835475 -56353.45261000086
-52086.96862656853 16376.003111785525 16376.003111785525 -50621.26168955188
-242717.10508241397 45010.48268203668 45010.48268203668 -317232.42882386106
-262428.6900440305 54261.940804046724 54261.940804046724 -299592.1427912824
-34535.61439864849 10246.695725571804 10246.695725571804 -33812.38856102964
-33972.12289029643 8817.570168951177 8817.570168951177 -32495.476559612358
-187968.51761805345 44272.176564502195 44272.176564502195 -232330.04154055315
-163335.49297797697 34519.98645386656 34519.98645386656 -202795.38358401592
-30908.759506097434 9179.91995811321 9179.91995811321 -31473.101426550777
-19.991576132301518 8.766648909710959 8.766648909710959 -18.417140057051707
-119696.3452014189 33390.7642446838 33390.7642446838 -135915.7203893548
-108514.84111060212 29677.52592481885 29677.52592481885 -126382.7697825552
-112642.41786527897 31007.178772793108 31007.178772793108 -120650.38772320318
-102112.58079082194 27370.882006534877 27370.882006534877 -111847.33860640421
-109030.64879797027 31141.83209759932 31141.83209759932 -134019.1774051051
-119589.21512952565 33027.18006425523 33027.18006425523 -140039.85298740937
-93924.68128063004 26945.02046756842 26945.02046756842 -109162.45822865801
-104854.43398246085 29681.799802909813 29681.799802909813 -115849.78655459279
-116961.81722290456 33342.61301006266 33342.61301006266 -133994.13410779246
-133391.46371162086 37899.87453976289 37899.87453976289 -145300.16842391694
-99869.20145997465 28242.34107319107 28242.34107319107 -106620.44716769927
-116015.1452346462 32719.532015030425 32719.532015030425 -118022.71298807423
-128335.22311931166 36508.754215238245 36508.754215238245 -132900.11704180724
-144251.92447566977 40822.51074968766 40822.51074968766 -143459.57127567672
-110667.24621826911 31061.628050282685 31061.628050282685 -106178.78955748379
-126844.61832919407 35323.5745037606 35323.5745037606 -116673.32082750401
-138802.26689648523 37048.98127375115 37048.98127375115 -126882.65643004727
-153927.7305303237 41529.753198094295 41529.753198094295 -135660.17674425425
-121001.65318040972 30984.047009015718 30984.047009015718 -101314.99213598292
-135576.09796762821 35279.49609099772 35279.49609099772 -110237.47292234929
-144159.8758627168 34384.39070010047 34384.39070010047 -114927.55160294543
-157479.5265612676 37844.893144459216 37844.893144459216 -122777.24556547213
-127028.47211309694 28605.565618005705 28605.565618005705 -93836.7556964475
-140117.41718498722 32084.693027457564 32084.693027457564 -101675.21018354289
-143236.72995474367 28197.302548879074 28197.302548879074 -100174.63878687622
-151912.94881146756 29764.65818770253 29764.65818770253 -105313.20692408408
-130152.35459624363 24327.95854663034 24327.95854663034 -86483.09928377271
-138363.40059844923 26025.136312079878 26025.136312079878 -91812.08836879882
-136194.5235791949 19176.135542778116 19176.135542778116 -86237.85972098327
-132742.12870608518 18915.300865124373 18915.300865124373 -85051.6287634348
-131759.87135552513 19207.61012467013 19207.61012467013 -82017.54601739433
-128162.40391007539 18772.833238797924 18772.833238797924 -80805.75257132048
-125982.76840919122 10232.04490139568 10232.04490139568 -77863.6349669229
-111264.04247630652 9821.80971789492 9821.80971789492 -70773.57371340877
-125126.47166015618 13861.261815199767 13861.261815199767 -77208.26905932155
-110372.70437337206 13433.692286433492 13433.692286433492 -70215.62848166896
-104236.01440921839 -11491.42111626334 -11491.42111626334 -96733.32489242277
-44271.34561116379 -4470.773808284181 -4470.773808284181 -60711.11216009098
-103000.2963179198 7603.4578095241695 7603.4578095241695 -77611.19349752543
-40230.64993739607 6987.530661591166 6987.530661591166 -47190.84386667231
-111805.21672953728 31547.656172505303 31547.656172505303 -114510.61413689757
-112269.5589153029 31236.610955060452 31236.610955060452 -114473.84894721795
-103705.81737904098 30082.2770220769 30082.2770220769 -103156.73123366675
-103800.68408178243 30115.721555412623 30115.721555412623 -103117.35633871303
-105910.46442814592 30014.005830719798 30014.005830719798 -110942.11554823004
-121650.08016554064 34684.739870037236 34684.739870037236 -123704.58731897202
-93999.65138553755 26404.119079649136 26404.119079649136 -94632.1538291263
-109317.36386636356 31054.752270598947 31054.752270598947 -107407.53374957081
-116321.85158026872 31952.036350727936 31952.036350727936 -111748.63045993375
-130997.52434433081 35380.599263817814 35380.599263817814 -120563.65404880741
-104948.51659419575 27573.208191675905 27573.208191675905 -94442.17069432123
-119337.86110863354 30839.52165139322 30839.52165139322 -103171.66704512721
-127010.13157019275 31070.35079573973 31070.35079573973 -105618.94394427765
-140228.7768674486 33558.32778780886 33558.32778780886 -113432.99722477279
-115360.9157049837 26528.46903747086 26528.46903747086 -90253.30465856964
-128432.75920986827 29351.02779228799 29351.02779228799 -98101.92631977393
-133611.41413502127 27957.685162877664 27957.685162877664 -97887.59598595441
-145160.1475579303 30335.309822837182 30335.309822837182 -104572.06424354206
-123071.78779673483 24243.16677322751 24243.16677322751 -85511.5088725514
-134351.05283549445 26713.060306359723 26713.060306359723 -92092.15808929996
-136508.58034911775 22810.530212347563 22810.530212347563 -89068.32101057
-143513.18814616624 24490.460395982187 24490.460395982187 -93690.23776406614
-128381.66566906984 20530.4838571972 20530.4838571972 -80884.68966855056
-135065.90487974088 21906.352445753284 21906.352445753284 -85380.22760057061
-135619.36857610967 16240.566334620235 16240.566334620235 -81119.32002227915
-134862.86076097857 16675.638839270232 16675.638839270232 -81257.48777845061
-130917.41157115223 15980.718063033913 15980.718063033913 -77341.18919515767
-130403.65729003394 16494.160061420836 16494.160061420836 -77411.45654020505
-130380.75713229719 8637.966519076537 8637.966519076537 -74208.43460893982
-121021.50835515776 8604.09391239762 8604.09391239762 -69954.33039380524
-128477.08731514287 10216.184680129085 10216.184680129085 -73102.32536052116
-119134.33842170486 10238.363914985837 10238.363914985837 -68841.68198924906
-116987.39463287275 -1139.7778955004114 -1139.7778955004114 -68409.27559028842
-95737.81605317046 -1527.1306060428146 -1527.1306060428146 -56781.560226485766
-118628.92850147292 4165.110921777553 4165.110921777553 -70194.93118363457
-97519.79957542467 3293.3531435450723 3293.3531435450723 -58596.15204145069
-90721.52106297205 -11802.972169984627 -11802.972169984627 -69024.13127445229
-46794.50090741206 -8290.02705994227 -8290.02705994227 -47991.939890875925
-94074.75930256741 525.5366484118754 525.5366484118754 -69428.60390240983
-44641.28159802155 -115.19097401358506 -115.19097401358506 -48911.21437582049
-101908.40637098037 29664.336102770358 29664.336102770358 -98384.28304945424
-112596.41267297372 33244.54728344898 33244.54728344898 -105627.07498223436
-94694.41623530079 27550.171960812033 27550.171960812033 -89451.89731918435
-105464.97210484893 31182.05194321132 31182.05194321132 -96578.89247773506
-102347.78312251337 28116.310252244308 28116.310252244308 -97195.71303258973
-118363.89002919702 31766.041880512385 31766.041880512385 -107136.00999751373
-93924.52082410353 25001.377702482467 25001.377702482467 -85376.39620332906
-109787.59266591842 28064.033833161193 28064.033833161193 -94701.55921433901
-115289.49949570339 26761.628906112346 26761.628906112346 -92933.24136487332
-126967.8556507266 29067.184555599095 29067.184555599095 -100211.42167175325
-107685.15753286758 23828.528833371103 23828.528833371103 -82973.30244195565
-119303.22348240498 26014.80004238034 26014.80004238034 -90190.08778572518
-122555.3354320433 24435.390189561178 24435.390189561178 -87703.44201899339
-133471.35010697367 26416.35851298865 26416.35851298865 -94022.22242374496
-116089.54887016022 21875.91110069801 21875.91110069801 -79633.80078415683
-126841.19530882109 23778.108006287763 23778.108006287763 -86065.56266794597
-128552.84064126053 20573.9177418436 20573.9177418436 -82327.5687794776
-136159.6337622433 21963.785308797567 21963.785308797567 -86715.83948674984
-122858.38627448239 18685.971594158844 18685.971594158844 -76613.32470156655
-130426.80846196103 20034.505973404466 20034.505973404466 -80902.98420664099
-130045.06060713076 15233.517593199671 15233.517593199671 -76653.7147550107
-132778.06330195485 15934.318121444328 15934.318121444328 -78491.25455643944
-126129.87941726478 14477.148230067307 14477.148230067307 -73423.6755828059
-128912.13395122762 15128.839665449956 15128.839665449956 -75248.82046048202
-129228.37423634967 8588.718222638745 8588.718222638745 -71542.41195118336
-125129.73746907306 8779.212889788032 8779.212889788032 -69764.21576095413
-127318.99484007013 9292.050368298449 9292.050368298449 -70383.68585669406
-123268.9863574467 9510.939673684763 9510.939673684763 -68589.8146472751
-121901.33376813678 897.4795646294801 897.4795646294801 -67242.36401588333
-109804.2725831868 670.9850283574615 670.9850283574615 -61572.733733534194
-122097.1405018705 3372.519158280028 3372.519158280028 -67459.78484404336
-109971.606396011 3111.444066710558 3111.444066710558 -61638.8731324171
-110632.64944040909 -6532.110968760237 -6532.110968760237 -66011.46027908463
-87969.37351285579 -6559.305764950703 -6559.305764950703 -54438.38046385369
-112273.9713247275 -1464.3143360403947 -1464.3143360403947 -66824.80550709295
-89904.29812431312 -1928.335751605759 -1928.335751605759 -54814.329651597116
-88741.70712476404 -9471.458761045225 -9471.458761045225 -68541.98580625838
-57414.009578497484 -8052.450314773532 -8052.450314773532 -54918.86237689112
-88909.18689183558 -900.5948234436846 -900.5948234436846 -65683.40182278528
-56319.02451449376 -378.46447557341287 -378.46447557341287 -51864.33541366818
-91955.94951283182 26528.491290540427 26528.491290540427 -85078.28766892414
-108130.59208820088 31871.686534729164 31871.686534729164 -96844.65698751684
-85359.31682061507 24269.88653937264 24269.88653937264 -78195.96580976328
-100723.00239051312 29202.311376764163 29202.311376764163 -90489.65382574174
-100041.23622373016 24450.31868875848 24450.31868875848 -84001.72628927152
-114092.2343681382 26801.09535707655 26801.09535707655 -92091.76551577476
-95163.172175303 22219.613017282652 22219.613017282652 -77031.3625446882
-109024.81965933095 24479.76214104979 24479.76214104979 -85173.22391986578
-111512.52991702191 22376.699176368616 22376.699176368616 -80935.70822942503
-122223.87584842384 24103.494612733753 24103.494612733753 -87293.48641793244
-107417.27108426632 20388.002454364483 20388.002454364483 -75365.0385924699
-118068.95094348176 22078.714486678888 22078.714486678888 -81670.7015604118
-118685.29392210621 19446.766193444513 19446.766193444513 -77344.03290316983
-127376.781930194 20708.24821405857 20708.24821405857 -81989.63391178963
-115018.22403505359 17817.76098327276 17817.76098327276 -73279.19908675809
-123563.8847207176 18935.005249511196 18935.005249511196 -77837.79000463049
-122761.86329897116 14988.35034077341 14988.35034077341 -73019.4746885347
-127754.18318116448 15634.006549164285 15634.006549164285 -75774.0883182714
-120286.07824573197 14102.287611358512 14102.287611358512 -70722.2581263001
-125200.58574919683 14736.759578524303 14736.759578524303 -73463.51923094112
-124052.52808951588 9636.671478015189 9636.671478015189 -68884.86979492538
-124385.9736363404 9774.256169478598 9774.256169478598 -69177.06181618191
-123201.22692487932 9587.155062701493 9587.155062701493 -68206.72816774537
-123566.74240257438 9747.094547926768 9747.094547926768 -68488.27632180814
-121484.7304435598 3207.2021713428544 3207.2021713428544 -65679.71677131385
-116265.9916868864 3072.9585904563173 3072.9585904563173 -63050.84731587141
-121573.0477937563 4287.245474811221 4287.245474811221 -65804.34786729602
-116340.13279603323 4125.5516766166475 4125.5516766166475 -63165.88390686543
-114981.92935669505 -3315.51718342151 -3315.51718342151 -63999.32944961093
-102581.66143103386 -3409.241927402077 -3409.241927402077 -58068.06037388258
-115927.71822734791 -713.3691026747069 -713.3691026747069 -64385.3437308108
-103378.69887116233 -1061.60526990569 -1061.60526990569 -58304.80908803369
-106518.6092320432 -7599.457153934399 -7599.457153934399 -64951.88115894982
-87470.41226119924 -7402.955952919017 -7402.955952919017 -55239.18221266944
-107390.3953973954 -3632.5608115288387 -3632.5608115288387 -64499.71182621034
-88279.5862302543 -3821.628602772803 -3821.628602772803 -54359.0647883702
-89549.91510332517 -7550.2952823361065 -7550.2952823361065 -66049.14626345364
-67317.60878872575 -7126.7309476255905 -7126.7309476255905 -55972.83898965342
-89087.54357756565 -1486.691126925747 -1486.691126925747 -63641.172494251165
-66856.67405569152 -1012.4344569649979 -1012.4344569649979 -53254.63090153382
-82637.21962163672 23013.130841861297 23013.130841861297 -74875.1679549314
-100886.61719778883 28309.973062628185 28309.973062628185 -89387.7936618345
-77699.1983341253 21254.592767635884 21254.592767635884 -70508.36237583408
-96678.38577270745 26186.810502141285 26186.810502141285 -84565.73529521149
-98315.59275533665 21240.443709166473 21240.443709166473 -75826.93067565783
-110331.39669862235 23149.780368413725 23149.780368413725 -82785.62847560027
-95282.07644014187 19635.16309516515 19635.16309516515 -71641.10414945529
-107583.77480700986 21415.57016836111 21415.57016836111 -78502.66414545386
-107971.00094292387 18982.331584371088 18982.331584371088 -73380.4284414902
-117066.46495429565 20033.55102865433 20033.55102865433 -78547.6199195192
-105811.7250873115 17690.81391555561 17690.81391555561 -70376.49038886545
-115014.35579753909 18642.252616926176 18642.252616926176 -75546.04025138463
-114161.69635436538 15228.506632337332 15228.506632337332 -70298.19483189232
-120708.80958140084 15790.683381529037 15790.683381529037 -73615.96939953332
-112997.62280851952 14258.09001618446 14258.09001618446 -68599.24101532012
-119457.37864308519 14850.060445567044 14850.060445567044 -71945.899101131
-117279.96435565175 10726.726485809184 10726.726485809184 -66963.29234398909
-120717.81418412532 10865.047547911217 10865.047547911217 -68563.6725429317
-117126.21622179038 10266.686091514588 10266.686091514588 -66572.85196244602
-120561.19265099855 10417.798514387901 10417.798514387901 -68154.98732189758
-117848.99713441834 5447.854613946607 5447.854613946607 -64112.75135289758
-117191.31185605041 5304.506085924806 5304.506085924806 -63778.743141200655
-118402.9016742249 5683.479305639074 5683.479305639074 -64494.717710359284
-117733.90213894172 5532.860744695325 5532.860744695325 -64178.99374906807
-114878.34091278874 -113.95628809238346 -113.95628809238346 -62371.54292904468
-109246.687709966 -457.3129903571484 -457.3129903571484 -59655.41846310125
-116155.8805041598 927.603888880371 927.603888880371 -63135.27489194593
-110513.80488144279 526.6878272815895 526.6878272815895 -60429.69617041966
-109925.56664604423 -4860.803406942749 -4860.803406942749 -62211.74310630612
-98923.28309884318 -4945.710735903262 -4945.710735903262 -56679.17737298582
-111068.03255732007 -2981.7629124870596 -2981.7629124870596 -62697.04978555795
-100248.46342463672 -3127.751967281984 -3127.751967281984 -57170.21210899631
-103724.44872292523 -7331.227371043501 -7331.227371043501 -63547.97629070181
-88758.64779836255 -7113.29712018274 -7113.29712018274 -55900.51831576212
-104135.72803132798 -4269.510071813615 -4269.510071813615 -62811.04170603308
-89141.56352616174 -4307.538469459409 -4307.538469459409 -54964.71411443045
-92256.60935527434 -6175.461483408852 -6175.461483408852 -64915.64149402006
-76999.21138817167 -5642.886547669597 -5642.886547669597 -57270.57733203558
-90891.44659838834 -1789.0592169675879 -1789.0592169675879 -62195.73232650498
-75737.37227608003 -1189.4567268055994 -1189.4567268055994 -54403.041554904725
-75160.52500186923 20428.575736840925 20428.575736840925 -68702.98745833045
-95517.92979996862 24631.743359469132 24631.743359469132 -81982.92300168786
-72739.07204623704 19740.647058849223 19740.647058849223 -66750.6464934275
-93795.3084001534 23420.194933277657 23420.194933277657 -78919.00665185839
-95073.93220714376 18807.010882965988 18807.010882965988 -69907.06436902963
-106109.16641591764 19970.11148992268 19970.11148992268 -75864.58402289316
-94234.03424185752 17987.635298478126 17987.635298478126 -68048.80038026231
-105190.85791381149 19017.486659596718 19017.486659596718 -73987.44516992835
-104141.30040763608 15844.412906505682 15844.412906505682 -67865.7684789961
-111807.14018633416 16359.997523452726 16359.997523452726 -71871.53632311299
-103904.79227598036 14878.609859326296 14878.609859326296 -66873.41837158252
-111630.06419823543 15361.087077061542 15361.087077061542 -70921.5012558116
-109156.95349984133 11869.310307118136 11869.310307118136 -65225.11732941403
-114561.6115328507 12144.710323937461 12144.710323937461 -67951.92230450921
-109416.50404839743 11224.024974286902 11224.024974286902 -65021.90892557651
-114924.94000034854 11454.447168171631 11454.447168171631 -67811.39238126775
-112279.59345810434 7339.862451072384 7339.862451072384 -62942.69794032089
-114670.98779082511 7247.065105590102 7247.065105590102 -64019.20614151297
-113151.22669724842 7157.358245544423 7157.358245544423 -63514.768997093866
-115530.2151434457 7058.817940235852 7058.817940235852 -64594.00752328078
-112158.11496914239 2537.3760813456474 2537.3760813456474 -61100.66443525591
-111049.65833427201 2210.2509224800906 2210.2509224800906 -60579.43390751185
-113526.14595784056 2864.3187052901794 2864.3187052901794 -62141.79668259725
-112456.65097006131 2525.3581820922154 2525.3581820922154 -61581.84746130717
-109642.50262446079 -1984.3665784839295 -1984.3665784839295 -60271.3255173211
-104495.77365661085 -2368.5869388817055 -2368.5869388817055 -57736.06563855387
-111498.62780181158 -1031.5155670231716 -1031.5155670231716 -61471.1075929895
-106233.9455749494 -1483.243533545734 -1483.243533545734 -58851.620421674
-106226.23424669693 -5249.907422030247 -5249.907422030247 -60937.127862149675
-97350.12388753098 -5430.753557030828 -5430.753557030828 -56316.49381164639
-107544.91106475338 -3759.335953245153 -3759.335953245153 -61606.87946525715
-98874.37584459764 -3928.5870591485527 -3928.5870591485527 -56950.874586062004
-102255.73574028992 -6542.547226055167 -6542.547226055167 -62317.42467980833
-91281.20023462866 -6401.609058269986 -6401.609058269986 -56713.30882713767
-102278.73074716468 -4281.370870675035 -4281.370870675035 -61553.232370314574
-91397.17684887395 -4254.685416262322 -4254.685416262322 -55857.339389939996
-95062.3400990035 -4731.186306337287 -4731.186306337287 -63783.39498032084
-85369.86012594067 -4132.612014973805 -4132.612014973805 -58424.2105439775
-93100.98894361708 -1853.9577330692132 -1853.9577330692132 -60965.68523593776
-83413.86295320252 -1229.552886761777 -1229.552886761777 -55639.01646719743
-70824.02407889029 18824.26958083719 18824.26958083719 -64987.93259781567
-91188.07182101566 22056.402307522247 22056.402307522247 -76286.02543647873
-69870.25051804163 17914.81737920215 17914.81737920215 -63443.71827695907
-90594.190509234 20792.301627043915 20792.301627043915 -74855.4327629782
-91264.38868616444 16736.10301409314 16736.10301409314 -65457.7231730312
-101273.64222291387 17450.044132050527 17450.044132050527 -70686.67428811773
-91824.67376336918 15754.57645208943 15754.57645208943 -65034.520975735795
-101885.7448539264 16401.496702773402 16401.496702773402 -70283.83590790955
-99588.8728872019 13116.72667486896 13116.72667486896 -63744.355498267745
-106796.49424756324 13350.461885208995 13350.461885208995 -67387.65090019553
-100586.27086631744 12251.24402247269 12251.24402247269 -63852.24822362376
-107731.20464065649 12486.64533804889 12486.64533804889 -67567.95999072802
-104438.15455202074 9173.745039541402 9173.745039541402 -61872.69616222428
-109309.69651208892 9185.555187723716 9185.555187723716 -64151.76931235972
-105758.11650463453 8673.951283050897 8673.951283050897 -62620.71937001478
-110609.20450499917 8677.050618731522 8677.050618731522 -64902.75956926371
-107203.81829429159 5005.152145889275 5005.152145889275 -60237.263337225275
-109153.15790592856 4698.373945477308 4698.373945477308 -61208.78967926735
-108745.56457608125 4817.506259679647 4817.506259679647 -61404.303950174835
-110706.60564066186 4521.199204144121 4521.199204144121 -62379.7279018014
-107257.8108733517 696.1543731966142 696.1543731966142 -59296.33958929504
-106144.59363354911 278.0659720556283 278.0659720556283 -58706.07968218465
-109201.31250127827 1010.801672451179 1010.801672451179 -60718.95998060734
-108077.41499294266 571.3868992740904 571.3868992740904 -60104.43599836659
-105824.28259081527 -2896.617403593592 -2896.617403593592 -59131.585887761314
-101479.23058826421 -3220.175118145087 -3220.175118145087 -57108.57995386556
-107579.06669541997 -2141.2825309422647 -2141.2825309422647 -60402.40593686221
-103157.02946524006 -2546.011239865268 -2546.011239865268 -58410.949232794694
-103812.29116448527 -5002.831423970554 -5002.831423970554 -59951.6658394852
-97164.85110607262 -5200.223659761414 -5200.223659761414 -56448.15180010606
-105163.05021949926 -3882.2770233884225 -3882.2770233884225 -60648.36181908634
-98534.33330115279 -4107.28381887547 -4107.28381887547 -57188.18926740983
-101400.44679254555 -5492.021645785855 -5492.021645785855 -61335.98199572037
-94417.89882561876 -5335.777221995016 -5335.777221995016 -57619.335245862705
-101043.01589417277 -3950.5156351365104 -3950.5156351365104 -60565.287945865064
-94096.21403492082 -3854.979715750142 -3854.979715750142 -56845.122721430365
-97677.25845621168 -3417.361294132979 -3417.361294132979 -62618.53638416907
-92063.33353675972 -2777.6912317867027 -2777.6912317867027 -59585.71926990438
-95521.00719716656 -1860.3735913166493 -1860.3735913166493 -60070.31257940667
-89826.36142961605 -1216.32664159235 -1216.32664159235 -57113.288744240795
-68541.70145238114 17087.632963612552 17087.632963612552 -62182.08217223745
-86855.26756023116 19641.358234010906 19641.358234010906 -72080.0038011386
-67982.42141300961 15982.205879751382 15982.205879751382 -61546.19558297169
-86507.49138210567 18688.52267157775 18688.52267157775 -71450.84362459254
-87336.32492022814 14532.748685751249 14532.748685751249 -62259.110738394746
-96588.09993134085 15028.132442708338 15028.132442708338 -66991.36417772659
-88523.51002676965 13644.723484476974 13644.723484476974 -62697.61872279681
-97861.39859869 13985.861929867962 13985.861929867962 -67433.5069764331
-95144.19451548423 10977.40955635404 10977.40955635404 -60779.765640471596
-102098.83844088242 11012.723218674875 11012.723218674875 -64230.29413470201
-96919.81153243591 10225.745546212744 10225.745546212744 -61711.16716924069
-103930.54740185183 10231.44709247453 10231.44709247453 -65194.83328122253
-99973.92238210967 7241.465663685039 7241.465663685039 -59537.798894763524
-104509.16816730746 7015.598257541975 7015.598257541975 -61668.64266962709
-101975.43574709135 6667.007499120725 6667.007499120725 -60910.36136512376
-106470.37696935427 6396.522514214429 6396.522514214429 -63042.60616077015
-102457.47840996658 3369.098605666786 3369.098605666786 -58525.645391491365
-104369.27980538965 2896.3671062061985 2896.3671062061985 -59417.745986304086
-104600.38411625737 3103.0560222449094 3103.0560222449094 -60217.990860340215
-106548.00932613539 2621.057419656268 2621.057419656268 -61112.26927896906
-103135.1698898409 -291.7581083646184 -291.7581083646184 -58051.77655341652
-102431.9510382781 -819.7570473237602 -819.7570473237602 -57709.52171643093
-105319.43079335497 -78.81790953230666 -78.81790953230666 -59756.58551172405
-104578.41293631794 -664.5261194906301 -664.5261194906301 -59417.791267579945
-102631.90423136565 -3067.9295221504176 -3067.9295221504176 -58411.10137653834
-99754.89819233981 -3410.3978750036003 -3410.3978750036003 -56905.122773038485
-104601.89641455312 -2551.082031728646 -2551.082031728646 -59711.86536482408
-101651.93895133972 -2946.215320048137 -2946.215320048137 -58200.92712309681
-102220.02461117938 -4497.023786598766 -4497.023786598766 -59363.379937956226
-97975.98926725841 -4626.637251855896 -4626.637251855896 -57138.39677383011
-102933.46258932882 -3745.0853035178425 -3745.0853035178425 -59821.861799203514
-98769.20687741837 -3883.3623186761088 -3883.3623186761088 -57558.29466922394
-101320.38610398884 -4408.744675480009 -4408.744675480009 -60598.954457530934
-97427.48027844653 -4184.258654612098 -4184.258654612098 -58482.77915291357
-100550.50377442788 -3475.8469891671034 -3475.8469891671034 -59691.10114286063
-96665.55980645427 -3274.10050363722 -3274.10050363722 -57583.52692192465
-99961.64513720806 -2408.9429053274475 -2408.9429053274475 -61555.77346759701
-97378.97724023326 -1802.5021662089418 -1802.5021662089418 -60220.78651138089
-97848.55057558123 -1701.7808462230787 -1701.7808462230787 -59339.55360561915
-95247.37566399557 -1051.6024624483734 -1051.6024624483734 -58011.327585252875
-66591.14052245308 15115.981817432155 15115.981817432155 -60845.06875940835
-82243.27823602942 17231.474391609787 17231.474391609787 -68956.90212170374
-66018.28023996516 13977.94262433493 13977.94262433493 -60970.34430575702
-82501.34408467947 15808.341012941513 15808.341012941513 -69193.68034323932
-83347.53650623905 12603.773176325894 12603.773176325894 -60128.5176131056
-92276.02960669374 12787.949535564014 12787.949535564014 -64460.66543619063
-84933.31780511796 11661.819995400383 11661.819995400383 -61218.47179142023
-93986.19649348491 11760.055342045605 11760.055342045605 -65504.86523667253
-91261.87261876125 9245.64733861489 9245.64733861489 -58804.93951745789
-97708.1394686006 9118.559165317085 9118.559165317085 -61939.54750518551
-93261.61045066951 8466.972497103456 8466.972497103456 -60179.424236833634
-99749.6883077736 8307.455408101738 8307.455408101738 -63336.719878841046
-95809.524607937 5702.709102071911 5702.709102071911 -57744.556915000576
-100043.19468946331 5280.430328518049 5280.430328518049 -59789.27377135673
-98226.54645755563 5200.296938315433 5200.296938315433 -59442.647491134776
-102518.49853070003 4708.693676598465 4708.693676598465 -61500.21739062339
-98395.08182808306 2293.342576544156 2293.342576544156 -57023.6415746465
-100521.66563730336 1707.7579129277788 1707.7579129277788 -58124.374395005354
-100928.62987250202 1966.1039850606512 1966.1039850606512 -58974.55056153515
-103091.65753639904 1364.9542210422528 1364.9542210422528 -60030.37179306703
-99663.99729715846 -709.4856516306025 -709.4856516306025 -57069.49127300589
-99864.48402885126 -1283.239963320266 -1283.239963320266 -57153.98420032043
-101886.89232848551 -744.0805528769739 -744.0805528769739 -58765.651380035444
-102116.97651860982 -1361.1983924505726 -1361.1983924505726 -58885.3947217313
-100371.8090755431 -2791.5453765912343 -2791.5453765912343 -57646.07621648519
-99108.54674665719 -3135.842500496395 -3135.842500496395 -57041.347091951975
-101917.29632962146 -2605.876017216734 -2605.876017216734 -58867.17995731663
-100674.30575600211 -2972.1555437365428 -2972.1555437365428 -58237.86441503378
-100984.0118159063 -3692.5071878201206 -3692.5071878201206 -58779.76965374024
-99103.13469246992 -3798.9997645303947 -3798.9997645303947 -57803.72023374399
-101373.08716136457 -3335.980484094067 -3335.980484094067 -59058.11474202197
-99552.09921109889 -3421.771453315412 -3421.771453315412 -58077.25649781323
-101515.22312016746 -3319.4896772527513 -3319.4896772527513 -60067.995900416754
-100038.0350889979 -3058.6345780425736 -3058.6345780425736 -59187.45916137683
-100552.75409735109 -2927.969178130982 -2927.969178130982 -59220.62786592116
-99049.34755758205 -2671.1029141380905 -2671.1029141380905 -58367.753528193396
-101937.57719214314 -1611.1212386406673 -1611.1212386406673 -60905.26404084653
-101642.89008086958 -958.2552687923425 -958.2552687923425 -60739.72487087122
-99598.45299204823 -1466.1516849102504 -1466.1516849102504 -58926.81468038161
-99298.60954740681 -809.1002376318584 -809.1002376318584 -58736.95586533198
-64737.680075174074 12851.235076764364 12851.235076764364 -60646.44815793696
-78224.75251125825 14286.878192854438 14286.878192854438 -67111.81064688347
-65191.76364057515 11628.535925657909 11628.535925657909 -61315.20737821288
-78974.31000782971 12421.18485607821 12421.18485607821 -67619.48568537639
-79771.23623533714 10632.321395534744 10632.321395534744 -59123.66335088565
-88451.13031221875 10660.7709315242 10660.7709315242 -63030.727987050275
-81718.87612385597 9596.02363148925 9596.02363148925 -60587.80622754332
-90326.1007372401 9370.492190096718 9370.492190096718 -64627.89118908911
-87723.88924823391 7577.870110818857 7577.870110818857 -57678.867357937845
-93699.05616636606 7295.038410882276 7295.038410882276 -60609.95403235889
-89813.6205982277 6776.3878139407625 6776.3878139407625 -59422.869686884864
-95908.04181812331 6385.7144755500585 6385.7144755500585 -62394.018851484645
-92455.70102924472 4509.186146140037 4509.186146140037 -56730.294328706535
-96518.4247946354 4067.6924065253543 4067.6924065253543 -58641.535678387736
-94626.4962610918 3878.931859753225 3878.931859753225 -58486.09033258637
-98783.2075058255 3302.1741422620366 3302.1741422620366 -60535.94546793138
-95167.55635531517 1672.3395320437576 1672.3395320437576 -56208.77453456569
-97882.61461165949 1132.6401316224428 1132.6401316224428 -57539.67539093716
-97389.57553583971 1118.286140168625 1118.286140168625 -57920.1296813341
-100126.15360790717 484.205569138044 484.205569138044 -59353.52360592775
-96903.90174265936 -636.625598276707 -636.625598276707 -56473.69384028444
-98323.05173966996 -1186.5444422065352 -1186.5444422065352 -57146.07999164263
-98802.10245739183 -1041.472375976669 -1041.472375976669 -57980.48878989024
-100242.04241485233 -1596.1395072044777 -1596.1395072044777 -58680.599814243
-98621.15601263635 -2218.6591137644004 -2218.6591137644004 -57262.18496814187
-98980.6253333198 -2518.5600119893406 -2518.5600119893406 -57520.24401462444
-99839.46161976478 -2366.5745534726343 -2366.5745534726343 -58263.41676335962
-100208.14838665129 -2657.3264627522185 -2657.3264627522185 -58516.73870217502
-100170.15979134462 -2725.456614115389 -2725.456614115389 -58445.84321804193
-100242.9481108941 -2782.2798510525504 -2782.2798510525504 -58475.349883284216
-100438.48229635916 -2748.6939164020823 -2748.6939164020823 -58670.33895287531
-100495.73855810813 -2803.5664623891735 -2803.5664623891735 -58701.69171505568
-101753.57291641219 -2262.4656523504027 -2262.4656523504027 -59580.45550267584
-102179.72815556014 -2021.5581631483037 -2021.5581631483037 -59833.847032889724
-100837.27234980371 -2319.3536490941196 -2319.3536490941196 -58859.75458907331
-101261.6796578941 -2082.775648685455 -2082.775648685455 -59099.0700255292
-103164.8290489336 -949.7069040975756 -949.7069040975756 -60374.492883174265
-104475.59476800787 -344.40427698874345 -344.40427698874345 -61149.141432920376
-101128.08922645226 -1224.0540208791172 -1224.0540208791172 -58724.93111101309
-102401.58655291417 -633.968112331376 -633.968112331376 -59454.52087226461
-64368.71544894478 10430.64428133364 10430.64428133364 -61456.03369912
-75167.8671352619 10941.361248257872 10941.361248257872 -65991.3436556114
-64872.95121217225 8748.748704598855 8748.748704598855 -62650.60056238034
-76326.94776346696 8979.876149760155 8979.876149760155 -66895.79055821197
-77059.2179280986 8689.59995861831 8689.59995861831 -58862.07914270579
-85280.58231890881 8391.457030407662 8391.457030407662 -62643.888715237525
-78694.21368202928 7159.6932673004785 7159.6932673004785 -60520.733107719374
-87041.11844597339 6749.924139742157 6749.924139742157 -64383.424636856354
-84756.18547228973 6083.1485454228805 6083.1485454228805 -57358.72941736771
-90713.89012908765 5682.311899246255 5682.311899246255 -60263.2883100127
-86651.46293373547 4795.025068208182 4795.025068208182 -58950.936558532565
-92608.87735137797 4294.658561415634 4294.658561415634 -61976.14703899652
-89546.5677588016 3483.4579417653804 3483.4579417653804 -56373.10582536322
-93909.63634843199 3075.009629300709 3075.009629300709 -58618.90516816205
-91203.94048698874 2427.3797054743673 2427.3797054743673 -57877.39254687347
-95638.75066788992 1944.154811388244 1944.154811388244 -60187.60851767745
-92762.2262251696 1238.699562016397 1238.699562016397 -55988.43084572797
-95938.71820752548 834.5294520876065 834.5294520876065 -57644.77880468607
-94284.21714630067 412.38193744671753 412.38193744671753 -57392.003388595294
-97438.75299272886 -32.03067135842278 -32.03067135842278 -59091.90195270151
-95165.75931906865 -390.2490793187343 -390.2490793187343 -56222.08861374614
-97451.6826848774 -793.5685173609583 -793.5685173609583 -57472.49155939992
-96633.7693556381 -1032.1977688019936 -1032.1977688019936 -57442.49186722239
-98903.52414715741 -1450.4291607195244 -1450.4291607195244 -58761.547120662166
-97316.65120331601 -1401.9178119945987 -1401.9178119945987 -57174.768382784576
-99032.49034932008 -1679.1456948104892 -1679.1456948104892 -58036.860252498234
-98331.59723302622 -1864.6709699211438 -1864.6709699211438 -57984.18708890633
-100058.3361991676 -2136.0281974261775 -2136.0281974261775 -58870.083833969366
-99669.49538876256 -1701.211088589044 -1701.211088589044 -58232.97852790505
-101207.45300231472 -1762.815837150223 -1762.815837150223 -59056.101023675124
-99923.95985072064 -2091.484108908455 -2091.484108908455 -58458.37722264997
-101451.29692046516 -2148.0746787853186 -2148.0746787853186 -59282.58349686034
-101860.18403873799 -1266.811409456389 -1266.811409456389 -59251.821787336026
-103827.70418933958 -1076.5960461794712 -1076.5960461794712 -60299.762140885745
-101206.93249401485 -1766.5604482611766 -1766.5604482611766 -58743.48840637129
-103164.16664642177 -1567.1672062097327 -1567.1672062097327 -59797.92533060628
-103815.2509157627 -396.2479585894516 -396.2479585894516 -59921.46579920353
-106259.44579230057 78.1027271121163 78.1027271121163 -61276.46343224066
-102217.77689427632 -1008.3457603334036 -1008.3457603334036 -58722.19603307008
-104670.32510421646 -569.2211584764702 -569.2211584764702 -60056.341789274156
-64292.761244652305 7254.049628583765 7254.049628583765 -63133.742873452815
-73510.3138574791 7360.094294910668 7360.094294910668 -66462.4843379712
-64584.181962391034 5100.204324858689 5100.204324858689 -63955.81884827039
-74129.0679786409 5000.267175603689 5000.267175603689 -67349.15876645135
-75397.01370790733 6111.643301973048 6111.643301973048 -59651.75685412587
-83067.67837404134 5820.802688872519 5820.802688872519 -63129.570460259085
-76422.81780939609 4069.0866258001242 4069.0866258001242 -60734.89288032862
-84201.56902627352 3658.636865965643 3658.636865965643 -64280.0317633506
-82736.32910519665 4248.1749127557005 4248.1749127557005 -57509.8593024297
-88784.7015894361 3944.264038703149 3944.264038703149 -60537.82739576488
-83920.36578581337 2530.3698547892486 2530.3698547892486 -58609.23512735012
-90071.15378184387 2162.8180297248728 2162.8180297248728 -61733.81580408827
-87400.25110949173 2443.257659913809 2443.257659913809 -56415.376814198076
-92293.18480421451 2178.367411431418 2178.367411431418 -58880.87265999792
-88473.71846293293 1075.1416445807604 1075.1416445807604 -57461.2039916007
-93358.29189708713 792.8655799530625 792.8655799530625 -59973.43446700825
-91101.83375422902 913.1001714547099 913.1001714547099 -56192.70180886867
-94727.36055334704 661.4288392826172 661.4288392826172 -58117.47908063273
-92037.10362173305 -63.60158021264989 -63.60158021264989 -57117.46153185183
-95715.87390162933 -322.43893869520343 -322.43893869520343 -59055.3442900233
-94178.40710192652 -98.35903552920632 -98.35903552920632 -56522.51850668821
-96983.7677373723 -342.8229180172725 -342.8229180172725 -57998.859628907354
-95061.96539626387 -889.9287457916412 -889.9287457916412 -57307.18613145855
-97898.49627163078 -1113.2083370492287 -1113.2083370492287 -58837.679948512625
-96728.09385944209 -584.0417036313061 -584.0417036313061 -57163.18868353351
-99251.00973885991 -794.2918095176699 -794.2918095176699 -58578.01511687354
-97459.97308614927 -1269.1729757799942 -1269.1729757799942 -57781.560983854906
-99989.88407494998 -1488.5479781499175 -1488.5479781499175 -59210.03915182553
-99352.08079625761 -701.3205506305221 -701.3205506305221 -58161.6586975247
-101963.65676700353 -754.7999930187211 -754.7999930187211 -59535.835605278626
-99563.76105347548 -1394.765577614868 -1394.765577614868 -58331.63994511522
-102208.72939730545 -1447.7282213334001 -1447.7282213334001 -59713.32691926113
-101891.06525239942 -473.26488091386557 -473.26488091386557 -58970.413281507914
-104803.79992258425 -323.4253415943774 -323.4253415943774 -60569.84908223415
-101512.63339303476 -1221.9272466719362 -1221.9272466719362 -58670.70413041413
-104417.65565603958 -1083.3749355894802 -1083.3749355894802 -60272.49448499998
-103948.84513195195 -18.918649240173586 -18.918649240173586 -59502.92939215376
-107260.23680305385 275.1122330026499 275.1122330026499 -61308.803759056194
-103055.88137537228 -801.7191251178735 -801.7191251178735 -58789.13365722208
-106291.90947279958 -527.0761217989514 -527.0761217989514 -60584.98895115379
-64285.274723961586 3336.0155836602726 3336.0155836602726 -64129.92263883317
-72775.6810713661 3390.4349875960243 3390.4349875960243 -67109.72224688923
-64250.684675436445 609.6697503919856 609.6697503919856 -64120.036785703334
-72830.07387194634 636.433557847251 636.433557847251 -67058.4058709895
-74805.14719103911 2933.5513239982843 2933.5513239982843 -60456.0222032282
-82123.63947376359 2759.2801295812114 2759.2801295812114 -63689.807565030766
-75080.33025835364 523.5052900683897 523.5052900683897 -60753.49116288149
-82563.30588925244 378.48895976832233 378.48895976832233 -63951.491188760956
-81751.34181367156 2083.523950619182 2083.523950619182 -57989.86970717649
-87997.56519433076 1995.425681978207 1995.425681978207 -61078.6710727862
-82219.64105557183 174.0942348459628 174.0942348459628 -58414.74929582018
-88431.85412191132 61.92938739818753 61.92938739818753 -61512.51907629174
-86517.79919841606 1299.437529987767 1299.437529987767 -56770.39684117497
-91526.25296268576 1232.0181959789038 1232.0181959789038 -59394.597851076236
-87022.52060928861 -164.43921785007814 -164.43921785007814 -57227.916894818954
-91947.97789834547 -251.98419036941777 -251.98419036941777 -59871.53798758089
-90457.65666756427 679.7383545756712 679.7383545756712 -56516.394106978216
-94275.53338709801 572.8308303425886 572.8308303425886 -58564.29490375542
-90886.88101636794 -400.9059925951851 -400.9059925951851 -56969.85516734568
-94735.32401049598 -501.95809480980915 -501.95809480980915 -59021.927900081086
-93769.21695935805 272.15326158215146 272.15326158215146 -56873.8275265833
-96847.78076115789 165.25375917928108 165.25375917928108 -58551.729224629344
-94127.30393957785 -589.1762919122312 -589.1762919122312 -57248.52250207781
-97246.9392405112 -691.392160124864 -691.392160124864 -58937.89556377518
-96682.8859383052 106.58087588408094 106.58087588408094 -57456.85040146896
-99585.87371767036 9.94087418516401 9.94087418516401 -59078.403830353775
-97021.11790904695 -685.6897186601512 -685.6897186601512 -57746.934090177114
-99925.44023144782 -778.702964275557 -778.702964275557 -59397.84582962068
-99181.74776371499 121.96071770191286 121.96071770191286 -58174.98241305489
-102383.80251699696 90.27599733345559 90.27599733345559 -59892.41822602432
-99330.97369414428 -722.9478333871734 -722.9478333871734 -58285.07693431788
-102597.20811049416 -766.0961792894395 -766.0961792894395 -60015.02875849637
-101760.30456717183 155.61125792966686 155.61125792966686 -58821.2772786903
-105104.07659360085 232.94300081010175 232.94300081010175 -60627.83236569381
-101657.01258258373 -690.2163848035594 -690.2163848035594 -58724.72299312265
-105022.67419042405 -614.1377202140219 -614.1377202140219 -60528.33689395135
-103829.96327607478 216.81647680263632 216.81647680263632 -59187.65509725191
-107654.43801406087 396.98811912813176 396.98811912813176 -61043.03486220978
-103601.0603754626 -572.5578205865228 -572.5578205865228 -58985.643857244926
-107354.46056335894 -443.55120021118285 -443.55120021118285 -60863.88376357635
D 640
14738603.365134235 -253820.39523265397 3814918.5624326007 5749518.052234533 -116487.72489302278 16323549.164760966
13298850.898051646 -272073.00087386084 3633810.303130647 5469977.481417603 -91017.0035504511 16156871.799486374
14620741.99061931 -454760.4496447136 3812410.230231264 5738700.917801421 -243260.75379461463 16280251.098823586
13342662.08160725 -395631.8716387401 3650520.178881575 5492461.960933436 -170889.59529023073 16195132.942095043
13315421.71685211 -163164.09860069552 3710930.27782039 5568806.45659202 -87686.12358605633 16420241.077270111
12683082.917523198 -214564.50572484985 3613856.4251467003 5415351.906898056 -182701.61697114684 16119111.812942931
13431327.107384866 -401596.6855468088 3729784.772662766 5601065.6878915485 -196200.28642098175 16534721.395059528
12313763.689202385 -399586.34881972754 3574607.0332633117 5354120.529274811 -241518.132293833 16127291.74754239
13384507.485094314 -146307.77187903304 3749957.2739433944 5615793.163723462 -184111.237728918 16432295.386049362
12513123.689463558 -100880.53356631708 3624107.973786822 5412772.71490809 -144018.883554748 16011954.82053487
13082434.959745206 -258632.03303633642 3726646.5633535557 5569014.864197446 -251749.27917005226 16311637.518586498
12063772.760693919 -287259.697647144 3562896.1330636777 5301520.404435039 -253147.8273739842 15582920.121787364
12867690.324095568 -144781.09631547725 3708270.0055255876 5526559.99821581 -157929.08825607906 16081569.163683908
12666578.437281525 -180456.07502288464 3668602.1410931135 5462040.353737445 -194497.78795700963 15864978.425926926
12518700.242860034 -244116.69587883606 3642346.4455913287 5428337.125090414 -223839.98392668876 15916420.12325674
12672734.676975308 -282922.80603022134 3625716.7318771877 5404168.90572851 -203284.65024453535 15644874.59318092
12878531.028155746 -232677.45128659497 3719129.6691297367 5549584.504920239 -186895.15379145415 16292305.934410403
12931109.034684103 -287595.0669698275 3687403.5331068328 5510544.465220378 -164491.22467900062 16156902.083616337
12806943.074969053 -312108.22565703746 3695841.9462331277 5507212.356949404 -212170.3520417725 16028780.891629443
12610171.746372225 -332432.5136056541 3665614.3840947845 5455280.5502189305 -212126.4203250149 15851922.352637848
12780752.237026433 -266693.3422314612 3685521.1152346823 5501778.109363 -130499.73472708295 16173344.999273991
12786206.767940303 -205715.88081666414 3691674.3812956726 5511333.55743267 -130482.55835205136 16223627.61259355
12720887.106252039 -258950.4350506872 3686590.975258092 5498014.046868075 -184292.07394430944 16134392.083412996
12675969.422794605 -325592.84774930857 3679179.0411596596 5486481.337104117 -214758.2814040756 16111717.92114746
12753400.827893514 -252428.8004474909 3672793.428031132 5480051.634849824 -201548.21383862736 16046175.932462659
12980242.207931811 -271676.0141622859 3726316.708855452 5564850.089205379 -140606.83674117766 16337791.551858336
12740883.921948703 -272089.2406258979 3653369.405574313 5461204.944733605 -211204.68315044325 16109087.021747712
12778853.422545474 -191029.09435751007 3732994.223167404 5563882.23456893 -136007.2832269539 16372917.690013884
12659299.515555868 -339734.61748267 3663591.803649975 5471151.429398748 -263743.05129623594 16164709.082651153
14104304.871150969 -162066.32016026624 3858693.6740304413 5784466.121850178 -194351.36412247375 16693756.444874614
13228210.60675375 -127205.35186637794 3726747.1038390268 5577963.903794203 -209485.49681980914 16342630.807898518
14045643.174689278 -106235.51710465376 3900979.68406149 5830242.679154798 -162035.67185238638 16737657.11096509
13218375.06832271 -334305.9976306552 3656826.057047259 5503512.439464692 -207118.5017808275 16401699.922853626
14107937.55687666 -271896.0710268974 3829586.05969779 5743017.818324777 -59351.04946856026 16501525.341130547
13650964.803256132 -77040.5329733682 3795452.517980821 5687438.22973224 -19028.59931690198 16597844.134045474
14542164.295117078 -112638.76841475011 3930199.566743169 5891310.491438266 -11252.300372696149 16819654.935020402
14845534.681148315 -252726.27695455812 3853870.0194654083 5807463.959464408 -23943.566907595206 16518603.901506199
15219089.62356225 -242374.61848924612 3911877.729847231 5892982.45102513 -79691.50896575105 16579249.181212667
14754680.550100867 -261013.5715964184 3855783.8482209137 5804347.299702879 -40135.774932313085 16505020.526137985
15287995.591159523 -225645.07677216668 3901343.3805036275 5885428.689918504 -44261.20775964913 16591023.64397741
14311818.693435017 -566066.1413635676 3738063.1140855486 5632998.421322427 -290702.25718139164 16110760.875165202
13171204.616623115 -542159.6320279383 3636715.2550421245 5460000.036058191 -249863.5330499489 16021060.042578368
14155273.853664827 -642004.2273219799 3669932.715078734 5538512.47017213 -417546.2141668453 15876455.287870536
13236231.928048693 -669022.4733963537 3568126.789961693 5372811.067128237 -425833.7067766974 15721199.448491028
13410539.76548008 -559997.5438195239 3665133.8918293165 5520794.928237135 -272721.62070252927 16372412.716315806
12842406.24361483 -524329.8758639304 3582572.736343316 5393901.907211113 -245367.7989213394 16219031.208233433
13267123.24537825 -657612.1422885418 3609413.433876555 5445184.037018401 -343716.5475563188 16229461.408590239
12946523.301787002 -646456.9073094052 3516546.62678095 5315182.273586525 -337861.3890343304 15993095.660088675
13326861.725560237 -503862.39583868434 3726953.79135478 5589868.579380242 -174872.84276853412 16477525.786491817
12795044.538702726 -508721.1730894038 3665852.397391336 5485929.482566434 -151617.0880465311 16274791.660442077
12621015.160052866 -623556.4641036792 3524494.175539148 5309809.56212816 -248739.3372883461 16036303.653067686
12253130.598693408 -704041.7100581358 3463060.2564990814 5209435.991941028 -239082.32371826205 15748261.643767051
13257057.424688982 -508513.57129071583 3721951.895309221 5572587.0332801845 -188304.26420378714 16311741.000083426
12799402.628123628 -500981.01814346475 3696862.1309630238 5523017.33027781 -142736.7493135125 16329976.388803322
12171948.824920053 -632464.2460236929 3536091.798614057 5295694.881138747 -182824.8754726584 15947928.726804124
12185535.790627621 -773360.0210016541 3514612.912717002 5273718.53760188 -226820.87070791578 15967350.166401617
13149450.274661876 -475623.81793014286 3793515.7938583847 5643776.944237238 -165451.4942501614 16268740.612723097
12835456.366610877 -450020.1349890531 3740415.911244357 5569334.180949804 -90032.52685714308 16262076.054165352
12135943.552587079 -620090.7824606773 3574786.7330799485 5339824.557175791 -183170.24494171285 16015239.065718953
12251852.303552587 -718822.4344277505 3577405.6055416963 5344168.7158846045 -191146.5351088854 15928598.293909429
13125045.650577085 -412488.5285248297 3825116.4567977353 5676050.280104674 -136044.08841140213 16243397.484961066
12927451.326283148 -504203.08540500107 3800042.5506685167 5637012.963540992 -74582.63221522249 16211866.910184916
12462000.760556301 -524580.6473182895 3653594.9892360424 5453117.033715966 -98070.43189016283 16221249.0932353
12379511.121323606 -563236.2408759133 3659634.556683952 5444853.120699099 -137669.6211207681 16005590.566918902
12921328.741568673 -403548.5780604337 3810578.009465902 5646474.857812265 -119623.7750168818 16175451.558641344
12759431.635848848 -452724.8073491057 3771638.5385038084 5587587.769515782 -118068.58165445938 16016274.97965067
12657820.548883885 -423277.5173514553 3744968.8889415194 5555220.028267823 -62123.09639871536 16057263.673625184
12947641.586730998 -435530.1794894007 3806518.2175751817 5648821.3648979375 -71904.32887931584 16285384.53071114
12347489.353566198 -412024.3596224086 3732831.119191223 5527603.818139489 -143915.96035062772 16082301.609213604
12462461.055248002 -405566.40737999725 3705704.813916014 5505662.405609077 -148646.7441580123 16125280.807192195
12776921.056965845 -393071.1314228023 3798805.9179896466 5630315.310853271 -123827.17649552734 16255654.15198327
12860338.230583765 -391114.8287592997 3800569.055449857 5639801.202517742 -142998.89553657567 16323166.010357592
12220820.881916294 -454682.6521301534 3553510.6700803232 5299909.937159898 -231245.21391524063 15600142.524098428
12187200.783069292 -331630.9867438616 3601663.3702142476 5368183.541895986 -273505.1236037288 15939875.598751804
13088917.23913251 -390052.53778409545 3776632.4717497425 5631639.506346432 -187115.5117629444 16457954.872136004
13326454.283205071 -262599.69021610025 3810747.9566892576 5691982.145376036 -180296.26968506354 16676732.27231278
12160545.502443006 -367381.3431122774 3545727.218767727 5290215.791238615 -288704.3603047486 15637771.304893691
13820386.624130828 -136512.64579913998 3811395.956331331 5716810.787383165 -10476.222040207325 16665117.673806887
14244730.446733119 -61520.70671526777 3928588.1602897123 5869997.073816568 -121948.34085570379 16726271.160721863
15778499.626691507 81164.21251804686 4129756.9148173616 6190471.0099206 8656.280775635521 17176267.956080735
14071672.732111009 -789060.1026314531 3598548.3843987207 5452492.985559652 -533243.5634950377 15810122.06067786
13815007.260996735 -843430.5435692566 3535248.5955890166 5366099.613750294 -539500.8733164767 15731515.357621498
14136845.78778867 -858444.7680475553 3517314.489530328 5351224.409595729 -583286.9570838865 15506723.073932823
13459001.928286744 -864438.2482276006 3450330.8858180414 5228281.677676408 -622546.5997205744 15199351.246540435
13478908.183898604 -823219.7965727713 3566984.3583034254 5390499.513228594 -498963.03263421747 15857425.476150889
13771693.196687404 -825437.188128599 3557360.2879061066 5393896.988106616 -509024.8319406979 15844319.54969072
13415071.109682273 -931451.4466917379 3482960.270173301 5277166.579501808 -627668.1916082057 15503133.646766447
13231250.202706037 -924277.720835641 3417905.2373638875 5182558.154908789 -580266.5342250773 15225997.057145964
13679692.344309622 -784896.491485301 3593728.3373477124 5440962.542073937 -419746.76179776463 16077534.367676929
13980954.291423904 -902151.6410962911 3517619.014666502 5362079.353542172 -539313.1724203654 15873013.174836347
13178016.126082383 -926228.3728834552 3401008.6821151013 5160861.48651978 -621843.6631004259 15217021.900336914
13182744.926728884 -1050626.402586705 3297234.011112036 5021387.366785107 -711673.719645657 14705853.702595802
13946676.499201816 -878174.8489364503 3580131.3773821853 5442321.29117212 -494655.93008065503 16136858.531701576
14042669.614624847 -956686.677899871 3518004.034726006 5365337.712439447 -587884.9150911053 15867995.227778174
13143401.282953423 -1054781.7406177851 3286757.0024555107 5007498.882334003 -694400.2728486146 14697921.858878706
13366853.964560805 -1090730.1177824454 3295952.9262150973 5033451.16033681 -801089.3446976842 14791203.574698571
14249173.727337321 -874939.0871128417 3627577.5697947755 5518460.1810653135 -445528.8327826807 16313322.863215525
14117080.265240462 -891705.8537657729 3564972.157903392 5422537.792944473 -409426.1004157647 15904287.466015337
13371131.894971991 -1110858.102476883 3292747.9027298414 5026496.42544368 -807942.8886018879 14718341.898916306
13419467.865296064 -1096970.5761634053 3259403.4741747514 4977872.10318453 -760780.0714821037 14431097.315854406
14394654.905316113 -849278.4530760136 3654802.9900916605 5550084.364797971 -326110.27296833484 16201365.853692839
14380861.850840036 -833239.6183834444 3521847.176528587 5381407.2305996185 -402514.28320943564 15766643.831155635
13137625.45218557 -1132697.0701242464 3176075.828656688 4851067.90351707 -776042.2634563628 14010063.769306714
13487159.825049099 -1083236.2390991137 3157527.6262679324 4837123.948522863 -736033.8450506848 13789710.849399382
14116454.627045047 -900852.3919631517 3526929.2946506096 5377542.757901717 -398252.1249721324 15841954.093144542
14354867.741308795 -868856.4831381263 3604931.331835876 5495600.272798032 -253449.5358226241 16248647.993188653
13277771.98674677 -1165886.3971996028 3055895.584063919 4698209.7319136355 -778387.8123588709 13456718.233263513
13263256.027885294 -1122187.06036399 3118804.0271032685 4782042.213451245 -669988.466545917 13763898.785603566
14314842.378044002 -809956.7110076825 3627610.2297312203 5519568.255879852 -211972.41707902311 16269042.953221917
14093875.85134242 -989580.7388217562 3525243.7262923857 5385844.990935345 -527873.2137811179 16067659.31071426
12653781.847781746 -1208660.9190715184 2997136.7488120976 4624744.134141423 -749093.2776430008 13904089.961630384
12583130.546612466 -1142961.4536178517 2800550.469020071 4389428.768559106 -767863.4459196429 13593334.068431273
14489780.693166943 -585244.1630794278 3718389.7406523423 5609874.736552215 -199405.5741298978 15903126.04966004
14833985.465037454 -865355.3427021225 3567839.43564859 5455831.885110054 -468335.72396570386 15790183.560852777
12965380.640364174 -1133543.465979015 2943939.6783062587 4546640.558231997 -894899.4022312708 13200755.818467204
12568791.464712135 -1208491.5901579019 2820870.7323957765 4382027.788328099 -827527.615722446 13012607.361827781
13926013.46357648 -919288.0166184603 3586404.272345505 5413624.218611984 -532872.9893182153 15445576.338946326
13486290.62079159 -875192.4359328911 3286438.071395247 5048413.354514036 -487456.5349421391 15180329.743370246
12399143.583529832 -959913.3642575158 2876340.1783702825 4444177.668660829 -720710.9238754857 13204925.315243045
1366056.989018639 -292815.8458792309 337778.630836488 506401.1474907369 -288731.9315383024 1330836.0612643235
14385733.355363056 -771511.2798094458 3486617.0087259994 5302340.12060294 -562869.957251159 14955494.03640562
14087050.015684651 -870353.6448771813 3402663.912203128 5186283.463534244 -605627.195532776 14780012.171972403
14414965.670211848 -747344.7054573963 3442266.452760826 5231068.399861189 -546394.9747169191 14476539.583640385
14251620.641159642 -827578.3304932265 3372909.167498031 5133939.018866204 -621949.9652273528 14223157.41484895
14004888.516805837 -823739.2844127867 3490761.628212724 5305743.488403127 -590440.1828776352 15313224.672191069
14408918.634080889 -784232.8240332544 3499375.7789042005 5329040.141601591 -529424.9264346723 15185616.115342088
14192626.357494425 -867051.9935041447 3437984.96317833 5230051.917073628 -622358.7485130867 14772742.037362797
14349451.059997812 -800561.1986000859 3407344.7968356605 5193056.425735011 -615037.8736995611 14550091.220898645
14509467.283450903 -812870.1533897592 3498504.261281807 5327767.987606808 -586227.8573447249 15078798.223593649
14531366.50667347 -813271.0287273579 3495184.245708572 5323309.914821968 -626775.6999800184 15040777.889270915
14350516.882008422 -822043.8869893914 3425957.4911957392 5215592.583219486 -695847.3038801908 14590269.488332227
14519014.27401957 -844651.4635339065 3458101.4345622817 5259755.524207539 -695645.691966733 14597864.125049101
14691491.193743402 -793355.0548746352 3497531.0000843597 5321232.276197129 -643677.2483357994 14787471.932795648
14864728.074867778 -821155.9464073947 3538883.4051100886 5372757.097401367 -671285.4802718221 14734978.48044536
14442310.774438905 -875575.4061076483 3392598.9930822067 5165195.771919768 -779635.3082354316 14224426.382748531
14777143.8742684 -814045.2842656731 3448199.262158118 5242265.748706479 -717278.5380875272 14207786.926775254
14863657.14490332 -770218.0743006773 3502832.8222016315 5311688.620743229 -665818.5548756028 14307792.87718211
15082125.016432414 -742164.3738907373 3508346.5120724295 5333684.298068886 -635058.6360336464 14407937.39259471
14706756.866355723 -776230.1909003352 3412513.6797416206 5182622.153628563 -714496.5186824871 13870384.908132458
15098822.735342091 -783051.9361135464 3466675.251627229 5264573.324956425 -737885.3157327669 13925787.911910988
15262104.625017175 -678133.8189379054 3494018.3493940006 5305049.14474875 -649256.7107844173 13970474.434607778
15378659.156809943 -708222.0831364184 3526956.086793208 5355761.707564341 -673686.5858715982 14143540.938999517
15215386.588206168 -671468.2285519291 3460500.776910736 5256762.8843292575 -679660.3332224165 13788853.787772289
15392388.794687832 -676592.1059573642 3495019.283603977 5304640.427650866 -723800.702511815 13809995.300751792
15499071.163671125 -617305.625610526 3528250.1623815964 5347767.820722485 -634814.4297509069 13834781.513862437
15500633.819974842 -607502.5366359346 3531498.921769574 5350724.618330163 -629204.4082742238 13820882.058473619
15431195.280691795 -637191.8248805671 3506034.3652236033 5294687.2573986985 -715292.6066121927 13329793.614974443
15437860.985472409 -639510.4343042098 3503970.479804045 5301103.806836853 -718822.5848155298 13496864.360131597
15465998.838027444 -514921.24725060025 3522014.2868609033 5331354.587288745 -499854.9227444102 13676778.31996891
15315189.78883941 -527400.2174071528 3496530.141805649 5286677.176673837 -498674.4719382466 13494690.498283349
15344578.533636706 -535762.0485683959 3496858.679256824 5289030.464153975 -552249.6490556072 13505139.445560323
15282288.170329884 -579754.8124826388 3469076.4456837825 5245240.622926314 -565315.0349198058 13302842.275968492
15373181.08436288 -378950.2926613736 3533426.2174453586 5343592.491583189 -367949.2180937055 13763291.493332533
15174898.936761623 -425409.73998065176 3482842.982460607 5263950.543626315 -409713.48423299374 13481566.093359265
15324487.254605979 -435583.54233559576 3494369.017464535 5289398.750601998 -436718.2715423067 13587368.95583843
15171863.861363992 -496998.29345988005 3452906.6507424996 5231446.693838936 -483604.72387148265 13493123.46874228
15253735.887721132 -183187.26584647346 3706143.826391513 5592524.7896953495 2908.5394737345746 15061595.400975319
13840358.00017253 -150420.00353112968 3464862.568911565 5248754.438147252 -33817.988175027785 14907754.014547788
15246138.406205516 -309554.22525808687 3635607.8567919796 5489255.4237174485 -192413.89144251973 14555596.875022637
13328435.98930437 -649566.2029627536 3316212.0050513935 5025441.2470001755 -499492.7077794735 14223724.7280148
14352692.854094198 -775059.2067157818 3437227.312647308 5217708.439889246 -623514.073564734 14382474.521815753
14327919.6741325 -744448.3501035223 3415581.4365249313 5185558.3295973735 -593573.9394434071 14240454.717304138
14182381.976979362 -815692.8110205865 3400632.297651743 5162319.447183797 -651083.3099863018 14250095.979571676
14250203.02335048 -842028.2122935228 3423729.995981975 5193620.425515863 -678219.9785735356 14300145.021839548
14433444.992883349 -818883.6933718068 3442682.7622593935 5241232.611490449 -681950.7504245634 14652186.046250511
14498885.7483051 -799357.6824322796 3483529.084153914 5287269.378202422 -652939.0449936467 14608861.488840282
14221330.140122429 -845868.9055953675 3407561.5247955904 5175699.7830875395 -705326.934512094 14326311.498558136
14373169.405072486 -783709.9391112704 3437382.995604027 5222108.710025726 -666746.5787795279 14446578.47846945
14550928.38430391 -776541.8680663642 3445096.0790709825 5228812.030303213 -708930.8835727909 14233198.065799657
14983842.371246027 -758503.1456430807 3481222.474479094 5291358.075991832 -680310.7765047215 14256424.295863353
14588215.859416679 -739067.1289568597 3432820.2085555503 5208375.246906445 -693742.370528753 14057244.041171556
14800640.756526917 -758137.1168782713 3443364.270884632 5228387.573176641 -683548.3959428172 14013096.29450114
15012709.082976028 -670147.59531277 3498024.127517174 5299505.880874468 -630500.4901419571 14020877.212440223
15208020.28802322 -665837.0666844138 3509007.772865379 5323084.602257504 -653088.865587524 14055500.254849285
14884503.961457826 -653276.3617619976 3462660.141313669 5243882.909877115 -631281.8310538785 13814630.714488566
15313664.873554805 -609965.1699478135 3489027.1438558856 5293638.106335138 -620991.6227358592 13800499.655423716
15497304.052549325 -589492.0613800995 3539180.678444721 5366671.799078578 -584526.1266869097 13974156.794619227
15542717.128932359 -616655.6666425366 3554597.5708744917 5388088.465743996 -594922.3831446704 14017905.432371486
15397070.52306856 -596090.1263661829 3503478.544078086 5307503.826017437 -635583.0031596501 13676477.817904305
15521576.721895974 -629380.7593018287 3543878.416373459 5361917.65090435 -665159.9811263313 13751450.922020579
15472537.975436684 -548957.4315451374 3525795.520066069 5339031.645614489 -583054.8578313824 13740593.279613454
15501852.823737193 -555429.4971735422 3524337.1025725226 5339054.623174235 -590614.3765912751 13743823.187842509
15366692.160362711 -529531.023379617 3488276.3727028803 5276753.500292665 -570599.5074784108 13426297.434685368
15442804.471725283 -558995.9376300962 3510230.2526267786 5307363.933156519 -589642.1380029093 13479408.445184505
15450793.737251582 -451100.9275579093 3514528.0398790445 5310739.598114873 -450161.8401760363 13444381.169711858
15447649.981860328 -450609.89933526126 3509749.01963479 5306011.557347428 -450792.0616663569 13458102.567273725
15436127.152678432 -439028.85389077454 3512178.9050547206 5301027.364460662 -452655.50149042835 13316484.01694705
15392517.874172825 -455583.0726155524 3489762.338121305 5268731.763382774 -471169.90129535005 13207345.75862735
15472253.660814444 -323949.3828273573 3579381.0242387448 5394290.532494641 -244820.1782170861 13667174.262215976
15440911.958766598 -312071.95911852084 3556976.990964475 5362781.627710262 -258269.28696940187 13561226.591012299
15459462.284424119 -327290.50802851026 3577716.106847414 5391709.465852343 -267352.18545760383 13664972.482259259
15460726.428062627 -342236.94129008683 3555172.1304719406 5361765.142971168 -315405.2833198363 13560789.324854804
15321978.50743351 -179686.45832182278 3580000.1507409094 5392498.30267532 -29822.86095458288 13767983.873671547
15137621.722667897 -201595.1781000416 3500017.116840885 5276403.799017974 -60279.72161248303 13390077.2981158
15387394.071506001 -238673.7643017662 3595272.199531844 5409447.156520742 -140770.90933876816 13705560.418511309
15093394.13382578 -261805.45672630926 3539452.8483904 5319810.596162637 -118236.84112269136 13434854.791958954
14967059.4231197 -19634.236267837292 3541997.2405940653 5374964.814557753 220341.8327744714 14608297.227716088
13667500.69063291 134915.92744464322 3288609.817098177 5010895.28608173 347309.2649942685 14200988.583792841
15277704.09725031 -249238.2600393129 3674555.6552832536 5540947.401730556 -48739.22941260498 14701019.16684805
13676698.739668338 -320671.86538462254 3353983.8343088725 5081864.209894675 -130364.18433651006 14172940.873827206
14433623.871677088 -855294.7853855226 3393675.46912299 5164904.134837248 -687086.1502929043 14203598.091724982
14782757.881073019 -881392.4003830246 3433508.251791283 5235267.198698978 -683810.3410903605 14385404.132329222
14223959.229669577 -923016.2850645846 3334709.202448526 5080455.45377329 -776835.8735878422 14021546.973264666
14452845.16766447 -924881.7084498422 3369310.0981873204 5138390.477189739 -756508.7482935013 14190141.785851777
14211522.229676781 -757622.4452688249 3397325.4917556946 5148736.276016774 -700427.3778415255 14022042.020642845
14779998.68770374 -761188.3243133426 3458868.0329746925 5250862.411601119 -678157.2323128341 14142152.42183257
14312221.754472937 -767130.3418651975 3384936.6728231683 5132349.31948187 -729297.5630074476 13866157.426764214
14803028.400056383 -795501.4030412358 3439315.6548386794 5218180.801733272 -726301.9260843202 13895642.84060178
14948774.549935361 -641237.3437459593 3475085.0470911553 5266895.614235959 -652596.7432837519 13937266.175992873
15246183.14740265 -611386.7035620154 3519526.0857257787 5329697.963982058 -611168.5580374405 13918201.716028437
14797896.898895867 -659237.4768617421 3458553.224092561 5234375.236343833 -638371.4174916538 13801436.356702205
15272266.502450638 -602745.4608095888 3494228.4820571668 5298205.190713027 -616064.7999919609 13818810.085534004
15381689.478698535 -571762.1380994086 3519604.175509031 5335944.999039724 -619255.4578915196 13905918.361292023
15425842.214141218 -571028.875276348 3529840.503909049 5353613.668988126 -585297.5931728315 13989939.791220298
15283757.013041293 -556822.4624743427 3490528.486778359 5289015.0462392755 -585848.040246861 13704916.914746137
15407289.132861177 -564671.9372294486 3505116.8777872645 5312725.218831789 -576821.4677403457 13734643.662879707
15393545.149634538 -512416.53932294925 3501873.9808844463 5304490.2268073745 -563362.6300151007 13655031.59367852
15418843.516846035 -517485.314362918 3506443.9071482685 5310050.830082826 -553835.4078636682 13640406.912356641
15369654.874497969 -523012.50799469504 3477835.747326911 5263124.575991576 -540853.9334792024 13380450.001644708
15381081.305021405 -515314.11111915903 3490422.5288783177 5275050.72880948 -555975.8949633793 13330637.439688448
15452871.07646933 -414451.3363960156 3520216.668371035 5309705.725805235 -434270.2513346757 13296476.48795103
15425300.44363084 -422568.9917804414 3512500.0159728727 5300071.004297751 -452360.4902510796 13301119.084317964
15409128.90598927 -427447.7372492011 3509369.1446427135 5281793.155702424 -447007.1810450314 13020612.794699803
15373998.246441232 -436422.42511847307 3505837.320341702 5279413.22762615 -421382.7307719884 13085845.058140097
15447384.87792587 -319245.899255874 3580169.255795234 5383704.386641238 -244986.44723167483 13462978.971679386
15453779.174972465 -315478.8682490954 3582263.019466685 5388326.38401547 -231906.72783303558 13502961.871000828
15442252.955355689 -313925.9595566189 3582679.2844209513 5388647.644507821 -231178.43987307078 13511755.438537115
15437844.049756438 -316243.6386939481 3569197.978416471 5371547.907347607 -237991.9458293138 13470758.372436026
15470729.830989512 -248829.09636399822 3568201.0007326347 5356920.801816804 -102074.88056440276 13167263.961779147
15404036.41612998 -250542.84745957697 3549580.7828823975 5336346.844351363 -92517.03031254097 13232123.005138874
15494490.881900687 -291790.9035417039 3591688.3867382314 5389697.20917866 -157864.92539679233 13282308.553530328
15437553.490930995 -282179.425514191 3576412.8757774644 5373495.0089297565 -130071.83022516157 13351263.183482891
15312716.223630622 -62975.89945073097 3550932.3364932565 5364391.676667283 184656.6710517863 13854605.481649553
15057861.662025876 -76741.22754274517 3458186.3681346783 5235026.690301866 170308.62520763016 13562571.644274121
15344394.557149991 -185275.01668751586 3578966.1153944354 5397569.709459055 -33069.634694663175 13869744.835173696
15127774.251797862 -238285.08220715213 3520039.999222869 5307909.506208743 -92439.0974148279 13589535.561820662
15090375.503781496 -128575.15761540283 3610213.2453237767 5462890.168215125 120565.9297217366 14742736.006384643
14346056.9087442 50451.28152840642 3382715.6063798293 5150619.47984402 254005.6943895539 14246588.900601469
15201763.707454622 -237114.27813567308 3660891.83069826 5521236.096618716 -41504.17162398654 14683337.621797517
14911494.271929448 -236837.9782371392 3514806.9150617244 5324199.657963341 -58584.56039186998 14246746.461261174
14189652.190094834 -902959.4057407642 3333868.4238454103 5072860.010839669 -780326.2302770414 13922442.284069693
14577438.938388625 -892480.1707034447 3418735.9095286555 5198660.411884799 -720429.9738033513 14183578.922120081
14080181.159354866 -867038.4613282004 3328895.2759865797 5057801.643324397 -739722.4344749294 13840155.277212653
14507423.141217705 -880385.9540193775 3385554.997630622 5139538.850939073 -763086.7490706276 13801143.467535015
14613973.50501445 -711048.9082674495 3420231.754420284 5183160.032238627 -692166.5579938485 13804128.13033228
14901313.790059367 -646591.4611287748 3481214.6220629876 5269611.897545741 -662839.9523616483 13904202.054356005
14656642.77711219 -687836.3226931002 3438248.0420416584 5205313.337762977 -663535.7915113923 13808166.61993168
14789438.420479594 -659109.9119870128 3459160.986728398 5236385.873762969 -662617.5756919922 13836736.949776916
15136000.408150282 -600868.2245901931 3496143.161430064 5294723.088033177 -605034.3153509964 13843311.361046432
15376963.721618824 -567809.6152241359 3513216.002782908 5324878.040085614 -599200.7312884523 13829844.605448192
15070540.502366561 -599744.6941942688 3456071.301719873 5236685.765058774 -629296.3639976738 13629605.745788597
15273177.901952619 -558503.1601384974 3498995.4674920794 5301784.720702854 -574393.6808108869 13784615.854048897
15331198.579460392 -508157.08551063127 3489586.9044630383 5288473.4438983435 -550701.913187549 13667358.136959763
15370568.974726105 -527364.1160714913 3501825.7312211776 5304453.741034685 -578722.0449402735 13678339.494924346
15248500.342756825 -489812.7983249644 3464372.8094782494 5241913.346148452 -523729.77057425125 13373564.505452989
15345378.931399276 -518178.02927067166 3477865.6315643396 5264849.710385479 -552618.7011295401 13438571.121899294
15341618.683487449 -423958.8597575409 3497864.016620987 5272543.791034781 -416868.27742947085 13156248.507232375
15460519.242825704 -415881.9019728079 3520251.0128981457 5308773.096005478 -429356.02295614127 13269420.158777334
15318849.552105393 -404354.10468186316 3501542.318719385 5273939.696502748 -417292.8082937804 13126013.090910936
15439989.676822681 -433418.60295036674 3516174.360102188 5300071.26726665 -428506.50717501796 13205599.502934078
15440163.774950938 -313781.75605550525 3571896.764968726 5371507.082768256 -245031.74465707794 13408248.805664437
15437493.531818576 -320710.19551893155 3574004.3434239617 5378204.341710737 -258974.31418272908 13498497.52366796
15437410.740372442 -314209.4343546468 3572036.0671446123 5371564.5717509985 -245468.0502847659 13409086.98159449
15460480.041008586 -319932.18309835735 3575082.5387340714 5377442.269212811 -241869.91866244018 13436549.275940934
15481198.685265869 -299117.6628836006 3597810.4081015745 5392767.822257046 -162487.7578536885 13222328.524779264
15473506.0220653 -287527.3512968345 3588025.331732387 5380194.478570933 -148917.75720055104 13193826.017931122
15461674.795096619 -298321.6260417936 3589613.073294456 5383122.065328085 -173071.7942683329 13229278.652935704
15456049.043678604 -296980.48214142193 3576647.478884486 5369409.669411017 -158045.66162043397 13245899.595670508
15379304.968295317 -167322.7948044497 3544376.2231621975 5331344.432602067 13964.46948097635 13271306.437023012
15206048.266817857 -141065.92137276847 3484616.567948913 5249609.13264556 25987.60363119016 13124569.59744737
15381654.818067538 -205587.80677299437 3546193.2738434346 5330531.842647039 -60266.489664524226 13212729.717377191
15200374.025954371 -198874.83459772202 3490783.2385395793 5253811.921157358 -36936.556567793654 13078632.89996713
15355524.122900072 -88139.000438176 3578389.8390526045 5410439.642203241 160668.72478756832 14128691.888238534
14865281.734609887 -65711.68827147213 3448784.8992650732 5220383.06378414 183445.2187547472 13669111.341970658
15351452.770902632 -150800.84071684294 3589668.165434598 5411762.123731416 39167.96365020008 13911089.78313614
15036021.161281755 -144004.68182207298 3492449.1378738387 5276748.6337001845 41027.47122201037 13665070.054756034
15108133.746548446 -157205.83915289937 3595578.6530480077 5445773.988475965 113622.01463076356 14704615.080951624
14796889.944552599 -6437.56117890824 3476743.3364391513 5283663.23744705 184869.73331453584 14388020.963495873
15186534.603772689 -250501.63083536742 3645991.1829245454 5494920.693209773 -96137.35643472473 14500073.015557252
15123679.592555473 -240692.4963972697 3589690.794457629 5423060.693614648 -78820.00494613113 14364336.702344496
14163715.541282902 -847799.612835964 3339060.847560087 5075613.068611549 -743459.5735901118 13889206.762707535
14533748.290877143 -896207.367445653 3378585.9586449936 5136555.048712743 -791867.2075897134 13868461.233923074
14087204.576265883 -821653.4975699956 3339338.224152844 5054890.457108075 -745584.8008844263 13545163.117309012
14394464.199739028 -847794.5057189544 3365791.7503949814 5110080.832215097 -784277.8246919835 13759733.543865973
14845352.674217679 -648522.0709654643 3456551.182888373 5231544.993812229 -652919.130885158 13741420.67732493
15085456.089046394 -641545.6954444561 3472474.4456046936 5265401.036781518 -641868.3225158505 13828126.397206346
14820227.022488205 -621831.9669549102 3433763.2999482127 5199068.347818231 -652358.4029432973 13618346.705198696
15102194.255069971 -615440.3909585502 3478441.16805022 5265391.383413869 -630025.1494481418 13679927.160422323
15037643.192484928 -529968.2132467909 3472120.7898697783 5250683.9807088515 -581348.3838556224 13589378.662282342
15366542.003282212 -503046.8562463586 3506671.0492303926 5312160.328151053 -561386.3612778105 13729901.061585646
15090931.56599022 -498109.74926035793 3437779.359633991 5204329.153096799 -526193.6740734287 13364505.26170925
15219204.303463627 -506049.67130187724 3452035.384592322 5236225.124956045 -529694.7607925861 13560519.392481828
15213719.940167762 -448763.8615927318 3444585.567984196 5216104.658684076 -443914.36804218526 13327490.500713762
15314476.092609882 -420211.4774045132 3488427.1317353905 5271468.5457418 -415434.16952655243 13369497.679604996
15217650.595009865 -437816.6660185252 3465301.046292757 5242515.724115709 -409045.52280904196 13396040.590253439
15322826.413131265 -411304.9257780444 3500816.4770221952 5284597.087121446 -400329.028211366 13351152.562923778
15456307.018955939 -314364.7443591184 3566843.5469047963 5369985.006735713 -248673.85937335814 13472834.853274567
15469733.735325688 -316239.5606900307 3579235.4394335756 5387879.071262971 -270417.4442840168 13544667.806161178
15485592.265101396 -294164.4065714871 3583989.082803298 5389197.384715332 -221130.86742863493 13450595.387012813
15456376.864376502 -324287.7883212959 3576030.6800549612 5380847.573789923 -269205.0648058897 13487899.439486891
15453521.534454402 -296360.1323025055 3578027.6742184316 5369450.793549489 -175914.19237632796 13218885.281628685
15454460.638162194 -296944.19997048064 3577993.8919776534 5369406.8326695515 -176383.74880037972 13217810.181240272
15434896.78218357 -316919.38090180745 3557344.6166234417 5343110.25363438 -208549.60011229836 13165726.494863542
15455977.977222616 -296469.9415823956 3577958.9920270457 5369416.792052914 -175827.9088050412 13217259.828212379
15373565.491222488 -223042.44299865735 3530120.876283055 5302132.281213041 -62703.09045882314 13006420.61381911
15293953.801179007 -183985.4100371675 3506010.59114633 5269284.406501104 -33829.725741023074 12959501.102321245
15388308.415344844 -243465.8521434549 3536916.5735113826 5311855.268122007 -99707.09494241742 13036632.092661366
15404855.733231066 -234703.99471473903 3541040.029819114 5317342.300257746 -78436.72883393202 13039109.406869117
15305044.139792405 -135232.90061508078 3502211.7841280485 5280705.088180202 64623.80702124277 13260398.056868432
15095028.862048611 -97497.90232855268 3447607.0350654633 5206028.484767529 127880.95249853037 13178185.710699448
15342267.6569848 -195505.35771639203 3517968.9856074904 5300473.314404473 3507.512593963218 13271880.664905448
15118112.223794458 -154775.83702815397 3489773.30526927 5253302.987552092 58.90754271880819 13172934.537271392
15335011.206426475 -102741.5265302542 3554924.5317285783 5376067.61096504 151306.17776606104 13978001.031566605
14878952.030617826 -66682.11736818144 3447870.0133834425 5219675.4336251095 190180.35997353253 13661415.979105854
15328520.729347464 -126231.39248900276 3564657.7824594514 5382153.281685919 77856.70296770199 13892073.453296538
15060500.699665427 -142807.6777399423 3505756.6034224937 5292581.014937443 77441.85126661243 13664473.991869595
15087732.671945296 -155673.88314265842 3587468.692824321 5427710.97708556 74661.7752367328 14542175.476697871
15086201.25642871 -146972.80165637456 3567793.062782322 5404879.144549213 75000.42638808052 14519934.00708806
15142502.768559502 -232364.54028306558 3595479.6427921206 5426421.014908382 -50986.988431768215 14285365.258761868
15122901.771642225 -235472.02472582957 3593031.817567661 5423952.080244876 -63290.13078199069 14309439.647811512
14036310.535847398 -813520.1720055832 3324607.2400513007 5027248.3896025065 -756288.1841124453 13367297.404844737
14560364.056363417 -800950.036019812 3397114.163925007 5146632.658187584 -752676.4042574838 13635777.07342728
13903970.058058608 -799109.9921681769 3325273.6890834137 5032352.518903864 -748910.9287717734 13587058.747623546
14419065.47139366 -747369.8849804932 3376712.1103033246 5120107.513153153 -709308.0205919854 13695417.948857274
14965567.350871265 -571315.0773606434 3453540.0527511705 5225982.5778559 -618641.2822751469 13576202.512750871
15081633.300108178 -581799.042390208 3495597.3720063553 5289197.620128283 -610876.6598585612 13799176.331502557
14884171.535719132 -585463.3028801945 3432083.9676026157 5198458.043507368 -606729.6531547643 13579141.478217956
14921419.495151894 -538639.5470193765 3447624.6264653695 5223544.335430853 -552687.8251224299 13701724.862152733
15085929.824776031 -490345.2532431278 3434178.453268361 5202186.522665208 -462170.95874627295 13405874.345168877
15139599.404457532 -496330.0244807942 3446009.3586006453 5223444.530588131 -469894.95451506635 13517085.027969068
15093775.718077907 -470376.2826272954 3434455.3535276945 5200334.870125822 -451970.7666667401 13354903.59501056
15188010.104891023 -480666.49190578226 3450987.936917694 5227916.841661728 -453458.20280008146 13448591.824564409
15135995.031031637 -428456.3078747437 3472419.1446372685 5247477.241300258 -388824.83977685135 13420328.365103545
15305996.753527632 -382140.954323452 3522875.566421368 5311105.2314523915 -343962.82276147476 13412845.182508659
15157351.093612825 -411232.03372128383 3479488.8174689803 5253104.001702082 -361271.1929011863 13355974.710488262
15367833.460065736 -382835.73888712766 3517787.473007172 5309474.073793632 -324881.62523470854 13430323.37482286
15458323.754192494 -315395.4464898597 3560450.3502460886 5358030.844702855 -213501.93858073556 13372385.237069247
15455082.919977829 -316373.58599242097 3560655.852780568 5358309.184280142 -214374.70039380752 13376671.823426025
15461043.109940803 -317521.0854869206 3560494.405169053 5358172.580583305 -215194.58000068594 13371531.366965733
15457820.59171276 -318506.7797487018 3560694.0423594587 5358445.599042993 -216104.31528901093 13375822.259623285
15456448.909810044 -280385.0227533666 3566327.526697023 5351189.678212563 -142183.80591486066 13108138.864918754
15457903.28668021 -281893.6000811154 3566301.408073563 5351145.151098045 -143327.5937419778 13106368.566601869
15478338.420530932 -283529.6189243093 3580594.8255352476 5371023.772821047 -141234.86656071368 13169050.664675169
15479692.5296231 -285058.48905055464 3580595.365870388 5371004.762592599 -142422.9527650629 13167304.470164267
15319942.075216651 -177373.9130549297 3517374.2545922073 5290315.036087332 -18091.440779633926 13104124.769436834
15310082.684633212 -193932.59051550928 3506077.4980322253 5276163.547374539 -16533.98812206253 13079483.04677513
15378971.603277314 -177033.1068535475 3537107.387646479 5315054.584229726 -39432.406640992245 13105757.299669875
15323540.394615516 -194182.47355753699 3515959.8978195176 5290081.460747734 -11753.635266914482 13126970.838414442
15274705.228833327 -106511.67080217392 3493586.290434636 5270593.791632035 119076.36509416866 13278271.875720635
15139333.436538978 -96592.04691031281 3458437.0098417383 5223714.689334693 109306.85411777602 13249345.829764908
15267913.907355908 -141016.73543975098 3495369.8438806552 5274049.860536221 42397.97861676316 13314946.460431747
15142373.420401905 -130989.68711874996 3460989.08276435 5219191.652033614 58286.66875287378 13099699.543018103
15307874.0532849 -106210.85032303455 3526059.9316488747 5330190.293298083 117788.61738621145 13722613.058092156
15124097.506733462 -115371.815520691 3487578.6397430003 5277851.104174155 138653.4616913372 13706194.158011014
15316098.246818312 -134667.0844813167 3542065.6405864824 5345784.484960551 61109.06605566553 13674147.137131993
15121347.145941481 -147245.3553185026 3506539.9341669152 5299722.663433872 64226.17708027343 13729227.270533945
15086969.341971138 -188471.92891532218 3577260.336506287 5409284.316228871 28097.54126444991 14398989.44649973
15047644.60242481 -186208.4698955634 3544158.308145302 5360054.319804078 7362.430585624928 14181958.841177857
15114393.699308738 -224381.44058513956 3560152.933831369 5376881.081738136 -10582.595535902416 14099863.248443425
15049664.409715012 -190537.61851603992 3544371.0411133543 5354713.536715799 6696.35535463437 14068443.19528824
14197072.672164034 -786170.5808170395 3331407.3296742407 5057917.696591358 -755918.9763330994 13670319.551982636
14450564.220361305 -683190.8645799123 3399407.804338202 5147821.290567729 -688344.50020753 13718889.466056766
14324852.51868861 -735034.6353023534 3354131.1572238714 5090659.340830499 -692008.6594684564 13697448.387799047
14563945.146864064 -637234.7335313199 3430770.5287853396 5196081.455239564 -644184.7856435375 13880731.791512167
14939502.52613494 -543747.6386277591 3455869.1968860403 5231132.670025026 -563442.9385839808 13654028.091382084
15044600.478558341 -520084.526805991 3460825.2098985007 5245636.215977469 -547574.7529549404 13729968.803939171
14929941.136436252 -528290.2944211123 3442409.767607464 5211518.039616644 -543579.0177254314 13567404.328985954
15116123.853066431 -499519.34301053797 3469288.7371349926 5257947.277679965 -514266.15212984075 13718469.172666796
15005732.833199123 -426271.2044508517 3416972.1993001224 5175990.292604329 -407839.9980144013 13340684.365994561
15109122.590313038 -413602.73466768663 3455034.7083270536 5227009.023383875 -379067.97609851015 13420294.030787518
15051984.01107413 -394522.82492106943 3449984.573143845 5219519.440838698 -361747.2600238402 13438743.912085844
15126879.577537557 -401707.5340896891 3464223.144638218 5238860.300435425 -352812.9881171467 13437416.987876883
15187403.109459653 -369573.310072683 3480984.1792572415 5252438.971978332 -272793.2708086414 13279724.174197039
15272094.944178296 -356252.9626828502 3516783.7303351257 5301526.553921783 -261912.34381732222 13389193.85052145
15250163.584346572 -366992.4452648687 3490896.810847378 5264418.138065432 -246817.90257027562 13238469.116735052
15219776.459261736 -360633.9325948792 3512328.355842834 5289677.678227964 -260038.2080886436 13302553.049859066
15309454.775556326 -327842.1017945487 3531870.656099485 5312247.491480102 -205402.643492983 13234340.394636149
15439446.399275752 -310064.69398047484 3576704.925795475 5374922.821582355 -146474.66454936497 13371501.43962449
15358621.19982744 -295570.201847214 3568949.718908768 5362040.576990436 -163467.88988073857 13365296.30570671
15424245.071460055 -299069.35895552835 3573610.848590934 5370348.421855012 -150480.80824753066 13363284.467220405
15313012.729657736 -228565.77775214062 3530531.0986731974 5304680.778816296 -90836.80058729362 13108918.456129353
15304146.551721571 -220803.3920803221 3521427.0018795654 5293264.904678129 -79636.41223189811 13089757.28484025
15330815.664382905 -238485.33297695094 3542202.5210360866 5323330.869281796 -99100.30235900402 13207346.01784258
15285374.34804729 -214093.5380293317 3525195.173483512 5300994.079408301 -80091.34412547259 13180213.191430705
15288864.851143885 -176834.5965376242 3505630.739798659 5278621.346291912 3327.903272898167 13159685.565930475
15216764.507487513 -148784.8594962679 3486939.9813405653 5250304.785866827 35607.81304165721 13076651.385770446
15340278.840433933 -166708.59090507613 3516359.0879066233 5294246.222912335 -520.4606593919173 13184745.473012965
15231056.150164988 -158174.0437082125 3502681.5232006502 5272984.416730652 1688.65546166373 13169638.454351202
15223017.410753464 -79097.53109446446 3495001.242707662 5272321.770037787 132629.50802721325 13333390.3446437
15224303.827269308 -97243.78098732694 3476478.933807384 5245977.686403228 95107.0040582418 13212713.082029454
15222097.69479367 -128325.81082621745 3487038.433016242 5258953.564613253 33600.290737557276 13242127.809658363
15119186.144222755 -132913.68354654545 3459655.516526641 5218521.049550865 56109.72878394593 13138813.243613986
15280340.2397824 -115931.49787743347 3527578.311374356 5333040.739644027 106407.20080939906 13773751.491070123
15191910.98632357 -133879.19363938647 3516329.743545362 5309100.58674142 101333.89523955339 13630846.145385267
15221620.988686442 -150223.67125706765 3524497.2849421543 5317232.797406593 25132.990998855177 13584094.501145396
15118935.935419656 -152193.66765572177 3513015.823541938 5304702.047206335 54948.50457009687 13688756.646851547
15154706.166384533 -210337.6782412249 3565147.4586471156 5388590.404885663 -3625.463311279901 14183857.691773957
15083609.356441492 -221311.64644692588 3559119.7653389266 5375113.754565944 -16745.46587804667 14118030.734565202
15152779.853721233 -222676.2598133335 3559135.841848859 5373361.182122498 -15568.666001831147 14013455.113692738
15131751.31504794 -224635.20258856824 3540763.794530344 5345411.354635726 -44609.381575178595 13879672.114485662
14349462.66610557 -740186.4837220829 3362796.270830543 5104351.394244525 -696429.5212360758 13756046.871740084
14538894.226558428 -651611.2911010054 3447736.182291207 5221872.112245993 -648867.4404011277 14048351.491682045
14296632.770079646 -724052.1551227099 3362523.5153293083 5107569.623585883 -630357.9169798683 13879241.969549613
14682974.902549395 -619339.9811947985 3444277.328940434 5225131.936756742 -611181.8362025105 14045562.154570306
14929995.713679856 -537068.3644626988 3430534.6899403315 5200023.974093213 -539948.5252557338 13598720.158048127
15058301.122598005 -477106.48767188936 3463976.85339261 5245274.714848767 -490754.6116889262 13639702.042302726
14949025.51072606 -471467.57441850787 3437581.0105817686 5205850.316439326 -470467.92144612945 13541198.12528869
15025363.553068735 -443229.84623759927 3448809.700284063 5224008.496120495 -442666.2592997274 13580992.70923266
14956253.16142697 -396286.0768319202 3445425.02411228 5209716.866956045 -357073.0666703906 13438733.376213068
15070577.893512856 -389947.3390735101 3461010.102719046 5233474.795138567 -356036.14409422805 13456695.492690349
14954363.363924133 -353777.2133932909 3452278.135683726 5216034.983705332 -284794.9237431075 13416217.055191122
15016323.762817247 -336296.96870906267 3471404.7373518785 5247701.213939613 -274604.58276540576 13566796.075013174
15097410.476895893 -362596.11018810497 3486716.8542760485 5250517.210034244 -222529.65879052848 13205162.71994888
15221561.09425704 -349082.7670746273 3504483.5892061526 5278508.224970225 -204766.3156243404 13249964.22815693
15043352.352361273 -334673.2219923836 3491423.918771147 5259568.763528715 -209519.9195259879 13336696.49774824
15244757.094732398 -311228.13905445824 3517829.4686320648 5300306.160882872 -196756.79439086982 13369117.59009382
15274934.32794593 -269947.9820642921 3536757.002928703 5318111.573136683 -134914.57398324186 13278642.859078642
15282426.568286689 -258566.39087824093 3555542.547853527 5343079.803005131 -100935.54058402633 13357233.226661552
15209384.516261151 -271777.5119620472 3526945.421104777 5303832.089928144 -147158.50699750753 13274457.787271613
15357731.687224552 -285812.3243108116 3545918.5151600707 5334662.737343708 -170759.22384905705 13325315.503793415
15216766.81561321 -214873.2273295788 3504851.4728839877 5271227.702603867 -67647.46662278239 13101054.616972616
15231369.108911075 -194157.45241026193 3490017.307645886 5252210.913319019 -44519.8938092776 13032468.165080419
15275752.331663389 -225507.8367613532 3529629.617550283 5307315.424069199 -91746.38094926602 13218704.3346007
15216384.64460528 -206775.68913922165 3523336.794298497 5300294.421011406 -67822.35915422265 13276094.046839543
15161894.47866762 -154568.37913525393 3486153.522709512 5251130.272148982 6834.264241975458 13165333.204348002
15137650.118587384 -128447.66019933537 3459675.424628231 5215210.092658697 48090.156435469966 13053692.133451182
15177655.265181035 -158377.93478646813 3496574.167143931 5267383.051086764 7127.007400319112 13245373.80539984
15173663.696599694 -157171.95351137462 3489943.344523321 5256771.976049243 -2512.7549967659493 13183021.99508222
15232277.042345228 -112737.54268567247 3474283.2785900705 5243709.073328822 64268.17869690809 13207672.051157927
15100037.2099271 -126929.0556344196 3462415.381142886 5225348.695181282 65770.55300005457 13233798.018696805
15243157.898639938 -138789.2235969862 3497173.4053171426 5273633.548407671 18935.448364138127 13291697.944024336
15164682.774040706 -144353.3965340515 3490550.858587937 5260109.168224811 12448.197269323828 13245381.455911476
15248377.90524301 -147051.62395533756 3527943.7132506277 5324379.24749601 29441.070195143704 13624445.128214253
15179440.07764623 -159377.46677083455 3512936.525817211 5301619.98784144 14938.016359039428 13568355.866108662
15267294.272063034 -153718.7287937944 3523658.373005114 5314794.638466611 15865.391121298568 13508114.046062337
15200789.72897083 -163569.40852853586 3513400.680576547 5300991.744719217 6286.287518332319 13524229.935972363
15333188.879742166 -192564.5148061468 3591651.844582079 5418827.42861692 -27186.177665832536 14027018.939250972
15166503.582326999 -235736.08030743164 3567746.949403365 5382072.095520639 -55568.003373877924 13984505.275788441
15288549.37824716 -226165.82214247293 3555777.8720986447 5364471.476904093 -82526.42644076009 13773766.776221631
15230584.205574384 -243759.42146136911 3555667.2175505618 5360194.995208642 -94348.07760652855 13748636.718751812
14369326.36314536 -752629.13787675 3391572.725736882 5156425.484966447 -623486.8339990247 14144582.965179268
14707553.761968723 -604306.6781150138 3450901.4369717534 5236975.293216768 -571235.8994780784 14112120.043235125
14410155.353444863 -680424.2436137917 3426215.008347865 5206265.182564783 -555845.7422716648 14338417.717029018
14941128.772532647 -560218.733165511 3497432.831728193 5314836.36819505 -493774.12413506815 14412075.80718107
14940641.682564879 -465517.7242218407 3429514.0435367976 5194573.612559782 -462491.1232652459 13501521.1449312
14978045.584919289 -431597.0496956675 3457912.8108746246 5232614.956889819 -421551.05806970294 13600171.42150293
15017341.864846379 -431052.57943906006 3484753.582750635 5274764.122899086 -384020.2893207041 13813361.386079216
15028639.504543137 -416575.1915952588 3496152.6293564085 5289066.986959475 -377287.45828262245 13837342.144155707
14969417.889184562 -356600.40631774097 3454701.0747740287 5221462.174140503 -276164.5968727429 13456401.699675445
14991079.979857199 -358820.26482118963 3464472.2130396045 5234676.072396469 -269854.21949151467 13484052.527770646
15025701.0555144 -361363.8764276634 3480815.1862831465 5252996.033270073 -283202.38607230555 13456285.243945517
15042180.726736078 -347169.39910226595 3501342.8193584355 5279417.776157744 -247800.9382484471 13516632.576847095
14989211.783801215 -320450.9872369097 3485735.3732074327 5249702.536705124 -209136.60243456613 13318660.500465007
15009297.212089147 -303283.94521617563 3500981.4652528064 5268825.138440079 -194771.13361618266 13345613.099284243
15084240.94326679 -280985.5346994312 3536625.466073491 5315962.039450988 -162553.5861987306 13429239.334259132
15171163.45626281 -280527.0771816755 3553895.8995789923 5342814.473693697 -158168.77156764775 13499416.025872583
15114055.974774128 -224300.95680138943 3493632.905492789 5258548.715006058 -89079.8243985859 13196994.160516704
15092999.668881498 -237394.66308707025 3511239.3569327695 5280378.1738112075 -106110.70053159077 13267297.708809387
15111386.806120314 -242157.61527933754 3522658.024732111 5300199.724943748 -125872.66758700783 13394130.925302058
15163464.508008033 -229040.94961064478 3512884.524478773 5289765.537078834 -126088.031024121 13348386.491156854
15109848.591894776 -208657.7045639838 3505527.966399576 5273173.413956213 -81013.24211291719 13232004.19313297
15082748.360830035 -184773.44657079928 3481364.505060498 5243536.396170877 -50336.099528921615 13197960.221232098
15135024.775374373 -210057.88208886984 3521579.396347467 5295240.985998765 -71257.33012594549 13295047.995918637
15157383.051562393 -194793.9310829447 3535123.3629437354 5312882.129866678 -53710.513120035015 13327545.340585187
15133462.269468958 -182835.59483535303 3482064.7368422705 5243618.5100958925 -23727.79884799632 13133483.457762148
15107800.230001979 -161944.69805167397 3458334.9473943254 5214556.012417526 332.38842738520225 13099950.91528864
15190801.094854163 -160261.45195180885 3505670.426166071 5279752.0586602045 5300.9800504962905 13279490.483921597
15178867.900728311 -159152.00907863936 3506825.123146243 5278565.842080279 -4612.620167299011 13242295.98561325
15165427.901576202 -140284.6191396146 3494765.9349623304 5265975.065290328 22553.05746817644 13269222.6107518
15145225.6853032 -158141.13842187487 3480906.3261010908 5247968.2518110005 2573.2159236709263 13234199.93108209
15164933.820321845 -143755.1316142033 3493161.590626785 5266533.05837671 2615.6694530129334 13316172.12590936
15220274.658877088 -142590.34453508529 3494957.3098328006 5268727.87767689 23469.69347414911 13265221.82722666
15203272.784230538 -137209.2182882536 3519878.1857789974 5308773.971692763 33885.737183772835 13534886.351482704
15254212.336514056 -142425.98098186677 3515317.333975977 5305937.291473525 28127.323457134575 13527551.909033243
15207852.743686438 -136285.57374597358 3514327.058922802 5299027.938581318 20638.907726274614 13457510.50458456
15174811.465222675 -159211.0768657516 3498714.0712392265 5279242.956233291 -3856.5603543296456 13438337.829769889
15277342.931276435 -210556.16007152668 3551361.529763234 5353544.016495962 -91785.63961089592 13663583.557580283
15278382.410835698 -229241.10752820788 3559119.0264457637 5363404.955138897 -104505.0440521759 13689097.920623684
15241124.375223458 -212958.2870279286 3553627.02118545 5353525.357590206 -76223.85015890222 13649588.076159729
15228504.984196434 -214705.46955048447 3538266.5877156234 5331833.0244984105 -105825.11288097948 13566290.34436205
14520815.522341885 -644230.0211103742 3435112.1517142765 5223129.646368608 -542022.4127976856 14369309.710344452
14959484.490215765 -536018.1973438187 3496390.433845779 5317049.860238654 -478858.65702779853 14460922.697267575
14565109.76869274 -565872.2987595452 3476862.08815731 5276432.972666198 -474562.5587262339 14472583.32394851
15107354.731021067 -453767.7682595789 3562442.606015199 5403353.328496319 -381353.44057603384 14585974.016383156
14996212.975105513 -414120.1274603368 3492783.236457165 5284203.82052037 -370546.90355716384 13846631.809162814
15112556.193097562 -381512.7403062118 3511234.0755944815 5313460.475790982 -307177.6162943429 13909503.380614826
15074114.942968547 -394445.8384249486 3522296.5640392834 5331764.897978061 -335579.5547598871 14070658.174760748
15121235.495913582 -349527.8852168749 3536522.7765453868 5349128.892169626 -285340.3579676584 14057841.041289136
15000520.49704808 -354409.3065107692 3465850.4045030945 5233516.634538856 -260344.91119709023 13421102.997187587
15053222.80159168 -322245.5217622777 3499401.7705114326 5281862.66653421 -216565.46141047587 13597191.36004985
15039887.664372424 -320094.1533593467 3497848.3647374767 5279768.323669183 -193790.06734876 13602814.5676407
15137452.399477609 -283686.741452719 3543812.5740658897 5341231.478752191 -161342.33170484888 13723300.370286524
15093260.562528875 -277879.8780335934 3529977.969630828 5312162.0150871165 -163162.07361162294 13490464.17813531
15103265.440099983 -283332.7113797887 3546288.5641533304 5332652.203430285 -156073.9470488475 13531429.972524859
15146136.508554133 -278737.2095329044 3547577.160588811 5339631.395127761 -157052.83466383177 13599793.6565648
15186672.930139534 -273374.41502827813 3571317.5721143666 5374597.194899703 -146020.47052651396 13736284.186289107
15111469.532545533 -235678.08601702467 3500526.01274447 5273780.625645631 -111732.70632928627 13352570.465522708
15116398.337291678 -245772.78722812945 3514770.944910867 5293686.797213333 -124848.87932119498 13432376.582371995
15194972.850279713 -239969.53313678282 3531920.0819610353 5320755.517800312 -126644.1045598133 13517895.485078717
15273923.094151476 -226775.13263556347 3556480.2097519557 5354608.057538296 -110665.47958169277 13575673.243069936
15149460.667386476 -208799.59973381384 3523272.652347196 5301291.244499501 -65715.92342047207 13364365.624627164
15158645.189579036 -220243.57843134314 3532619.9861952337 5313451.517570302 -76023.16207850637 13392745.2300235
15215116.047611455 -194502.87280881056 3530299.0825958056 5319192.9719886705 -51925.567771947724 13502163.371269094
15229995.460201144 -211244.58031787293 3549547.1105484646 5342960.37450051 -71664.74481710586 13539175.362281727
15113250.601463746 -182972.9549865729 3489479.4010249334 5254092.295650365 -24200.968851375335 13200048.254451836
15212215.710137364 -170598.4652098373 3510618.8285137634 5287581.3925517555 -17320.337090066372 13305797.670257268
15186313.895284347 -177780.913174536 3511596.0553827374 5292371.429859235 -30333.015256181567 13406001.245651126
15206275.87824014 -164705.2552872775 3521227.419559517 5302843.86017103 -20368.888739959504 13383597.854310835
15205562.5271694 -165107.4405950136 3521212.3543358054 5302820.107434529 -20795.56294695661 13384167.602983328
15210137.083290659 -168294.2080544999 3490389.962673548 5265459.072725257 -13335.64086481292 13310464.965694306
15237055.016159734 -183066.09525338755 3511738.136473174 5293432.810799968 -31657.253650828538 13373361.966120275
15160060.62846599 -165751.3729762121 3491372.899980786 5265335.885314386 -18705.9875515445 13336453.046184504
15261252.820819614 -168491.68728422603 3523875.429193134 5311242.075973057 -26930.7258847204 13438329.032172678
15257775.444492184 -196905.92326925576 3532467.2455251045 5324097.140127486 -49473.57729533021 13509887.755261358
15206443.946539149 -163507.9552870375 3521357.342043711 5304704.601721056 -19878.611705376512 13417786.323526049
15186310.169389062 -178643.8339730397 3514037.448192009 5296233.468153778 -36563.145757047474 13429535.11593907
15218344.584229914 -201945.27302598814 3545078.7323247804 5341805.65479267 -67302.77472053962 13626036.206508825
15305327.015941102 -212049.1378168342 3569187.57661569 5377036.457852661 -53444.20939605861 13713275.271535894
15192455.42450564 -206736.7276502173 3521465.540776541 5304533.016117171 -66428.63665759363 13425962.7492584
15195077.534586007 -214063.1369484632 3526839.9498452223 5312186.138828018 -76111.11933300449 13458166.108955024
14696784.255540645 -529358.8784232176 3498596.749424955 5309590.232474054 -429070.8499156509 14525891.497577298
15096437.728115194 -413623.92059781164 3579330.473576232 5428368.03855056 -340335.32138615916 14725651.909193015
14868683.299873177 -482315.12959359784 3560179.669376745 5394419.383425396 -398715.6690057114 14695751.271000683
15201178.550042367 -400556.9258998279 3635896.3226144346 5502352.621539269 -344225.147644495 14856153.924775695
15093970.421638466 -375584.246019394 3526753.733063377 5339836.965232365 -287267.79974372475 14114186.32790383
15164993.752106046 -334785.39027212834 3595933.208118104 5430272.684342602 -225120.42426261064 14329929.128293855
15145132.564955117 -336262.43623824307 3591387.6463558036 5425490.067854183 -204085.93083845632 14354140.275364976
15173707.036418509 -297808.27746522106 3619784.0432489794 5462523.206974436 -130847.86026331925 14441507.991460567
15098517.100987135 -294661.25943185587 3553095.4268139196 5353598.6294364445 -170315.40784896354 13805355.824021125
15151874.153730115 -283739.9792797774 3546240.8971980037 5349360.076703555 -146726.50704341897 13818027.446589502
15107362.853190066 -299950.7087469195 3562534.3080991777 5373636.569201229 -160685.57342664243 13989613.536891459
15205337.910187801 -246832.52861215113 3596765.5996178854 5425955.753546046 -55090.06547263694 14184933.797895566
15183310.478367036 -268089.8690550197 3537803.8092118045 5334454.1722198175 -141385.03133474535 13674088.936854014
15199969.914919823 -272615.0905866375 3571995.8755629896 5379265.822429882 -135731.2768043282 13801437.077077411
15168115.81496985 -273506.6251258556 3560022.7094314075 5364928.396551756 -141094.73242540128 13809952.333608031
15191917.054319806 -262960.09964329284 3568412.448057813 5377440.56872309 -128030.39718780325 13851820.28882636
15117540.692210874 -229107.0870707462 3511341.5497813052 5289593.576311932 -86647.39326936379 13424816.533115301
15202920.84897861 -240814.93687083878 3531554.579103723 5320393.699037567 -127285.96320477808 13510752.206176568
15145640.77450606 -239626.06091330198 3541915.2703715255 5336105.761944962 -94809.89077186563 13654338.30530178
15226360.509031042 -241189.37277042755 3555139.2603787333 5357233.9551945925 -97559.60876782195 13705254.703229945
15189638.99280921 -235229.85429596616 3528150.8507102304 5314062.044798842 -105227.76302535618 13472282.954861796
15228134.968983246 -214539.54293653133 3538144.999743824 5331611.372727831 -105601.34920955538 13564902.241593335
15218771.55116363 -230306.00788804766 3530244.257290133 5321449.104053549 -101923.56364018857 13544836.635763356
15233786.683724813 -206288.67749397625 3541408.326223742 5337101.5566802565 -82729.93581654923 13597261.070304241
15158357.188003335 -215644.77155200503 3529711.182959796 5313755.617767253 -86992.20112531865 13463108.911901906
15219776.976622457 -201637.8009671998 3540903.507890422 5332112.310602337 -60460.79836708273 13522591.843308495
15208085.418269956 -185443.51689119168 3524829.4276141697 5311922.526266794 -37183.31857882783 13484117.475041827
15195519.72391457 -176701.13011733742 3516006.4725333718 5300863.531449346 -25412.415650967716 13469608.300103495
15216555.327986917 -201798.72014664125 3541074.5125203016 5332279.137820605 -60764.51585157496 13525387.93541947
15214463.81615628 -202129.789499983 3541221.124334164 5332478.944680693 -61061.24333016944 13528250.135180764
15192369.450000282 -173378.0811268669 3520229.1787933605 5306592.7185774585 -16406.86751001212 13494442.770436993
15238544.28521812 -182345.48618844702 3514257.499080844 5299060.887663634 -37046.07325491794 13429008.279532684
15149339.903060405 -218379.9580597805 3533844.260493415 5319045.736053264 -94297.73874900777 13487000.875214051
15208286.120609026 -199923.05446643088 3541684.698690039 5333017.999143774 -59149.70691907595 13535010.284932027
15168789.195704233 -191489.1721958109 3503006.984560725 5279182.01289508 -36131.437966068166 13348697.181642752
15207163.619371481 -201093.84381262073 3542402.958491668 5332636.891323986 -62826.597340018205 13512708.902657835
15155583.44955343 -196728.09178803282 3533633.5083658365 5313618.741823489 -72193.9825176571 13376853.974742915
15152134.444918366 -195201.83296046438 3533999.100757772 5317580.3637455255 -69676.40981596836 13451492.394274222
15115533.399597472 -202662.2599907897 3513369.7616558434 5284193.337638783 -57534.05731181393 13274198.361764833
15181586.957306951 -193772.84479702768 3519773.902201313 5294237.311547557 -55406.05737660711 13268133.175566204
14981182.776447637 -440040.19156834093 3551209.392654426 5392714.01571834 -339161.5031178985 14746490.423638027
15190787.714461885 -344751.51412779395 3647272.249445545 5514280.451472064 -245876.94797371177 14854831.314562278
15026388.459767567 -362204.03864510596 3605532.57429559 5458163.002418728 -230174.37984122906 14815154.709363354
15236543.259887768 -279531.96283270366 3677207.499631021 5553779.763809381 -173179.22856879796 14940486.732446285
15171013.826490318 -340289.8492833476 3602823.462517746 5442219.430616192 -216042.1983747568 14411257.98767528
15190102.916585116 -292803.96744817944 3624861.140726034 5467783.038060656 -118175.13838663684 14418612.531745045
15175612.325105352 -274081.86632545246 3625188.265717378 5467865.900672717 -122649.63325617215 14427563.476652052
15216660.58455478 -283595.7352431876 3636485.3981750584 5483637.00398039 -106274.1020675455 14453400.592869563
15134921.00027727 -301781.4384828216 3585600.334426865 5404902.36734056 -154480.5808286712 14079918.747105809
15169674.88448281 -273478.49648650276 3608806.111847184 5435547.553234075 -121635.22530122448 14147541.508484608
15193217.447372116 -284216.22973409103 3624194.2301886743 5457262.522175892 -125016.37636046975 14219759.74986567
15178543.507472804 -268824.0271222719 3629595.647907982 5467378.746849978 -92756.46962174009 14317927.00892221
15172694.30399533 -275798.2762633932 3559523.6100240527 5366806.457111622 -137531.4381307198 13853915.1960089
15193775.35977117 -256672.9478851865 3574476.9949233723 5386095.41591132 -120652.58269407428 13889638.886133874
15149186.04005135 -268786.2157641485 3578277.34131542 5396839.816705622 -87661.11405847654 14065508.582903815
15186308.36631809 -259553.23888562407 3582943.3548807334 5406964.774261447 -75876.293667274 14128233.143306471
15151585.328781202 -239809.16916407985 3536888.6052277735 5334980.53015087 -95422.95662091566 13736475.746370299
15148876.058077764 -237220.19172782113 3542017.5496986913 5342405.589927287 -84252.81021239216 13774849.462642564
15135839.74111353 -228764.89714151705 3537195.6822900763 5337476.270389093 -78100.43188790014 13795380.457601547
15173382.897385458 -221411.25330136006 3559951.700379493 5371071.113586623 -41970.479659872726 13929101.790586194
15218432.377893776 -234322.27372654396 3538858.610877352 5333286.512397995 -113697.4697183748 13592408.22441566
15204456.083421106 -244856.46170576464 3540651.944728622 5333469.573502763 -129507.40014384555 13570592.404126497
15232042.36650114 -246846.61176781607 3547388.765853312 5344052.337006477 -127540.73659417273 13606451.308384001
15282741.030226247 -225642.45829612302 3554590.271759905 5359114.479396237 -91283.25679354776 13698562.400706442
15165336.506819347 -229280.00759455396 3534392.7269391115 5324178.830650615 -107674.76039900281 13561599.875795187
15236929.035981027 -223822.18459451062 3546011.159503699 5340984.878412288 -114011.6322355771 13570522.806892822
15228779.12499776 -212289.3613344679 3533762.1090289336 5326053.816016827 -99716.49426063652 13549530.570567736
15246165.9783967 -207009.5560613892 3560474.6024001143 5362651.264580292 -62552.79244607106 13676417.855377503
15153561.176423922 -210446.11381222092 3526193.5395239503 5312171.861832003 -74018.49670554223 13513617.966698028
15215286.513289431 -198470.27423349765 3541393.456026686 5336198.289748854 -56561.830885662064 13598023.041388335
15219558.962338338 -200647.061415982 3540969.9601039905 5332200.977644792 -59562.04912794926 13523121.233734716
15236448.446292968 -186669.47324724967 3550965.728995671 5344810.296059606 -49471.65885451493 13538511.2158363
15192324.310066475 -212805.14973013106 3526251.6273494796 5310602.748780708 -71992.42243907487 13442194.618170867
15137222.11968744 -209621.92619197062 3527044.5794002158 5309860.387782967 -74919.83614355559 13465004.673450038
15186471.656698579 -211589.97630800772 3517379.41452373 5292431.51948629 -65962.06762844027 13279811.354754472
15203013.716242526 -184822.52846227528 3532118.6549207857 5318768.494872057 -51613.846957815644 13465745.550471254
15142003.669057773 -196301.95766828468 3508692.0302560916 5275954.763066071 -93697.79833733338 13185866.694071302
15339444.36713046 -220058.79605943852 3536205.9663655134 5317814.400628462 -77162.99020498407 13220312.164581507
15102557.663383 -210239.01737838692 3506765.0916038337 5275456.126380403 -85570.56499659011 13257732.616650606
15351117.88875155 -214647.03444759766 3542215.848446611 5329314.45096341 -69368.22449880291 13306422.241964567
15176165.51060449 -294177.35381567816 3647348.06242847 5518049.583059238 -193372.1424721572 14943168.647140713
15269969.16635432 -276275.5221216443 3698323.8897907827 5584254.902904598 -138960.4075559813 15052003.141923163
15196627.466148214 -262696.8879151033 3680937.160033717 5560360.911178742 -121790.7209207102 15029973.19290176
15205575.351528337 -257237.0343790039 3679738.7249946324 5559092.303666859 -131338.0651531614 15022018.679594351
15187282.374008274 -259270.2284369832 3626768.463363088 5469135.870635106 -96917.04455716103 14406528.567456074
15217097.359679705 -263041.9560362238 3648533.3374274992 5497693.769234686 -89890.43122220482 14469044.406825008
15202963.146200465 -248307.60405231267 3648284.3271135185 5501104.951245748 -58576.01624198711 14556880.454595903
15211860.960813597 -239448.1068034411 3653291.3070421014 5507867.1922581745 -55324.76463722797 14573073.961791566
15200063.287156677 -284763.4133767796 3628745.724552895 5470586.617119932 -122205.50465134296 14379262.88036462
15183681.119412815 -269330.45123766194 3629451.7892255182 5467169.316496506 -93125.04136375742 14311765.653336586
15155660.79072218 -264229.9012099959 3621428.5533410255 5459387.389575703 -100375.32631455944 14360658.623305632
15215251.61920333 -268777.7430449135 3630624.9687008145 5470031.535331357 -97760.0692470138 14311629.6041097
15123801.40007538 -258762.8944823808 3575344.7033588276 5391993.050079497 -84639.78134616216 14058475.884849157
15191253.869214598 -258189.95209070767 3582776.4972610986 5406751.712923241 -74316.77036268296 14122697.256018857
15096674.489169385 -219441.2722334799 3561224.412512688 5374675.851002943 -24378.36052250543 14049905.231837276
15181577.200579816 -219223.784362115 3578258.601251206 5402179.580073389 -24885.36997241823 14140324.988452915
15153274.43449628 -221310.0854308907 3540954.5361151723 5343488.233017393 -78617.02597809063 13815490.211904392
15169505.964308294 -229108.1705343261 3547634.7617389173 5353630.563619591 -66109.03194441469 13855140.360880056
15130123.434339762 -225579.03056868582 3545783.7307725092 5350257.181727953 -52644.47196899569 13867777.923986573
15154608.935138458 -207717.78167811377 3550703.151244753 5358910.26148533 -30824.534066804274 13908126.7901794
15129458.603903988 -233414.52643763807 3527810.741555911 5316739.504994295 -87073.49537178111 13593494.987341862
15224073.198558921 -242692.89341429767 3552499.90114399 5351587.474374412 -108987.78981709023 13652678.295586193
15154946.495844347 -248815.82239703482 3555969.513411829 5354122.374596693 -105911.37708630241 13696171.511152232
15222761.59915014 -239551.6417486034 3550905.2014470175 5351781.005886999 -92414.58058067747 13692943.921574457
15198263.749867264 -240298.78535829764 3536226.9956728397 5325089.100635976 -120698.51295666027 13506524.132718008
15275413.358724274 -226571.0987063321 3558983.419369373 5360070.028766976 -100516.38613437202 13628351.790965391
15196831.090436904 -237051.8373512174 3534577.8466162016 5325222.794044207 -103959.81398995784 13546911.9438455
15244268.160194693 -213859.04989050227 3550147.5442373045 5348036.098347231 -92180.15038834001 13613207.639131533
15184801.985650824 -224803.13593629844 3530028.1950382087 5317097.669239767 -100080.3397721217 13496530.873149373
15232542.179229056 -238585.55057955993 3533560.4097636417 5326172.96591879 -116314.60654493839 13552587.930779401
15181813.853368286 -209331.57835940085 3549374.5848384215 5343962.2836821955 -68324.12882649268 13611190.718059942
15237191.4958682 -184135.51580531933 3551063.19207993 5348436.611865599 -46073.13665484839 13608150.32216024
15188022.408699669 -214886.0593673516 3522641.6917225365 5303801.49908459 -85893.69872395355 13389890.092581704
15169510.881959807 -197171.75785822366 3526570.647268139 5310506.079821074 -77474.27873152893 13456056.239683747
15137143.615282672 -210047.64777106806 3521503.476867751 5295182.111547902 -71164.37220083036 13293421.883697554
15205097.704729933 -201818.41900280985 3534676.47958674 5318238.040412477 -77045.66991911145 13396780.30970603
15206516.43991575 -212937.40248373133 3513051.7118007173 5283360.720955509 -92785.35710550031 13173560.073695922
15347049.819974896 -214157.28225857133 3540576.4459578167 5324424.300179841 -84099.51618365718 13248754.148388099
15138966.19403683 -192210.33602395642 3514943.6473136805 5286710.243768253 -68444.64504160226 13266478.203986876
15384797.939987132 -201016.53624422397 3547146.9437417607 5336701.504605571 -65747.72366459519 13311999.174586417
eps 640
0.001961863249904092 0.001058752138485927 0.001058752138485927 -0.016943780628872876
0.007302588712466583 0.0009035541790618665 0.0009035541790618665 -0.016942798273203812
0.001961575163516976 0.0041045728918847986 0.0041045728918847986 -0.01729950184414542
0.007301516535298836 0.003941357040278474 0.003941357040278474 -0.017295835659685885
0.012621808946533562 0.001782842452000407 0.001782842452000407 -0.027254964326617608
0.021776304822155725 0.002056051634690741 0.002056051634690741 -0.0272558088143286
0.012619161479765089 0.0070865199303793034 0.0070865199303793034 -0.026608994825182752
0.02177025953905618 0.0073358475378349055 0.0073358475378349055 -0.026612144643199272
0.02804553103723174 0.0024934408417095068 0.0024934408417095068 -0.04168772894928941
0.036033083299147804 0.003970785289920094 0.003970785289920094 -0.04169354366742569
0.02803287217619543 0.007172762688563848 0.007172762688563848 -0.03820234047853964
0.036009012121689284 0.008629424428726988 0.008629424428726988 -0.038223952659331935
0.04064888866148655 0.00457744845689781 0.00457744845689781 -0.051704822375809756
0.04529189559451717 0.006638019683441216 0.006638019683441216 -0.05171012167345451
0.040626688605831345 0.007304268673881007 0.007304268673881007 -0.04680296269752112
0.04526201201494998 0.009354328203644523 0.009354328203644523 -0.046822628718537304
0.0474822946431222 0.0072652027573348234 0.0072652027573348234 -0.05676851590725159
0.048811936983053084 0.00884910925549905 0.00884910925549905 -0.05676963088711822
0.04747414587841836 0.008023438658286584 0.008023438658286584 -0.05300718096009804
0.04880324232885234 0.009604772166775142 0.009604772166775142 -0.05301132563221089
0.04867339766994517 0.00908162932282877 0.00908162932282877 -0.05709327831367921
0.04692882290600852 0.009984661028348303 0.009984661028348303 -0.057092820967524195
0.04870019208572063 0.008014341836723686 0.008014341836723686 -0.05496868521109141
0.04695806492456836 0.0089159640331303 0.0089159640331303 -0.05496698214083758
0.044597711018541826 0.009686362712045747 0.009686362712045747 -0.05295389734250793
0.03993306436644978 0.009752346968992466 0.009752346968992466 -0.05295332324853368
0.04465702096289991 0.006919245764419502 0.006919245764419502 -0.0528189796732927
0.03999190831051669 0.00697962843322476 0.00697962843322476 -0.052816833849958826
0.03477345311817632 0.008068316038251103 0.008068316038251103 -0.0436996065958076
0.02523200436298767 0.006329041129748547 0.006329041129748547 -0.043705943958142604
0.03488869676429693 0.002487269374063847 0.002487269374063847 -0.0477607978778958
0.025328078100795307 0.0007186431265626435 0.0007186431265626435 -0.04778457037077985
0.01763278356073302 0.0039052878295122457 0.0039052878295122457 -0.027781416280434616
0.006372469032727868 3.162256310009685e-05 3.162256310009685e-05 -0.02779774769760023
0.017719525747170475 -0.002583004406216476 -0.002583004406216476 -0.036706213584691796
0.0064054874461188524 -0.006509834608246711 -0.006509834608246711 -0.03676788437596158
0.0017474245979482758 0.000513893679059819 0.000513893679059819 -0.020796508556059152
0.00046848113687624957 -5.656293649965666e-05 -5.656293649965666e-05 -0.020796990474369968
0.0017479251478612848 -0.0002111593690485375 -0.0002111593690485375 -0.02209927200003832
0.00046861536719003296 -0.0007823513052773776 -0.0007823513052773776 -0.022101073236622783
0.0023485234102518866 0.006793078473675245 0.006793078473675245 -0.017017861497259666
0.008737336317098707 0.007270091983791711 0.007270091983791711 -0.017020661075301997
0.002346262718355489 0.010438590203044934 0.010438590203044934 -0.01588629063236757
0.008728959193512588 0.010903936612897923 0.010903936612897923 -0.015890065255628614
0.012613615442487677 0.011508432135279292 0.011508432135279292 -0.02511903632993947
0.01686506679287202 0.013008311933947244 0.013008311933947244 -0.025142824451443824
0.012603485622465114 0.013946214239199084 0.013946214239199084 -0.021641012587122335
0.016846863368331706 0.015438577700103984 0.015438577700103984 -0.0216712085783208
0.01980777177226924 0.01375462986063788 0.01375462986063788 -0.03399871270264763
0.023582068697210374 0.017237584555328284 0.017237584555328284 -0.034063368279760864
0.019781935929017225 0.01591802278201713 0.01591802278201713 -0.02588845690157765
0.023540560718653746 0.019383567123784702 0.019383567123784702 -0.025966742389320157
0.026362329790512003 0.016856692753403586 0.016856692753403586 -0.04114747185442548
0.03000457226801106 0.021425386338796315 0.021425386338796315 -0.041203202757000824
0.026315084474576506 0.01891581595092362 0.01891581595092362 -0.03047666663886065
0.02993828006208403 0.02345753151423554 0.02345753151423554 -0.03055035540650718
0.03276734767700513 0.02147647606760177 0.02147647606760177 -0.04753384789744651
0.03631944467667077 0.026259105426469132 0.026259105426469132 -0.047561504704575014
0.032688663251203356 0.023447763804061154 0.023447763804061154 -0.03630865903207121
0.03622092492002448 0.02820148139949398 0.02820148139949398 -0.036354767594042645
0.03862679838808408 0.02580008024373012 0.02580008024373012 -0.051248041741717425
0.04083003104668615 0.029174205640752494 0.029174205640752494 -0.051244505881551695
0.038564288404249886 0.026995575149676133 0.026995575149676133 -0.04332810997451117
0.04075920042884263 0.030356215339349794 0.030356215339349794 -0.043333241192278694
0.04235342844714361 0.0276283366501142 0.0276283366501142 -0.05177241985693505
0.04385467211728348 0.028588741983500844 0.028588741983500844 -0.05176805597666658
0.04231911643659847 0.02848506635520018 0.02848506635520018 -0.04955655576378425
0.04381907490648596 0.02944431974475533 0.02944431974475533 -0.04955356528587098
0.044556850366688265 0.02283818528439015 0.02283818528439015 -0.05061101251235588
0.044014084038130716 0.02079456625634671 0.02079456625634671 -0.05065225633407313
0.04463125611329937 0.022560221344559366 0.022560221344559366 -0.055471051805882236
0.04408462083438603 0.02051231276046001 0.02051231276046001 -0.05551111800549967
0.04282127881495659 0.015631773642564305 0.015631773642564305 -0.04503113602124627
0.039888842059816694 0.009256734697798603 0.009256734697798603 -0.045188862447088765
0.04290043176824459 0.014115557898577895 0.014115557898577895 -0.06019084083266191
0.03995094867447338 0.007692480567271901 0.007692480567271901 -0.060378173100451314
0.030517787703634485 0.00881706343537831 0.00881706343537831 -0.031528092882010396
0.008267752307408494 -0.0019897356027830278 -0.0019897356027830278 -0.03167308863448585
0.03089901179760042 -0.003995030740518775 -0.003995030740518775 -0.05656208604353484
0.008372941321384306 -0.015080230217111286 -0.015080230217111286 -0.05698780273366357
0.0017460217170854448 0.013243982149169753 0.013243982149169753 -0.01398509091233395
0.006501183494108854 0.015011366390459992 0.015011366390459992 -0.014028984977121297
0.0017419267875276262 0.01594490850748233 0.01594490850748233 -0.009895874390106729
0.006485992903914351 0.017702580304543258 0.017702580304543258 -0.009947517143785934
0.008614700646060909 0.017789558505794542 0.017789558505794542 -0.018143233511545107
0.009697687815914145 0.020536496535573222 0.020536496535573222 -0.018203329669477724
0.008612162503139488 0.01839110465495836 0.01839110465495836 -0.011883210974385862
0.009693289280995044 0.021129363947035965 0.021129363947035965 -0.011947759679162779
0.009970817042079203 0.02113359142040632 0.02113359142040632 -0.01994244668171582
0.009562281041956456 0.024817212060339496 0.024817212060339496 -0.020008370022438278
0.009984965874382943 0.020860139391370443 0.020860139391370443 -0.011568471727679167
0.009582034554550657 0.02452862682388862 0.02452862682388862 -0.011636091623280834
0.009719740923294602 0.024769941211877162 0.024769941211877162 -0.022369463873662836
0.010227155493261312 0.029857204787642658 0.029857204787642658 -0.022443139870129948
0.009716662382567205 0.02496501068585401 0.02496501068585401 -0.010770067223481025
0.010223220021010369 0.030023503299737977 0.030023503299737977 -0.01084777710000261
0.010988388154112835 0.03094407833435569 0.03094407833435569 -0.026325068872009607
0.012027117785585488 0.037969100278982336 0.037969100278982336 -0.026396049277759334
0.010970115605850494 0.031325833186055224 0.031325833186055224 -0.010281962239805317
0.012004307220924493 0.03829609542460215 0.03829609542460215 -0.010363367221055644
0.013660225696769016 0.03991490631259814 0.03991490631259814 -0.032174692389326
0.01603067819641109 0.04966611957439198 0.04966611957439198 -0.03221341111390731
0.013554672715943246 0.04081773311934214 0.04081773311934214 -0.009853867340046589
0.015900566948481087 0.05046303581667551 0.05046303581667551 -0.00991817202979652
0.018081627535575365 0.05417935449646122 0.05417935449646122 -0.037894915196580795
0.020123281414891094 0.06675530007088848 0.06675530007088848 -0.03785516909359028
0.017983934911501416 0.05451381715974403 0.05451381715974403 -0.009061766951191819
0.020004905701380096 0.06691508202624105 0.06691508202624105 -0.009059320453451035
0.023579298178115063 0.07055104164387367 0.07055104164387367 -0.04339231331498215
0.02802512175460218 0.08581442505581992 0.08581442505581992 -0.0431820379798019
0.023121244347246262 0.07178780056453567 0.07178780056453567 -0.00836395241978384
0.027481706089968323 0.08679255688997294 0.08679255688997294 -0.00822341519026312
0.031495275713250205 0.09397492834433402 0.09397492834433402 -0.048642709414035194
0.03533631986188383 0.11129164020992202 0.11129164020992202 -0.04823570063580904
0.03101659018246508 0.09428034689957351 0.09428034689957351 -0.008848421197811216
0.03477653402198424 0.11126902319208773 0.11126902319208773 -0.008521776354928137
0.04067727791600492 0.11431049972059246 0.11431049972059246 -0.04626991233732698
0.04636027594119821 0.13043463811838057 0.13043463811838057 -0.045697129089236344
0.03927965761939324 0.11577611903833168 0.11577611903833168 -0.009556811257730405
0.04477896913137916 0.1316132852487371 0.1316132852487371 -0.009014705654943821
0.0005746305954870617 0.01688141757617353 0.01688141757617353 -0.007769358037473884
0.002142940907465237 0.017616936273352944 0.017616936273352944 -0.007791955931012548
0.0005740740116089253 0.01776862083388935 0.01776862083388935 -0.006071996657346319
0.0021408675175169298 0.018502873933200305 0.018502873933200305 -0.006095654755271122
0.002317276785015027 0.016035256227382902 0.016035256227382902 -0.008578568056919911
0.0012120117001766608 0.017205567037658395 0.017205567037658395 -0.008606591806902436
0.00231988248277619 0.015407774458319127 0.015407774458319127 -0.005952296713486372
0.001216436599435349 0.016576233541309177 0.016576233541309177 -0.00597921024133138
0.00021037603911460968 0.015068921415954084 0.015068921415954084 -0.007317767141294536
-0.0014837913385763921 0.016407097512206346 0.016407097512206346 -0.007341479455102706
0.0002195783547344089 0.014107279843987986 0.014107279843987986 -0.0043221194444269355
-0.0014711841039960862 0.015442672101765337 0.015442672101765337 -0.0043441633295002785
-0.002652825421734444 0.014834050346462293 0.014834050346462293 -0.005303591594623038
-0.004245970796122569 0.01617319144293941 0.01617319144293941 -0.0053211320395003
-0.0026387425546681416 0.01392880396228232 0.01392880396228232 -0.0023038512542855848
-0.004228598135944648 0.015265270385207759 0.015265270385207759 -0.0023199304794583628
-0.005256654809918427 0.014206825572836921 0.014206825572836921 -0.0031560508583322396
-0.006591189076112745 0.015560076335995921 0.015560076335995921 -0.0031686320370043516
-0.00524162959383732 0.013445475399546738 0.013445475399546738 -0.00012075134419330872
-0.006573590411956417 0.01479623999630041 0.01479623999630041 -0.00013191790585192548
-0.007422757588472085 0.013223351927133255 0.013223351927133255 -0.0005942368890820869
-0.008591484927357168 0.014440910861411384 0.014440910861411384 -0.0005996456871451144
-0.007407247337079326 0.012556394648521365 0.012556394648521365 0.0021400917501269235
-0.008573800811626599 0.013772021825597437 0.013772021825597437 0.0021355894211596057
-0.009169023998188806 0.011173851069945989 0.011173851069945989 0.002060084676175302
-0.009933124667765605 0.012049829680157952 0.012049829680157952 0.002058446946231678
-0.009161915870786783 0.010738496348914656 0.010738496348914656 0.0040330944710510125
-0.009925115235202961 0.01161358912669036 0.01161358912669036 0.004031915417631009
-0.009936015730759548 0.007998560120316491 0.007998560120316491 0.003906549432286469
-0.00960261510264605 0.008362960676151537 0.008362960676151537 0.0039002455072207616
-0.009956519702402087 0.00818589385036316 0.00818589385036316 0.004727998409662145
-0.00962401111682451 0.008550295160950237 0.008550295160950237 0.0047221216448594654
-0.008817589749436775 0.004229049690788425 0.004229049690788425 0.0036005241899709217
-0.007370248411387292 0.004393676401221454 0.004393676401221454 0.0035943324722450517
-0.008872407750416304 0.005037255659026532 0.005037255659026532 0.003945055700615931
-0.007426347635517792 0.0052016105435970595 0.0052016105435970595 0.003939320561958976
-0.004278277250004904 -0.001865469780193475 -0.001865469780193475 -0.0010850367975935797
0.0022677854918912925 -0.0011451736491905169 -0.0011451736491905169 -0.0010124074989196585
-0.004406857213035441 0.0017771870819878357 0.0017771870819878357 0.0004083014178229077
0.0021456840157989833 0.002485880515217894 0.002485880515217894 0.0004658348126259903
5.945248446252283e-05 0.01811510721933311 0.01811510721933311 -0.0048661475571250695
0.00022189067804819304 0.018818180139779945 0.018818180139779945 -0.004886473273131717
5.9342465186997364e-05 0.018206656080036226 0.018206656080036226 -0.003272582398775632
0.00022148004476957832 0.018909186211917544 0.018909186211917544 -0.0032928211239131515
-0.0004066368544345414 0.014596972811547064 0.014596972811547064 -0.004316548766103986
-0.0023241988916306686 0.015418656305464563 0.015418656305464563 -0.0043326789358268
-0.00040237406869241996 0.013515414068178374 0.013515414068178374 -0.0024953334413747273
-0.0023176323900248436 0.01433533345560365 0.01433533345560365 -0.0025102873080083995
-0.0035432038425979675 0.012618392589226183 0.012618392589226183 -0.0024994029362757648
-0.005015654600993183 0.013486268013621242 0.013486268013621242 -0.002513043470246453
-0.003536926794943567 0.011788108518766858 0.011788108518766858 -0.0005649533312528785
-0.005007580842669553 0.01265455627698622 0.01265455627698622 -0.0005775571774693804
-0.005995698325556024 0.011680651255364194 0.011680651255364194 -0.0004987279699512424
-0.007268471564122201 0.012517141616285202 0.012517141616285202 -0.0005085067599254084
-0.005987978988249933 0.010962760143247988 0.010962760143247988 0.0013689979178443082
-0.0072592698323307395 0.01179803574258562 0.01179803574258562 0.001360096751807096
-0.008091677222532035 0.010380238467794562 0.010380238467794562 0.0016074903555563925
-0.009173893544635735 0.011106351991021614 0.011106351991021614 0.00160239040286093
-0.008083837633709264 0.009769707966817077 0.009769707966817077 0.0032314716192346506
-0.009164950464550911 0.010494925658152854 0.010494925658152854 0.003227005847711415
-0.009772596047154362 0.008517654835836011 0.008517654835836011 0.003620834023665936
-0.01047096216222567 0.009085288545458366 0.009085288545458366 0.003619363953334281
-0.009768010367722624 0.008122591557334191 0.008122591557334191 0.004893591641982066
-0.01046585973458228 0.008689751620976923 0.008689751620976923 0.004892465508844793
-0.010633743279904845 0.0058581707006392 0.0058581707006392 0.005017804722396943
-0.010570832510380988 0.006185923625054013 0.006185923625054013 0.005017563621917513
-0.01063905105953463 0.005889379562378487 0.005889379562378487 0.005754807207808392
-0.010576345654571342 0.006217045678998439 0.006217045678998439 0.005754693603752354
-0.01015816652269907 0.0028761216714790435 0.0028761216714790435 0.005117517454068401
-0.009275275946408836 0.0030320906103435017 0.0030320906103435017 0.005116896913494452
-0.010174227181165025 0.003366010552772645 0.003366010552772645 0.005461237830831588
-0.009291797364370994 0.003521772603716106 0.003521772603716106 0.005460753982541789
-0.00809670613847369 -0.00014995386891480283 -0.00014995386891480283 0.0039339904227873425
-0.0058900065191190235 -0.00022132491997563193 -0.00022132491997563193 0.003933040103461252
-0.008122550334357782 0.0010854424569478969 0.0010854424569478969 0.003752159275650255
-0.005915455708814052 0.001012745280602007 0.001012745280602007 0.0037512909062291403
-0.0033459655663491757 -0.002473593005046372 -0.002473593005046372 0.0007595612879824768
0.0013305799485529939 -0.0025321053524816105 -0.0025321053524816105 0.0007532643894657688
-0.0033924980419573676 0.0001605376889855748 0.0001605376889855748 0.0005717548545892041
0.0012835892265702495 9.598522405140526e-05 9.598522405140526e-05 0.0005670105316548785
-0.0004318425716544656 0.017917357372865435 0.017917357372865435 -0.0022929830993076465
-0.0016125922370780338 0.018403535549061156 0.018403535549061156 -0.0023038619026793383
-0.000431561022127407 0.01725243832297904 0.01725243832297904 -0.0012184620735598483
-0.0016115399434297657 0.01773797258606036 0.01773797258606036 -0.001228845837769197
-0.002674096243847854 0.01229817540781498 0.01229817540781498 -0.001327969534598837
-0.0044342644075409604 0.012904337979319808 0.012904337979319808 -0.0013392668107701483
-0.0026712081432683013 0.011308559294033899 0.011308559294033899 1.0748623596703666e-05
-0.004429938969845251 0.01191346287287503 0.01191346287287503 3.549267292500243e-07
-0.005523982708755979 0.010355067911418027 0.010355067911418027 0.0005937558958797173
-0.00677776969356691 0.010893830361088383 0.010893830361088383 0.000586703387906122
-0.005520332661883015 0.009650857319094387 0.009650857319094387 0.0017909461825298908
-0.006773171363662525 0.010188869473481499 0.010188869473481499 0.0017844373597821236
-0.007621277634929258 0.009021848450124461 0.009021848450124461 0.002446971526797321
-0.008714342518839456 0.009486069408800025 0.009486069408800025 0.0024430122819899046
-0.007616874400270301 0.008408468995376762 0.008408468995376762 0.003480818634564102
-0.008709194299794863 0.00887212632406347 0.00887212632406347 0.0034772349314284466
-0.009366758717193042 0.007312066715591239 0.007312066715591239 0.004164660390719995
-0.01011921402233402 0.007707804123798095 0.007707804123798095 0.0041627009770627355
-0.009363370021911309 0.006889441390794139 0.006889441390794139 0.005049128137729626
-0.010115408342979366 0.007284853543336874 0.007284853543336874 0.005047408926642746
-0.010468308467842982 0.0052801921663889854 0.0052801921663889854 0.005581716127501347
-0.010748633167190694 0.005541995481246559 0.005541995481246559 0.005581441754173751
-0.010467864669235265 0.005121307103169529 0.005121307103169529 0.006169566023200113
-0.010748108045650923 0.005383021114992349 0.005383021114992349 0.006169365902464585
-0.010675932154778816 0.0028499424597719686 0.0028499424597719686 0.006123273140799193
-0.010287960999065319 0.002978950155601854 0.002978950155601854 0.006123318358099589
-0.010680582663595714 0.0030639129161787546 0.0030639129161787546 0.0064122609618536604
-0.010292745357022116 0.0031928719387828595 0.0031928719387828595 0.0064123244230457
-0.009684523849742645 0.0003348901715898281 0.0003348901715898281 0.005579539175365427
-0.008507282014235737 0.00035894285088404015 0.00035894285088404015 0.0055796973837695905
-0.00969391140869896 0.000991323724756066 0.000991323724756066 0.005626557538526167
-0.008516674108123757 0.0010150032456120606 0.0010150032456120606 0.005626679999108994
-0.007214062758374922 -0.0016202542658182504 -0.0016202542658182504 0.0035882548007036275
-0.004909017551609996 -0.0016809137756018744 -0.0016809137756018744 0.003587407562043141
-0.007229442360366051 -0.00032865524172241874 -0.00032865524172241874 0.0034351897643489955
-0.004924161705616887 -0.000390776963578669 -0.000390776963578669 0.003434489346723018
-0.002956082848450063 -0.0018066167756114703 -0.0018066167756114703 0.0005322679229991073
8.626759474662733e-05 -0.0017031607334881042 -0.0017031607334881042 0.0005344515933151718
-0.002973995854161903 -9.659510415698345e-05 -9.659510415698345e-05 0.0007418805410406819
6.835429052780506e-05 4.3023316683827e-06 4.3023316683827e-06 0.0007434915981872458
-0.0007150413980158882 0.016561442118786802 0.016561442118786802 -0.0005388019690291081
-0.002671142428113793 0.01692349268487514 0.01692349268487514 -0.0005474484292479068
-0.0007147163619861253 0.015461525043325045 0.015461525043325045 0.00024257441208293788
-0.0026699265083431093 0.01582237525679869 0.01582237525679869 0.00023455526051473953
-0.003950015435253731 0.010313978266684561 0.010313978266684561 0.0007821911808650692
-0.005514909614505637 0.010660386346341175 0.010660386346341175 0.000777436829730404
-0.0039483361247357575 0.009436052115283863 0.009436052115283863 0.0015417799167488002
-0.005512429586679769 0.00978165614089798 0.00978165614089798 0.0015374035297892835
-0.006498147500707074 0.008407767780510193 0.008407767780510193 0.0024796449432464714
-0.007638806590169548 0.00870576885920881 0.00870576885920881 0.002477046451000508
-0.006496026915312458 0.007768619831295551 0.007768619831295551 0.00313908926117071
-0.007636154671079074 0.008066166576197627 0.008066166576197627 0.0031367045717449445
-0.008357619990188756 0.006857888695926726 0.006857888695926726 0.004082839309994111
-0.009205025665477436 0.007119086834414394 0.007119086834414394 0.004081200217397774
-0.008355456805858046 0.00638340934507833 0.00638340934507833 0.004663812302778016
-0.00920252117727049 0.006644337140118107 0.006644337140118107 0.004662320710042288
-0.009689188396398304 0.005117948325997584 0.005117948325997584 0.005516008251472616
-0.010197891619204891 0.005281856969623565 0.005281856969623565 0.005515738977273249
-0.009687841840205371 0.004832793351298443 0.004832793351298443 0.00588311070849614
-0.010196399609358553 0.004996603829624821 0.004996603829624821 0.005882878626710749
-0.010384367960019033 0.0031520517354698702 0.0031520517354698702 0.0064358739112012715
-0.010423780461515694 0.0032092509468158916 0.0032092509468158916 0.00643602625026599
-0.010384777182958556 0.003128762663431333 0.003128762663431333 0.006566062163297651
-0.010424174510243321 0.0031859625810171537 0.0031859625810171537 0.006566199832741559
-0.010234445913410503 0.0010208428530752232 0.0010208428530752232 0.006518499713813253
-0.009718696258116529 0.0010283388891949136 0.0010283388891949136 0.006518459535329006
-0.01023694435957959 0.0013078054573118615 0.0013078054573118615 0.006534746928377713
-0.00972120518473226 0.001315232524003481 0.001315232524003481 0.006534710654741481
-0.009062676648932665 -0.0009307954031204716 -0.0009307954031204716 0.005596082069736133
-0.007821845085283914 -0.0009680401603081029 -0.0009680401603081029 0.005596016073933157
-0.009067736990896844 -0.00023747818456935 -0.00023747818456935 0.005507281786484061
-0.007826788463385251 -0.00027514373355129245 -0.00027514373355129245 0.005507214447316424
-0.006647919780506341 -0.0019375465424011742 -0.0019375465424011742 0.0033477650154173843
-0.004695565848989029 -0.0019442300945232676 -0.0019442300945232676 0.003348022108565941
-0.006655080803643007 -0.00084363536960122 -0.00084363536960122 0.0033222425211529853
-0.0047025808806946245 -0.0008513647330008233 -0.0008513647330008233 0.003322416725472498
-0.0031913442267305194 -0.0014343781601979231 -0.0014343781601979231 0.0008728095225181179
-0.001021669336180392 -0.0013376902396568732 -0.0013376902396568732 0.000873732672077519
-0.003198754204791261 -0.00021539347505433897 -0.00021539347505433897 0.0010796331900920642
-0.0010292397282639473 -0.00012001294738202896 -0.00012001294738202896 0.001080292284635524
-0.0008875980867794422 0.014492872201537322 0.014492872201537322 0.0006625396807136898
-0.003316519677549151 0.01467029111097147 0.01467029111097147 0.0006600756319432344
-0.0008873675777735804 0.0131283474403553 0.0131283474403553 0.0010236225329234695
-0.003315657086921883 0.01330410397131246 0.01330410397131246 0.001021397282843429
-0.004692917122344782 0.008463363461788592 0.008463363461788592 0.001976549097676104
-0.00603596176498193 0.008652251939435664 0.008652251939435664 0.00197492761767122
-0.0046921426191215854 0.007710557574699908 0.007710557574699908 0.002387851868023293
-0.006034773971686407 0.00789891259271657 0.00789891259271657 0.0023863650053152336
-0.006879835727090124 0.0066937717651278875 0.0066937717651278875 0.0035118092632430106
-0.007851293265683974 0.006847320012398114 0.006847320012398114 0.003510851086335991
-0.006878790299219646 0.006149977280929233 0.006149977280929233 0.003849589018423471
-0.007850002408442157 0.006303241537996511 0.006303241537996511 0.003848710884038675
-0.008445273725584467 0.0051730123770413056 0.0051730123770413056 0.004955183133266529
-0.009108102937385227 0.005260748486385579 0.005260748486385579 0.004955267284117619
-0.008444328912912606 0.004802089733607933 0.004802089733607933 0.005149956400954706
-0.009107024523644125 0.004889698210509979 0.004889698210509979 0.005150034897386545
-0.009466355208692335 0.0034684561898859307 0.0034684561898859307 0.00603391759498216
-0.009797464824082256 0.0034806963597773604 0.0034806963597773604 0.006034407834013588
-0.009465850384320504 0.0032828368763889986 0.0032828368763889986 0.00606259033183239
-0.009796907596454171 0.0032950489461628352 0.0032950489461628352 0.006063035717539976
-0.009890089594940322 0.0017004658696176114 0.0017004658696176114 0.006587364618962228
-0.009828463532652409 0.0016652517167906398 0.0016652517167906398 0.0065875276376683245
-0.009890289869714434 0.0017343190050630188 0.0017343190050630188 0.006509949783733197
-0.0098286536592982 0.0016991043042454057 0.0016991043042454057 0.006510106014466437
-0.009599565139610215 -6.172520553279282e-05 -6.172520553279282e-05 0.006480498333965524
-0.009052048784500643 -0.0001312044833562992 -0.0001312044833562992 0.006480353769658105
-0.009600691029687379 0.00024394411336892266 0.00024394411336892266 0.006324663808812025
-0.009053130400549695 0.0001743789420271199 0.0001743789420271199 0.006324559560814631
-0.008435842496613458 -0.0014581100059055884 -0.0014581100059055884 0.005407723244245328
-0.007311452350290672 -0.0015288754533197687 -0.0015288754533197687 0.005407481774954516
-0.008437913277388114 -0.0008293545082760488 -0.0008293545082760488 0.005246054215473494
-0.007313394612111823 -0.0009004706803575795 -0.0009004706803575795 0.0052458652215783205
-0.006338255926500842 -0.001873372005153504 -0.001873372005153504 0.00331034866223945
-0.00480656350178978 -0.0018613005215667468 -0.0018613005215667468 0.003310538553899914
-0.0063407607433817945 -0.0010151859020553833 -0.0010151859020553833 0.0033320528580563762
-0.004809023111518713 -0.001003758439616831 -0.001003758439616831 0.003332169339036182
-0.0036818083789042157 -0.0011575065272344384 -0.0011575065272344384 0.0012500039034823844
-0.002135050882972283 -0.0010292261927852034 -0.0010292261927852034 0.0012507368285735129
-0.0036842793477642813 -0.0002891393136701398 -0.0002891393136701398 0.0015337241516379554
-0.002137678089579197 -0.00016153534470334584 -0.00016153534470334584 0.0015341857702055343
-0.00093547804524869 0.012056455017408707 0.012056455017408707 0.0011837167718141556
-0.0034956458594474207 0.012104240030678379 0.012104240030678379 0.0011846107582943555
-0.0009353682546987296 0.010618755010738706 0.010618755010738706 0.0012570373411297942
-0.0034952351831157094 0.010664728971650432 0.010664728971650432 0.0012578203669548333
-0.004868010254641269 0.006920744204610936 0.006920744204610936 0.0025815470839595876
-0.006058864487825834 0.006972652719623865 0.006972652719623865 0.00258192211217447
-0.004867724139063516 0.00625336717826475 0.00625336717826475 0.0026890768761142457
-0.006058415516891394 0.006304883585785451 0.006304883585785451 0.0026894174231318186
-0.006788943757272769 0.005282158808959332 0.005282158808959332 0.003995421115403295
-0.007595765674373146 0.005304452144543954 0.005304452144543954 0.003996063482612258
-0.006788555744507574 0.00483048574610703 0.00483048574610703 0.004041793755069968
-0.0075952823894580995 0.004852600596198535 0.004852600596198535 0.004042379560005819
-0.008098127566481424 0.003828372475821025 0.003828372475821025 0.005209148837134944
-0.00866799965439746 0.003807248101482323 0.003807248101482323 0.005209945077111064
-0.008097729604163145 0.0035094853805271616 0.0035094853805271616 0.005161099342758913
-0.008667554844406258 0.0034882722757068425 0.0034882722757068425 0.005161821929475494
-0.008959647064724869 0.002271723789873154 0.002271723789873154 0.006027769096718271
-0.009191873588760878 0.002211323215915775 0.002211323215915775 0.006028309770311231
-0.008959429588746558 0.0021415529313049816 0.0021415529313049816 0.005893456680651646
-0.009191642205918046 0.00208113467866807 0.00208113467866807 0.005893952638689839
-0.009237681500169242 0.0007528907585128389 0.0007528907585128389 0.006408475716556359
-0.009135773752735306 0.0006617003662229093 0.0006617003662229093 0.006408656890883846
-0.009237729490995435 0.0008096769769355708 0.0008096769769355708 0.0062052748654642656
-0.00913580911309261 0.0007184756092323896 0.0007184756092323896 0.006205463494393486
-0.008907257658233789 -0.0006441005583776329 -0.0006441005583776329 0.006175695148377073
-0.00838873454696517 -0.0007547531427093688 -0.0007547531427093688 0.006175582638591621
-0.008907556147485755 -0.00035435640995404224 -0.00035435640995404224 0.005928128207266134
-0.008388969292746398 -0.00046509530369277926 -0.00046509530369277926 0.005928077606394341
-0.007862008673462607 -0.0015779431550318659 -0.0015779431550318659 0.005115469777873929
-0.0069435655146323876 -0.0016604126739347721 -0.0016604126739347721 0.005115251551727389
-0.007862322497389971 -0.0010642778590521937 -0.0010642778590521937 0.004929471017391978
-0.0069437850557101935 -0.001146985411045505 -0.001146985411045505 0.0049293265944941895
-0.006199171250169158 -0.0016512999158958233 -0.0016512999158958233 0.0033547352874079162
-0.00508531023567907 -0.0016274414091544212 -0.0016274414091544212 0.003354834756466305
-0.006199428596752915 -0.001027306224433358 -0.001027306224433358 0.0034060379390508048
-0.005085572646991894 -0.0010037886548033045 -0.0010037886548033045 0.003406086942300631
-0.004304308785145597 -0.0009157983220984796 -0.0009157983220984796 0.0017569796040020449
-0.003284153246056929 -0.0007662581256993034 -0.0007662581256993034 0.0017573284848791443
-0.004304628843108454 -0.00034336929096913296 -0.00034336929096913296 0.002091108706961304
-0.0032845951483171628 -0.0001941394529217112 -0.0001941394529217112 0.00209124478159365
-0.000880660390616677 0.009565229128007162 0.009565229128007162 0.0012399254683825816
-0.003290561530314052 0.00952235880597113 0.00952235880597113 0.001242503179046009
-0.0008806319997098564 0.008211910075597368 0.008211910075597368 0.0011178848985520296
-0.003290455553309242 0.008167434684213914 0.008167434684213914 0.0011201000554428202
-0.004567335956045279 0.005603501238539458 0.005603501238539458 0.0026952617602745282
-0.005643356159537885 0.00556297647421531 0.00556297647421531 0.002696553876202847
-0.004567268871768072 0.005000306733662062 0.005000306733662062 0.002597959984792894
-0.005643259874757919 0.00495946191870565 0.00495946191870565 0.002599121623833941
-0.006314493632927342 0.004170069704709672 0.004170069704709672 0.004011448917549735
-0.0070724980947439505 0.004109781958287277 0.004109781958287277 0.004012619866095508
-0.006314401323167151 0.0037456141167465243 0.0037456141167465243 0.003873655334612059
-0.0070723936531692875 0.003685164921391297 0.003685164921391297 0.0038747123512043674
-0.007532578312766325 0.0028134582966151847 0.0028134582966151847 0.005071816933910785
-0.00803218340268229 0.0027225994211415964 0.0027225994211415964 0.005072811940943308
-0.007532486819818782 0.0025338439683661954 0.0025338439683661954 0.004867893410341985
-0.008032097095656538 0.0024429080553772433 0.0024429080553772433 0.004868793812578487
-0.008291217322351644 0.0014624629624343816 0.0014624629624343816 0.005758215374502295
-0.008499830886623734 0.0013547021433901003 0.0013547021433901003 0.005758776714358149
-0.008291175967180603 0.001345724007840254 0.001345724007840254 0.0055174563084636665
-0.008499799883972148 0.0012379391046557077 0.0012379391046557077 0.005517978855748744
-0.008537251272064403 0.00018601265132571254 0.00018601265132571254 0.0060275738769034895
-0.008430591416182303 5.851412371237253e-05 5.851412371237253e-05 0.006027821987151286
-0.008537211846468688 0.00024552517687407335 0.00024552517687407335 0.0057429696267927545
-0.008430535929263593 0.00011800637503717426 0.00011800637503717426 0.005743231388236648
-0.008230542156009343 -0.0008769197026187497 -0.0008769197026187497 0.005739768453166821
-0.007789652403345961 -0.000996087116750481 -0.000996087116750481 0.0057397610810773145
-0.008230340255217131 -0.0006306120865976055 -0.0006306120865976055 0.005473402785238675
-0.007789389154776892 -0.0007498476548839237 -0.0007498476548839237 0.005473448777274651
-0.0073751872807789635 -0.0014633975141712123 -0.0014633975141712123 0.004796694998308927
-0.006683742384624899 -0.0015410675592425218 -0.0015410675592425218 0.00479659909331615
-0.007374711017585861 -0.0010767717765738953 -0.0010767717765738953 0.004622594601998328
-0.006683210360348685 -0.0011545788116649027 -0.0011545788116649027 0.004622560648377666
-0.006167170318345573 -0.0013688432892291428 -0.0013688432892291428 0.0034543229905255324
-0.005449642871797998 -0.001331345630029851 -0.001331345630029851 0.003454360567636195
-0.00616672709341917 -0.0009668831268900975 -0.0009668831268900975 0.0035376771037779176
-0.0054492164788676155 -0.0009295279180377274 -0.0009295279180377274 0.003537672689503709
-0.0049718338190261595 -0.0007094493522639433 -0.0007094493522639433 0.0023402195260556493
-0.004386132896247664 -0.000554323500701193 -0.000554323500701193 0.002340227095081282
-0.0049715944425718075 -0.00038081691277953503 -0.00038081691277953503 0.0026876308799141236
-0.004385962138006719 -0.0002258114841507625 -0.0002258114841507625 0.002687506883630865
-0.0007756045716324058 0.007270545913057882 0.007270545913057882 0.001007431102925569
-0.0028976130991960935 0.0071982995896711826 0.0071982995896711826 0.0010095325266147386
-0.0007756176407417836 0.006078661098635783 0.006078661098635783 0.0008275515095354965
-0.002897662192344255 0.006005166151655626 0.006005166151655626 0.0008293164125223822
-0.004033472730688347 0.0045163476472773285 0.0045163476472773285 0.0024897559347901877
-0.005011694741582363 0.004429635935030155 0.004429635935030155 0.0024911228762336266
-0.004033498166053975 0.003967685565726118 0.003967685565726118 0.002290608649168047
-0.005011752348069669 0.0038807019044931057 0.0038807019044931057 0.0022918169559734457
-0.005639233298638514 0.003294061334719387 0.003294061334719387 0.0037258955412511974
-0.006374972425568228 0.0031755489502788515 0.0031755489502788515 0.0037272575462308877
-0.005639315680466848 0.0028819482012589753 0.0028819482012589753 0.0034580754859894064
-0.006375097623826914 0.0027632719732790093 0.0027632719732790093 0.0034592877148024643
-0.00681835737704845 0.0020933459152208734 0.0020933459152208734 0.004681495265416582
-0.007293138863480113 0.0019560856086305685 0.0019560856086305685 0.004682516047744659
-0.006818459854168362 0.0018275942309229512 0.0018275942309229512 0.0043735802268590794
-0.007293283328851285 0.0016902517302512347 0.0016902517302512347 0.004374499714334499
-0.007541820711012572 0.0009413119643437653 0.0009413119643437653 0.005305166526610104
-0.007745076070926294 0.0007885788497916126 0.0007885788497916126 0.005305840743796668
-0.007541894156209276 0.0008275253133074534 0.0008275253133074534 0.004963738411530735
-0.007745173040114815 0.0006747557187165651 0.0006747557187165651 0.004964368219023084
-0.007795594459960369 -0.0001082785340838538 -0.0001082785340838538 0.005516777453719344
-0.007728298237724576 -0.00025824402205463885 -0.00025824402205463885 0.005517115056213864
-0.0077955124221659846 -7.085848431078221e-05 -7.085848431078221e-05 0.005181953406833588
-0.007728202479583127 -0.00022084948991166572 -0.00022084948991166572 0.005182299186905315
-0.00759023375511372 -0.0008986493819714448 -0.0008986493819714448 0.0052739760332515245
-0.007278571761907788 -0.0010235809816913999 -0.0010235809816913999 0.0052740787373226575
-0.007589851329475445 -0.0007246758031535276 -0.0007246758031535276 0.004995037262078948
-0.007278147099741397 -0.0008496505464626315 -0.0008496505464626315 0.004995182612253707
-0.007003830640107475 -0.0012619296242648269 -0.0012619296242648269 0.004524747662284981
-0.006565262755808711 -0.0013035043799531545 -0.0013035043799531545 0.004524738278365431
-0.0070032762288471965 -0.0010166721275408528 -0.0010166721275408528 0.0044317010306410606
-0.006564686033641634 -0.001058300913882619 -0.001058300913882619 0.0044317092223540595
-0.006255758766521151 -0.0010961784742306744 -0.0010961784742306744 0.003615838173005661
-0.005851149500952238 -0.0010379114239447043 -0.0010379114239447043 0.0036157903484461047
-0.006255332522559964 -0.0008694442627233658 -0.0008694442627233658 0.003746047161247186
-0.005850738021417481 -0.0008112254925740925 -0.0008112254925740925 0.0037459624938382527
-0.0056039308636773155 -0.0005398822266403163 -0.0005398822266403163 0.002933637273356239
-0.005335511416544119 -0.0003950997574781945 -0.0003950997574781945 0.0029334450019841436
-0.005603754584870631 -0.0003891345023878995 -0.0003891345023878995 0.003257779054220396
-0.005335360210090646 -0.0002443945155321163 -0.0002443945155321163 0.00325752636823107
-0.0006469729468823478 0.005278833430172287 0.005278833430172287 0.0006973828407404552
-0.0024166347018523145 0.005205580470541223 0.005205580470541223 0.0006986853050377764
-0.0006469981631830702 0.004284563827466412 0.004284563827466412 0.000521887703713212
-0.002416729119163389 0.004210440445235189 0.004210440445235189 0.0005229556170485202
-0.003399268501771477 0.003572301504434631 0.003572301504434631 0.0021236270553910844
-0.0043120143504141555 0.0034596071873085467 0.0034596071873085467 0.0021248340009639623
-0.0033993326905365005 0.00306011574613306 0.00306011574613306 0.0018672754891132497
-0.004312141541692088 0.002947177543024536 0.002947177543024536 0.0018683155861732323
-0.004893522040477238 0.0025430039400184735 0.0025430039400184735 0.0032438370467906897
-0.0055686005051280895 0.0024021741355541443 0.0024021741355541443 0.003245008802201416
-0.0048936681528624635 0.0021646079035757943 0.0021646079035757943 0.002926475225691948
-0.00556880775475137 0.002023631074423762 0.002023631074423762 0.002927497950053607
-0.005982176527660688 0.0015470264881844694 0.0015470264881844694 0.0041234248502910725
-0.006435886580109907 0.0013794296332133521 0.0013794296332133521 0.004124434701490569
-0.005982370256862726 0.0012929037304485484 0.0012929037304485484 0.0037476657604010644
-0.0064361353116329035 0.0011252198500520726 0.0011252198500520726 0.0037485637096329066
-0.006688786637729152 0.000599716525477457 0.000599716525477457 0.004698904336167321
-0.006924469084326048 0.00042855620953181515 0.00042855620953181515 0.00469959832174873
-0.006688940501480175 0.0004676800534604879 0.0004676800534604879 0.004316149219807858
-0.0069246534390932065 0.00029647279233856877 0.00029647279233856877 0.004316785712023831
-0.007019520377703813 -0.00022339137148570066 -0.00022339137148570066 0.004939290787030709
-0.007041776322381647 -0.0003705427766594611 -0.0003705427766594611 0.004939645735405591
-0.0070194920263458045 -0.00023609545126137597 -0.00023609545126137597 0.004610566949706356
-0.007041745481300979 -0.00038327043376262056 -0.00038327043376262056 0.004610912207259464
-0.0070019292173549305 -0.0007827640936842418 -0.0007827640936842418 0.004810534813171701
-0.006869859082513939 -0.0008836815416615516 -0.0008836815416615516 0.0048106710671495
-0.007001713836005669 -0.0007091027829072896 -0.0007091027829072896 0.0045851087415199185
-0.0068696279507714925 -0.0008100358127189293 -0.0008100358127189293 0.004585258288014278
-0.006750832196188586 -0.0009972053368213288 -0.0009972053368213288 0.004377304402391331
-0.006558414268299479 -0.0010221035211280625 -0.0010221035211280625 0.004377308860940167
-0.006750575596484848 -0.0008895363577860602 -0.0008895363577860602 0.0043216070210698836
-0.006558152018352478 -0.0009144450630419825 -0.0009144450630419825 0.004321616380523977
-0.006428970537676413 -0.0008379607554632391 -0.0008379607554632391 0.0038471899311591255
-0.006269597223756852 -0.0007726231693652484 -0.0007726231693652484 0.0038470721879652484
-0.006428802082986978 -0.0007485065585128363 -0.0007485065585128363 0.003993172167997761
-0.0062694351036340756 -0.0006831802436520736 -0.0006831802436520736 0.003993038229866994
-0.0061977072366139925 -0.00040008125352513924 -0.00040008125352513924 0.0034968317822778993
-0.006162263557197451 -0.0002529542850579411 -0.0002529542850579411 0.0034964980510196284
-0.006197749423643205 -0.00037979012045238176 -0.00037979012045238176 0.003825692288183677
-0.006162303661706966 -0.0002326866690016668 -0.0002326866690016668 0.0038253450815428653
-0.0005166627849573152 0.0036327411940557503 0.0036327411940557503 0.0004001460549551194
-0.0019295501227392878 0.0035656720675596144 0.0035656720675596144 0.00040087674187977245
-0.0005166883039324359 0.0028386721085471205 0.0028386721085471205 0.0002432374236822096
-0.0019296455820710374 0.002771046749359946 0.002771046749359946 0.0002438207480376861
-0.002762209606510819 0.0027033906788023984 0.0027033906788023984 0.0016664375605036355
-0.0036229821838541544 0.0025745142686222143 0.0025745142686222143 0.0016674867680607928
-0.002762287850398256 0.0022201573859592597 0.0022201573859592597 0.001374666550486806
-0.0036231275089190877 0.0020910580934655433 0.0020910580934655433 0.0013755361032661288
-0.00416739571096716 0.0018831270571471053 0.0018831270571471053 0.002692133748224125
-0.004793163864600296 0.001739702404406669 0.001739702404406669 0.0026930410575567096
-0.004167541648717705 0.0015321425122079885 0.0015321425122079885 0.002369334182121258
-0.004793366965212747 0.001388587394902192 0.001388587394902192 0.0023701001932077974
-0.005181089083694052 0.0010994783427861511 0.0010994783427861511 0.003485543767505701
-0.0056142091318878845 0.0009477919922926257 0.0009477919922926257 0.0034862713412364904
-0.005181270095207861 0.0008566911200148031 0.0008566911200148031 0.0031453689793391687
-0.0056144333044647965 0.0007049280640475127 0.0007049280640475127 0.0031459952719600317
-0.005878151078838192 0.00038032756845309646 0.00038032756845309646 0.004056060927378087
-0.006165066820755504 0.00023409429289502446 0.00023409429289502446 0.004056562458571393
-0.005878344560237118 0.00021956519601917606 0.00021956519601917606 0.0037287389660240196
-0.0061652914012741795 7.328615013816876e-05 7.328615013816876e-05 0.00372917987429238
-0.006324233792703082 -0.00020836986822888993 -0.00020836986822888993 0.004388281578843006
-0.00647132996594299 -0.0003326680641198926 -0.0003326680641198926 0.004388566776596373
-0.006324361898362735 -0.0002908170541710096 -0.0002908170541710096 0.004110335102797467
-0.006471472499930326 -0.00041513784164844635 -0.00041513784164844635 0.00411059484877988
-0.006540368844014854 -0.0005889199967629463 -0.0005889199967629463 0.004437197715251675
-0.006581664151273295 -0.0006685695914234122 -0.0006685695914234122 0.0044373187571082945
-0.006540406772904499 -0.000612096020340254 -0.000612096020340254 0.004259111562364974
-0.006581704764389397 -0.0006917527842513282 -0.0006917527842513282 0.0042592282363898915
-0.006598622392422104 -0.0007176557367651312 -0.0007176557367651312 0.004286841374616747
-0.006604328255255143 -0.0007349259821335911 -0.0007349259821335911 0.004286850279015101
-0.006598658237923443 -0.0007207583860764054 -0.0007207583860764054 0.004248135458860732
-0.006604365087649638 -0.0007380287837031084 -0.0007380287837031084 0.004248145202931499
-0.006622813890280173 -0.0005833865455008819 -0.0005833865455008819 0.00409446138674041
-0.006668902080926515 -0.000524495845830149 -0.000524495845830149 0.0040943356291738685
-0.006622935454860229 -0.0006088856474754517 -0.0006088856474754517 0.004225864375041409
-0.006669020819323425 -0.000549998971260362 -0.000549998971260362 0.004225741679725682
-0.006736880504436491 -0.0002738074115904652 -0.0002738074115904652 0.004052845782422701
-0.006877196103827177 -0.00014272367346573913 -0.00014272367346573913 0.00405252211140105
-0.0067371141438930466 -0.00035188595124612757 -0.00035188595124612757 0.004345411088588267
-0.006877412005257895 -0.00022082576653760521 -0.00022082576653760521 0.004345109680686531
-0.0003889468095709096 0.0023291038828229973 0.0023291038828229973 0.00012862452030883617
-0.001452328365968328 0.002260924962895053 0.002260924962895053 0.0001291135000372712
-0.00038896317633084455 0.0017312761963334637 0.0017312761963334637 -2.7597932816300752e-05
-0.0014523895586094008 0.0016627794823808907 0.0016627794823808907 -2.7227099184180653e-05
-0.00214471898046736 0.0018814551172880091 0.0018814551172880091 0.0011802665098631726
-0.0029725975466243977 0.001775722958939558 0.001775722958939558 0.0011808837453584986
-0.002144794998063855 0.0014165617183068214 0.0014165617183068214 0.0009410697354946651
-0.002972729249659236 0.001310627979621942 0.001310627979621942 0.0009415481512755253
-0.0034987532960072476 0.0013277584921379964 0.0013277584921379964 0.0021519022483686896
-0.004107843177181465 0.0012075035828442917 0.0012075035828442917 0.002152468426280072
-0.003498869914325473 0.0009859982982067385 0.0009859982982067385 0.001881305297817655
-0.004108003261240036 0.0008656251754398732 0.0008656251754398732 0.0018817529448364734
-0.0044987737810045295 0.0007706603330802198 0.0007706603330802198 0.002930820607126769
-0.004957170635876675 0.0006615416966152252 0.0006615416966152252 0.002931199173004407
-0.0044989293219052226 0.0005136587239535323 0.0005136587239535323 0.0026858327795702647
-0.004957361544419675 0.00040446919569183185 0.00040446919569183185 0.002686136470376693
-0.005246772060753646 0.0002637669470882695 0.0002637669470882695 0.0035238664774358275
-0.005578922111745675 0.00016067286241933963 0.00016067286241933963 0.0035241309990626524
-0.005246943378383871 7.766044695065787e-05 7.766044695065787e-05 0.003292844095578611
-0.005579119578595337 -2.5475543835114097e-05 -2.5475543835114097e-05 0.0032930595259955822
-0.005791019166212911 -0.00013103968335231137 -0.00013103968335231137 0.003929272811704148
-0.006038006622100487 -0.00022725058504505385 -0.00022725058504505385 0.00392945864841241
-0.005791218528206063 -0.0002693149628936526 -0.0002693149628936526 0.0037139543651095066
-0.006038226606384679 -0.00036555248731171317 -0.00036555248731171317 0.0037141089967494684
-0.0061933122351546304 -0.0003726290354133297 -0.0003726290354133297 0.004140060773335347
-0.00637081684743733 -0.00043785085621420256 -0.00043785085621420256 0.0041401587510480975
-0.0061934942117138035 -0.0004719264260451805 -0.0004719264260451805 0.003994147210661705
-0.00637100974886624 -0.0005371612701648686 -0.0005371612701648686 0.003994231038100223
-0.006494608745961087 -0.00045061219132595256 -0.00045061219132595256 0.004219859545294382
-0.006655845242125907 -0.0004672644093904969 -0.0004672644093904969 0.004219877028446444
-0.0064948137535797215 -0.0005406726863765816 -0.0005406726863765816 0.004182486221927603
-0.006656054006409866 -0.0005573320953112014 -0.0005573320953112014 0.004182501639033724
-0.006791247300049774 -0.00036220601658056397 -0.00036220601658056397 0.004307444140425795
-0.0070006288708855235 -0.00032057985580320064 -0.00032057985580320064 0.004307364390927966
-0.006791537269339389 -0.0004790174313984549 -0.0004790174313984549 0.0044001657823139325
-0.007000911299886812 -0.0004374048034071 -0.0004374048034071 0.004400097204596063
-0.007174166367900509 -0.0001695667723243378 -0.0001695667723243378 0.004536151107753181
-0.007439051259347672 -6.643001939560467e-05 -6.643001939560467e-05 0.004535923231658131
-0.007174469237495049 -0.0003173407554504232 -0.0003173407554504232 0.004766040856711617
-0.007439332053826322 -0.00021423427727049218 -0.00021423427727049218 0.004765850080248585
-0.00030716150612537904 0.0013488116930717804 0.0013488116930717804 -0.00012117171506890796
-0.001146816218721351 0.0013052315749494236 0.0013052315749494236 -0.0001209754389377218
-0.0003071672112200687 0.0008766753485969338 0.0008766753485969338 -0.00022048099961875236
-0.0011468375471368716 0.000832898008190708 0.000832898008190708 -0.00022035105334270884
-0.0017284076029310215 0.001150476442276726 0.001150476442276726 0.0007985648806990223
-0.0024775978202387534 0.0010843340852651976 0.0010843340852651976 0.0007988214898290285
-0.0017284413768165843 0.0007296616018408935 0.0007296616018408935 0.00064904499481726
-0.0024776556217822386 0.0006633593684395645 0.0006633593684395645 0.0006492155614272564
-0.002979691931549963 0.0008623041408184637 0.0008623041408184637 0.0017198401447824998
-0.003602092495453462 0.0007870644211694647 0.0007870644211694647 0.0017200714101990263
-0.002979759872739727 0.0005130471540152156 0.0005130471540152156 0.0015504167294189406
-0.0036021889231218334 0.00043769435415656803 0.00043769435415656803 0.001550572921987674
-0.004010197906406026 0.0005231152898388229 0.0005231152898388229 0.0025362250302203007
-0.00450251426204578 0.000450848254203085 0.000450848254203085 0.002536390949390519
-0.0040102944109717455 0.00024708457579691775 0.00024708457579691775 0.0023738782641703226
-0.004502636252456674 0.0001747450664952682 0.0001747450664952682 0.002373991183247224
-0.004820801174015719 0.00020070610335294666 0.00020070610335294666 0.003153139702762633
-0.005197771093335522 0.00013414235394663471 0.00013414235394663471 0.0031532523650142094
-0.004820916648371286 -1.0495710419161426e-05 -1.0495710419161426e-05 0.0030038688517537394
-0.005197906504895568 -7.71033502206144e-05 -7.71033502206144e-05 0.00300394626115458
-0.005442727135746737 -4.867399397147304e-05 -4.867399397147304e-05 0.0035841204839145227
-0.00573484493248909 -0.00011035199134715351 -0.00011035199134715351 0.0035842026795983866
-0.005442857994114522 -0.00021221530803927212 -0.00021221530803927212 0.003446010756166228
-0.005734990241811223 -0.0002739207866859497 -0.0002739207866859497 0.0034460679215180074
-0.005941194693160361 -0.00017952279214894553 -0.00017952279214894553 0.003900468671060448
-0.006213067245028753 -0.00022814588358296002 -0.00022814588358296002 0.003900526263042704
-0.005941375801377907 -0.00033155605386342045 -0.00033155605386342045 0.0037916591970655377
-0.006213260038184825 -0.00038020173578276603 -0.00038020173578276603 0.0037916997535789687
-0.006412695098175628 -0.0002217528888713037 -0.0002217528888713037 0.004156518602978131
-0.006686533189624052 -0.0002361609001164375 -0.0002361609001164375 0.004156531928151533
-0.006412911433061706 -0.0003747416469433277 -0.0003747416469433277 0.004124150395879432
-0.0066867541742751755 -0.0003891700917623136 -0.0003891700917623136 0.004124159806539833
-0.006902205121624467 -0.00018129342696787866 -0.00018129342696787866 0.004454278768557952
-0.007217802865467924 -0.00015591214991719597 -0.00015591214991719597 0.004454241001584551
-0.0069024685898898515 -0.00035748224525940616 -0.00035748224525940616 0.004510701562448666
-0.007218060242267963 -0.0003321285241584234 -0.0003321285241584234 0.004510674859814884
-0.007461096709326345 -7.538460132281081e-05 -7.538460132281081e-05 0.004899498557529058
-0.007810205764177025 -1.4263005979895651e-05 -1.4263005979895651e-05 0.004899403811109551
-0.007461347211427774 -0.0002702628542095874 -0.0002702628542095874 0.0050356019411314365
-0.0078104389272557265 -0.00020917823457861003 -0.00020917823457861003 0.00503553600534623
-0.000270449109364962 0.0005673786870428964 0.0005673786870428964 -0.000257877187084124
-0.0010096972407199322 0.0005663357562238285 0.0005663357562238285 -0.0002578425499375534
-0.000270440730494732 0.0001516933715407034 0.0001516933715407034 -0.0002606669783335391
-0.0010096659523391646 0.00015049950034170815 0.00015049950034170815 -0.0002606576976769221
-0.001534745543283543 0.0005243729718541323 0.0005243729718541323 0.0005787057119499364
-0.0022299244854227106 0.0005057161803031292 0.0005057161803031292 0.0005787425343471848
-0.001534709551529076 0.0001338638800743153 0.0001338638800743153 0.0005364219908032253
-0.0022298903097971302 0.00011507314346585488 0.00011507314346585488 0.0005364318576800601
-0.002712058928572883 0.000431925193046038 0.000431925193046038 0.0014655924449687866
-0.0033340511381438013 0.0004045918739493127 0.0004045918739493127 0.001465630221029628
-0.0027120345549644913 8.28791398734892e-05 8.28791398734892e-05 0.001403974992145784
-0.0033340366972673965 5.5438244091832176e-05 5.5438244091832176e-05 0.0014039851148918247
-0.003748360138894405 0.0002958075838163934 0.0002958075838163934 0.002286663188989623
-0.004258208060407682 0.00026239137086529486 0.00026239137086529486 0.002286699239228904
-0.003748356752477972 9.944823062023674e-06 9.944823062023674e-06 0.0022115924091587577
-0.00425821583323452 -2.354421806117367e-05 -2.354421806117367e-05 0.002211602069609821
-0.00458993711247392 0.00015071135111861236 0.00015071135111861236 0.0029216512462435333
-0.004986314312006669 0.00011746993025360381 0.00011746993025360381 0.0029216784979597043
-0.004589950603931665 -7.136645114317641e-05 -7.136645114317641e-05 0.002847125042964519
-0.00498633678238522 -0.00010465223871494955 -0.00010465223871494955 0.002847132345667482
-0.005249954395961488 3.899601099300663e-05 3.899601099300663e-05 0.0033716137572109544
-0.005573830020353361 1.0238634528658423e-05 1.0238634528658423e-05 0.0033716316034663055
-0.0052499855162920685 -0.00014230656179316597 -0.00014230656179316597 0.0033072043298929387
-0.005573868500595643 -0.00017109355199661794 -0.00017109355199661794 0.003307209112147941
-0.005806110371492693 -1.9283354762918476e-05 -1.9283354762918476e-05 0.0037321396460264196
-0.006116882625400991 -4.300258630279319e-05 -4.300258630279319e-05 0.0037321526555477496
-0.005806167913055356 -0.00019306323009175236 -0.00019306323009175236 0.003679044989106914
-0.006116946744215654 -0.00021680933916633338 -0.00021680933916633338 0.00367904847522315
-0.0063551056009144916 -3.3321479212180397e-05 -3.3321479212180397e-05 0.004103448277331041
-0.006695259406934825 -4.376219964107221e-05 -4.376219964107221e-05 0.004103452677343258
-0.006355194281946685 -0.0002233487661179997 -0.0002233487661179997 0.004080007967649549
-0.006695352653665593 -0.00023382088562176818 -0.00023382088562176818 0.004080009146655047
-0.0069515454103964555 -3.0282788191252357e-05 -3.0282788191252357e-05 0.004535967652345393
-0.007311592468020133 -2.420007484169963e-05 -2.420007484169963e-05 0.004535961029616759
-0.006951641804688664 -0.00023134734743883036 -0.00023134734743883036 0.004549389942199634
-0.007311689069089751 -0.00022529971873921787 -0.00022529971873921787 0.004549388167653549
-0.0075839977481779505 8.843239360342334e-07 8.843239360342334e-07 0.005095096776659939
-0.007968179205000545 1.3155608895365042e-05 1.3155608895365042e-05 0.005095089109763861
-0.007584090466668964 -0.00021362708661923927 -0.00021362708661923927 0.005122368189183226
-0.00796826751771255 -0.00020139594270714357 -0.00020139594270714357 0.005122366134870479
eps_abs 640
0.0020255922621781625 0.0011552198959364625 0.0011552198959364625 0.017514204236041952
0.007539672329879206 0.001455797820554518 0.001455797820554518 0.017513635268383763
0.00202527198170512 0.004291522205487 0.004291522205487 0.017653963451748588
0.007538480766086531 0.004300065920002331 0.004300065920002331 0.017651227602335662
0.012861973405020535 0.0021536905682606575 0.0021536905682606575 0.02800108925097078
0.021924474220947978 0.0029392229075093095 0.0029392229075093095 0.028002340871832985
0.012859469766143668 0.007259019328109604 0.007259019328109604 0.026981077588436327
0.021918546618023064 0.00773091641186155 0.00773091641186155 0.0269857447389408
0.02804553103723174 0.0031971115678705512 0.0031971115678705512 0.04246895508679723
0.036033083299147804 0.005029706147716511 0.005029706147716511 0.042475381414196024
0.02803287217619543 0.007275747760450244 0.007275747760450244 0.03834580491162648
0.036009012121689284 0.009006962724380958 0.009006962724380958 0.038369694657321166
0.04064888866148655 0.005297510525086147 0.005297510525086147 0.051704822375809756
0.04529189559451717 0.007412467102130495 0.007412467102130495 0.05171012167345451
0.040626688605831345 0.007304268673881007 0.007304268673881007 0.04680296269752112
0.04526201201494998 0.009354328203644523 0.009354328203644523 0.046822628718537304
0.0474822946431222 0.00774129283546721 0.00774129283546721 0.05676851590725159
0.048811936983053084 0.00884910925549905 0.00884910925549905 0.05676963088711822
0.04747414587841836 0.008051949467524763 0.008051949467524763 0.05300718096009804
0.04880324232885234 0.009729942073813426 0.009729942073813426 0.05301132563221089
0.04867339766994517 0.00908162932282877 0.00908162932282877 0.05709327831367921
0.04692882290600852 0.009984661028348303 0.009984661028348303 0.057092820967524195
0.04870019208572063 0.008014341836723686 0.008014341836723686 0.05496868521109141
0.04695806492456836 0.0089159640331303 0.0089159640331303 0.05496698214083758
0.044597711018541826 0.009686362712045747 0.009686362712045747 0.05295389734250793
0.03993306436644978 0.009752346968992466 0.009752346968992466 0.05295332324853368
0.04465702096289991 0.007067447685361548 0.007067447685361548 0.0528189796732927
0.03999190831051669 0.007279429722513362 0.007279429722513362 0.052816833849958826
0.03477345311817632 0.008068316038251103 0.008068316038251103 0.04404732727417679
0.025276811958734234 0.0063834521313596545 0.0063834521313596545 0.04405196755441558
0.03488869676429693 0.003220152399152741 0.003220152399152741 0.0477607978778958
0.025362977160764362 0.0027116157558033493 0.0027116157558033493 0.04778457037077985
0.018265573373753036 0.004416124677015667 0.004416124677015667 0.029038210570500586
0.0078498843982323 0.0016851943871930848 0.0016851943871930848 0.029049679243366208
0.01835062745486997 0.0049947018636129475 0.0049947018636129475 0.03673893455615484
0.007875717522389775 0.00697067855988719 0.00697067855988719 0.03679511438184045
0.00424213622536606 0.0016322930169634718 0.0016322930169634718 0.021487272442370076
0.0011378817172671058 0.0007466964807390933 0.0007466964807390933 0.02148754191352617
0.004244682922100871 0.0027853145898943453 0.0027853145898943453 0.022565343466294796
0.0011385657820881909 0.002421095701823393 0.002421095701823393 0.02256674614746975
0.0023485234102518866 0.006996587270783934 0.006996587270783934 0.01718797920915705
0.008737336317098707 0.007716036467075275 0.007716036467075275 0.01719269917710737
0.002346262718355489 0.01055116856320124 0.01055116856320124 0.01588629063236757
0.008728959193512588 0.011199158635439398 0.011199158635439398 0.015890065255628614
0.012613615442487677 0.011724723716034186 0.011724723716034186 0.025159447699148393
0.01686506679287202 0.013578413339652066 0.013578413339652066 0.025186433413205162
0.012603485622465114 0.01398432794496667 0.01398432794496667 0.021641012587122335
0.016846863368331706 0.015728816936234572 0.015728816936234572 0.0216712085783208
0.01980777177226924 0.013842103240666386 0.013842103240666386 0.03399871270264763
0.023582068697210374 0.017603308166128543 0.017603308166128543 0.034063368279760864
0.019781935929017225 0.01591802278201713 0.01591802278201713 0.02588845690157765
0.023540560718653746 0.01952644418640559 0.01952644418640559 0.025966742389320157
0.026362329790512003 0.016856692753403586 0.016856692753403586 0.04114747185442548
0.03000457226801106 0.021425386338796315 0.021425386338796315 0.041203202757000824
0.026315084474576506 0.01891581595092362 0.01891581595092362 0.03047666663886065
0.02993828006208403 0.02345753151423554 0.02345753151423554 0.03055035540650718
0.03276734767700513 0.02147647606760177 0.02147647606760177 0.04753384789744651
0.03631944467667077 0.026259105426469132 0.026259105426469132 0.047561504704575014
0.032688663251203356 0.023447763804061154 0.023447763804061154 0.03630865903207121
0.03622092492002448 0.02820148139949398 0.02820148139949398 0.036354767594042645
0.03862679838808408 0.02586147075817644 0.02586147075817644 0.051248041741717425
0.04083003104668615 0.029174205640752494 0.029174205640752494 0.051244505881551695
0.038564288404249886 0.027168779688647032 0.027168779688647032 0.04332810997451117
0.04075920042884263 0.030356215339349794 0.030356215339349794 0.043333241192278694
0.04235342844714361 0.027959270553272388 0.027959270553272388 0.05177241985693505
0.04385467211728348 0.028588741983500844 0.028588741983500844 0.05176805597666658
0.04231911643659847 0.02848506635520018 0.02848506635520018 0.04955655576378425
0.04381907490648596 0.02944431974475533 0.02944431974475533 0.04955356528587098
0.044556850366688265 0.02283818528439015 0.02283818528439015 0.05061101251235588
0.044014084038130716 0.02079456625634671 0.02079456625634671 0.05065225633407313
0.04463125611329937 0.022560221344559366 0.022560221344559366 0.055471051805882236
0.04408462083438603 0.020695621467055527 0.020695621467055527 0.05551111800549967
0.04282127881495659 0.01573651227241813 0.01573651227241813 0.04503113602124627
0.039888842059816694 0.009722809165622244 0.009722809165622244 0.045188862447088765
0.04290043176824459 0.01550218796893583 0.01550218796893583 0.06019084083266191
0.03995094867447338 0.009763317486155169 0.009763317486155169 0.060378173100451314
0.030542512208518956 0.00930461777933363 0.00930461777933363 0.031528092882010396
0.008274499344713969 0.0037299220491777965 0.0037299220491777965 0.03167308863448585
0.030924217324416498 0.00816639851364897 0.00816639851364897 0.05656208604353484
0.008379822091886919 0.015216613623261764 0.015216613623261764 0.05698780273366357
0.0017460217170854448 0.013243982149169753 0.013243982149169753 0.01398509091233395
0.006501183494108854 0.015011366390459992 0.015011366390459992 0.014028984977121297
0.0017419267875276262 0.01594490850748233 0.01594490850748233 0.009927099939896761
0.006485992903914351 0.017702580304543258 0.017702580304543258 0.00997070939634815
0.008614700646060909 0.017789558505794542 0.017789558505794542 0.018143233511545107
0.009697687815914145 0.020536496535573222 0.020536496535573222 0.018203329669477724
0.008612162503139488 0.01839110465495836 0.01839110465495836 0.011982904416805988
0.009693289280995044 0.021129363947035965 0.021129363947035965 0.01203357480572049
0.009970817042079203 0.02113359142040632 0.02113359142040632 0.01994244668171582
0.009578373681946499 0.024817212060339496 0.024817212060339496 0.020008370022438278
0.009984965874382943 0.020860139391370443 0.020860139391370443 0.011845758146877893
0.009597709293323682 0.02452862682388862 0.02452862682388862 0.011903279068791135
0.009719740923294602 0.024769941211877162 0.024769941211877162 0.022369463873662836
0.010239050915303381 0.029857204787642658 0.029857204787642658 0.022443139870129948
0.009716662382567205 0.02496501068585401 0.02496501068585401 0.011385939812062902
0.010232309961144055 0.030023503299737977 0.030023503299737977 0.011434133646409723
0.010988388154112835 0.03094407833435569 0.03094407833435569 0.026325068872009607
0.013037657407984201 0.037969100278982336 0.037969100278982336 0.026396049277759334
0.010970115605850494 0.031325833186055224 0.031325833186055224 0.011506204120834973
0.01293100054564816 0.03829609542460215 0.03829609542460215 0.011542774965777724
0.014835263062536432 0.03991490631259814 0.03991490631259814 0.032606283458345944
0.017414397776684715 0.04966611957439198 0.04966611957439198 0.03264528448181559
0.014726276983382983 0.04081773311934214 0.04081773311934214 0.012348465674721662
0.017269070498843696 0.05046303581667551 0.05046303581667551 0.012375657317200141
0.01886326313923989 0.054186182954106724 0.054186182954106724 0.037894915196580795
0.020198769238174742 0.06675530007088848 0.06675530007088848 0.03785516909359028
0.01881600238167546 0.05451381715974403 0.05451381715974403 0.011464588704995983
0.020129527736851838 0.06691508202624105 0.06691508202624105 0.01147172693814666
0.023579298178115063 0.07055104164387367 0.07055104164387367 0.04339231331498215
0.028108229989915585 0.08581442505581992 0.08581442505581992 0.0431820379798019
0.023121244347246262 0.07178780056453567 0.07178780056453567 0.011593084683865405
0.027481706089968323 0.08679255688997294 0.08679255688997294 0.011567357717983092
0.031495275713250205 0.09397492834433402 0.09397492834433402 0.048642709414035194
0.03533631986188383 0.11129164020992202 0.11129164020992202 0.04823570063580904
0.03101659018246508 0.09428034689957351 0.09428034689957351 0.010836668951428216
0.03477653402198424 0.11126902319208773 0.11126902319208773 0.010737068291647198
0.040717182075855944 0.11431049972059246 0.11431049972059246 0.04626991233732698
0.048731836006154404 0.13043463811838057 0.13043463811838057 0.045697129089236344
0.03931845745580176 0.11577611903833168 0.11577611903833168 0.009649151983638783
0.047137453789531214 0.1316132852487371 0.1316132852487371 0.009162825720360871
0.0006613722420174237 0.01688141757617353 0.01688141757617353 0.008134725181388903
0.002466369705500348 0.017616936273352944 0.017616936273352944 0.008153946991810814
0.0006607187005586636 0.01776862083388935 0.01776862083388935 0.006752586231682539
0.002463935181377994 0.018502873933200305 0.018502873933200305 0.0067579867916962525
0.0029016910288228678 0.016035256227382902 0.016035256227382902 0.009041727657189056
0.0027754973888296196 0.017205567037658395 0.017205567037658395 0.009066876617865873
0.0029032033988064462 0.015407774458319127 0.015407774458319127 0.006668223310949115
0.0027735210585525015 0.016576233541309177 0.016576233541309177 0.006680889434229369
0.002904782924004655 0.015068921415954084 0.015068921415954084 0.008305412070703023
0.0030372968417506567 0.016407097512206346 0.016407097512206346 0.008324025006291341
0.0029073339439871565 0.014107279843987986 0.014107279843987986 0.006018374496630041
0.003035234240045912 0.015442672101765337 0.015442672101765337 0.006024652081269541
0.003594232914132587 0.014834050346462293 0.014834050346462293 0.0077031680074330575
0.00497764022402217 0.01617319144293941 0.01617319144293941 0.007714337340516322
0.0035835159684206386 0.01392880396228232 0.01392880396228232 0.005824517677031939
0.0049605936871396136 0.015265270385207759 0.015265270385207759 0.005825401189805397
0.005888132640773579 0.014206825572836921 0.014206825572836921 0.007687887227970067
0.00710793920844322 0.015626063568835318 0.015626063568835318 0.007691656917512578
0.005873286968742737 0.013445475399546738 0.013445475399546738 0.006148906590622427
0.0070904899786028855 0.01479623999630041 0.01479623999630041 0.006143035583147633
0.00785109440268532 0.013464390282490067 0.013464390282490067 0.008105617828942422
0.008888741949734652 0.015052760592012562 0.015052760592012562 0.00811034035375946
0.007835760863008037 0.012595185317713498 0.012595185317713498 0.007030260811908281
0.008871181669351542 0.014104086747977064 0.014104086747977064 0.007027120289124983
0.009365300691306198 0.01190721406679967 0.01190721406679967 0.008907279604227715
0.01001828584538407 0.013304995063645304 0.013304995063645304 0.008906888752765447
0.00935833682398049 0.011049629610780718 0.011049629610780718 0.0074778242883751294
0.010010302403098246 0.012477449542552026 0.012477449542552026 0.0074765566595072705
0.009978897954201238 0.010057718255932758 0.010057718255932758 0.00900390781665554
0.009652191521577765 0.011653058977726453 0.011653058977726453 0.00899080629463836
0.009999401925843776 0.009330312685957616 0.009330312685957616 0.006677805623691984
0.009663417168917103 0.010738960819391907 0.010738960819391907 0.00667085609486468
0.008850286217955005 0.008669535551289713 0.008669535551289713 0.007672305246461988
0.008047576945233356 0.010127602036380882 0.010127602036380882 0.007620874673008877
0.008913799906578784 0.0072550934481993515 0.0072550934481993515 0.004397097437993535
0.008050284478789985 0.008148276579485615 0.008148276579485615 0.0043897148499443105
0.005814928203723783 0.0038838862981785947 0.0038838862981785947 0.006944223363341295
0.004714291762554559 0.002711537260981667 0.002711537260981667 0.006839404742308038
0.005922838873073555 0.003330088118361501 0.003330088118361501 0.0013662642200050427
0.004612062902086556 0.003010613064120584 0.003010613064120584 0.001319608610586426
0.00039665886990561047 0.01811510721933311 0.01811510721933311 0.005902710616862917
0.001480369159601119 0.018818180139779945 0.018818180139779945 0.0059177438343028495
0.000396246350293615 0.018206656080036226 0.018206656080036226 0.004706438094573733
0.0014788296390612823 0.018909186211917544 0.018909186211917544 0.00470890730179476
0.0018876612454560957 0.014596972811547064 0.014596972811547064 0.005555040962703511
0.0027656801956084625 0.015418656305464563 0.015418656305464563 0.005562949992878422
0.0018877835524845454 0.013515414068178374 0.013515414068178374 0.004251288636407956
0.0027606973085415637 0.01433533345560365 0.01433533345560365 0.004256622451169903
0.003729940960182567 0.012618392589226183 0.012618392589226183 0.0049992792379682455
0.0051003166240510605 0.013486268013621242 0.013486268013621242 0.005003527632210067
0.003725083554019833 0.011788108518766858 0.011788108518766858 0.004243572391414243
0.005092246527706158 0.01265455627698622 0.01265455627698622 0.004238757901673943
0.006066243086992789 0.011680651255364194 0.011680651255364194 0.005208108534488963
0.007316945221762098 0.012517141616285202 0.012517141616285202 0.005205411353096503
0.006058537941979781 0.010962760143247988 0.010962760143247988 0.005156169771710923
0.007307751252665012 0.01179803574258562 0.01179803574258562 0.005149182457667945
0.008125588411458273 0.010436915851807107 0.010436915851807107 0.006101317077769779
0.009190959022405305 0.011223625898497814 0.011223625898497814 0.006098248414933727
0.008117753886325262 0.009793272986456311 0.009793272986456311 0.006095027972384493
0.009182015942320482 0.010577085204154037 0.010577085204154037 0.00609146949393142
0.00977801333628981 0.008919073224502142 0.008919073224502142 0.006932699227383061
0.01047096216222567 0.009576291141729566 0.009576291141729566 0.00693174972859467
0.009773427656858076 0.008331110420683463 0.008331110420683463 0.0068697266102593175
0.01046585973458228 0.008987573560987535 0.008987573560987535 0.006868765950349245
0.010633743279904845 0.00715293203244263 0.00715293203244263 0.007117866714075247
0.010570832510380988 0.007733198153308704 0.007733198153308704 0.007117466089295521
0.01063905105953463 0.006571858450413811 0.006571858450413811 0.006922443640179468
0.010576345654571342 0.007223986300025757 0.007223986300025757 0.006922180800594639
0.01018843036310428 0.00504859114954611 0.00504859114954611 0.00612047197310281
0.009275275946408836 0.005459466161687696 0.005459466161687696 0.0061196431781396
0.010206225480471922 0.004485706820314272 0.004485706820314272 0.00589190058977751
0.009291797364370994 0.004864280628043473 0.004864280628043473 0.0058912398083868405
0.00816402266176813 0.0032143209528917405 0.0032143209528917405 0.004059178150604026
0.006159385221833805 0.002960547519900843 0.002960547519900843 0.00405714449214023
0.008188511026155915 0.002645731152848452 0.002645731152848452 0.003816923453036216
0.006179692697482275 0.0025689493901088463 0.0025689493901088463 0.0038156541287663846
0.003652608373815628 0.0028471941202459633 0.0028471941202459633 0.0014040668947360724
0.002538284613017681 0.002850688627711819 0.002850688627711819 0.0013963294163025122
0.0037009477373738634 0.0011639956079591814 0.0011639956079591814 0.0009525757393350541
0.002503491144917816 0.0013395526753794025 0.0013395526753794025 0.0009504363291344658
0.00047093219213403565 0.017917357372865435 0.017917357372865435 0.004049110689372565
0.001758586700825739 0.018403535549061156 0.018403535549061156 0.004057501868131181
0.0004706199568309229 0.01725243832297904 0.01725243832297904 0.0033154355454693253
0.0017574197077853924 0.01773797258606036 0.01773797258606036 0.003317261089592762
0.0027208750998621465 0.01229817540781498 0.01229817540781498 0.0036402287865102646
0.0044342644075409604 0.012904337979319808 0.012904337979319808 0.003639669181002904
0.002718272831883194 0.011308559294033899 0.011308559294033899 0.00339019864952041
0.004429938969845251 0.01191346287287503 0.01191346287287503 0.0033832656569793397
0.005523982708755979 0.010355067911418027 0.010355067911418027 0.00421753091131917
0.00677776969356691 0.010893830361088383 0.010893830361088383 0.00421254507752059
0.005520332661883015 0.009650857319094387 0.009650857319094387 0.0043327743698442075
0.006773171363662525 0.010188869473481499 0.010188869473481499 0.004327675036599029
0.007621277634929258 0.009021848450124461 0.009021848450124461 0.005246926818155933
0.008714342518839456 0.009486069408800025 0.009486069408800025 0.00524387720871634
0.007616874400270301 0.008408468995376762 0.008408468995376762 0.005370680883123118
0.008709194299794863 0.00887212632406347 0.00887212632406347 0.0053675517616911
0.009366758717193042 0.007391174969306024 0.007391174969306024 0.006209889979424384
0.01011921402233402 0.007788805789315385 0.007788805789315385 0.006208191231286233
0.009363370021911309 0.006934587354218023 0.006934587354218023 0.006362093276627819
0.010115408342979366 0.007341183729037041 0.007341183729037041 0.006360509333678371
0.010468308467842982 0.0057437484863906586 0.0057437484863906586 0.006925478424246756
0.010748633167190694 0.006075934126173695 0.006075934126173695 0.006925211826453975
0.010467864669235265 0.005406841799169332 0.005406841799169332 0.006986904958074357
0.010748108045650923 0.005737299115506505 0.005737299115506505 0.006986687126481752
0.010675932154778816 0.004058809128363441 0.004058809128363441 0.006845271783355194
0.010287960999065319 0.004262256966984178 0.004262256966984178 0.006845255136445121
0.010680582663595714 0.003780625343266737 0.003780625343266737 0.006781252427000842
0.010292745357022116 0.00396479743906934 0.00396479743906934 0.006781256969411565
0.009684523849742645 0.002429814147770699 0.002429814147770699 0.005787794796162085
0.008507282014235737 0.002438373705340224 0.002438373705340224 0.005787916529598315
0.00969391140869896 0.002166894226329507 0.002166894226329507 0.005708020552104145
0.008516674108123757 0.0021792245979141943 0.0021792245979141943 0.005708119882871805
0.007214062758374922 0.0021621292552904793 0.0021621292552904793 0.0036257047810927196
0.0049404657203243425 0.0022257750372607047 0.0022257750372607047 0.003624855625077466
0.007229442360366051 0.0014932004943925248 0.0014932004943925248 0.0034545836425136037
0.004955213225728064 0.001504487826406319 0.001504487826406319 0.0034538816018658547
0.0031160324273519055 0.001905287062549872 0.001905287062549872 0.0009135862232942899
0.002053152860061893 0.0018146777099517142 0.0018146777099517142 0.0009136288776254119
0.0031321303839627087 0.0005622989438733787 0.0005622989438733787 0.0009704114523820063
0.002046639029212762 0.0004947908714285859 0.0004947908714285859 0.0009709495110027083
0.0007150413980158882 0.016561442118786802 0.016561442118786802 0.0030900630736311473
0.002671142428113793 0.01692349268487514 0.01692349268487514 0.0030851503264073734
0.0007147163619861253 0.015461525043325045 0.015461525043325045 0.0030743963366138627
0.0026699265083431093 0.01582237525679869 0.01582237525679869 0.0030683410829313827
0.003950015435253731 0.010313978266684561 0.010313978266684561 0.003419743553581334
0.005514909614505637 0.010660386346341175 0.010660386346341175 0.0034165903334715843
0.0039483361247357575 0.009436052115283863 0.009436052115283863 0.0034208021761803647
0.005512429586679769 0.00978165614089798 0.00978165614089798 0.0034175316958734445
0.006498147500707074 0.008407767780510193 0.008407767780510193 0.004401480614626627
0.007638806590169548 0.00870576885920881 0.00870576885920881 0.004399488321418954
0.006496026915312458 0.007768619831295551 0.007768619831295551 0.004488024574400012
0.007636154671079074 0.008066166576197627 0.008066166576197627 0.004485975168523906
0.008357619990188756 0.006857888695926726 0.006857888695926726 0.005491321726077521
0.009205025665477436 0.007119086834414394 0.007119086834414394 0.005489900729896626
0.008355456805858046 0.00638340934507833 0.00638340934507833 0.005592662764569734
0.00920252117727049 0.006644337140118107 0.006644337140118107 0.005591291481097301
0.009689188396398304 0.005204881509928681 0.005204881509928681 0.0064596217717712515
0.010197891619204891 0.005398753282132804 0.005398753282132804 0.00645939671556989
0.009687841840205371 0.004882381706892136 0.004882381706892136 0.006464324176728621
0.010196399609358553 0.005053020187415921 0.005053020187415921 0.006464122063809672
0.010384367960019033 0.003573557595637736 0.003573557595637736 0.006971444260620651
0.010423780461515694 0.003715476438051475 0.003715476438051475 0.006971582933860091
0.010384777182958556 0.0033871888932375757 0.0033871888932375757 0.00684813862677641
0.010424174510243321 0.0035056364760615174 0.0035056364760615174 0.006848261671476861
0.010234445913410503 0.002086643737930604 0.002086643737930604 0.006724162077489745
0.009718696258116529 0.0020966757411875724 0.0020966757411875724 0.006724098204725084
0.01023694435957959 0.002026165212927609 0.002026165212927609 0.00661711397602348
0.00972120518473226 0.002038352814237788 0.002038352814237788 0.006617067045329627
0.009062676648932665 0.0018462191428290657 0.0018462191428290657 0.005637679056058031
0.007821845085283914 0.0018780832141811032 0.0018780832141811032 0.005637611352960368
0.009067736990896844 0.0014720911801292466 0.0014720911801292466 0.0055213616421849465
0.007826788463385251 0.0014957035284518263 0.0014957035284518263 0.0055212943030173095
0.006647919780506341 0.0020263017525573896 0.0020263017525573896 0.0033604125359372556
0.0047186418110877915 0.002033764536992891 0.002033764536992891 0.0033606696290858122
0.006655080803643007 0.0012061609902813085 0.0012061609902813085 0.003331208552660826
0.004725656842793387 0.0011887023467042478 0.0011887023467042478 0.003331382886759727
0.003351334863404162 0.0015114824752903485 0.0015114824752903485 0.0010473276005005627
0.002216848702921274 0.0014167639484276425 0.0014167639484276425 0.001047938160848711
0.003358493225102387 0.0004238875271920167 0.0004238875271920167 0.001212802772771405
0.002218281882934859 0.00035125420432487495 0.00035125420432487495 0.001213454023108271
0.0008875980867794422 0.014492872201537322 0.014492872201537322 0.0030167208970641245
0.003316519677549151 0.01467029111097147 0.01467029111097147 0.0030155715134624677
0.0008873675777735804 0.0131283474403553 0.0131283474403553 0.0028625767943954755
0.003315657086921883 0.01330410397131246 0.01330410397131246 0.002861295502856912
0.004692917122344782 0.008463363461788592 0.008463363461788592 0.0034452768547189685
0.00603596176498193 0.008652251939435664 0.008652251939435664 0.00344405017460098
0.0046921426191215854 0.007710557574699908 0.007710557574699908 0.0034612209882981517
0.006034773971686407 0.00789891259271657 0.00789891259271657 0.003460038501088797
0.006879835727090124 0.0066937717651278875 0.0066937717651278875 0.0045334095825775075
0.007851293265683974 0.006847320012398114 0.006847320012398114 0.00453263291764791
0.006878790299219646 0.006149977280929233 0.006149977280929233 0.00454025504599451
0.007850002408442157 0.006303241537996511 0.006303241537996511 0.004539493369176973
0.008445273725584467 0.0051730123770413056 0.0051730123770413056 0.005630293462771645
0.009108102937385227 0.005260748486385579 0.005260748486385579 0.005630442435838028
0.008444328912912606 0.004802089733607933 0.004802089733607933 0.00555569257349488
0.009107024523644125 0.004889698210509979 0.004889698210509979 0.005555821116575553
0.009466355208692335 0.0035433436350358963 0.0035433436350358963 0.006412268453096307
0.009797464824082256 0.0035869504038461533 0.0035869504038461533 0.006412768254934853
0.009465850384320504 0.003329487518985573 0.003329487518985573 0.006249374483605101
0.009796907596454171 0.0033558887522317656 0.0033558887522317656 0.006249825356128474
0.009890089594940322 0.0020919232215120286 0.0020919232215120286 0.006740986454990783
0.009828463532652409 0.0021209001185272967 0.0021209001185272967 0.0067411422620647235
0.009890289869714434 0.0019723217714923227 0.0019723217714923227 0.006563830425617721
0.0098286536592982 0.00198524331170919 0.00198524331170919 0.006563983406522085
0.009599565139610215 0.0012371252694231949 0.0012371252694231949 0.006517057836143015
0.009052048784500643 0.001293592327969444 0.001293592327969444 0.00651691243876847
0.009600691029687379 0.0011790704128104078 0.0011790704128104078 0.006331075781596931
0.009053130400549695 0.0011439644636209484 0.0011439644636209484 0.006330971533599537
0.008435842496613458 0.0016601763573769958 0.0016601763573769958 0.005413114434267501
0.007311452350290672 0.0017299371201846404 0.0017299371201846404 0.00541287296497669
0.008437913277388114 0.0012826337970017322 0.0012826337970017322 0.005246054215473494
0.007313394612111823 0.0013345733171142306 0.0013345733171142306 0.0052458652215783205
0.006338255926500842 0.00192650320772664 0.00192650320772664 0.0033164453748823946
0.004830702001401869 0.00191650919461636 0.00191650919461636 0.0033166352202515237
0.0063407607433817945 0.0011350243240272348 0.0011350243240272348 0.003333160042284296
0.004833161611130802 0.0011259089040038485 0.0011259089040038485 0.0033332765232641014
0.0038412837670748815 0.0012249363075007608 0.0012249363075007608 0.001367602925176059
0.0027710763136695464 0.0011034241082905536 0.0011034241082905536 0.0013683316968675203
0.0038436359995620128 0.0004209157773238382 0.0004209157773238382 0.0016325214018854755
0.002772893709355204 0.0003077823580133983 0.0003077823580133983 0.0016329798436641942
0.00093547804524869 0.012056455017408707 0.012056455017408707 0.0027185139099032245
0.0034956458594474207 0.012104240030678379 0.012104240030678379 0.0027199347153958288
0.0009353682546987296 0.010618755010738706 0.010618755010738706 0.002468891717171225
0.0034952351831157094 0.010664728971650432 0.010664728971650432 0.002470109261149785
0.004868010254641269 0.006920744204610936 0.006920744204610936 0.0034246922425400818
0.006058864487825834 0.006972652719623865 0.006972652719623865 0.003425221751991197
0.004867724139063516 0.00625336717826475 0.00625336717826475 0.0032942995795757282
0.006058415516891394 0.006304883585785451 0.006304883585785451 0.003294770341442321
0.006788943757272769 0.005282158808959332 0.005282158808959332 0.004497069674568141
0.007595765674373146 0.005304452144543954 0.005304452144543954 0.004497786723615079
0.006788555744507574 0.00483048574610703 0.00483048574610703 0.004345069095671133
0.0075952823894580995 0.004852600596198535 0.004852600596198535 0.004345706967250918
0.008098127566481424 0.003828372475821025 0.003828372475821025 0.0054665979578165215
0.00866799965439746 0.003807248101482323 0.003807248101482323 0.005467414673181233
0.008097729604163145 0.0035094853805271616 0.0035094853805271616 0.005275471335855648
0.008667554844406258 0.0034882722757068425 0.0034882722757068425 0.005276204897218309
0.008959647064724869 0.0022964606533517344 0.0022964606533517344 0.00612063514148117
0.009191873588760878 0.0022683656022007247 0.0022683656022007247 0.006121177110045129
0.008959429588746558 0.0021560308695403245 0.0021560308695403245 0.005916744193497256
0.009191642205918046 0.0021196234581718557 0.0021196234581718557 0.005917240400279646
0.009237681500169242 0.0011887296372488656 0.0011887296372488656 0.0064269779510126345
0.009135773752735306 0.0011517884674864711 0.0011517884674864711 0.006427158882748172
0.009237729490995435 0.0011366590186881048 0.0011366590186881048 0.0062052748654642656
0.00913580911309261 0.0010974260791340974 0.0010974260791340974 0.006205463494393486
0.008907257658233789 0.0011376835723286214 0.0011376835723286214 0.006175695148377073
0.00838873454696517 0.0012354912312004264 0.0012354912312004264 0.006175582638591621
0.008907556147485755 0.0009808807660396783 0.0009808807660396783 0.005928128207266134
0.008388969292746398 0.001078767088932176 0.001078767088932176 0.005928077606394341
0.007862008673462607 0.001625755669164691 0.001625755669164691 0.005115469777873929
0.0069435655146323876 0.0017114853821262278 0.0017114853821262278 0.005115251551727389
0.007862322497389971 0.0011767404123072985 0.0011767404123072985 0.004929471017391978
0.0069437850557101935 0.001258508392101304 0.001258508392101304 0.0049293265944941895
0.006199171250169158 0.001699931268046775 0.001699931268046775 0.0033547352874079162
0.0050960927514213635 0.00167821845838245 0.00167821845838245 0.003354834756466305
0.006199428596752915 0.0011240345702710373 0.0011240345702710373 0.0034060379390508048
0.0050963551627341876 0.0011032925423487571 0.0011032925423487571 0.003406086942300631
0.004413875445111452 0.000988984997958277 0.000988984997958277 0.0018402719283840887
0.003614362544402323 0.0008484059390639107 0.0008484059390639107 0.0018406171715625306
0.004414156176846732 0.0004535476181058329 0.0004535476181058329 0.0021505470092744497
0.003614724157211766 0.00031318961642283743 0.00031318961642283743 0.0021506804097912316
0.000880660390616677 0.009565229128007162 0.009565229128007162 0.002265302778128272
0.003290561530314052 0.00952235880597113 0.00952235880597113 0.00226805004627759
0.0008806319997098564 0.008211910075597368 0.008211910075597368 0.001954443746012644
0.003290455553309242 0.008167434684213914 0.008167434684213914 0.001956809510882251
0.004567335956045279 0.005603501238539458 0.005603501238539458 0.0031624479628127753
0.005643356159537885 0.00556297647421531 0.00556297647421531 0.0031638077731609604
0.004567268871768072 0.005000306733662062 0.005000306733662062 0.0029153605332686784
0.005643259874757919 0.00495946191870565 0.00495946191870565 0.0029165830413238254
0.006314493632927342 0.004170069704709672 0.004170069704709672 0.004203215113206075
0.0070724980947439505 0.004109781958287277 0.004109781958287277 0.004204412907002854
0.006314401323167151 0.0037456141167465243 0.0037456141167465243 0.003957669667529133
0.0070723936531692875 0.003685164921391297 0.003685164921391297 0.0039587424241571394
0.007532578312766325 0.0028134582966151847 0.0028134582966151847 0.0051192127152241505
0.00803218340268229 0.0027225994211415964 0.0027225994211415964 0.0051202106259666865
0.007532486819818782 0.0025338439683661954 0.0025338439683661954 0.004871542127594475
0.008032097095656538 0.0024429080553772433 0.0024429080553772433 0.00487244306995074
0.008291217322351644 0.001471974751466116 0.001471974751466116 0.005758551671409475
0.008499830886623734 0.0013965768103257315 0.0013965768103257315 0.00575911301126533
0.008291175967180603 0.0013553970068659947 0.0013553970068659947 0.0055174563084636665
0.008499799883972148 0.0012793962139288546 0.0012793962139288546 0.005517978855748744
0.008537251272064403 0.000753892110105053 0.000753892110105053 0.0060275738769034895
0.008430591416182303 0.0008096193707850261 0.0008096193707850261 0.006027821987151286
0.008537211846468688 0.0007385292981140908 0.0007385292981140908 0.0057429696267927545
0.008430535929263593 0.0007690596122664605 0.0007690596122664605 0.005743231388236648
0.008230542156009343 0.0010482986756588173 0.0010482986756588173 0.005739768453166821
0.007789652403345961 0.0011536967371556382 0.0011536967371556382 0.0057397610810773145
0.008230340255217131 0.0009027494638360209 0.0009027494638360209 0.005473402785238675
0.007789389154776892 0.0010007565017708432 0.0010007565017708432 0.005473448777274651
0.0073751872807789635 0.0015006549928271572 0.0015006549928271572 0.004796694998308927
0.006683742384624899 0.0015801862421025983 0.0015801862421025983 0.00479659909331615
0.007374711017585861 0.0011310128503624975 0.0011310128503624975 0.004622594601998328
0.006683210360348685 0.0012106722027306529 0.0012106722027306529 0.004622560648377666
0.006167170318345573 0.0014187037191933612 0.0014187037191933612 0.0034543229905255324
0.005452232162772047 0.0013832828475907502 0.0013832828475907502 0.003454360567636195
0.00616672709341917 0.0010481407448204776 0.0010481407448204776 0.0035376771037779176
0.005451802453057599 0.0010142290755018575 0.0010142290755018575 0.003537672689503709
0.005018932926261854 0.0007851327312273021 0.0007851327312273021 0.0023833783629090706
0.004575374237506459 0.0006396299688578944 0.0006396299688578944 0.0023833843025421824
0.0050186827831311225 0.0004873212488517088 0.0004873212488517088 0.0027104273115659667
0.004575174139512764 0.0003382229467809009 0.0003382229467809009 0.002710302481472872
0.0007756045716324058 0.007270545913057882 0.007270545913057882 0.0017347293136457428
0.0028976130991960935 0.0071982995896711826 0.0071982995896711826 0.0017368774286260808
0.0007756176407417836 0.006078661098635783 0.006078661098635783 0.0014471556979414834
0.002897662192344255 0.006005166151655626 0.006005166151655626 0.0014489533909170975
0.004033472730688347 0.0045163476472773285 0.0045163476472773285 0.002719564038092639
0.005011694741582363 0.004429635935030155 0.004429635935030155 0.002720956466712962
0.004033498166053975 0.003967685565726118 0.003967685565726118 0.002432866402872115
0.005011752348069669 0.0038807019044931057 0.0038807019044931057 0.0024340972615035632
0.005639233298638514 0.003294061334719387 0.003294061334719387 0.0037571714704791193
0.006374972425568228 0.0031755489502788515 0.0031755489502788515 0.003758538361880234
0.005639315680466848 0.0028819482012589753 0.0028819482012589753 0.0034625411651726242
0.006375097623826914 0.0027632719732790093 0.0027632719732790093 0.0034637539208006982
0.00681835737704845 0.0020933459152208734 0.0020933459152208734 0.004681495265416582
0.007293138863480113 0.0019560856086305685 0.0019560856086305685 0.004682516047744659
0.006818459854168362 0.0018275942309229512 0.0018275942309229512 0.0043735802268590794
0.007293283328851285 0.0016902517302512347 0.0016902517302512347 0.004374499714334499
0.007541820711012572 0.000953647487226038 0.000953647487226038 0.005305166526610104
0.007745076070926294 0.0008449736061164254 0.0008449736061164254 0.005305840743796668
0.007541894156209276 0.0008468088868978655 0.0008468088868978655 0.004963738411530735
0.007745173040114815 0.0007598181444370039 0.0007598181444370039 0.004964368219023084
0.007795594459960369 0.0006565680783478405 0.0006565680783478405 0.005516777453719344
0.007728298237724576 0.0007702408295603899 0.0007702408295603899 0.005517115056213864
0.0077955124221659846 0.000626592989704614 0.000626592989704614 0.005181953406833588
0.007728202479583127 0.0007363919098627668 0.0007363919098627668 0.005182299186905315
0.00759023375511372 0.000974260332042602 0.000974260332042602 0.0052739760332515245
0.007278571761907788 0.0010875527659182866 0.0010875527659182866 0.0052740787373226575
0.007589851329475445 0.000835925227589438 0.000835925227589438 0.004995037262078948
0.007278147099741397 0.0009456131714180061 0.0009456131714180061 0.004995182612253707
0.007003830640107475 0.0012988027040902706 0.0012988027040902706 0.004524747662284981
0.006565262755808711 0.0013418346922684046 0.0013418346922684046 0.004524738278365431
0.0070032762288471965 0.0010618963655015926 0.0010618963655015926 0.0044317010306410606
0.006564686033641634 0.001104488457237425 0.001104488457237425 0.0044317092223540595
0.006255758766521151 0.001154777453134017 0.001154777453134017 0.003615838173005661
0.00585493376817762 0.0010996664384233675 0.0010996664384233675 0.0036157903484461047
0.006255332522559964 0.0009508828503200707 0.0009508828503200707 0.003746047161247186
0.00585452025881907 0.0008958198482718522 0.0008958198482718522 0.0037459624938382527
0.0056245194114811735 0.0006271543604729166 0.0006271543604729166 0.0029489447516767428
0.005402718016469163 0.00048809224525815133 0.00048809224525815133 0.0029487520603067707
0.005624341469878057 0.0005054207872520379 0.0005054207872520379 0.003266120880713902
0.005402558151588744 0.00036988156995593143 0.00036988156995593143 0.0032658682210458126
0.0006469729468823478 0.005278833430172287 0.005278833430172287 0.001255932348058536
0.0024166347018523145 0.005205580470541223 0.005205580470541223 0.0012572368843518993
0.0006469981631830702 0.004284563827466412 0.004284563827466412 0.0010249351938183917
0.002416729119163389 0.004210440445235189 0.004210440445235189 0.0010259621903344733
0.003399268501771477 0.003572301504434631 0.003572301504434631 0.0022118359544459603
0.0043120143504141555 0.0034596071873085467 0.0034596071873085467 0.0022130577487379562
0.0033993326905365005 0.00306011574613306 0.00306011574613306 0.001910297566339078
0.004312141541692088 0.002947177543024536 0.002947177543024536 0.0019113478479065784
0.004893522040477238 0.0025430039400184735 0.0025430039400184735 0.0032438370467906897
0.0055686005051280895 0.0024021741355541443 0.0024021741355541443 0.003245008802201416
0.0048936681528624635 0.0021646079035757943 0.0021646079035757943 0.002926475225691948
0.00556880775475137 0.002023631074423762 0.002023631074423762 0.002927497950053607
0.005982176527660688 0.0015470264881844694 0.0015470264881844694 0.0041234248502910725
0.006435886580109907 0.0013794296332133521 0.0013794296332133521 0.004124434701490569
0.005982370256862726 0.0012929037304485484 0.0012929037304485484 0.0037476657604010644
0.0064361353116329035 0.0011277274316592258 0.0011277274316592258 0.0037485637096329066
0.006688786637729152 0.0006462234596038563 0.0006462234596038563 0.004698904336167321
0.006924469084326048 0.0006367183611200204 0.0006367183611200204 0.00469959832174873
0.006688940501480175 0.0005669659844664137 0.0005669659844664137 0.004316149219807858
0.0069246534390932065 0.0006105238754512447 0.0006105238754512447 0.004316785712023831
0.007019520377703813 0.0005960434821029271 0.0005960434821029271 0.004939290787030709
0.007041776322381647 0.000702703581166512 0.000702703581166512 0.004939645735405591
0.0070194920263458045 0.0005854065410951 0.0005854065410951 0.004610566949706356
0.007041745481300979 0.0006977601115990485 0.0006977601115990485 0.004610912207259464
0.0070019292173549305 0.0008384700122007662 0.0008384700122007662 0.004810534813171701
0.006869859082513939 0.000931573705969249 0.000931573705969249 0.0048106710671495
0.007001713836005669 0.0007728853520263517 0.0007728853520263517 0.0045851087415199185
0.0068696279507714925 0.0008642906479435145 0.0008642906479435145 0.004585258288014278
0.006750832196188586 0.0010378978965539455 0.0010378978965539455 0.004377304402391331
0.006558414268299479 0.001064277400065712 0.001064277400065712 0.004377308860940167
0.006750575596484848 0.0009349940612533759 0.0009349940612533759 0.0043216070210698836
0.006558152018352478 0.0009613840857143314 0.0009613840857143314 0.004321616380523977
0.006428970537676413 0.000908257847061125 0.000908257847061125 0.0038471899311591255
0.006270494677523053 0.0008456180756786643 0.0008456180756786643 0.0038470721879652484
0.006428802082986978 0.0008292132158878562 0.0008292132158878562 0.003993172167997761
0.006270330789265774 0.0007665846142777127 0.0007665846142777127 0.003993038229866994
0.00621323716714806 0.0005030429690283671 0.0005030429690283671 0.003503831809616038
0.00619301552251306 0.0003615360127424828 0.0003615360127424828 0.003503498127261729
0.006213278322719435 0.0005017081831255023 0.0005017081831255023 0.0038305225653941736
0.006193052635657606 0.0003621240983811773 0.0003621240983811773 0.0038301754173912924
0.0005166627849573152 0.0036327411940557503 0.0036327411940557503 0.0008883678455115289
0.0019295501227392878 0.0035656720675596144 0.0035656720675596144 0.0008890416140284484
0.0005166883039324359 0.0028386721085471205 0.0028386721085471205 0.0007420189662102084
0.0019296455820710374 0.002771046749359946 0.002771046749359946 0.0007425234975519757
0.002762209606510819 0.0027033906788023984 0.0027033906788023984 0.0016953208583151158
0.0036229821838541544 0.0025745142686222143 0.0025745142686222143 0.0016963717572301541
0.002762287850398256 0.0022201573859592597 0.0022201573859592597 0.001396249613461968
0.0036231275089190877 0.0020910580934655433 0.0020910580934655433 0.0013971185637734387
0.00416739571096716 0.0018831270571471053 0.0018831270571471053 0.002692133748224125
0.004793163864600296 0.001739702404406669 0.001739702404406669 0.0026930410575567096
0.004167541648717705 0.0015321425122079885 0.0015321425122079885 0.002369334182121258
0.004793366965212747 0.001388587394902192 0.001388587394902192 0.0023701001932077974
0.005181089083694052 0.0010994783427861511 0.0010994783427861511 0.003485543767505701
0.0056142091318878845 0.0009477919922926257 0.0009477919922926257 0.0034862713412364904
0.005181270095207861 0.0008566911200148031 0.0008566911200148031 0.0031453689793391687
0.0056144333044647965 0.0007125330650631813 0.0007125330650631813 0.0031459952719600317
0.005878151078838192 0.0005088342984052236 0.0005088342984052236 0.004056060927378087
0.006165066820755504 0.0005383394303642017 0.0005383394303642017 0.004056562458571393
0.005878344560237118 0.0004692991920773517 0.0004692991920773517 0.0037287389660240196
0.0061652914012741795 0.00053151678192264 0.00053151678192264 0.00372917987429238
0.006324233792703082 0.0004898651491580422 0.0004898651491580422 0.004388281578843006
0.00647132996594299 0.0005782444962537397 0.0005782444962537397 0.004388566776596373
0.006324361898362735 0.0005180556696786682 0.0005180556696786682 0.004110335102797467
0.006471472499930326 0.0006115809294036195 0.0006115809294036195 0.00411059484877988
0.006540368844014854 0.0006523562101616159 0.0006523562101616159 0.004437197715251675
0.006581664151273295 0.0007250530527711594 0.0007250530527711594 0.0044373187571082945
0.006540406772904499 0.000667292988610457 0.000667292988610457 0.004259111562364974
0.006581704764389397 0.0007433716342902749 0.0007433716342902749 0.0042592282363898915
0.006598622392422104 0.0007698541803408209 0.0007698541803408209 0.004286841374616747
0.006604328255255143 0.0007875717827417746 0.0007875717827417746 0.004286850279015101
0.006598658237923443 0.0007758393132895128 0.0007758393132895128 0.004248135458860732
0.006604365087649638 0.0007933630994225896 0.0007933630994225896 0.004248145202931499
0.006622813890280173 0.0006601649884530932 0.0006601649884530932 0.00409446138674041
0.006668902080926515 0.0006024766506001183 0.0006024766506001183 0.0040943356291738685
0.006622935454860229 0.0006891386217148675 0.0006891386217148675 0.004225864375041409
0.006669020819323425 0.0006314542737249696 0.0006314542737249696 0.004225741679725682
0.006738463512790381 0.000385828637730563 0.000385828637730563 0.004056078781823871
0.006893140272612882 0.000262083750673196 0.000262083750673196 0.004055755173460617
0.006738696155134062 0.0004700955449715951 0.0004700955449715951 0.004346451623915728
0.006893355147971631 0.0003442968787330397 0.0003442968787330397 0.004346150278139332
0.0003889468095709096 0.0023291038828229973 0.0023291038828229973 0.0006510908007194751
0.001452328365968328 0.002260924962895053 0.002260924962895053 0.0006515006719945997
0.00038896317633084455 0.0017312761963334637 0.0017312761963334637 0.0005597456293759442
0.0014523895586094008 0.0016627794823808907 0.0016627794823808907 0.0005600051629299323
0.00214471898046736 0.0018814551172880091 0.0018814551172880091 0.0012004788199664132
0.0029725975466243977 0.001775722958939558 0.001775722958939558 0.001201095080097868
0.002144794998063855 0.0014165617183068214 0.0014165617183068214 0.0009616874506128393
0.002972729249659236 0.001310627979621942 0.001310627979621942 0.0009621651027670653
0.0034987532960072476 0.0013277584921379964 0.0013277584921379964 0.0021519022483686896
0.004107843177181465 0.0012075035828442917 0.0012075035828442917 0.002152468426280072
0.003498869914325473 0.0009859982982067385 0.0009859982982067385 0.001881305297817655
0.004108003261240036 0.0008656251754398732 0.0008656251754398732 0.0018817529448364734
0.0044987737810045295 0.0007706603330802198 0.0007706603330802198 0.002930820607126769
0.004957170635876675 0.0006665281631781806 0.0006665281631781806 0.002931199173004407
0.0044989293219052226 0.0005220080745157183 0.0005220080745157183 0.0026858327795702647
0.004957361544419675 0.0004602188959027414 0.0004602188959027414 0.002686136470376693
0.005246772060753646 0.00042165750198188995 0.00042165750198188995 0.0035238664774358275
0.005578922111745675 0.00042160473327404013 0.00042160473327404013 0.0035241309990626524
0.005246943378383871 0.0003651636322597001 0.0003651636322597001 0.003292844095578611
0.005579119578595337 0.0004154136343629418 0.0004154136343629418 0.0032930595259955822
0.005791019166212911 0.0003678292860281217 0.0003678292860281217 0.003929272811704148
0.006038006622100487 0.00043037467089095105 0.00043037467089095105 0.00392945864841241
0.005791218528206063 0.0004251167059359447 0.0004251167059359447 0.0037139543651095066
0.006038226606384679 0.0005001817091752868 0.0005001817091752868 0.0037141089967494684
0.0061933122351546304 0.00044766310755583474 0.00044766310755583474 0.004140060773335347
0.00637081684743733 0.0005074867584844554 0.0005074867584844554 0.0041401587510480975
0.0061934942117138035 0.000535622108805549 0.000535622108805549 0.003994147210661705
0.00637100974886624 0.0006002313699461027 0.0006002313699461027 0.003994231038100223
0.006494608745961087 0.0005191753719293809 0.0005191753719293809 0.004219859545294382
0.006655845242125907 0.0005364820736012452 0.0005364820736012452 0.004219877028446444
0.0064948137535797215 0.0006098853632945329 0.0006098853632945329 0.004182486221927603
0.006656054006409866 0.0006280018533984711 0.0006280018533984711 0.004182501639033724
0.006791247300049774 0.00045095960592662215 0.00045095960592662215 0.004307444140425795
0.0070006288708855235 0.0004106062580126516 0.0004106062580126516 0.004307364390927966
0.006791537269339389 0.0005677892648711582 0.0005677892648711582 0.0044001657823139325
0.007000911299886812 0.0005269052961345104 0.0005269052961345104 0.004400097204596063
0.007174166367900509 0.0002884980604013106 0.0002884980604013106 0.004536151107753181
0.007439051259347672 0.0002029982234695627 0.0002029982234695627 0.004535923231658131
0.007174469237495049 0.0004301708902412142 0.0004301708902412142 0.004766040856711617
0.007439332053826322 0.0003293653673792264 0.0003293653673792264 0.004765850080248585
0.00030716150612537904 0.0013488116930717804 0.0013488116930717804 0.0005237023286621132
0.001146816218721351 0.0013052315749494236 0.0013052315749494236 0.0005238142726625602
0.0003071672112200687 0.0008766753485969338 0.0008766753485969338 0.0005158479126219237
0.0011468375471368716 0.000832898008190708 0.000832898008190708 0.0005158474589055263
0.0017284076029310215 0.001150476442276726 0.001150476442276726 0.0008157654615363911
0.0024775978202387534 0.0010843340852651976 0.0010843340852651976 0.0008160198219340698
0.0017284413768165843 0.0007296616018408935 0.0007296616018408935 0.0006706691934663619
0.0024776556217822386 0.0006633593684395645 0.0006633593684395645 0.0006708359948182911
0.002979691931549963 0.0008623041408184637 0.0008623041408184637 0.0017198401447824998
0.003602092495453462 0.0007870644211694647 0.0007870644211694647 0.0017200714101990263
0.002979759872739727 0.0005130471540152156 0.0005130471540152156 0.0015504167294189406
0.0036021889231218334 0.00043769435415656803 0.00043769435415656803 0.001550572921987674
0.004010197906406026 0.0005231152898388229 0.0005231152898388229 0.0025362250302203007
0.00450251426204578 0.0004535778963501644 0.0004535778963501644 0.002536390949390519
0.0040102944109717455 0.00028171004296638887 0.00028171004296638887 0.0023738782641703226
0.004502636252456674 0.0002799262542301395 0.0002799262542301395 0.002373991183247224
0.004820801174015719 0.0003189410263093469 0.0003189410263093469 0.003153139702762633
0.005197771093335522 0.0003038519651779288 0.0003038519651779288 0.0031532523650142094
0.004820916648371286 0.0002652065528158885 0.0002652065528158885 0.0030038688517537394
0.005197906504895568 0.0003044876679915222 0.0003044876679915222 0.00300394626115458
0.005442727135746737 0.0002646993272195572 0.0002646993272195572 0.0035841204839145227
0.00573484493248909 0.0002967582980859413 0.0002967582980859413 0.0035842026795983866
0.005442857994114522 0.0003272289260085705 0.0003272289260085705 0.003446010756166228
0.005734990241811223 0.0003830483763178955 0.0003830483763178955 0.0034460679215180074
0.005941194693160361 0.00028086587645771715 0.00028086587645771715 0.003900468671060448
0.006213067245028753 0.00032281117519217164 0.00032281117519217164 0.003900526263042704
0.005941375801377907 0.00041775263290556256 0.00041775263290556256 0.0037916591970655377
0.006213260038184825 0.00046752884099128804 0.00046752884099128804 0.0037916997535789687
0.006412695098175628 0.0003204100627296641 0.0003204100627296641 0.004156518602978131
0.006686533189624052 0.0003337985210038457 0.0003337985210038457 0.004156531928151533
0.006412911433061706 0.00046510561865273353 0.00046510561865273353 0.004124150395879432
0.0066867541742751755 0.00048036978872470525 0.00048036978872470525 0.004124159806539833
0.006902205121624467 0.0002896139937940432 0.0002896139937940432 0.004454278768557952
0.007217802865467924 0.0002668773205905104 0.0002668773205905104 0.004454241001584551
0.0069024685898898515 0.0004596280635948689 0.0004596280635948689 0.004510701562448666
0.007218060242267963 0.0004361880984781834 0.0004361880984781834 0.004510674859814884
0.007461096709326345 0.00021089353443630985 0.00021089353443630985 0.004899498557529058
0.007810205764177025 0.00017742381352369287 0.00017742381352369287 0.004899403811109551
0.007461347211427774 0.000387837101924679 0.000387837101924679 0.0050356019411314365
0.0078104389272557265 0.00032886829864628024 0.00032886829864628024 0.00503553600534623
0.000270449109364962 0.0005673786870428964 0.0005673786870428964 0.000553565614351079
0.0010096972407199322 0.0005663357562238285 0.0005663357562238285 0.0005535619394403532
0.000270440730494732 0.0001516933715407034 0.0001516933715407034 0.0006063307169925314
0.0010096659523391646 0.00015049950034170815 0.00015049950034170815 0.0006063289976545314
0.001534745543283543 0.0005243729718541323 0.0005243729718541323 0.000608938010507154
0.0022299244854227106 0.0005057161803031292 0.0005057161803031292 0.0006089735534562467
0.001534709551529076 0.0001338638800743153 0.0001338638800743153 0.0005800767782412862
0.0022298903097971302 0.00011784419914292449 0.00011784419914292449 0.0005800858888586678
0.002712058928572883 0.000431925193046038 0.000431925193046038 0.0014655924449687866
0.0033340511381438013 0.0004045918739493127 0.0004045918739493127 0.001465630221029628
0.0027120345549644913 0.0001040380991788901 0.0001040380991788901 0.001403974992145784
0.0033340366972673965 0.00011215819794736048 0.00011215819794736048 0.0014039851148918247
0.003748360138894405 0.0002958075838163934 0.0002958075838163934 0.002286663188989623
0.004258208060407682 0.00026239137086529486 0.00026239137086529486 0.002286699239228904
0.003748356752477972 0.00012850191714357858 0.00012850191714357858 0.0022115924091587577
0.00425821583323452 0.00015955580452472164 0.00015955580452472164 0.002211602069609821
0.00458993711247392 0.0002014857764347945 0.0002014857764347945 0.0029216512462435333
0.004986314312006669 0.0001934506639149548 0.0001934506639149548 0.0029216784979597043
0.004589950603931665 0.00019820906389373083 0.00019820906389373083 0.002847125042964519
0.00498633678238522 0.00023360125893408224 0.00023360125893408224 0.002847132345667482
0.005249954395961488 0.00016762512158164473 0.00016762512158164473 0.0033716137572109544
0.005573830020353361 0.0001821403060602981 0.0001821403060602981 0.0033716316034663055
0.0052499855162920685 0.0002656014630356272 0.0002656014630356272 0.0033072043298929387
0.005573868500595643 0.0002966539880074379 0.0002966539880074379 0.003307209112147941
0.005806110371492693 0.00017413584644687552 0.00017413584644687552 0.0037321396460264196
0.006116882625400991 0.00019294300517956435 0.00019294300517956435 0.0037321526555477496
0.005806167913055356 0.00031702260927720803 0.00031702260927720803 0.003679044989106914
0.006116946744215654 0.0003428577756291256 0.0003428577756291256 0.00367904847522315
0.0063551056009144916 0.00017512716168131774 0.00017512716168131774 0.004103448277331041
0.006695259406934825 0.0001831916611167721 0.0001831916611167721 0.004103452677343258
0.006355194281946685 0.00034944745453018776 0.00034944745453018776 0.004080007967649549
0.006695352653665593 0.0003598106260747309 0.0003598106260747309 0.004080009146655047
0.0069515454103964555 0.0001804082247424613 0.0001804082247424613 0.004535967652345393
0.007311592468020133 0.0001751576419238318 0.0001751576419238318 0.004535961029616759
0.006951641804688664 0.00035932876678882326 0.00035932876678882326 0.004549389942199634
0.007311689069089751 0.0003532231145063342 0.0003532231145063342 0.004549388167653549
0.0075839977481779505 0.00017370251720903016 0.00017370251720903016 0.005095096776659939
0.007968179205000545 0.00018372068517734852 0.00018372068517734852 0.005095089109763861
0.007584090466668964 0.00034501985981484504 0.00034501985981484504 0.005122368189183226
0.00796826751771255 0.00033324704280239266 0.00033324704280239266 0.005122366134870479
H_3F 640
0.017630949323118875 0.009769898249110058
0.019067618602120237 0.012526653799131485
0.01776975385748364 0.009839617716726853
0.0191936064388669 0.012594854184211097
0.030813817665331356 0.020431531327995658
0.0355642188746968 0.02496340754639048
0.029888869341271246 0.019920273677289997
0.034765688616245204 0.024452145678481932
0.05089365340909149 0.035257243062014484
0.055700458869965816 0.039254232356671914
0.04749992291327881 0.03318933854391096
0.05262017124711802 0.03718935338950523
0.06577021215054706 0.046176855518648155
0.06874076294330835 0.04850100863398584
0.06197616593772754 0.04371482565167623
0.06512302428293291 0.04604232036674365
0.07400832860488168 0.0521254052751869
0.07486919381893459 0.052790783935085656
0.07115866609361032 0.0502406634192582
0.07205523650015302 0.05090728398053161
0.07502494298125029 0.05288333799181219
0.07390469961628475 0.05201082193676636
0.0734388525442912 0.05183443864840602
0.07229404530894044 0.050962523532702975
0.06923200901211979 0.04877580418052488
0.06632272666860674 0.046443193807491734
0.06916714635582842 0.0487380003180963
0.06624930692657041 0.04640437108023776
0.05611915966726912 0.03941039019617655
0.05078871004674654 0.034664389756574904
0.059146555063201094 0.04132474732109637
0.054098482196614964 0.0365737737657721
0.03430523056049453 0.02365189197212681
0.030091602636085575 0.018449781820799253
0.04106695557633723 0.027544781005512404
0.03762854460200659 0.022335415952115113
0.021902022663836312 0.012864704333868068
0.02151764932068637 0.011312711815396639
0.02296109881649892 0.013405013194197834
0.02259545006687149 0.01185265596477897
0.017347685479709277 0.009768251309704467
0.019285485498493432 0.012965017747103038
0.016058616964097328 0.009116276675361528
0.01812977943688625 0.0123095122245706
0.028144290771969133 0.018886531570818037
0.03031149791755353 0.02102575010303859
0.025043587515203813 0.017122249104793725
0.027449191000762145 0.019259035973326254
0.039347938802680366 0.026903242237458436
0.04142978424518486 0.028822718488485617
0.032581239845110035 0.022835196415297437
0.03504896160033761 0.02475365155398695
0.04886805574191032 0.03375490082246874
0.05097036663023741 0.03560388751250594
0.0402655048437287 0.02839587555671858
0.04277411400063923 0.030244317734295603
0.05773357575729493 0.04015059778722582
0.05984311816228379 0.04194047469062289
0.04885557722366791 0.034498661141637285
0.05131885159353144 0.03628784625703356
0.06417469389155282 0.04493742006490076
0.06552168204737834 0.04603726846411892
0.05800456407981614 0.04094619918938053
0.05949018584461444 0.04204622081056066
0.06688943383726667 0.04706292415203933
0.06784662029989207 0.04781136404697503
0.06516716838365341 0.045937836100191365
0.06614882582632367 0.04668632009617847
0.06742987099294563 0.04758393143952207
0.0671035816141604 0.04733317018610192
0.07119681601519687 0.050051153959590804
0.07088679719335676 0.04979786941994285
0.062140688205975264 0.04392620741810143
0.0602756419305088 0.04253885225345273
0.07391471007887841 0.05154563630045325
0.07239890943196914 0.05016456088746235
0.04389607833034979 0.031035302545264674
0.032736094499094856 0.01997379398959991
0.0644637634235233 0.04374315168397567
0.0576006169993224 0.032683812412775244
0.014093663812606702 0.007865556314709697
0.015462141064948556 0.010265084235615075
0.01007877086503134 0.0058345133637121935
0.011894668966224011 0.00822835115013125
0.02008457093083384 0.013378967078803008
0.020625381451760297 0.013950508742695935
0.014756671075916487 0.010297533459972738
0.015452080108837267 0.010863432043357768
0.022296151509614733 0.01495663186189751
0.02218287883359173 0.01479337185219239
0.015492628233676684 0.010915362010630418
0.015290653232242006 0.010750494181057408
0.02438988063954136 0.01604460239847872
0.024668455380837923 0.016341095392716665
0.014968405167575988 0.010551301097315054
0.015344040516920137 0.01083322180377689
0.028526372453249228 0.018656728513061223
0.029440311278277346 0.01971685334287177
0.015897678122167535 0.011238159863342733
0.01733339058067226 0.012236887755712942
0.03582254529064988 0.02372077326044119
0.036999673631307496 0.025029841129250153
0.019218424449238665 0.013537371329052323
0.02124565108267579 0.01482236390802192
0.04233021726871073 0.02837908916791034
0.042906923751783316 0.029026969165882512
0.022033582091932714 0.015140295543335722
0.023168910329406673 0.01580062733749925
0.04938497906649387 0.03348580574654861
0.05152437284679012 0.035645133984858746
0.0258648710155752 0.017357164515555835
0.02981690685150264 0.019524531903975708
0.05794881855044084 0.0400689925636427
0.05979413279920325 0.041786010248846435
0.03285517098585606 0.020926629566946648
0.03639631786433516 0.02275680115681572
0.06163435489970125 0.04349354720659146
0.06680583393334041 0.04721448254769538
0.04048514827325019 0.02448380471972027
0.0480197555693685 0.02815013975494604
0.008161566456216225 0.004398048711703163
0.008518792817616267 0.0053101583486555816
0.006784833823873398 0.0037066524661206013
0.00719314688121779 0.004610960986537124
0.009495928066994222 0.005971709343005962
0.009482174716751581 0.005921187003347746
0.007272811842714375 0.00478571335487778
0.0072337198379970324 0.004727205246390935
0.008798729084348972 0.005605097497353839
0.008860844452436352 0.005680660924020999
0.00668381793913829 0.004462854220308598
0.006746041772201866 0.0045299431606577265
0.008500429847470903 0.005648700460782822
0.009180844340423593 0.006345988782269246
0.0068386104484744 0.004704016822726288
0.007651325947250942 0.005392997438472505
0.009683682978357384 0.006788009934371823
0.010473031362869277 0.007399798062977899
0.008503208340232713 0.006011096779682582
0.009381467599074567 0.006616762780875259
0.011284534713879258 0.007978356115813871
0.012032761698911506 0.008499541151747055
0.010527284330999222 0.007433010837458159
0.011317167656638776 0.007949150979238262
0.012924723864998874 0.009136290147766957
0.013405175065397783 0.00946258729907476
0.01197899512475409 0.00841808055617781
0.012494200802144051 0.00874342953130276
0.01344056398932695 0.00949140288542839
0.013190883177290535 0.009321498908108062
0.012024189237631804 0.00833860377476788
0.01174231461079608 0.008167136631890892
0.011712891783612298 0.008261295732208497
0.011083376086335769 0.007834225809121116
0.009939330694454896 0.0066554486722861595
0.009169333490132669 0.006219999664367148
0.009057352159126716 0.006379575783532539
0.008306744491772662 0.005776848252431299
0.006078379573147535 0.003644551546539299
0.0047971336335291825 0.002965835756336491
0.005916023232332763 0.0031496847433842637
0.006100097125220837 0.0036990564969519844
0.004723089106525076 0.0025513422224336738
0.004935660551361097 0.0030938684704280212
0.005867004778838246 0.0037213511040798033
0.0062125195828783425 0.004164315094243442
0.004651578421469704 0.0030695360944462506
0.005073488377949861 0.0035086598798557333
0.00623740751158909 0.004364610099075406
0.007144824590699291 0.005051922128130564
0.005646605540110114 0.003984327972717038
0.0066255598441142104 0.004665502214690051
0.007995229808923855 0.005637175810740876
0.008979643352228036 0.0062611782874293
0.007955624972880136 0.005607353856845352
0.008939648111261559 0.006228466855166478
0.010161262574892459 0.007113452744614026
0.011030066250108165 0.007644603718669516
0.010151221312881436 0.007106390929354877
0.011018866428109772 0.007636742718125951
0.01198631984313864 0.008355356281836436
0.01255747597658996 0.008701355945410171
0.011946255976813125 0.008321577133558697
0.012518552858243154 0.008667312842465762
0.012796113578046336 0.008875804996990047
0.012743658167684791 0.008844149299838254
0.012692896966368479 0.00878074734985705
0.012640240284151689 0.00874926322758299
0.011885465512017702 0.008154451168103545
0.011112190446072317 0.007697459562274219
0.01178480085186232 0.008049063035124716
0.01100200912290358 0.007591518586378918
0.009117466384923209 0.006111600406186078
0.007375530336257079 0.005108264856987017
0.009034412956679306 0.0060027172395960655
0.007262769324829731 0.004997673413124329
0.0039131766861926695 0.00252833763427585
0.002897002695116805 0.0019673070146600967
0.0038215722803503853 0.002326761738354459
0.002677834410194274 0.0017269637370261408
0.004076404605087593 0.0022600214407533003
0.00442221082652209 0.00290804428447846
0.0033486707810606023 0.0018930277511501241
0.003754030522763321 0.0025373403986890773
0.0045447141744215155 0.0031805519431862056
0.005736714441483639 0.004036966794271932
0.0043453945818261765 0.003054235740701802
0.005574122871111602 0.003906602313412295
0.006949960572159223 0.004870756810037574
0.007980206642009782 0.00549515738554375
0.0070176211380945375 0.004926553515863611
0.008037700015796838 0.005550423200130777
0.009252789515803158 0.006434102226542595
0.010170448058750798 0.006979109863777898
0.009319924290348993 0.00649377764169671
0.010230380113466584 0.007038373030742982
0.011238278445681404 0.007788324348308713
0.011871820871038306 0.008163702626810126
0.011320288380944201 0.007862731649269563
0.011948956646043462 0.008237958838328868
0.012551802005394302 0.008696893446044868
0.012786386268375043 0.008836922496822334
0.012585429338190571 0.008727384813654811
0.012819345676138544 0.008867397586066337
0.012682005880831274 0.008760601969067005
0.012357170363854234 0.00856660806775522
0.012651491236712222 0.008730917545298278
0.012325828697077258 0.00853700116321684
0.011282223663742668 0.007736159322952365
0.010289500717884044 0.007147599271917026
0.011249596304887885 0.007700965980401552
0.010252627490610493 0.007112396995497781
0.008073935635203602 0.00541988376973382
0.006127624322390829 0.004282660672700904
0.008012426909805644 0.005342013001439827
0.006040152004058985 0.00420454741379696
0.003247198465708823 0.0020148093253230977
0.0022472548571115386 0.0014833908688436526
0.0032790149632254714 0.0020512709181723576
0.002265275759993329 0.0015087942701077352
0.0031717146781977865 0.0019025522358235177
0.004080827662104977 0.0028781463772605833
0.0031563796211285205 0.001894556349299994
0.004067336298015909 0.002869133795637246
0.005224678737587969 0.0036848794944175324
0.006487473896898405 0.00446574997398861
0.005224102380548614 0.0036845691504580613
0.006485861765440434 0.004464980641276607
0.007848500018594608 0.00544981405766685
0.00881514966477141 0.006019147455794251
0.007895614622363626 0.005492025744856235
0.008856344131370228 0.00606106491980149
0.010000221307535834 0.006924470858133139
0.010717812627874114 0.00734746319768703
0.010054428637807537 0.00697405978521389
0.010767958787286617 0.007396906329183895
0.011645045522248538 0.008074405084084777
0.012071487042041027 0.00832864416738739
0.011646534531038491 0.008076083008466996
0.012072756066845642 0.008330260836584114
0.012507443104328338 0.008677906110319843
0.012540261867822602 0.008697681697687892
0.012439477472596818 0.008616457904867484
0.012472453733769696 0.008636218090860091
0.012245743701338688 0.008479303995450124
0.011818060484881406 0.008221397231420806
0.012189389943422667 0.008427029167801536
0.011759566596012488 0.008169136115030944
0.010673121997907865 0.007350177852495348
0.009641780038209116 0.006729728219122141
0.010616463088989204 0.007294549316540895
0.009578272726912293 0.00667404138320128
0.007448973742719982 0.0050041661582217985
0.0057930718014888825 0.004039655720086802
0.007442247706461958 0.004993144678151916
0.005781863413644042 0.004028519864776557
0.0035111736598235155 0.0021993312319523624
0.002452058841179533 0.0016323934318849926
0.003570765647406819 0.002285647998936896
0.0025284867368358236 0.001715867953021565
0.0031445882615118155 0.0019521594919217834
0.00448251874779984 0.0031660455955058093
0.0029969596463574927 0.001874972186084528
0.004379565489032502 0.0030884762948893973
0.005821804163904782 0.004069096988531876
0.006949411200489781 0.004740005969791455
0.005830630590940641 0.004076681803709868
0.006956318230095611 0.004747406236387602
0.008239171200742905 0.005706622654833815
0.009065735883529803 0.006191963091665942
0.008242067208129094 0.0057095226726070775
0.009068050389215388 0.006194747888809565
0.010150017378161303 0.007037783594178056
0.010707913949098164 0.007369272686611627
0.010108036939022232 0.0070000107432037426
0.010667944692097081 0.007331422820109838
0.011433681281709343 0.007939311830894321
0.011709565050446125 0.008105116539508555
0.011342707125491477 0.007857612433962803
0.011620658993171077 0.008023366476291323
0.011968908495861935 0.008315538024965553
0.011918124617995626 0.008284802897358567
0.011870202338765791 0.008227060147666079
0.011818980959267731 0.008196318532910142
0.011602745093694541 0.008058311487876614
0.011153911194354866 0.007784480611634557
0.011500251684195564 0.007965883405642155
0.011047188357614111 0.007692050967074616
0.010023235331276262 0.006924478465440479
0.009097061569844767 0.006362162657633681
0.009935766971321834 0.006841983746430804
0.009000269033502898 0.006279629916845072
0.007153481537992663 0.004827350650691618
0.0058596715787287 0.004073668610826696
0.007163463036289941 0.004836960392833045
0.005871131367960703 0.0040832190671974515
0.00407747455419934 0.00260444334612547
0.003090500860513187 0.0020697040052685333
0.004175962622527073 0.0027380787007237443
0.0032180060119886664 0.0022029367765096994
0.0028749673131149905 0.0018269959775759573
0.004429174283169187 0.0031077902874216247
0.0026401401635168594 0.0017021299859349775
0.00427996597501754 0.002982672222132747
0.005951977889358021 0.004146351248590675
0.006960027509439215 0.004742043119908516
0.00587768219743246 0.004081011859319622
0.00689636934757401 0.004676592929166857
0.008143303567799331 0.005643006715920456
0.008827555810705101 0.006046776198994112
0.008060031919443194 0.005566812420089353
0.008750627612967283 0.005970494678354509
0.009770535467179375 0.0067823627621489725
0.01024826039955816 0.007067707163789347
0.009664565306188104 0.006686600470009397
0.010147159459583792 0.006971879870812284
0.010850688920965672 0.007540141103103019
0.011043520692437725 0.007656525349403004
0.01073681705194751 0.007438086891121907
0.010931606487443445 0.007554441303098847
0.01125347968769534 0.007832329725590939
0.011170082066182686 0.007781466317741739
0.011128390822790568 0.007721502178229851
0.011044038452084282 0.007670636303743048
0.010838747600892484 0.007541476403305431
0.010416750367822067 0.007282158592778395
0.010699871988131245 0.007417842177375945
0.010272142420258593 0.00715852344957037
0.009379723419693292 0.006488739225668268
0.008624320291677576 0.006029408533179888
0.009279859889258673 0.0063958967573909745
0.008515539417740482 0.005936555825102191
0.007048685908557971 0.004776953268788537
0.006101235741575939 0.004225463753943834
0.007073472228579913 0.00480273326790186
0.006129785004650511 0.004251221052517409
0.004782143579542161 0.0031270736867477704
0.004056043413799867 0.002727489857982427
0.004910155516141362 0.0032823515930605913
0.004206145142263886 0.0028827022835014988
0.002430464852697275 0.0015729815843724747
0.00399647922516839 0.002779305788295821
0.002143679797740539 0.0014175378728612503
0.0038283418355970857 0.0026236325320957467
0.005555324909749448 0.003864891959429027
0.0064697100683808 0.0044035819663494225
0.005418419694520002 0.003741314702518375
0.006352388420979191 0.0042799214580408725
0.007585502430832377 0.005258854373066708
0.0082278379415694 0.005638455500873402
0.0074521683601013215 0.005136035495348142
0.008104961046557273 0.0055155680386632135
0.009107473571834848 0.006325895513995238
0.009525362306421054 0.006576197014324488
0.008970522860551182 0.006202014473706628
0.009394428413903913 0.006452270082803639
0.010094810648979841 0.00702488449688056
0.010267156752369588 0.007129471948944532
0.009959212972647924 0.0069043161378221345
0.010133838794852777 0.007008889369860446
0.010450660559213214 0.007282412574483947
0.010363855920235057 0.007229206701666794
0.010289105220851297 0.007140090736630722
0.010200913823448907 0.007086883658750121
0.010034279549515052 0.006985155304588082
0.009675925890208303 0.006764706742211638
0.009884161004663274 0.006851871520227903
0.009520148366596249 0.0066314189660257716
0.00879782190848199 0.006085941139543945
0.008226771853286843 0.005740170738970525
0.008703720092427512 0.005998652809792095
0.008126091783176076 0.005652885504363176
0.007068687081654972 0.004810746654435552
0.0064544126369489125 0.004453296365204121
0.007109408015812889 0.004852202098598544
0.006499021314415368 0.004494737571280653
0.005556093964207093 0.0037011556445854625
0.005158931105068403 0.003479379270024321
0.005703822673346311 0.0038645550473485448
0.0053177023184778184 0.0036427383104928176
0.001900223208772832 0.0012551669426390743
0.0033782991097153514 0.0023172452639110873
0.001641902049062109 0.0011113866693416336
0.00323973951267559 0.002173307791630676
0.004864661429790695 0.003376518384390493
0.005702691318715348 0.0038663256041476628
0.004710408303935518 0.0032331822844630454
0.005571578867506139 0.003722924804786616
0.006776229752233585 0.0046982023845588165
0.007400465123523022 0.005066755393724231
0.0066174823509000955 0.004550928422819736
0.007255305709422987 0.0049194257723138065
0.008270815875188426 0.005749926321232516
0.008666938964789718 0.005987827455612386
0.008100592495841176 0.005596020040513721
0.008504600488301182 0.005833891521592892
0.009220837896423648 0.006423493618811338
0.009388192016728667 0.006525458407361481
0.009028779899940484 0.006252816283870005
0.009199600928049423 0.00635477062956895
0.009550189865025243 0.006656185956839856
0.009495533275952357 0.00662270664696922
0.009360697358356289 0.006488732914499786
0.009304909372370817 0.006455250833244221
0.009242644191819742 0.006432104894182622
0.00898852120321916 0.006276325249615223
0.009086046469895328 0.0062924442957771965
0.008827416073531137 0.006136664855997552
0.008338284298503001 0.005764289151196228
0.007973451670419428 0.005545000517087071
0.008287692800926037 0.005717488629744128
0.007920552338807412 0.005498197627997846
0.007225565959720467 0.004935798469763406
0.006881438023673729 0.004735362058311862
0.007291231329623584 0.005000689841903575
0.00695036995174831 0.004800241376328661
0.0063507081304820115 0.0042867320815789586
0.006155038641523212 0.004175735038387966
0.006503903641446837 0.00444523117529598
0.006312965216008633 0.004334213186317278
0.0014127774265245948 0.0009514526474704418
0.0027241086368887156 0.001836935793102107
0.0012120638492628228 0.0008359666785007309
0.0026254862504702173 0.0017213456547489313
0.004055520267057677 0.0028055522281087188
0.004846761017156378 0.003262536049576056
0.0038993203937239024 0.0026548151284377895
0.004716758979562526 0.003111744694799333
0.005871033703426361 0.004068679543633964
0.006445106183149932 0.004406804653664753
0.005701951002676983 0.003910071689277206
0.006291411928728484 0.004248152852402489
0.007265608612091105 0.00505280068897588
0.007644056362880797 0.005280160640800238
0.007059302553501889 0.004865018008631895
0.007448192239384319 0.005092349510632905
0.008174323742397049 0.005693845486948236
0.008368661570739415 0.005812033703037389
0.007960594771748517 0.005502544860644016
0.008159991674939287 0.005620719575558519
0.00858313810979676 0.0059794055823672605
0.008601552985697725 0.005990711028893619
0.008398249573908655 0.005815029488026081
0.008417047630046838 0.005826328844280222
0.008495190283541948 0.005906232015263316
0.008386746683303878 0.00584026507483172
0.008369421653428365 0.005793411288762793
0.008259320901249968 0.005727443119392885
0.00804577710182745 0.005564068299289958
0.007885025718328349 0.005467861564619823
0.008015395070014782 0.005536091308777366
0.007854026103612964 0.005439884199438227
0.007492164743298395 0.00513808023441777
0.0073565663131831185 0.00505878343274415
0.0075680195682549375 0.00521098712549237
0.007433801350049225 0.005131684509566384
0.007133102652093775 0.0048585344883820495
0.007115331361912398 0.004848256824887395
0.007299159584470612 0.0050219004440568045
0.0072817679636207975 0.005011614026524449
0.001027685682637763 0.000702515315234422
0.002124513748516942 0.0014092958683838681
0.0009041896646369298 0.0006293536350713222
0.0020675766531916273 0.0013360845398115067
0.0032409743477755195 0.002228765232412967
0.004000459604002113 0.002659676970542154
0.0030951166620259265 0.002079268731930112
0.0038831679370234027 0.002510123036346263
0.0049613275572284845 0.0034297647295956427
0.005497898686825377 0.003743102461078503
0.004793969947795344 0.0032684379154194814
0.005347311641286348 0.003581733579210272
0.006244413459114596 0.004333316425599877
0.006608587749383389 0.004550240236562187
0.006061262724522374 0.004163319537273514
0.006435770939171031 0.004380214288212414
0.007141728806966125 0.004967106003108139
0.007379955818612409 0.005110814639663449
0.006961208878177352 0.004803541763130569
0.007205386915180382 0.00494723563778328
0.007697593668152436 0.005356257685773044
0.007819055561943346 0.005429948371269682
0.007542705620581474 0.005217348500580101
0.007666612441500493 0.0052910336743551035
0.007903489620414194 0.005488783279633265
0.00793776421622242 0.005509491454190794
0.00780493126527877 0.0053997591676347365
0.00783963409702564 0.005420466500389644
0.00786885166011537 0.005442731883519425
0.007873641915775272 0.005445589267135122
0.007847862474441357 0.005423396848392088
0.007852666800275899 0.005426255145290568
0.007786287810811787 0.005358637638510292
0.007825460958263645 0.005381618855050192
0.007856284347927383 0.005424399914950819
0.007895108069706211 0.005447381249524553
0.007865028009967232 0.005397271147307126
0.007997782995616357 0.005474447723036749
0.008018832058988283 0.005542573889524895
0.008149071568972602 0.005619752713055481
0.0007584186518387563 0.0005200188051451924
0.0015917634272107298 0.0010519145189814639
0.0006816212453752095 0.0004743544028533944
0.0015566120944107398 0.0010061973607696667
0.002457838257974862 0.0016725989002168867
0.003206082588710511 0.002086846313361133
0.0023505293736488285 0.001553241224338347
0.0031245609094338873 0.0019674471762131506
0.0041075488935441535 0.002825327772187969
0.0046376174803932375 0.0031301558017307685
0.003972581062856832 0.002690087606071564
0.004518482592614418 0.002994878103038255
0.005369234113336158 0.0037147971940656496
0.005758946892012434 0.0039441849044405414
0.005239662466544264 0.0035923810507377434
0.005638329772155827 0.0038217490073981838
0.006320304740145134 0.0043853192690947364
0.006598778010168182 0.004551526555404164
0.006194613551607014 0.004269893736981241
0.006478488736890422 0.00443608955229546
0.00699822033178741 0.004860145988958529
0.007204038397878819 0.004983732635256448
0.006879801528209455 0.004752586446657785
0.007089061023138902 0.004876167801567074
0.0074496456055993775 0.005166686504244989
0.007597909040484195 0.005255487799242713
0.007369707083118641 0.005093820711187754
0.007519550971026918 0.005182620393483231
0.007745137658242515 0.0053572341456277345
0.007880839931272558 0.005437861135286175
0.0077250111126329485 0.005338649987753663
0.007861067032964712 0.005419277822721795
0.008042083990690589 0.005549345720237785
0.008219622411285701 0.005653996630906745
0.008092369084061373 0.005595851525826661
0.008268833922553828 0.005700504252241437
0.008487952046676819 0.005855158737826845
0.008712868827355209 0.0059874872455029015
0.008613254569998915 0.005970255047103332
0.008834986609751778 0.006102591067037453
0.0006071345154834563 0.0004154319173937461
0.0012607810403743168 0.0008353152456919556
0.0006003755196584135 0.0004115075619209962
0.0012575114156071127 0.0008313425030211989
0.0019112472707908416 0.0012720865322337063
0.002608520521031248 0.0016468088210864116
0.0018539975081311273 0.001199555285141473
0.002566865464353942 0.0015742458083002648
0.0034404090062882696 0.0023497660381662316
0.003991705901238995 0.002661081952826244
0.0033589821276767758 0.002265088301079334
0.0039217395915923615 0.0025763809225547536
0.004744905125759548 0.0032732114683131633
0.0051677764781456826 0.0035194526057181494
0.004660231676190737 0.003192086337571034
0.005090144139420084 0.003438313717851949
0.0057604178619722855 0.003986970438389176
0.006079459253599949 0.004175511729174866
0.005680181811269756 0.003912392750062513
0.006003492747854388 0.004100926383025074
0.006516839595801753 0.00451342380983063
0.006762762397728908 0.004659523806043738
0.006442025556896658 0.004444434375140375
0.006690702294481901 0.0045905290816646155
0.007107140791905061 0.004920831682110404
0.007335960040780965 0.0050567967540357285
0.007048164717136699 0.004866517499221722
0.007278845191608027 0.005002479895881897
0.007641943818104723 0.005284606850576879
0.007873149545492395 0.0054215325588877926
0.00762456880984925 0.005268530914470569
0.007856295278123471 0.005405456990407504
0.008214684101595458 0.00567824194509121
0.008481564779270033 0.0058360219335262375
0.008245635282978071 0.0057065850761692585
0.00851155575391335 0.005864367551041423
0.00892597614948358 0.006180297633427701
0.009219732739244604 0.006354804787643288
0.009001610362541122 0.006248474576279605
0.009292985478172762 0.0064229874663009785
0.0006160987016283906 0.0004120073618580205
0.0011514857092966505 0.0007816295900801428
0.0006639089749952184 0.0004383857237436317
0.001177735194646785 0.000807997474996848
0.0016511357858362552 0.0010718417768953484
0.002311582142061335 0.0014194490194394786
0.0016406774442922557 0.0010573931648851813
0.002304107296151829 0.001404988099327899
0.003082730096327195 0.0020888256867708345
0.0036419732201861854 0.0023998406795867145
0.0030538954150219687 0.002058004773555138
0.003617592417833095 0.0023690109060796106
0.004390789481486522 0.003017511663942014
0.004833355904173724 0.0032724536498182927
0.004352162603590983 0.0029799745808183646
0.004798289882521855 0.00323490895142217
0.005440916163767074 0.0037557941793587265
0.005779233138017761 0.003953996404983187
0.005401274623346638 0.003718537823448092
0.005741926253541908 0.0039167345640263515
0.006239375007762358 0.0043107840765862215
0.006514252126321571 0.004472730811909833
0.006204832665023216 0.004278594923092504
0.006481175986918323 0.004440538806371792
0.0069021579222296285 0.004769125008759556
0.00716555765431028 0.00492451764047437
0.006873642256218044 0.004742606451081135
0.00713809744642172 0.004897997609719402
0.007564764038851829 0.005229276939122766
0.007852695231660581 0.0053993560421390415
0.007552149321707805 0.005217601124798117
0.007840549840013502 0.00538768090016032
0.00830054131583765 0.005743756531370924
0.008604320245121672 0.005923776748818446
0.008307964409341331 0.00575051587344415
0.008611488242053905 0.00593053861837165
0.009136576656926746 0.006339547262418945
0.009457896852865197 0.0065316341573822025
0.009151889644886203 0.006353229327926094
0.00947269349517342 0.006545316826291514
sig_last 640
-129726.01392643306 4746.037035338886 4746.037035338886 -225534.48533971378
-95383.31783808363 2230.7435181566025 2230.7435181566025 -188206.24712375796
-134958.44443806406 17861.935931994176 17861.935931994176 -226966.1234146127
-99707.2568700304 11373.952010834673 11373.952010834673 -189948.3709634481
-122044.17884504508 2841.8050747109364 2841.8050747109364 -259720.71427449965
-89272.66412609468 2430.377128232293 2430.377128232293 -186773.67887319849
-124382.21823738175 16395.29352298729 16395.29352298729 -249055.27605964604
-85995.39934485513 8618.34295439017 8618.34295439017 -182013.01642002494
-142734.12641444392 1158.1171279302825 1158.1171279302825 -269458.25296829955
-109064.55684953055 2400.200600990426 2400.200600990426 -210388.05207334863
-126685.68209375926 13028.698684191206 13028.698684191206 -235073.55349457797
-95359.02424587567 7675.692191098175 7675.692191098175 -172158.90022732696
-139444.50418948935 3807.8683923158906 3807.8683923158906 -267736.3291078869
-124234.54417794826 5326.340998271101 5326.340998271101 -233114.9277240094
-117088.51507241091 8455.834646657546 8455.834646657546 -225546.5017682274
-101307.4794100698 5875.628144898188 5875.628144898188 -187382.028397267
-148124.94798218462 5705.002349555996 5705.002349555996 -265225.82153452234
-141085.05949106894 6561.918351037104 6561.918351037104 -251164.72710358002
-125314.15467279432 4573.473196829463 4573.473196829463 -224432.2082539895
-120868.34717761683 7010.3262430374425 7010.3262430374425 -213825.4169307123
-145694.20074652362 7547.354915316358 7547.354915316358 -258049.83262989583
-152897.95425696622 8731.366742504124 8731.366742504124 -272806.8381122277
-132026.81166442478 4196.234598736088 4196.234598736088 -234594.8189267451
-140654.08916778537 7141.702575674714 7141.702575674714 -246464.94926569794
-137596.16939756114 9874.195369129195 9874.195369129195 -254150.70119006088
-155069.3741134774 11863.239294132094 11863.239294132094 -292126.3530525283
-135221.36778687764 5939.571012022368 5939.571012022368 -253926.67252102908
-150536.17945076598 8630.28976143416 8630.28976143416 -292744.33166168607
-127448.09899877828 13078.830959180337 13078.830959180337 -243209.5945454873
-171957.44738031863 14918.522442705489 14918.522442705489 -315908.8339771489
-144275.93111178922 -137.25955994294566 -137.25955994294566 -273606.35057081794
-193184.14716831944 -3400.168646640741 -3400.168646640741 -352518.69075976044
-109436.22020479086 6512.273998624066 6512.273998624066 -222167.71949638939
-160276.49315755191 -1154.2088462248278 -1154.2088462248278 -314226.8151535798
-162222.8701472311 -7881.638016099648 -7881.638016099648 -314151.63347722305
-213257.29243157487 -25054.285814913193 -25054.285814913193 -414441.976588071
-152796.12595702824 2839.8386605237547 2839.8386605237547 -270557.43172170984
-161851.1461080865 107.19140175862697 107.19140175862697 -281035.5140083712
-159499.94704305616 -117.39218587154767 -117.39218587154767 -286417.7394613275
-168763.27723019058 -3040.3164794954073 -3040.3164794954073 -296579.30103736895
-135311.43629495203 26617.90722846859 26617.90722846859 -218191.53486108122
-95728.43557576319 16834.32116483896 16834.32116483896 -173854.89135356524
-135805.14820958723 34427.68587201975 34427.68587201975 -203246.21696960734
-97498.25058924002 23395.254273743707 23395.254273743707 -161482.157423856
-123023.14470625648 24328.313538825532 24328.313538825532 -232262.62247103278
-105066.07551966573 20980.914904973448 20980.914904973448 -202568.13430097952
-111014.89389880569 27189.79596533257 27189.79596533257 -195337.68626586173
-92313.73570625325 22376.6570580481 22376.6570580481 -168502.67521066664
-136931.81728440733 21092.445767766138 21092.445767766138 -272689.53072698717
-125009.36921472846 21428.491184479848 21428.491184479848 -243587.22335090613
-99068.9341306678 21088.732514898184 21088.732514898184 -189784.5210490698
-88292.11480285438 19183.4718244061 19183.4718244061 -165310.17596560429
-153019.44908511397 22991.353581320254 22991.353581320254 -295470.86032528954
-138996.35646578274 21984.603178670965 21984.603178670965 -269153.6570137008
-98203.39623576206 17044.863147634056 17044.863147634056 -190122.08717244415
-90832.72478029375 16607.084110913805 16607.084110913805 -166050.6567479674
-166408.34199955137 22640.12484353363 22640.12484353363 -303590.5143857226
-153713.11485977858 22075.820922308238 22075.820922308238 -280475.9527201833
-105984.73445919818 16543.13466130278 16543.13466130278 -203431.25181958306
-98807.85467879803 16033.99568089596 16033.99568089596 -179896.18475865867
-167559.5560909256 20291.543709714868 20291.543709714868 -296615.1955026741
-159584.0621883977 19866.63073772646 19866.63073772646 -277564.17157176987
-122011.20163934455 15709.929733412922 15709.929733412922 -220799.28300919803
-116289.45112805517 18571.041182193723 18571.041182193723 -208972.69424886414
-155580.22302667116 21104.33790647897 21104.33790647897 -272402.11623646336
-148199.114454899 20413.76927811826 20413.76927811826 -262875.34259601857
-143519.75540194396 17570.462530922574 17570.462530922574 -249929.00748610822
-137672.56270248062 16206.440970352369 16206.440970352369 -233117.63223013387
-131352.11682855836 20896.61345685179 20896.61345685179 -237376.82462407986
-133707.5994953427 20129.620272308097 20129.620272308097 -240033.23454326417
-153912.60914900442 19893.74179816656 19893.74179816656 -286291.2324143735
-156564.11987889794 18956.241404355198 18956.241404355198 -288727.17713843536
-109231.94074636101 15822.281914459378 15822.281914459378 -194051.19340342635
-115541.6834361491 11316.457504723407 11316.457504723407 -222359.98363654074
-190373.89160847472 17926.643304048303 17926.643304048303 -356962.6801998126
-195056.3261910918 12304.395100890604 12304.395100890604 -367817.4299375678
-83893.17203103927 11554.600605075684 11554.600605075684 -157093.0523635321
-169442.5927944432 -6756.325438280984 -6756.325438280984 -343606.5731302501
-216618.8396606511 -16406.515867344206 -16406.515867344206 -405808.7206412157
-340412.82575505803 -54575.091583336674 -54575.091583336674 -632186.7395224252
-135073.94932734122 37786.53380252971 37786.53380252971 -188257.6878801675
-109280.83154911938 30287.865395305547 30287.865395305547 -161125.9810160092
-119546.81082939032 34253.46784953674 34253.46784953674 -149206.19889146398
-92576.32695935988 27054.457444093765 27054.457444093765 -122680.5441979064
-123631.6343891105 35137.84649463474 35137.84649463474 -188065.3182865646
-122464.6913822246 34110.988150815014 34110.988150815014 -182409.31793596514
-91967.19610447691 26976.917778990435 26976.917778990435 -127633.96432622074
-88941.23019537498 25411.950071946707 25411.950071946707 -120606.9088848952
-130819.48474779747 36246.06002345838 36246.06002345838 -196443.17116677662
-138806.75060074337 38984.046896170374 38984.046896170374 -197503.0457997785
-86085.39766399116 25137.902233184293 25137.902233184293 -116299.40044386883
-93962.92850247178 27352.92533873635 27352.92533873635 -119509.79152934268
-149083.61795043288 40696.03695247437 40696.03695247437 -220658.48139432597
-155962.8998816955 46321.71305474745 46321.71305474745 -215343.9890664651
-89984.24870865104 26429.437494539154 26429.437494539154 -112684.89276951706
-96866.73526507812 30908.143667269134 30908.143667269134 -114654.88532024832
-173734.6087486867 49215.172088377905 49215.172088377905 -248100.14961118734
-178020.32663242097 51819.89355630018 51819.89355630018 -237853.88403128093
-92149.3320295204 29467.120862402586 29467.120862402586 -107760.73933620837
-94952.18428002034 30902.692495246312 30902.692495246312 -106495.19991906802
-202257.61099382743 56183.3665116957 56183.3665116957 -281323.32785414095
-204529.35902579888 59043.58366912388 59043.58366912388 -263386.26705653983
-89673.3858495289 30703.894302151017 30703.894302151017 -99556.30362276151
-87429.47936001745 27443.83932705174 27443.83932705174 -92028.78404474256
-226316.68422729557 61282.20586376291 61282.20586376291 -305435.797306717
-227367.60896170442 67031.07890447424 67031.07890447424 -304988.793132966
-78729.42346105655 26076.634874567484 26076.634874567484 -80664.98384490794
-80535.4025539848 22410.912405560222 22410.912405560222 -79466.82636721493
-240476.11781486802 74842.51834945986 74842.51834945986 -338832.9701990508
-225770.55804109425 69486.67105766013 69486.67105766013 -310657.24653291615
-60967.29309531063 16741.031164582826 16741.031164582826 -59612.68119008972
-50737.88218123579 15072.368255015648 15072.368255015648 -49472.59775460338
-245355.27841968005 51437.72693410634 51437.72693410634 -318992.42826649087
-259860.55908896893 55199.52973649443 55199.52973649443 -298922.2013662422
-35227.17794993619 11010.058412554043 11010.058412554043 -34569.47826043257
-33962.66702059503 8461.560904868245 8461.560904868245 -33387.986114377716
-187780.45565438725 43805.03614657854 43805.03614657854 -234649.8215636306
-167866.02747439736 35462.84155797347 35462.84155797347 -207461.4252483329
-30471.105700515658 9475.312394718578 9475.312394718578 -31870.68429292301
-24.30769058721718 8.939946269913424 8.939946269913424 -17.88457513080958
-118708.94769799805 33393.474681497864 33393.474681497864 -135385.31006758683
-107992.972224942 29965.54407959171 29965.54407959171 -126424.02230429435
-112356.38955387335 31137.666319154152 31137.666319154152 -121216.61595528449
-101901.26324744317 27414.38092430221 27414.38092430221 -112639.18643091939
-108384.09036052591 31100.56452430918 31100.56452430918 -133664.8998010605
-118212.72511304419 33351.67071646017 33351.67071646017 -140027.0357324362
-93640.55171861731 26962.43201665979 26962.43201665979 -110126.0671912335
-104299.81342453879 29708.179837185635 29708.179837185635 -116469.30609324928
-116417.26677292671 33131.68679583115 33131.68679583115 -134649.65840536382
-132290.48593190208 37707.22225198 37707.22225198 -145324.21994273356
-99589.23303780008 27973.859371240163 27973.859371240163 -107293.41572720688
-114794.66485472715 32660.2708294775 32660.2708294775 -118473.55353132058
-127458.86538917261 36251.82304691616 36251.82304691616 -134005.92062038358
-142159.95860411198 40110.51879816588 40110.51879816588 -143687.16886169207
-110090.93056724385 30907.476222938603 30907.476222938603 -106989.27623177874
-125052.21316654747 34782.648423879764 34782.648423879764 -116764.09996685405
-137492.5114170273 37148.48336885243 37148.48336885243 -128077.73601264422
-152336.9662237038 41450.55193405399 41450.55193405399 -136771.4732320782
-119695.44471046017 30991.91226437883 30991.91226437883 -101967.02333417177
-134089.84285479755 35122.11146780425 35122.11146780425 -110891.14265335204
-144128.0118463396 34986.192464092805 34986.192464092805 -117528.27769441955
-158387.06018127265 38916.15446533079 38916.15446533079 -125812.323960866
-126067.79470029654 28809.755018344276 28809.755018344276 -94419.5021429621
-140010.5683430595 32658.23895556108 32658.23895556108 -102667.0770852818
-143595.84857869902 28818.02639497476 28818.02639497476 -101666.69061827118
-152794.69035955798 30613.98922454828 30613.98922454828 -107078.61359454018
-130001.40590941285 24766.760873132116 24766.760873132116 -86915.66631451373
-138725.94043973248 26663.117812972218 26663.117812972218 -92543.42529281128
-135468.10336917365 19576.819724228495 19576.819724228495 -85886.42450210224
-131902.82638586347 19063.286918857644 19063.286918857644 -84658.32316653001
-131412.2873758816 19690.715327201717 19690.715327201717 -82230.10803878815
-127677.2400672539 18978.71760645155 18978.71760645155 -80911.73670924237
-124835.94042622617 10794.68082638278 10794.68082638278 -76448.66945019907
-110537.15704450791 9965.904202884849 9965.904202884849 -69501.42470336382
-124644.38540029683 14373.20941912437 14373.20941912437 -77159.69308532488
-110154.32208376401 13510.968347055066 13510.968347055066 -70351.50743604841
-103928.27128347446 -10600.892598735234 -10600.892598735234 -94537.35509806499
-45327.9353552936 -4363.480109572596 -4363.480109572596 -60282.52028913552
-103474.79059997035 7804.240778244814 7804.240778244814 -77233.60771857895
-42227.168452570535 7284.229993966676 7284.229993966676 -48250.61231409155
-111581.66079010509 31429.409858170147 31429.409858170147 -115249.42624853355
-111865.7398722317 31407.399854932806 31407.399854932806 -115038.06341940354
-103502.78786388774 29924.94895773116 29924.94895773116 -103623.83116912213
-103412.85381698069 29994.44685396379 29994.44685396379 -103576.90477903995
-105139.82024921244 29733.48907674203 29733.48907674203 -111216.44184126565
-120381.85465710859 34497.013364337625 34497.013364337625 -123845.0735779168
-93414.0842029224 26304.343626086666 26304.343626086666 -95237.52873322711
-108429.06507367016 30876.330439094127 30876.330439094127 -107604.33656549995
-115560.3166680556 31712.770074264175 31712.770074264175 -111980.96337731456
-129590.51116819786 35008.25098238945 35008.25098238945 -120486.29202960053
-104755.19255050438 27559.508530379302 27559.508530379302 -95035.34571565353
-118329.35376388226 30692.08598046336 30692.08598046336 -103356.77225476023
-125943.51883638494 30944.38112292184 30944.38112292184 -106184.95178849547
-138691.29193990087 33431.18586500459 33431.18586500459 -113627.09335120504
-114613.04970539807 26600.125364392734 26600.125364392734 -90693.95886522716
-127045.33883736708 29378.194451421696 29378.194451421696 -98259.11827009145
-132557.09307063156 28261.28460025583 28261.28460025583 -98651.87870613363
-144635.8711073975 30776.744100887845 30776.744100887845 -105470.22565479833
-121953.84839302603 24454.911784264244 24454.911784264244 -85845.70127310735
-133589.4667851084 26948.540471775952 26948.540471775952 -92658.14600976591
-135973.14045226204 23261.825025719045 23261.825025719045 -89612.90231325431
-143615.20605955427 24993.642701178484 24993.642701178484 -94487.1302774705
-127907.43600551572 20854.684280216818 20854.684280216818 -81205.444438087
-135177.50517010715 22311.38351528633 22311.38351528633 -85939.06541144222
-135487.01284840607 16337.984060249435 16337.984060249435 -81495.98143013149
-134726.15489969842 16759.364580718553 16759.364580718553 -81689.15232457478
-130849.42572592686 16081.65876246955 16081.65876246955 -77582.40688024559
-130276.70147830578 16604.189088530282 16604.189088530282 -77764.80749009488
-130025.07742212038 8682.553475828005 8682.553475828005 -74516.89017601727
-120366.57676070578 8648.284728157712 8648.284728157712 -70226.67559380717
-128246.8881236688 10326.305223178568 10326.305223178568 -73311.49224733587
-118601.44242366526 10285.136657258452 10285.136657258452 -69124.10897744083
-116722.61235698214 -748.3004614575858 -748.3004614575858 -68447.31831859826
-95836.55449012187 -1113.036572127427 -1113.036572127427 -56972.64566457786
-118179.77787737505 4423.8700910350635 4423.8700910350635 -70240.39707291155
-97336.65607853407 3618.664419673147 3618.664419673147 -58905.570355111726
-90734.00235750459 -11453.511057497737 -11453.511057497737 -68805.58133280044
-47522.19502367952 -8077.928662312937 -8077.928662312937 -48195.6457750775
-93751.07560264257 886.0913717266769 886.0913717266769 -69364.22657928674
-45447.81117214989 107.57006269723703 107.57006269723703 -49132.11144336624
-101611.80447783046 29527.899882415826 29527.899882415826 -98661.17848352125
-111964.26686439202 32877.341122400045 32877.341122400045 -105760.19968301136
-94402.90785098301 27442.947065308803 27442.947065308803 -89654.85845261686
-104741.10951887816 30848.431061631607 30848.431061631607 -96708.82843314754
-101908.36996746717 27982.532252854522 27982.532252854522 -97531.14691094743
-117365.37468626 31436.578453460235 31436.578453460235 -107023.14154686166
-93611.26917655171 24923.224772944886 24923.224772944886 -85663.67466386546
-109099.41189117396 27829.574594918893 27829.574594918893 -94761.4884796931
-114726.80645540552 26696.753159653992 26696.753159653992 -93310.92491510404
-125934.73466844908 28875.443468348258 28875.443468348258 -100318.67514789251
-107165.51609040033 23856.95367085548 23856.95367085548 -83383.8568632095
-118337.1335388071 25972.47750415038 25972.47750415038 -90345.02341420787
-121512.92293777551 24426.351347305186 24426.351347305186 -88223.35352308328
-132497.89931949158 26479.847569876823 26479.847569876823 -94395.28256577169
-115155.37065279418 21857.32402760692 21857.32402760692 -80009.35685196705
-125827.29040113151 23864.39087386124 23864.39087386124 -86247.74723061633
-127574.56592086608 20887.67381765537 20887.67381765537 -82563.5204339047
-135483.5989140622 22277.634456595028 22277.634456595028 -87200.59664070554
-121940.88813282581 18905.756840153474 18905.756840153474 -76799.14767676343
-129872.70142096147 20263.955296165514 20263.955296165514 -81241.80011935452
-129533.93149585355 15472.795281013981 15472.795281013981 -76828.00289823744
-132523.50879248494 16166.086208754394 16166.086208754394 -78830.95109145965
-125665.15000765536 14673.969729786433 14673.969729786433 -73532.68249311087
-128722.91084825362 15342.051434447376 15342.051434447376 -75465.11062637047
-128824.93106168929 8742.173181219707 8742.173181219707 -71651.39359384307
-124842.9937264888 8931.364527876949 8931.364527876949 -70048.96774250497
-126975.02454418199 9414.60688610445 9414.60688610445 -70517.5953746516
-123017.75514896782 9633.908232206146 9633.908232206146 -68884.53030077726
-121618.18368495452 1005.7719411041465 1005.7719411041465 -67476.44602306752
-109558.83940093468 796.9580767151533 796.9580767151533 -61826.216396955926
-121788.73096063004 3485.3669340449005 3485.3669340449005 -67625.82052696262
-109668.0540832808 3257.189614715377 3257.189614715377 -61931.605075409665
-110386.11554629599 -6351.857571487511 -6351.857571487511 -66169.1243531532
-88140.67488304274 -6411.842831082653 -6411.842831082653 -54718.82804520279
-111986.89067802911 -1267.7977546066772 -1267.7977546066772 -66877.47035623487
-89931.05797845827 -1706.5170589375334 -1706.5170589375334 -55060.76255823765
-88474.3724735123 -9337.854097764139 -9337.854097764139 -68572.2305688763
-57588.51369916735 -7816.149852277549 -7816.149852277549 -54930.794879956324
-88673.28629861689 -798.9319539564108 -798.9319539564108 -65757.43626558337
-56397.515705584236 -280.1551179684718 -280.1551179684718 -51917.94808904575
-91689.34946043366 26359.835663690974 26359.835663690974 -85265.67586025383
-107401.91723615177 31463.418199005755 31463.418199005755 -96964.71106881177
-85075.76872973827 24060.22598684035 24060.22598684035 -78469.34030597997
-100031.87003523351 28850.959832234745 28850.959832234745 -90529.47130196201
-99913.27773932402 24357.59671415352 24357.59671415352 -84389.55138196515
-113600.55989336717 26658.29279503862 26658.29279503862 -92164.42353096126
-95072.42719946148 22159.222528427676 22159.222528427676 -77310.25223564157
-108486.36405731886 24379.39286414579 24379.39286414579 -85167.99393139216
-110949.0754815121 22398.09222044183 22398.09222044183 -81271.94903270321
-121355.0487052778 24040.59664249278 24040.59664249278 -87422.58274252478
-106822.43974403104 20286.619077641524 20286.619077641524 -75625.03685532429
-117151.79254623833 21956.077156675372 21956.077156675372 -81792.88278085765
-117738.92738685019 19536.959571699743 19536.959571699743 -77708.3153422328
-126328.49501272471 20753.185679860464 20753.185679860464 -82262.39996252183
-114294.63898351716 17924.744857042057 17924.744857042057 -73482.15401824345
-122626.89682853897 18953.722846157172 18953.722846157172 -77947.91787848492
-122020.67185509847 15177.213704681268 15177.213704681268 -73198.98042153016
-127112.67132972261 15770.402067301213 15770.402067301213 -76067.14256735964
-119627.90409096963 14236.112705408967 14236.112705408967 -70831.76521565573
-124721.4133202029 14876.64747860275 14876.64747860275 -73656.7007422695
-123401.2711194201 9847.231107656295 9847.231107656295 -68996.55229213389
-124027.99265357501 9979.463379121804 9979.463379121804 -69428.11423631114
-122589.2244945185 9749.623259501412 9749.623259501412 -68305.43840102844
-123206.33565326454 9900.982955801366 9900.982955801366 -68719.44754220362
-121138.3604050245 3395.5002704564695 3395.5002704564695 -65658.39434098173
-115995.71091972812 3236.844173915101 3236.844173915101 -63236.04256445251
-121192.10677642633 4452.575748402855 4452.575748402855 -65812.89731776243
-116050.42118947409 4278.281040974543 4278.281040974543 -63378.09749134926
-114602.32253216376 -3179.4631566145426 -3179.4631566145426 -64058.597534905275
-102445.70285794968 -3308.2329218866917 -3308.2329218866917 -58169.5050503422
-115535.88008072764 -568.6047501742335 -568.6047501742335 -64438.259474314495
-103269.96407991831 -893.9850239913837 -893.9850239913837 -58419.563686429516
-106238.36404329249 -7498.974782825693 -7498.974782825693 -64937.44477805039
-87409.79046325767 -7292.135892972874 -7292.135892972874 -55330.20301764089
-107170.85536930982 -3514.4977048786923 -3514.4977048786923 -64446.50840679334
-88224.99030425359 -3702.6315521534525 -3702.6315521534525 -54482.94115477635
-89269.52454117291 -7502.277321729564 -7502.277321729564 -66049.14306897856
-67229.55899712112 -7053.61858360657 -7053.61858360657 -56041.82386372132
-88814.05460819254 -1460.2034799569865 -1460.2034799569865 -63643.674841376094
-66766.50679236044 -974.3406881569347 -974.3406881569347 -53335.274979213114
-82426.45827407831 22899.16138624277 22899.16138624277 -75018.73252974066
-100338.3908819431 28071.545151313116 28071.545151313116 -89358.45797066578
-77438.49113991205 21110.24274049228 21110.24274049228 -70796.64899100475
-96311.68856036139 25912.38607689085 25912.38607689085 -84429.1833994845
-98249.39885293465 21129.23021807123 21129.23021807123 -76137.50686677241
-109761.04590557404 22931.445042105723 22931.445042105723 -82814.27916156605
-95310.76855366815 19679.538538716213 19679.538538716213 -72009.66312484581
-106965.8285695857 21287.39849409303 21287.39849409303 -78604.41762610212
-107397.1176497043 18941.49402614592 18941.49402614592 -73579.15870574942
-116220.2653235888 19960.564484768365 19960.564484768365 -78581.61974719129
-105397.90030670507 17646.27622107515 17646.27622107515 -70660.73026402484
-114300.49983518297 18595.474703695898 18595.474703695898 -75628.70837625429
-113514.49496955606 15284.13013938263 15284.13013938263 -70462.00107702246
-119963.8051860414 15819.95743377224 15819.95743377224 -73775.40581261253
-112256.03359274412 14250.074721627801 14250.074721627801 -68717.93114434913
-118648.51172348994 14866.117660148659 14866.117660148659 -72057.09014982414
-116632.17887124768 10877.515423483517 10877.515423483517 -67055.8749301694
-120169.19819928214 11051.500601476566 11051.500601476566 -68813.89576547095
-116357.3232016828 10403.116803678819 10403.116803678819 -66560.38224974113
-119904.02747579673 10517.141612141208 10517.141612141208 -68339.63540349947
-117300.34738163222 5606.974374064611 5606.974374064611 -64141.77025738104
-116844.04107299904 5489.186332423766 5489.186332423766 -63935.0966326391
-117806.3011544922 5812.489947957491 5812.489947957491 -64518.54026321602
-117357.99782687862 5685.786556339563 5685.786556339563 -64307.429100124114
-114432.84442014048 10.65640736143282 10.65640736143282 -62356.06361584173
-108974.53764459756 -319.9700222680044 -319.9700222680044 -59739.212857357605
-115690.99324272247 1049.4206713870517 1049.4206713870517 -63170.281394954
-110206.90372620182 677.4273592594445 677.4273592594445 -60616.94355058899
-109492.22011499848 -4737.743626407854 -4737.743626407854 -62188.065327710785
-98828.03561264634 -4829.925734051802 -4829.925734051802 -56705.39349660656
-110684.46163873254 -2826.8485090356407 -2826.8485090356407 -62794.77188873828
-100184.88891965657 -2994.1442723811087 -2994.1442723811087 -57269.97229510256
-103330.41232059922 -7243.570163551647 -7243.570163551647 -63472.181164426
-88588.03681312887 -7023.719446750192 -7023.719446750192 -55964.91560852399
-103838.06212939318 -4172.286162324157 -4172.286162324157 -62758.78467572615
-88984.66290829929 -4244.26105259687 -4244.26105259687 -55055.28346431303
-91907.24290176624 -6098.139132368113 -6098.139132368113 -64822.51962202453
-76810.9068484534 -5608.9553974285045 -5608.9553974285045 -57301.046156908254
-90585.38609513758 -1779.6454015371232 -1779.6454015371232 -62141.43780117376
-75550.07885006936 -1191.5693941612458 -1191.5693941612458 -54486.83426877046
-75108.23347287206 20381.4827646958 20381.4827646958 -68981.77387209618
-95173.93640469605 24523.62022982728 24523.62022982728 -81768.46327105566
-72760.62585815604 19786.0018977784 19786.0018977784 -66965.60733999916
-93584.58209350421 23290.407306560992 23290.407306560992 -78952.72365693435
-95055.71575431747 18836.734144215592 18836.734144215592 -70062.57444913979
-105522.87623671097 19885.91139444614 19885.91139444614 -75807.19028531572
-94098.11085408783 17880.23612181277 17880.23612181277 -68262.08049403793
-104582.12719139899 18874.625204226868 18874.625204226868 -73924.6237480625
-103717.97191459483 15771.129029438389 15771.129029438389 -68002.5320185089
-111183.68111293206 16330.911376642336 16330.911376642336 -71994.17011148065
-103302.82723519142 14757.936923546851 14757.936923546851 -66981.92746358879
-110831.39192470147 15260.759197741452 15260.759197741452 -70961.85519128309
-108613.53371454412 11898.617417793508 11898.617417793508 -65376.10547319818
-114001.9685289654 12177.557015140525 12177.557015140525 -68166.02991918173
-108763.29160208639 11183.93953811267 11183.93953811267 -65137.720853144485
-114274.6688853798 11476.129840108311 11476.129840108311 -67857.83950612223
-111621.6932951298 7474.0536006374 7474.0536006374 -63058.62929342957
-114121.86900539706 7376.899063550671 7376.899063550671 -64222.12725408734
-112501.40663640421 7234.58180491044 7234.58180491044 -63533.56145352087
-114933.55954009583 7130.051109222377 7130.051109222377 -64733.93300577979
-111613.64456069689 2671.4813084000752 2671.4813084000752 -61166.28584094195
-110644.00753537346 2366.09393896472 2366.09393896472 -60702.98609610689
-112949.1671553338 2983.8909518176733 2983.8909518176733 -62220.173765564316
-111968.46766763594 2659.7127415403183 2659.7127415403183 -61729.468739307566
-109236.34087113025 -1896.4483223330085 -1896.4483223330085 -60257.384865904656
-104199.02157057452 -2250.706128341298 -2250.706128341298 -57776.14019807268
-111005.82071681051 -895.2784102288886 -895.2784102288886 -61445.47493117572
-105829.91068653786 -1361.5215838284962 -1361.5215838284962 -58955.48451541306
-105798.54464039573 -5104.215866837364 -5104.215866837364 -60880.59884671552
-97221.56864643605 -5303.915545359727 -5303.915545359727 -56289.07598735042
-107322.21921304023 -3636.98956198174 -3636.98956198174 -61637.54714915508
-98802.78806883942 -3849.175203202035 -3849.175203202035 -57080.80385166832
-101756.83246021146 -6437.317290761872 -6437.317290761872 -62240.110541846494
-91009.46770602243 -6329.702515420332 -6329.702515420332 -56779.96404441272
-101848.95714763431 -4192.474916507856 -4192.474916507856 -61516.38239083565
-91146.54468507784 -4195.77351057752 -4195.77351057752 -55970.059022772606
-94662.59930799791 -4704.326653551194 -4704.326653551194 -63673.9899987132
-85074.86501975002 -4091.7461140120436 -4091.7461140120436 -58436.16778190154
-92778.65585624779 -1835.0963094442322 -1835.0963094442322 -60934.85692598122
-83211.58804276769 -1238.8819701770697 -1238.8819701770697 -55701.41523372631
-70860.27854076025 18697.56095284465 18697.56095284465 -65224.717358602444
-90963.50693246262 21958.889749536822 21958.889749536822 -76338.45170440809
-69961.15476664927 17904.138438817186 17904.138438817186 -63645.65730932138
-90312.80112956317 20701.647184239668 20701.647184239668 -74787.22105495699
-91079.04128677036 16592.30117637282 16592.30117637282 -65699.80157723832
-100798.84673319058 17353.469539092926 17353.469539092926 -70673.86977808955
-91554.52758122273 15623.138084334452 15623.138084334452 -65199.15647489437
-101279.96474798156 16313.193625502128 16313.193625502128 -70223.75116207432
-99213.27647902817 13108.740660630312 13108.740660630312 -63870.434223794815
-106261.86736493954 13319.099942385628 13319.099942385628 -67477.49318334396
-100040.07246322033 12195.664952888805 12195.664952888805 -64005.55548182629
-107160.5717935854 12437.873902002182 12437.873902002182 -67566.75304398761
-103942.86745528005 9198.190115573192 9198.190115573192 -62021.08268478978
-108775.90192527593 9225.76231092399 9225.76231092399 -64335.449110564856
-105171.04828027704 8687.06970974831 8687.06970974831 -62710.245936202446
-110032.40004525411 8692.582856278734 8692.582856278734 -64975.39706850182
-106730.32190844491 5071.382185388187 5071.382185388187 -60382.672504196555
-108713.74776397839 4821.716768052683 4821.716768052683 -61327.92880763956
-108148.36261337316 4856.879077951956 4856.879077951956 -61505.78657806454
-110100.88217998634 4612.2430722568315 4612.2430722568315 -62459.10507996636
-106695.3892541742 813.3854065383284 813.3854065383284 -59339.60415639452
-105751.3066792584 408.7611667216256 408.7611667216256 -58784.74012657181
-108609.5564253231 1092.2822403062314 1092.2822403062314 -60739.2559206465
-107621.4117590085 665.8719704406124 665.8719704406124 -60220.719322556935
-105304.81939058148 -2769.72555179156 -2769.72555179156 -59235.398988411485
-101050.82971164215 -3138.3914651817754 -3138.3914651817754 -57221.886958584306
-107084.03726822702 -1989.665215375799 -1989.665215375799 -60567.82761446551
-102876.76373993649 -2427.2510231555316 -2427.2510231555316 -58501.06569016885
-103501.19895914922 -4885.628623456349 -4885.628623456349 -59935.14760546304
-96985.93349856135 -5090.701015888564 -5090.701015888564 -56534.16718447107
-104822.52788515693 -3775.891301111137 -3775.891301111137 -60672.88087867439
-98357.68314872312 -4038.069207948846 -4038.069207948846 -57293.48407368362
-100911.64844310663 -5405.083050914736 -5405.083050914736 -61233.093425618354
-94057.16008873792 -5301.203146923775 -5301.203146923775 -57687.35917701775
-100630.58590312826 -3910.622780473113 -3910.622780473113 -60495.93400377927
-93804.04596603618 -3831.860345584856 -3831.860345584856 -56927.11909597994
-97265.80706457871 -3380.168424956697 -3380.168424956697 -62519.336944804425
-91750.32906095227 -2768.6118553187825 -2768.6118553187825 -59517.29249501185
-95142.03042721619 -1830.2609602692364 -1830.2609602692364 -60032.30110399564
-89579.17262328674 -1206.050518537582 -1206.050518537582 -57118.64061098312
-68593.03213080058 17030.78663481685 17030.78663481685 -62333.77021651615
-86539.42785770848 19519.00888785349 19519.00888785349 -72046.89204205638
-67978.1904148682 15908.703750064458 15908.703750064458 -61719.618543126824
-86156.66529357448 18553.50536238272 18553.50536238272 -71369.01266964029
-87103.05949061061 14427.922372337152 14427.922372337152 -62463.99901438572
-96166.14940893326 14938.035187618214 14938.035187618214 -66985.23423020904
-88220.37326276017 13554.48242437088 13554.48242437088 -62793.28204069073
-97299.55826015366 13891.395997769001 13891.395997769001 -67377.01509058767
-94850.02411568385 10963.9829123967 10963.9829123967 -60938.31677457632
-101669.67569695914 10980.164756298895 10980.164756298895 -64257.15005143506
-96559.72554832017 10187.941595553486 10187.941595553486 -61793.26447558544
-103344.12148142983 10193.97077359493 10193.97077359493 -65179.53734116553
-99529.64785468105 7262.664308229032 7262.664308229032 -59634.63933889235
-103970.85444812904 7046.62499244278 7046.62499244278 -61768.373444667064
-101482.47208096326 6701.534865783182 6701.534865783182 -60944.60418875429
-105876.64745572471 6403.390061442187 6403.390061442187 -63115.60020764177
-101967.73932189174 3394.9906852322492 3394.9906852322492 -58635.33813689071
-103880.5264307973 2930.089476795033 2930.089476795033 -59528.062958031616
-104173.67563954185 3192.848645925118 3192.848645925118 -60241.47485457797
-106071.79270342102 2686.2989571438166 2686.2989571438166 -61159.21929915484
-102634.73562408853 -182.19050905809468 -182.19050905809468 -58153.75289209767
-101893.80743910738 -747.4581762510015 -747.4581762510015 -57771.814110432584
-104812.53691745068 10.001291747854248 10.001291747854248 -59838.33642669879
-104143.2697467692 -556.4313283710185 -556.4313283710185 -59428.77237694711
-102244.03331709966 -2939.3017656385127 -2939.3017656385127 -58380.802136431
-99399.38515395529 -3296.9937505629105 -3296.9937505629105 -56921.86900261996
-104180.8290682313 -2434.0619833633436 -2434.0619833633436 -59711.03287475902
-101348.14574105795 -2836.630430945752 -2836.630430945752 -58180.253198184895
-101780.76764689494 -4414.752858144264 -4414.752858144264 -59293.34384894396
-97672.3169979913 -4543.868386943213 -4543.868386943213 -57236.46519794944
-102483.93842411561 -3658.6227518019678 -3658.6227518019678 -59726.85984173228
-98444.10817633108 -3824.5154641393838 -3824.5154641393838 -57601.50285471441
-100841.59824244637 -4346.2400876881275 -4346.2400876881275 -60566.360281497895
-97073.03753666076 -4160.581326858515 -4160.581326858515 -58516.89034569003
-100148.68462310775 -3417.092166461095 -3417.092166461095 -59700.80538701928
-96385.99425979287 -3254.084500053841 -3254.084500053841 -57672.82555304378
-99433.28974104827 -2374.2508734367175 -2374.2508734367175 -61527.59378947137
-96972.95893802555 -1788.2634564990676 -1788.2634564990676 -60174.416743587615
-97422.24619680687 -1683.495892364081 -1683.495892364081 -59409.06935835329
-94924.65886217773 -1060.3188147426742 -1060.3188147426742 -58067.956544166336
-66555.8706741895 15041.868124596052 15041.868124596052 -60990.8999140867
-81941.2429716992 17111.21493429337 17111.21493429337 -68926.817368368
-65993.7834742945 13902.731987243485 13902.731987243485 -61082.13814404019
-82164.93768981745 15672.780401422668 15672.780401422668 -69136.73042286329
-83086.10181115495 12504.843514442782 12504.843514442782 -60318.1911622906
-91916.15553558497 12701.453196073227 12701.453196073227 -64444.173592374165
-84653.1698220077 11630.451651468344 11630.451651468344 -61294.64485313159
-93555.45626572409 11700.300017660702 11700.300017660702 -65468.03083872363
-91065.91473195478 9214.74242972684 9214.74242972684 -58928.70143911935
-97291.24881198876 9076.669956065507 9076.669956065507 -61997.86802582162
-92886.67493346114 8417.236400297053 8417.236400297053 -60200.833857047925
-99210.83606662089 8260.238124885182 8260.238124885182 -63322.41263015551
-95443.19076342657 5699.6370708275335 5699.6370708275335 -57824.95870374362
-99584.54484996755 5288.403077207286 5288.403077207286 -59781.63948190018
-97826.72428094393 5189.435942978951 5189.435942978951 -59514.19619615288
-101939.30407764441 4730.240205320452 4730.240205320452 -61489.81282635974
-97949.54531638855 2320.0624714225005 2320.0624714225005 -57127.141092170015
-100076.69030340076 1742.8156386922055 1742.8156386922055 -58105.380727006916
-100533.77465003428 2032.7329073666901 2032.7329073666901 -58992.858492350846
-102576.43248427343 1437.1576592138972 1437.1576592138972 -60008.41127355065
-99241.79605160917 -624.9406418553689 -624.9406418553689 -57076.212454969755
-99460.42721341632 -1194.2925267856099 -1194.2925267856099 -57190.601015559165
-101437.10977302874 -665.8235871134996 -665.8235871134996 -58736.65154327083
-101678.01114197446 -1274.3691161811626 -1274.3691161811626 -58881.65217675982
-99959.25338941046 -2699.569815628045 -2699.569815628045 -57711.53981930587
-98839.34212189904 -3028.9593760566127 -3028.9593760566127 -57126.331112927735
-101406.70681269628 -2533.8701037315986 -2533.8701037315986 -58849.198197977676
-100277.98533519122 -2877.87201993486 -2877.87201993486 -58245.702680586466
-100490.47578800739 -3603.5375141706495 -3603.5375141706495 -58777.299174743704
-98687.85171038371 -3703.270155151368 -3703.270155151368 -57851.833375844675
-100914.80430003372 -3254.956479660327 -3254.956479660327 -59071.63069564769
-99139.26414519505 -3337.3204311860068 -3337.3204311860068 -58137.16946561828
-101076.43361533702 -3272.8170783284277 -3272.8170783284277 -59993.708172410894
-99580.53555288407 -3023.593288652017 -3023.593288652017 -59161.349760861835
-100158.68820403545 -2877.1439227005976 -2877.1439227005976 -59225.216186246646
-98679.22818721026 -2632.88157535085 -2632.88157535085 -58400.16959763612
-101407.2588579064 -1579.2077296684351 -1579.2077296684351 -60842.4190300862
-101100.25154971729 -965.4638168637757 -965.4638168637757 -60672.89646865804
-99207.25251040222 -1431.9257902657337 -1431.9257902657337 -58974.46173746983
-98914.13946565417 -825.8022528273423 -825.8022528273423 -58809.23131008219
-64705.26791279659 12751.477543450628 12751.477543450628 -60770.74822104906
-77947.47342680248 14131.373860952532 14131.373860952532 -67095.94216733566
-65188.93585430416 11553.113729141536 11553.113729141536 -61461.58726490525
-78743.67209250272 12322.533913664884 12322.533913664884 -67564.8083239074
-79594.36348475564 10599.803635068221 10599.803635068221 -59181.56777140548
-88123.44366974002 10595.852622525006 10595.852622525006 -63069.4840346016
-81465.09387861253 9513.564053413174 9513.564053413174 -60690.690482719976
-89963.41243643143 9294.862011209607 9294.862011209607 -64612.528512799276
-87460.04512313324 7522.834671004533 7522.834671004533 -57829.23069261267
-93331.02493640275 7269.994781279958 7269.994781279958 -60654.379479073476
-89485.45695446324 6742.376964263327 6742.376964263327 -59536.94140027939
-95461.2678513846 6331.159566851753 6331.159566851753 -62400.769670074864
-92173.06148454416 4504.855475495855 4504.855475495855 -56866.65152533214
-96117.72806043444 4089.1322840239327 4089.1322840239327 -58688.665375891425
-94219.98298888472 3853.3018238512495 3853.3018238512495 -58551.564504545786
-98258.9250478223 3293.7177635493654 3293.7177635493654 -60561.78873911064
-94836.43695752247 1711.150950933869 1711.150950933869 -56329.89551127299
-97446.45052298049 1173.1336546360956 1173.1336546360956 -57627.579886694504
-96951.06747179752 1131.4861140750181 1131.4861140750181 -57979.02726048431
-99535.82158670103 542.8614849026553 542.8614849026553 -59381.76496549373
-96598.2546253374 -568.3540285287787 -568.3540285287787 -56518.24403043842
-97931.96416829657 -1087.5204650817032 -1087.5204650817032 -57283.46285410338
-98400.6466344498 -983.5874005284652 -983.5874005284652 -57992.348471381665
-99753.37382324079 -1526.3382397496457 -1526.3382397496457 -58776.04948069436
-98172.29805707741 -2133.447733339775 -2133.447733339775 -57356.648258571564
-98609.62384786794 -2433.774716907732 -2433.774716907732 -57588.36468899801
-99380.32258274608 -2282.2000948008526 -2282.2000948008526 -58311.96709909955
-99799.3904264158 -2565.1799908399566 -2565.1799908399566 -58530.8691656915
-99763.15455483388 -2657.2159148258334 -2657.2159148258334 -58455.880054033274
-99779.79175565539 -2714.0082234754727 -2714.0082234754727 -58488.51882809818
-100026.85511685135 -2671.491797814135 -2671.491797814135 -58662.08025182961
-100043.23632391183 -2737.3187146155888 -2737.3187146155888 -58690.294063566784
-101263.83765564935 -2218.9964853567067 -2218.9964853567067 -59579.27092497086
-101705.48108288147 -1978.474273253918 -1978.474273253918 -59788.87825388675
-100398.92960935296 -2273.7975942724497 -2273.7975942724497 -58893.69196717071
-100831.27119569207 -2050.8616244898917 -2050.8616244898917 -59094.769750647305
-102617.48839102658 -920.7643992189238 -920.7643992189238 -60395.90062705344
-103892.97938594554 -370.8880607962933 -370.8880607962933 -61062.59284156008
-100719.99546375012 -1177.7021728487698 -1177.7021728487698 -58836.92022332674
-101982.61322531464 -637.5883850182277 -637.5883850182277 -59485.40882730727
-64389.818090811554 10343.257278466683 10343.257278466683 -61593.401735028034
-74975.33148352793 10800.31332555567 10800.31332555567 -66044.2217292401
-64846.46894720881 8650.87013293926 8650.87013293926 -62782.26506133825
-76087.51149881973 8879.252503945434 8879.252503945434 -66910.63216301949
-76906.44024914497 8601.45401381751 8601.45401381751 -58988.61149871171
-84957.48176051605 8319.823055986206 8319.823055986206 -62707.25541653931
-78478.07190579217 7092.393219839715 7092.393219839715 -60619.244825057656
-86645.75715608186 6697.306730739376 6697.306730739376 -64379.48375110086
-84588.63669539575 6040.759046218585 6040.759046218585 -57442.0105106408
-90353.54232938074 5663.244725286171 5663.244725286171 -60335.87803967707
-86411.53387501405 4750.083432920079 4750.083432920079 -59004.16241496172
-92192.80550743689 4257.724604921791 4257.724604921791 -62011.342760966756
-89287.56875024704 3461.708551517434 3461.708551517434 -56500.882024269464
-93565.55192459906 3075.420376520795 3075.420376520795 -58723.534030257375
-90850.97314894413 2424.159292125157 2424.159292125157 -57956.28334792251
-95254.77336631839 1974.7956699807696 1974.7956699807696 -60187.83649503417
-92454.97785026376 1234.5075538225515 1234.5075538225515 -56145.367810650365
-95550.25503896948 869.0109891650771 869.0109891650771 -57738.88997702209
-93861.24145921308 434.43053775536134 434.43053775536134 -57506.37255036387
-96949.06687376632 24.530736760913356 24.530736760913356 -59108.90572405036
-94864.86812059503 -372.7943282337118 -372.7943282337118 -56333.00138998531
-97051.63691032778 -752.1113724782266 -752.1113724782266 -57546.32069776518
-96208.4206668722 -1003.3423946533367 -1003.3423946533367 -57547.91020801101
-98471.86563257064 -1376.7775298679567 -1376.7775298679567 -58757.018379010595
-96954.27557635811 -1332.6548531197418 -1332.6548531197418 -57168.63519591415
-98629.57131845504 -1619.5160433411895 -1619.5160433411895 -58109.71715684611
-97939.94620722739 -1797.888477801146 -1797.888477801146 -57983.047707465594
-99632.0656028042 -2086.234636896118 -2086.234636896118 -58932.36352229837
-99218.67711126225 -1663.3141502322135 -1663.3141502322135 -58289.967807567074
-100721.00322767318 -1718.6235243575143 -1718.6235243575143 -59036.838047150086
-99464.53327587935 -2036.6668839553506 -2036.6668839553506 -58508.07043853062
-100970.55742880746 -2093.3155917323124 -2093.3155917323124 -59251.61119931549
-101403.68742140457 -1242.8111557380128 -1242.8111557380128 -59243.77156000178
-103239.03251450189 -1051.7339121226883 -1051.7339121226883 -60220.18019747436
-100800.09324389775 -1697.391672514902 -1697.391672514902 -58763.33916353125
-102640.36380997235 -1512.9479970240645 -1512.9479970240645 -59759.80087011561
-103305.72914187651 -378.16419251266575 -378.16419251266575 -59889.08294399061
-105638.0229332181 51.30339548821584 51.30339548821584 -61193.864836755034
-101850.20830732163 -977.1036972706506 -977.1036972706506 -58756.03400347884
-104156.26306539898 -534.1098307556063 -534.1098307556063 -60048.21302632525
-64282.20762853301 7167.604751087407 7167.604751087407 -63219.28044096966
-73357.71467119074 7277.86873705877 7277.86873705877 -66497.24212255781
-64562.345728757005 5044.070938643448 5044.070938643448 -63993.7141874516
-73971.57371921389 4948.838994305974 4948.838994305974 -67330.75210528435
-75210.82512722553 6014.079540090221 6014.079540090221 -59799.65420451074
-82820.91979403184 5761.828617443727 5761.828617443727 -63191.77532702846
-76209.16996555818 4006.8889335078356 4006.8889335078356 -60828.51521543555
-83886.63018296451 3623.729488634036 3623.729488634036 -64295.747944986884
-82536.87950920053 4192.5459938457325 4192.5459938457325 -57664.72630516576
-88511.29505182925 3914.4417626855306 3914.4417626855306 -60615.25844488145
-83667.01782213042 2491.957194980002 2491.957194980002 -58746.19131792454
-89707.97602176749 2149.9387064876196 2149.9387064876196 -61798.927894714405
-87156.5761099436 2421.3858920286666 2421.3858920286666 -56575.92020916534
-91930.283628193 2172.6830533018974 2172.6830533018974 -58972.21789605836
-88167.14427298229 1079.4741018725676 1079.4741018725676 -57593.49508868346
-92946.33681193339 805.0651310427338 805.0651310427338 -60032.948250498695
-90800.86606219716 913.2507313479473 913.2507313479473 -56320.41115780512
-94350.20244152527 673.083849230406 673.083849230406 -58213.98126498551
-91740.71499847145 -41.54977096582931 -41.54977096582931 -57201.40066031638
-95306.24987254353 -294.68693036624495 -294.68693036624495 -59123.637312011306
-93851.95534500359 -96.44290262677458 -96.44290262677458 -56678.12969698896
-96587.57651994994 -330.90166576393176 -330.90166576393176 -58078.210895147444
-94624.6381383401 -856.8074385907396 -856.8074385907396 -57424.09671961107
-97389.03008895631 -1076.8648722275539 -1076.8648722275539 -58862.90932027732
-96437.10537177006 -583.4237835475808 -583.4237835475808 -57254.534784568576
-98865.86133248263 -777.2595014428164 -777.2595014428164 -58615.47389971069
-97141.48224812672 -1255.035196964784 -1255.035196964784 -57843.77010644701
-99558.72610781486 -1450.591667102987 -1450.591667102987 -59245.51829797453
-98865.27127789879 -676.5357135320526 -676.5357135320526 -58181.89258751738
-101390.11198912679 -744.9189027294054 -744.9189027294054 -59550.54970859106
-99129.34351593192 -1350.5649800276628 -1350.5649800276628 -58411.085966944236
-101673.4073908147 -1417.8451207392563 -1417.8451207392563 -59779.0993795218
-101434.05258926134 -444.97034385478935 -444.97034385478935 -59022.40821695044
-104221.29615875521 -333.36764115401536 -333.36764115401536 -60544.19395998197
-101113.68849175159 -1170.5027500921701 -1170.5027500921701 -58758.94739469095
-103880.77675790804 -1057.740290123484 -1057.740290123484 -60271.81747218404
-103516.05946338602 6.662029208719618 6.662029208719618 -59560.49613100645
-106575.54305289907 287.1764832710134 287.1764832710134 -61244.10414714475
-102568.73768946185 -755.3939630735642 -755.3939630735642 -58858.17530611648
-105644.99378849402 -482.7343603553366 -482.7343603553366 -60540.49202067489
-64260.43632241571 3288.5914947728807 3288.5914947728807 -64151.58314810911
-72629.97941625495 3347.5399919336132 3347.5399919336132 -67088.44314857406
-64215.58895360011 596.0425144547132 596.0425144547132 -64130.297727831974
-72672.73328716 628.4222764791834 628.4222764791834 -67021.3699928438
-74641.78662885523 2892.650013423834 2892.650013423834 -60532.07011523164
-81857.29938749222 2726.074313539319 2726.074313539319 -63700.14845869338
-74902.23001498068 518.2482244534983 518.2482244534983 -60820.95578199779
-82274.6641402555 377.55854419422997 377.55854419422997 -63966.35536861506
-81536.75818807856 2060.1388234982733 2060.1388234982733 -58108.6418636219
-87678.05403953872 1964.3504631250257 1964.3504631250257 -61125.56983105298
-81995.38681059371 169.4170664700216 169.4170664700216 -58513.98178938513
-88071.7508403372 63.97150609322793 63.97150609322793 -61545.24766284983
-86283.23634138187 1285.3638364620888 1285.3638364620888 -56889.7535557687
-91167.3123325403 1204.0953745625677 1204.0953745625677 -59461.112391614224
-86785.21077976232 -152.44786087181836 -152.44786087181836 -57324.47031457866
-91581.82620968876 -247.7375805534017 -247.7375805534017 -59910.68477618609
-90195.7496499439 669.3330440595212 669.3330440595212 -56634.140767533485
-93908.68981256684 574.102693233681 574.102693233681 -58612.89703359094
-90562.83939307167 -393.81428830586793 -393.81428830586793 -57085.55713356758
-94311.53364261394 -485.41249647226266 -485.41249647226266 -59069.373420734264
-93423.49673984929 264.4832005485365 264.4832005485365 -56983.886007503206
-96400.02447311 180.1910624999743 180.1910624999743 -58601.274444985065
-93785.21410282262 -576.3908802350434 -576.3908802350434 -57336.738617946794
-96785.45907012078 -650.8665937253782 -650.8665937253782 -58979.94397613944
-96359.93055540035 69.59437709530239 69.59437709530239 -57600.23286443556
-99104.66755473733 -0.5489176025183178 -0.5489176025183178 -59114.095773905596
-96686.6502371682 -683.6022580894379 -683.6022580894379 -57867.767132811074
-99453.18451287327 -753.5566725783353 -753.5566725783353 -59395.15445646763
-98797.32174412123 105.2194362274897 105.2194362274897 -58207.28801697202
-101856.76739525571 67.19041995559158 67.19041995559158 -59871.99391005301
-98976.63499006041 -710.3385791249974 -710.3385791249974 -58378.347469699394
-102061.07331277493 -757.5123300591545 -757.5123300591545 -60065.18573402768
-101343.90547610326 195.31715706517372 195.31715706517372 -58851.432936708145
-104581.27343823462 236.65527644915846 236.65527644915846 -60647.72640962499
-101300.48559254278 -655.2965587737831 -655.2965587737831 -58775.525766995896
-104548.39533564493 -620.7920945205094 -620.7920945205094 -60584.332053864106
-103366.08139389541 269.26648665741493 269.26648665741493 -59238.55182017282
-106911.98228776162 402.1814062756947 402.1814062756947 -61142.50090195336
-103099.52040974166 -536.7078097956553 -536.7078097956553 -58979.27965151421
-106566.22070798748 -457.69914264729846 -457.69914264729846 -60901.02556211462
