sig 640
-106608.53307369094 3113.320890914331 3113.320890914331 -172158.84920963837
-87833.10672280482 3183.1789269596484 3183.1789269596484 -152019.38621320686
-104693.31844503726 10194.743430203278 10194.743430203278 -165330.40153405417
-86193.19613037947 9061.912359481066 9061.912359481066 -145573.2671094576
-96529.06001044164 3200.525709052169 3200.525709052169 -180134.12061392525
-84209.70559880057 3891.336411170152 3891.336411170152 -165091.59305769872
-93335.54169071664 7573.458619561356 7573.458619561356 -171599.11447064916
-81149.68849033918 7287.496363365538 7287.496363365538 -156278.61013909054
-91881.61820039302 3643.9131247443383 3643.9131247443383 -187491.7319826934
-84056.09151704657 3924.408411147481 3924.408411147481 -176160.9202938097
-88369.88340487139 6119.673189204236 6119.673189204236 -177802.1489328043
-80722.41021623083 5972.7929238014085 5972.7929238014085 -166538.34515161545
-91800.98789983414 4104.6525588956065 4104.6525588956065 -194172.84315156203
-87547.58314053433 4511.44446052945 4511.44446052945 -185971.7728264727
-87878.99183855331 5382.327200192858 5382.327200192858 -185007.13936302098
-83635.04269306397 5530.8256952819065 5530.8256952819065 -176847.67327272095
-93538.72237759583 4559.4282848067305 4559.4282848067305 -200234.12367158462
-91782.0790251749 4954.2387002364385 4954.2387002364385 -196681.18975818154
-90129.00336431367 4976.128147197435 4976.128147197435 -192259.5143253553
-88257.66307373552 5390.764827312838 5390.764827312838 -188777.89391109036
-96163.80465694249 5093.858958448276 5093.858958448276 -205712.21510008312
-97335.47187581289 5556.838948143542 5556.838948143542 -207490.49784083883
-93915.45822396397 4732.225977597823 4732.225977597823 -201205.69540996867
-95083.18479232906 5172.748932576921 5172.748932576921 -203127.58098327238
-98981.70345664013 5503.817199000954 5503.817199000954 -210835.96825228666
-103261.64190409421 5686.931119230858 5686.931119230858 -217947.82568387652
-99694.7471948501 4375.720830059661 4375.720830059661 -213053.29802609942
-103928.45468297781 4442.695243425765 4442.695243425765 -220429.6440145277
-101206.10783921162 5236.852452670002 5236.852452670002 -211817.83555603915
-111400.88864221112 4475.973167175069 4475.973167175069 -227790.78934735522
-106705.4120955088 1922.3985864505025 1922.3985864505025 -224729.6857360433
-116774.22416499 675.332645161031 675.332645161031 -240838.09186267984
-104850.33327277409 2909.187405544857 2909.187405544857 -207018.47185440568
-124284.5032197108 -426.20339571793784 -426.20339571793784 -230048.6482831187
-116741.65975721137 -3772.991837762013 -3772.991837762013 -234494.0834393262
-136941.84399849645 -8156.810062556531 -8156.810062556531 -257380.55232080256
-122746.31515215574 -308.5558987244524 -308.5558987244524 -213112.3232387714
-134888.0156944386 -1107.5031419206666 -1107.5031419206666 -223531.14301926433
-124601.49728001002 -4399.9250354278465 -4399.9250354278465 -217334.17048482105
-136732.7368473915 -5452.214590840023 -5452.214590840023 -227538.37751125876
-103835.85403018752 15422.613407825842 15422.613407825842 -158100.4859511
-89152.41613004793 14919.312119486822 14919.312119486822 -142480.92656193415
-98507.5518121893 19472.999286622264 19472.999286622264 -143171.65702891134
-83905.44315945219 17826.636115077927 17826.636115077927 -128508.73969651751
-96816.54573505356 13928.082903540546 13928.082903540546 -166682.89399574004
-87487.29314512324 14305.660928711979 14305.660928711979 -154167.60655398245
-87381.51963428 16183.464659094789 16183.464659094789 -143600.9070628107
-78333.40248131471 15506.973584288555 15506.973584288555 -131255.24133276782
-94728.95977861849 13923.39644491826 13923.39644491826 -174448.50958697058
-88937.15819858841 14599.002314423651 14599.002314423651 -164186.04294769786
-82807.48496684416 14700.057359514212 14700.057359514212 -146256.44624376114
-77208.8833854761 14478.20361288579 14478.20361288579 -136327.00467292216
-96265.85603634728 14997.113581416099 14997.113581416099 -182293.33685878673
-92448.44893621728 15539.324695164629 15539.324695164629 -173478.3729308167
-83411.04802686594 14766.579010356494 14766.579010356494 -152231.91375221632
-79662.17306336465 14631.567908102497 14631.567908102497 -144564.92206428116
-98380.01444064101 15995.56464677944 15995.56464677944 -189302.05777874493
-96031.89247819496 17040.762343781884 17040.762343781884 -183371.13036705117
-86193.85195525481 15262.252289688458 15262.252289688458 -161510.41032557253
-83814.75228469884 16137.951633904102 16137.951633904102 -156377.8181859809
-101097.95233025392 16998.50198689121 16998.50198689121 -196211.36492159156
-99499.24360362953 17739.68583419777 17739.68583419777 -192166.1845100069
-91662.91366785574 16551.375796215303 16551.375796215303 -175082.192483124
-90045.838975308 17221.71493544314 17221.71493544314 -170832.53922432574
-103022.27277452267 17371.101147755813 17371.101147755813 -202220.60969176347
-100828.09108561485 17260.966731716224 17260.966731716224 -198182.70411506965
-98912.4521862041 17481.739284069263 17481.739284069263 -192218.1647743272
-96691.14424528988 17443.281899446916 17443.281899446916 -188256.52187772823
-100904.95823254941 15170.591406020423 15170.591406020423 -203609.48129819022
-100398.25971072927 14403.781897480616 14403.781897480616 -203747.341510428
-106382.4907143254 15714.069097289503 15714.069097289503 -215083.8221036603
-105976.53870011517 15042.656453265134 15042.656453265134 -215223.90701763806
-98404.22012575768 10552.051022433752 10552.051022433752 -202886.71349403288
-100733.00400244084 7792.338200999376 7792.338200999376 -211166.74047361876
-120879.99179430815 10236.017122941186 10236.017122941186 -250519.5056860795
-122584.20433984787 6709.776628892655 6709.776628892655 -257850.22840859107
-95020.15227629163 5683.850596741851 5683.850596741851 -196402.58031510806
-137568.42124916235 -7175.895692363997 -7175.895692363997 -251742.96912974917
-143197.04168045984 -6057.408138142455 -6057.408138142455 -295982.61531576666
-190620.5931170239 -23773.168456522755 -23773.168456522755 -352068.72160173085
-97524.11965629672 21493.284310448413 21493.284310448413 -135382.9296178149
-90025.64996639665 21174.72325701226 21174.72325701226 -127977.2154079202
-91593.02370574152 22038.656670989658 22038.656670989658 -121561.65286503467
-84217.28844346578 21279.65727009037 21279.65727009037 -114855.6231313285
-93723.2388828919 20197.79415642894 20197.79415642894 -140926.5972587711
-90909.68182382124 21404.688639408065 21404.688639408065 -136089.90858809548
-81811.9046181864 19654.845487954397 19654.845487954397 -117735.37791671591
-79262.2633546338 20196.107372726085 20196.107372726085 -113657.78466692062
-96421.9985568497 21805.965696489642 21805.965696489642 -148676.18813132876
-95831.76006246769 23391.8827354916 23391.8827354916 -144209.19574064616
-78296.52263705127 19687.95406865231 19687.95406865231 -114168.16544085831
-77595.54582502309 20636.156680279513 20636.156680279513 -110465.27013911409
-102474.18842115726 24801.23126279682 24801.23126279682 -156628.23905822655
-103005.90831070721 27571.295226616166 27571.295226616166 -153362.58844415008
-77279.72812002944 20842.48100331358 20842.48100331358 -109300.43445214107
-77384.69986172054 21338.260835602792 21338.260835602792 -107608.08049875642
-109948.60997441548 29572.21549285408 29572.21549285408 -165603.27092319902
-110868.26691949669 30679.701103780488 30679.701103780488 -163120.6183305635
-76351.05697926809 21617.114199475298 21617.114199475298 -104648.74886795915
-77032.98205104988 22695.874672832153 22695.874672832153 -102122.36441710785
-119173.46402325157 34017.07231897234 34017.07231897234 -176259.90921649468
-119229.66154256096 33306.79287536662 33306.79287536662 -170615.8897794895
-75887.8457395216 22452.318528109186 22452.318528109186 -98879.3067285029
-75991.47574510283 21314.28610262552 21314.28610262552 -92970.0904991354
-127269.06831993461 34429.78829002697 34429.78829002697 -183171.99218949006
-127627.74259795851 37708.33145130574 37708.33145130574 -175740.8263163532
-73713.86276412944 21006.181538073433 21006.181538073433 -90240.54374974247
-74510.20513143882 22814.201486164333 22814.201486164333 -89862.7394451929
-138270.60672969156 41295.63435496295 41295.63435496295 -191147.7227956535
-136954.6310704311 40376.45863016789 40376.45863016789 -184337.36390302822
-70971.89130404245 22134.06989735315 22134.06989735315 -83778.04181416385
-70517.72063808021 22104.663641806175 22104.663641806175 -81756.57556305753
-149805.09051109452 44879.9413396187 44879.9413396187 -201473.70545908765
-159113.77744495572 47809.71773452332 47809.71773452332 -191375.75394846054
-65773.23145091324 20859.900323709062 20859.900323709062 -73654.68885581446
-63025.6267508217 19169.651332301597 19169.651332301597 -67136.68764361486
-160566.30522816966 48971.67627061659 48971.67627061659 -195218.28926273377
-167269.76558744465 45102.724920717905 45102.724920717905 -201470.5584267053
-53180.927880652154 16325.795914714583 16325.795914714583 -53212.74968047176
-72304.48011234892 22421.81996288831 22421.81996288831 -74276.72238379986
-90370.25177573223 22227.00703284987 22227.00703284987 -115217.58347637177
-88905.69930625512 22515.548276001282 22515.548276001282 -113674.17270520526
-86552.28312059167 21776.819849746353 21776.819849746353 -106794.03562575098
-85026.08639119215 22007.48027436804 22007.48027436804 -105350.8719922714
-87760.42803288708 20623.836055518674 20623.836055518674 -115756.08352452211
-90156.5671769622 21901.714777215904 21901.714777215904 -116826.22304551632
-81785.48490344771 19560.825205830413 19560.825205830413 -103959.42371086423
-84212.14492064931 20727.60036726742 20727.60036726742 -105130.13523050644
-89880.20693168366 21018.096240641476 21018.096240641476 -116539.70071647738
-93299.74419834805 22599.121049062633 22599.121049062633 -118106.56470418877
-82870.02194199573 19691.096135332344 19691.096135332344 -102496.54160767233
-86348.20375688202 21173.33384185229 21173.33384185229 -104141.40546994611
-93133.120403376 22301.28572814365 22301.28572814365 -115949.74859562401
-97305.19874118909 24094.161096139254 24094.161096139254 -117778.44990579927
-85630.0246810285 20633.37268532846 20633.37268532846 -100732.89996212604
-89770.4367866955 22300.250486340992 22300.250486340992 -102777.0813519938
-96459.6513184196 23573.016048072823 23573.016048072823 -113314.67330298993
-100814.82231973292 25296.542451250345 25296.542451250345 -115457.66901838177
-88720.40835177909 21596.912071195584 21596.912071195584 -98072.07507249179
-92975.89257697298 23158.634721330433 23158.634721330433 -100385.30611518332
-99579.49973857703 24580.469772166354 24580.469772166354 -110149.30287599661
-103916.84940501157 26136.87820810671 26136.87820810671 -112574.78279536538
-91344.59694772157 22180.646397762583 22180.646397762583 -94311.5796673851
-95679.18137767003 23791.04353063669 23791.04353063669 -96871.45585285468
-102671.30872295515 25240.439927944455 25240.439927944455 -106307.04848419061
-108563.2457102612 27031.821067352535 27031.821067352535 -109536.55637173534
-93677.66048450857 22308.978242840527 22308.978242840527 -88823.38093694171
-99349.79599875375 24072.443010653966 24072.443010653966 -92411.52244259705
-104396.71182870532 24339.21352899863 24339.21352899863 -96743.57931284001
-109491.00826655117 25864.17157549341 25864.17157549341 -99970.1076770068
-96044.08603419796 21421.217829008587 21421.217829008587 -82253.75548138932
-101107.02957336933 22876.89299672386 22876.89299672386 -85672.11801674403
-103077.64686916274 21049.215504049884 21049.215504049884 -83077.8984337253
-112033.4476871258 22653.67865921835 22653.67865921835 -88436.69421087856
-96829.4385194099 18517.38793132151 18517.38793132151 -73717.66879835389
-105688.08391119688 20149.710408540817 20149.710408540817 -79432.06861650739
-88294.05693842818 1676.651139410543 1676.651139410543 -55930.13655210917
-55486.64208398682 -2410.950087391354 -2410.950087391354 -39238.525260406976
-100643.53183719063 11164.743519869025 11164.743519869025 -73002.17775949536
-66242.88171681948 7259.895143424821 7259.895143424821 -56496.06432924508
-85188.24050207331 21473.523959302045 21473.523959302045 -102018.70535334443
-87392.9095418625 22360.535397116008 22360.535397116008 -103221.15148083499
-81490.0851836919 20549.09946193386 20549.09946193386 -94863.1127311491
-83679.88941502158 21332.140906940855 21332.140906940855 -96055.55314209299
-85252.22948100463 19919.480933326362 19919.480933326362 -101336.69169548016
-89434.23830892656 21225.377076463606 21225.377076463606 -103558.74949798276
-80801.70348796695 18736.462697001443 18736.462697001443 -92653.07234205531
-84993.15565743227 19991.34081571033 19991.34081571033 -94786.6469843896
-88868.10706334027 19755.9660666435 19755.9660666435 -100412.39860010997
-92628.74423251359 21108.4577655927 21108.4577655927 -102237.1632186399
-84461.93585907356 18430.257626080667 18430.257626080667 -90996.94256799662
-88223.42180032101 19728.440166640336 19728.440166640336 -92803.55040386775
-92397.67120684077 19829.56103625901 19829.56103625901 -98175.25410709018
-96170.04467401424 21207.159202687337 21207.159202687337 -99965.81417338879
-87896.51049082173 18354.860285984745 18354.860285984745 -88488.55818675597
-91587.26892339511 19660.9784292781 19660.9784292781 -90351.53892357554
-95649.08661933566 19783.939895461426 19783.939895461426 -94732.37574423943
-99230.7234853557 21091.535678672044 21091.535678672044 -96616.87125215594
-91034.56353172663 18259.63621057338 18259.63621057338 -85330.2058094188
-94613.16679815888 19524.155518246964 19524.155518246964 -87273.47774984613
-98020.8394544302 19376.597992296032 19376.597992296032 -89943.71101408491
-101787.63243078809 20597.266338183465 20597.266338183465 -92011.42920924004
-93464.43922024546 17687.337670028515 17687.337670028515 -81335.9967090227
-97184.07168174008 18897.083175709726 18897.083175709726 -83504.64054067209
-99316.20743682137 17820.64714412938 17820.64714412938 -83252.87826078502
-102663.73994218792 18839.47271099301 18839.47271099301 -85276.68402094749
-95489.26652343707 16275.204093811491 16275.204093811491 -76532.33172358849
-98816.98433672631 17257.00944107677 17257.00944107677 -78566.22008229536
-99654.70656064962 14424.667784520909 14424.667784520909 -75250.38772240664
-101925.9313243222 15103.257962684449 15103.257962684449 -76696.14055950611
-96972.25970405592 13416.128872098601 13416.128872098601 -71024.80961611947
-99215.1689578545 14113.440919019662 14113.440919019662 -72513.80360677428
-94844.77487820623 6721.3868509175745 6721.3868509175745 -65092.24581642928
-87683.62175455176 6209.863761485465 6209.863761485465 -61305.91986248337
-96238.76931949554 8557.473116830308 8557.473116830308 -67434.52570158473
-89032.9258199377 8049.6571327847305 8049.6571327847305 -63662.0003668906
-83950.00111812112 -5847.541174557182 -5847.541174557182 -68548.41695428698
-56262.87182591072 -4926.704637829352 -4926.704637829352 -58035.52483148768
-83234.55904912982 2833.404952500918 2833.404952500918 -65999.39163692325
-55388.24822453362 3163.3550397902895 3163.3550397902895 -55440.544271788596
-80007.5006959693 19941.206177310392 19941.206177310392 -90820.32081323327
-84930.94624364031 21164.08529788858 21164.08529788858 -93798.95648595643
-76783.7593705406 18859.254658713333 18859.254658713333 -85134.25920095699
-81706.87526793257 20023.840437144754 20023.840437144754 -88043.19239605822
-83425.67276686108 18307.176959235025 18307.176959235025 -90025.06054650618
-87784.53462841609 19425.92516243189 19425.92516243189 -92131.38006889362
-80304.1291024577 17078.540118632747 17078.540118632747 -83656.66720141574
-84663.17528018367 18173.80577100378 18173.80577100378 -85741.50512073352
-87707.02322800117 17382.313476282787 17382.313476282787 -88094.07174091549
-91457.81627587526 18332.04778021978 18332.04778021978 -89829.58413248906
-84708.14754365981 16298.270953895975 16298.270953895975 -81787.24933474633
-88355.51377208173 17179.774556506658 17179.774556506658 -83578.3009168449
-91328.5837400925 16726.911666323722 16726.911666323722 -85411.870709281
-94671.34939572848 17560.491566399985 17560.491566399985 -87053.04872189427
-88387.4867203304 15587.146348487331 15587.146348487331 -79414.1117817981
-91720.89044415648 16463.63253021483 16463.63253021483 -81137.48661961018
-94170.58618679713 15697.785810012669 15697.785810012669 -81911.59617303524
-96991.46145594759 16489.511898831643 16489.511898831643 -83422.25136452419
-91388.86397292814 14583.1168423503 14583.1168423503 -76510.54376954625
-94190.31894823266 15328.520886094637 15328.520886094637 -78090.18154795782
-95812.31504492466 13937.605172648686 13937.605172648686 -77289.06521000518
-98037.87235044822 14630.216099267356 14630.216099267356 -78541.25067386252
-93521.73024011392 12960.11971903186 12960.11971903186 -72916.00591574208
-95706.99767420907 13648.590391429449 13648.590391429449 -74251.40991299498
-96101.18230208245 11177.238228614635 11177.238228614635 -71775.96271765472
-97613.56777694265 11669.479933748937 11669.479933748937 -72641.71330474109
-94366.2513738084 10516.8473537651 10516.8473537651 -69083.56880965503
-95872.32559305018 11016.890726160982 11016.890726160982 -69976.20788169357
-94284.91477976671 6684.511667087054 6684.511667087054 -66258.51051133372
-92310.2921886401 6746.938167532087 6746.938167532087 -65288.801157972506
-93942.84993145085 7146.476478249012 7146.476478249012 -65980.77844722375
-91963.53588219258 7207.646425133642 7207.646425133642 -65021.074759171555
-89339.97738885932 177.05403260523047 177.05403260523047 -63405.90343129225
-80714.77401055215 -45.17803243385216 -45.17803243385216 -59068.268428842115
-89801.85571724802 2928.432549625937 2928.432549625937 -64200.68962169598
-81036.15288976075 2761.1915073524224 2761.1915073524224 -59898.438051810124
-75781.6542342689 -4448.38319273704 -4448.38319273704 -62606.41455061706
-59285.978868645725 -4426.853801269119 -4426.853801269119 -56502.09767229362
-76331.267346327 744.4561453841808 744.4561453841808 -62841.801541462264
-59425.644062464045 506.17807938466706 506.17807938466706 -56711.779768371984
-75211.44660247673 18153.832324895022 18153.832324895022 -81858.64138722277
-81726.7777913517 19469.291462561006 19469.291462561006 -85659.55289914635
-72743.77630072516 17113.158077711887 17113.158077711887 -77818.92774359616
-79296.00067781375 18388.866214182362 18388.866214182362 -81551.42663747858
-81412.29980347387 16283.53034425927 16283.53034425927 -81172.87526986859
-85788.43438738209 17123.863619666663 17123.863619666663 -83239.70030699307
-79262.64981213247 15244.804424235035 15244.804424235035 -76754.70403922934
-83627.19671974631 16134.768629867738 16134.768629867738 -78834.90789156767
-86149.98274889331 14956.890589901075 14956.890589901075 -79208.04855877643
-89633.8119673262 15740.961845947804 15740.961845947804 -80903.1055245757
-84114.02907087831 13950.328553460378 13950.328553460378 -74984.52269391016
-87562.31774458007 14749.565772039747 14749.565772039747 -76717.22224203993
-89734.48465758911 13596.257604118819 13596.257604118819 -76670.20428081683
-92401.50820349502 14256.814430024926 14256.814430024926 -78030.82423155407
-87929.86213397418 12653.41900313395 12653.41900313395 -72903.11903811013
-90534.93612147518 13305.607107237029 13305.607107237029 -74294.18796234675
-92020.51520665578 11703.031921797596 11703.031921797596 -73385.4351259916
-94088.21804735 12263.427203097324 12263.427203097324 -74486.30204240559
-90440.21822057808 10921.1562901139 10921.1562901139 -70356.89280224801
-92538.28923177077 11505.357794631213 11505.357794631213 -71458.21709265468
-93013.19737010503 9316.690927246835 9316.690927246835 -69819.48592062379
-94303.6380096824 9738.314779774606 9738.314779774606 -70542.99483105067
-91759.8708585973 8823.761740574004 8823.761740574004 -67660.42317632359
-93004.92557511316 9219.367778720472 9219.367778720472 -68399.51407884932
-92536.0289079659 6231.248144388281 6231.248144388281 -66161.10757340286
-92147.52931053724 6436.337900252662 6436.337900252662 -66039.42703315275
-91930.36762011521 6269.652929288155 6269.652929288155 -65258.00667472889
-91532.37127975986 6460.367881321948 6460.367881321948 -65132.852383124955
-89980.11944080799 2136.9033922954377 2136.9033922954377 -63164.64910163194
-86633.13738546947 2058.253567823825 2058.253567823825 -61439.38018121098
-90105.96316728616 3197.117532033766 3197.117532033766 -63428.81621517936
-86722.78151845033 3130.782360615325 3130.782360615325 -61749.427124085494
-84320.78567063609 -1952.4512225875078 -1952.4512225875078 -61658.77820584873
-77151.12139449606 -2187.6754127879285 -2187.6754127879285 -58165.421055011975
-84785.00596051189 382.6353617762964 382.6353617762964 -62405.41367412268
-77608.56312130195 179.50460116007343 179.50460116007343 -58898.41568848049
-74159.39886914496 -3444.480907711006 -3444.480907711006 -62178.69731673859
-63624.09504124517 -3361.6317659650194 -3361.6317659650194 -58340.214134389535
-74138.86432426379 -117.20077798868617 -117.20077798868617 -61588.00828239351
-63466.42584497821 -55.44840911923414 -55.44840911923414 -57698.54147747983
-71285.4690940855 16275.25714960817 16275.25714960817 -75286.54882121773
-78450.55390156749 17527.264057295673 17527.264057295673 -79219.79081707081
-69299.07437843982 15181.237403730524 15181.237403730524 -72365.39137814594
-76697.19557203415 16373.998213675208 16373.998213675208 -76189.11769086013
-78961.40317012719 14320.931218282854 14320.931218282854 -74447.78286404931
-83470.26387971836 15011.771087584892 15011.771087584892 -76502.68762516891
-77696.6872791372 13385.066156983266 13385.066156983266 -71482.80016000471
-82081.64887525413 14060.245371996905 14060.245371996905 -73584.36440698104
-84125.77485609484 12598.394246139836 12598.394246139836 -72703.98343289485
-87186.68088547156 13157.548347744738 13157.548347744738 -74158.82746161905
-83047.8573626331 11810.384541812738 11810.384541812738 -70084.99474020269
-86030.48186681842 12282.423557518656 12282.423557518656 -71555.4084818526
-87569.48205297034 10720.334710486797 10720.334710486797 -70411.27846146292
-89756.46673158846 11082.314278640304 11082.314278640304 -71541.78502730494
-86578.15159660285 10047.590774705759 10047.590774705759 -68333.54551958233
-88742.58212269715 10416.816868301594 10416.816868301594 -69456.73808499839
-89453.72769563232 8561.512325014975 8561.512325014975 -68009.63346371303
-90966.04178849969 8871.149513082939 8871.149513082939 -68829.11977651571
-88581.87306444618 8070.086647244869 8070.086647244869 -66410.23059084981
-90087.18856592452 8385.44234575539 8385.44234575539 -67211.3775166443
-90090.67982042825 6000.523258526458 6000.523258526458 -65533.06950380955
-90502.93689675066 6211.502205608054 6211.502205608054 -65784.49426221129
-89505.2968413461 5835.388682927362 5835.388682927362 -64623.61437439794
-89921.29586346248 6041.036658772267 6041.036658772267 -64870.77303941965
-89157.74328362482 2978.1373850650402 2978.1373850650402 -63160.687149854464
-87937.32885856894 3017.4377888067133 3017.4377888067133 -62548.00735575909
-89030.90955923343 3363.8074111504548 3363.8074111504548 -63036.59356453833
-87813.74446406889 3392.270411340698 3392.270411340698 -62422.619825056994
-86286.29035662902 -171.75691078828197 -171.75691078828197 -61499.48850529689
-82929.64492829205 -327.2805144079979 -327.2805144079979 -59828.06119681172
-86599.8823892729 898.4794170644295 898.4794170644295 -61943.82780061985
-83212.06178159914 758.8652669957339 758.8652669957339 -60281.39613745105
-81652.51697020774 -2528.833791889724 -2528.833791889724 -61128.78646018679
-76211.60514060006 -2595.2810877076963 -2595.2810877076963 -58568.23326405354
-81833.94729712389 -764.0124567602841 -764.0124567602841 -61378.33896178442
-76423.31582173212 -828.8166745696153 -828.8166745696153 -58785.687516191254
-74187.4583414542 -2662.5435366489965 -2662.5435366489965 -61456.61938227733
-67438.5123700604 -2561.343221423206 -2561.343221423206 -58848.78237274086
-74086.0045752293 -447.38074243308563 -447.38074243308563 -60916.27504003072
-67277.39153369775 -351.46240934480727 -351.46240934480727 -58304.32989484242
-68014.95700601852 14258.281947740155 14258.281947740155 -70583.1751607757
-75393.36807319112 15401.21275297565 15401.21275297565 -74194.8222043224
-66848.24396987063 13201.906231880903 13201.906231880903 -68661.85001357408
-74238.98702585774 14179.03322512518 14179.03322512518 -72207.23863289409
-76622.67471893689 12480.573295330727 12480.573295330727 -69569.18750102933
-80750.58834690011 12908.30944176064 12908.30944176064 -71519.2287162023
-76019.21170348414 11710.400708341367 11710.400708341367 -67931.60214208259
-80176.31571017402 12107.566828647148 12107.566828647148 -69829.56731826895
-81909.16899058288 10586.677927234454 10586.677927234454 -68049.84560770946
-84657.2203840615 10837.835029975895 10837.835029975895 -69324.44059715458
-81432.89207207937 9921.223013156643 9921.223013156643 -66660.56708813389
-84201.37446039567 10179.102539625825 10179.102539625825 -67952.47791223698
-85116.92654387037 8478.863664427721 8478.863664427721 -66338.97123025717
-87130.52570882217 8713.873988284824 8713.873988284824 -67333.08695583955
-84576.20363935333 7926.4863422762255 7926.4863422762255 -65214.18775022829
-86578.27724670566 8168.360136581316 8168.360136581316 -66205.69856487241
-86802.7257078089 6217.058056732989 6217.058056732989 -64570.29933255389
-87944.27238433513 6385.250017655355 6385.250017655355 -65123.754888072835
-86400.6121873418 5879.137091614448 5879.137091614448 -63819.74800677933
-87534.76585592343 6041.121970319877 6041.121970319877 -64364.664617641356
-87211.86519367617 3685.2274554933597 3685.2274554933597 -62816.49260154355
-87175.35381529323 3748.507679823333 3748.507679823333 -62806.62013344048
-87046.20634638134 3682.604498048568 3682.604498048568 -62575.55679804424
-87010.19653744921 3745.0299725704076 3745.0299725704076 -62562.51575618817
-86147.18281164089 1044.1746064731442 1044.1746064731442 -61376.25555932681
-84757.50872685981 977.7915739943362 977.7915739943362 -60701.55381270982
-86264.29779290431 1482.1599919946016 1482.1599919946016 -61564.8442187642
-84881.59769333819 1424.4152164181487 1424.4152164181487 -60886.81580123947
-83769.5321094581 -1201.6023398461982 -1201.6023398461982 -60679.599420588376
-80974.66355581401 -1331.7632235575904 -1331.7632235575904 -59301.21467146433
-84018.90575744078 -306.20584258522916 -306.20584258522916 -61032.1669065798
-81211.81083643947 -413.8373476255533 -413.8373476255533 -59662.41241661463
-80209.56611680676 -2507.186971178309 -2507.186971178309 -60690.67317251375
-76201.05775700256 -2517.8496159406022 -2517.8496159406022 -58893.82059299034
-80272.6523239286 -1228.217278030531 -1228.217278030531 -60743.14847585074
-76286.10356084131 -1248.3207660026344 -1248.3207660026344 -58909.68592076943
-75003.30055475698 -2070.720326335448 -2070.720326335448 -61081.68680640871
-70512.6190137349 -1970.3353781528695 -1970.3353781528695 -59293.53519112929
-74803.40357478146 -578.5233612885166 -578.5233612885166 -60523.107499093705
-70327.28356391929 -469.3141790053148 -469.3141790053148 -58709.52021610178
-66021.71732255521 12503.404597400846 12503.404597400846 -67396.30019871605
-72641.01532044094 13231.675433381812 13231.675433381812 -70494.97026656667
-65380.31044916229 11529.216847113137 11529.216847113137 -66286.55383048386
-72249.1753590228 12229.837357745513 12229.837357745513 -69257.05677843383
-74321.87156266195 10815.670302127031 10815.670302127031 -66337.6452462119
-78341.26251986115 11046.715200275168 11046.715200275168 -68050.97231003313
-74172.27333764103 10046.29190483952 10046.29190483952 -65466.78971786802
-78246.42934097236 10283.919056653456 10283.919056653456 -67168.47868236691
-79508.03456604482 8847.816050681282 8847.816050681282 -64985.35848289662
-82287.3848462579 8999.319019584313 8999.319019584313 -66218.30903223374
-79308.36842841348 8200.128859782886 8200.128859782886 -64246.741241945754
-82080.03825225265 8321.301820350141 8321.301820350141 -65483.63751280864
-82626.56413268794 6754.337006035409 6754.337006035409 -63587.70556397408
-84459.94627492523 6839.616820361953 6839.616820361953 -64521.197395336334
-82417.11805932637 6238.470244414891 6238.470244414891 -63084.7890308699
-84256.96542419487 6331.775903852078 6331.775903852078 -64007.187792857185
-84234.56861721427 4486.252278368856 4486.252278368856 -62296.76810073913
-85108.9430401308 4535.398850943636 4535.398850943636 -62702.86484823589
-84155.33753692383 4235.429062267845 4235.429062267845 -62089.311055590464
-85037.39663820411 4283.27517779523 4283.27517779523 -62495.3178298566
-84542.51051291123 2140.7425403909174 2140.7425403909174 -61139.624334212735
-84380.76483950937 2105.544899000425 2105.544899000425 -61069.31485365922
-84624.45880907467 2192.318869961925 2192.318869961925 -61250.32136574376
-84462.72642110297 2156.2477790599187 2156.2477790599187 -61179.053435665875
-83732.78207756171 26.185354433050307 26.185354433050307 -60397.310809749244
-82532.29439079732 -57.81396983418159 -57.81396983418159 -59796.34198572631
-83945.85511402886 412.5147213476913 412.5147213476913 -60715.546651471144
-82744.18798591719 327.3022708536196 327.3022708536196 -60108.44047900112
-82009.19099153113 -1553.8921268364634 -1553.8921268364634 -60197.84127951107
-79911.21441514094 -1648.5243552863535 -1648.5243552863535 -59153.93369668818
-82191.37035376496 -869.105187166247 -869.105187166247 -60472.94077152695
-80078.35494008 -955.784935949106 -955.784935949106 -59421.44562138243
-79491.92074690438 -2256.5048270524744 -2256.5048270524744 -60411.091253920094
-76692.5813062068 -2266.557391266631 -2266.557391266631 -59166.16200578747
-79492.90955706118 -1359.9641020753127 -1359.9641020753127 -60376.752986598476
-76708.45893641874 -1368.3983520863821 -1368.3983520863821 -59109.314717570465
-76020.52112881526 -1578.3266835592258 -1578.3266835592258 -60768.747045127144
-73167.96994777939 -1460.9270732404298 -1460.9270732404298 -59578.389434445446
-75805.62650795211 -629.8566769329176 -629.8566769329176 -60245.47139198292
-72948.90846630426 -505.5313029788422 -505.5313029788422 -59064.82961341617
-64605.759797952924 10703.004171519093 10703.004171519093 -65485.81775947726
-70624.44887500949 11256.232616404926 11256.232616404926 -67956.4297938262
-64231.33062879826 9687.507298447475 9687.507298447475 -64864.38071359737
-70367.46039557633 10219.946856482395 10219.946856482395 -67285.37722971164
-72215.80736422067 9242.772040516204 9242.772040516204 -64164.78341061752
-76187.24636854166 9415.116522026856 9415.116522026856 -65759.56876864634
-72279.5891054247 8428.586255227709 8428.586255227709 -63825.65999356751
-76251.95909629001 8542.27100267171 8542.27100267171 -65376.33336023164
-77110.62293952121 7332.431703428143 7332.431703428143 -62921.887477200966
-79940.67347834224 7410.2803333461925 7410.2803333461925 -64127.31553712683
-77150.44770832038 6686.7899723566625 6686.7899723566625 -62667.8822303716
-79972.12415778065 6738.970119214986 6738.970119214986 -63905.54616579953
-80265.8209087285 5338.38523719752 5338.38523719752 -61786.18270285979
-81978.22988276518 5332.358222270801 5332.358222270801 -62585.1153181379
-80315.95767261827 4854.294358422128 4854.294358422128 -61701.951979790014
-82029.65429600418 4849.4275010208785 4849.4275010208785 -62519.81424385559
-81773.40043401113 3218.7579058258116 3218.7579058258116 -60795.28421795273
-82580.75911816987 3175.7463666195936 3175.7463666195936 -61165.85471052031
-81912.03056809795 2974.2065872965127 2974.2065872965127 -60927.2341202877
-82716.24774859627 2931.889862354275 2931.889862354275 -61299.161296481936
-82268.27273400477 1231.1754751616722 1231.1754751616722 -60110.11013939716
-82190.51389512123 1149.2480772382469 1149.2480772382469 -60080.0949928067
-82463.73739614578 1259.1416599115296 1259.1416599115296 -60389.05999546457
-82386.54010056675 1177.31049025243 1177.31049025243 -60359.63224227211
-81876.82541774765 -428.28810651887716 -428.28810651887716 -59808.89851054048
-81018.90028313547 -525.1485009711696 -525.1485009711696 -59400.99616431367
-82085.80419115191 -148.37220656753414 -148.37220656753414 -60123.778850657465
-81233.97027771168 -245.36154547679652 -245.36154547679652 -59718.0118263208
-80778.51019751835 -1561.6662531550114 -1561.6662531550114 -59892.70313621492
-79336.04734758624 -1613.7355117229317 -1613.7355117229317 -59181.280412916385
-80909.76779292627 -1079.97091227679 -1079.97091227679 -60106.60341628599
-79466.77838177519 -1141.0986559422436 -1141.0986559422436 -59384.698267550724
-79184.01105726586 -1903.1810882938858 -1903.1810882938858 -60206.67134023963
-77348.0703701576 -1892.4100543890545 -1892.4100543890545 -59377.460458957925
-79144.79376317588 -1308.0612138307056 -1308.0612138307056 -60127.22560211717
-77326.58826663111 -1293.5920225485006 -1293.5920225485006 -59279.29702511965
-77029.79616070027 -1174.5919621930448 -1174.5919621930448 -60526.008776499126
-75338.37419553682 -1055.6828326712969 -1055.6828326712969 -59798.59726749005
-76794.41333194118 -617.4001647205132 -617.4001647205132 -60061.240750812765
-75110.62551554636 -493.33892022178213 -493.33892022178213 -59325.49355794357
-63676.057318471765 8940.028173049846 8940.028173049846 -64369.79078483599
-68873.55679343417 9297.015567590668 9297.015567590668 -66341.30226664539
-63478.809305862094 7865.509495093564 7865.509495093564 -64034.783600341565
-68778.08324098706 8175.8647032513745 8175.8647032513745 -66029.41705821085
-70456.43010811864 7668.473741492876 7668.473741492876 -62894.94751996455
-74242.60293002434 7714.083791071049 7714.083791071049 -64368.16943226029
-70493.68051107647 6744.199717636526 6744.199717636526 -62797.212811757556
-74352.78211992011 6842.634061768624 6842.634061768624 -64254.41873935591
-75056.3188477764 5986.782687731714 5986.782687731714 -61647.04283597557
-77767.81639488194 5981.755644601089 5981.755644601089 -62782.777603779505
-75226.87213838653 5279.870927575475 5279.870927575475 -61674.486307159204
-77963.69793531716 5242.152125469278 5242.152125469278 -62825.389014091044
-78057.87620293973 4113.393776881994 4113.393776881994 -60653.91750775174
-79755.66009041978 4078.5038699862116 4078.5038699862116 -61397.456570961825
-78244.39508928308 3624.805870269879 3624.805870269879 -60822.019815836626
-79947.88063839676 3575.1887571516972 3575.1887571516972 -61578.05939010719
-79700.77028478235 2322.8320047733037 2322.8320047733037 -59907.710839691994
-80570.21291838442 2234.582737394518 2234.582737394518 -60293.35926843948
-79928.88842519878 2060.2842468200624 2060.2842468200624 -60197.053435268965
-80798.49487526364 1971.0635119158178 1971.0635119158178 -60585.12481066929
-80433.72977478821 714.9080057767719 714.9080057767719 -59517.20584492289
-80565.08134683949 614.6286387116556 614.6286387116556 -59581.51381384807
-80658.26517637451 680.8710827858135 680.8710827858135 -59852.9060333871
-80792.09438297807 579.0426131715415 579.0426131715415 -59916.38721556856
-80418.68671629622 -563.0106209522671 -563.0106209522671 -59480.09104214508
-79960.93758617099 -647.0128439104533 -647.0128439104533 -59227.76810506006
-80621.25048218564 -403.81498175245093 -403.81498175245093 -59779.05368655481
-80160.67636157059 -488.0758463114511 -488.0758463114511 -59525.029934774335
-79932.65669650528 -1344.9611307118598 -1344.9611307118598 -59708.771432724585
-79061.92499794708 -1385.65359998327 -1385.65359998327 -59263.84245771657
-80026.5052432822 -1053.7990990141989 -1053.7990990141989 -59855.811563512296
-79150.46754466058 -1094.7830606827474 -1094.7830606827474 -59411.35154573679
-79092.15353308152 -1504.9436910493355 -1504.9436910493355 -60048.23372953113
-78011.76434431887 -1489.6283302478728 -1489.6283302478728 -59573.67060253142
-79036.33869805528 -1150.1929168560046 -1150.1929168560046 -59954.74228043726
-77963.26903619597 -1133.7426071519021 -1133.7426071519021 -59474.02103213513
-77959.19198608548 -852.2255558561492 -852.2255558561492 -60363.294335319326
-77070.31797903714 -749.8854486052458 -749.8854486052458 -59976.212292025375
-77744.07453687984 -556.6348199600292 -556.6348199600292 -59976.32458877614
-76859.43541930098 -454.96891338827027 -454.96891338827027 -59591.9871352829
-63083.79274725704 7026.151863226594 7026.151863226594 -63755.67169363918
-67608.14044412147 7221.821620042445 7221.821620042445 -65415.79270069183
-62992.75231604455 5967.713833916348 5967.713833916348 -63564.40913510614
-67602.22433128918 6166.553009837593 6166.553009837593 -65225.197299778454
-69015.80502451755 6045.724023586875 6045.724023586875 -62166.027412495656
-72555.832137268 6069.445566315118 6069.445566315118 -63503.99879091147
-69045.64648776547 5108.310305120429 5108.310305120429 -62207.12874148993
-72685.2588403513 5161.8804552266465 5161.8804552266465 -63528.28026113985
-73360.41042465121 4635.587179402163 4635.587179402163 -60884.47538879082
-75944.56045053029 4575.064071976309 4575.064071976309 -61941.041807094
-73555.45483690461 3907.3686441562904 3907.3686441562904 -61048.08584274914
-76153.82733153924 3844.4160494780226 3844.4160494780226 -62103.83244231161
-76253.52614457071 3116.1366049540893 3116.1366049540893 -59961.1707337093
-77972.35663252238 3030.9319852504404 3030.9319852504404 -60713.01911561971
-76479.0109006988 2600.0236516953455 2600.0236516953455 -60225.37700500093
-78211.30947565874 2514.4780273868264 2514.4780273868264 -60982.49465667191
-78043.00141204482 1677.4196752954572 1677.4196752954572 -59409.51263382418
-79022.48536589129 1580.5528479049842 1580.5528479049842 -59857.7574997685
-78274.28267062236 1373.2170116970667 1373.2170116970667 -59715.634917195435
-79253.8749461641 1271.2464374317435 1271.2464374317435 -60165.362456219045
-79007.4289126809 434.89249808286434 434.89249808286434 -59198.16513546074
-79372.38891514325 335.97504760084564 335.97504760084564 -59366.40747841525
-79223.48758797784 321.76813248619953 321.76813248619953 -59517.146309526135
-79587.42248753506 222.47234284061733 222.47234284061733 -59685.38203557266
-79388.03128754631 -511.8417908604939 -511.8417908604939 -59297.54698988873
-79252.92177160733 -581.7863488942903 -581.7863488942903 -59240.911944980726
-79555.2067364312 -465.1895511031432 -465.1895511031432 -59545.54707311608
-79417.16458925871 -535.6938122203546 -535.6938122203546 -59489.93757434731
-79368.47072103494 -1052.482846637937 -1052.482846637937 -59575.28202525835
-78944.9099898034 -1082.0712930125726 -1082.0712930125726 -59372.60172013964
-79439.42335903572 -910.7720037553199 -910.7720037553199 -59688.02355388584
-79015.35096718937 -939.7451113278779 -939.7451113278779 -59484.82609683424
-79079.18405282137 -1104.0325043577018 -1104.0325043577018 -59960.81952210578
-78595.65424727729 -1084.467036279817 -1084.467036279817 -59701.672331171816
-79025.83323852516 -934.8753764584566 -934.8753764584566 -59879.20983236441
-78542.84409075684 -914.56085019451 -914.56085019451 -59620.11184058545
-78685.50872218635 -576.6886801344538 -576.6886801344538 -60222.159407247345
-78404.8616038559 -488.70585357136173 -488.70585357136173 -60095.09478823806
-78494.03229438793 -481.2527998982732 -481.2527998982732 -59912.784329508344
-78212.7249640642 -394.09055013525335 -394.09055013525335 -59786.64121240297
-62689.57611872177 5137.844915049382 5137.844915049382 -63361.90258660871
-66674.88679844259 5261.586710337557 5261.586710337557 -64790.60359834108
-62607.404772660215 4048.2927991965375 4048.2927991965375 -63287.77962553667
-66679.35832752625 4132.16903365299 4132.16903365299 -64721.79792858817
-67910.24731436788 4388.624837747355 4388.624837747355 -61772.3482578063
-71262.22526913148 4428.759209536302 4428.759209536302 -63007.47553914942
-67981.45510188764 3424.883844810308 3424.883844810308 -61837.53294547603
-71346.39941594884 3451.0996077001187 3451.0996077001187 -63058.48510050761
-72067.6965533231 3339.304180871133 3339.304180871133 -60523.17189939915
-74588.094103811 3302.3020532878054 3302.3020532878054 -61519.13163677676
-72188.6519886408 2570.5870352400325 2570.5870352400325 -60668.31363673947
-74726.89801977089 2530.4690372466202 2530.4690372466202 -61663.95406537059
-74935.22800795373 2224.7319975102246 2224.7319975102246 -59661.82200073415
-76689.15634519064 2151.1611857395364 2151.1611857395364 -60406.732121178815
-75101.06837285482 1667.5823767660959 1667.5823767660959 -59880.10927650866
-76861.8630690565 1592.3062351645285 1592.3062351645285 -60628.98492288233
-76822.19088982383 1180.982812768986 1180.982812768986 -59178.28416645496
-77902.02540873275 1096.4753106040293 1096.4753106040293 -59694.92135437354
-77002.67356870361 827.1182551689988 827.1182551689988 -59436.081613953145
-78092.57484254471 746.2875086242809 746.2875086242809 -59951.94164652569
-77982.1597454285 288.0936387977806 288.0936387977806 -59073.0444082931
-78526.2542626882 211.94916372892618 211.94916372892618 -59334.159880563224
-78153.42520938566 114.35629064010126 114.35629064010126 -59327.11063165442
-78696.79628662442 38.260114552694276 38.260114552694276 -59589.51878654457
-78630.1712657884 -366.67000035007965 -366.67000035007965 -59220.26675779247
-78784.55727914843 -421.55265593427146 -421.55265593427146 -59303.03202439447
-78758.76470615677 -415.817755405134 -415.817755405134 -59413.363576998454
-78912.10672284575 -470.6939364531074 -470.6939364531074 -59497.17884215282
-78980.49097278957 -727.2721369396861 -727.2721369396861 -59526.57945472906
-78917.44539974349 -749.4027314182663 -749.4027314182663 -59485.210582300686
-79036.24448589911 -699.0177303973896 -699.0177303973896 -59614.60559562917
-78974.14090423711 -721.3172274589763 -721.3172274589763 -59574.29291561313
-79126.77464254183 -732.1698918268798 -732.1698918268798 -59881.34235864291
-79027.4836386167 -710.8058617812109 -710.8058617812109 -59862.13866935133
-79078.8159458803 -703.3657266346177 -703.3657266346177 -59809.32088675028
-78979.38548915382 -683.1179305224218 -683.1179305224218 -59789.03838636641
-79207.8181874367 -348.0755053403627 -348.0755053403627 -60144.60199784734
-79351.16829036715 -280.2034614421 -280.2034614421 -60205.286890780415
-79055.76441117043 -390.6133903286232 -390.6133903286232 -59910.71846740553
-79199.50014481887 -324.8577419469757 -324.8577419469757 -59970.092418618144
-62404.1564950174 3212.666900107547 3212.666900107547 -63164.961312175874
-66073.55430679575 3287.483967628483 3287.483967628483 -64449.12172088632
-62351.65753489141 2074.3331522500384 2074.3331522500384 -63052.625160445736
-66061.83870804118 2126.7958590223066 2126.7958590223066 -64341.25578832409
-67214.06948759899 2733.5843822790257 2733.5843822790257 -61560.21323451431
-70428.95842244565 2765.8476134049242 2765.8476134049242 -62727.29631690442
-67213.41405843939 1728.6191219192015 1728.6191219192015 -61499.10309670688
-70443.74315810055 1753.0694507329445 1753.0694507329445 -62673.805548501485
-71237.02117476311 2093.6637451216548 2093.6637451216548 -60348.76944475951
-73687.76340658874 2071.408253277342 2071.408253277342 -61305.64124542952
-71285.37194823085 1304.5334979043992 1304.5334979043992 -60405.906460293765
-73747.1544311944 1280.5125495944294 1280.5125495944294 -61360.22425648063
-74093.52308981572 1407.9832279010288 1407.9832279010288 -59531.97994440872
-75853.85976053898 1351.8986394919352 1351.8986394919352 -60309.78566963285
-74184.8162624797 837.8102682521957 837.8102682521957 -59670.60400008906
-75952.17460245985 785.8118345629945 785.8118345629945 -60442.71044605443
-76043.43421599135 745.4677501729411 745.4677501729411 -59148.49744279509
-77209.64587387322 706.7987815819602 706.7987815819602 -59651.62632849384
-76154.36441202355 374.005042204313 374.005042204313 -59323.64186830138
-77322.5110130578 337.3583348716277 337.3583348716277 -59827.68792801135
-77349.11315866088 213.4443187340633 213.4443187340633 -59059.1076842847
-78031.31842289674 158.88835161435168 158.88835161435168 -59362.36787859253
-77455.54743276325 -4.7962376361328065 -4.7962376361328065 -59218.17883856281
-78140.38779546188 -60.034660103936936 -60.034660103936936 -59521.57697711412
-78191.77385018392 -189.71490455314273 -189.71490455314273 -59208.752481601965
-78531.21287036786 -227.92902934567584 -227.92902934567584 -59367.30791506567
-78271.85340810436 -296.2130269130606 -296.2130269130606 -59331.22632716832
-78612.89663385232 -334.8200723043744 -334.8200723043744 -59490.453137347366
-78748.77070120815 -398.9961364764965 -398.9961364764965 -59518.90291668744
-78935.6611494095 -413.53842357577804 -413.53842357577804 -59592.48017307773
-78783.57493387647 -453.8754141039833 -453.8754141039833 -59569.535046724865
-78969.46224515178 -468.26131197490537 -468.26131197490537 -59645.197936186516
-79152.10047674832 -397.21743210211645 -397.21743210211645 -59825.26544786323
-79335.46595005355 -381.8989818575717 -381.8989818575717 -59923.14009466008
-79122.83469423579 -455.1062778601324 -455.1062778601324 -59775.66645967302
-79304.18778504114 -440.3107191104463 -440.3107191104463 -59874.23221859332
-79545.76912768239 -151.56577704142714 -151.56577704142714 -60037.25474259203
-79951.78137965173 -112.09007918439234 -112.09007918439234 -60226.408166736735
-79456.02537889974 -282.374096438022 -282.374096438022 -59892.8105207956
-79862.53135318874 -242.43655596565017 -242.43655596565017 -60080.95145069104
-62228.75613980706 1245.5810577388734 1245.5810577388734 -62845.19288724287
-65885.16118235586 1394.4088306166136 1394.4088306166136 -64094.95120954355
-62041.20496667418 42.629465543236606 42.629465543236606 -62397.552287316284
-65713.06251884437 186.7740265928058 186.7740265928058 -63630.729786824806
-66996.73927671157 1171.3120480734428 1171.3120480734428 -61369.46176239589
-70011.7554329337 1202.2078794498173 1202.2078794498173 -62477.085190680154
-66958.1093766249 169.35580580461053 169.35580580461053 -61258.58986244199
-69987.78833724605 204.177693210876 204.177693210876 -62364.580770445835
-70854.90250383844 934.1167528801352 934.1167528801352 -60268.39533353943
-73264.07279087516 930.9779529631119 930.9779529631119 -61201.92862774975
-70855.65096032526 152.73648482411195 152.73648482411195 -60275.24982486548
-73265.56768937982 157.40222747387043 157.40222747387043 -61217.80820951695
-73697.25487062738 646.7827179580527 646.7827179580527 -59536.799454226515
-75445.8812765813 632.5125615713187 632.5125615713187 -60286.03130689193
-73736.23764040772 76.58889755729989 76.58889755729989 -59595.08315847039
-75486.1788707326 63.89689034465787 63.89689034465787 -60338.32718266936
-75669.77387197026 370.56341587790155 370.56341587790155 -59176.95921016557
-76891.66328935858 356.56323468171195 356.56323468171195 -59705.776297900855
-75710.38558285478 -15.812961641094127 -15.812961641094127 -59238.64895894856
-76931.13041551219 -27.90489653456487 -27.90489653456487 -59772.745005837394
-77058.95446081564 155.81179654663214 155.81179654663214 -59104.361320431475
-77799.63631161227 131.37572542045365 131.37572542045365 -59430.5634298593
-77098.70565611358 -80.22580053505425 -80.22580053505425 -59162.959230087385
-77844.77786225778 -103.6274561702132 -103.6274561702132 -59491.32738285098
-77978.36160127011 -10.326765901158064 -10.326765901158064 -59241.52804577648
-78420.83455405728 -29.446339166892436 -29.446339166892436 -59439.729855919286
-78007.13956656332 -150.57589953549808 -150.57589953549808 -59278.23262293107
-78448.66586344028 -169.29338886626988 -169.29338886626988 -59478.433920749594
-78638.84801413433 -99.78037607862626 -99.78037607862626 -59526.99955456981
-78949.70710064359 -105.22793197902976 -105.22793197902976 -59660.43174126727
-78647.47931312738 -194.19236783697767 -194.19236783697767 -59537.03314893442
-78959.15627370948 -199.21098730095852 -199.21098730095852 -59670.32777964268
-79166.68608112037 -93.49561249534486 -93.49561249534486 -59785.99729764988
-79483.8504926664 -85.44222590078073 -85.44222590078073 -59944.7702431486
-79155.06974597741 -196.51488548590902 -196.51488548590902 -59767.332760345926
-79471.51770009629 -188.01695667296605 -188.01695667296605 -59924.90049564702
-79693.82634024047 5.006163118048164 5.006163118048164 -59954.220432299175
-80220.25718531419 23.017723994412336 23.017723994412336 -60199.300850986634
-79663.96791564257 -163.54603882793404 -163.54603882793404 -59893.8638543737
-80188.83667559744 -145.06351460988603 -145.06351460988603 -60138.56175167467
D 640
14930253.619235806 -260739.9515982205 3794384.9990536934 5715168.458758949 -149166.06950066925 15896645.450165605
14154982.239868227 -284877.51665350987 3707667.1887689075 5577227.1159258215 -161567.6422531375 15820881.805282377
15026952.629335746 -361052.2557514735 3787128.597594677 5712630.856412743 -213781.4971092558 15908835.223838804
14028621.451303732 -335051.9179379525 3681195.5948501853 5532838.465835141 -177992.14382965185 15641844.639666485
13519875.360012952 -284717.3589253935 3657044.2504833667 5498981.232518907 -174170.50693283975 16004775.651931016
13206264.873964872 -295156.6956865949 3600170.836962038 5420674.016980428 -145912.72706321164 16003456.881434968
13853703.908232348 -308072.63951953 3680750.355152417 5538598.350480654 -170400.18257651478 15941755.153168418
13335109.15669983 -366316.79365078267 3593449.357604631 5410261.469458815 -185081.7584548431 15814234.211785343
13173302.654648984 -298773.6117305609 3629554.1043420145 5460058.637026749 -80122.57192701015 16177679.644003103
12817968.882491963 -272010.04051124526 3602316.3982854118 5411001.888093882 -102142.97609781104 16151107.95226282
13049321.971106915 -338118.6718944187 3602885.232594871 5424223.415102093 -121682.84192266474 16171671.061844341
12850322.037908018 -310340.74239360745 3599329.4523345083 5408983.567001348 -111471.29924926562 16144101.17556894
12818372.278702369 -237047.37794863526 3603138.4581699427 5413382.981207004 -86307.18817826478 16180241.054302393
12700701.741223488 -248291.27477694026 3592426.912557213 5396312.0045767035 -110143.56048784408 16192146.074192213
12719209.307035528 -259974.148910786 3585413.254960876 5385561.814816287 -110453.85820653965 16112935.199218657
12577336.046848457 -275544.3089523976 3569887.3672814933 5360388.74543013 -113472.20225771725 16092916.539230827
12816567.872770568 -259332.4224108892 3628061.800348476 5446947.108157059 -148585.4026568505 16305014.484724324
12783537.281025426 -238637.99727541074 3603577.124238495 5414159.636339257 -161348.99367833964 16220958.478307039
12671028.730839847 -285103.1319254968 3601151.309862016 5408757.793438791 -161337.66329680357 16278798.137123615
12667061.351373224 -268508.442024029 3591611.971179085 5395476.089830339 -164962.35578011308 16226996.861164356
12732093.605199924 -237670.78910192716 3606800.804362713 5414714.2290546745 -156906.69633124067 16212573.078465585
12834259.170176195 -253308.78826697558 3612499.2725269143 5426470.854726069 -157521.01100320532 16220173.704690663
12776107.61249417 -219484.06354541064 3613801.191891287 5425124.358471466 -152724.741619759 16222753.109538876
12898138.544863187 -252318.43388438405 3612760.013543046 5430223.533175866 -159869.53702609497 16225611.590092383
12932671.998642173 -235013.13937268342 3624435.2044874793 5447154.102566478 -140872.75935641056 16272835.349240322
12966004.778118355 -215115.78195987036 3634518.1876289183 5462120.412128247 -126122.33018232774 16317003.146722466
12772050.739317795 -216268.6055143952 3627995.3259377684 5444127.252504629 -129093.33911799525 16294596.93527798
12978544.062373003 -214804.66796011533 3642660.6269719326 5471989.570863637 -126628.6789991149 16322713.377578128
13079702.3562744 -269925.41055660864 3646003.379403617 5475321.436276236 -98398.47774713296 16214651.839619502
13292255.918215064 -247171.37039650432 3666264.739418786 5510076.025624545 -72615.53185097668 16251440.178719543
13128804.660305876 -225714.60795698408 3654903.963605026 5488274.923280944 -109926.35580146771 16228806.381618692
13482547.839234322 -182622.16818035633 3701113.1974126827 5558212.904492266 -39920.1513119293 16257219.751018314
13501909.11998301 -277762.05644402694 3671306.4442786756 5526216.825040563 -85922.74011757609 16253685.456555732
14158157.14544501 -180609.22279237723 3785407.9125674292 5689319.735379401 -36342.949747389095 16349263.368953718
13547172.011216437 -103932.60222824362 3714182.866424413 5578805.9775306145 13887.479903419711 16316924.333879102
14256163.284301898 -132715.6292946882 3790504.7536999728 5704576.547360324 -10060.25322378324 16444262.956321822
14742914.973969845 -194910.89333485664 3817590.402312482 5749148.257342967 -99627.47869423212 16253061.194300277
15097195.955760673 -229289.30024934202 3837924.861282356 5788039.867605272 -125939.25611927056 16229254.323214823
14816358.144535065 -195077.5316546294 3827417.626142918 5768588.940871052 -95448.0677014074 16352232.768531468
15136021.912344778 -246746.72197792394 3841310.7609848436 5796097.551402826 -133301.25245017998 16277092.248579392
14932885.985248102 -400858.96554313094 3765324.559084879 5678571.9139045775 -239347.03415749202 15801411.8573537
14057304.03714205 -419611.27930382395 3686467.6009954205 5533614.876558571 -257765.18100277003 15512706.125796499
14589011.369006403 -536654.6700603471 3703024.081245465 5580583.638519905 -308326.8497668076 15556131.451978229
13944356.477428695 -592215.7959941044 3619357.165437883 5447220.333037434 -327558.8767975709 15374192.35456948
13890497.047044802 -441412.0577327115 3707276.213694464 5570609.514642998 -237115.16952057122 15961616.399227792
13577962.983942956 -482355.76665090054 3653505.857623721 5485693.108128721 -270155.927425807 15758770.14475868
13931943.864533175 -480634.9725684686 3653747.8586201863 5488554.740683969 -303593.3103020847 15456697.900119701
13559996.040025251 -505107.4541690745 3621332.5332783335 5436431.436045534 -302478.1242129732 15499316.76134642
13399728.611752843 -502474.89180520835 3666679.7478905413 5505438.520356735 -246283.1930736158 16042087.178896837
13068677.646656755 -453756.70165010315 3614777.626779523 5427931.211802261 -215030.1565128239 15964838.625801452
13386937.769061519 -488838.680800834 3617621.2098554852 5434244.510879312 -261160.21450772334 15710285.632440992
13058104.141129809 -531356.6550219416 3532901.5756234764 5321289.938738051 -299293.26750248304 15643859.734115206
13053348.044423727 -446494.11032498354 3628559.2854574327 5454359.776465376 -217890.44848807566 16205543.018318636
13181090.5419503 -520751.5828587525 3625051.214961413 5453912.78601412 -263980.28404702386 16146038.207614856
12870250.821011957 -518180.3595256992 3569329.578571662 5364629.988262991 -248514.7913441401 15897098.007403214
13058165.355987856 -563909.4244018209 3589009.8879536623 5391721.3006000845 -305041.18954945303 15818042.855736492
13232075.83802002 -480560.0421945621 3643642.317916293 5481899.603994539 -235900.22223273068 16245785.049498895
12856725.404011652 -573984.1266545774 3578507.0989259724 5387252.601024412 -279542.6540825069 16161170.223598918
13016374.158003796 -562389.0393355538 3583901.128199711 5398609.205851545 -283699.62159088114 16109984.914797124
13125677.603543693 -592616.0909220665 3554496.333806356 5366732.499869914 -298519.38776623964 16010052.807997867
13000763.062194545 -528835.7382186108 3591788.391152272 5407621.79274464 -268463.4939180364 16132327.978985105
13088434.186383532 -570495.3170200181 3600225.577736667 5428013.185546548 -295134.04640357295 16266866.579209203
12899092.30770131 -561740.981463648 3578964.4631863553 5389692.8865690995 -273293.5459568623 16157546.987098617
12974431.87127319 -592598.2295457581 3548785.64422916 5357552.412895816 -316158.51030208915 16103331.949459622
13071959.969833653 -545898.5925318565 3622054.4972714805 5452984.134614966 -314444.4223210116 16302523.570308983
13023566.673549121 -553665.6105188288 3608464.6370325307 5435799.995268903 -299570.0247062568 16306210.971193656
13096978.317740597 -569914.9904405898 3600704.508423991 5428296.679966639 -294426.66612476425 16253455.84180813
12946074.15544804 -531764.7008247693 3582685.0665106364 5398650.528755721 -262272.46973236336 16207864.678678652
12948608.935976177 -493847.8928048004 3635791.9679438677 5467900.646170992 -274690.88926387165 16421980.489181155
12859200.383402597 -512281.9535742202 3627034.235923344 5453559.610423073 -288770.9036675644 16417238.427989086
12992999.773132805 -472674.105559876 3655086.0411164225 5491490.891159365 -259414.3037069546 16424924.927461691
13085014.400766224 -481991.13910743984 3659703.6272098008 5504565.282489436 -248464.7662093392 16492811.237059264
12871109.107346626 -395095.62490532873 3633346.422833272 5453647.041580046 -213228.74473749837 16268210.213450203
12987648.530853119 -274216.0307346474 3630818.9192454577 5455743.648378298 -139342.59133227196 16249208.009338865
13280218.010028511 -350926.35399726144 3739728.8697711886 5603600.396205782 -218848.96780111687 16517754.600056035
13198946.411679389 -272994.19033820386 3697232.6476146765 5546242.101301436 -141316.312452642 16386777.17308207
12966605.124435449 -305610.9313637675 3629063.8841306646 5450976.184566706 -101578.4252044845 16213512.954137271
14404522.629856346 -123398.86103988551 3803635.6860639243 5724880.806962604 -17870.73997188832 16413108.299387423
13628564.583933864 -146805.8858365283 3777008.882843395 5658922.99461997 -31637.75758853614 16455699.732311811
14636894.156828564 -114457.81312527516 3890914.7728738445 5840022.29637506 40148.654067820324 16563426.626807243
14343291.05490764 -620696.654524309 3644598.893651337 5504560.807785263 -364793.9139689944 15566749.241950074
14258355.08263752 -651793.0245404609 3611762.080369418 5457019.438500581 -395073.83829942637 15423267.682028042
14251064.486345237 -696985.3515728331 3587379.7167386063 5424502.540646775 -461695.0584551601 15316632.286383165
14077996.719825227 -748027.8598354809 3539415.328737951 5355292.280446632 -498409.86964213825 15160711.305768209
14220233.0207111 -572113.6399426541 3663218.9502419936 5514198.218384138 -352050.3468062144 15472914.254770247
14091868.040917117 -626033.0469911377 3609329.079603879 5443948.119929294 -387319.25212335703 15381854.371432874
13869668.22983402 -680207.7528643779 3562081.3430798147 5373047.636700233 -450827.288957344 15225494.680411536
13864464.46900607 -708651.8540273627 3542583.351695199 5348966.171626496 -463972.1234150048 15178024.841549842
13904863.191891614 -611574.6133415604 3624837.377810254 5454974.198453301 -369304.930125305 15448198.23635184
13742458.392649544 -692471.5374896972 3588853.989341596 5401341.723815299 -428247.7728223333 15329587.997429429
13876571.672719454 -711219.4546130291 3542770.035189095 5349364.246600241 -477509.0199323201 15169772.050505828
13653313.654705418 -804747.6638959491 3479605.8941351064 5262622.762403337 -542083.3173613371 15047811.32747201
13904095.531569155 -625179.2890472532 3625348.3669093284 5457651.703797036 -381530.0431193705 15491274.171394719
13740101.6044883 -720934.7871568718 3576363.038332889 5392659.24634513 -481178.6565814874 15433096.134215148
13533198.74639637 -786622.3161553842 3467300.2663896834 5239176.733948424 -528013.4381304256 14969729.56009164
13387664.302615756 -834097.4486162752 3463773.2539678128 5233625.975982621 -565004.9342974878 15081843.124174966
13620818.920509223 -768819.7491110218 3567782.115631126 5382067.46811852 -476822.44482292456 15529323.59991724
13812980.300202066 -844443.2232622908 3536418.6898641326 5367450.116171508 -543607.3360470393 15734810.455330309
13294350.201388504 -900220.9449393826 3420875.621039691 5177597.390781042 -602238.0455726776 14998333.43936782
13322310.313726576 -844796.1151328982 3406895.2908371263 5151458.342103853 -602992.6627353774 14755159.620765302
13885557.648989942 -869638.8628056253 3560366.6067222776 5405396.761137005 -575097.4372017754 15894311.823397992
13706119.953883627 -874901.0969034283 3533645.0496173543 5363764.603214888 -567975.6609430814 15828977.922515856
13115984.102172287 -884665.7740103593 3379034.916303938 5111134.812410497 -657752.7586534945 14767943.364007369
12854821.850599471 -853309.8441546472 3303146.937890964 5002636.927111579 -584738.9183252348 14528682.457000755
13979886.523117386 -885408.8859940768 3536983.0656512966 5377870.360014787 -556421.1319551906 15763892.064012911
13895623.156621328 -888348.5447272321 3449035.924894568 5254535.932145526 -544758.6705093639 15316304.32874811
12669605.250431793 -987773.6260104483 3270194.9494977226 4948726.478181757 -661828.0553538541 14360634.991892548
12809748.24523484 -1048895.8824217147 3191415.8127030693 4869366.888805202 -758673.7310648019 14366441.154476153
13898318.107432332 -913937.6946727718 3493364.1865236205 5317944.999484166 -539876.5610471878 15606569.07806611
13932905.318087399 -943033.1837436646 3466733.2775869253 5286539.207477287 -553400.0589967065 15529745.578145705
12819794.933514273 -1072941.878115017 3168233.5567210987 4839095.629979976 -779944.7342862015 14260978.86482569
13099415.754652949 -1090948.9191670918 3137724.532853885 4800927.606461519 -744628.983145794 13889196.117093883
13899210.936814448 -964779.088310751 3516905.0680195927 5351358.166039468 -460427.9802175306 15756040.14954702
13966387.194272697 -916327.2608825848 3397132.0847166837 5190884.003971912 -588472.1497742024 15114385.877458256
12827696.781850727 -1084995.105083389 3145930.6035726354 4799531.17729285 -661684.5233679825 13952452.928379716
12829140.285817333 -1190619.552848581 3066927.0137243737 4688910.448176938 -839448.4570768336 13476673.862064324
14020545.798519513 -871427.5110460484 3415145.977794511 5227462.274716821 -486619.71242600493 15395487.611201296
13964810.779184889 -986004.5559504242 3419342.218537007 5221452.1274781935 -559294.2621378913 15238701.508943979
12889271.896736197 -1230005.7202859786 2990021.7798438515 4593036.032985447 -825006.2587056356 13190968.969000056
13011426.786150599 -1121105.8309848395 3002298.1239500386 4630737.09061948 -818444.3274236239 13552753.389755294
14275067.864649434 -697497.5153295178 3586364.590377108 5421155.545826416 -463841.9507206121 15248021.69793014
14171854.968631748 -719568.5767999904 3567257.9188506063 5393375.807690225 -494678.5035222254 15215986.583536476
14198046.303403405 -725721.888288849 3558287.8489797376 5381867.464335708 -496259.9931698692 15156969.848061277
14118344.457218116 -756385.9780502854 3523315.948386985 5334309.768905584 -537395.2827900527 15054899.583319565
14316612.513529098 -680445.4172253225 3606964.4313723813 5448151.301482144 -450964.31210228446 15293195.728782693
14298320.227046434 -689338.5133493408 3597211.42261073 5434692.296913761 -468455.78232444875 15256874.059226468
14214654.804599058 -719094.6913556329 3563723.7994590867 5388804.617630841 -486770.129250483 15159513.574444832
14246656.227827955 -742973.7814905198 3568256.299599321 5397392.772760746 -507422.85661586485 15199560.141175896
14344624.934308155 -670013.0370970519 3610230.877154399 5453611.181083731 -449145.4215789858 15302519.10960178
14350919.141219994 -684566.2364059627 3599541.510195298 5441631.351351802 -459967.23768564133 15291794.30529176
14163241.172588503 -704268.8932577334 3553188.9186984794 5373493.383857531 -482446.9457502437 15136469.915828643
14214483.983852463 -706033.9890920336 3550361.8309168266 5372933.695018448 -491772.10639748204 15136229.136842936
14307607.269090293 -696709.5288326062 3588903.82768841 5423783.079703473 -470785.3355985726 15212169.77421901
14365558.857880993 -712818.327935058 3577107.12106421 5411919.706023708 -487941.4889037622 15176478.213672359
14250701.754811168 -686544.0083873492 3529833.242606744 5343128.313741517 -505532.942698385 14955532.715272885
14230016.375837618 -724996.4594448793 3518516.122445663 5326891.235943494 -535131.2030270201 14900453.174853686
14333877.055699918 -702265.5086639831 3577073.236136646 5407184.262391838 -504050.80829963175 15114196.63250271
14431811.636415364 -715325.1148813353 3547001.954896276 5372003.326170863 -526465.3208166367 14974211.4139106
14379499.915121311 -751198.8718435832 3517948.0388572104 5332180.320933765 -549371.8954901975 14869249.222216802
14404266.221268391 -690056.6789806193 3528332.6666833446 5345090.706857412 -520972.0313761771 14874228.810637487
14410797.653465064 -728109.1750114036 3534819.648147968 5356456.249498329 -551349.4875441571 14952294.621384645
14472602.129112536 -701319.7556261275 3540189.3191371937 5367061.952277847 -546789.3994940975 14984471.43909429
14628429.837802537 -655256.0056778751 3521576.142901853 5346240.599722352 -529123.3787183757 14821706.614240522
14501573.317829179 -728245.4206143144 3484830.559443538 5296881.033535783 -577056.0308433276 14769774.64726509
14669168.352394676 -624861.7025752966 3557204.9325793423 5394485.222157487 -486812.70813795354 14962027.147690216
14652106.506805526 -643541.838011246 3562475.5256004278 5399714.059359148 -527766.4831416609 14967712.684915453
14593944.529763004 -686277.3109503064 3478570.3185044886 5286876.188163534 -599218.3602105997 14615031.878966924
14584141.943561712 -697814.997866289 3465128.2137139374 5270563.808610471 -592169.9074249059 14594313.16227396
14763709.638439385 -632099.0285249273 3514308.574526224 5337486.0108171 -544433.389384348 14671221.570226606
14829768.03794961 -608960.3375137824 3517827.246347072 5344241.391891954 -551900.8779813547 14662860.020174513
14765130.1945974 -613673.1181471915 3503295.235205395 5311665.3265342945 -568524.3224196669 14395680.82280194
14756921.767491335 -606129.2439431854 3500050.2129915175 5304893.521257654 -577966.3644648194 14339843.591001505
14918632.916484164 -558282.937790862 3520205.254065149 5340924.54728182 -538243.4065024077 14455342.054950763
15017435.278034365 -538388.8528616731 3531219.6241709706 5359657.818105407 -544272.1836506804 14488888.96254278
14935016.255643917 -542610.0845989285 3474992.281433035 5268079.717226729 -569893.0200946059 13976747.489854574
14986431.562694121 -534233.9286907751 3502112.969310412 5306525.314965893 -552438.2551691515 14097588.999471812
15137664.077615807 -260033.56088812885 3538836.228716139 5337883.880879827 -124065.22978699699 13765616.288319802
14553472.646537118 -125469.63915887533 3346182.1621658797 5073960.8561580125 6514.0141653703295 13309736.739036772
15232354.44777514 -370086.4058972918 3612878.1817428204 5457826.70833195 -303805.5004203374 14440859.473659605
15079070.012112692 -409579.4402934102 3563131.0254208995 5396090.16144197 -313265.11413830833 14453850.25416244
14190081.04943265 -770062.7625484329 3514418.615249718 5323085.442879232 -565662.893354913 14954417.824160876
14204884.990612054 -783240.8821035135 3501092.7029852355 5306201.311932375 -583916.075888763 14895101.342195086
14101050.11080253 -762950.7917152293 3484809.475845326 5281154.83188267 -566597.1418834318 14856237.628138557
14186988.185021143 -756032.9515366293 3489025.8253191942 5289342.387799253 -570836.5297367511 14841291.027001867
14307593.861403188 -640784.0187064203 3577320.779087309 5408384.445635857 -436771.87077979674 15159037.449224941
14250306.784753097 -665594.3447644231 3553416.534893903 5372890.291613474 -483141.7634157881 15032334.826104341
14242169.85973309 -715402.2881458515 3532342.978172622 5347851.767566149 -540241.622872913 15003319.52720329
14416128.984548757 -639302.0340015107 3554530.8956767004 5379269.335293085 -496710.9577152693 14969577.598043201
14687605.53726216 -595818.2350995531 3596994.8860623273 5451537.805222548 -459254.7051409173 15209262.630003799
14709324.344362585 -601357.5818794497 3597131.1893505123 5447243.387512163 -455849.0354419191 15098656.77955527
14753180.850365533 -570598.0958581951 3594306.7837908487 5444415.423229556 -462350.5405790194 15060377.947963223
14856101.766027907 -608191.4034670977 3578902.74374185 5427369.899634726 -495340.12008195184 14955435.457945993
14956714.918286402 -542611.1868748222 3634524.469951127 5503374.162344688 -438687.6580127723 15151229.52372451
14954653.572366958 -527459.4576953122 3634871.856650712 5505266.169478322 -420396.57873896515 15183488.49886688
14912494.547793364 -562520.3190048778 3598208.4907370536 5453538.975067164 -461913.9599573467 14997697.76650796
14860086.884226048 -557901.0173182175 3574851.0481482707 5419865.011466914 -488312.47593283496 14890489.889080528
15050956.718866574 -556806.8715010731 3616467.439290767 5483917.178435644 -462089.42274045746 15065102.748807084
14997190.362347603 -539553.2871802052 3595964.8626513965 5461787.872916154 -462979.8316873174 15127339.685614308
14956568.875474801 -536984.1859619166 3559575.9981676666 5399633.779906829 -444110.2615690409 14725434.378687495
14977180.886183903 -539641.4215782661 3568448.7429742394 5412883.312217241 -484929.54217990325 14774612.62636438
15106581.015326036 -523119.4840075152 3584882.9049187223 5442306.5596289 -474269.050366912 14872125.861843657
15021818.28461319 -537840.8817782949 3578713.948969559 5429982.300648146 -498798.0770310584 14846120.487415768
15132435.230155967 -483329.18720874365 3557052.188926596 5400876.025638248 -440269.8680028682 14629936.769673388
15123931.534736026 -483127.3832435532 3551804.4972103494 5395881.2558505135 -450305.2969272299 14653994.308755092
15184130.940844718 -470627.4220722457 3560005.0096372683 5407020.010731665 -442443.9589073761 14636158.713597806
15179193.714057984 -466446.76578433596 3558780.558774593 5403863.2454555975 -440421.0730477998 14604898.574596737
15131882.861602228 -478128.80258736934 3539187.6294158804 5375226.623735459 -453750.3078039706 14510521.420977555
15185556.178755557 -503523.194005145 3549273.926483262 5386238.055178419 -474233.9148635147 14455178.199947927
15119142.373507248 -454611.09335818875 3529639.1958246734 5358559.615796466 -421375.75233400625 14399987.249671916
15183562.302800907 -450715.53938157245 3541799.154059469 5378207.988534845 -446259.23333767743 14461015.736290652
15132552.698248692 -407431.53482838545 3518508.383984831 5329197.9027162185 -347013.6095397334 14044220.52185664
15167987.859466854 -409075.23988826224 3511942.4710331243 5327227.390249819 -360715.57613613707 14113825.187550018
15176664.274029411 -288994.4423334193 3565554.077546491 5382209.045426357 -132131.77232874892 14025326.791312028
15130314.661548346 -292530.97969421616 3582457.629492692 5401356.983864347 -142150.06981698854 14082756.973646788
15181796.739561658 -302921.15562643524 3573798.766743881 5394214.868019254 -164335.07635590422 14078927.583537085
15099653.618259778 -304176.4284683986 3543836.978795677 5352023.379837772 -168741.3317402803 13976400.222411552
15159553.176529303 -211321.6846588369 3635863.0179628707 5490383.370285852 -29217.234710405584 14659127.359895011
14633412.413727205 -129894.34638046025 3518389.136823522 5332087.37314171 36308.69493551735 14603773.85109256
15228514.504184512 -270014.9093190295 3673408.524703408 5536999.205956846 -101619.98409721292 14696481.840615507
14624183.607358934 -467117.4357443777 3519293.2941233893 5329871.756397005 -325034.7805739128 14548798.917036913
14124734.185269814 -753060.9583945997 3486647.0900238534 5283147.330333109 -570218.1778129634 14831976.017224805
14257645.819786591 -753081.4663348395 3490295.688329952 5293247.787468737 -566286.7384606168 14820804.376594024
14205962.020708883 -752903.7361758662 3461534.794459235 5257911.689366047 -595950.2230913941 14798505.86906361
14344166.323865566 -739268.9468771132 3476061.134743364 5278038.52503637 -588854.5853186889 14743258.808905678
14745099.266845169 -586879.6764037823 3597465.2776231095 5447908.80689638 -472148.86331651424 15068840.332511282
14869004.51244464 -558978.0070850858 3595893.7681467216 5448963.0611201385 -472770.1517989995 15000593.404250683
14711541.03605514 -571557.9275910832 3562339.9369263914 5398526.77064375 -448109.34008466784 14887515.391360333
14796558.503809687 -577346.6682136162 3562417.199255266 5402961.777949783 -480381.4424705176 14889498.277073205
14989864.72206112 -492747.6976608529 3593737.5778510226 5446193.522479415 -388555.71872940485 14871778.57573289
14992357.23469426 -527127.6616834211 3589061.429846762 5444236.663053364 -424599.4970417401 14933024.132215379
15031801.571793118 -479056.46266964014 3584990.81793605 5437077.297069808 -386979.7700686762 14839945.970311506
15055753.197106667 -512704.5040684293 3580539.2349975845 5431607.7674058275 -410359.08437105187 14804538.552414991
15164032.288931103 -427342.0273536317 3610824.194505186 5476418.756409854 -364723.8389120527 14926210.130959092
15119138.626157347 -479526.2048926442 3601054.158721791 5462884.196039359 -388680.6876244077 14915353.343787007
15147337.096467368 -439591.07509143936 3597876.0810565352 5455587.997528977 -406158.9439774574 14811148.677198214
15149435.849666175 -465770.8307705116 3572566.731127619 5423640.944449896 -428854.7305601535 14726914.579698965
15163962.982366132 -426228.2976685441 3608841.4396231645 5469913.790513302 -394251.7613100112 14839800.74251894
15209703.974643482 -493377.21268232004 3590253.735177587 5448787.60648274 -447849.4698379384 14780465.557368994
15163319.361070186 -452917.20049414446 3596385.2821070366 5453018.320535105 -431322.50742572383 14776570.480424574
15163790.85134478 -483322.3109420097 3570491.319996758 5420770.6981249945 -450738.03204866184 14700813.701362167
15187674.592574215 -421620.6056543223 3603019.46757206 5459657.956536636 -400545.8834444806 14739055.833755478
15174026.470048558 -426471.0526478124 3592841.340543926 5444960.527145872 -404653.77351149125 14682674.174686246
15184654.547194045 -399827.6583161587 3585065.40491991 5433104.771431292 -380429.8187998778 14606001.61315096
15142291.915920429 -412320.55571185437 3558267.6085617584 5396496.497122054 -372460.16774978966 14505750.280900547
15218369.938000176 -373244.51725545496 3621288.5085910694 5471003.866724825 -334779.2651896019 14533359.926288404
15188320.07308168 -397991.2244570521 3581319.230268928 5418006.341133177 -360791.05203561916 14382783.416698128
15183926.97613843 -362000.71016555664 3576083.6956268377 5405782.881114766 -297431.2606519728 14257889.07967114
15169839.887630958 -380592.28956985485 3557951.3956217626 5381252.310368439 -306344.32389947557 14180275.367383894
15219861.023566335 -281862.4807120186 3614046.7654279987 5448335.403641194 -115536.64191842396 14237818.071307233
15151321.223367184 -277132.96476611076 3613565.7562125004 5445154.915688724 -105077.41426751402 14253330.306084258
15217404.549085757 -277285.4006909501 3610223.6493196185 5442421.5414876705 -102672.74470037999 14206105.838947475
15148233.795207633 -278777.3316199504 3609431.232880191 5439437.922716479 -112722.56521677416 14233037.363555418
15204938.976127574 -287605.06988357124 3642188.5236675623 5488708.494957337 -125775.25416421807 14441083.295934254
15166046.863470873 -267886.9319235696 3625583.5071610548 5465606.449086928 -112867.11030900449 14383244.79785137
15203393.130548188 -282031.5381791611 3638485.0831628414 5483001.5548672285 -117339.70963891566 14409966.028504638
15182668.88047538 -283202.8565560138 3630023.406440638 5473447.661018901 -119542.02477625992 14425769.215445865
15130059.048529793 -178507.3775820987 3609317.881541107 5454559.0293855 18403.904796024 14556127.816385292
14878837.814190632 -109510.58305825132 3518871.738383371 5338942.211394449 80734.15630856295 14484827.979875531
15212916.096041758 -252069.330799734 3661111.3399738497 5521720.848840245 -63809.51934864439 14677051.352211423
15075192.46693415 -270300.8374708051 3611149.4696348263 5454482.117725324 -105279.71135189346 14569161.460337598
14351813.838457573 -744543.6483129121 3458010.695559428 5256969.878466438 -582846.287763874 14711348.018101847
14436301.407122158 -695703.771752457 3491167.2339113243 5300357.9634839585 -570068.6457979922 14765178.316410398
14332395.501948373 -716470.1498683266 3467904.328016916 5264825.266033152 -573853.2507238379 14670214.22841028
14559352.647810897 -651673.4495579959 3508012.7005603844 5324250.942335587 -539510.4399927331 14749386.419175442
14836727.494495204 -534611.9939151019 3570775.0239721932 5411252.742337639 -415516.7781119875 14831276.4076556
14943793.84472958 -517515.06006411515 3573671.472224981 5419437.465183601 -407002.1366866236 14824182.603775505
14873880.761247646 -523420.40378429834 3555753.6051309486 5392741.053708254 -427574.4131196602 14754360.6336853
15011187.08500373 -490302.81732228794 3574131.628069626 5422039.207037826 -403783.7935669041 14798700.863206012
15156989.908656524 -435671.40441816655 3606878.0274955435 5470629.346728159 -379985.79435678676 14904279.990836697
15152080.953309081 -433936.74267581716 3605964.26187878 5468102.083299385 -383046.6573766372 14878746.535467532
15138701.606214624 -435092.8349304051 3585866.779419735 5439182.02068948 -392846.8400065219 14755869.286659503
15140927.471013108 -442597.9773094634 3597899.116285199 5455545.093877789 -409548.1907637699 14816193.429922918
15147752.393765945 -431602.68381324434 3606726.1657444867 5465533.561730419 -391706.96934961213 14814942.767332109
15158202.229941946 -413504.0890669545 3603724.8865408422 5462114.811705669 -371495.4778179842 14802146.102415217
15178756.980727585 -411085.0188834604 3611379.829321639 5468248.716222898 -373068.7437471146 14735860.698330997
15149052.45472001 -411722.2783147242 3599164.8747212016 5451809.026609124 -358210.49464319914 14705500.39426428
15200264.019722326 -349514.6499309005 3648642.5546874413 5514619.606748711 -296858.09503468865 14821991.630647087
15196142.818744533 -375212.6072158651 3633953.9840194215 5497366.759460405 -323307.46909825166 14804204.409305656
15181379.256377129 -355541.74068043806 3626111.4231651137 5478360.198372741 -287744.66024413175 14611373.151748689
15179852.612094432 -389306.5310802828 3617411.01467965 5472472.404639232 -351675.05092257843 14686552.85862668
15190605.639321055 -324939.53267601033 3635931.200079258 5490022.165190898 -221115.7347345589 14619351.069758
15179535.88425114 -337432.688001436 3639185.161266869 5492740.095327031 -258900.1718820177 14613192.249103338
15159281.899294661 -316928.38513215707 3613533.6932196254 5452903.861257903 -199426.86279312894 14401053.880217217
15156876.911520444 -317015.35523426405 3611555.86630089 5449048.017211572 -206316.53398466742 14369854.143804803
15166533.303174445 -289644.2890445132 3617991.7156132846 5454367.144611301 -114986.51939163318 14324991.710813655
15167020.147942768 -288923.1032233107 3617953.9991454976 5454317.608025973 -114267.53249056039 14324343.891927216
15169405.183686443 -289141.347943572 3615340.4944084757 5448664.418825102 -111180.20642271958 14266392.172015287
15151639.96808079 -281645.63824858767 3609372.8652356477 5439375.182346526 -115560.74601800738 14229660.493740052
15185950.966929695 -268984.91728196846 3629617.5830311505 5467428.019024667 -92742.91011637337 14311022.469854118
15221718.407705547 -290725.0195895034 3637955.894008904 5480998.734713595 -107918.54117174663 14363226.494570639
15196444.434255445 -277426.3159590184 3633377.5003770343 5474856.654623408 -100746.53867987379 14366383.536506644
15193838.394708555 -283048.51851359586 3628956.6924448637 5469260.355132445 -105703.149411306 14354321.343640925
15226710.809251532 -243195.64341283028 3651743.6516990997 5508236.07549339 -87340.9962634887 14599650.199029623
15152374.337889362 -226160.12721284322 3615112.048825369 5458271.9022704 -50752.417868134406 14480598.33073534
15194338.101403393 -246378.08679149233 3646275.190163512 5499380.013811349 -85252.04473504465 14575207.879271477
15189721.774048695 -253657.18957455727 3637645.009312706 5483812.29862256 -85435.8703352336 14458333.86702178
15129222.821278905 -205905.08155753853 3619035.6174656865 5470200.622206085 -20054.642450981264 14656005.49878109
15095553.660510123 -163140.63930486215 3580573.7596174832 5422731.582454763 33042.723700857016 14586455.070423707
15209520.350609938 -247595.22887533702 3653248.6167524992 5512722.8082123995 -51772.04068040687 14673466.223668892
15118516.058723256 -227611.69525722973 3621592.0313362847 5470427.045434033 -59055.66852829412 14615000.078367531
14326261.02002298 -697147.8311816651 3471460.2361219716 5268764.48011881 -569950.8315917532 14676903.037711347
14616539.326330744 -639021.9375411014 3513261.5461523156 5333404.216500001 -542493.0332775088 14759790.61256264
14576783.226807198 -621849.4370231437 3511832.0505050607 5324967.522168212 -494647.72607141756 14662261.75609203
14608835.915742032 -611118.2657055979 3507979.108295221 5319917.396639473 -484453.91475137393 14613971.283353198
15030039.062252725 -507301.8299458016 3579475.2165534324 5432359.051041973 -439929.816998585 14868686.760562878
15080649.02711686 -476090.0219506725 3577071.7652790067 5427332.363961691 -430972.95847943326 14770419.04307943
14998549.439422855 -505172.7594627414 3548433.479183453 5386765.9319202425 -418925.36285752885 14671232.25394111
15107509.442781879 -451195.14092781197 3575473.673727118 5425564.573006849 -395378.7922372098 14743360.772346407
15151008.20287507 -434752.5363511099 3606906.3520180797 5468346.287040148 -400275.0735103945 14863977.374336027
15144754.930326903 -428289.3085477928 3596243.180699723 5453351.681856875 -384715.53178394306 14804928.274431985
15157725.004125683 -404607.54693076044 3600797.66613611 5457151.987197508 -359001.41354290623 14767765.63352281
15136632.966564612 -406697.90341969527 3596969.18061433 5449260.560427954 -365670.4302412883 14715255.875106692
15218726.862520194 -359705.8234877066 3628720.2516770507 5489046.010768974 -308347.37295115326 14730347.513151273
15203038.786644705 -342389.64692946157 3650569.603672726 5516783.19106711 -275523.61588723946 14820093.470448624
15180203.847941808 -352098.83888035995 3619469.4769579615 5469902.707156294 -281238.6002812726 14589521.522909055
15183384.07027358 -343602.0867278544 3627256.2944125324 5480001.419947175 -266504.5841221985 14617005.592845771
15180810.547634441 -331232.58509824675 3635912.6823747256 5491903.593612756 -230521.34672527236 14667182.1167461
15178522.920546552 -329354.57673429843 3635296.654077223 5488498.192919224 -223131.0881922634 14614914.374742648
15169060.77756658 -318816.2630082647 3619007.395348875 5463669.337285264 -182808.84197939912 14486163.086440267
15161857.494372036 -311035.0947704004 3611314.518879112 5453358.080261284 -165522.2549068548 14456384.52641392
15174812.634792415 -295127.95935787895 3623640.2050420693 5465822.730292318 -137944.09876045195 14421557.323310886
15174215.435186898 -294434.15543221583 3623679.5722039663 5465879.1488650665 -137273.2954219794 14422416.811197562
15172919.957528336 -295521.91367802036 3623565.499997411 5465710.435972432 -138344.7369985858 14422847.622644968
15169984.04359238 -290188.91748257994 3617778.7391734463 5454059.521168827 -115462.04154907889 14320073.97249584
15198622.166331276 -278022.6383910138 3633318.353198657 5474767.581171688 -101337.61266355336 14363725.584470557
15200458.38079873 -278704.79164065997 3633966.9059764026 5478220.725895296 -107612.64515333116 14416684.09475095
15198360.394114427 -276939.6757732944 3633299.3058463978 5474744.83749891 -100204.319404666 14363951.521128295
15193035.717453957 -283192.81829600944 3629764.4667610643 5472961.766199051 -111405.19875638615 14411381.222707074
15161121.28925169 -262974.8729177148 3632298.421661374 5474830.52172435 -100431.53533231314 14424923.75737174
15164203.307792362 -266763.91459575255 3629327.7563554808 5473005.554099433 -116060.60981676662 14450697.014451012
15209783.432904357 -282106.7649357379 3644409.482953325 5491126.400268746 -109659.55756874019 14435735.840463024
15163331.663592318 -264393.0355289448 3629313.6465575504 5476080.971871659 -103326.49645436551 14513387.443764197
15204880.049257997 -209492.47854660708 3641118.189477076 5497539.323072253 -18921.77426514015 14641306.061125722
15174071.484997021 -212123.46049099043 3629920.02834858 5481597.254741223 -10983.267665568574 14599632.34861374
15200284.172127808 -249360.59720180483 3646245.3299355805 5498961.675319476 -87471.58434039915 14561551.958184747
15188248.390047293 -256968.93109027954 3639380.8403066806 5486548.275082336 -80519.28479813212 14476338.366122223
15131922.181897506 -208715.1090113553 3624640.9424823765 5473845.428068165 -21320.584749921956 14602885.300282437
15096281.579981502 -169754.92725091378 3590587.871199436 5434341.838641548 19707.732389736422 14597621.641572056
15207457.98828752 -247758.8945012163 3652599.70566702 5510236.832329248 -47846.61611118526 14640085.087806495
15157526.510945015 -241537.17467266074 3634562.906179814 5486126.998817318 -75084.73855192399 14604629.419886535
14596329.695240168 -600420.7331177973 3526973.9994252548 5344658.500272203 -464341.2771579162 14703411.944475735
14711516.842113625 -558682.8030714962 3553105.5971860453 5381321.338089926 -436920.95677390136 14746586.389904926
14617596.369212888 -556765.043325381 3524721.123515104 5342671.791956685 -443726.2369428192 14691974.389785696
14827858.337314859 -537966.6862269933 3553884.702094651 5388201.342203038 -431328.6321898022 14750704.679329881
15115046.249441093 -452373.21337040816 3583703.0652165925 5437512.2821404915 -403492.1940891655 14793731.553966962
15137792.530792817 -439651.21420890157 3586995.1953188325 5443651.979845074 -405071.9519393328 14821352.333196733
15120157.330856694 -448698.25406844774 3586636.5864936495 5438542.76443652 -403756.5245127727 14744692.662336593
15146171.731605817 -428252.79412286164 3599425.3941030796 5456159.308594204 -385544.1790087382 14789655.318790058
15154401.507927638 -376340.9110479706 3613179.5205234117 5469636.238131391 -306003.40859432134 14748373.350755258
15145432.252068803 -382748.5725649162 3604912.7080043014 5457691.07952254 -325869.076345998 14700309.384433467
15150575.643675948 -378650.5575000657 3609249.6439093994 5460716.942733956 -305642.2647513313 14660270.643840373
15168167.652749483 -363665.6398413131 3617812.2079486703 5470982.533861729 -300569.19265519106 14659614.096926158
15185590.436548464 -328213.05570550816 3628872.7202533367 5481410.818183197 -223712.22060808525 14607425.864558319
15185829.872068513 -332873.33326133876 3635728.0187190934 5494016.430290175 -245206.37392601045 14708482.086178055
15183023.209844418 -328673.9136339287 3627709.8066528724 5476100.251888829 -215944.13459960782 14529365.86819673
15180757.900672635 -327913.95953216765 3629692.973471289 5482735.754325432 -215893.4502361443 14620711.548861526
15182977.210699877 -292275.4217857271 3626021.7363108 5471916.994272273 -123317.91662293006 14482884.343127942
15181629.295828013 -291937.95135310845 3626684.2307286267 5471231.723124826 -122233.10461729145 14455951.94041753
15181431.110870663 -293250.6628624196 3626000.4789338736 5471864.720362263 -124319.68940683045 14483852.628166478
15179691.747778995 -291924.13179118454 3625390.1665849867 5468445.989784899 -117426.7700319 14430644.238687215
15198984.458785696 -286229.9026370467 3634823.615762655 5481043.172595907 -126436.67671895021 14455759.326978222
15199030.430215187 -286048.10681741347 3634813.373228967 5481032.624364034 -126239.06194210878 14455727.72648163
15210684.52520406 -280336.97031526006 3637576.191373322 5484759.527431549 -124078.34268005716 14457829.691246245
15198326.255015269 -285199.5368850814 3634058.370992801 5477418.762353213 -119774.28794797602 14400764.709175883
15226849.386451049 -292717.5837938855 3644424.4645923977 5490957.342875621 -121035.47571031292 14414959.131149348
15206402.387056509 -287343.8798557225 3638042.750084785 5482363.59598515 -122567.16511089217 14403928.90726964
15204899.249572966 -285979.2532459143 3638179.5224070377 5482554.717922161 -121285.39064047612 14406245.5004302
15206786.426052213 -286115.3457586184 3638056.268321557 5482382.455407041 -121326.8208241531 14403624.655177897
15191842.059293 -249553.15032046204 3645347.04134864 5495640.3223825665 -96526.94244669759 14523329.335290225
15148751.009657707 -231452.72159252808 3617806.254941022 5457296.193483798 -75550.5030132751 14405435.10361805
15179885.997241413 -258170.52944744585 3635624.451135507 5481911.259042507 -104656.15649835937 14474601.129779065
15179594.279296074 -257614.7377090284 3635243.7207480366 5477698.509089844 -101219.98910064816 14399013.921946466
15172499.407606015 -209154.16667310937 3633027.5399256838 5485578.6400926 -6579.337687130683 14612467.274218675
15175252.61858114 -211892.91433573948 3629930.125339689 5481617.206792726 -10739.214613385704 14598628.115403732
15202752.449827155 -249912.03533791716 3645339.9015125204 5497060.090128487 -84937.68136206912 14540971.354409965
15178539.91522268 -216949.49632251318 3631578.729980649 5480933.0331711965 -30642.746673031248 14545388.34666957
15163919.198733907 -217222.08604616995 3634049.269986211 5487121.264739638 -14742.762472081009 14629421.865168337
15129873.690702025 -200802.4601289763 3617526.0766463573 5464452.707925967 -6256.762541811313 14573606.518044647
15204297.111256411 -248115.67197954396 3652635.451819507 5510273.081678409 -48216.902582159695 14643184.507743467
15153083.010934584 -238050.81891947152 3637531.113853418 5486102.43763566 -56941.572780015405 14543281.17626624
14652256.245937895 -549831.2643641252 3516501.122924196 5332889.756751568 -420848.7909511544 14642513.762716066
14791622.699883701 -530718.8125626626 3532187.4442108646 5359429.502678056 -407451.6820652414 14688843.178797156
14607957.743397087 -566615.9977319668 3504038.277207938 5316721.277423067 -422521.86262027867 14637625.328421703
14956295.897859382 -492086.17982216517 3573195.50792351 5420755.846234784 -381561.1382833555 14848519.432800367
15116334.715048831 -416572.2913802558 3597405.088573374 5451961.305903365 -362222.8751934278 14779979.054180346
15139506.265637191 -394848.15812800376 3603778.8048716914 5459699.125841584 -342000.8786061805 14771342.087718094
15133767.414312663 -406693.27059182833 3597614.768515835 5452013.3040083 -351536.0329506387 14758973.322431788
15160000.314318804 -386755.53247797687 3610419.428570929 5469631.859283453 -333780.2629797727 14803408.97104519
15165696.491512276 -359633.6375609001 3608857.375275487 5456056.977030094 -281170.7760467758 14560580.485279154
15161887.54901988 -359273.09492037847 3609115.980930309 5456414.317562514 -280832.72064045083 14565846.963414412
15161516.64923928 -357407.12673098885 3603016.248945126 5447368.991288607 -267624.3609839962 14519505.425849413
15173355.219653705 -338777.83090964134 3624851.3820262416 5476701.318649858 -231774.8175264797 14613940.516373156
15174525.137975931 -323477.5798551378 3620785.7628285703 5466239.010868648 -179416.23875896385 14492968.096737796
15203338.368679598 -309812.9499641677 3649715.6690899488 5505639.068925953 -180654.42025478746 14615698.114816453
15180528.85380965 -312523.5210138582 3634843.5558968345 5483559.777627663 -159384.09300149558 14524108.27362641
15211641.501022832 -301300.57787517825 3639608.5526161273 5490199.753705895 -133072.01369437255 14520965.25099221
15205029.620835377 -284524.55407859344 3631799.6988248425 5476737.766668818 -115939.16382740102 14430132.212099457
15203831.370011732 -284406.1485671786 3631895.3115963456 5476861.765954246 -115821.64161666785 14431706.967045292
15204636.983363682 -285276.83268129354 3631806.125053906 5476736.6027108785 -116686.31587474265 14430360.190021152
15203430.120237289 -285149.1509060355 3631899.7132310984 5476857.945774321 -116571.27681372542 14431934.975157177
15209837.055707503 -282710.2067319263 3641538.126849336 5492526.634991037 -111763.95386446959 14526856.743529726
15229637.565164272 -291158.0707331034 3645020.800731158 5497429.754475363 -114660.2272658462 14528499.805763248
15209868.24429544 -281748.14962218166 3640799.8090501875 5488943.501079697 -105157.659464208 14471405.868211227
15210283.266508488 -282663.5449388922 3641525.4982524593 5492513.856692386 -111710.12634694953 14526432.802832823
15163807.16928035 -264980.5684453539 3628623.3760975 5469482.566106654 -108590.79444596778 14396129.758215083
15162941.678975891 -268855.6512785402 3626522.4291458214 5469450.941440768 -119554.37482313128 14442583.571500428
15173969.128607506 -260894.68603829085 3628626.000414365 5469730.631177452 -109469.7623440333 14390871.373669373
15208969.636328833 -251002.5447209817 3636670.205991567 5487643.894181789 -92179.81111376056 14537163.583826488
15163281.2702976 -224342.31809351515 3625134.306695161 5468511.770486004 -69792.36739383158 14453999.266037019
15162141.737456502 -216163.97065927627 3620872.182223587 5465827.635688747 -42790.37175700665 14495222.785837501
15196665.069813803 -248516.1674478536 3645484.3739867904 5494170.820140383 -93828.02170210844 14486094.991971076
15197744.95388269 -249261.1523464122 3645307.071047738 5496996.8230705345 -84261.27646836391 14545435.792249091
15178710.548438948 -214557.3330312725 3639821.8086361554 5494513.471113519 -19010.48028398707 14635478.871690517
15174838.158171926 -211228.22686607146 3629979.439455752 5481683.39347653 -10047.341576127264 14599281.760433631
15207307.048380954 -244205.39823394836 3653222.709864991 5509260.316176008 -61935.33589634204 14606999.496968718
15178238.759433934 -218100.47823911408 3632656.410644999 5483307.76663792 -35933.919994460455 14569475.346081529
15201660.512673149 -250621.8541478757 3652724.194083073 5510390.864429828 -50814.29709152067 14646224.258411402
15192362.495294714 -213140.4149864317 3630945.996885421 5484045.333573839 -21566.83811346816 14607732.068768766
15216669.374140294 -259739.3832744154 3652408.108264862 5508224.570447642 -66849.862953735 14594843.514002755
15202612.118558047 -250181.9920511609 3647268.4986170623 5500338.734916515 -58152.69704903377 14564255.539283589
14687351.762834663 -526721.1631751561 3537105.654300033 5363072.035767024 -405283.10540271585 14757764.180702595
14983321.73165363 -481543.7599031535 3571509.80639466 5420350.090399242 -378663.0602900467 14850463.926550332
14728125.766647233 -504202.31311637245 3552009.1140208743 5383470.641646015 -384176.21566214284 14797086.183465276
15032808.76333209 -456493.8301829965 3584016.3051025495 5436521.129225454 -353743.8648089711 14849254.711245598
15135706.930151762 -409698.8864645082 3597528.761409898 5451861.188848271 -354551.5896483708 14755883.671110753
15130394.796066359 -409677.04289218556 3597957.4836602197 5452426.153223999 -354532.01571173506 14763063.173625456
15128189.262544032 -414041.89819909877 3598518.7765087984 5451793.12396348 -354473.95945435675 14740259.67200141
15158655.64580929 -368139.1626077523 3604753.292570884 5457554.145155625 -279955.8267745946 14687854.342858696
15193407.91491355 -362692.9974164323 3609578.8237715703 5456208.358430802 -271337.3365212092 14520024.85705381
15178080.198590372 -344092.5426782914 3629411.950533828 5483733.704923485 -236037.20210983377 14649530.7670407
15178769.044969888 -341624.3030542868 3623643.4136361517 5471991.220561259 -218320.9334065939 14540900.024251841
15179327.000283277 -335968.5290069673 3630357.392825502 5480898.950426251 -205605.00946311504 14570789.154020883
15177659.048697134 -307140.02978547587 3624588.986329778 5467649.265239808 -133876.31773919225 14434368.371009367
15194582.749468608 -291436.56468822155 3627025.0900721406 5470384.811708013 -117324.80926717649 14418561.34652498
15196829.003371894 -292903.64812171034 3626940.4854150764 5470241.561504724 -118753.54207216033 14415311.374662768
15194505.970859922 -292932.410733001 3627073.1315163784 5470432.04578142 -118811.69699040662 14418525.902680507
15229243.87058734 -298333.69769641757 3636397.6674567848 5482943.604682118 -123533.46365880407 14428879.404078905
15228740.879745495 -292977.73652542545 3639884.781757309 5488358.5859199865 -110151.15936278812 14460965.50589526
15186399.35059242 -279023.03517291526 3634771.310207089 5480409.704008306 -106699.76395319289 14456825.773679413
15209484.542301869 -285307.0746944908 3636388.1371342386 5483443.31377278 -108029.53096014084 14458842.584364643
15165840.503068997 -262281.062131575 3628466.147834656 5472362.262598257 -95473.2165401654 14455149.373107012
15165927.660250785 -262502.5256904929 3628461.432608594 5472355.122352368 -95696.54120995472 14455023.154160554
15166429.518004933 -262212.8693206457 3628481.019414957 5472388.153818409 -95408.86850670523 14454751.009130029
15166517.34566796 -262434.3547909718 3628476.8606068282 5472381.460057942 -95634.39874891419 14454620.808401072
15208525.522058047 -251704.25578065205 3636462.4429635387 5480597.96809179 -100346.03673475426 14401259.957057128
15179098.815944178 -257900.85685077883 3635235.444356468 5477680.517380139 -101507.44991996276 14399331.639452213
15165905.530904926 -268243.12287719 3625735.5134762204 5465812.715565934 -113246.5350908061 14384167.352843756
15182118.603031462 -253820.19792112027 3639325.332621182 5483347.842351658 -91447.14451526308 14419680.817391982
15169513.193754407 -218679.3437310646 3631898.703648099 5480619.878146382 -46386.27241187989 14541112.749792963
15161459.812781468 -218870.90183483873 3618082.3092957037 5462286.768076106 -46978.97327945975 14486464.580563772
15197703.81400234 -249609.88823792894 3645384.5167252887 5497109.215372608 -84614.62749227246 14546021.004266452
15199679.21966061 -249730.10530795305 3645267.898630405 5496942.571036871 -84717.84875337975 14543278.285871405
15176285.334975531 -216466.3319544042 3637035.933022735 5490978.782758901 -22340.141548308475 14628499.60242657
15176245.030572686 -206920.25473045287 3634117.120097806 5487404.9050784465 239.08725467140613 14621276.171965173
15207744.857019518 -244698.64465858563 3653989.9132684125 5510956.099905063 -65497.688697465885 14623598.889571818
15177152.138024725 -217946.4024447229 3632691.4292534846 5483357.44214569 -35778.53204439825 14570785.06312368
15215895.683258394 -258666.86675085046 3657455.566374387 5517457.513130388 -56893.07995102951 14669231.86243083
15200385.224033266 -249364.51893607448 3652643.360228116 5510271.6257317625 -49509.826825334065 14646893.180463998
15195719.331779823 -251431.9555249507 3648563.4111459963 5503005.756240043 -63620.63560052208 14596000.536453342
15215430.756341795 -259412.64992508304 3652336.845999147 5508116.341377044 -66508.75348351712 14595485.319780229
14801722.637038657 -505830.1111654772 3571413.8781857635 5410696.435532587 -405189.86668486777 14841100.394097324
15029618.162453486 -468801.9075878195 3577516.995370317 5428249.562980349 -373043.77656600357 14829998.829087779
14861780.011615861 -467806.0683051654 3555042.6596195195 5393015.961647154 -361903.4147204508 14787600.381740436
15127642.581332134 -384181.0521435469 3615275.0806670347 5477364.087761298 -298743.6889635149 14883587.053016344
15120800.026892351 -404612.28711212287 3585441.941357493 5431107.807389854 -322745.3442512182 14621632.90598875
15181252.79556946 -350820.53758856514 3618236.6652781577 5470366.091690242 -251415.83994556972 14624862.029830052
15112855.587704081 -386845.2990912324 3595957.5606227578 5446201.556589759 -291194.73814148013 14700108.817014266
15161812.234349774 -344679.119282427 3615915.724408593 5468353.789557101 -245937.72550300419 14655117.333626505
15188814.316157103 -333183.9574476532 3638696.983402496 5490877.452878884 -199429.0390491749 14577400.847001337
15199396.500284027 -322269.7353937951 3644712.178042399 5498895.489305964 -187438.30306889687 14594845.160644917
15222741.650598092 -311031.3009221503 3657312.7395307072 5515028.453841817 -175708.21259932758 14616946.930219524
15197113.074357146 -306196.5994034673 3649972.3142273617 5504785.070202217 -182407.95400723457 14599197.235382779
15175950.47826278 -288803.489671767 3625227.633903126 5467066.426355529 -119573.6459616761 14410369.966968426
15173708.75469291 -289012.10299868847 3625387.280364011 5467282.226564169 -119804.49856999792 14413415.469481256
15176411.422658913 -290225.5963562509 3625274.7300695833 5467124.197247028 -121041.77754516026 14410028.33216186
15195426.348097946 -300650.2407942605 3630232.4068150856 5473830.58475587 -125326.39551414884 14416072.266156754
15173515.80819094 -259236.74319315722 3628250.6066526775 5472087.970032555 -92400.60854536657 14446730.109017234
15172351.96780135 -259516.25371235452 3628315.384873814 5472181.115191274 -92649.52420287316 14448331.734410562
15174133.309138404 -259968.72204192253 3628263.9656327167 5472112.56318796 -93151.58038179112 14446310.578221243
15172960.078159189 -260250.38460385613 3628334.8956820956 5472211.580702932 -93398.8656648002 14447903.701033825
15200419.669019291 -257661.83889316663 3629464.9798871423 5474966.572838773 -95853.52018515281 14450682.10333783
15169657.066857075 -263901.42174958164 3628327.144345526 5472170.021277921 -97065.91493672153 14450546.062911047
15170529.406760238 -263736.18549415923 3628331.9829723514 5472184.298933942 -96909.11817133517 14449852.823700557
15170343.842074187 -264005.74163878645 3628345.882615436 5472201.210245593 -97180.10527173849 14450070.828856362
15181515.7279903 -257973.41956960034 3635184.059111737 5477617.736434122 -101554.81864489165 14396789.588038316
15213619.37973052 -249964.86450530874 3639055.7946347953 5486948.086583674 -86849.99178603759 14466114.732634231
15195194.509208117 -249451.2523620295 3640719.6663500434 5487949.122299148 -84817.9645573626 14467955.16849678
15214251.450764077 -249547.87647595853 3639063.912633902 5486967.083054981 -86431.54121609543 14465684.000395484
15166569.67644903 -224287.68993099965 3624967.913249295 5471361.064372596 -59398.945521211324 14511357.394625425
15167774.057450129 -224351.58891139994 3624909.491484988 5471272.23416689 -59501.389948415126 14509661.664513884
15199734.033227073 -249524.35868195366 3645307.4032736947 5497005.997384508 -84519.66744761963 14543622.924822172
15200950.549487395 -249595.02753110917 3645242.3219885956 5496910.492152035 -84606.65759491562 14541928.070070107
15237966.236060718 -238605.65968096774 3654332.79495108 5512014.853282324 -61362.8081903862 14607009.16636635
15172477.808931334 -224497.5861733741 3624816.7917582304 5471162.242314377 -59645.496318310485 14504797.47863411
15203738.093930932 -249694.90340525753 3645226.431497422 5496900.14368649 -84707.15125893446 14539283.130044984
15205169.378600031 -249605.52898114122 3645131.2357633044 5496771.931779515 -84606.89026833054 14537381.945326839
15212385.4240563 -243436.73040151515 3653885.3438269235 5510829.953856764 -64212.37079833057 14618735.93863251
15194684.053640887 -252409.40284771955 3649384.8200396043 5504772.86729416 -67695.32805012402 14614307.131479282
15208135.408241445 -248729.72414326048 3645908.6341959536 5498495.771370848 -86801.6709828021 14551789.926774705
15190130.546118166 -256838.89432071734 3640473.9640965024 5488953.287656444 -84505.96173197626 14498507.8861827
14915466.716811724 -422227.6338801497 3573029.004141416 5417027.217763374 -304320.0927912663 14818439.149435332
15108260.514582667 -361626.5274773527 3606436.9994733487 5465443.736250357 -271374.73462441604 14858999.792488733
14898468.41838175 -405562.9064835004 3581058.3870373834 5427189.1979721105 -271228.7535923865 14862030.576043783
15125856.859811153 -344956.8463311829 3627017.559250309 5491488.150438399 -236726.23924179084 14909519.348011296
15121038.998722954 -343477.4947932151 3604168.2075784425 5456173.541140122 -243918.88347130196 14710730.736807419
15182136.23035092 -327114.5036985458 3636664.1256781654 5495146.509332294 -212103.45722833322 14714182.839028182
15191626.424971081 -312465.3311751063 3644737.9918790874 5507815.370197823 -175255.3747541593 14780444.748760767
15227545.533121984 -285090.6208946668 3662481.506462045 5526967.432728281 -149568.93532303633 14737209.707852617
15180108.804265894 -292241.3705212989 3638935.10876828 5493468.016347066 -176908.11901408274 14632678.941704866
15170999.310760943 -283427.3456470261 3628413.7012260393 5475160.461819644 -145206.46316391148 14507108.305381393
15187884.890807927 -275280.6456169445 3638985.8602521033 5492173.38886862 -144103.87043898035 14597893.803566609
15196214.698950017 -268373.7083159984 3640848.3822284467 5490982.593831521 -132265.3606622781 14524772.605448142
15156186.855062716 -275666.22638289473 3614582.7777835866 5453588.259699249 -111371.25169627891 14394757.097487569
15153933.87686986 -275926.0352801059 3614698.5742441122 5453757.771958248 -111644.42096169853 14397852.788662149
15176578.54549886 -260285.62684538693 3628367.0851569176 5470842.813112122 -95159.98608388979 14416201.723371219
15176621.239598839 -256880.86704430575 3633179.2031982415 5477877.5833455175 -83128.89342568624 14450987.825924845
15158534.008087084 -270248.40629712277 3623619.0361670954 5465871.218262217 -97974.35117886704 14439271.424323749
15176090.366429714 -261230.29701663216 3628172.9806072237 5471990.74657703 -94459.61016083781 14443918.850638444
15171906.620602068 -259797.3039512194 3633211.818412464 5477882.282853017 -86122.79566551825 14455078.901128313
15189455.957895797 -250782.51452190158 3637768.114926855 5484004.336141765 -82603.13521545395 14459732.10177288
15186246.35081165 -253014.99973384754 3637779.9546131166 5483987.28305906 -84801.59602476336 14462340.167360839
15185735.853837743 -253281.89977355616 3637821.0490241423 5484041.145297838 -85072.19463567722 14463023.834484331
15187169.31270187 -253961.46676191536 3638598.4629005524 5485759.916800825 -88831.45583517142 14478862.701058147
15186398.340126075 -253596.69524510522 3637842.8525432195 5484075.1346913455 -85393.761661637 14462561.462259078
15185636.885380225 -256363.30428196918 3638885.513024335 5486389.298208611 -92321.61497026065 14486667.66047857
15186063.85203977 -257171.94541102517 3639669.1538455985 5488111.161270675 -96211.8009786226 14503437.864787942
15228930.86511769 -244422.06209245315 3642811.8691967702 5492959.340093123 -88932.84275540196 14488394.685682246
15198519.034787403 -250569.1301962353 3641657.188246047 5490139.364274975 -90069.20161574577 14487809.988941986
15200943.342998542 -249466.14943887552 3645266.013926825 5496942.345056011 -84493.17069889538 14542051.098385308
15201516.736890165 -249541.53229132542 3645230.0980971293 5496892.529723208 -84560.00107753313 14541271.560682097
15201413.220528942 -249481.59698097053 3645930.1481948616 5496943.186109885 -85765.04855873645 14526987.093881868
15201761.541820262 -249172.17491319188 3645230.166562611 5496896.760860712 -84185.53606767657 14541109.878444064
15203445.283174701 -249580.95835821508 3645238.842235362 5496914.866842387 -84596.46037185293 14539597.410204442
15204418.169051735 -250129.1560999423 3645982.8096030024 5498583.637798984 -88210.80801298436 14555632.627085904
15203305.247097546 -249153.57939576122 3645227.136939134 5496900.567194673 -84156.10611494549 14539708.974254252
15204016.94936319 -249075.84584656678 3645174.476234546 5496830.66612381 -84065.51757711971 14538757.754512502
15205871.51172095 -248173.47197667148 3645186.9839224727 5496858.424492636 -83171.67721886239 14537183.215354372
15206212.634778658 -247699.15574461257 3645032.202551136 5495086.080993619 -80866.17126243928 14504800.423895095
15204887.257606773 -246879.880450897 3643995.250588892 5492761.35127586 -75916.87894118372 14482444.138109324
15193097.979617005 -252509.72678149646 3641200.3267924897 5488985.917648602 -78013.81958963843 14480213.078302883
14996697.86026913 -371397.63071351947 3596018.6982673765 5451596.603004021 -261546.22215926027 14922822.516745184
15131083.629051197 -314586.6623665314 3637941.552351293 5500723.187406614 -201915.57308953512 14848665.276812881
15060376.256712452 -343999.31281635625 3619921.366928296 5479100.0180404745 -216430.43566423876 14883353.63175105
15129926.428292276 -303765.65636919264 3643360.150977808 5509878.600323204 -192669.83238848942 14913721.819407986
15172661.485708468 -269404.46196923475 3649015.575772448 5512087.124845482 -152804.4851317776 14790737.789127981
15208332.054615177 -276930.4765579531 3657608.8960136776 5520360.336808143 -147601.56770162008 14731478.670172129
15169333.998962477 -261041.42364802284 3649794.075930123 5509311.342075695 -144030.6602176866 14721422.791470312
15208522.957520192 -279554.20603672316 3657702.5359507487 5520463.06719721 -150280.08149179706 14731282.374998504
15188040.734915815 -272696.59209663724 3633403.110223284 5483348.07509234 -128879.04125941728 14544052.183930697
15186691.55169599 -275746.1623034593 3637921.5368084474 5487038.702942286 -136128.14101853903 14519808.513005197
15191911.033140741 -268721.3302054229 3641416.663144493 5495712.735646277 -107622.09013747939 14611176.959666444
15194101.013325809 -264480.8782641356 3641404.0548286955 5490549.59391679 -104153.92561604842 14506001.500867767
15179281.723214883 -261308.28524626797 3628224.204261038 5470656.752737133 -96131.1752257457 14412920.708688432
15179260.599219399 -257855.95982714603 3633060.883465017 5477714.338461995 -84058.11433618143 14447686.59779775
15182057.749000277 -259108.0199140807 3632957.3759105625 5477569.3659290625 -85298.11231299923 14444267.179810284
15179722.500031969 -259322.8651357914 3633084.8051541243 5477747.341954535 -85536.60713548312 14447358.49851099
15174488.81764184 -260302.10972408162 3633086.328098224 5477711.4431932205 -86590.91706435854 14451840.682791978
15173019.04755771 -260540.9497942812 3633180.1607400184 5477841.589862808 -86852.9888083817 14453849.101809917
15175017.182371492 -261240.2999493841 3633113.4693349707 5477748.832771552 -87539.33367043298 14451463.007675713
15173537.995506229 -261479.92538029305 3633200.709426151 5477871.625265511 -87796.25452532433 14453478.7950838
15190943.168785071 -250694.0503583135 3641158.0964954025 5488923.8258713 -76163.75595391032 14482055.109087631
15188480.484192805 -253621.86450042922 3637734.0240158862 5483933.323517152 -85406.15737193431 14460037.338119116
15189736.031871945 -253883.90367074803 3637697.2560255406 5483887.711370802 -85674.70720727647 14458678.451046351
15190720.361525768 -251382.42739251463 3641230.533210738 5489024.524497319 -76866.96150893594 14482698.28248585
15187578.82765019 -255140.66234781846 3637776.937020728 5483976.8910263525 -86972.99350161172 14460866.26549628
15187355.026121514 -255289.26924433155 3637793.749204858 5483999.207387738 -87134.4139105845 14461166.52761788
15187983.38238443 -255278.70929293655 3637786.917112938 5483994.369812049 -87114.59802502005 14460591.727782376
15188089.777483247 -256246.35226012208 3638837.3314996934 5486335.390909259 -92215.42109274077 14484196.639034126
15201676.64239983 -247531.2069129097 3644054.640847322 5492826.215687869 -76597.48963811682 14485645.43173077
15201764.84111309 -247591.3238642906 3644051.624098657 5492821.24058255 -76658.19703793107 14485524.108507749
15202120.276617927 -248094.9479755618 3644854.412398522 5494571.07305908 -80239.16512402058 14502503.973863164
15202207.572900204 -248157.990749294 3644855.250812178 5494569.803808966 -80311.1878199625 14502372.857248673
15203003.30256907 -248372.40900196278 3645101.2650855053 5495168.34507467 -81551.66091823255 14508135.650199313
15203363.74797443 -248939.81918740415 3645898.4846395655 5496906.236645538 -85200.69836986375 14524994.214261562
15202861.528568203 -248307.36886233184 3645094.15736552 5495158.58264724 -81486.07934852126 14508238.545198696
15202959.778948987 -248250.1398042177 3645096.6415193267 5495159.787246014 -81427.40512903943 14508109.743870458
15203623.759456292 -247356.76338519924 3645106.407619058 5495181.434535937 -80510.0049359019 14507663.867389403
15203452.606613662 -247179.36970313225 3645112.601334337 5495192.831270714 -80328.43183203084 14507926.694129337
15201347.26866572 -249994.04768935675 3641383.446143435 5489521.835027196 -88421.03837672884 14478653.519330414
15202634.842434257 -246474.68500072713 3644066.4874056755 5492853.1450422015 -75506.0319067336 14484965.238876294
15135142.517293703 -306159.41233835864 3643275.472166546 5511288.032529001 -196894.5423552609 14938557.487241628
15132384.516540634 -303378.09982500446 3647094.4966728115 5516794.039961186 -187890.28129003645 14967417.048356978
15151596.92414607 -291150.9834835012 3661453.5487234495 5536546.055472424 -162795.97399265316 15027345.998758819
15206612.73942597 -261295.80422662332 3678819.5930396356 5561791.208946659 -147678.24286734892 15095180.22957225
15157232.356302543 -266908.8275796503 3649497.833438422 5508454.171662757 -144658.1646686099 14722898.456096077
15185440.334800575 -258677.16518110852 3658905.87692683 5520523.705645838 -128019.58047209818 14729104.324726118
15179248.155078428 -255167.63984323936 3657509.041637878 5518774.637170577 -125309.9340870746 14731045.494906114
15189352.029874798 -247394.790461822 3665119.9098876496 5530313.092929259 -118897.94445011667 14784271.694569772
15217988.561463233 -272752.10509172245 3649441.6274319016 5506151.691185247 -107147.888224778 14617329.274547897
15211657.578193983 -254961.64017732782 3653266.133693071 5511802.925881933 -89330.83768461127 14652545.869529203
15192151.952155987 -257597.8271030369 3647913.996259196 5504561.905487866 -91527.92485593681 14644978.08357405
15231041.967569357 -262510.96123373165 3660723.273226398 5522233.167222833 -85546.86782236856 14677709.252214266
15183844.682109684 -259786.97354499114 3632875.0470605986 5477461.108788602 -85948.01343515566 14442126.307801427
15181443.113280557 -259933.09683112282 3633036.037977693 5477673.477659993 -86139.96072871372 14445233.492864879
15184126.659619108 -261248.99059304167 3632914.0810871283 5477507.426857883 -87448.22074786833 14441911.953082558
15181723.325504279 -261392.62174735198 3633068.3810098935 5477712.842745648 -87628.20841671103 14445029.042093398
15176746.577989599 -261427.74600588615 3633044.8220141344 5477654.767690969 -87699.30398141255 14449362.571198944
15187357.14430475 -255705.51500608155 3635912.55089244 5481529.905782788 -85524.58726653515 14453164.724666834
15177089.319544038 -262404.0163003373 3633068.978204734 5477685.807019459 -88684.8642417815 14449109.18261796
15175892.015788473 -263373.2144228708 3634200.3131133616 5480136.894796211 -93827.90612016713 14474438.867846476
15172437.923243001 -262888.45202073385 3633155.679332199 5477787.304681517 -89197.87576776934 14453883.088095142
15190396.914187003 -253774.2710730545 3637674.757001074 5483862.392639832 -85554.56703995485 14458006.150587855
15172761.892261392 -263471.13292608794 3633171.229333226 5477809.04778997 -89800.02667640071 14453651.88393314
15190712.773104692 -254356.14450651468 3637690.5936578237 5483884.201488057 -86156.42317530542 14457778.06538881
15189167.749576347 -254682.55119636116 3637708.5442689704 5483895.784602025 -86478.18540180364 14459159.830340559
15188706.969448969 -254780.6832818404 3637749.1851922693 5483949.051723668 -86590.45485514861 14459791.856194295
15189415.779196616 -254975.39082271073 3637718.1834827377 5483910.121257626 -86783.62770783596 14458986.4739199
15189286.157668887 -255897.65426398403 3638790.418263698 5486279.898614729 -91835.77875596083 14482922.480529454
15190509.292849727 -253158.9241080313 3642044.810475917 5490779.192288116 -81751.92691139753 14500088.593753038
15188287.58210244 -255275.12999409137 3637790.9506480894 5484004.968974547 -87108.20288749083 14460410.756731957
15188634.719239522 -255391.53049159626 3637773.9080639407 5483983.111590164 -87216.69893115542 14460001.408228515
15188389.104629723 -255427.54950804226 3637793.9499580776 5484009.629545547 -87266.64595616637 14460336.462490045
15202308.687985128 -246656.97616608918 3644065.2037679856 5492847.285415769 -75705.0311930762 14485202.41930276
15202049.544636527 -246622.79643227125 3644081.5564238997 5492870.384618233 -75671.0371556241 14485563.792299045
15202205.92599747 -246820.24651012354 3644061.872182899 5492842.173084707 -75874.75069819989 14485276.22900958
15200226.748234645 -249497.50629141554 3640607.298321615 5487809.340003323 -84861.75213886522 14462599.374294423
15201778.804469423 -246029.18258261762 3644093.8656590544 5492889.820551728 -75050.90767610185 14485952.450631699
15201227.015613511 -245930.13900395704 3644125.5682298825 5492935.614294102 -74956.43000732905 14486722.655808553
15201473.240916729 -246378.467675048 3644089.0055154846 5492879.70558892 -75415.62819199961 14486162.6364532
15200920.339281037 -246280.18917145845 3644122.0130432653 5492926.794526937 -75321.80581375421 14486931.149181858
15155749.688208247 -287537.88222970854 3670843.622655679 5550969.210715642 -148525.962211786 15105074.777800167
15205859.841034932 -261473.183835991 3677008.165656616 5556711.144515544 -138867.11293309488 15034183.324590696
15190634.143671796 -257565.44759970694 3674767.632535104 5552534.072035567 -113996.34212313606 15015159.368003668
15216736.864367476 -251347.2796609663 3676117.2318448713 5555641.717676693 -112851.60194651526 15021518.345745694
15179420.143107066 -256515.5935233883 3657525.465827836 5518787.262156133 -126669.83413683831 14730764.74514454
15191409.523232784 -245820.6791295245 3669419.5231364733 5539424.688214443 -107138.27741621756 14869854.563678516
15177537.90291929 -246273.38265837004 3656862.489032058 5522054.03065819 -89702.47890798729 14812567.874064907
15185822.733081544 -240399.75786359963 3659827.9989727554 5526070.808413783 -87304.60000839941 14819377.316678213
15160092.0640869 -245212.0703316111 3642615.6980581526 5496954.197390384 -88252.9376598553 14641446.403011793
15214595.554733263 -255871.84530115177 3657872.8689225405 5519270.953770194 -88139.67628601207 14697620.30700923
15204865.887039315 -233376.85526335257 3651187.4409565255 5511030.901698308 -82834.63739343168 14689628.33192245
15203518.346258642 -251397.5392534606 3654326.8116608085 5510773.6307213195 -78305.98456872004 14616764.322293734
15204222.964305846 -267296.78307938244 3640286.6406543516 5487837.918207952 -82139.42123138889 14466229.17587998
15182619.533581017 -261775.7461450706 3633035.8035230227 5477669.089828006 -88012.8228266083 14443974.490415467
15190317.552609364 -254380.7443725366 3644375.6633576355 5494887.326698282 -56999.748417393945 14531164.260748709
15200425.072657732 -249414.48030377444 3648348.085791446 5501168.801183179 -59733.823532074704 14559292.970783282
15177983.377208708 -262407.9490375168 3633049.86254817 5477656.010947714 -88674.03886977173 14448039.750262292
15176383.707611537 -262463.7818836272 3633122.706814189 5477764.2911226135 -88771.58880141833 14450202.44699866
15178106.507025857 -263421.7667918455 3633072.9426451824 5477682.631922814 -89699.71993772362 14447941.278578809
15176502.430064047 -263476.6431512357 3633145.627873826 5477790.316851321 -89799.55022658795 14450099.976081673
15173527.704646438 -263033.3457230652 3633138.4909111937 5477766.024153396 -89357.93832742417 14452745.854147881
15172816.485212946 -263743.58412992663 3633995.4486897653 5479589.38474472 -93156.23995020398 14471071.213398682
15173643.96343232 -263658.49428580573 3633151.0034452784 5477781.319639011 -89999.25908482172 14452660.22970759
15193512.767504144 -252390.8752494725 3641946.980148692 5490659.746407623 -80967.45709853296 14496848.47296291
15190005.190054163 -254236.75224638698 3637677.2934645745 5483859.9675087035 -86018.68856738618 14458293.575649295
15189414.31865005 -254272.91669272166 3637725.1803338737 5483923.330817227 -86060.96780657866 14459098.199899493
15190076.522029595 -254614.09064132912 3637684.007604858 5483868.273245443 -86407.3575585042 14458240.647507168
15189747.110467931 -255280.51041316692 3638530.6141522094 5485672.286970653 -90160.67679869228 14476024.987659987
15189180.39483442 -255085.51662924016 3638552.3368264223 5485699.068839504 -89971.7257374415 14476649.4450598
15188512.689549267 -254462.61923669916 3637779.338527349 5483994.449305744 -86279.37053026604 14460230.72367824
15190912.925984818 -252634.00744704247 3642028.1250365707 5490760.166226952 -81216.62717599224 14499671.520371191
15188787.177605825 -255349.43719717392 3638582.0979352132 5485739.431953589 -90255.99840075934 14477195.1813851
15188473.200566923 -255067.6381348766 3638605.4175237925 5485770.985386482 -89966.78223840876 14477627.200947648
15187769.443148678 -254427.57256559332 3637841.378782735 5484075.8747863835 -86250.06148717758 14461237.597694667
15190140.430771705 -252633.33967324346 3642082.0284813223 5490831.738696634 -81230.6422966173 14500689.59636503
15187718.097948378 -254705.58642271228 3637845.093747596 5484078.8339564605 -86537.01954646567 14461266.397082621
15187067.373080047 -254193.48104131778 3637853.1983976713 5484093.019266602 -85993.36105408547 14462022.528433805
15200502.708231006 -246204.1277163368 3644938.2827824615 5494695.321187341 -78311.80057848546 14504761.372154705
15199113.708927376 -248778.51623954307 3640627.4212855017 5487837.917202192 -84117.57425710965 14463841.2460185
15200377.879940582 -246655.19835235816 3644939.0214402466 5494694.2860998465 -78778.70264335161 14504849.246269993
eps 640
0.000974285967894741 0.0006407852768495879 0.0006407852768495879 -0.011172016238933213
0.0036314212550384653 0.0008837536775782803 0.0008837536775782803 -0.011172289543472505
0.0009740409163647908 0.002146774576284012 0.002146774576284012 -0.01061943299165344
0.0036305099243544086 0.00238774537350221 0.00238774537350221 -0.010620452265615995
0.005384586514394589 0.0009868197525685623 0.0009868197525685623 -0.014944028697926428
0.007518498758873975 0.001313525788535817 0.001313525788535817 -0.014944329360337159
0.005383500654571367 0.0021996726276467386 0.0021996726276467386 -0.014199708064786189
0.007516703959262358 0.0025250089138966303 0.0025250089138966303 -0.01420082910263389
0.008878733142131695 0.0014514955720362449 0.0014514955720362449 -0.017840980100234684
0.010461844736569715 0.0018079048318158 0.0018079048318158 -0.017841212890411007
0.008877012919571573 0.002353336153656464 0.002353336153656464 -0.017027875356755318
0.010459519534280756 0.002708916070994948 0.002708916070994948 -0.017028743259431857
0.0114397870363094 0.001972190499042266 0.001972190499042266 -0.020233559666047996
0.012528634913933745 0.002339773867863122 0.002339773867863122 -0.020233724038373736
0.01143779398697459 0.002593606477575942 0.002593606477575942 -0.019393150778514074
0.012526216485241907 0.0029607205892025795 0.0029607205892025795 -0.019393763583466363
0.013103636301858772 0.0024651347261260663 0.0024651347261260663 -0.02192660040343166
0.013584712324626352 0.002784128590603192 0.002784128590603192 -0.02192667740727009
0.01310265904775491 0.0027386959221362595 0.0027386959221362595 -0.02119621092594731
0.013583619147756965 0.003057525156955486 0.003057525156955486 -0.021196498057412045
0.013671953239305722 0.0028160458131782696 0.0028160458131782696 -0.022853612305992574
0.013426902458039 0.0029997855800013777 0.0029997855800013777 -0.0228536073263188
0.013673279685842912 0.0026732926509845873 0.0026732926509845873 -0.02243362788895142
0.013428321978366279 0.0028569873485349414 0.0028569873485349414 -0.02243360932357575
0.01297871541482375 0.0028795404181486514 0.0028795404181486514 -0.02284191833431064
0.011996479603412191 0.0027907143844025373 0.0027907143844025373 -0.022841982638988276
0.012982382375744238 0.0023163720022210533 0.0023163720022210533 -0.023048464491055895
0.012000131700964718 0.0022272742224543705 0.0022272742224543705 -0.023048704504626285
0.010881228050711206 0.0023501383124654787 0.0023501383124654787 -0.021498135109866583
0.008811058032434326 0.0018602354243762536 0.0018602354243762536 -0.021498609375798325
0.010887847601903656 0.001167944822003855 0.001167944822003855 -0.022621174096394366
0.008816747841667912 0.0006766003162175597 0.0006766003162175597 -0.02262294645096353
0.006892332359039664 0.0010663968674009552 0.0010663968674009552 -0.018322265961466726
0.0037141275717021216 1.7502336495638458e-05 1.7502336495638458e-05 -0.0183236734459964
0.00689887821826951 -0.000741678393079512 -0.000741678393079512 -0.020710969029989836
0.003717177807908043 -0.001794578623711972 -0.001794578623711972 -0.02071623822624205
0.0020101160731656144 -7.301276319580131e-05 -7.301276319580131e-05 -0.0157455716365286
0.0005389896160090186 -0.00024359737314627524 -0.00024359737314627524 -0.015745580282895116
0.0020108440496152454 -0.0009086980451911086 -0.0009086980451911086 -0.0161300631452428
0.0005391849848415947 -0.0010799039694601733 -0.0010799039694601733 -0.016130095408262067
0.0007766794835936523 0.003264810767042894 0.003264810767042894 -0.009927374738335978
0.0028956438077770374 0.0038526851615970736 0.0038526851615970736 -0.009931441583569841
0.0007762584601626363 0.00446425026245099 0.00446425026245099 -0.008587994988476257
0.0028940770715077243 0.005050522715724888 0.005050522715724888 -0.008593640536036845
0.004292803805772793 0.0038242683021821053 0.0038242683021821053 -0.013148842090208949
0.005988186067644749 0.004762493453065038 0.004762493453065038 -0.013154019001195902
0.004290705183025789 0.0047852092650538984 0.0047852092650538984 -0.011012614159196911
0.005984504406415459 0.005721690487282632 0.005721690487282632 -0.011019683704271317
0.007115048190395187 0.004921518391507594 0.004921518391507594 -0.015794338079308995
0.008492100897318711 0.006051276540892385 0.006051276540892385 -0.015798738002567883
0.0071111194057803 0.005701426970707531 0.005701426970707531 -0.01322107443971381
0.008486507684432045 0.0068292746458078 0.0068292746458078 -0.013227214406946453
0.009400285297589713 0.0063688312984596105 0.0063688312984596105 -0.01808337313930932
0.010494986379907112 0.007577241259851905 0.007577241259851905 -0.018086553707350864
0.009395281406156007 0.006986396629696334 0.006986396629696334 -0.015328483409143306
0.010488590681672662 0.008192885168342155 0.008192885168342155 -0.015333173230712645
0.011200547039101907 0.007777652196202278 0.007777652196202278 -0.019985474075317446
0.012009220464896626 0.008912216394979695 0.008912216394979695 -0.01998715312448307
0.011195836967094974 0.008230696367724107 0.008230696367724107 -0.017396982994586193
0.012003587059797212 0.009363679155717017 0.009363679155717017 -0.01739975523084575
0.012539301706502701 0.008887911020014504 0.008887911020014504 -0.021546761067800933
0.01314236134948572 0.009763892971826418 0.009763892971826418 -0.02154695151573034
0.012534088436596121 0.009225462782633184 0.009225462782633184 -0.019548550701519972
0.013136513655206471 0.010100518130466897 0.010100518130466897 -0.01954926002579328
0.013578472514627219 0.009499673851876887 0.009499673851876887 -0.022770737643687873
0.014134422112396723 0.009909122540606871 0.009909122540606871 -0.02277043985804201
0.01357037909469763 0.009816863684333361 0.009816863684333361 -0.02183997319395482
0.01412602067223654 0.010226074406529392 0.010226074406529392 -0.02183986029880348
0.01435163191105616 0.008701054305785431 0.008701054305785431 -0.023382986856831316
0.01432540346176018 0.00824862847609794 0.00824862847609794 -0.02338548304754073
0.014351335010566763 0.008693830942300071 0.008693830942300071 -0.024427781575400615
0.014325173834731147 0.008241206826514172 0.008241206826514172 -0.024430364912794655
0.014016227739469688 0.00614188341168266 0.00614188341168266 -0.02309921648142582
0.01313560046751414 0.004278635170837674 0.004278635170837674 -0.023112125062721256
0.014028142464053362 0.00565415042138492 0.00565415042138492 -0.027378159919083867
0.013145258695659053 0.003786897089392344 0.003786897089392344 -0.027392500620180234
0.010117023111767529 0.0024618666489369164 0.0024618666489369164 -0.019567784575568924
0.002720590133697926 -0.001528708567552221 -0.001528708567552221 -0.019588989837299082
0.010164974335431218 -0.0017474540156634756 -0.0017474540156634756 -0.028667439470903118
0.0027335592123120785 -0.005770891204305509 -0.005770891204305509 -0.028719324144057718
0.00040020487348064196 0.005134719180488644 0.005134719180488644 -0.007597858298117646
0.0014927972654735948 0.00573618504553829 0.00573618504553829 -0.0076041321825835
0.0003999889590219627 0.005751857152280499 0.005751857152280499 -0.006232452557908463
0.0014919926696850372 0.006352603828560956 0.006352603828560956 -0.006239571888484758
0.0021421279265587687 0.005346490493512408 0.005346490493512408 -0.00935579021683161
0.0028177142057837163 0.006400622847906983 0.006400622847906983 -0.009365002681305747
0.0021411754244272953 0.00572699751808539 0.00572699751808539 -0.006966191308976869
0.0028160586563493336 0.006779798859708636 0.006779798859708636 -0.006976238518986013
0.0032755565563593264 0.006500932730156325 0.006500932730156325 -0.010964821867185434
0.0038390530211985527 0.008086100273856115 0.008086100273856115 -0.010975746044427245
0.003273636996617291 0.0068140765121221985 0.0068140765121221985 -0.00737090639939888
0.003836243446137237 0.008396428516198385 0.008396428516198385 -0.007382853605211416
0.004283998275054894 0.008720791590278248 0.008720791590278248 -0.01251500497488732
0.004917309261631622 0.010899484517091121 0.010899484517091121 -0.012526216048913071
0.004279895660653164 0.009065004857807188 0.009065004857807188 -0.007573234804050057
0.004911758745348145 0.011238432264868044 0.011238432264868044 -0.007585946069097591
0.005463836380364651 0.011902817718370925 0.011902817718370925 -0.014077051873392537
0.006280775860185707 0.014763437239353269 0.014763437239353269 -0.014087067416533924
0.005454486588121498 0.012335598306025992 0.012335598306025992 -0.007585600208375805
0.0062687054723989735 0.015187151098151962 0.015187151098151962 -0.007597907660312922
0.006966418099611389 0.016258953718827115 0.016258953718827115 -0.015799518427342563
0.007964367770753674 0.01988233334422166 0.01988233334422166 -0.015805252439705302
0.00694970974399024 0.016768517415347343 0.016768517415347343 -0.007574494341932373
0.007943418325626268 0.02037738407138352 0.02037738407138352 -0.0075837832251366925
0.008711591340640902 0.022092406149133197 0.022092406149133197 -0.01772980214996149
0.009708723091218268 0.026580966898334755 0.026580966898334755 -0.017727317199042428
0.00869039117135396 0.02256051768708461 0.02256051768708461 -0.007538276558888659
0.0096826983137099 0.02702695461518334 0.02702695461518334 -0.007540726250034593
0.010614835773672037 0.028736865981269226 0.028736865981269226 -0.019933796157343676
0.011874148761048897 0.03443883681397427 0.03443883681397427 -0.01991299873703456
0.010577432598715476 0.029280554343124335 0.029280554343124335 -0.006981453892785431
0.01182894149036586 0.03494686830798482 0.03494686830798482 -0.006968715348862372
0.012950415471563382 0.03730936934094848 0.03730936934094848 -0.022557465480646702
0.01424934017102521 0.04459828572390763 0.04459828572390763 -0.022507297095332696
0.012888895998940202 0.037761087898857786 0.037761087898857786 -0.0060053464691259975
0.014175770244385634 0.044991998854537335 0.044991998854537335 -0.0059644975576232315
0.01490994081977243 0.04543823156826661 0.04543823156826661 -0.023518454184850476
0.014172442641361508 0.05455286166884287 0.05455286166884287 -0.0233786366530794
0.01482423502429782 0.04458824114857517 0.04458824114857517 -0.002919045062367633
0.014072891549200193 0.053612130325166395 0.053612130325166395 -0.0027540912509682273
9.90998612006278e-05 0.005952252143829786 0.005952252143829786 -0.005418074777055477
0.00036979870259429217 0.006331308455366437 0.006331308455366437 -0.005421537199400732
9.907196489783099e-05 0.006104784110515774 0.006104784110515774 -0.0045618462932857
0.0003696946304314669 0.006483664063411567 0.006483664063411567 -0.004565454162074215
0.0004075864869365856 0.005252346288837683 0.005252346288837683 -0.005651789188743392
0.00023366042824826623 0.005776961293437401 0.005776961293437401 -0.005655507376722472
0.0004078873261316627 0.005153541543716603 0.005153541543716603 -0.004469337010260229
0.00023415145834209116 0.005677848582800397 0.005677848582800397 -0.004473041125965229
7.476488919654368e-05 0.005220099340066773 0.005220099340066773 -0.005531266598560403
-0.00019550570142074013 0.005838464153657846 0.005838464153657846 -0.0055346507530054856
7.553913963760425e-05 0.005066349489816417 0.005066349489816417 -0.004137533289290622
-0.00019445517193793747 0.005684277350867513 0.005684277350867513 -0.004140823427171579
-0.00041425036166218405 0.005600412828787598 0.005600412828787598 -0.005193505881773176
-0.0007532555568283647 0.006266597335000842 0.006266597335000842 -0.00519620253581416
-0.00041281903537642166 0.005407261145400298 0.005407261145400298 -0.0036923456699697703
-0.0007514717277151188 0.006072931262686908 0.006072931262686908 -0.003694895850085524
-0.0010068592911647415 0.006044543806473818 0.006044543806473818 -0.004624944703392546
-0.0013786179018095155 0.006721348494622312 0.006721348494622312 -0.004626801617598401
-0.0010049584869500697 0.005832448374056201 0.005832448374056201 -0.0031002101045552372
-0.0013763574724386448 0.006508719158850782 0.006508719158850782 -0.0031018755160808595
-0.0016498275409947342 0.006474129508583832 0.006474129508583832 -0.003955466915733536
-0.0020427086464298925 0.007185739326823072 0.007185739326823072 -0.003956681810938846
-0.001647560621489202 0.006249347626014082 0.006249347626014082 -0.0023528989361960733
-0.00204009025576842 0.006960369157008859 0.006960369157008859 -0.002353856382704705
-0.0023780267604792296 0.006921976917153983 0.006921976917153983 -0.0031594811017154963
-0.002929631406295777 0.007714908378705364 0.007714908378705364 -0.0031599047849298055
-0.0023736973936584515 0.006606418606619358 0.006606418606619358 -0.0013750881552531966
-0.0029247561377010313 0.0073985901374252604 0.0073985901374252604 -0.0013751047212986131
-0.0032895977840420665 0.006863948008618335 0.006863948008618335 -0.001746792782239605
-0.003788384340256456 0.007565853179295517 0.007565853179295517 -0.0017458669328812022
-0.0032857994813451884 0.006578768765071571 0.006578768765071571 -0.00016776454156612434
-0.0037841744500343747 0.007280088990701653 0.007280088990701653 -0.00016650595055871822
-0.004279577630332406 0.0059915494249871805 0.0059915494249871805 0.00018738878837847286
-0.005233448895695216 0.006472378118248102 0.006472378118248102 0.00018905504566459633
-0.004273554706168967 0.005452302226713857 0.005452302226713857 0.0012690401886451834
-0.0052269422175877595 0.0059326744375440416 0.0059326744375440416 0.0012711671909790491
-0.004222021292490315 0.0004038755595545716 0.0004038755595545716 0.00273686946016308
-0.0008158618304992436 -0.0004564702182800914 -0.0004564702182800914 0.0027252560945130603
-0.004261006289973479 0.002325797784426466 0.002325797784426466 0.0007671193785897636
-0.0008504771519396053 0.001461509440292444 0.001461509440292444 0.000757740252920149
-6.923725794275483e-05 0.006101419087905867 0.006101419087905867 -0.003981455054387397
-0.0002584197315662625 0.006425460976177683 0.006425460976177683 -0.003984310752243342
-6.919698150337777e-05 0.005994669826241649 0.005994669826241649 -0.003252688774514077
-0.0002582693909750291 0.006318587896289545 0.006318587896289545 -0.003255517933329166
-0.00047316710623685604 0.0048867498851232535 0.0048867498851232535 -0.0037202528620962102
-0.000877971863960732 0.005269624949191956 0.005269624949191956 -0.003722666482356426
-0.0004727180099945757 0.004658322813447633 0.004658322813447633 -0.002859795804179891
-0.0008772728866567744 0.005040993797877315 0.005040993797877315 -0.002862117893372508
-0.0011510728288845193 0.00452000132377236 0.00452000132377236 -0.003290265802722559
-0.0015008715343857444 0.004926239659050718 0.004926239659050718 -0.003292171671951672
-0.0011503902842696931 0.004322404153442147 0.004322404153442147 -0.0023765456663758086
-0.001499980057254161 0.0047284295346738435 0.0047284295346738435 -0.0023783476775416567
-0.0017529897348714351 0.004467153818833603 0.004467153818833603 -0.0027949041488088424
-0.0021014223315840856 0.0048853499219005895 0.0048853499219005895 -0.0027963610554297825
-0.001752021260217988 0.00427013060352889 0.00427013060352889 -0.0018542601802211648
-0.0021002510501740524 0.0046881036099881155 0.0046881036099881155 -0.0018555999794817558
-0.002350587693686107 0.004453294608612017 0.004453294608612017 -0.0021957093116359494
-0.0026955364080328064 0.0048696393361525045 0.0048696393361525045 -0.0021966845735197854
-0.0023494094507319875 0.00425804942729504 0.00425804942729504 -0.001259319065726255
-0.0026941727543846475 0.004674173873101956 0.004674173873101956 -0.0012601659155775985
-0.002951000714469764 0.004389977221334529 0.004389977221334529 -0.0014401869567685077
-0.0033201172328077224 0.0047835593958036405 0.0047835593958036405 -0.0014406299591538524
-0.0029494675159863247 0.004181077473547018 0.004181077473547018 -0.0005552409705104358
-0.003318399515318426 0.0045744553416993015 0.0045744553416993015 -0.0005555520387141747
-0.0035716772322677984 0.0041145398633012425 0.0041145398633012425 -0.00045993755226783097
-0.00391222860903339 0.004434448046550398 0.004434448046550398 -0.00045983469366105774
-0.0035700746346179917 0.0039219842215551986 0.0039219842215551986 0.0002593389581856589
-0.00391048606457386 0.00424175251267315 0.00424175251267315 0.0002595360988968059
-0.004108310109517899 0.0032970061645849207 0.0032970061645849207 0.000574902945247097
-0.004341349927326663 0.0035077360260276557 0.0035077360260276557 0.0005753145715975077
-0.004107460348317552 0.00316519954752391 0.00316519954752391 0.0010486721786101604
-0.004340451258604402 0.0033758705669657747 0.0033758705669657747 0.0010491353474447276
-0.0041351427733377 0.0013926338502936268 0.0013926338502936268 0.001545557011747274
-0.003400568783311718 0.0012825784145435485 0.0012825784145435485 0.0015445187540496248
-0.004140125628470211 0.001805812272576422 0.001805812272576422 0.0012952812846008593
-0.0034054721313235784 0.0016955980123022532 0.0016955980123022532 0.0012943459018297876
-0.002187696391914992 -0.0009124475529671811 -0.0009124475529671811 8.037195216139767e-05
0.0003322906763849992 -0.000797069918710706 -0.000797069918710706 8.128891074470651e-05
-0.0022026346186625628 0.0005049944820907269 0.0005049944820907269 0.00032334015785326977
0.00031700945730658386 0.00061863825752712 0.00061863825752712 0.0003240509692828056
-0.00019470589546169824 0.005821673788219252 0.005821673788219252 -0.0027745548627914705
-0.0007268391332846919 0.006079470167599335 0.006079470167599335 -0.002776707127586724
-0.00019463217659389633 0.005521925855720307 0.005521925855720307 -0.0021975356040205363
-0.000726563842535537 0.005779572982617916 0.005779572982617916 -0.002199589365049034
-0.0010743711135241243 0.004334772064150797 0.004334772064150797 -0.002314611574704005
-0.001497807474178868 0.0046138709925573965 0.0046138709925573965 -0.002316207705065064
-0.0010740425520723866 0.004096269479311145 0.004096269479311145 -0.0016881787102935154
-0.001497308113735466 0.004375234951666324 0.004375234951666324 -0.0016896864299178066
-0.0017809897256708467 0.0038344643071997536 0.0038344643071997536 -0.0018147977895413114
-0.0021370948479402215 0.004109024325115402 0.004109024325115402 -0.0018159143654187541
-0.0017804817974279507 0.003633848708259546 0.003633848708259546 -0.0011980832379915583
-0.002136445821280389 0.003908292426726136 0.003908292426726136 -0.0011991264595134828
-0.0023848149567766985 0.0035521861120737627 0.0035521861120737627 -0.00129174510536843
-0.002712196557279126 0.0038151967008515078 0.0038151967008515078 -0.0012924796555106922
-0.0023841552511778643 0.0033677203005228725 0.0033677203005228725 -0.0007008132719469503
-0.0027114140049888692 0.003630626825618601 0.003630626825618601 -0.0007014821815916357
-0.002932013266890104 0.0032748509370861276 0.0032748509370861276 -0.0007160937600272927
-0.0032137183011971713 0.0035164128546130435 0.0035164128546130435 -0.0007164988706891305
-0.002931335228734903 0.003116053772809774 0.003116053772809774 -0.00017322484847919276
-0.003212949358936749 0.0033575311397125345 0.0033575311397125345 -0.00017357254743310507
-0.0033944248266638668 0.0028957708564973992 0.0028957708564973992 -6.682362059851003e-05
-0.0036174978152514986 0.003094763774601484 0.003094763774601484 -6.691985847121913e-05
-0.0033938193699678135 0.0027699979657939125 0.0027699979657939125 0.0003804537173282015
-0.0036168347851252606 0.0029689350776448457 0.0029689350776448457 0.00038039590697721046
-0.0037497406655282953 0.0023235578459060665 0.0023235578459060665 0.0006297868147538873
-0.003902195989667713 0.0024555348768860565 0.0024555348768860565 0.0006298774248797475
-0.0037492557391458903 0.0022376578673396555 0.0022376578673396555 0.0009265293207073287
-0.0039016831086671217 0.002369610531885141 0.002369610531885141 0.0009266348984475396
-0.0038778359887317584 0.0013352552059098506 0.0013352552059098506 0.0012320292605310249
-0.0036794589450772804 0.0013544186701353335 0.0013544186701353335 0.001231967407320373
-0.003878684628351566 0.001446637274272434 0.001446637274272434 0.0012748572929106665
-0.003680320539545757 0.001465790185166535 0.001465790185166535 0.0012748002338026352
-0.003282001300911903 7.977576472559635e-05 7.977576472559635e-05 0.0011638032016173525
-0.002416416144082925 4.706880512504678e-05 4.706880512504678e-05 0.001163465956018035
-0.0032853354623057236 0.0005661809899488498 0.0005661809899488498 0.0010874421596585742
-0.0024197364144434848 0.0005332695591834458 0.0005332695591834458 0.0010871581589661859
-0.001552118100970652 -0.0006675818381587176 -0.0006675818381587176 0.00038141034986259435
-6.686826253033548e-05 -0.0006838964027115009 -0.0006838964027115009 0.0003813401241750961
-0.0015573376994229464 0.00016805041202946135 0.00016805041202946135 0.00033865201917926315
-7.203364783818191e-05 0.0001511369305496096 0.0001511369305496096 0.00033859611913565055
-0.0002638366354508501 0.005234778710953925 0.005234778710953925 -0.0018404297230435011
-0.0009849952518451853 0.0054134651339557225 0.0054134651339557225 -0.0018416161420947922
-0.00026376488789740874 0.0048288556579039335 0.0048288556579039335 -0.0014425022096046345
-0.0009847272626643392 0.005007366002533436 0.005007366002533436 -0.0014436047337524605
-0.0014040238339012533 0.0037524227833318886 0.0037524227833318886 -0.0013000988351358168
-0.001831635829641525 0.003944629814311981 0.003944629814311981 -0.0013010496092253632
-0.0014037908755749626 0.0035118223769532142 0.0035118223769532142 -0.0008692517317802563
-0.0018312874891987336 0.003703939570338756 0.003703939570338756 -0.000870138211541884
-0.0021110024587800602 0.0031701047592606634 0.0031701047592606634 -0.0008206457596180008
-0.002450504156145833 0.003353062409255603 0.003353062409255603 -0.0008212729827715143
-0.0021106627249012867 0.002979116537152701 0.002979116537152701 -0.00041007751095751465
-0.002450074719779633 0.0031620066169854412 0.0031620066169854412 -0.00041065864135761296
-0.00266934654499762 0.0027643231600795693 0.0027643231600795693 -0.00034897802817797135
-0.0029321357494007513 0.002927454706880897 0.002927454706880897 -0.00034933671182629106
-0.0026689879965293875 0.0026164814959946134 0.0026164814959946134 1.737780771970449e-05
-0.0029317162107883516 0.0027795655788046747 0.0027795655788046747 1.705171338597613e-05
-0.0031015780661676168 0.0023589671191228635 0.0023589671191228635 0.0001380080869929348
-0.003307077932112919 0.0024944666661421335 0.0024944666661421335 0.0001378541814541733
-0.0031012323362450975 0.0022433570225628458 0.0022433570225628458 0.000442434276380943
-0.003306692424738755 0.0023788254439901955 0.0023788254439901955 0.00044230120451452135
-0.0034287474160385346 0.001859387812373426 0.001859387812373426 0.0006274652986955604
-0.003562469263063006 0.0019603057452265574 0.0019603057452265574 0.0006274505000159351
-0.003428483254049193 0.0017841540540074615 0.0017841540540074615 0.0008542855052040187
-0.0035621853054292386 0.0018850563709541114 0.0018850563709541114 0.0008542801747280769
-0.003595733361321973 0.0012112010679823377 0.0012112010679823377 0.0010719240677340648
-0.0035613454883449375 0.001257291350818172 0.001257291350818172 0.0010719507464660297
-0.0035958302146345835 0.0012304506664795511 0.0012304506664795511 0.0011755817185577719
-0.0035614456469195165 0.0012765385732359867 0.0012765385732359867 0.0011756081625926662
-0.003420544894971496 0.0004273438579593156 0.0004273438579593156 0.0012780038767332782
-0.003079505278601493 0.000416125712449264 0.000416125712449264 0.0012779046760964653
-0.003421374604108551 0.0006188967869743729 0.0006188967869743729 0.0012523583974342755
-0.0030803396075307758 0.0006076470199693249 0.0006076470199693249 0.001252272602992163
-0.0026915582467663605 -0.0002813607510020597 -0.0002813607510020597 0.0010258481071455518
-0.0019798741601258873 -0.0003154686639057919 -0.0003154686639057919 0.0010256540519624807
-0.0026931838928883306 0.0001186436970462468 0.0001186436970462468 0.0009475063427858397
-0.0019814801853277574 8.439706982261894e-05 8.439706982261894e-05 0.0009473478292165066
-0.001375266647315434 -0.0004922207780932882 -0.0004922207780932882 0.00033502657115598176
-0.0004364851124688564 -0.0004698409145728716 -0.0004698409145728716 0.0003351335298300887
-0.001377276847652549 3.580102875782678e-05 3.580102875782678e-05 0.0003829801195719039
-0.0004385124574565716 5.794126171876719e-05 5.794126171876719e-05 0.0003830626269678709
-0.00028633056745809853 0.004499167647854175 0.004499167647854175 -0.0011961503613080948
-0.001069004963243258 0.004623052887226846 0.004623052887226846 -0.0011968199930582747
-0.0002862759477538354 0.0040588100058360135 0.0040588100058360135 -0.0009213574465863502
-0.0010688009346655847 0.004182511959618105 0.004182511959618105 -0.000921966669517192
-0.0015138851359383619 0.0032145219894399554 0.0032145219894399554 -0.0006103373125062845
-0.0019488269669788315 0.0033374130410446755 0.0033374130410446755 -0.0006108324918830742
-0.0015137199092330744 0.0029699489090833694 0.0029699489090833694 -0.00033536339002753385
-0.0019485843653867761 0.003092772179027002 0.003092772179027002 -0.00033581949116434726
-0.0022156192638420344 0.002606961420535238 0.002606961420535238 -0.00016961710619071545
-0.0025118945960988124 0.0027157855591152164 0.0027157855591152164 -0.00016990020994727586
-0.002215424556234097 0.002440407021340946 0.002440407021340946 7.442829220666983e-05
-0.0025116520053859856 0.0025491945654589655 0.0025491945654589655 7.416759062329869e-05
-0.0027001592178896782 0.002148251317691972 0.002148251317691972 0.00022712506607671718
-0.0029208170523910603 0.002239232623428255 0.002239232623428255 0.0002269898063498219
-0.002699957956145302 0.00202423166023058 0.00202423166023058 0.00043136861145339606
-0.0029205845322632707 0.0021151909247997605 0.0021151909247997605 0.00043124585838819545
-0.0030583427442741917 0.0016789693668599012 0.0016789693668599012 0.0006154412395417441
-0.0032166174680342613 0.001753086509509982 0.001753086509509982 0.0006153918441493973
-0.00305815882657781 0.0015900296309039222 0.0015900296309039222 0.0007819493951278467
-0.0032164144782742257 0.0016641341776488356 0.0016641341776488356 0.0007819065111353305
-0.0032897042421853938 0.001153722877916087 0.001153722877916087 0.000974526217139676
-0.0033350320174195206 0.0011988497886687912 0.0011988497886687912 0.000974534151518657
-0.0032896448496866934 0.0011282353213971493 0.0011282353213971493 0.001076019957030337
-0.0033349687599770325 0.0011733596156743 0.0011733596156743 0.001076028453278202
-0.003304758130419925 0.0005790564360124528 0.0005790564360124528 0.0012185481796561516
-0.003180969688024365 0.0005860518185107848 0.0005860518185107848 0.0012185390854614426
-0.003304936397118418 0.0006485664073388312 0.0006485664073388312 0.0012342990446031314
-0.0031811517538021207 0.0006555576831532091 0.0006555576831532091 0.0012342918952962512
-0.003011153165840496 1.748055842790389e-05 1.748055842790389e-05 0.0012240043223261878
-0.0026747990433390735 -3.4401354659140067e-06 -3.4401354659140067e-06 0.0012239267744510564
-0.0030116324876701974 0.0002064369752295073 0.0002064369752295073 0.0011766443892207922
-0.002675275880800067 0.00018548515904217276 0.00018548515904217276 0.0011765800253997474
-0.002356607746375781 -0.00037184161074358324 -0.00037184161074358324 0.0009057664595094145
-0.0018259550962421108 -0.0003846505044099982 -0.0003846505044099982 0.0009057098145136438
-0.002357328029391217 -7.359335679085928e-05 -7.359335679085928e-05 0.0008761176811165295
-0.001826671058138308 -8.647880419649237e-05 -8.647880419649237e-05 0.0008760724210930931
-0.0014065349042927566 -0.0003615860638884121 -0.0003615860638884121 0.0004151572941931854
-0.0007910794134363006 -0.000340762040401978 -0.000340762040401978 0.0004152219443761542
-0.001407335487493247 -1.5477120660981225e-05 -1.5477120660981225e-05 0.00046101686829386066
-0.000791891223663407 5.243765625714747e-06 5.243765625714747e-06 0.0004610659689375895
-0.00028014686022702513 0.003723646371706962 0.003723646371706962 -0.0007568901796346947
-0.001045909666838491 0.003802575466343565 0.003802575466343565 -0.0007572206013993625
-0.0002801120896342429 0.003292907875800935 0.003292907875800935 -0.0005825641177426114
-0.0010457797885646458 0.003371670761131877 0.003371670761131877 -0.0005828594236554703
-0.0014769431964435896 0.0026974131460969593 0.0026974131460969593 -0.00018047391326687207
-0.0018897360852579202 0.002763328743565211 0.002763328743565211 -0.00018063343736850505
-0.0014768427267673576 0.002465359754382745 0.002465359754382745 -3.336569884438868e-05
-0.0018895907224543143 0.002531224363228474 0.002531224363228474 -3.351101652952049e-05
-0.002140377732783517 0.002127889140246135 0.002127889140246135 0.00020948458363340697
-0.0024135422579479567 0.002182902730029113 0.002182902730029113 0.000209416535814118
-0.0021402639519002317 0.0019743794546606026 0.0019743794546606026 0.00033270163295438376
-0.0024134018404180866 0.002029369586285424 0.002029369586285424 0.00033263965362406863
-0.002586536892881706 0.0016539969922066634 0.0016539969922066634 0.000548174578523506
-0.0027874350430398495 0.0017044478835046022 0.0017044478835046022 0.0005481318530178428
-0.002586418473388493 0.0015411334620369257 0.0015411334620369257 0.0006613713693318567
-0.002787298737413493 0.0015915707236926965 0.0015915707236926965 0.0006613328860509518
-0.0029018293122425407 0.0011812076812239092 0.0011812076812239092 0.0008722881501508272
-0.0030152559980150167 0.0012164818998044416 0.0012164818998044416 0.0008722827986741911
-0.002901744414598042 0.0011175008260054416 0.0011175008260054416 0.0009515509579999251
-0.0030151632731744518 0.001152770295391593 0.001152770295391593 0.0009515465411309219
-0.003054995827777648 0.0007015562696007826 0.0007015562696007826 0.0011231979917711971
-0.0030521302502442417 0.0007136808136978764 0.0007136808136978764 0.0011232062371165311
-0.0030549939623347147 0.0007031676996941896 0.0007031676996941896 0.0011505281434966968
-0.003052128208711196 0.0007152921581497558 0.0007152921581497558 0.0011505361642516745
-0.002999785661790907 0.0002337753906249553 0.0002337753906249553 0.001232508215835594
-0.0028615647987915056 0.0002250775504979242 0.0002250775504979242 0.0012324924236062293
-0.002999896290189167 0.00031141492126651325 0.00031141492126651325 0.0012129753507277266
-0.00286167625879946 0.00030271187351732363 0.00030271187351732363 0.001212963078536767
-0.0027083540524120275 -0.00015574626155352586 -0.00015574626155352586 0.001144226024112699
-0.0024294899149107153 -0.00017303908552820618 -0.00017303908552820618 0.0011441835791473872
-0.002708578387904414 9.255426056003187e-07 9.255426056003187e-07 0.0011051630930415761
-0.002429712083158863 -1.638866063268871e-05 -1.638866063268871e-05 0.0011051291603409097
-0.0021871676509043728 -0.0003660284754898982 -0.0003660284754898982 0.0008612908986037979
-0.0018047398354495243 -0.00036951311946329383 -0.00036951311946329383 0.0008612776270838011
-0.002187464167944891 -0.00015108854367407534 -0.00015108854367407534 0.0008530497414871876
-0.001805036003994353 -0.00015461282415233648 -0.00015461282415233648 0.0008530393355783311
-0.0015133667937207176 -0.00027012452894050636 -0.00027012452894050636 0.0004959624671400998
-0.0010994123524583775 -0.00024683613475326416 -0.00024683613475326416 0.0004960072335621413
-0.001513683031861018 -3.737174932397015e-05 -3.737174932397015e-05 0.0005479325067885638
-0.0010997372935753142 -1.4130315638935909e-05 -1.4130315638935909e-05 0.0005479652896163434
-0.0002522091575194886 0.0029797172555153352 0.0029797172555153352 -0.000485448198012817
-0.0009415713603891584 0.003021129439436888 0.003021129439436888 -0.00048551963999979373
-0.0002521896200779897 0.002591996292389495 0.002591996292389495 -0.00039464202781142705
-0.0009414983906483894 0.0026332773832589526 0.0026332773832589526 -0.00039470561673572333
-0.0013368870570652802 0.002221746622700431 0.002221746622700431 4.3596777498695404e-05
-0.0017278701110473985 0.0022498366193886756 0.0022498366193886756 4.3603151843180935e-05
-0.0013368279309367021 0.002001971647450586 0.002001971647450586 0.00010589109040106801
-0.0017277865723839866 0.002030019259747243 0.002030019259747243 0.00010589679610895453
-0.001969468238421811 0.0017231013163999912 0.0017231013163999912 0.00040097449648600526
-0.002239095717850116 0.001750955072831623 0.001750955072831623 0.0004009683079689338
-0.001969398684060365 0.0015715990556822719 0.0015715990556822719 0.00046319388050982736
-0.002239010494802364 0.0015994322493837502 0.0015994322493837502 0.00046318836771602355
-0.0024056467248767693 0.0012744611267513672 0.0012744611267513672 0.0007209679366616206
-0.002591788589701337 0.0012962172427000971 0.0012962172427000971 0.0007209702933711895
-0.0024055798185377716 0.0011699105944026548 0.0011699105944026548 0.0007697054012896544
-0.0025917127574455368 0.0011916568412433889 0.0011916568412433889 0.0007697076916983575
-0.002690468084502661 0.0008409890734860111 0.0008409890734860111 0.0009880069827511307
-0.0027747992665641623 0.0008497904177252887 0.0008497904177252887 0.0009880218324183044
-0.0026904297237501113 0.0007936320774662944 0.0007936320774662944 0.0010078047228271666
-0.002774758094299638 0.000802431472153117 0.000802431472153117 0.0010078184325005518
-0.0027997460495012764 0.0004284735020659289 0.0004284735020659289 0.0011559301917468555
-0.0027844703232788983 0.00042282882814004166 0.00042282882814004166 0.00115593808673161
-0.0027997485922042404 0.00043706641172219795 0.00043706641172219795 0.0011433185622223786
-0.0027844729105845154 0.00043142169210315585 0.00043142169210315585 0.0011433267363448606
-0.0027346935388301748 5.937575534420606e-05 5.937575534420606e-05 0.0011929237437944093
-0.002614774344545065 4.390771459171866e-05 4.390771459171866e-05 0.0011929110569096762
-0.0027347431546326907 0.0001267440520781745 0.0001267440520781745 0.0011581899863978206
-0.0026148235257262217 0.00011127189815542433 0.00011127189815542433 0.0011581809459099638
-0.002494034435686696 -0.00021144586139852135 -0.00021144586139852135 0.0010797383639089709
-0.002284645969378005 -0.00022451256305358185 -0.00022451256305358185 0.0010797174339984901
-0.0024941217510222975 -9.379494874898317e-05 -9.379494874898317e-05 0.0010502796629649094
-0.002284732087246289 -0.0001068736793763513 -0.0001068736793763513 0.0010502635781165612
-0.0021103444006428224 -0.0003229635615375068 -0.0003229635615375068 0.0008502836715808801
-0.0018437672412756879 -0.00032210600050805937 -0.00032210600050805937 0.0008502819866132757
-0.002110454124151906 -0.00017313548244733757 -0.00017313548244733757 0.0008520351321356515
-0.0018438777899853675 -0.00017229714837134995 -0.00017229714837134995 0.000852033887309255
-0.0016488606091581302 -0.0001970857265734481 -0.0001970857265734481 0.0005851250177336114
-0.00138272987684303 -0.00017455290269732175 -0.00017455290269732175 0.0005851500442245527
-0.001648971896225523 -4.746383025343499e-05 -4.746383025343499e-05 0.0006356422045128457
-0.0013828463478909835 -2.4950655081492313e-05 -2.4950655081492313e-05 0.0006356594338633889
-0.00021486222666253712 0.002322193827963913 0.002322193827963913 -0.0003437945677748255
-0.0008021047224708864 0.002344249871088756 0.002344249871088756 -0.00034379854197560164
-0.00021485214652621612 0.0019919185614533427 0.0019919185614533427 -0.00029573577299993396
-0.0008020670796796512 0.002013880234151788 0.002013880234151788 -0.00029573965651467866
-0.0011539893898706575 0.001803618705301928 0.001803618705301928 0.00013397670260478732
-0.0015281900865130888 0.0018102243775980943 0.0018102243775980943 0.00013404141295495175
-0.0011539548358324879 0.001593278039886489 0.001593278039886489 0.00014814618016468272
-0.0015281425793063825 0.0015998456031858855 0.0015998456031858855 0.00014820320875367772
-0.0017633268147709295 0.001382925722881391 0.001382925722881391 0.0004910931350694745
-0.0020317680833568568 0.0013891236315647937 0.0013891236315647937 0.0004911300908525362
-0.0017632862350036645 0.0012320984140255402 0.0012320984140255402 0.0005046863499969611
-0.002031719739048919 0.0012382767301926596 0.0012382767301926596 0.0005047191743021964
-0.0021913894236551554 0.000981878456185076 0.000981878456185076 0.0007881223757169514
-0.0023593709304163333 0.000982447013927689 0.000982447013927689 0.0007881536091620868
-0.002191355714953474 0.0008875244853011574 0.0008875244853011574 0.0007892968147586986
-0.002359333781905684 0.0008880854161353998 0.0008880854161353998 0.0007893248400379683
-0.00244935621654669 0.0006100157541264976 0.0006100157541264976 0.0010086269764899977
-0.002527587686741656 0.0006020737392247396 0.0006020737392247396 0.0010086513307967578
-0.002449336765086692 0.0005660883477282905 0.0005660883477282905 0.0009908015326304804
-0.0025275674873629877 0.000558144644686915 0.000558144644686915 0.0009908238358228756
-0.0025533104916019797 0.00026566554786727574 0.00026566554786727574 0.00112712671627111
-0.002545714345543431 0.0002515472573963578 0.0002515472573963578 0.0011271352026368732
-0.0025533090462102775 0.000269945695981851 0.000269945695981851 0.0010954601819814747
-0.0025457128741587726 0.0002558272219348003 0.0002558272219348003 0.0010954689179963246
-0.002511827484361971 -1.8850858822668527e-05 -1.8850858822668527e-05 0.0011326367146625013
-0.00242714303208536 -3.438217024908264e-05 -3.438217024908264e-05 0.0011326301206336785
-0.0025118430965673936 2.87336560543537e-05 2.87336560543537e-05 0.001097762215504026
-0.0024271582041410964 1.3200187770498161e-05 1.3200187770498161e-05 0.00109775808419599
-0.002343403601565556 -0.00020783248702659565 -0.00020783248702659565 0.0010309366600918723
-0.0021995074667020787 -0.000218066308261674 -0.000218066308261674 0.001030926598618427
-0.0023434317197868824 -0.00012696908353621364 -0.00012696908353621364 0.0010079071219650107
-0.0021995350686374524 -0.0001372085863357626 -0.0001372085863357626 0.001007899807571989
-0.0020823557962937737 -0.00026389671543278654 -0.00026389671543278654 0.0008554257988050209
-0.0019062567667318486 -0.0002603553758705049 -0.0002603553758705049 0.0008554274143981437
-0.0020823902185417636 -0.0001649185065692494 -0.0001649185065692494 0.0008633170355035803
-0.001906291989267899 -0.00016138552811235674 -0.00016138552811235674 0.0008633181352530212
-0.0017834850838863514 -0.00013850144563951587 -0.00013850144563951587 0.0006714875300081952
-0.0016240707999922682 -0.00011727051478492429 -0.00011727051478492429 0.000671499435074996
-0.0017835197529159246 -4.8878171776294315e-05 -4.8878171776294315e-05 0.0007191692194089242
-0.0016241080668116738 -2.7654544302080594e-05 -2.7654544302080594e-05 0.0007191763761498573
-0.00017995833744917272 0.0017649509702032844 0.0017649509702032844 -0.00027134144442433574
-0.0006717736538280158 0.0017736348339753712 0.0017736348339753712 -0.00027131046194455187
-0.00017995322506527425 0.001488344786380436 0.001488344786380436 -0.0002527890799903193
-0.0006717545648820489 0.0014969627118262359 0.0014969627118262359 -0.0002527630681525694
-0.0009805632741675808 0.001418332514382155 0.001418332514382155 0.00015246699769855883
-0.0013323796977695015 0.0014174530989760439 0.0014174530989760439 0.00015251691962612674
-0.0009805437787537446 0.0012205666860561654 0.0012205666860561654 0.0001499665968000542
-0.0013323540356134122 0.001219653597674515 0.001219653597674515 0.00015000957528915073
-0.0015546673337883134 0.001083761274417025 0.001083761274417025 0.0005036313824200803
-0.001810236987711448 0.001076495351802549 0.001076495351802549 0.0005036833707968557
-0.0015546461457433141 0.0009401587349724246 0.0009401587349724246 0.0004870394609418603
-0.0018102130627276872 0.0009328750301788853 0.0009328750301788853 0.00048708467574767124
-0.0019633561846108642 0.0007563699966508811 0.0007563699966508811 0.000780614395316502
-0.002126235958622952 0.0007452636931041666 0.0007452636931041666 0.0007806526467807564
-0.001963339215106529 0.0006648748370775907 0.0006648748370775907 0.0007555751093443907
-0.0021262181895593014 0.0006537612201628573 0.0006537612201628573 0.0007556086588578832
-0.002216290408637557 0.0004512065713811175 0.0004512065713811175 0.0009717705053173437
-0.0022995793345136992 0.0004359507101277247 0.0004359507101277247 0.0009717948009273467
-0.0022162808513344085 0.00040443540162184383 0.00040443540162184383 0.0009375014582727755
-0.002299569995597737 0.0003891774383812432 0.0003891774383812432 0.0009375232553946554
-0.0023344077909741353 0.00017650586185191756 0.00017650586185191756 0.0010702158474381043
-0.0023463974615815517 0.0001598807728541371 0.0001598807728541371 0.0010702240025420593
-0.00233440549670535 0.00016978706038918084 0.00016978706038918084 0.0010328983297636435
-0.002346395403485932 0.0001531616736092481 0.0001531616736092481 0.0010329063361830238
-0.002333540639294989 -3.9801804495735024e-05 -3.9801804495735024e-05 0.0010729270511657886
-0.002286527269847318 -5.4458936160021295e-05 -5.4458936160021295e-05 0.0010729244185811474
-0.002333544694112782 -1.3372277709530206e-05 -1.3372277709530206e-05 0.0010400159905050177
-0.0022865312267265404 -2.803019662116465e-05 -2.803019662116465e-05 0.001040014806321272
-0.0022372746218372753 -0.000172677689532052 -0.000172677689532052 0.0009935253590852731
-0.002149792219547585 -0.00017986432298558105 -0.00017986432298558105 0.0009935211953364899
-0.002237283064346037 -0.0001235041340414058 -0.0001235041340414058 0.0009773691868203537
-0.0021498005456385048 -0.00013069284671709812 -0.00013069284671709812 0.000977366305469649
-0.0020801002606390053 -0.00019630075099544547 -0.00019630075099544547 0.0008698634682741764
-0.0019772009453899297 -0.0001918002236071629 -0.0001918002236071629 0.0008698647993206205
-0.0020801106707483657 -0.00013845564834155536 -0.00013845564834155536 0.0008799566760706168
-0.001977211819038533 -0.00013395794293915135 -0.00013395794293915135 0.0008799574727449644
-0.0019089493687580042 -8.749216766905888e-05 -8.749216766905888e-05 0.0007514363063468545
-0.0018253465378638312 -6.945475371599417e-05 -6.945475371599417e-05 0.0007514400535510212
-0.0019089596965813503 -4.0485159545664796e-05 -4.0485159545664796e-05 0.0007919677504842537
-0.0018253578389479958 -2.2449936957086846e-05 -2.2449936957086846e-05 0.0007919691863436443
-0.00015315235370738642 0.0012985557641658294 0.0012985557641658294 -0.0002445250071318217
-0.0005716882779926885 0.001300614670857717 0.001300614670857717 -0.0002444941587169931
-0.0001531496869108323 0.0010631605763809964 0.0010631605763809964 -0.00024050800990232222
-0.0005716783217641613 0.0010651717716609822 0.0010651717716609822 -0.00024048273010311244
-0.0008421894678491793 0.001069385845508899 0.001069385845508899 0.00014459710105297518
-0.0011626590634263496 0.0010641180833460058 0.0010641180833460058 0.00014463751851230842
-0.0008421786583769468 0.000889230291606512 0.000889230291606512 0.00013239206406067338
-0.001162645270924278 0.0008839345588838157 0.0008839345588838157 0.00013242574194864535
-0.001367240684585259 0.000818544601535637 0.000818544601535637 0.0004720712882212954
-0.0016057217384215373 0.0008078008613833913 0.0008078008613833913 0.0004721114832057375
-0.0013672292363203543 0.0006845304229378127 0.0006845304229378127 0.00044773775717436143
-0.0016057094004032872 0.0006737711073566362 0.0006737711073566362 0.0004477714798438308
-0.0017528269140594317 0.0005718225105579392 0.0005718225105579392 0.0007343697050758377
-0.001916286775454913 0.0005572063173638163 0.0005572063173638163 0.0007344012623632965
-0.0017528183608486723 0.00047999528466153 0.00047999528466153 0.0007014561967591689
-0.0019162785259632885 0.0004653716211685594 0.0004653716211685594 0.0007014828933775254
-0.0020110497539244905 0.0003368202037803748 0.0003368202037803748 0.0009120195582100385
-0.0021065337363440767 0.00032108829397384367 0.00032108829397384367 0.0009120374094197125
-0.002011045484697358 0.0002831972216203512 0.0002831972216203512 0.0008766658633436718
-0.0021065302018980275 0.0002674625964581017 0.0002674625964581017 0.0008766812251329204
-0.0021544943055507517 0.00012880504129579871 0.00012880504129579871 0.0010061874299180098
-0.002190083822279337 0.00011293197947496791 0.00011293197947496791 0.001006194383611928
-0.002154494193864059 0.00010883389898057262 0.00010883389898057262 0.0009705435831508602
-0.0021900843138687983 9.296025757424076e-05 9.296025757424076e-05 0.0009705499616972867
-0.002198343498112903 -3.0330883411594832e-05 -3.0330883411594832e-05 0.0010178429585056665
-0.0021853539045623037 -4.264212627848032e-05 -4.264212627848032e-05 0.0010178425388795529
-0.0021983460964963633 -2.3009908322437982e-05 -2.3009908322437982e-05 0.0009901971406831292
-0.0021853567421058874 -3.532131379255457e-05 -3.532131379255457e-05 0.0009901973466515492
-0.002165196655267601 -0.0001222936759382917 -0.0001222936759382917 0.0009670096545496822
-0.0021231357887644417 -0.0001276923503608523 -0.0001276923503608523 0.0009670078906224071
-0.002165201169417379 -9.863629897411749e-05 -9.863629897411749e-05 0.0009548809715658306
-0.0021231403948893395 -0.00010403543251704913 -0.00010403543251704913 0.0009548798183253064
-0.0020898406149844353 -0.00013044168519981398 -0.00013044168519981398 0.0008868458779376737
-0.002040943808548194 -0.0001265501614754939 -0.0001265501614754939 0.0008868463132867285
-0.002089846014362598 -0.0001029411962767191 -0.0001029411962767191 0.0008955870520730555
-0.0020409493603623344 -9.905026922340959e-05 -9.905026922340959e-05 0.000895587238249778
-0.002013175873385732 -4.297107002349342e-05 -4.297107002349342e-05 0.0008189356199302069
-0.001986196255874759 -2.821591558968717e-05 -2.821591558968717e-05 0.0008189356479953505
-0.0020131811742108902 -2.778603544783624e-05 -2.778603544783624e-05 0.0008520924233551567
-0.0019862015578809623 -1.3031265681349182e-05 -1.3031265681349182e-05 0.0008520915773913803
-0.00013232601819126633 0.0009019959960110018 0.0009019959960110018 -0.00023880618938527376
-0.000493933960207334 0.000902439978461891 0.000902439978461891 -0.0002387844197945392
-0.0001323241305028083 0.0006986168344547637 0.0006986168344547637 -0.00023817401860032453
-0.0004939269130890062 0.000699025215928902 0.000699025215928902 -0.00023815714141715654
-0.000734038311121436 0.0007601014167764332 0.0007601014167764332 0.00012354361552807623
-0.0010283931835009502 0.0007548825125467574 0.0007548825125467574 0.0001235690995871867
-0.0007340302088656383 0.0005946182424209537 0.0005946182424209537 0.00011157748681574186
-0.0010283829566727423 0.0005893757346372311 0.0005893757346372311 0.00011159742969475891
-0.001220109873174892 0.0005865379100645722 0.0005865379100645722 0.0004315402824456929
-0.0014495416869118004 0.0005777415909245864 0.0005777415909245864 0.00043156409617725247
-0.001220101136594059 0.0004576012610900482 0.0004576012610900482 0.0004116413985362188
-0.0014495322320803236 0.0004487905544725951 0.0004487905544725951 0.0004116600936860937
-0.0015933614346442281 0.0004147959617740134 0.0004147959617740134 0.0006797384646694873
-0.0017568715362372967 0.00040307881381218915 0.00040307881381218915 0.0006797565973229049
-0.0015933547940776363 0.0003229352173684158 0.0003229352173684158 0.0006533546207500412
-0.0017568652447187397 0.00031121067312382835 0.00031121067312382835 0.0006533689658218206
-0.0018552245707461523 0.0002489388134377237 0.0002489388134377237 0.0008529414729235014
-0.001960443816963079 0.00023584948012229432 0.00023584948012229432 0.000852952298027743
-0.0018552214290080108 0.00018984506448271166 0.00018984506448271166 0.0008235202281316359
-0.0019604414600277683 0.00017675256520200658 0.00017675256520200658 0.0008235288874476258
-0.00201849359018466 0.00010236093415807346 0.00010236093415807346 0.0009470862633401395
-0.0020718916668819765 8.971154164626028e-05 8.971154164626028e-05 0.0009470907133654507
-0.0020184939544918633 7.23870962327755e-05 7.23870962327755e-05 0.0009186742382604723
-0.002071892723840547 5.973679421869886e-05 5.973679421869886e-05 0.0009186779512394169
-0.002097144770115596 -6.311263239533227e-06 -6.311263239533227e-06 0.0009721958526128629
-0.0021127587642747543 -1.5893865802872666e-05 -1.5893865802872666e-05 0.0009721962219274151
-0.0020971479205718537 -1.5054373180179819e-05 -1.5054373180179819e-05 0.0009506750046582419
-0.0021127623476497786 -2.4637093259715785e-05 -2.4637093259715785e-05 0.0009506755130197583
-0.0021158576300796266 -6.712409259817174e-05 -6.712409259817174e-05 0.0009469593298768788
-0.002108719905966574 -7.136036418746094e-05 -7.136036418746094e-05 0.0009469587714055313
-0.002115862039133161 -6.3084619234911e-05 -6.3084619234911e-05 0.0009374452063565193
-0.002108724484140004 -6.732087001874661e-05 -6.732087001874661e-05 0.0009374448972096238
-0.0021034142356448505 -6.850419693160558e-05 -6.850419693160558e-05 0.0009017273060172412
-0.002096058544036825 -6.492846135423368e-05 -6.492846135423368e-05 0.0009017272110265664
-0.002103419467163665 -6.434174337722146e-05 -6.434174337722146e-05 0.0009097598067193887
-0.002096063752313337 -6.0765979888950666e-05 -6.0765979888950666e-05 0.0009097596360817904
-0.002098326961805861 -3.8207749146428745e-06 -3.8207749146428745e-06 0.000873579609306246
-0.002111870964936817 7.5570420025271166e-06 7.5570420025271166e-06 0.0008735784496029653
-0.002098331366001455 -1.1405603349217074e-05 -1.1405603349217074e-05 0.0008991414605019478
-0.002111874963527474 -2.791777433937696e-08 -2.791777433937696e-08 0.0008991402226360648
-0.00011860533444917908 0.0005582979823745971 0.0005582979823745971 -0.00023580067298218095
-0.0004427106724652569 0.0005609902715729847 0.0005609902715729847 -0.0002357910023051338
-0.00011860351140864986 0.00037601241652242154 0.00037601241652242154 -0.00022994446010222053
-0.0004427038668064567 0.00037867611547313235 0.00037867611547313235 -0.00022993794761432532
-0.0006647289226365381 0.0004820076051968232 0.0004820076051968232 0.00010749703248096235
-0.0009471805335375039 0.0004824399999155993 0.0004824399999155993 0.00010750825783446755
-0.0006647199959889222 0.00032321424492566737 0.00032321424492566737 0.00010833859542922905
-0.0009471676798943442 0.0003236249655395242 0.0003236249655395242 0.00010834608250800544
-0.0011308590523429283 0.0003809885274464472 0.0003809885274464472 0.0004012055567077385
-0.0013502297382065984 0.0003772071538905681 0.0003772071538905681 0.0004012151612759141
-0.0011308473296924883 0.00025770266980596 0.00025770266980596 0.0003926336416711309
-0.0013502166650692358 0.0002539082073428645 0.0002539082073428645 0.00039264009610679487
-0.0014907168066533446 0.00027970476844022733 0.00027970476844022733 0.0006376507090518002
-0.0016551800096435024 0.00027239117386478447 0.00027239117386478447 0.000637658459205023
-0.001490706891059974 0.00018730659646993953 0.00018730659646993953 0.0006211813402183324
-0.0016551701543776095 0.00017998560943808395 0.00017998560943808395 0.0006211865685745669
-0.0017554685548600336 0.00017757727255303981 0.00017757727255303981 0.0008056296773391616
-0.0018650186179953265 0.00016894243934507006 0.00016894243934507006 0.0008056343818839228
-0.0017554625034575677 0.00011604855320687911 0.00011604855320687911 0.0007862193510034205
-0.0018650130839710957 0.00010741040502779433 0.00010741040502779433 0.0007862225494794297
-0.0019293611907591195 8.7507437414594e-05 8.7507437414594e-05 0.0009017395374783079
-0.0019956182697025543 7.957424235652887e-05 7.957424235652887e-05 0.0009017413946258814
-0.0019293592011637827 5.031116140007473e-05 5.031116140007473e-05 0.0008839168076330519
-0.0019956168302004587 4.2376744455281806e-05 4.2376744455281806e-05 0.0008839181019206907
-0.002032089180504097 2.2325479985984085e-05 2.2325479985984085e-05 0.0009377986355246067
-0.0020654888431101063 1.6250658458927335e-05 1.6250658458927335e-05 0.0009377989475032445
-0.0020320902164697127 3.5918751743223793e-06 3.5918751743223793e-06 0.0009241542387975094
-0.0020654902406680798 -2.4832397513795717e-06 -2.4832397513795717e-06 0.0009241544920117482
-0.0020841173031046515 -1.2340840083316617e-05 -1.2340840083316617e-05 0.0009318795659025295
-0.002101620699868003 -1.487445687797619e-05 -1.487445687797619e-05 0.0009318794187699466
-0.002084120138044079 -2.214214336175777e-05 -2.214214336175777e-05 0.0009261891167332544
-0.0021016236959036597 -2.467579660052688e-05 -2.467579660052688e-05 0.000926189042754514
-0.0021148502744820705 -1.1902870252380264e-05 -1.1902870252380264e-05 0.000914648680171835
-0.002133490672380637 -9.531374840779558e-06 -9.531374840779558e-06 0.0009146485590605252
-0.0021148533714401645 -2.2345168952002176e-05 -2.2345168952002176e-05 0.0009199755537396248
-0.002133493698020837 -1.997371765056534e-05 -1.997371765056534e-05 0.0009199754517500817
-0.0021549068957578115 2.9113784351294465e-05 2.9113784351294465e-05 0.0009142288700625541
-0.0021947677199591936 3.609382964052887e-05 3.609382964052887e-05 0.0009142281080647152
-0.0021549086209128533 6.74435422863472e-06 6.74435422863472e-06 0.0009299069772663963
-0.002194769032936119 1.3723961265131053e-05 1.3723961265131053e-05 0.0009299064038923112
-0.00011583725491485952 0.00024959768875542796 0.00024959768875542796 -0.00021335107149778862
-0.0004323767508424717 0.00026718139990362363 0.00026718139990362363 -0.00021334891885466028
-0.00011583242860528715 7.157861166770674e-05 7.157861166770674e-05 -0.0001738707221559403
-0.00043235873300586085 8.913508291167006e-05 8.913508291167006e-05 -0.00017387014540693068
-0.0006461449463340733 0.0002371046490390801 0.0002371046490390801 0.00011160435792290973
-0.0009136219395630802 0.0002407259218466665 0.0002407259218466665 0.00011160656874507794
-0.000646123351184432 8.673473491568985e-05 8.673473491568985e-05 0.00011969861793087932
-0.0009135965823270142 9.033655374094249e-05 9.033655374094249e-05 0.00011969921030391368
-0.0010900522225854962 0.00020094397114055863 0.00020094397114055863 0.00038869601479327355
-0.001304594107706057 0.00019999609849346428 0.00019999609849346428 0.00038869756156221494
-0.0010900304008056722 8.037280429747685e-05 8.037280429747685e-05 0.00038653412851445993
-0.0013045715769487427 7.941241232631472e-05 7.941241232631472e-05 0.0003865345429685176
-0.0014424202875876638 0.00015809813415612492 0.00015809813415612492 0.0006125512237232685
-0.0016044344162927473 0.00015495487739895596 0.00015495487739895596 0.0006125526525798313
-0.0014424031437270046 6.707462435493458e-05 6.707462435493458e-05 0.0006054721054982418
-0.0016044173189629087 6.392423175127841e-05 6.392423175127841e-05 0.0006054724883612744
-0.0017054550311688507 0.00011567503462086866 0.00011567503462086866 0.0007763566526571688
-0.0018194452154077245 0.0001123362675814824 0.0001123362675814824 0.0007763574365091076
-0.0017054433096402367 5.165258425275378e-05 5.165258425275378e-05 0.0007688487646624346
-0.0018194337325259757 4.8310302245298535e-05 4.8310302245298535e-05 0.0007688489746965304
-0.0018870519454397276 7.677157670007691e-05 7.677157670007691e-05 0.0008748754039344947
-0.001957778793856857 7.37186118337556e-05 7.37186118337556e-05 0.0008748757355408714
-0.001887045268330632 3.706283527430101e-05 3.706283527430101e-05 0.0008680155775430955
-0.001957772325776352 3.40085427473345e-05 3.40085427473345e-05 0.0008680156663975172
-0.001999438384780599 5.0672882394621034e-05 5.0672882394621034e-05 0.000917555323425573
-0.002042537508010411 4.872524321994197e-05 4.872524321994197e-05 0.0009175553563446917
-0.0019994352535548337 2.6491416198771703e-05 2.6491416198771703e-05 0.000913179579809024
-0.002042534529810655 2.4543318952480982e-05 2.4543318952480982e-05 0.0009131795886297838
-0.0020691077247560656 3.7375381951738555e-05 3.7375381951738555e-05 0.0009236658098771029
-0.002098605275390103 3.684095769423968e-05 3.684095769423968e-05 0.0009236657606526773
-0.0020691064801088774 2.0836643732152583e-05 2.0836643732152583e-05 0.0009224644395929433
-0.0020986041018124556 2.030204049923061e-05 2.030204049923061e-05 0.0009224644264032976
-0.0021210076520534124 3.869120211579463e-05 3.869120211579463e-05 0.0009227022972772013
-0.0021527145999966683 3.963820544527489e-05 3.963820544527489e-05 0.0009227022449806262
-0.0021210064839014098 2.090844619268938e-05 2.090844619268938e-05 0.0009248287929150282
-0.002152713400441366 2.185522897424569e-05 2.185522897424569e-05 0.0009248287789022304
-0.002183044829137588 5.591799987704271e-05 5.591799987704271e-05 0.0009378955021933174
-0.0022341959385310064 5.866211446934965e-05 5.866211446934965e-05 0.0009378953027083473
-0.002183041749653806 2.7205845731937256e-05 2.7205845731937256e-05 0.0009440568975357419
-0.0022341926995521114 2.9949286575565294e-05 2.9949286575565294e-05 0.0009440568440843072
eps_abs 640
0.000974285967894741 0.0006407852768495879 0.0006407852768495879 0.011172016238933213
0.0036314212550384653 0.0008837536775782803 0.0008837536775782803 0.011172289543472505
0.0009740409163647908 0.002146774576284012 0.002146774576284012 0.01061943299165344
0.0036305099243544086 0.00238774537350221 0.00238774537350221 0.010620452265615995
0.005384586514394589 0.0009868197525685623 0.0009868197525685623 0.014944028697926428
0.007518498758873975 0.001313525788535817 0.001313525788535817 0.014944329360337159
0.005383500654571367 0.0021996726276467386 0.0021996726276467386 0.014199708064786189
0.007516703959262358 0.0025250089138966303 0.0025250089138966303 0.01420082910263389
0.008878733142131695 0.0014514955720362449 0.0014514955720362449 0.017840980100234684
0.010461844736569715 0.0018079048318158 0.0018079048318158 0.017841212890411007
0.008877012919571573 0.002353336153656464 0.002353336153656464 0.017027875356755318
0.010459519534280756 0.002708916070994948 0.002708916070994948 0.017028743259431857
0.0114397870363094 0.001972190499042266 0.001972190499042266 0.020233559666047996
0.012528634913933745 0.002339773867863122 0.002339773867863122 0.020233724038373736
0.01143779398697459 0.002593606477575942 0.002593606477575942 0.019393150778514074
0.012526216485241907 0.0029607205892025795 0.0029607205892025795 0.019393763583466363
0.013103636301858772 0.0024651347261260663 0.0024651347261260663 0.02192660040343166
0.013584712324626352 0.002784128590603192 0.002784128590603192 0.02192667740727009
0.01310265904775491 0.0027386959221362595 0.0027386959221362595 0.02119621092594731
0.013583619147756965 0.003057525156955486 0.003057525156955486 0.021196498057412045
0.013671953239305722 0.0028160458131782696 0.0028160458131782696 0.022853612305992574
0.013426902458039 0.0029997855800013777 0.0029997855800013777 0.0228536073263188
0.013673279685842912 0.0026732926509845873 0.0026732926509845873 0.02243362788895142
0.013428321978366279 0.0028569873485349414 0.0028569873485349414 0.02243360932357575
0.01297871541482375 0.0028795404181486514 0.0028795404181486514 0.02284191833431064
0.011996479603412191 0.0027907143844025373 0.0027907143844025373 0.022841982638988276
0.012982382375744238 0.0023163720022210533 0.0023163720022210533 0.023048464491055895
0.012000131700964718 0.0022272742224543705 0.0022272742224543705 0.023048704504626285
0.010881228050711206 0.0023501383124654787 0.0023501383124654787 0.021498135109866583
0.008811058032434326 0.0018602354243762536 0.0018602354243762536 0.021498609375798325
0.010887847601903656 0.0011721758278229028 0.0011721758278229028 0.022621174096394366
0.008816747841667912 0.0007821650605966095 0.0007821650605966095 0.02262294645096353
0.006892332359039664 0.0010924479357541865 0.0010924479357541865 0.018322265961466726
0.0037141275717021216 0.00040370864694275416 0.00040370864694275416 0.0183236734459964
0.00689887821826951 0.0008165704115725987 0.0008165704115725987 0.020710969029989836
0.003717177807908043 0.0018009361266018067 0.0018009361266018067 0.02071623822624205
0.0020542361923405177 0.00041732643104492977 0.00041732643104492977 0.0157455716365286
0.0005508286729303927 0.0002681548059824835 0.0002681548059824835 0.015745580282895116
0.0020549797513246147 0.0010003054399517757 0.0010003054399517757 0.0161300631452428
0.0005510282291849566 0.0011087150876551775 0.0011087150876551775 0.016130095408262067
0.0007766794835936523 0.003264810767042894 0.003264810767042894 0.009927374738335978
0.0028956438077770374 0.0038526851615970736 0.0038526851615970736 0.009931441583569841
0.0007762584601626363 0.00446425026245099 0.00446425026245099 0.008587994988476257
0.0028940770715077243 0.005050522715724888 0.005050522715724888 0.008593640536036845
0.004292803805772793 0.0038242683021821053 0.0038242683021821053 0.013148842090208949
0.005988186067644749 0.004762493453065038 0.004762493453065038 0.013154019001195902
0.004290705183025789 0.0047852092650538984 0.0047852092650538984 0.011012614159196911
0.005984504406415459 0.005721690487282632 0.005721690487282632 0.011019683704271317
0.007115048190395187 0.004921518391507594 0.004921518391507594 0.015794338079308995
0.008492100897318711 0.006051276540892385 0.006051276540892385 0.015798738002567883
0.0071111194057803 0.005701426970707531 0.005701426970707531 0.01322107443971381
0.008486507684432045 0.0068292746458078 0.0068292746458078 0.013227214406946453
0.009400285297589713 0.0063688312984596105 0.0063688312984596105 0.01808337313930932
0.010494986379907112 0.007577241259851905 0.007577241259851905 0.018086553707350864
0.009395281406156007 0.006986396629696334 0.006986396629696334 0.015328483409143306
0.010488590681672662 0.008192885168342155 0.008192885168342155 0.015333173230712645
0.011200547039101907 0.007777652196202278 0.007777652196202278 0.019985474075317446
0.012009220464896626 0.008912216394979695 0.008912216394979695 0.01998715312448307
0.011195836967094974 0.008230696367724107 0.008230696367724107 0.017396982994586193
0.012003587059797212 0.009363679155717017 0.009363679155717017 0.01739975523084575
0.012539301706502701 0.008887911020014504 0.008887911020014504 0.021546761067800933
0.01314236134948572 0.009763892971826418 0.009763892971826418 0.02154695151573034
0.012534088436596121 0.009225462782633184 0.009225462782633184 0.019548550701519972
0.013136513655206471 0.010100518130466897 0.010100518130466897 0.01954926002579328
0.013578472514627219 0.009499673851876887 0.009499673851876887 0.022770737643687873
0.014134422112396723 0.009909122540606871 0.009909122540606871 0.02277043985804201
0.01357037909469763 0.009816863684333361 0.009816863684333361 0.02183997319395482
0.01412602067223654 0.010226074406529392 0.010226074406529392 0.02183986029880348
0.01435163191105616 0.008701054305785431 0.008701054305785431 0.023382986856831316
0.01432540346176018 0.00824862847609794 0.00824862847609794 0.02338548304754073
0.014351335010566763 0.008693830942300071 0.008693830942300071 0.024427781575400615
0.014325173834731147 0.008241206826514172 0.008241206826514172 0.024430364912794655
0.014016227739469688 0.00614188341168266 0.00614188341168266 0.02309921648142582
0.01313560046751414 0.004278635170837674 0.004278635170837674 0.023112125062721256
0.014028142464053362 0.00565415042138492 0.00565415042138492 0.027378159919083867
0.013145258695659053 0.003786897089392344 0.003786897089392344 0.027392500620180234
0.010117023111767529 0.0026382531480775425 0.0026382531480775425 0.019567784575568924
0.002720590133697926 0.0016084600466283634 0.0016084600466283634 0.019588989837299082
0.010164974335431218 0.0024449929938644486 0.0024449929938644486 0.028667439470903118
0.0027335592123120785 0.005770891204305509 0.005770891204305509 0.028719324144057718
0.00040020487348064196 0.005134719180488644 0.005134719180488644 0.007597858298117646
0.0014927972654735948 0.00573618504553829 0.00573618504553829 0.0076041321825835
0.0003999889590219627 0.005751857152280499 0.005751857152280499 0.006232452557908463
0.0014919926696850372 0.006352603828560956 0.006352603828560956 0.006239571888484758
0.0021421279265587687 0.005346490493512408 0.005346490493512408 0.00935579021683161
0.0028177142057837163 0.006400622847906983 0.006400622847906983 0.009365002681305747
0.0021411754244272953 0.00572699751808539 0.00572699751808539 0.006966191308976869
0.0028160586563493336 0.006779798859708636 0.006779798859708636 0.006976238518986013
0.0032755565563593264 0.006500932730156325 0.006500932730156325 0.010964821867185434
0.0038390530211985527 0.008086100273856115 0.008086100273856115 0.010975746044427245
0.003273636996617291 0.0068140765121221985 0.0068140765121221985 0.00737090639939888
0.003836243446137237 0.008396428516198385 0.008396428516198385 0.007382853605211416
0.004283998275054894 0.008720791590278248 0.008720791590278248 0.01251500497488732
0.004917309261631622 0.010899484517091121 0.010899484517091121 0.012526216048913071
0.004279895660653164 0.009065004857807188 0.009065004857807188 0.007573234804050057
0.004911758745348145 0.011238432264868044 0.011238432264868044 0.007585946069097591
0.005463836380364651 0.011902817718370925 0.011902817718370925 0.014077051873392537
0.006280775860185707 0.014763437239353269 0.014763437239353269 0.014087067416533924
0.005454486588121498 0.012335598306025992 0.012335598306025992 0.007585600208375805
0.0062687054723989735 0.015187151098151962 0.015187151098151962 0.007597907660312922
0.006966418099611389 0.016258953718827115 0.016258953718827115 0.015799518427342563
0.007964367770753674 0.01988233334422166 0.01988233334422166 0.015805252439705302
0.00694970974399024 0.016768517415347343 0.016768517415347343 0.007574494341932373
0.007943418325626268 0.02037738407138352 0.02037738407138352 0.0075837832251366925
0.008711591340640902 0.022092406149133197 0.022092406149133197 0.01772980214996149
0.009708723091218268 0.026580966898334755 0.026580966898334755 0.017727317199042428
0.00869039117135396 0.02256051768708461 0.02256051768708461 0.007538276558888659
0.0096826983137099 0.02702695461518334 0.02702695461518334 0.007540726250034593
0.010614835773672037 0.028736865981269226 0.028736865981269226 0.019933796157343676
0.011874148761048897 0.03443883681397427 0.03443883681397427 0.01991299873703456
0.010577432598715476 0.029280554343124335 0.029280554343124335 0.007029874414170445
0.01182894149036586 0.03494686830798482 0.03494686830798482 0.00701882098589969
0.012950415471563382 0.03730936934094848 0.03730936934094848 0.022557465480646702
0.01424934017102521 0.04459828572390763 0.04459828572390763 0.022507297095332696
0.012888895998940202 0.037761087898857786 0.037761087898857786 0.006118502102859758
0.014175770244385634 0.044991998854537335 0.044991998854537335 0.006085699780947631
0.014949844979623452 0.04543823156826661 0.04543823156826661 0.023518454184850476
0.016544002706317697 0.05455286166884287 0.05455286166884287 0.0233786366530794
0.014863034860706338 0.04458824114857517 0.04458824114857517 0.00297708573583424
0.01643137620735225 0.053612130325166395 0.053612130325166395 0.0028252954384687876
0.00011796205066534314 0.005952252143829786 0.005952252143829786 0.005418074777055477
0.00044017693974330945 0.006331308455366437 0.006331308455366437 0.005421537199400732
0.00011792186822939089 0.006104784110515774 0.006104784110515774 0.0045618462932857
0.0004400270365026359 0.006483664063411567 0.006483664063411567 0.004565454162074215
0.0005817383424967069 0.005252346288837683 0.005252346288837683 0.005651789188743392
0.0007752781342965107 0.005776961293437401 0.005776961293437401 0.005655507376722472
0.0005816952706282196 0.005153541543716603 0.005153541543716603 0.004469337010260229
0.0007748496102161306 0.005677848582800397 0.005677848582800397 0.004473041125965229
0.0009092047244700855 0.005220099340066773 0.005220099340066773 0.005531266598560403
0.0010909461788879346 0.005838464153657846 0.005838464153657846 0.0055346507530054856
0.000908807413809197 0.005066349489816417 0.005066349489816417 0.004171808661528809
0.001090152709515769 0.005684277350867513 0.005684277350867513 0.004174814249530215
0.0012614741133713297 0.005600412828787598 0.005600412828787598 0.005259756072585935
0.0015138227471163807 0.006266597335000842 0.006266597335000842 0.0052622814485113545
0.00126027940459757 0.005407261145400298 0.005407261145400298 0.0037985819444616396
0.0015122706393985315 0.006072931262686908 0.006072931262686908 0.0038009719645996703
0.0016861956392051475 0.006044543806473818 0.006044543806473818 0.004807370834618062
0.0019345103133382676 0.006721348494622312 0.006721348494622312 0.004809058379247605
0.0016845504946272887 0.005832448374056201 0.005832448374056201 0.0033628662500256525
0.0019324882198188495 0.006508719158850782 0.006508719158850782 0.003364261547869209
0.0020916014009451736 0.006474129508583832 0.006474129508583832 0.004336775219424725
0.0023399656688073748 0.007185739326823072 0.007185739326823072 0.004337945223019388
0.0020902084770838777 0.006249347626014082 0.006249347626014082 0.002843922043544608
0.0023374711134933647 0.006960369157008859 0.006960369157008859 0.00284461050392512
0.0025743034535966208 0.006921976917153983 0.006921976917153983 0.00380922666962772
0.0030147925839142413 0.007714908378705364 0.007714908378705364 0.0038095673877104655
0.0025701183468521587 0.006606418606619358 0.006606418606619358 0.0023017679122536677
0.0030099433055963153 0.0073985901374252604 0.0073985901374252604 0.0023017160692594667
0.0033324800074837546 0.006863948008618335 0.006863948008618335 0.0032964850668293346
0.003788384340256456 0.0075959959648205806 0.0075959959648205806 0.0032953294585061866
0.0033286817047868773 0.006578768765071571 0.006578768765071571 0.0018974173605977782
0.0037841744500343747 0.007280088990701653 0.007280088990701653 0.0018971792275237107
0.004279577630332406 0.006174590727002852 0.006174590727002852 0.0024011555826450705
0.005233448895695216 0.006814221740177641 0.006814221740177641 0.002399039530689405
0.004273554706168967 0.005502559454749976 0.005502559454749976 0.001710641371863379
0.0052269422175877595 0.006093241458222855 0.006093241458222855 0.001712086473793152
0.004222021292490315 0.0011210655487061368 0.0011210655487061368 0.0027861050907385543
0.0012081962173204487 0.0007726221463087381 0.0007726221463087381 0.0027737844569985445
0.004261006289973479 0.0024005562922596872 0.0024005562922596872 0.0007926834382437973
0.0012139569517253355 0.0016598832843665583 0.0016598832843665583 0.0007833043125741825
9.259253650426892e-05 0.006101419087905867 0.006101419087905867 0.003981455054387397
0.0003455854492936407 0.006425460976177683 0.006425460976177683 0.003984310752243342
9.254742702453535e-05 0.005994669826241649 0.005994669826241649 0.0032576096068201443
0.0003454170669824899 0.006318587896289545 0.006318587896289545 0.0032602547080765815
0.0005654358172637707 0.0048867498851232535 0.0048867498851232535 0.0037341307907437812
0.0009677630565202384 0.005269624949191956 0.005269624949191956 0.003736389084394964
0.0005650398266081526 0.004658322813447633 0.004658322813447633 0.0028971535521952023
0.0009670648972290366 0.005040993797877315 0.005040993797877315 0.0028993283625045217
0.0012409409001096908 0.00452000132377236 0.00452000132377236 0.0033528628383632164
0.0015855335574436213 0.004926239659050718 0.004926239659050718 0.003354664300180344
0.0012402657917628557 0.004322404153442147 0.004322404153442147 0.0024951746676617464
0.0015846457422907668 0.0047284295346738435 0.0047284295346738435 0.002496549002606694
0.0018235344963082006 0.004467153818833603 0.004467153818833603 0.0029792381142839026
0.002149895989223982 0.0048853499219005895 0.0048853499219005895 0.0029803979378144265
0.0018225802139478354 0.00427013060352889 0.00427013060352889 0.0021462127748312523
0.0021487324705083237 0.0046881036099881155 0.0046881036099881155 0.0021471523216526436
0.0023844988826123457 0.004453294608612017 0.004453294608612017 0.002552006438790712
0.002712601885802377 0.0048696393361525045 0.0048696393361525045 0.0025526603563599875
0.0023833257033479853 0.00425804942729504 0.00425804942729504 0.0017751187503150339
0.002711238232154218 0.004674173873101956 0.004674173873101956 0.0017754360533476685
0.0029564180036052144 0.004389977221334529 0.004389977221334529 0.0020843248092573085
0.0033201172328077224 0.0047835593958036405 0.0047835593958036405 0.002084552157851218
0.0029548848051217753 0.004181077473547018 0.004181077473547018 0.001536075618933873
0.003318399515318426 0.0045744553416993015 0.0045744553416993015 0.0015360454257216547
0.0035716772322677984 0.0041145398633012425 0.0041145398633012425 0.001770411153040476
0.00391222860903339 0.004434448046550398 0.004434448046550398 0.0017703513598675683
0.0035700746346179917 0.0039219842215551986 0.0039219842215551986 0.0014711928723556576
0.00391048606457386 0.00424175251267315 0.00424175251267315 0.0014712097788149487
0.004108310109517899 0.003328438263983959 0.003328438263983959 0.001598912729872266
0.004341349927326663 0.003580314577604781 0.003580314577604781 0.0015990007227880752
0.004107460348317552 0.00316519954752391 0.00316519954752391 0.0014793349375560804
0.004340451258604402 0.0033758705669657747 0.0033758705669657747 0.0014796211732897783
0.0041351427733377 0.001579874721007796 0.001579874721007796 0.001611435388611646
0.003400568783311718 0.0015004793090789214 0.0015004793090789214 0.0016103962290084663
0.004140125628470211 0.0018603908131903596 0.0018603908131903596 0.0013451096060011682
0.0034054721313235784 0.0017647191613743174 0.0017647191613743174 0.0013441733914255106
0.002191298940656859 0.0010167775715056227 0.0010167775715056227 0.0006255474673448533
0.0011085324940682244 0.0008894331384124153 0.0008894331384124153 0.0006253367568484249
0.00220623716740443 0.0005575441033811436 0.0005575441033811436 0.0004915010985036197
0.001105510007589017 0.0006628407519953282 0.0006628407519953282 0.0004914404759832365
0.00019470589546169824 0.005821673788219252 0.005821673788219252 0.0027954768632500633
0.0007268391332846919 0.006079470167599335 0.006079470167599335 0.0027974163484133004
0.00019463217659389633 0.005521925855720307 0.005521925855720307 0.002242177838719963
0.000726563842535537 0.005779572982617916 0.005779572982617916 0.0022440300769949535
0.0010743711135241243 0.004334772064150797 0.004334772064150797 0.0023659170061034384
0.001497807474178868 0.0046138709925573965 0.0046138709925573965 0.0023674245520635758
0.0010740425520723866 0.004096269479311145 0.004096269479311145 0.0017915058522519763
0.001497308113735466 0.004375234951666324 0.004375234951666324 0.0017925892191160526
0.0017809897256708467 0.0038344643071997536 0.0038344643071997536 0.0020021559955906414
0.0021370948479402215 0.004109024325115402 0.004109024325115402 0.002002962160700359
0.0017804817974279507 0.003633848708259546 0.003633848708259546 0.0014695033018942007
0.002136445821280389 0.003908292426726136 0.003908292426726136 0.0014701922346130047
0.0023848149567766985 0.0035521861120737627 0.0035521861120737627 0.0016632741483256098
0.002712196557279126 0.0038151967008515078 0.0038151967008515078 0.001663669462437057
0.0023841552511778643 0.0033677203005228725 0.0033677203005228725 0.0012820755406850782
0.0027114140049888692 0.003630626825618601 0.003630626825618601 0.0012820618093119785
0.002932013266890104 0.0032748509370861276 0.0032748509370861276 0.0014438952800117232
0.0032137183011971713 0.0035164128546130435 0.0035164128546130435 0.0014438699223479358
0.002931335228734903 0.003116053772809774 0.003116053772809774 0.0012031520227313553
0.003212949358936749 0.0033575311397125345 0.0033575311397125345 0.0012030446223512921
0.0033944248266638668 0.0028957708564973992 0.0028957708564973992 0.0013402249299331137
0.0036174978152514986 0.003094763774601484 0.003094763774601484 0.001340179397997602
0.0033938193699678135 0.0027699979657939125 0.0027699979657939125 0.0012172495893854767
0.0036168347851252606 0.0029689350776448457 0.0029689350776448457 0.001217207628509324
0.0037497406655282953 0.0023235578459060665 0.0023235578459060665 0.0013536246996478807
0.003902195989667713 0.0024555348768860565 0.0024555348768860565 0.0013536374028195188
0.0037492557391458903 0.0022376578673396555 0.0022376578673396555 0.0012955207858545094
0.0039016831086671217 0.002369610531885141 0.002369610531885141 0.0012955674448134047
0.0038778359887317584 0.0013871093582251478 0.0013871093582251478 0.001440284881327682
0.0036794589450772804 0.0014158586031489968 0.0014158586031489968 0.001440186553149098
0.003878684628351566 0.001458847711337842 0.001458847711337842 0.001356320306488644
0.003680320539545757 0.0014816631832174 0.0014816631832174 0.0013562401175654464
0.003282001300911903 0.00046209922474663243 0.00046209922474663243 0.0012012531820064446
0.002416416144082925 0.0004977924565337832 0.0004977924565337832 0.00120091401905236
0.0032853354623057236 0.0006290000697734498 0.0006290000697734498 0.0011068360378231825
0.0024197364144434848 0.0006079095815142414 0.0006079095815142414 0.0011065504141090222
0.0016323606531306563 0.00073425275068112 0.00073425275068112 0.0004843877982087247
0.0011616287158563495 0.000749408752618798 0.000749408752618798 0.00048439213496775707
0.0016374608676996 0.00024323959375995661 0.00024323959375995661 0.0004942051550296725
0.0011633303497745235 0.00022332824289900962 0.00022332824289900962 0.0004942305606817392
0.0002638366354508501 0.005234778710953925 0.005234778710953925 0.0018929661273279059
0.0009849952518451853 0.0054134651339557225 0.0054134651339557225 0.001894171607822147
0.00026376488789740874 0.0048288556579039335 0.0048288556579039335 0.001500015178074081
0.0009847272626643392 0.005007366002533436 0.005007366002533436 0.0015010356786979966
0.0014040238339012533 0.0037524227833318886 0.0037524227833318886 0.001458417903375565
0.001831635829641525 0.003944629814311981 0.003944629814311981 0.0014590770247306208
0.0014037908755749626 0.0035118223769532142 0.0035118223769532142 0.001099997246447639
0.0018312874891987336 0.003703939570338756 0.003703939570338756 0.00110044602031062
0.0021110024587800602 0.0031701047592606634 0.0031701047592606634 0.001187313119306488
0.002450504156145833 0.003353062409255603 0.003353062409255603 0.001187442682853083
0.0021106627249012867 0.002979116537152701 0.002979116537152701 0.000989439952844266
0.002450074719779633 0.0031620066169854412 0.0031620066169854412 0.0009893330588616946
0.00266934654499762 0.0027643231600795693 0.0027643231600795693 0.001117804686895257
0.0029321357494007513 0.002927454706880897 0.002927454706880897 0.0011177606059075737
0.0026689879965293875 0.0026164814959946134 0.0026164814959946134 0.0009726757871591903
0.0029317162107883516 0.0027795655788046747 0.0027795655788046747 0.0009725583678770022
0.0031015780661676168 0.0023589671191228635 0.0023589671191228635 0.0011133026481524033
0.003307077932112919 0.0024944666661421335 0.0024944666661421335 0.001113257621263843
0.0031012323362450975 0.0022433570225628458 0.0022433570225628458 0.0010236477446134238
0.003306692424738755 0.0023788254439901955 0.0023788254439901955 0.0010235446416134446
0.0034287474160385346 0.001859387812373426 0.001859387812373426 0.0011630356481149397
0.003562469263063006 0.0019603057452265574 0.0019603057452265574 0.001163007183610035
0.003428483254049193 0.0017841540540074615 0.0017841540540074615 0.0011363619686827774
0.0035621853054292386 0.0018850563709541114 0.0018850563709541114 0.0011363420134633789
0.003595733361321973 0.0012112010679823377 0.0012112010679823377 0.0012775864314105568
0.0035613454883449375 0.001257291350818172 0.001257291350818172 0.0012775894158621075
0.0035958302146345835 0.0012304506664795511 0.0012304506664795511 0.0012579487662035386
0.0035614456469195165 0.0012765385732359867 0.0012765385732359867 0.001257964553180813
0.003420544894971496 0.000493837768359137 0.000493837768359137 0.0013196008630551761
0.003079505278601493 0.0004993530986355775 0.0004993530986355775 0.0013194999551236761
0.003421374604108551 0.0006397255575728387 0.0006397255575728387 0.0012664382531351612
0.0030803396075307758 0.0006400556451597749 0.0006400556451597749 0.0012663524586930483
0.0026915582467663605 0.0003701159611582757 0.0003701159611582757 0.0010384956276654233
0.00200295012222465 0.00040500310637541555 0.00040500310637541555 0.0010383015724823525
0.0026931838928883306 0.00024388192363384185 0.00024388192363384185 0.0009564723742936801
0.00200455614742652 0.00025294054388080584 0.00025294054388080584 0.000956313990503736
0.0015352572839890766 0.0005559651988309681 0.0005559651988309681 0.0005037687881792292
0.001261710765374156 0.0005368936176670565 0.0005368936176670565 0.0005038345986006222
0.0015370158679636754 0.00015599254983140532 0.00015599254983140532 0.0005194515826009377
0.0012625691520900095 0.0001486949698262729 0.0001486949698262729 0.000519507723271784
0.00028633056745809853 0.004499167647854175 0.004499167647854175 0.0012572628972858213
0.001069004963243258 0.004623052887226846 0.004623052887226846 0.0012578908204786494
0.0002862759477538354 0.0040588100058360135 0.0040588100058360135 0.0009996738834001503
0.0010688009346655847 0.004182511959618105 0.004182511959618105 0.0010001577914277974
0.0015138851359383619 0.0032145219894399554 0.0032145219894399554 0.0009212586772200227
0.0019488269669788315 0.0033374130410446755 0.0033374130410446755 0.0009213183706610476
0.0015137199092330744 0.0029699489090833694 0.0029699489090833694 0.0007693022485018343
0.0019485843653867761 0.003092772179027002 0.003092772179027002 0.0007692972276924957
0.0022156192638420344 0.002606961420535238 0.002606961420535238 0.0008810110134184156
0.0025118945960988124 0.0027157855591152164 0.0027157855591152164 0.0008809935606300373
0.002215424556234097 0.002440407021340946 0.002440407021340946 0.0007713226600122005
0.0025116520053859856 0.0025491945654589655 0.0025491945654589655 0.0007712560889994078
0.0027001592178896782 0.002148251317691972 0.002148251317691972 0.0009080293929131371
0.0029208170523910603 0.002239232623428255 0.002239232623428255 0.0009080215738675918
0.002699957956145302 0.00202423166023058 0.00202423166023058 0.0008371047839935694
0.0029205845322632707 0.0021151909247997605 0.0021151909247997605 0.0008370320775772034
0.0030583427442741917 0.0016789693668599012 0.0016789693668599012 0.0009937920976558923
0.0032166174680342613 0.001753086509509982 0.001753086509509982 0.000993752265070662
0.00305815882657781 0.0015900296309039222 0.0015900296309039222 0.0009687335469005566
0.0032164144782742257 0.0016641341776488356 0.0016641341776488356 0.0009686961497238274
0.0032897042421853938 0.001153722877916087 0.001153722877916087 0.001128148053168231
0.0033350320174195206 0.0011988497886687912 0.0011988497886687912 0.0011281487759150564
0.0032896448496866934 0.0011282353213971493 0.0011282353213971493 0.0011299005989148622
0.0033349687599770325 0.0011733596156743 0.0011733596156743 0.00112990584533385
0.003304758130419925 0.000581931812198513 0.000581931812198513 0.0012551076818336424
0.003180969688024365 0.0005955399888189866 0.0005955399888189866 0.0012550977545718065
0.003304936397118418 0.0006485664073388312 0.0006485664073388312 0.0012407110173880374
0.0031811517538021207 0.0006555576831532091 0.0006555576831532091 0.0012407038680811572
0.003011153165840496 0.00018458579304350356 0.00018458579304350356 0.0012293955123483624
0.0026747990433390735 0.00020450180233078503 0.00020450180233078503 0.001229317964473231
0.0030116324876701974 0.00024684231349617617 0.00024684231349617617 0.0011766443892207922
0.002675275880800067 0.00024861747771447835 0.00024861747771447835 0.0011765800253997474
0.002356607746375781 0.0004249728133167193 0.0004249728133167193 0.0009118631721523584
0.0018500935958542012 0.0004398591774596117 0.0004398591774596117 0.0009118064808652535
0.002357328029391217 0.00019343177876271077 0.00019343177876271077 0.0008772248653444493
0.0018508095577503983 0.00020862926858351008 0.00020862926858351008 0.000877179605321013
0.0015660102924634222 0.0004290158441547345 0.0004290158441547345 0.00053275631588686
0.0013469794700938821 0.00041102307323366647 0.00041102307323366647 0.0005328168126701615
0.0015666921392909784 0.00014725358431467972 0.00014725358431467972 0.0005598141185413809
0.0013474579406590776 0.00013555244871458935 0.00013555244871458935 0.0005598600423962493
0.00028014686022702513 0.003723646371706962 0.003723646371706962 0.0008455760477214925
0.001045909666838491 0.003802575466343565 0.003802575466343565 0.0008458843152278439
0.0002801120896342429 0.003292907875800935 0.003292907875800935 0.0006793015300471356
0.0010457797885646458 0.003371670761131877 0.003371670761131877 0.0006795395204890285
0.0014769431964435896 0.0026974131460969593 0.0026974131460969593 0.0006767115323426606
0.0018897360852579202 0.002763328743565211 0.002763328743565211 0.0006767735783414367
0.0014768427267673576 0.002465359754382745 0.002465359754382745 0.0005718570046170944
0.0018895907224543143 0.002531224363228474 0.002531224363228474 0.0005718419017809819
0.002140377732783517 0.002127889140246135 0.002127889140246135 0.0007111331427982512
0.0024135422579479567 0.002182902730029113 0.002182902730029113 0.0007111397768169386
0.0021402639519002317 0.0019743794546606026 0.0019743794546606026 0.0006359769735555504
0.0024134018404180866 0.002029369586285424 0.002029369586285424 0.0006359670608691657
0.002586536892881706 0.0016539969922066634 0.0016539969922066634 0.0008056236992050828
0.0027874350430398495 0.0017044478835046022 0.0017044478835046022 0.0008056014490880124
0.002586418473388493 0.0015411334620369257 0.0015411334620369257 0.000775743362428592
0.002787298737413493 0.0015915707236926965 0.0015915707236926965 0.0007757158537937661
0.0029018293122425407 0.0011812076812239092 0.0011812076812239092 0.0009651541949137253
0.0030152559980150167 0.0012164818998044416 0.0012164818998044416 0.0009651501384080878
0.002901744414598042 0.0011175008260054416 0.0011175008260054416 0.0009748384708455342
0.0030151632731744518 0.001152770295391593 0.001152770295391593 0.0009748343027207286
0.003054995827777648 0.0007015562696007826 0.0007015562696007826 0.0011417002262274737
0.0030521302502442417 0.0007136808136978764 0.0007136808136978764 0.0011417082289808564
0.0030549939623347147 0.0007031676996941896 0.0007031676996941896 0.0011505281434966968
0.003052128208711196 0.0007152921581497558 0.0007152921581497558 0.0011505361642516745
0.002999785661790907 0.0002598076233260331 0.0002598076233260331 0.001232508215835594
0.0028615647987915056 0.0002556605379931335 0.0002556605379931335 0.0012324924236062293
0.002999896290189167 0.000316999960520538 0.000316999960520538 0.0012129753507277266
0.00286167625879946 0.0003126495798539308 0.0003126495798539308 0.001212963078536767
0.0027083540524120275 0.0002035587756863515 0.0002035587756863515 0.001144226024112699
0.0024294899149107153 0.0002241117937196619 0.0002241117937196619 0.0011441835791473872
0.002708578387904414 0.00011153701064950402 0.00011153701064950402 0.0011051630930415761
0.002429712083158863 0.00012791164168848767 0.00012791164168848767 0.0011051291603409097
0.0021871676509043728 0.0004146598276408495 0.0004146598276408495 0.0008612908986037979
0.0018155223511918178 0.0004202901686913228 0.0004202901686913228 0.0008612776270838011
0.002187464167944891 0.0002478168895117544 0.0002478168895117544 0.0008530497414871876
0.0018158185197366468 0.0002541167116977892 0.0002541167116977892 0.0008530393355783311
0.001622933453686574 0.00034331120480030384 0.00034331120480030384 0.0005792547915221432
0.0014507720850495045 0.0003229653627941712 0.0003229653627941712 0.0005792959202455273
0.0016232103655992975 0.00014755007646067005 0.00014755007646067005 0.0006073708091017091
0.0014509681595976228 0.00013318047914006223 0.00013318047914006223 0.0006074009178139252
0.0002522091575194886 0.0029797172555153352 0.0029797172555153352 0.0005787114035112145
0.0009415713603891584 0.003021129439436888 0.003021129439436888 0.0005788755644290349
0.0002521896200779897 0.002591996292389495 0.002591996292389495 0.0004677010379399237
0.0009414983906483894 0.0026332773832589526 0.0026332773832589526 0.0004678454629321977
0.0013368870570652802 0.002221746622700431 0.002221746622700431 0.0005107829800369423
0.0017278701110473985 0.0022498366193886756 0.0022498366193886756 0.0005108570488012938
0.0013368279309367021 0.002001971647450586 0.002001971647450586 0.0004232916388768524
0.0017277865723839866 0.002030019259747243 0.002030019259747243 0.00042335821359883933
0.001969468238421811 0.0017231013163999912 0.0017231013163999912 0.0005927406921423461
0.002239095717850116 0.001750955072831623 0.001750955072831623 0.0005927613488762786
0.001969398684060365 0.0015715990556822719 0.0015715990556822719 0.0005472082134269012
0.002239010494802364 0.0015994322493837502 0.0015994322493837502 0.0005472184406687955
0.0024056467248767693 0.0012744611267513672 0.0012744611267513672 0.0007683637179749857
0.002591788589701337 0.0012962172427000971 0.0012962172427000971 0.0007683689783945682
0.0024055798185377716 0.0011699105944026548 0.0011699105944026548 0.0007733541185421447
0.0025917127574455368 0.0011916568412433889 0.0011916568412433889 0.0007733569490706106
0.002690468084502661 0.0008409890734860111 0.0008409890734860111 0.0009883432796583115
0.0027747992665641623 0.0008497904177252887 0.0008497904177252887 0.0009883581293254852
0.0026904297237501113 0.0007936320774662944 0.0007936320774662944 0.0010078047228271666
0.002774758094299638 0.000802431472153117 0.000802431472153117 0.0010078184325005518
0.0027997460495012764 0.0004284735020659289 0.0004284735020659289 0.0011559301917468555
0.0027844703232788983 0.00042282882814004166 0.00042282882814004166 0.00115593808673161
0.0027997485922042404 0.00043706641172219795 0.00043706641172219795 0.0011433185622223786
0.0027844729105845154 0.00043142169210315585 0.00043142169210315585 0.0011433267363448606
0.0027346935388301748 0.0001120032176958611 0.0001120032176958611 0.0011929237437944093
0.002614774344545065 0.0001137019058134384 0.0001137019058134384 0.0011929110569096762
0.0027347431546326907 0.00014539332516024076 0.00014539332516024076 0.0011581899863978206
0.0026148235257262217 0.00013963694873149514 0.00013963694873149514 0.0011581809459099638
0.002494034435686696 0.00024870334005446616 0.00024870334005446616 0.0010797383639089709
0.002284645969378005 0.00026363124591365837 0.00026363124591365837 0.0010797174339984901
0.0024941217510222975 0.0001480360225375852 0.0001480360225375852 0.0010502796629649094
0.002284732087246289 0.00016296707044210156 0.00016296707044210156 0.0010502635781165612
0.0021103444006428224 0.0003728239915017252 0.0003728239915017252 0.0008502836715808801
0.0018463565322497364 0.0003740432180689585 0.0003740432180689585 0.0008502819866132757
0.002110454124151906 0.0002543931003777178 0.0002543931003777178 0.0008520351321356515
0.0018464637641753508 0.00025699830583548 0.00025699830583548 0.000852033887309255
0.0016959597163938248 0.00027276910553680696 0.00027276910553680696 0.0006282838545870323
0.0015719712181018243 0.0002536123761660378 0.0002536123761660378 0.000628307251685453
0.0016960602367848375 0.00015396816632560876 0.00015396816632560876 0.0006584386361646888
0.0015720583493970281 0.0001373621177116308 0.0001373621177116308 0.0006584550317053955
0.00021486222666253712 0.002322193827963913 0.002322193827963913 0.0004020432501680524
0.0008021047224708864 0.002344249871088756 0.002344249871088756 0.00040211282176201124
0.00021485214652621612 0.0019919185614533427 0.0019919185614533427 0.00033563832943280235
0.0008020670796796512 0.002013880234151788 0.002013880234151788 0.0003356902668491425
0.0011539893898706575 0.001803618705301928 0.001803618705301928 0.0003637848059072387
0.0015281900865130888 0.0018102243775980943 0.0018102243775980943 0.00036387500343428773
0.0011539548358324879 0.001593278039886489 0.001593278039886489 0.00029040393386875083
0.0015281425793063825 0.0015998456031858855 0.0015998456031858855 0.00029048351428379536
0.0017633268147709295 0.001382925722881391 0.001382925722881391 0.0005223690642973965
0.0020317680833568568 0.0013891236315647937 0.0013891236315647937 0.0005224109065018825
0.0017632862350036645 0.0012320984140255402 0.0012320984140255402 0.0005091520291801783
0.002031719739048919 0.0012382767301926596 0.0012382767301926596 0.0005091853803004301
0.0021913894236551554 0.000981878456185076 0.000981878456185076 0.0007881223757169514
0.0023593709304163333 0.000982447013927689 0.000982447013927689 0.0007881536091620868
0.002191355714953474 0.0008875244853011574 0.0008875244853011574 0.0007892968147586986
0.002359333781905684 0.0008880854161353998 0.0008880854161353998 0.0007893248400379683
0.00244935621654669 0.0006100157541264976 0.0006100157541264976 0.0010086269764899977
0.002527587686741656 0.0006020737392247396 0.0006020737392247396 0.0010086513307967578
0.002449336765086692 0.0005660883477282905 0.0005660883477282905 0.0009908015326304804
0.0025275674873629877 0.000558144644686915 0.000558144644686915 0.0009908238358228756
0.0025533104916019797 0.00026946876600469146 0.00026946876600469146 0.00112712671627111
0.002545714345543431 0.0002573705007335704 0.0002573705007335704 0.0011271352026368732
0.0025533090462102775 0.000269945695981851 0.000269945695981851 0.0010954601819814747
0.0025457128741587726 0.0002561702082181963 0.0002561702082181963 0.0010954689179963246
0.002511827484361971 9.44618088938257e-05 9.44618088938257e-05 0.0011326367146625013
0.00242714303208536 9.835395447596927e-05 9.835395447596927e-05 0.0011326301206336785
0.0025118430965673936 8.251576838155676e-05 8.251576838155676e-05 0.001097762215504026
0.0024271582041410964 8.276243718487644e-05 8.276243718487644e-05 0.00109775808419599
0.002343403601565556 0.0002447055668520392 0.0002447055668520392 0.0010309366600918723
0.0021995074667020787 0.0002563966205769245 0.0002563966205769245 0.001030926598618427
0.0023434317197868824 0.00017219332149695358 0.00017219332149695358 0.0010079071219650107
0.0021995350686374524 0.0001833961296905685 0.0001833961296905685 0.001007899807571989
0.0020823557962937737 0.00032249569433612897 0.00032249569433612897 0.0008554257988050209
0.0019100410339572313 0.00032211039034916826 0.00032211039034916826 0.0008554274143981437
0.0020823902185417636 0.0002463570941659543 0.0002463570941659543 0.0008633170355035803
0.0019100742266694882 0.00024597988381011663 0.00024597988381011663 0.0008633181352530212
0.00180407363169021 0.00022577357947211625 0.00022577357947211625 0.0006867950083286993
0.0016912773999173112 0.00021026300256488117 0.00021026300256488117 0.0006868064933976231
0.0018041066379233508 0.0001651644566404328 0.0001651644566404328 0.0007275110459024296
0.0016913060083097722 0.0001531415987258958 0.0001531415987258958 0.0007275182289646002
0.00017995833744917272 0.0017649509702032844 0.0017649509702032844 0.0002963261042815822
0.0006717736538280158 0.0017736348339753712 0.0017736348339753712 0.00029636053550986964
0.00017995322506527425 0.001488344786380436 0.001488344786380436 0.00025892085219081503
0.0006717545648820489 0.0014969627118262359 0.0014969627118262359 0.0002589071080615439
0.0009805632741675808 0.001418332514382155 0.001418332514382155 0.00024067589675343505
0.0013323796977695015 0.0014174530989760439 0.0014174530989760439 0.00024074066740012012
0.0009805437787537446 0.0012205666860561654 0.0012205666860561654 0.00019298867402588266
0.0013323540356134122 0.001219653597674515 0.001219653597674515 0.0001930418370224971
0.0015546673337883134 0.001083761274417025 0.001083761274417025 0.0005036313824200803
0.001810236987711448 0.001076495351802549 0.001076495351802549 0.0005036833707968557
0.0015546461457433141 0.0009401587349724246 0.0009401587349724246 0.0004870394609418603
0.0018102130627276872 0.0009328750301788853 0.0009328750301788853 0.00048708467574767124
0.0019633561846108642 0.0007563699966508811 0.0007563699966508811 0.000780614395316502
0.002126235958622952 0.0007452636931041666 0.0007452636931041666 0.0007806526467807564
0.001963339215106529 0.0006648748370775907 0.0006648748370775907 0.0007555751093443907
0.0021262181895593014 0.0006537612201628573 0.0006537612201628573 0.0007556086588578832
0.002216290408637557 0.0004512065713811175 0.0004512065713811175 0.0009717705053173437
0.0022995793345136992 0.0004359507101277247 0.0004359507101277247 0.0009717948009273467
0.0022162808513344085 0.00040443540162184383 0.00040443540162184383 0.0009375014582727755
0.002299569995597737 0.0003891774383812432 0.0003891774383812432 0.0009375232553946554
0.0023344077909741353 0.0001848145395482588 0.0001848145395482588 0.0010702158474381043
0.0023463974615815517 0.00017000957576223045 0.00017000957576223045 0.0010702240025420593
0.00233440549670535 0.0001744406447294312 0.0001744406447294312 0.0010328983297636435
0.002346395403485932 0.00015935720859856827 0.00015935720859856827 0.0010329063361830238
0.002333540639294989 9.550772301225925e-05 9.550772301225925e-05 0.0010729270511657886
0.002286527269847318 0.00010235110046771846 0.00010235110046771846 0.0010729244185811474
0.002333544694112782 7.715484682859238e-05 7.715484682859238e-05 0.0010400159905050177
0.0022865312267265404 8.22850318457497e-05 8.22850318457497e-05 0.001040014806321272
0.0022372746218372753 0.00021337024926466853 0.00021337024926466853 0.0009935253590852731
0.002149792219547585 0.00022203820192323088 0.00022203820192323088 0.0009935211953364899
0.002237283064346037 0.00016896183750872142 0.00016896183750872142 0.0009773691868203537
0.0021498005456385048 0.00017763186938944702 0.00017763186938944702 0.000977366305469649
0.0020801002606390053 0.00026659784259333157 0.00026659784259333157 0.0008698634682741764
0.001978098399156131 0.0002647951299205786 0.0002647951299205786 0.0008698647993206205
0.0020801106707483657 0.0002191623057165749 0.0002191623057165749 0.0008799566760706168
0.0019781075046702316 0.00021736231356479034 0.00021736231356479034 0.0008799574727449644
0.0019244792992920714 0.00019045388317228676 0.00019045388317228676 0.0007584363336849939
0.0018560985031794402 0.00017677667366491646 0.00017677667366491646 0.0007584401297931211
0.001924488595657581 0.00016240322221878532 0.00016240322221878532 0.0007967980276947512
0.0018561068128986344 0.00015188736633659725 0.00015188736633659725 0.0007967995221920712
0.00015315235370738642 0.0012985557641658294 0.0012985557641658294 0.00025145738383313386
0.0005716882779926885 0.001300614670857717 0.001300614670857717 0.000251435794608685
0.0001531496869108323 0.0010631605763809964 0.0010631605763809964 0.00026027778823055044
0.0005716783217641613 0.0010651717716609822 0.0010651717716609822 0.00026025250843134074
0.0008421894678491793 0.001069385845508899 0.001069385845508899 0.00017348039886445557
0.0011626590634263496 0.0010641180833460058 0.0010641180833460058 0.00017352250768166955
0.0008421786583769468 0.000889230291606512 0.000889230291606512 0.00015397512703583556
0.001162645270924278 0.0008839345588838157 0.0008839345588838157 0.00015400820245595523
0.001367240684585259 0.000818544601535637 0.000818544601535637 0.0004720712882212954
0.0016057217384215373 0.0008078008613833913 0.0008078008613833913 0.0004721114832057375
0.0013672292363203543 0.0006845304229378127 0.0006845304229378127 0.00044773775717436143
0.0016057094004032872 0.0006737711073566362 0.0006737711073566362 0.0004477714798438308
0.0017528269140594317 0.0005718225105579392 0.0005718225105579392 0.0007343697050758377
0.001916286775454913 0.0005572063173638163 0.0005572063173638163 0.0007344012623632965
0.0017528183608486723 0.00047999528466153 0.00047999528466153 0.0007014561967591689
0.0019162785259632885 0.0004653716211685594 0.0004653716211685594 0.0007014828933775254
0.0020110497539244905 0.0003368202037803748 0.0003368202037803748 0.0009120195582100385
0.0021065337363440767 0.00032108829397384367 0.00032108829397384367 0.0009120374094197125
0.002011045484697358 0.0002831972216203512 0.0002831972216203512 0.0008766658633436718
0.0021065302018980275 0.0002674625964581017 0.0002674625964581017 0.0008766812251329204
0.0021544943055507517 0.00014568039923604822 0.00014568039923604822 0.0010061874299180098
0.002190083822279337 0.000130273113570431 0.000130273113570431 0.001006194383611928
0.002154494193864059 0.00011700017814183917 0.00011700017814183917 0.0009705435831508602
0.0021900843138687983 0.00010348283018093235 0.00010348283018093235 0.0009705499616972867
0.002198343498112903 9.376709681026424e-05 9.376709681026424e-05 0.0010178429585056665
0.0021853539045623037 9.912558762622736e-05 9.912558762622736e-05 0.0010178425388795529
0.0021983460964963633 7.820687659264107e-05 7.820687659264107e-05 0.0009901971406831292
0.0021853567421058874 8.694016383150113e-05 8.694016383150113e-05 0.0009901973466515492
0.002165196655267601 0.00017449211951398134 0.00017449211951398134 0.0009670096545496822
0.0021231357887644417 0.0001803381509690357 0.0001803381509690357 0.0009670078906224071
0.002165201169417379 0.0001537172261872249 0.0001537172261872249 0.0009548809715658306
0.0021231403948893395 0.00015936974823653021 0.00015936974823653021 0.0009548798183253064
0.0020898406149844353 0.0002072201281520253 0.0002072201281520253 0.0008868458779376737
0.002040943808548194 0.00020453096624546306 0.00020453096624546306 0.0008868463132867285
0.002089846014362598 0.0001831941705161348 0.0001831941705161348 0.0008955870520730555
0.0020409493603623344 0.00018050557168801715 0.00018050557168801715 0.000895587238249778
0.002014758881739623 0.00015499229616359122 0.00015499229616359122 0.0008221686193313772
0.0020021404246604643 0.00014475548353141645 0.00014475548353141645 0.0008221687100549173
0.0020147631854519057 0.00014599562917330384 0.00014599562917330384 0.0008531329586826176
0.002002144700594698 0.0001365023778767837 0.0001365023778767837 0.0008531321748441812
0.00013232601819126633 0.0009019959960110018 0.0009019959960110018 0.00027182151311601376
0.000493933960207334 0.000902439978461891 0.000902439978461891 0.00027179974352527925
0.0001323241305028083 0.0006986168344547637 0.0006986168344547637 0.0002950146195219826
0.0004939269130890062 0.000699025215928902 0.000699025215928902 0.0002949968737056463
0.000734038311121436 0.0007601014167764332 0.0007601014167764332 0.00014375592563131668
0.0010283931835009502 0.0007548825125467574 0.0007548825125467574 0.00014378043432655604
0.0007340302088656383 0.0005946182424209537 0.0005946182424209537 0.00013219520193391595
0.0010283829566727423 0.0005893757346372311 0.0005893757346372311 0.0001322143811862989
0.001220109873174892 0.0005865379100645722 0.0005865379100645722 0.0004315402824456929
0.0014495416869118004 0.0005777415909245864 0.0005777415909245864 0.00043156409617725247
0.001220101136594059 0.0004576012610900482 0.0004576012610900482 0.0004116413985362188
0.0014495322320803236 0.0004487905544725951 0.0004487905544725951 0.0004116600936860937
0.0015933614346442281 0.0004147959617740134 0.0004147959617740134 0.0006797384646694873
0.0017568715362372967 0.00040307881381218915 0.00040307881381218915 0.0006797565973229049
0.0015933547940776363 0.0003229352173684158 0.0003229352173684158 0.0006533546207500412
0.0017568652447187397 0.00031121067312382835 0.00031121067312382835 0.0006533689658218206
0.0018552245707461523 0.0002489388134377237 0.0002489388134377237 0.0008529414729235014
0.001960443816963079 0.00023584948012229432 0.00023584948012229432 0.000852952298027743
0.0018552214290080108 0.00018984506448271166 0.00018984506448271166 0.0008235202281316359
0.0019604414600277683 0.00017675256520200658 0.00017675256520200658 0.0008235288874476258
0.00201849359018466 0.0001182678641526583 0.0001182678641526583 0.0009470862633401395
0.0020718916668819765 0.00010669776071999955 0.00010669776071999955 0.0009470907133654507
0.0020184939544918633 8.274625932881494e-05 8.274625932881494e-05 0.0009186742382604723
0.002071892723840547 7.489242764487475e-05 7.489242764487475e-05 0.0009186779512394169
0.002097144770115596 8.134533538203824e-05 8.134533538203824e-05 0.0009721958526128629
0.0021127587642747543 8.552976807312554e-05 8.552976807312554e-05 0.0009721962219274151
0.0020971479205718537 7.875005594054846e-05 7.875005594054846e-05 0.0009506750046582419
0.0021127623476497786 8.770719304094993e-05 8.770719304094993e-05 0.0009506755130197583
0.0021158576300796266 0.0001356872732016001 0.0001356872732016001 0.0009469593298768788
0.002108719905966574 0.00014057802839820947 0.00014057802839820947 0.0009469587714055313
0.002115862039133161 0.0001322972961528624 0.0001322972961528624 0.0009374452063565193
0.002108724484140004 0.00013799062810601647 0.00013799062810601647 0.0009374448972096238
0.0021034142356448505 0.00015725778627766383 0.00015725778627766383 0.0009017273060172412
0.002096058544036825 0.0001549548635636847 0.0001549548635636847 0.0009017272110265664
0.002103419467163665 0.00015311357684992495 0.00015311357684992495 0.0009097598067193887
0.002096063752313337 0.0001502664726163612 0.0001502664726163612 0.0009097596360817904
0.002098326961805861 0.00012248726675898844 0.00012248726675898844 0.000873579609306246
0.002111870964936817 0.00011828138561237245 0.00011828138561237245 0.0008735784496029653
0.002098331366001455 0.000124235738140008 0.000124235738140008 0.0008991414605019478
0.002111874963527474 0.00011515900788307363 0.00011515900788307363 0.0008991402226360648
0.00011860533444917908 0.0005582979823745971 0.0005582979823745971 0.00031656750639542106
0.0004427106724652569 0.0005609902715729847 0.0005609902715729847 0.0003165572062161404
0.00011860351140864986 0.00037601241652242154 0.00037601241652242154 0.00034638479004405815
0.0004427038668064567 0.00037867611547313235 0.00037867611547313235 0.00034637779903221597
0.0006647289226365381 0.0004820076051968232 0.0004820076051968232 0.0001246976133183312
0.0009471805335375039 0.0004824399999155993 0.0004824399999155993 0.0001247065899395089
0.0006647199959889222 0.00032321424492566737 0.00032321424492566737 0.00012996279407833088
0.0009471676798943442 0.0003236249655395242 0.0003236249655395242 0.00012996651589904004
0.0011308590523429283 0.0003809885274464472 0.0003809885274464472 0.0004012055567077385
0.0013502297382065984 0.0003772071538905681 0.0003772071538905681 0.0004012151612759141
0.0011308473296924883 0.00025770266980596 0.00025770266980596 0.0003926336416711309
0.0013502166650692358 0.0002539082073428645 0.0002539082073428645 0.00039264009610679487
0.0014907168066533446 0.00027970476844022733 0.00027970476844022733 0.0006376507090518002
0.0016551800096435024 0.00027239117386478447 0.00027239117386478447 0.000637658459205023
0.001490706891059974 0.00018730659646993953 0.00018730659646993953 0.0006211813402183324
0.0016551701543776095 0.00017998560943808395 0.00017998560943808395 0.0006211865685745669
0.0017554685548600336 0.00017757727255303981 0.00017757727255303981 0.0008056296773391616
0.0018650186179953265 0.00016894243934507006 0.00016894243934507006 0.0008056343818839228
0.0017554625034575677 0.00011604855320687911 0.00011604855320687911 0.0007862193510034205
0.0018650130839710957 0.00010807576043488433 0.00010807576043488433 0.0007862225494794297
0.0019293611907591195 9.729480340501749e-05 9.729480340501749e-05 0.0009017395374783079
0.0019956182697025543 9.0698612977937e-05 9.0698612977937e-05 0.0009017413946258814
0.0019293592011637827 6.470245656922369e-05 6.470245656922369e-05 0.0008839168076330519
0.0019956168302004587 6.675084517666393e-05 6.675084517666393e-05 0.0008839181019206907
0.002032089180504097 7.531452167987531e-05 7.531452167987531e-05 0.0009377986355246067
0.0020654888431101063 7.721016167473819e-05 7.721016167473819e-05 0.0009377989475032445
0.0020320902164697127 8.260470386781959e-05 8.260470386781959e-05 0.0009241542387975094
0.0020654902406680798 8.981034495990164e-05 8.981034495990164e-05 0.0009241544920117482
0.0020841173031046515 0.00010907101658088522 0.00010907101658088522 0.0009318795659025295
0.002101620699868003 0.00011185956925462228 0.00011185956925462228 0.0009318794187699466
0.002084120138044079 0.00011250611507116349 0.00011250611507116349 0.0009261891167332544
0.0021016236959036597 0.00011587549356291834 0.00011587549356291834 0.000926189042754514
0.0021148502744820705 0.00011985134225728893 0.00011985134225728893 0.000914648680171835
0.002133490672380637 0.00012039199298575316 0.00012039199298575316 0.0009146485590605252
0.0021148533714401645 0.00012449098728746486 0.00012449098728746486 0.0009199755537396248
0.002133493698020837 0.00012403329197032545 0.00012403329197032545 0.0009199754517500817
0.0021549068957578115 0.00010150244468925301 0.00010150244468925301 0.0009142288700625541
0.0021947677199591936 0.00010213330320227554 0.00010213330320227554 0.0009142281080647152
0.0021549086209128533 0.00011082989348645678 0.00011082989348645678 0.0009299069772663963
0.002194769032936119 0.00010596610280253913 0.00010596610280253913 0.0009299064038923112
0.00011583725491485952 0.00024959768875542796 0.00024959768875542796 0.00037354932867540236
0.0004323767508424717 0.00026718139990362363 0.00026718139990362363 0.00037354709421294453
0.00011583242860528715 7.157861166770674e-05 7.157861166770674e-05 0.00041794407318172745
0.00043235873300586085 8.913508291167006e-05 8.913508291167006e-05 0.00041794347451129006
0.0006461449463340733 0.0002371046490390801 0.0002371046490390801 0.00014183665648012748
0.0009136219395630802 0.0002407259218466665 0.0002407259218466665 0.00014183758785413968
0.000646123351184432 8.673473491568985e-05 8.673473491568985e-05 0.0001633534053689402
0.0009135965823270142 9.033655374094249e-05 9.033655374094249e-05 0.00016335324148252132
0.0010900522225854962 0.00020094397114055863 0.00020094397114055863 0.00038869601479327355
0.001304594107706057 0.00019999609849346428 0.00019999609849346428 0.00038869756156221494
0.0010900304008056722 8.037280429747685e-05 8.037280429747685e-05 0.00038653412851445993
0.0013045715769487427 7.960540320508735e-05 7.960540320508735e-05 0.0003865345429685176
0.0014424202875876638 0.00015809813415612492 0.00015809813415612492 0.0006125512237232685
0.0016044344162927473 0.00015495487739895596 0.00015495487739895596 0.0006125526525798313
0.0014424031437270046 6.969891281850126e-05 6.969891281850126e-05 0.0006054721054982418
0.0016044173189629087 7.19998999033564e-05 7.19998999033564e-05 0.0006054724883612744
0.0017054550311688507 0.00011634078925416651 0.00011634078925416651 0.0007763566526571688
0.0018194452154077245 0.00011331073326484954 0.00011331073326484954 0.0007763574365091076
0.0017054433096402367 7.519002849780064e-05 7.519002849780064e-05 0.0007688487646624346
0.0018194337325259757 8.063871797383414e-05 8.063871797383414e-05 0.0007688489746965304
0.0018870519454397276 8.925528165685468e-05 8.925528165685468e-05 0.0008748754039344947
0.001957778793856857 8.944565888071296e-05 8.944565888071296e-05 0.0008748757355408714
0.001887045268330632 8.623206596816023e-05 8.623206596816023e-05 0.0008680155775430955
0.001957772325776352 9.155189326348546e-05 9.155189326348546e-05 0.0008680156663975172
0.001999438384780599 8.660297528268238e-05 8.660297528268238e-05 0.000917555323425573
0.002042537508010411 8.905366502383867e-05 8.905366502383867e-05 0.0009175553563446917
0.0019994352535548337 9.746796298668399e-05 9.746796298668399e-05 0.000913179579809024
0.002042534529810655 0.00010150511751031128 0.00010150511751031128 0.0009131795886297838
0.0020691077247560656 9.715839283983878e-05 9.715839283983878e-05 0.0009236658098771029
0.002098605275390103 9.788889392281279e-05 9.788889392281279e-05 0.0009236657606526773
0.0020691064801088774 0.00010526204468003552 0.00010526204468003552 0.0009224644395929433
0.0020986041018124556 0.00010568769995373212 0.00010568769995373212 0.0009224644264032976
0.0021210076520534124 0.00010068427832450803 0.00010068427832450803 0.0009227022972772013
0.0021527145999966683 9.960094353551828e-05 9.960094353551828e-05 0.0009227022449806262
0.0021210064839014098 0.0001070729731573035 0.0001070729731573035 0.0009248287929150282
0.002152713400441366 0.00010606816679287056 0.00010606816679287056 0.0009248287789022304
0.002183044829137588 9.91359532633524e-05 9.91359532633524e-05 0.0009378955021933174
0.0022341959385310064 9.945483089272627e-05 9.945483089272627e-05 0.0009378953027083473
0.002183041749653806 0.0001041869274636684 0.0001041869274636684 0.0009440568975357419
0.0022341926995521114 0.00010190181351968366 0.00010190181351968366 0.0009440568440843072
H_3F 640
0.011214418397323333 0.006073151103413978
0.011747649721315758 0.007401855399255485
0.01066401016367531 0.005796736954009115
0.01122384108213689 0.0071254810949852015
0.015884513390577903 0.010164307606160508
0.016729040726157156 0.011231414059605567
0.015185973410450982 0.009791604359678779
0.01606749469000703 0.010858766530948125
0.01992818288620811 0.01335985662118319
0.02068233721543722 0.014151528813490362
0.019202861701825478 0.012952444138163446
0.019984485129310853 0.013744131396856306
0.02324361555773191 0.0158366733511787
0.023798535275678264 0.01638117947615374
0.02251482685713246 0.015415472382744332
0.02308731611440646 0.015959990034354134
0.025543709393570084 0.017515118352645215
0.025793867315029435 0.017755694865948222
0.024919049575354225 0.01714943498685111
0.0251755087148042 0.017390058602584503
0.026630995114910322 0.018262782772649148
0.026506019645417645 0.0181402548921789
0.026272157079829273 0.018053453787397165
0.026145490212223975 0.017930965650971013
0.026271663194596194 0.017910316874567195
0.025800614212745526 0.017419231121200234
0.026453241153883186 0.01801542343340007
0.02598549480348755 0.0175244181027955
0.024095039678192327 0.016189681580288894
0.02323413326862203 0.015154833704116326
0.02510503421430974 0.016754510849149012
0.024280295480630362 0.01571984714631572
0.019575742011739616 0.012607299160253195
0.018696303168658546 0.011018900508849261
0.021829767722807123 0.013804923624129673
0.021047088565927984 0.012216708017075046
0.015879008548866508 0.00889990391443456
0.0157552121747699 0.008148204477912754
0.016260439073034722 0.009092521448283708
0.016139504638897555 0.008340561818723512
0.009957710591073966 0.005352027110964815
0.010344964233354204 0.006413542695673439
0.00862300615325464 0.004682126724319446
0.0090678740484439 0.005743858803772284
0.013831855003147908 0.008720822947990871
0.014452909335651335 0.009571102534420325
0.011818960258287894 0.00765165967111135
0.01253984537115944 0.008502094055343388
0.017322962394323783 0.011454693134852091
0.017936440564505097 0.012145419449943297
0.01501215602582517 0.010166096922747055
0.01571559778198895 0.01085686104568925
0.020380720001304545 0.013741829218449516
0.020910957991524995 0.014290770043628987
0.017978701741929042 0.012361882407649656
0.018577317777621005 0.012910881956192654
0.022910072631712023 0.015593010557209677
0.023317539883015645 0.015998186794689846
0.020688203950746706 0.014296409980840584
0.021138533165654498 0.014701671145321482
0.024929841551835093 0.017043031387151818
0.02523871592339218 0.01734465643260803
0.02322173997499562 0.016041319569058046
0.023552952226196723 0.016342886840499875
0.02651191069440584 0.018174605079157545
0.026800649614890263 0.018452430985219367
0.025712635374198257 0.017705176144326224
0.026010074161826345 0.01798294048552001
0.02743598755024487 0.018867309383943737
0.02742440522069759 0.018855443254650453
0.028331560657348213 0.019389558292983687
0.028320546166477334 0.019377769373762902
0.027019038511768952 0.018557722110447754
0.026584099092446703 0.018123862765117696
0.030762841571394334 0.020703151191568615
0.030383332871862075 0.020268879657919642
0.02202844410846829 0.014842403843668226
0.019777010227063675 0.011154789985498504
0.030416258630177863 0.019416206903167168
0.02884912347470323 0.015726441678184898
0.00760839106901274 0.003999031585799144
0.007749275445227608 0.0045484647240285475
0.0062452746980352445 0.003316220758465213
0.0064154734414509995 0.0038657822790848975
0.009597891572376978 0.005748959071695189
0.009779713112680718 0.006091358443544732
0.0072878291384634065 0.004553683366702082
0.007523170224698107 0.0048961485876676735
0.011443626581334103 0.00712018921177238
0.011627782648954789 0.007407399532812898
0.008065169578770234 0.005322271698008085
0.008320053553554453 0.005609548525674326
0.013227924657410461 0.008399501624971106
0.013456820533787895 0.008721762655272346
0.008698930524113462 0.00592656523235161
0.009037253550485411 0.0062488524072228675
0.015100228390245647 0.009770444126878594
0.01542380023871754 0.010183921638359815
0.0093430591596815 0.006520043398248652
0.009850120258876365 0.006933306566355948
0.017267187485937897 0.011382968263476977
0.017698507244133056 0.011884810105229487
0.010279660989627938 0.007262102042961307
0.010982334119018593 0.00776360077538148
0.019754435146647667 0.013220696745301196
0.020211805439826997 0.013718020145130348
0.011504282341347377 0.00811433386512131
0.012272619891949775 0.008611712281872247
0.022583865208253374 0.015274315965507858
0.023184540700662132 0.01589357374904173
0.012700441514348116 0.00880365350644296
0.013754552148819852 0.009423881238132776
0.026010623018233835 0.01775394047610504
0.026638733412967748 0.01837831863317895
0.014267435230418818 0.00950369905089998
0.015426866300238528 0.010130735012666633
0.02786782288159022 0.019234149582236966
0.028640263219868543 0.01996131967969855
0.015158259951230536 0.00892006029827029
0.016672504862262724 0.00962833582291052
0.00541935875682372 0.0027680184138604105
0.005439376925969345 0.0029308570695720207
0.004563370154893331 0.0023398840807575456
0.004586610458590752 0.0025027405992884256
0.005681649455319073 0.00311676376562005
0.005708399063982877 0.0032153927555094914
0.004507032582437482 0.002525516140444224
0.004539657347534985 0.00262394536809068
0.005605494038472317 0.003220235661515244
0.005641145497412238 0.00331279846594671
0.0042696508550233185 0.002540308037669003
0.004314800916397546 0.002632483479522992
0.005408914020560005 0.0032606150929786323
0.005475697704679628 0.0033880520978138676
0.004002190521007562 0.002529430674529605
0.004090764031627774 0.0026566213019991007
0.005094513723134998 0.003246783236911605
0.005183567559839818 0.0033717843462929362
0.0037611939307234128 0.0025237083723264704
0.003879789489419491 0.0026483748838440294
0.0048148121172328405 0.0032141883101849495
0.0049288140651797645 0.003338955445913381
0.0035294282918671466 0.002467065260314243
0.0036817903424091157 0.002591040808709242
0.004597526083863209 0.0031917650616121703
0.004858166115473147 0.003412179985812353
0.0034501657697430543 0.002435943129552913
0.0037891497154891257 0.002655829687427891
0.004687455258037961 0.0033144825371565446
0.005021060858981797 0.0035418568993813215
0.003831489858016162 0.002613049532692328
0.004233115317309514 0.0028406768387790426
0.004907171570885729 0.003340366606488738
0.005757115424729985 0.0038162442131923105
0.004603212327250346 0.002992098039016173
0.005500196818273571 0.003469514345690456
0.005058442978909704 0.003504063191614435
0.003025494722096562 0.0019909903371594967
0.004334111401020924 0.0025268448641086383
0.001444734275477529 0.000998630632149759
0.003982531572746567 0.002037023795445833
0.003999270117559627 0.002164948100768491
0.0032589239599437967 0.0016750785169223398
0.003278501748009036 0.0018028358875295358
0.003776698349858713 0.002149783304003776
0.003859685054969023 0.002352076070457601
0.0029517399463114377 0.0017310966894016773
0.0030563572220988432 0.0019331966298667793
0.003575139651879643 0.0022969018692364537
0.003710483692011636 0.0024700989288119826
0.0027864234883373433 0.001867720229712301
0.002957001699522125 0.0020405973724487306
0.00349301271123194 0.0024013863052960516
0.0036748911048097533 0.0025651469635192044
0.0028156753916463812 0.001984396494389544
0.0030376494732268144 0.0021479423960804834
0.0034926453849208304 0.002468252660701529
0.0037248199803199228 0.0026326311210811823
0.0029717483046111386 0.0020792222268315097
0.0032408310556123524 0.002243337142750943
0.0036172941990563275 0.0025203714064312615
0.003920272457162764 0.00270233469532947
0.00333029616079751 0.0022454802120278243
0.0036566666368628665 0.00242722247052004
0.003986381053325217 0.0026710441926541375
0.004294144458064293 0.002841289984450479
0.003861326373723526 0.0025206337534868246
0.004178080836282022 0.002690847921694404
0.004408484305712628 0.0028536114196950823
0.004626458959396053 0.0029701753250573693
0.004365737322660973 0.002793397642936816
0.004585716513781457 0.0029100362159470905
0.004438032195416903 0.002873289080974673
0.0037626113358196892 0.002505482506160092
0.004353155185801728 0.00274261761723569
0.0036611531712614693 0.0023748227613745445
0.002278837572365664 0.0014084232040008564
0.0012727491307680488 0.0008669346254583246
0.002260322049767906 0.001348869132954025
0.0012098206967621683 0.0007984752417861268
0.0028022493248627887 0.0014950913793558807
0.002890299872339209 0.0017621277408489961
0.002250609505136909 0.0012184050076569297
0.0023587212645282997 0.0014852969597652452
0.002598429635249822 0.0017201440598137814
0.0028014507383531664 0.0019326160131212218
0.002088794059335493 0.0014327742021621815
0.0023356600129190806 0.0016449486664257594
0.002679655394565628 0.001891572860630744
0.002928998430571462 0.00207002850432029
0.00230858298210184 0.0016249925496610758
0.0025934274530016867 0.0018033190279466969
0.002907545918907237 0.002024044552551154
0.0031817929293972524 0.0021879330098580913
0.0027070119973398566 0.0018331153959314714
0.0029992413022873108 0.001996737907150424
0.003268261828076158 0.0021879542734509136
0.0035231726713447734 0.0023287941117725534
0.0031686434026290903 0.0020672436257331292
0.0034307958182410725 0.0022079969906440206
0.00364942773139656 0.00236732487829849
0.003857767652693275 0.00247883860662455
0.0036055105711712784 0.0023055344796766453
0.003816161458035205 0.002417021206817292
0.003986584363363379 0.002551682682588088
0.004130310855140416 0.002627916696243616
0.003966773588711546 0.0025223882625002
0.0041111587277212576 0.0025986252767402633
0.004136669251328212 0.00265906043502972
0.003951272635035539 0.0025598227491131892
0.004108990048662101 0.002617502467420105
0.003922262934875262 0.0025182803285556015
0.003494930864333089 0.0022416272414591738
0.002698381267082375 0.0018086650815676425
0.0034667730116792594 0.002196085750064453
0.0026607476645387966 0.0017631434142762535
0.0017027133760391497 0.0010583742256696906
0.0012585773770097306 0.0008230104254120533
0.0017104142271699653 0.0010658330113646362
0.0012639625587090393 0.0008287804552281313
0.0019112641181733188 0.001078401381389378
0.0021349711300242677 0.0014395834298336662
0.0015230290379832387 0.0008818900329857449
0.001795214719903655 0.001242881470681168
0.0020244173747152915 0.001431220868638409
0.0023417505367829762 0.001645356427186073
0.0017834300559707711 0.0012518940610113008
0.0021364913554033594 0.0014658667547546769
0.0024219917060660555 0.0016491577890432741
0.002723048061336657 0.001818973419499458
0.0023310702603251124 0.0015500513388727764
0.002642280460863283 0.001719703889320664
0.0028939416537545697 0.0018935756159464386
0.003137962527665487 0.0020249481776541626
0.0028407032778070473 0.001820831891844289
0.0030888233551834574 0.0019521372893326768
0.003295334472692447 0.0021074403571600103
0.0034894278872574925 0.002210167776688381
0.0032658072062545845 0.0020624400404292607
0.0034614821139506502 0.0021651185331761
0.0036206298846715975 0.0022958915320767373
0.0037475022294052368 0.0023627382233365204
0.0036118992160862327 0.0022824226113659853
0.003739042300078725 0.0023492636594463086
0.0038159566946505273 0.002436659896366265
0.003783571910625953 0.0024194674521035224
0.0038095183463099373 0.002426889490419061
0.003777084843238417 0.002409705100050165
0.0036662615586304705 0.002370072879013336
0.0033502884789978677 0.0021995026168625848
0.0036482420466086105 0.002343906428621856
0.0033304865481428958 0.002173346033111912
0.0028849538929446006 0.0018650269372158918
0.002256076095245696 0.0015206258473535012
0.0028579851090759956 0.0018248281335910054
0.0022209866718687515 0.0014804350689651279
0.0016157963733048435 0.001019513036084153
0.001358588737701034 0.0008827726819873891
0.0016224203293347718 0.0010282337252823066
0.0013652725509393053 0.0008910384376808968
0.0012894553837773583 0.0007717967323719599
0.0016507758562818787 0.0011634478918609538
0.0010398566206043475 0.0006429749155769928
0.0014637797121478892 0.001034479363046691
0.001772164144532977 0.0012175719065791923
0.0021556331059207267 0.0014350726688199394
0.001697991140482943 0.0011415110788674542
0.002094946121876442 0.0013589407965396358
0.0023843550759214665 0.0015483151386302251
0.002661909862445009 0.0016964440783644248
0.0023458569031834277 0.0014933736081231487
0.002627400188585307 0.0016414540471926967
0.002848750108442086 0.0018040943054014077
0.0030587048618896497 0.001914419313129326
0.0028267503222494266 0.0017685313700694357
0.0030381633775998086 0.001878808304920237
0.003215755443875963 0.002026067420965042
0.0033666261301184327 0.0021051848665524617
0.0032079245772720874 0.0020134461867391835
0.003359121064585471 0.0020925553139990267
0.003477768254343559 0.0022089261476768126
0.0035206758183354454 0.0022315903966672887
0.0034782809835460895 0.002209772724300778
0.0035211793264959324 0.0022324373026554414
0.003535070238845958 0.0022799329061267836
0.0034196254955274003 0.002218033721298086
0.0035301513307032786 0.0022728237072532275
0.003414538412287941 0.002210927810941639
0.003252453952623086 0.0021202743390944293
0.0029437684317935456 0.0019520585039061523
0.0032333299026661897 0.002094138438445495
0.0029225744805838985 0.0019259279530999072
0.0025268744557270947 0.0016342354592640699
0.002062580270430367 0.0013809500383597274
0.002515257223930003 0.0016172764473678333
0.0020481552868499386 0.0013639945815357058
0.0016541516037590729 0.001049383304175141
0.0014485328607658113 0.0009398981413820218
0.0016637055348331345 0.0010632531289161797
0.0014591388449757385 0.0009536589915276634
0.0008907755698128233 0.0005628614539742588
0.0013451569818927014 0.0009458969910331674
0.0007347879636219156 0.0004797068098406893
0.001247168523527103 0.0008626596545268371
0.0016245921652915107 0.001076827364393125
0.0020072680309981034 0.0012832548317996783
0.0015836934278247413 0.001024349865692226
0.0019742229506866512 0.001230716312117648
0.0022554217312470916 0.0014257554377908842
0.002516129172572777 0.0015623410173824476
0.002232755359347834 0.001388120462727891
0.0024957889626016005 0.0015246844506436263
0.0027090962779050564 0.0016960802960433944
0.00290151474473925 0.001796518246063931
0.0027002478189672298 0.0016810809179085425
0.002893228186198566 0.0017815072956036296
0.003058126219983338 0.001933491753578133
0.003165956968001095 0.001990203068211552
0.003061115922648372 0.001938291442721788
0.0031688344042661936 0.0019949987879475904
0.003261361512360551 0.0020983480270025607
0.0032586802151451716 0.002096919239612549
0.0032644606168369555 0.0021027610529157055
0.0032617817320693874 0.0021013321864814354
0.0032431143240392478 0.0021161469388132504
0.0031157006711058474 0.0020470286111988673
0.0032358440866895577 0.002106435820458447
0.0031081297334683224 0.002037319668668113
0.0029401419808358586 0.001926290038262363
0.002685438010724396 0.0017868367470290512
0.0029253687537888445 0.0019068707404729952
0.002669234210046767 0.0017674206217498864
0.0023506433896234216 0.0015242292747540854
0.0020094577772603655 0.0013383999891378095
0.0023479125510747186 0.0015202569547160393
0.0020062086144423037 0.001334428927657489
0.0017232089567421568 0.0011010941226043585
0.0015621534514803591 0.0010150340026475158
0.0017331218049340532 0.0011152905873505034
0.0015729731323602802 0.001029184538705774
0.000631281512235714 0.0004154602805153516
0.0011052843732714782 0.0007602234624090967
0.0005313603912272374 0.0003599453290089567
0.0010513318204923457 0.0007046719267902936
0.0014311415918923205 0.0009238350185511112
0.001801807438368739 0.0011193635799243461
0.0014022427494822555 0.0008800597849067773
0.0017788981468122354 0.001075572392991413
0.00205673203657494 0.0012811044652820786
0.002316228756063691 0.0014159285333631972
0.0020440078291485476 0.001258303448743633
0.002304911281946252 0.0013931144677355799
0.0025253750153216197 0.0015870052214258775
0.002703286699679699 0.0016800787840479526
0.0025268341568101212 0.0015894669685399582
0.0027046360176152633 0.0016825348532580736
0.0028662590518257706 0.0018394056820804864
0.0029455666282616633 0.0018815786979448238
0.002872991900056602 0.0018491172232886388
0.0029521145768362767 0.0018912882634000948
0.0030289853994184134 0.001977838120624066
0.003014874432141018 0.0019702042050052542
0.003024197333884129 0.0019715335772133094
0.0030100640218805965 0.001963899823464688
0.0029835575760873085 0.001963808641312292
0.0028740357796291326 0.0019038427007273707
0.002969886221120692 0.0019464665705152557
0.0028598400609405076 0.0018865022358180929
0.002717727488341662 0.0017868863997978334
0.002526934297261298 0.0016821817016882475
0.002706239213255217 0.0017722007069936035
0.0025145684110819072 0.001667497832681425
0.002275200169541479 0.0014803140361118513
0.002032735078887628 0.001348319259431506
0.0022759570462869477 0.0014812446281437788
0.0020335658773533564 0.001349248825742303
0.0018085961300316226 0.0011621217854904287
0.0016928861488774312 0.0011001392348936386
0.0018193849961998297 0.001177249436474763
0.0017043856613710004 0.001115256690551212
0.0004558558450344523 0.00030845273841529475
0.0008972550959651913 0.0006021087721164488
0.00039851541130973215 0.0002752452379795092
0.0008694823491958261 0.0005688786732643968
0.001209971444680832 0.0007588870978889481
0.0015709137336725988 0.0009460325449736882
0.001189935379736072 0.0007221793848506193
0.0015555064817479314 0.000909313046795089
0.001839073379456385 0.001142847939534163
0.0020978547851983735 0.0012770894949293695
0.0018353239864862256 0.0011362191320919213
0.002094553615821925 0.0012704525596746745
0.0023288032302479756 0.0014897558996860535
0.0024875323714333565 0.00157376226978921
0.002329169236283074 0.0014903262648560862
0.0024878684847761436 0.0015743293109718262
0.002648900574434471 0.0017289915965183439
0.0027214108512472177 0.001768119508769207
0.0026421465261919613 0.0017200691488585861
0.0027148350367580724 0.0017591956615929318
0.0027910229488588654 0.0018402186039365447
0.002784078895097781 0.001836424774090152
0.002778384439879788 0.0018243846140958762
0.0027714087009955346 0.0018205908960775485
0.002755384408498686 0.0018222320995122361
0.002678408909850618 0.0017798865763595192
0.002741247457556793 0.0018048026560357098
0.002663863690083838 0.0017624581441685432
0.002560150549665352 0.0016871701308287142
0.002429123864239359 0.001615217032660253
0.0025509898062930584 0.0016756694208759466
0.0024194661684490684 0.0016037174381047206
0.002251212775287908 0.0014688907975493972
0.00209284801471686 0.0013827342241776875
0.002254254938126809 0.001472853627022672
0.002096115873238833 0.0013866961809612546
0.0019303805459093088 0.0012454343200094546
0.0018254102012545564 0.001189041946657467
0.001945269411395024 0.0012658088419128903
0.0018411406212510016 0.0012094121186371862
0.0003466902988203873 0.00023814222086537747
0.0007342407023484462 0.00048406709466894274
0.0003153144001002985 0.00021943703862804464
0.0007199215832607485 0.00046533083647179636
0.0010096678770389381 0.0006106195854605079
0.0013539541085164607 0.0007865601825848108
0.0009993551572663947 0.0005867662263898136
0.0013462661055884777 0.0007626979363179546
0.0016342077860868318 0.001029149358104197
0.0018790036960303989 0.0011569601792541517
0.0016291507219987596 0.0010208428033425872
0.0018745993742179067 0.0011486488692376792
0.0021128479220769956 0.001371985289963683
0.0022650160941298106 0.0014534443027018542
0.00210370972794155 0.00135945716222546
0.0022564902470327327 0.0014409134242085923
0.002419975431780983 0.0015940304569774504
0.002496487582751392 0.001635687067720523
0.002406410147139334 0.001576891154803592
0.002483338885262978 0.0016185466254961963
0.002568038491664095 0.0017023118192061198
0.0025789456107745846 0.0017083107320618055
0.0025527099292079144 0.0016836519132344967
0.0025636822909297762 0.0016896508698344779
0.002568381664076541 0.001703233845230389
0.0025257422203667427 0.0016797258442142328
0.0025548119500127696 0.0016867803423088997
0.0025119426442821204 0.0016632730165239062
0.002447956366576546 0.0016153999904612742
0.0023682675002647357 0.0015716567074420375
0.0024414516250287396 0.0016073261255831954
0.002361543410800446 0.001563583425554077
0.0022546573016200126 0.0014749818644565907
0.0021609113924085715 0.0014239815992383759
0.0022585801190842148 0.0014800336734094913
0.0021650021833412537 0.001429032488707598
0.002068537223657635 0.0013414578164885327
0.0020050768274521465 0.0013072693164862806
0.0020829170534983708 0.0013606433116761661
0.002019906428390741 0.0013264531675453528
0.0002944256431262678 0.00020230486877026015
0.0006245377858902905 0.00041156203630068677
0.0003019923072647269 0.00020671373757069137
0.0006281301391589906 0.000415965415097751
0.0008598712395156931 0.0005078349333568175
0.0011755365406653981 0.0006680907855540095
0.0008561385590961873 0.0004980768927063912
0.0011728011563885423 0.0006583267366901166
0.001446443358983711 0.0009196559864032772
0.0016736880097001964 0.0010389166108136375
0.0014386746970210698 0.0009074834967473578
0.001666973898027506 0.001026740440123559
0.0019004475931696416 0.0012435983095676348
0.0020521940015369384 0.0013253440189091048
0.0018879653074408078 0.0012271372788039206
0.002040637556933945 0.001308880709670407
0.0022081894817513707 0.0014615346560672645
0.002295494852648717 0.0015092855728818947
0.0021938201789284684 0.001443855674020515
0.0022816747055636796 0.001491605713515474
0.0023778685533005447 0.0015803408677343808
0.0024101647840390206 0.0015981391029456324
0.002363006575993654 0.0015625188885074596
0.0023955033980365735 0.0015803171377830425
0.0024225437919416118 0.0016080932283092848
0.002410762352895548 0.0016015982217209282
0.0024110611641760234 0.0015942716185897462
0.0023992238068974363 0.0015877770443787184
0.002371325415874907 0.0015661031549086416
0.002332983034241442 0.0015450718396934245
0.0023664094687743473 0.0015600410704916046
0.0023279863839498357 0.001539010106607323
0.0022702267303627553 0.0014883432464610545
0.002225297286440953 0.0014638950609174614
0.002273660601670386 0.001492716533217827
0.0022288003034994603 0.001468268299306056
0.0021760548224164663 0.0014184637505355
0.002164376969904492 0.0014121545673576909
0.0021879457348487567 0.0014339480720672617
0.0021763312959827133 0.0014276384377194396
0.000302319549620984 0.00020207376565364003
0.0005637781989634822 0.0003828668518663066
0.0003233315654943458 0.00021366937501239548
0.0005753146538805871 0.00039446189339732625
0.000747982625699372 0.00043889711837637635
0.0010383955668079251 0.0005860868089137531
0.0007458390704043878 0.00043311270539977715
0.0010368472154408514 0.0005802986689295206
0.0012941773904655263 0.0008258250778102925
0.0015124214595159634 0.0009405528915445265
0.0012876705419116214 0.0008158712675651388
0.001506853584318466 0.0009305961628832087
0.001732294732937425 0.0011365499496568576
0.0018837904943079028 0.0012183140667801008
0.00172210677957716 0.0011233547074138387
0.001874424309914837 0.0012051171052702802
0.0020419028782322525 0.0013540830218348268
0.0021379587419264137 0.0014066980574954108
0.0020297862244070203 0.0013393708285698233
0.002126389086375429 0.001391985173737697
0.0022296387070160372 0.0014827899267623997
0.0022780947957971487 0.0015094911901237136
0.0022177195946204873 0.0014685840963761677
0.0022664308145621506 0.001495285337539982
0.002311532167775488 0.0015346703113642295
0.002325707438597926 0.0015424774931010847
0.002302566473576995 0.0015239114626150478
0.002316797071109592 0.0015317189303347685
0.002318099541263714 0.0015314084799782526
0.002311586155989335 0.0015278393386860527
0.0023142332820106004 0.0015266536227448403
0.0023077092289358917 0.0015230846906748139
0.002288550541528529 0.0015025707708310459
0.0022817917045899532 0.0014988928775316957
0.0022917321747458136 0.0015065896369415269
0.002284982680285682 0.0015029116941975638
0.0022729094509982284 0.0014859532855560533
0.002285418622518396 0.0014927247072698913
0.0022828600236412017 0.0014987364132517014
0.002295314575725123 0.0015055075930817696
0.00033805652111032643 0.00021758642042230008
0.0005442436993865965 0.00037963393934069864
0.00036612732169605695 0.000232494150726354
0.0005621070123631186 0.00039454083291933634
0.0006763239130452366 0.00039471326797743466
0.0009553547491307779 0.0005359435617385064
0.0006773056923665704 0.0003973413950336265
0.0009560428385231335 0.0005385670978966922
0.0011999200369187575 0.0007660323045253334
0.001408578699105988 0.0008757224497412562
0.0011970701147570953 0.0007617404856818096
0.001406147676348911 0.0008714283805880154
0.0016213682568722654 0.0010641837578525724
0.001773761307199813 0.0011464192344242626
0.0016149530310473853 0.0010559441156391533
0.0017678973366459503 0.0011381783614760883
0.0019315043422451778 0.0012805491160995976
0.0020315858836738084 0.0013353264999396246
0.001923483680444872 0.001270840927230494
0.0020239613881428945 0.0013256178167252628
0.0021296874883087987 0.0014155503641187137
0.0021898926506001264 0.0014486798321642178
0.0021222007091534854 0.0014066380043984174
0.0021826125959231524 0.0014397674660605747
0.002238046630057923 0.0014849439080143517
0.002268415973085739 0.0015016438953066754
0.0022323645994683145 0.001478122227633611
0.002262810522204759 0.001494822366339914
0.002282968343724217 0.0015079984345035906
0.002298958202586704 0.001516750059318975
0.0022806540793719673 0.0015051546273886665
0.0022966602496020784 0.0015139063693290868
0.0023041644671370504 0.0015147494773269528
0.0023212850828208667 0.0015240696157205811
0.0023062870164336354 0.0015174144625898947
0.0023233919581761046 0.0015267345748854594
0.0023408199751882718 0.0015345678829101828
0.0023775656411864775 0.0015544979140119544
0.002346989167178507 0.0015424077990896247
0.0023836394500711044 0.0015623377184142153
0.0003910976483949423 0.00024469329179513096
0.0005713904849260507 0.0004029619225277081
0.0004336985125917912 0.0002668882508935073
0.0006013408533377744 0.00042515110375857543
0.0006615292350263321 0.0003939908014071004
0.0009245663576938572 0.0005277297637086099
0.0006664530891153782 0.0004047383782766861
0.0009280856623946132 0.0005384749119047678
0.001157280622787642 0.0007393741186893849
0.0013612683718597794 0.0008466458346341359
0.0011565357353696456 0.000738282264660066
0.0013606307185604807 0.0008455530599586302
0.0015670977275617983 0.001027485755655466
0.0017173906219515804 0.0011084935344362894
0.0015643283861037681 0.0010239376246126233
0.0017148620549625913 0.0011049449036620916
0.0018738480502602632 0.0012409058419130098
0.001978158679452448 0.001297901325958416
0.0018707392403324403 0.0012371460371513356
0.0019752133689668336 0.001294141353611253
0.0020799932733538843 0.0013809636746871111
0.0021443659571803012 0.0014163272646988642
0.0020771111880654104 0.0013775304229368638
0.0021415703763097006 0.0014128939960869346
0.0021999230954923535 0.001458496854103086
0.0022391666538215094 0.0014800464321775514
0.0021980987871654148 0.001456307416681929
0.002237374413583675 0.0014778570592202194
0.002265913790280016 0.0014963867673165843
0.002292880838442604 0.0015111355180213901
0.0022654231985088503 0.0014957854598509103
0.0022923960814230223 0.0015105342641078766
0.0023130181558884823 0.0015218549746653068
0.002342127148967601 0.0015377084224886472
0.002313866202042912 0.001522917638408219
0.0023429646294226506 0.0015387710896717982
0.0023759908878316044 0.0015604701656654527
0.0024230722421320476 0.0015860456206196769
0.0023784269394951704 0.001563549323594774
0.0024254608517958755 0.0015891247718182093
sig_last 640
-104593.44015319084 3040.911801892551 3040.911801892551 -168310.2877735404
-86200.90215388974 3125.0595272340233 3125.0595272340233 -148626.59103402632
-102733.06060024018 10007.586796862244 10007.586796862244 -161570.94153879696
-84622.74183648516 8860.010293848369 8860.010293848369 -142329.95656796524
-94986.60811874991 3174.7148469760164 3174.7148469760164 -176159.03425657327
-82877.02360921196 3825.6765264377636 3825.6765264377636 -161581.74631933976
-91779.39592962226 7410.918057726469 7410.918057726469 -167826.43308308537
-79841.22354833758 7308.1569617025725 7308.1569617025725 -152927.75494370965
-90517.6398153869 3678.902315433723 3678.902315433723 -183504.86684756953
-82883.44688341948 3989.2195202177154 3989.2195202177154 -172718.4024517685
-87132.47207106148 6102.59840202943 6102.59840202943 -174045.18571869726
-79646.90079390026 6044.218847308341 6044.218847308341 -163186.65387635722
-90052.19975135868 4175.13342093526 4175.13342093526 -190458.27801917502
-85815.54617277515 4503.560591061554 4503.560591061554 -182436.1205569289
-86459.83616768055 5326.387497432443 5326.387497432443 -181338.20659299678
-82028.90028887521 5511.778895512756 5511.778895512756 -173594.94030187352
-92149.35887264118 4601.933899564482 4601.933899564482 -196332.7773650183
-90355.3359483812 4979.110341664815 4979.110341664815 -192969.98940894924
-88809.79312934226 4999.462418810592 4999.462418810592 -188699.64978784235
-87083.06664779336 5398.267215254351 5398.267215254351 -185253.20292313743
-94253.07430638975 5081.312986882932 5081.312986882932 -201707.23717492074
-95539.12584723334 5524.847623271549 5524.847623271549 -203526.9513078937
-92198.19781166644 4689.129235453087 4689.129235453087 -197466.0522509279
-93548.61774021502 5128.9980399361175 5128.9980399361175 -199292.55722315176
-97245.20447750075 5480.725555010866 5480.725555010866 -206489.99880942694
-101485.69404303025 5717.417550480413 5717.417550480413 -213486.0752986894
-97911.81967758357 4373.407220001595 4373.407220001595 -208793.28529855778
-102301.98132593889 4418.329997672351 4418.329997672351 -215989.94250613693
-99401.22476579789 5212.908093048015 5212.908093048015 -207411.22596157677
-109311.76261783825 4409.399727670275 4409.399727670275 -222585.06609404745
-104613.64488220829 1918.4204701944645 1918.4204701944645 -220344.80718848947
-114681.65820197732 670.7539101567165 670.7539101567165 -235504.84773466588
-103341.19785436473 2877.316419506117 2877.316419506117 -202445.28372856826
-122162.64440476095 -386.03708031309293 -386.03708031309293 -224512.96149181086
-114609.86820122055 -3673.3278632992224 -3673.3278632992224 -228892.59110319387
-134252.4110924334 -7922.84683387187 -7922.84683387187 -250770.3253919441
-120558.26090475531 -319.3959138844477 -319.3959138844477 -207904.32611483024
-132312.05828865393 -1151.215548831828 -1151.215548831828 -218181.06655385596
-122356.0212551944 -4322.441370277716 -4322.441370277716 -211869.69218636007
-134130.93636155393 -5332.992278693162 -5332.992278693162 -221792.89333777459
-101889.62166779055 15080.645494046446 15080.645494046446 -154602.46727523406
-87582.81819930747 14631.77053391314 14631.77053391314 -139474.71728876547
-96702.37256150007 19080.89553448664 19080.89553448664 -140102.01029701842
-82538.41187674073 17520.13948195949 17520.13948195949 -125857.29736617464
-95388.61072141737 13745.225503467653 13745.225503467653 -163046.68876357924
-86259.7396867134 14230.767369194244 14230.767369194244 -151022.73301483528
-85933.98390379101 15961.000174446108 15961.000174446108 -140499.9883154649
-77148.62979512587 15471.82248928251 15471.82248928251 -128642.19486716294
-93345.65996388403 13768.630988730347 13768.630988730347 -170741.5572135723
-87665.50337616603 14491.39283054815 14491.39283054815 -160763.31337915914
-81519.91102102281 14624.124180939407 14624.124180939407 -143246.9723304505
-76045.18758730256 14513.047299568225 14513.047299568225 -133386.4661702174
-94844.18409368632 14978.166296810541 14978.166296810541 -178376.22761278495
-91036.57694194322 15472.022826557202 15472.022826557202 -169787.2776452191
-82137.30515071304 14746.775361519702 14746.775361519702 -149211.31691155912
-78586.76881290894 14605.031714209877 14605.031714209877 -141581.2787560883
-96875.04121860264 15843.437207951585 15843.437207951585 -185124.4009837519
-94536.91737657924 16891.40758753246 16891.40758753246 -179574.6991693721
-85154.62610223333 15141.535775995486 15141.535775995486 -158122.3970637605
-82752.31981662128 15997.61638423396 15997.61638423396 -153207.8795371623
-99284.86746268423 16861.663883762725 16861.663883762725 -192039.9425735281
-97938.25486444154 17479.37658315133 17479.37658315133 -188002.4619408524
-90213.53539860241 16327.035909699469 16327.035909699469 -171542.62102146825
-88855.91333854021 16998.86596502751 16998.86596502751 -167628.95540448828
-101300.61817393906 17214.29944418559 17214.29944418559 -197810.01911748105
-99032.31035000576 17070.29146514638 17070.29146514638 -193877.4986673006
-97639.8552425411 17290.359652926356 17290.359652926356 -188605.91157985307
-95342.27865133072 17241.979061167556 17241.979061167556 -184784.39610836146
-99120.76829399595 15071.58299740285 15071.58299740285 -198734.84068820043
-98473.59871581622 14170.174170346047 14170.174170346047 -199053.55184392253
-104634.75653815897 15603.910731687236 15603.910731687236 -210683.22554203696
-104192.63691313549 14750.46401193532 14750.46401193532 -210777.03688442532
-96231.43338871993 10410.211907989658 10410.211907989658 -198333.02167726477
-98708.91237661814 7716.9970530041865 7716.9970530041865 -206449.62379902555
-118247.7623196042 9874.342561048705 9874.342561048705 -243966.08546322933
-119650.02354136179 6593.003911339969 6593.003911339969 -251873.62789834934
-93115.16162576113 5543.624372670847 5543.624372670847 -191795.15563908982
-134650.65400022006 -7018.193995859105 -7018.193995859105 -244980.16469123506
-139438.4450286061 -6107.741065115966 -6107.741065115966 -287772.1259018606
-185631.67020899933 -23313.802919981925 -23313.802919981925 -341728.5009239788
-95857.44297571272 21108.0190285927 21108.0190285927 -132538.9438242737
-88680.59301112796 20807.80033623105 20807.80033623105 -125432.64815959602
-90192.72766365779 21614.798477117798 21614.798477117798 -119096.33471312751
-83097.84431921541 20908.056597628736 20908.056597628736 -112723.63510456332
-92222.50151353155 19786.744622904822 19786.744622904822 -138000.99838300986
-89587.35047068626 21142.96619565179 21142.96619565179 -133409.34361599083
-80756.75256831737 19286.10452888654 19286.10452888654 -115430.65762633253
-78331.50241856462 19996.622684925973 19996.622684925973 -111608.4801301088
-95006.13168762959 21442.848392575557 21442.848392575557 -145744.36178356636
-94530.32058514183 23219.630734913466 23219.630734913466 -141312.23154333408
-77346.81909759284 19567.699723613558 19567.699723613558 -112155.10484263039
-76809.39749723136 20507.450286262138 20507.450286262138 -108501.26081757103
-101096.40700798506 24711.212873750934 24711.212873750934 -153474.07916389572
-101490.15237951868 27208.689233988014 27208.689233988014 -150201.33599415197
-76428.16130690619 20697.715410713783 20697.715410713783 -107356.36807653862
-76569.81318120788 20822.62491806804 20822.62491806804 -105398.0611513947
-108532.3533801571 29296.15403994856 29296.15403994856 -162203.1160291498
-109388.11106151134 30252.05930071982 30252.05930071982 -159727.06404973508
-75561.7886978249 21440.04940658837 21440.04940658837 -102550.4216365486
-76295.5504825801 22449.187712724364 22449.187712724364 -100197.95288785292
-117419.46732623172 33370.66936479487 33370.66936479487 -172162.99571539348
-118173.11003961913 33743.972133178206 33743.972133178206 -167357.21444916664
-74883.24782928628 22288.58543950114 22288.58543950114 -97088.53602865295
-75384.56079081191 21545.000031967727 21545.000031967727 -91142.88122097461
-125561.2984498055 34329.64690609582 34329.64690609582 -179813.52502089163
-125820.47407884806 37359.48420930674 37359.48420930674 -172122.29449855123
-72863.66640925132 20078.19506207566 20078.19506207566 -87847.42403489337
-73509.91536196857 22347.65527310426 22347.65527310426 -87625.30450871811
-136170.64384300922 40808.96433265922 40808.96433265922 -187242.821051071
-134811.75510083936 39811.46413942874 39811.46413942874 -180589.1048492623
-70153.59188039177 21851.04538201324 21851.04538201324 -81905.78289616476
-69475.176251026 21189.459233620095 21189.459233620095 -79620.21090681762
-146577.79398463902 43842.447439158495 43842.447439158495 -196391.94045054333
-154727.1345627526 47479.32133901286 47479.32133901286 -187747.15846328836
-65157.61222493704 20607.200893652218 20607.200893652218 -72216.88747553229
-61552.221884181374 18433.059558605633 18433.059558605633 -65513.84816100944
-155872.5707586732 46220.2779442199 46220.2779442199 -188146.09176633976
-162499.041598088 45267.330252221625 45267.330252221625 -195213.40431390944
-52909.82865312504 16167.850692243032 16167.850692243032 -52844.88009178649
-72762.08889657805 24627.088371306116 24627.088371306116 -76294.46887936146
-89109.62719940156 21821.818496116346 21821.818496116346 -112995.2104982124
-87707.97391072662 22037.732481786014 22037.732481786014 -111521.27749778549
-85396.17367707782 21283.338352765746 21283.338352765746 -104851.69830065746
-84008.13849209547 21531.372520191864 21531.372520191864 -103500.20456453029
-86576.2984657052 20231.11650227382 20231.11650227382 -113470.10821556477
-89081.45488716003 21564.137108369818 21564.137108369818 -114536.89593519004
-80831.54002988254 19147.60165945995 19147.60165945995 -102078.74546614685
-83368.7732287437 20367.45628394564 20367.45628394564 -103235.21564731533
-88790.57868961064 20642.250266810224 20642.250266810224 -114135.89576997052
-92115.86631957469 22195.06933129808 22195.06933129808 -115556.24405204481
-82089.68788388492 19274.764393729834 19274.764393729834 -100661.08383466402
-85499.61043857002 20709.05661780556 20709.05661780556 -102175.9433974885
-92061.47219488361 21882.35992997734 21882.35992997734 -113380.77640894687
-96127.02271666212 23529.78134470206 23529.78134470206 -115205.29759638048
-84846.19015160933 20234.96774112173 20234.96774112173 -98750.35001128877
-88914.88476689233 21739.412968457596 21739.412968457596 -100703.18313442638
-95415.5083539321 22980.131097990117 22980.131097990117 -110728.73179164686
-99781.40204800709 24702.65078753308 24702.65078753308 -112870.58233888251
-88066.65499322186 21064.585407439707 21064.585407439707 -96061.24773692225
-92221.46398965221 22604.837630206108 22604.837630206108 -98442.49223985759
-98458.94978501686 23886.19533653444 23886.19533653444 -107523.80066085281
-102529.49722617948 25411.444768366957 25411.444768366957 -109737.19154612355
-90707.00666501811 21600.571926439607 21600.571926439607 -92473.2694474593
-94707.4441597847 23138.435658389157 23138.435658389157 -94811.97570110769
-101308.63195974649 24503.30246187199 24503.30246187199 -103574.85364493911
-106964.4991003688 26159.194492343526 26159.194492343526 -106672.27359563333
-92762.80880356742 21613.30778011847 21613.30778011847 -87094.25659580195
-98285.49503132547 23352.03101161265 23352.03101161265 -90458.18008789587
-102916.43571694016 23177.899508173712 23177.899508173712 -94292.48019994906
-107750.90528634505 24590.649342343477 24590.649342343477 -97262.25415873081
-95065.72852977912 20480.083045576474 20480.083045576474 -80811.11111946905
-99865.87488487667 21953.059399229423 21953.059399229423 -84021.16411339381
-101798.99835561083 20035.246123921243 20035.246123921243 -81634.98412976273
-110112.8106154457 21422.697365820386 21422.697365820386 -86727.54958700991
-95868.00285877312 17694.834074845487 17694.834074845487 -72849.63505778358
-104193.84196012758 19124.885687164075 19124.885687164075 -78230.7347024811
-87769.54951943456 1524.8312445177235 1524.8312445177235 -56206.4934004309
-56437.38612993445 -2282.429176950546 -2282.429176950546 -40197.60057180691
-99399.25324323047 10594.438290497888 10594.438290497888 -72416.82789252565
-66619.09760974676 6893.595748195785 6893.595748195785 -56622.30634882803
-84122.40305057174 20982.227468205783 20982.227468205783 -100261.26563146304
-86350.64674360036 21841.371546408656 21841.371546408656 -101474.39434710598
-80554.33503297613 20066.146043639143 20066.146043639143 -93342.4739675737
-82770.86937992128 20890.643673435236 20890.643673435236 -94603.9388093877
-84272.84452994942 19451.957564807464 19451.957564807464 -99587.07092563999
-88341.40112762473 20750.302172543084 20750.302172543084 -101654.9943213632
-80038.66489099237 18297.126402794307 18297.126402794307 -91203.66056572364
-84073.50619459369 19536.538640284103 19536.538640284103 -93238.49304284119
-87913.39597550599 19211.79874300992 19211.79874300992 -98529.82984580615
-91553.72216988367 20533.986847129752 20533.986847129752 -100312.45415666125
-83699.80296798646 17968.536615785037 17968.536615785037 -89501.02602326908
-87348.21818786954 19190.27336651176 19190.27336651176 -91265.64927877588
-91424.0187838715 19311.158997555012 19311.158997555012 -96273.6113682416
-95053.65437099246 20593.78319951724 20593.78319951724 -98008.2809356466
-87081.83120645866 17840.28743537931 17840.28743537931 -87131.39203155675
-90740.30282177898 19161.62188276527 19161.62188276527 -88864.17886409441
-94620.09915826644 19175.43544826749 19175.43544826749 -92904.80047122666
-98081.87082435083 20439.912967963584 20439.912967963584 -94725.65197517464
-90181.37414185576 17698.045969208833 17698.045969208833 -84034.80205749432
-93678.27356289064 18948.756430217825 18948.756430217825 -85884.4441747055
-96890.9955580413 18666.111384798656 18666.111384798656 -88320.91584862513
-100463.63244926043 19830.39689761852 19830.39689761852 -90281.78484741638
-92525.08374520969 17049.443037468493 17049.443037468493 -80175.15709131086
-96145.18805873569 18239.37081105935 18239.37081105935 -82181.9746454016
-98030.40222475531 17090.408710544427 17090.408710544427 -81888.48830711353
-101229.71637571607 18028.53349979264 18028.53349979264 -83752.88549903313
-94386.91824860567 15639.614872604634 15639.614872604634 -75607.2832203374
-97566.47248948058 16553.615095910412 16553.615095910412 -77496.50542999203
-98238.44171501938 13704.951623140798 13704.951623140798 -74434.56130002928
-100515.51506842673 14364.469375770324 14364.469375770324 -75789.62811460871
-95738.09953029866 12760.90629676291 12760.90629676291 -70426.33408245147
-98006.64012505893 13464.21925410175 13464.21925410175 -71801.18760287299
-93872.27761592894 6394.63215035531 6394.63215035531 -64869.524673824155
-87076.18001619994 5912.672194795954 5912.672194795954 -61188.98015195894
-95210.36379945542 8164.979996548678 8164.979996548678 -67048.8647237536
-88365.28861007767 7692.82455482243 7692.82455482243 -63397.945582369546
-83570.45632417825 -5527.286685558861 -5527.286685558861 -68186.64753574367
-57066.37714757345 -4701.579765377119 -4701.579765377119 -58062.54289445047
-82850.80953361173 2694.7328414439803 2694.7328414439803 -65794.59328602962
-56272.40137174252 3039.400655964142 3039.400655964142 -55569.38529629499
-79118.73432651609 19485.993886846787 19485.993886846787 -89461.44973859278
-83967.41576149453 20668.559334021666 20668.559334021666 -92326.69643876368
-76044.79061522876 18496.42068970026 18496.42068970026 -84016.69510663599
-80883.08436728558 19602.563224976417 19602.563224976417 -86817.84596813087
-82624.82996243153 17822.62016650603 17822.62016650603 -88648.2385815435
-86833.94051375397 18862.588193592444 18862.588193592444 -90669.54159630522
-79629.42591217623 16676.432014095877 16676.432014095877 -82587.8733350122
-83797.94551077228 17646.12147626315 17646.12147626315 -84629.61263053949
-86816.30647142514 16967.396742587756 16967.396742587756 -86708.9989028952
-90404.6967844826 17831.514542700083 17831.514542700083 -88460.3287802588
-83955.05883234333 15869.11904301155 15869.11904301155 -80807.5534216392
-87554.06029935887 16768.701249194553 16768.701249194553 -82552.00763531037
-90414.51118273308 16237.7399712156 16237.7399712156 -84150.76477442283
-93610.82635732951 17101.40081561452 17101.40081561452 -85750.7909755571
-87563.12205263386 15088.850333584778 15088.850333584778 -78474.57311992868
-90803.9786368016 16000.120743974374 16000.120743974374 -80127.4515837641
-93125.30603623377 15162.78241162124 15162.78241162124 -80778.62249141735
-95810.63959444081 15910.856791947586 15910.856791947586 -82255.77740498971
-90411.61122414743 14058.62472126633 14058.62472126633 -75645.69267203877
-93112.78363298406 14816.213199978323 14816.213199978323 -77146.4105813165
-94691.60629264536 13395.063963190347 13395.063963190347 -76350.42645331008
-96776.92433015954 14049.760255449997 14049.760255449997 -77565.15509609222
-92481.9842001479 12435.349076048748 12435.349076048748 -72201.36023020606
-94550.99552516468 13131.64266843142 13131.64266843142 -73458.33051017743
-94932.4662261879 10710.9609497442 10710.9609497442 -71079.98498411072
-96348.85993130994 11184.187017508248 11184.187017508248 -71903.09743670945
-93290.11119147202 10099.74766933724 10099.74766933724 -68534.44076269779
-94707.90668019 10568.163513984338 10568.163513984338 -69365.99266095266
-93236.56887773339 6438.836306530795 6438.836306530795 -65822.29186339965
-91392.1773787039 6496.168685611427 6496.168685611427 -64885.74337824551
-92945.96096092847 6878.786630498558 6878.786630498558 -65580.55992405677
-91109.89262296364 6932.6984074954 6932.6984074954 -64646.19762635015
-88625.04601876183 231.5477839136417 231.5477839136417 -63129.955354051395
-80401.71042562572 4.005443780013934 4.005443780013934 -59041.85222985548
-89055.95343289789 2838.460426673936 2838.460426673936 -63931.73300884208
-80696.80023233983 2658.773630846397 2658.773630846397 -59863.35354548612
-75716.97053047355 -4223.966622890028 -4223.966622890028 -62513.91917179322
-59951.58550639618 -4232.790553491523 -4232.790553491523 -56584.397605025784
-76218.23146908845 712.248303716445 712.248303716445 -62759.490845031265
-60134.48121046529 498.09338651504044 498.09338651504044 -56810.216011498494
-74539.27781211982 17812.1149013069 17812.1149013069 -80896.0666556688
-80867.46374455205 19092.0038509859 19092.0038509859 -84550.98205085404
-72164.78745846676 16750.086139099833 16750.086139099833 -77012.3951391282
-78562.2505022361 17999.28767188656 17999.28767188656 -80621.78385286497
-80682.7970770027 15869.502300093285 15869.502300093285 -80203.74788594941
-84966.14449421712 16691.65074698958 16691.65074698958 -82198.05039289528
-78587.68612607091 14823.519464497274 14823.519464497274 -75979.32087519848
-82872.73793214867 15732.15518910274 15732.15518910274 -78007.55402837018
-85386.29343779212 14556.0401080862 14556.0401080862 -78321.9751084263
-88707.7110440943 15293.17520494365 15293.17520494365 -79952.68998345453
-83445.0456044312 13569.359952285935 13569.359952285935 -74260.20203760649
-86719.45151686572 14296.913135560073 14296.913135560073 -75946.61236770375
-88750.27628869918 13119.074410035157 13119.074410035157 -75877.07495457359
-91341.63350718985 13767.044812506518 13767.044812506518 -77180.94838088342
-87043.87230462735 12224.713787150946 12224.713787150946 -72239.35312786956
-89580.59831302299 12848.503760692636 12848.503760692636 -73614.35250151537
-91015.80040419189 11316.071589455227 11316.071589455227 -72639.51642583938
-92968.42654450511 11827.821891915213 11827.821891915213 -73739.50283506006
-89487.48770115364 10558.463136130275 10558.463136130275 -69797.93008026917
-91483.676961968 11095.97787741374 11095.97787741374 -70879.88158460485
-91950.96062647204 8995.140155976282 8995.140155976282 -69231.10156781798
-93188.98218749768 9377.17358953879 9377.17358953879 -69933.2484865613
-90790.12632941683 8536.582367201227 8536.582367201227 -67227.6329571186
-92029.1969432034 8907.82940128942 8907.82940128942 -67922.80260711398
-91512.43504747994 6027.604354914282 6027.604354914282 -65776.73607837832
-91172.83650210881 6219.669547045694 6219.669547045694 -65641.73427791301
-90936.1980894342 6056.3976682479815 6056.3976682479815 -64950.525000812086
-90597.6405034041 6247.407773012157 6247.407773012157 -64814.46304109295
-89187.29062611304 2117.157218925533 2117.157218925533 -62897.20622810494
-85979.6802708084 2040.399169566651 2040.399169566651 -61303.680859989574
-89261.48912380634 3120.0025324615617 3120.0025324615617 -63184.79643281187
-86069.67297008407 3054.5252814962246 3054.5252814962246 -61612.042353057455
-83799.80907640193 -1811.5389661613854 -1811.5389661613854 -61489.00153900507
-76950.68432794497 -2027.4192771595474 -2027.4192771595474 -58191.30060377737
-84237.08627654736 408.8608744856059 408.8608744856059 -62210.30327465944
-77401.98163017647 210.70668316032413 210.70668316032413 -58896.354937188604
-74092.0003921639 -3292.0608259561523 -3292.0608259561523 -62102.25737197853
-64079.53516343125 -3200.1506547603904 -3200.1506547603904 -58343.35525056474
-74073.18033846724 -98.28232119076674 -98.28232119076674 -61540.44547146486
-63922.59250904669 -41.51500212386979 -41.51500212386979 -57767.05030175708
-70750.75100994311 15964.965486034378 15964.965486034378 -74619.95119826248
-77729.06811850984 17120.671437749024 17120.671437749024 -78378.79998760975
-68857.88665176234 14834.500667209144 14834.500667209144 -71848.10893891672
-76035.98508851095 15962.086850413754 15962.086850413754 -75512.3788276308
-78365.34654993236 13962.977733371717 13962.977733371717 -73770.00646152787
-82707.11736544356 14605.98543375052 14605.98543375052 -75749.54009624031
-77183.95691726232 13092.383572458373 13092.383572458373 -70970.7754599478
-81451.80949930161 13701.224416278706 13701.224416278706 -72971.19390301585
-83413.77664145928 12256.096328793657 12256.096328793657 -72107.75130886666
-86282.08583424901 12725.55102763039 12725.55102763039 -73464.57436210942
-82397.16989410075 11491.730814725708 11491.730814725708 -69612.90191966736
-85180.58936219264 11892.56780942202 11892.56780942202 -70988.61463081177
-86685.54903784319 10431.679830609291 10431.679830609291 -69860.98385219942
-88784.763403996 10746.066934754024 10746.066934754024 -70939.96020844235
-85755.81049113358 9764.527378150391 9764.527378150391 -67898.78612049001
-87844.6483395508 10098.287686164256 10098.287686164256 -68982.50738913789
-88547.1109480459 8307.498483436313 8307.498483436313 -67515.45967289439
-90007.62813654839 8597.852276619287 8597.852276619287 -68322.42386331817
-87703.9771492545 7833.705234960099 7833.705234960099 -66044.30744894396
-89162.59563057964 8128.5100925132665 8128.5100925132665 -66819.04701051879
-89197.83575310999 5850.693469040317 5850.693469040317 -65168.49419097901
-89624.27928125473 6037.832426544016 6037.832426544016 -65400.51688383918
-88645.59034990094 5679.046312820348 5679.046312820348 -64317.51055252747
-89074.00568656629 5867.323614345067 5867.323614345067 -64557.79147281135
-88332.2492829175 2930.0893365800193 2930.0893365800193 -62909.75097558027
-87184.69314304506 2967.9725750446914 2967.9725750446914 -62343.11727373779
-88215.80603728304 3282.776340288223 3282.776340288223 -62805.82926064911
-87059.5686311151 3318.1170804064805 3318.1170804064805 -62251.84172399036
-85635.32415569798 -102.38231145575315 -102.38231145575315 -61323.247514899325
-82450.45908708966 -246.07892556290574 -246.07892556290574 -59749.30668235411
-85923.43292363426 906.7266865447356 906.7266865447356 -61763.632226814
-82710.84321813849 776.2373806495962 776.2373806495962 -60192.114178906944
-81238.96067800008 -2351.6340191828267 -2351.6340191828267 -61000.37260957115
-76023.58548562716 -2461.7036279256436 -2461.7036279256436 -58598.64425655149
-81409.16988004363 -692.2196165257278 -692.2196165257278 -61252.927762936895
-76230.73044789492 -768.888616169075 -768.888616169075 -58821.4851915501
-74091.41413658891 -2540.7071838475867 -2540.7071838475867 -61407.13977849514
-67557.26807630107 -2437.9665720031608 -2437.9665720031608 -58869.58201706753
-73993.78497509312 -413.49540676367144 -413.49540676367144 -60891.57971437716
-67398.22260364886 -319.8051898653922 -319.8051898653922 -58355.81462602011
-67683.97697261773 13955.16795831202 13955.16795831202 -70154.34394500499
-74788.98695681518 15009.63861346262 15009.63861346262 -73625.4666688634
-66625.6340234678 12952.187602097967 12952.187602097967 -68281.12980563648
-73732.89920891542 13851.327761155815 13851.327761155815 -71689.82449597673
-76205.13285589618 12215.56521851555 12215.56521851555 -69137.36184118313
-80137.4270288064 12598.456545064404 12598.456545064404 -70995.5818857961
-75624.54925205419 11424.302886942525 11424.302886942525 -67580.71081693983
-79610.92852948114 11807.295348202044 11807.295348202044 -69396.64364617386
-81188.46188929037 10265.963743297521 10265.963743297521 -67670.16231299841
-83844.87625957976 10526.986321083834 10526.986321083834 -68885.3161289878
-80743.3114221729 9622.844665001208 9622.844665001208 -66360.25888608817
-83411.63124069646 9890.675936527048 9890.675936527048 -67569.956973868
-84343.07121418549 8285.427443676115 8285.427443676115 -65963.53750593001
-86282.54532744692 8461.182575690495 8461.182575690495 -66942.39764127268
-83832.25633643115 7741.148959502034 7741.148959502034 -64899.374361538394
-85763.0638446811 7929.167102163741 7929.167102163741 -65889.22460150608
-85982.82760363662 6064.495149242644 6064.495149242644 -64281.65526519208
-87085.93684235323 6216.779958633693 6216.779958633693 -64835.431343288226
-85596.71841043743 5732.189972900734 5732.189972900734 -63568.650262614654
-86700.21846247478 5884.951304053744 5884.951304053744 -64131.25784267399
-86462.8536552513 3615.456599076254 3615.456599076254 -62590.29050995795
-86434.0046213097 3674.305058088171 3674.305058088171 -62590.34975374466
-86301.73245719996 3611.8980458225024 3611.8980458225024 -62366.37364083651
-86273.58664765446 3671.1440255182742 3671.1440255182742 -62366.81336903599
-85416.08258596707 1063.5198931332402 1063.5198931332402 -61247.35129410322
-84117.29067540205 1002.4674987172523 1002.4674987172523 -60610.75486458485
-85535.27198862634 1470.3999803089353 1470.3999803089353 -61430.85185049659
-84224.31630521946 1415.8116247561588 1415.8116247561588 -60799.83812870996
-83202.56178437843 -1093.0907899983222 -1093.0907899983222 -60563.284768374244
-80552.11966291437 -1215.5910479883187 -1215.5910479883187 -59255.95504304504
-83425.77947185759 -243.55918552273732 -243.55918552273732 -60916.92561251638
-80786.84010998142 -348.21194052652675 -348.21194052652675 -59615.33547963402
-79817.96345797618 -2332.180547475936 -2332.180547475936 -60616.404708181115
-75996.68367418811 -2384.7283729687506 -2384.7283729687506 -58928.10141504532
-79884.42681556406 -1125.2096250537345 -1125.2096250537345 -60677.89033072282
-76081.96299374018 -1173.1065810982057 -1173.1065810982057 -58947.92655000633
-74869.84163991913 -1966.0962812664143 -1966.0962812664143 -61057.9068817816
-70554.35440739486 -1865.942825823588 -1865.942825823588 -59325.68072063418
-74674.60278537996 -542.517215949061 -542.517215949061 -60515.52804256145
-70371.42074710697 -436.7234614441119 -436.7234614441119 -58761.59806028893
-65812.8688545434 12255.305695522045 12255.305695522045 -67109.36649548297
-72228.5973041079 12980.072275968854 12980.072275968854 -70028.21330501184
-65160.846854377116 11286.058352270682 11286.058352270682 -66088.74707132
-71884.94353041722 11949.773778060022 11949.773778060022 -68881.33043600162
-73923.41201992682 10567.476117531136 10567.476117531136 -66048.88857331968
-77811.68314524533 10788.302227512093 10788.302227512093 -67698.53839299729
-73771.4097730864 9814.63725112251 9814.63725112251 -65210.268098341156
-77684.82305663946 10008.638747778969 10008.638747778969 -66866.12744768275
-78858.64325513788 8617.233389981291 8617.233389981291 -64753.96558414259
-81556.49545423558 8747.338394173737 8747.338394173737 -65948.49894604085
-78655.03541108305 7977.360082059457 7977.360082059457 -64033.065455991324
-81356.34182855494 8088.75030939003 8088.75030939003 -65237.29924902186
-81963.11941320023 6587.786558708518 6587.786558708518 -63392.954821483756
-83729.64955901814 6663.289339674801 6663.289339674801 -64266.191065364736
-81768.80281567742 6081.928476146806 6081.928476146806 -62916.59658004245
-83522.76986718224 6160.754858755286 6160.754858755286 -63788.318000855405
-83499.75175855904 4391.265076212145 4391.265076212145 -62129.44863010122
-84382.10300803596 4429.603515974133 4429.603515974133 -62530.60081785286
-83422.13972611481 4131.603776949594 4131.603776949594 -61952.74145475872
-84311.24095275055 4177.779365814841 4177.779365814841 -62355.0318680538
-83839.73663960266 2128.3847282120405 2128.3847282120405 -61019.30002491792
-83719.64084883172 2093.0353556513273 2093.0353556513273 -60954.52124368365
-83914.05396587569 2166.0144298389787 2166.0144298389787 -61133.49208663151
-83793.38514049386 2131.8101468942477 2131.8101468942477 -61070.52842188158
-83117.47777499421 85.91170106499038 85.91170106499038 -60312.01198874612
-81999.11235507717 3.8036944614745325 3.8036944614745325 -59742.861980910726
-83313.06727924649 451.03669154826923 451.03669154826923 -60614.65836578636
-82190.67260267943 373.6328099370895 373.6328099370895 -60047.873231474645
-81505.74943591621 -1445.7222294759422 -1445.7222294759422 -60103.731347463035
-79519.28261102409 -1512.0616310958605 -1512.0616310958605 -59145.127027058275
-81673.67675159343 -796.28894584566 -796.28894584566 -60370.192454087846
-79679.52445531375 -870.210715194996 -870.210715194996 -59401.4143525422
-79114.03200296052 -2103.315873185076 -2103.315873185076 -60353.91812039423
-76435.96367879216 -2117.2172757670137 -2117.2172757670137 -59174.53926176035
-79118.82709688027 -1255.4131908453242 -1255.4131908453242 -60315.54384331619
-76451.81644894842 -1268.1499524440858 -1268.1499524440858 -59116.97713077182
-75828.63964070907 -1498.4294967963363 -1498.4294967963363 -60753.7863907899
-73082.6934770645 -1387.4051005474016 -1387.4051005474016 -59588.36341366858
-75614.68538646604 -591.8564675103526 -591.8564675103526 -60244.462328715024
-72868.33901895271 -474.40073363240094 -474.40073363240094 -59087.2312582804
-64456.082287605794 10452.528148292564 10452.528148292564 -65313.811758686665
-70271.06453986772 11001.209261158232 11001.209261158232 -67679.62255285826
-64111.480575615715 9465.533531025747 9465.533531025747 -64727.9376697282
-70030.32471731358 9964.87374845957 9964.87374845957 -67048.66909132373
-71851.66629182403 9003.5895230486 9003.5895230486 -64009.310485921254
-75677.36904806402 9151.71780118383 9151.71780118383 -65534.410436018115
-71882.68627832815 8202.119413884577 8202.119413884577 -63681.2325562822
-75713.64382934669 8262.778175584974 8262.778175584974 -65184.844999806075
-76556.51045150356 7140.361138484837 7140.361138484837 -62758.612551257014
-79300.07213973237 7212.904762691688 7212.904762691688 -63949.4768018444
-76591.55159287152 6512.492506490293 6512.492506490293 -62546.40482693151
-79340.57837807831 6554.394021512784 6554.394021512784 -63752.47194551056
-79665.57138862173 5199.025846392899 5199.025846392899 -61663.35164106201
-81329.20750598772 5206.325659236613 5206.325659236613 -62445.97804066205
-79701.40243193276 4715.278719542651 4715.278719542651 -61609.76752138824
-81374.57182970938 4728.864318334061 4728.864318334061 -62383.500884024135
-81150.25201010809 3152.1067400604816 3152.1067400604816 -60705.542495809575
-81954.3471377626 3114.2539304051293 3114.2539304051293 -61069.95793815796
-81273.74768857782 2912.277988941023 2912.277988941023 -60841.76316141432
-82080.72760984275 2871.515772321743 2871.515772321743 -61202.1122123339
-81670.34860251611 1251.3672335244582 1251.3672335244582 -60021.84722279839
-81631.61324749052 1170.8618270941056 1170.8618270941056 -60009.89953590038
-81856.77308492933 1266.3193342801187 1266.3193342801187 -60300.843405069485
-81816.70765236826 1186.0832591565152 1186.0832591565152 -60288.357286718005
-81324.69987879577 -352.309907439792 -352.309907439792 -59743.14288909939
-80535.90351201514 -443.42075368995245 -443.42075368995245 -59367.71310128039
-81524.16828530871 -97.79477099940408 -97.79477099940408 -60052.26883669852
-80738.00171361008 -187.66272786671092 -187.66272786671092 -59674.79298600772
-80311.72018762362 -1437.7117321467545 -1437.7117321467545 -59828.509439823065
-78957.92880643375 -1483.1774059467903 -1483.1774059467903 -59152.99554481958
-80433.87460972628 -992.1867285035253 -992.1867285035253 -60030.68332986762
-79078.33060054043 -1039.8746130718623 -1039.8746130718623 -59353.22238656848
-78803.4919489214 -1771.8528573995184 -1771.8528573995184 -60148.51365091908
-77062.82278952365 -1761.7869656646544 -1761.7869656646544 -59371.565836882255
-78772.99723400392 -1215.329460857165 -1215.329460857165 -60069.631438535274
-77040.24656876134 -1204.9874065786887 -1204.9874065786887 -59279.32124394978
-76793.45201899021 -1115.5526203752192 -1115.5526203752192 -60510.389438284175
-75163.66313302636 -998.166530446125 -998.166530446125 -59806.42039929091
-76561.087249612 -583.002494657636 -583.002494657636 -60053.68400604957
-74941.43170738747 -458.83407054697165 -458.83407054697165 -59343.18262542191
-63565.16103996982 8698.708238775196 8698.708238775196 -64260.99110180052
-68594.37300645685 9036.703181199366 9036.703181199366 -66162.1938508036
-63371.1468517339 7643.777072038869 7643.777072038869 -63924.89100364833
-68484.0526479418 7927.8098603284125 7927.8098603284125 -65840.09253518462
-70123.61644072288 7461.4135475533785 7461.4135475533785 -62811.96831760846
-73792.20094275946 7502.913206894616 7502.913206894616 -64201.38269909322
-70147.71079379618 6581.114867490689 6581.114867490689 -62708.37872299799
-73895.90556889067 6641.331427152136 6641.331427152136 -64112.30648293554
-74569.03134165399 5822.440784215988 5822.440784215988 -61567.00767597619
-77200.85209866123 5821.641518008641 5821.641518008641 -62672.31511033381
-74728.70899005228 5129.264786564529 5129.264786564529 -61607.75957276383
-77392.65050059369 5090.862771963504 5090.862771963504 -62720.85069051638
-77545.45842433063 4025.1798926060765 4025.1798926060765 -60571.43255643903
-79174.93700527916 3971.464266734688 3971.464266734688 -61337.29332202464
-77727.48073891316 3541.8697962093142 3541.8697962093142 -60741.82696446307
-79360.27823008058 3477.585237944072 3477.585237944072 -61512.840720592416
-79160.32693579087 2296.2086192954494 2296.2086192954494 -59876.99591135937
-80029.7911852408 2210.21111602321 2210.21111602321 -60256.554145242284
-79371.53402854502 2028.9884096115302 2028.9884096115302 -60157.561366134454
-80239.53732141033 1943.6965348055774 1943.6965348055774 -60537.46946965843
-79885.8470750201 742.2093054332277 742.2093054332277 -59499.111542189596
-80059.4392946457 648.1694572650217 648.1694572650217 -59552.387037996676
-80102.516747402 698.2934735201444 698.2934735201444 -59815.02873742597
-80275.22692307059 603.1160912780697 603.1160912780697 -59870.06835183022
-79937.51932572575 -483.44574818272645 -483.44574818272645 -59418.11583217295
-79517.2342000944 -566.9802599584182 -566.9802599584182 -59206.71155635102
-80128.55990725155 -343.4661400175745 -343.4661400175745 -59706.8026594457
-79708.74763988225 -426.8437160609378 -426.8437160609378 -59496.053791629274
-79499.5092757654 -1240.5332599961262 -1240.5332599961262 -59628.489291825535
-78681.98567336072 -1282.645958182338 -1282.645958182338 -59225.652548460734
-79589.20013665828 -971.2646898849705 -971.2646898849705 -59778.71599007524
-78767.58555585334 -1012.9180480471298 -1012.9180480471298 -59380.74656311788
-78694.42263963335 -1399.6311326914285 -1399.6311326914285 -59991.856923293184
-77679.24443108389 -1377.1774003754958 -1377.1774003754958 -59546.55678323175
-78645.21759745946 -1071.2720407866263 -1071.2720407866263 -59901.98073606694
-77636.16383994152 -1049.1528923792412 -1049.1528923792412 -59454.18029603483
-77646.31236914484 -795.9342610055527 -795.9342610055527 -60320.12472529253
-76814.409416345 -693.8208102989695 -693.8208102989695 -59953.331828938804
-77437.68007998388 -521.9465606228673 -521.9465606228673 -59942.16933632546
-76605.7711289542 -422.36844463220825 -422.36844463220825 -59577.46006683669
-62999.119084199345 6825.567671849063 6825.567671849063 -63668.883103530236
-67361.28963610352 7006.869511655158 7006.869511655158 -65272.64759076875
-62911.05912767261 5770.418644236954 5770.418644236954 -63491.07220983491
-67345.27769848613 5962.137667943236 5962.137667943236 -65088.59435223613
-68714.01833523654 5859.723936433344 5859.723936433344 -62116.420673568115
-72131.07713036439 5893.113894768915 5893.113894768915 -63384.22424804302
-68750.27473859349 4948.09947138799 4948.09947138799 -62160.30293999955
-72252.50766092149 5001.629197852068 5001.629197852068 -63416.8322067161
-72958.49494258915 4520.257884615958 4520.257884615958 -60857.88476558137
-75452.68113317378 4445.179066049037 4445.179066049037 -61883.07083299574
-73128.10038910995 3792.535350419908 3792.535350419908 -61015.29163164794
-75634.82123029347 3723.9124535627525 3723.9124535627525 -62049.50308849952
-75795.0322005272 3060.602480317022 3060.602480317022 -59953.67437089452
-77476.60850281773 2964.4594651345296 2964.4594651345296 -60686.958465087264
-76003.86057127746 2544.963515314219 2544.963515314219 -60204.643979670516
-77692.56733126083 2455.552937867672 2455.552937867672 -60943.65421238603
-77553.28657716009 1666.2166733970848 1666.2166733970848 -59416.56456593126
-78528.15814926836 1563.8072297595913 1563.8072297595913 -59856.47269538444
-77766.79577730504 1362.1080045002082 1362.1080045002082 -59705.58749357404
-78740.3064034964 1257.903859762738 1257.903859762738 -60143.85704189809
-78526.898113212 464.1504041128641 464.1504041128641 -59185.22157931901
-78900.16656763326 372.74281024388097 372.74281024388097 -59362.17017437201
-78728.60673772078 346.04209398978503 346.04209398978503 -59493.105517612974
-79100.92693308428 253.81498845372354 253.81498845372354 -59669.28076127564
-78922.7134744261 -441.8909438393288 -441.8909438393288 -59259.51082947172
-78827.433063199 -511.10417656550896 -511.10417656550896 -59211.43878559228
-79078.06095853663 -409.8686313489861 -409.8686313489861 -59501.39943600582
-78984.79917753485 -477.9495278366895 -477.9495278366895 -59452.50379075754
-78934.69293031924 -966.913096608323 -966.913096608323 -59532.951446442195
-78558.8698993382 -999.9284013149243 -999.9284013149243 -59343.41678940362
-79003.81009132286 -839.9547931928473 -839.9547931928473 -59644.72869625769
-78627.93830570314 -871.7975977034282 -871.7975977034282 -59453.830066722134
-78686.97315142346 -1023.3384150427578 -1023.3384150427578 -59882.140856528335
-78229.93293312911 -1002.0071759161383 -1002.0071759161383 -59664.974779760756
-78634.04581864085 -871.3204547611543 -871.3204547611543 -59804.77928608548
-78178.29000592555 -848.6931269281073 -848.6931269281073 -59587.99922628646
-78329.35834358496 -529.0057205240541 -529.0057205240541 -60149.151978018985
-78076.48002172678 -444.6694279994182 -444.6694279994182 -60029.22171094263
-78147.55695669029 -445.41718984829595 -445.41718984829595 -59851.87289921858
-77896.12099278937 -361.3915831147221 -361.3915831147221 -59732.968186720274
-62612.03533379095 4986.539475383723 4986.539475383723 -63304.36592927754
-66487.2246053686 5107.032649678622 5107.032649678622 -64696.4899960621
-62529.241643963156 3904.7796262675465 3904.7796262675465 -63243.74954694024
-66452.15191150842 3982.066316399905 3982.066316399905 -64622.67231001784
-67644.4732888453 4242.866223543464 4242.866223543464 -61770.41149179759
-70888.42254755701 4273.447659239762 4273.447659239762 -62948.31486919986
-67705.50286841385 3305.7208549572188 3305.7208549572188 -61820.08235415308
-70963.82364393811 3322.5106343120124 3322.5106343120124 -62992.51143900035
-71700.98090080352 3244.567143641483 3244.567143641483 -60523.29844082855
-74143.95972960292 3202.673006939536 3202.673006939536 -61504.58113556909
-71808.51737762286 2489.6723854368174 2489.6723854368174 -60671.04706479979
-74267.29176984854 2448.428905992274 2448.428905992274 -61645.52956695965
-74518.94736803706 2173.94844277202 2173.94844277202 -59682.90147481043
-76226.27635323405 2104.325810153686 2104.325810153686 -60413.99984692378
-74665.06817835497 1623.9013226171282 1623.9013226171282 -59894.56038204351
-76382.3801302069 1554.6505754606305 1554.6505754606305 -60626.65346832384
-76373.92481887687 1164.2247184062794 1164.2247184062794 -59200.19605544731
-77449.19807477872 1095.6146955465656 1095.6146955465656 -59693.43797762911
-76537.75673023512 817.0866692607874 817.0866692607874 -59453.91600808046
-77624.07229145289 750.8370236714604 750.8370236714604 -59945.99138371031
-77540.51529192991 315.39682699994296 315.39682699994296 -59074.64350583144
-78099.69725683943 244.8671045075061 244.8671045075061 -59324.758418637626
-77696.04477583557 137.33526623872217 137.33526623872217 -59317.10906770847
-78257.81984857151 65.98626347698135 65.98626347698135 -59565.24373441454
-78206.61482371978 -315.5916063262725 -315.5916063262725 -59195.86475793911
-78378.96993827312 -368.767039840132 -368.767039840132 -59272.21644079667
-78326.09896952238 -370.0935412330725 -370.0935412330725 -59383.76240855356
-78499.69777107237 -424.0446044742119 -424.0446044742119 -59460.844025741506
-78555.82739985733 -660.4423744145458 -660.4423744145458 -59480.84311783813
-78519.85590184054 -685.1940431033852 -685.1940431033852 -59451.40585029279
-78607.37663618333 -644.47632993901 -644.47632993901 -59565.03512733754
-78571.14596659335 -669.0700374607688 -669.0700374607688 -59534.74435051688
-78723.49920641993 -670.7041525668423 -670.7041525668423 -59801.04513494992
-78649.80159506323 -651.255530127856 -651.255530127856 -59791.13688477377
-78680.5707455937 -651.725274818109 -651.725274818109 -59735.60121014596
-78607.48168595818 -632.1536093870775 -632.1536093870775 -59726.67266139157
-78819.69707206535 -313.0350268776438 -313.0350268776438 -60042.91688259877
-78970.81862338194 -245.17610651055378 -245.17610651055378 -60104.67317252853
-78676.40898957133 -360.1814407792865 -360.1814407792865 -59813.62708365134
-78828.76546076292 -292.9997795012255 -292.9997795012255 -59876.30030586164
-62338.75756089964 3096.461285813407 3096.461285813407 -63119.11381504943
-65882.21864027581 3167.429529700264 3167.429529700264 -64358.70403824584
-62285.8126313267 1992.357990347571 1992.357990347571 -63002.62335353458
-65865.86668161924 2045.4269334349272 2045.4269334349272 -64244.90673015832
-66982.333939723 2634.431988760035 2634.431988760035 -61553.48696253525
-70097.11933730496 2672.684632866233 2672.684632866233 -62678.93326468919
-66977.87825146664 1660.0100453324906 1660.0100453324906 -61489.50289104111
-70102.82688670886 1688.1015488453784 1688.1015488453784 -62623.06061935461
-70890.7692071828 2031.480311014483 2031.480311014483 -60373.948619867944
-73282.71104246954 2008.2570342322247 2008.2570342322247 -61302.734525946056
-70931.26711009107 1262.1830892241242 1262.1830892241242 -60423.256780614574
-73331.89847885337 1234.1951293831412 1234.1951293831412 -61348.36531919391
-73693.72408129807 1371.0958321044645 1371.0958321044645 -59577.90607107236
-75429.55969801567 1325.0161861725603 1325.0161861725603 -60306.65409882184
-73777.81323090223 810.7476279577618 810.7476279577618 -59709.72655346813
-75512.74093751427 771.4351478037568 771.4351478037568 -60436.4392932368
-75615.21090962466 742.1708202348974 742.1708202348974 -59176.05266263461
-76776.04299803986 699.5056711861845 699.5056711861845 -59668.41129794217
-75717.37546367665 374.7730148198059 374.7730148198059 -59339.657092144094
-76880.15887474077 331.80521245408903 331.80521245408903 -59836.532667055275
-76924.82421146883 227.36742332613449 227.36742332613449 -59059.029041572096
-77592.95857266324 182.83186114525662 182.83186114525662 -59382.519282870024
-77019.15535600079 7.12468707817448 7.12468707817448 -59214.84108442351
-77693.06205969375 -36.048409273326754 -36.048409273326754 -59536.62545180983
-77767.23771347404 -149.11507260460314 -149.11507260460314 -59200.39329607373
-78110.96645053546 -193.0018940750307 -193.0018940750307 -59366.747323403186
-77840.84596797675 -263.4693485964346 -263.4693485964346 -59318.057297466505
-78186.0805620104 -306.3600339616478 -306.3600339616478 -59483.52849729366
-78329.03903805386 -359.11641954911124 -359.11641954911124 -59477.87129481001
-78526.17493433606 -373.4788178777361 -373.4788178777361 -59550.79290052565
-78359.03831872057 -417.49163940967 -417.49163940967 -59526.43026241849
-78556.12640538874 -433.3077547195371 -433.3077547195371 -59598.39253152843
-78740.44786873917 -357.9668781456843 -357.9668781456843 -59760.134894095645
-78928.87835155659 -345.1030158297367 -345.1030158297367 -59856.85634191687
-78713.93398082044 -422.70304100647843 -422.70304100647843 -59715.53761352772
-78901.43036983062 -409.95631382137253 -409.95631382137253 -59812.73730515353
-79130.79285036132 -128.4471112842195 -128.4471112842195 -59937.79247802754
-79524.10955796458 -93.35003057769106 -93.35003057769106 -60131.438838851114
-79047.22356903549 -259.60123556310606 -259.60123556310606 -59803.442691669654
-79439.79964532319 -223.95720028918723 -223.95720028918723 -59997.424499783585
-62163.66380087052 1191.5567988012915 1191.5567988012915 -62792.611567580614
-65703.39024368413 1340.0595526874167 1340.0595526874167 -64003.431181421685
-61974.78457725466 27.724444285024322 27.724444285024322 -62342.654267617036
-65531.154340441084 171.2782514381131 171.2782514381131 -63537.413009646974
-66781.16779982984 1124.8195092294477 1124.8195092294477 -61368.7249138399
-69740.29575288188 1161.5373727971246 1161.5373727971246 -62443.781895630316
-66740.65187377922 157.39913324650382 157.39913324650382 -61258.06179152145
-69714.16435805267 190.84105481859845 190.84105481859845 -62330.72772573496
-70532.7647154156 911.8453127980524 911.8453127980524 -60291.9349200253
-72879.7381076675 899.3174640576198 899.3174640576198 -61195.85933967772
-70530.19353952481 151.42617776823465 151.42617776823465 -60297.395434751896
-72874.69121563452 144.26183933718755 144.26183933718755 -61206.93906875874
-73312.82099037633 630.3407281974452 630.3407281974452 -59571.2271163776
-75030.28286615036 622.5416903793739 622.5416903793739 -60290.423657025836
-73348.04389450379 71.27547415245948 71.27547415245948 -59622.34654370468
-75061.11732261615 68.03254159115832 68.03254159115832 -60345.360824800744
-75274.85631310065 374.4669396347774 374.4669396347774 -59186.09217004654
-76458.29879561209 352.64037177675647 352.64037177675647 -59729.05801969958
-75312.10470216446 -9.612570809661104 -9.612570809661104 -59244.90187010063
-76495.19034541563 -27.483928975258202 -27.483928975258202 -59790.89663139879
-76641.30062185053 152.24290746145556 152.24290746145556 -59107.66760682183
-77370.76507845697 141.1190520552268 141.1190520552268 -59455.27375673765
-76676.13439026367 -83.85142334542147 -83.85142334542147 -59168.45897014182
-77410.72045245385 -93.75230318280684 -93.75230318280684 -59513.188052039484
-77563.42935229492 6.631522190820771 6.631522190820771 -59237.91832687212
-78003.077088861 -8.366734220834049 -8.366734220834049 -59430.84817637599
-77590.9010128912 -136.41938979860566 -136.41938979860566 -59277.79899023733
-78030.56702783414 -151.7384525283328 -151.7384525283328 -59470.322712123045
-78215.97395270567 -79.17263496178595 -79.17263496178595 -59479.17045420576
-78537.02666206668 -84.14066609844373 -84.14066609844373 -59607.56342320575
-78223.87244686285 -178.6059952794073 -178.6059952794073 -59488.735990264446
-78546.07134193517 -183.95848236983102 -183.95848236983102 -59615.76670000469
-78755.2019051615 -77.57397151745474 -77.57397151745474 -59724.623903361346
-79062.06096155535 -71.83777967772563 -71.83777967772563 -59878.67710652835
-78742.69513616504 -181.9816807104063 -181.9816807104063 -59703.72078019238
-79050.27188741055 -176.46115189321716 -176.46115189321716 -59856.69834332813
-79256.74585700371 18.4773477596832 18.4773477596832 -59877.58973350858
-79773.86071251087 28.179465373110425 28.179465373110425 -60112.13055301011
-79229.25890623343 -149.50230841416408 -149.50230841416408 -59831.77336832234
-79746.856580782 -138.75424890202697 -138.75424890202697 -60065.28741181287
