sig 640
-134948.12091942265 5383.0901615395 5383.0901615395 -240671.2886083725
-95136.19244274615 1803.6101494975155 1803.6101494975155 -195034.63622095258
-143378.7415494321 20749.34284713043 20749.34284713043 -245067.6709106832
-101775.19254207934 11814.597231875985 11814.597231875985 -199459.48901974375
-137795.2192896473 2845.8227337182802 2845.8227337182802 -288382.4454652027
-97730.102703689 571.128214845106 571.128214845106 -183629.04968814214
-136736.2982181341 19007.181225527267 19007.181225527267 -277138.91383149044
-96213.37415893639 10154.685705360152 10154.685705360152 -180546.25426462796
-150543.9221751524 1367.605729425706 1367.605729425706 -287099.3744895623
-115785.19776682126 2874.85060934296 2874.85060934296 -219424.12019034827
-131386.8858970789 13477.57379815798 13477.57379815798 -252058.391592053
-95862.37810467352 7290.939473706638 7290.939473706638 -177684.27746449906
-162951.01813116515 9292.852060410587 9292.852060410587 -293391.35429399373
-138338.27490044266 2298.7946217169765 2298.7946217169765 -236363.31676968333
-130946.53391509113 4911.950400984831 4911.950400984831 -233062.29451813074
-109316.84027801779 5415.944265126361 5415.944265126361 -195389.69551578138
-159457.46665131729 3067.577797786158 3067.577797786158 -285646.31569659547
-151395.26213043442 4747.994562046753 4747.994562046753 -256348.02989809256
-131395.18082367888 3607.390263094685 3607.390263094685 -226487.00571790355
-125669.48395709886 5814.906334166033 5814.906334166033 -215865.50198699275
-157253.1807250163 5727.9789882039995 5727.9789882039995 -255915.92882507556
-163984.64673610035 6801.133263760889 6801.133263760889 -296350.9187652009
-134899.81368657347 4279.780048742616 4279.780048742616 -230101.76330911028
-145974.9867632277 7636.439756976017 7636.439756976017 -251504.77390465658
-144039.6039511872 9494.879508817156 9494.879508817156 -259649.42862170807
-165382.25232719534 12758.80136229894 12758.80136229894 -304807.6897627511
-140867.1380261895 5597.959469772914 5597.959469772914 -252708.61219203257
-163119.81131115626 8449.397518861308 8449.397518861308 -296492.17751916475
-125214.64608391642 10335.851356449904 10335.851356449904 -235647.65257050522
-176798.03137212773 19396.20980986113 19396.20980986113 -335995.97298553283
-153794.26323752519 4830.774737335101 4830.774737335101 -271923.37050974055
-201881.91163910797 -4201.876899008534 -4201.876899008534 -388096.21310098696
-112357.70241497929 10556.139421219457 10556.139421219457 -217085.78456424444
-162721.84191091813 -419.2778311839106 -419.2778311839106 -328281.7007593428
-180277.12336477358 -7937.755056239101 -7937.755056239101 -336768.97641459166
-233467.56775664704 -27669.617738619803 -27669.617738619803 -459142.30073569115
-153703.12378370354 3022.831683117456 3022.831683117456 -278991.87942012155
-165469.07352565636 -188.19230651531382 -188.19230651531382 -290620.1458506384
-161958.78955893414 -894.6821542176062 -894.6821542176062 -297406.9771156527
-173545.67309215118 -4235.255082080266 -4235.255082080266 -308953.0989002861
-145371.36985977727 30437.89451401468 30437.89451401468 -235245.62762391786
-99267.9894626449 18748.347414568478 18748.347414568478 -182667.42769142526
-145993.631816155 39086.89400890195 39086.89400890195 -217517.57041218138
-100998.38141217602 25538.22659926597 25538.22659926597 -169038.21937208885
-135622.18722902585 27576.920619396908 27576.920619396908 -253561.2785734127
-111160.61665678519 21592.103078574037 21592.103078574037 -214085.84767184907
-118079.6160401287 27289.94765414137 27289.94765414137 -206683.20772859504
-92782.38598226968 21101.36219746606 21101.36219746606 -169413.53423660225
-149782.54124123475 23066.398526415316 23066.398526415316 -292888.3617075031
-132162.37960421108 20612.461067995326 20612.461067995326 -258784.25777782942
-103537.49352480375 19402.0318735483 19402.0318735483 -196343.3228385725
-90666.22988355046 15764.464701118077 15764.464701118077 -165568.64330797023
-172302.1813176708 20969.464979884026 20969.464979884026 -316948.22424110305
-158376.2730531489 20071.721321306155 20071.721321306155 -276537.0486513112
-103056.62279191319 14748.495080879853 14748.495080879853 -201414.85368663713
-91536.86097489897 12844.25012797871 12844.25012797871 -172373.14934102565
-181960.11087446884 21042.702544752083 21042.702544752083 -327698.44520548795
-167717.51091563038 21476.88265866926 21476.88265866926 -293225.0282033731
-115279.01565471002 12946.466264879797 12946.466264879797 -209676.21953688376
-106007.70424339933 15423.64137388248 15423.64137388248 -190437.76767983398
-179240.10917037248 20428.091809084563 20428.091809084563 -314783.8777569636
-170357.2380907205 26044.396492012213 26044.396492012213 -304234.54348716646
-132587.41209451467 16031.364984419906 16031.364984419906 -226570.7966943674
-127030.44001529354 19014.12792202348 19014.12792202348 -219845.36459273798
-163616.34072937985 22262.494052378934 22262.494052378934 -293412.56593518367
-159282.59720954055 24873.926614184846 24873.926614184846 -290833.46016573993
-143080.62948872862 18136.708464371157 18136.708464371157 -259918.74544078336
-141003.90095452504 19641.250163799836 19641.250163799836 -254869.8017556839
-139080.0327244687 22275.243486702115 22275.243486702115 -258353.51226849496
-132610.74492798257 19219.205370286105 19219.205370286105 -245270.43459362522
-166534.5578078101 25731.28372942305 25731.28372942305 -312032.5971758813
-161635.73880628837 22555.33970627212 22555.33970627212 -303172.7746510733
-102397.92128077081 13187.089395592891 13187.089395592891 -190518.96913912258
-117660.2322305648 7304.652233062585 7304.652233062585 -213785.24359959192
-204423.115199793 14492.341348068308 14492.341348068308 -375832.37050857383
-210985.82758701858 11044.042567945733 11044.042567945733 -392300.0600496065
-75178.70036186387 10076.328547590789 10076.328547590789 -141535.68448869023
-176247.30645418447 -8916.61949026696 -8916.61949026696 -363832.10230664373
-226704.80117457383 -18118.204462408958 -18118.204462408958 -424848.46477716387
-384879.73554574605 -66464.86201931986 -66464.86201931986 -702530.798128247
-146446.49153349714 41895.44132519662 41895.44132519662 -201639.2845391898
-113781.63356179037 32291.96885029917 32291.96885029917 -167052.33012408038
-127312.3877133594 33554.35052266624 33554.35052266624 -154669.13228880163
-92668.26885927719 25107.844541820414 25107.844541820414 -120857.81784166738
-131405.98592840237 36132.54368768217 36132.54368768217 -198340.64833042963
-130236.20491236863 36724.157093437534 36724.157093437534 -191815.18819279247
-94104.67261597382 28053.252228332836 28053.252228332836 -129524.26047043232
-94349.85097445024 27981.305188813378 27981.305188813378 -124817.55503649372
-140307.345056386 39205.34321462517 39205.34321462517 -214970.95729391422
-150678.34697520846 44336.25912297568 44336.25912297568 -213688.6926040931
-87474.09063331084 25817.952189541065 25817.952189541065 -115359.23871895668
-97619.47233022853 31115.916138409295 31115.916138409295 -121838.46871870736
-165854.91703364596 47020.97249382358 47020.97249382358 -245127.87977799017
-177267.48636085275 49595.27050656911 49595.27050656911 -241932.42084360044
-90770.34408843858 29164.579569580215 29164.579569580215 -109647.69106411484
-96478.89259540272 30013.236143911432 30013.236143911432 -112414.89343609445
-201190.16683909902 54245.71085949786 54245.71085949786 -286111.2485746107
-207053.45744234906 56572.305425578474 56572.305425578474 -266298.8122126257
-92693.74688207812 29908.256587483163 29908.256587483163 -106659.13934913001
-94797.20250918328 26674.078334431462 26674.078334431462 -104083.95225132568
-230957.03445710937 65009.43686966565 65009.43686966565 -309149.8508533101
-226325.72254252664 59834.18943161692 59834.18943161692 -302549.8357229201
-85719.17500792297 26348.031579549315 26348.031579549315 -95055.72553281278
-91124.91536975018 26082.159511605532 26082.159511605532 -94991.98972159029
-245593.82389819648 72099.39923131079 72099.39923131079 -335921.9646729429
-238128.39148723433 70477.08556085886 70477.08556085886 -321273.8347082028
-74507.1744239364 20955.410993284604 20955.410993284604 -77978.63757290006
-72472.10146297903 21137.79863066315 21137.79863066315 -74332.97492299497
-262104.6002385811 80266.2988016728 80266.2988016728 -366667.9991649377
-241776.02664644673 52733.93186659649 52733.93186659649 -317944.99079733697
-47491.19164997359 13812.015925576208 13812.015925576208 -49989.19858193996
-56751.989956885016 15135.923601214818 15135.923601214818 -53801.4634641401
-259503.38062749474 67845.51799923848 67845.51799923848 -350712.537371583
-268500.6334705417 54706.75166806829 54706.75166806829 -305261.13588205806
-32585.091972902806 9734.92979146447 9734.92979146447 -33471.12670382527
-34325.249212623305 10059.678868600662 10059.678868600662 -33483.476641526875
-201983.05218509262 55076.28013058222 55076.28013058222 -255323.3109747611
-158279.76842445906 43375.56182197352 43375.56182197352 -206398.85013341618
-20446.579346469764 4348.18259010254 4348.18259010254 -20672.470465323015
-19.811947300182545 9.738540476002022 9.738540476002022 -25.321820924445007
-127873.59431195058 35575.01551810987 35575.01551810987 -140969.45555410907
-114404.48795947607 32035.15757083361 32035.15757083361 -131062.75394122131
-118035.48423371217 32557.605443899272 32557.605443899272 -122449.61771587873
-104094.80357862744 29664.806188782393 29664.806188782393 -112906.4516045366
-114894.36383961471 31858.801166496844 31858.801166496844 -136458.47493021053
-127570.29531329517 35689.010072852296 35689.010072852296 -146140.02813985772
-97438.14628079334 27021.58900192131 27021.58900192131 -108273.85564659281
-110199.16595452928 30536.077833163494 30536.077833163494 -117790.807784405
-122430.73126272776 33469.08248782698 33469.08248782698 -133457.09010233462
-143380.30352879324 40143.674403044024 40143.674403044024 -148947.86937224388
-103863.77475215321 29664.65990259112 29664.65990259112 -107131.80861327413
-124452.66262968912 36087.70912625504 36087.70912625504 -122134.59766169445
-134814.18283216032 38966.268083042385 38966.268083042385 -132003.80707492027
-153788.5344698475 45273.855180487466 45273.855180487466 -143628.57566026298
-117896.53149286873 33469.731559298314 33469.731559298314 -108475.53059528205
-136296.6317373359 39397.50891867399 39397.50891867399 -120140.57468755914
-146721.6662788223 39847.514804134815 39847.514804134815 -126458.10295996974
-165160.98986983788 44950.89070188106 44950.89070188106 -136864.47807100118
-128384.73937257663 33548.17908362327 33548.17908362327 -102475.0559177031
-146044.0866114979 38197.500529140896 38197.500529140896 -112925.02247975237
-155204.52359039345 35210.66164968074 35210.66164968074 -117473.61657047857
-166859.506856545 39202.9898255711 39202.9898255711 -125131.41503095346
-135935.84426688324 29127.632695645923 29127.632695645923 -94754.9373484909
-147115.4781315952 32795.04913033039 32795.04913033039 -102710.10760970962
-152670.93898093465 27141.789342111246 27141.789342111246 -104944.71723413137
-156627.51953683203 29783.242925596118 29783.242925596118 -108683.41746996222
-136673.24226641268 23919.46427560435 23919.46427560435 -88302.56774335772
-140518.9664404883 26416.34286414233 26416.34286414233 -91892.1635035873
-141352.8823895484 21282.993014932305 21282.993014932305 -89200.88658184394
-141400.0604508306 22322.95906949257 22322.95906949257 -90135.99649963478
-133975.4045706184 19765.997141799933 19765.997141799933 -81906.48268768565
-133829.91665928057 20480.74737892289 20480.74737892289 -82808.2091929974
-134265.52787637478 8099.499899535338 8099.499899535338 -82266.05662927529
-112505.48348630086 8414.909867880695 8414.909867880695 -71927.52863459912
-130330.82511250058 13103.189647804704 13103.189647804704 -78484.58341615362
-108898.25167577011 13356.907938099146 13356.907938099146 -68489.83345996554
-104031.56164983421 -12726.257702650408 -12726.257702650408 -105682.96988204643
-41473.364299554356 -3554.44473643871 -3554.44473643871 -63814.6888755701
-99204.1113030408 8029.60707691073 8029.60707691073 -78992.12648081583
-34222.115627891995 6463.13571583351 6463.13571583351 -43767.53671357709
-116522.76608039149 32616.532201874343 32616.532201874343 -114924.39604399777
-116637.30363494201 32951.783356046726 32951.783356046726 -115566.02320025796
-109035.2631202449 31332.461647394506 31332.461647394506 -104648.86528671796
-108565.33601032819 31455.580784926035 31455.580784926035 -104221.32959444879
-110235.43251149279 31637.995383077392 31637.995383077392 -112088.0467636649
-131093.78353909045 38306.14425715854 38306.14425715854 -126937.64077665168
-97437.78441235918 27997.404337088192 27997.404337088192 -95131.96018802199
-117285.0648916513 34529.450203366294 34529.450203366294 -109966.75670648986
-123172.54244060151 34341.84160847598 34341.84160847598 -114905.36911370241
-141723.00607315137 39515.6316595501 39515.6316595501 -125693.10407585451
-109388.57336635547 29581.96187913215 29581.96187913215 -95658.13483706074
-127406.6663041233 33880.5275139226 33880.5275139226 -106410.92473725892
-135836.22580707716 33234.6183779642 33234.6183779642 -109445.89983630185
-151020.9377270289 37220.33085716114 37220.33085716114 -118382.25074464986
-121640.72768190198 28063.126631680596 28063.126631680596 -91276.63479668347
-136512.36203416614 31576.665855639745 31576.665855639745 -100215.37760448358
-141837.49553497197 30055.631385919405 30055.631385919405 -99854.63444137978
-155711.2663459694 32762.992733906132 32762.992733906132 -108083.98160689708
-128111.34879136329 25590.190680270687 25590.190680270687 -85997.54379281521
-141728.40723814798 28282.80765771647 28282.80765771647 -94309.30297711301
-145092.09347750197 23478.038263845243 23478.038263845243 -91015.45812103704
-151195.51708570134 25545.988455039158 25545.988455039158 -95255.21525345177
-135041.34310369307 20758.87249913409 20758.87249913409 -82116.53982785901
-140695.04366000407 22457.287231479386 22457.287231479386 -86300.6771463659
-143756.01693583044 16194.024755273458 16194.024755273458 -83416.17158168055
-140704.13962341944 17125.246998389106 17125.246998389106 -82795.75631809206
-137261.13760373203 15885.916068578412 15885.916068578412 -78426.99231538831
-134299.83950608474 16774.049074457416 16774.049074457416 -77849.18827696513
-135922.89988129135 8599.446453698074 8599.446453698074 -74934.11748644296
-125992.68096023057 8889.339182198823 8889.339182198823 -70359.15533220697
-132815.34879611034 10080.204665501977 10080.204665501977 -73298.65316129428
-122918.75167464443 10397.830295478921 10397.830295478921 -68754.77234882826
-120632.00434937455 -2857.6864142023105 -2857.6864142023105 -69326.2407929915
-95685.6382835679 -3043.704006356309 -3043.704006356309 -55973.945959018005
-122603.26301839571 3305.323847879916 3305.323847879916 -70673.81645639705
-97414.4241605374 2396.8117070767516 2396.8117070767516 -57463.09068256078
-90582.68801572315 -13176.588572098282 -13176.588572098282 -70728.31266760737
-42438.34309576874 -7791.15194433809 -7791.15194433809 -45510.66069014588
-94750.47632221846 -16.465907255101506 -16.465907255101506 -70959.63007262074
-39252.489450844485 -409.7459727848184 -409.7459727848184 -46857.76932406784
-107614.99651107017 31516.573980290726 31516.573980290726 -100995.18696090709
-121028.14077581142 34560.7656189353 34560.7656189353 -110143.49290313087
-100263.390279864 29638.249481196457 29638.249481196457 -91443.2512851961
-112923.0984029751 33286.92973309232 33286.92973309232 -99617.87856429168
-108046.0038903354 30797.632580082492 30797.632580082492 -100146.32198806928
-127674.21593882152 36210.70524401142 36210.70524401142 -112251.78004277656
-97249.59206932197 27067.968316596263 27067.968316596263 -87084.06969326167
-116872.59014959948 31624.604754126955 31624.604754126955 -98616.65182694973
-120994.97950612487 29020.56683900166 29020.56683900166 -95327.81357526638
-136748.39939126384 31972.53861952327 31972.53861952327 -104160.68667041256
-112200.71941361476 25600.715479664846 25600.715479664846 -84293.08605785103
-127633.52517914891 28505.422932322836 28505.422932322836 -93040.65241679185
-130000.69266325093 26348.24693874588 26348.24693874588 -89485.0851613068
-143090.76657360647 28701.88253702547 28701.88253702547 -97218.47298668159
-121957.18057825802 23313.227494535862 23313.227494535862 -80747.8280362583
-134570.16397787211 25510.27787854377 25510.27787854377 -88349.63514273004
-135464.818346237 21746.922166516062 21746.922166516062 -83716.82127792774
-143523.66832080428 23104.944175761604 23104.944175761604 -88540.00597425373
-128545.14444467003 19651.008467643944 19651.008467643944 -77634.0802340792
-136686.0837744357 20895.54420197289 20895.54420197289 -82275.8297351843
-137662.88988057314 15631.012416462418 15631.012416462418 -77943.2983603098
-139370.68516978447 16423.027136908244 16423.027136908244 -79216.65377404222
-133045.32673581806 14759.71497652867 14759.71497652867 -74645.97225884961
-134796.10534041212 15511.830776023111 15511.830776023111 -75908.98515261628
-135838.3439612937 8241.949736499166 8241.949736499166 -72791.13290825131
-129946.64450875626 8610.931490699857 8610.931490699857 -70091.32212856444
-133166.37359727907 9072.585011062401 9072.585011062401 -71144.02948994997
-127262.9341005926 9398.515689130396 9398.515689130396 -68480.9468679243
-127039.58857141703 5.939779567844743 5.939779567844743 -68166.29468936614
-112969.36796696183 -108.01491600044523 -108.01491600044523 -61397.925579752504
-126777.4065400985 2557.7885834274753 2557.7885834274753 -67960.83372223514
-112829.83503729932 2420.9058700351043 2420.9058700351043 -61056.71689912209
-113671.80863863812 -7658.567559428421 -7658.567559428421 -67269.38529876748
-87555.5190352442 -7369.2948261435395 -7369.2948261435395 -53608.511994291475
-115757.80673705328 -2641.919496961853 -2641.919496961853 -67624.87446012734
-89981.804744312 -2940.4532118337165 -2940.4532118337165 -53618.87135544476
-89825.99950927736 -10907.486787321446 -10907.486787321446 -70448.46901956541
-54179.62863072015 -8413.394743006105 -8413.394743006105 -54619.85039862084
-89889.71632859566 -1169.2062672688135 -1169.2062672688135 -66551.32771384726
-52012.99836014668 -404.0520580109544 -404.0520580109544 -50627.8608308479
-97732.91839236878 29211.91400973262 29211.91400973262 -86911.44907299947
-117725.61275259648 35509.71471573347 35509.71471573347 -99936.14948238319
-90494.38408795923 26916.92902917253 26916.92902917253 -79393.1696459988
-109287.60246061975 33214.66403032141 33214.66403032141 -93437.88294130826
-104531.59901612093 26369.065792387235 26369.065792387235 -86174.32312821629
-122052.80832836949 29946.81331218458 29946.81331218458 -96078.57362233271
-98197.32443052738 23871.17085188639 23871.17085188639 -78225.91837798736
-115427.26680368574 26947.698214595086 26947.698214595086 -88075.45744364349
-117243.83639626837 24196.870996415044 24196.870996415044 -82706.86939813876
-130838.99363620009 26368.009399072806 26368.009399072806 -90177.93793965949
-111850.44935064015 21884.409079512872 21884.409079512872 -76248.36945092017
-125444.79031983163 23900.823948535177 23900.823948535177 -83663.52877962468
-125604.15221531132 20700.81240415894 20700.81240415894 -78401.60128230328
-135021.3585261326 21987.409763572556 21987.409763572556 -84043.5675908595
-120931.21696529325 18857.535070247723 18857.535070247723 -73851.80439918998
-130206.07690208557 20011.998404487604 20011.998404487604 -79274.29197207747
-129056.88473569555 15618.931890429354 15618.931890429354 -73861.07786189417
-134467.03751007246 16287.097032788752 16287.097032788752 -76719.92226489843
-126214.32941404109 14566.950854895938 14566.950854895938 -71434.36505604711
-131621.8384302438 15251.59156586814 15251.59156586814 -74324.11002856016
-130365.19135011929 9672.698149959817 9672.698149959817 -69625.20602920788
-129936.38168398291 9855.2362637478 9855.2362637478 -69479.44894669081
-129158.32757841154 9685.044256658288 9685.044256658288 -68858.00230864828
-128781.94520642523 9874.960711082735 9874.960711082735 -68710.94414064423
-127443.67404354872 2529.1614111724357 2529.1614111724357 -66517.63398516142
-120300.58808160243 2470.569361782155 2470.569361782155 -63067.000328091155
-127109.71007332743 3698.5855123441443 3698.5855123441443 -66344.59150980433
-119931.82062640243 3622.4911990680475 3622.4911990680475 -62957.8537364357
-119556.85976174311 -4220.390943749219 -4220.390943749219 -64999.36194519137
-104653.44142755069 -4256.74240189284 -4256.74240189284 -57722.767636631455
-120516.3925918804 -1684.276839571682 -1684.276839571682 -65069.0293628039
-105462.04108654823 -1959.7167275899124 -1959.7167275899124 -57500.93106387064
-109900.9854358522 -8850.227699238203 -8850.227699238203 -66222.93086637396
-87685.75902506936 -8355.516990094324 -8355.516990094324 -54666.59677840611
-110796.37051799402 -4784.717251353799 -4784.717251353799 -65085.2837336692
-88490.47785313215 -4675.653716555175 -4675.653716555175 -53339.22419847626
-90991.3058374692 -8772.146444407033 -8772.146444407033 -67197.92270056285
-64928.12906553579 -7957.280319385383 -7957.280319385383 -55424.10625067359
-90452.64860981729 -1717.5058289780247 -1717.5058289780247 -64272.05058885926
-64244.77882757525 -1152.5472463375145 -1152.5472463375145 -52163.16011719972
-87229.82054405905 25407.42948654057 25407.42948654057 -75898.95280448558
-108303.88472236333 32619.330588077173 32619.330588077173 -92830.24659748396
-81573.36912619154 23172.30659542718 23172.30659542718 -71647.76898341591
-103031.77456800257 29993.114097611797 29993.114097611797 -88118.12828895789
-101264.12508697373 22791.417300758305 22791.417300758305 -76827.85444852262
-117255.30819855278 25302.32741751022 25302.32741751022 -85536.19614718786
-97838.54295633758 20968.639275468777 20968.639275468777 -71804.1527279876
-113184.7141153127 23453.36058216756 23453.36058216756 -80681.5749368452
-113622.02105763755 20255.62243781028 20255.62243781028 -74241.28081370464
-124863.36131661135 21674.109881432756 21674.109881432756 -80323.65649140209
-110612.85507736349 18631.598303297556 18631.598303297556 -70666.78636713461
-121822.98126580776 19930.513027014502 19930.513027014502 -76652.4602247771
-119876.31263709013 15915.245854536595 15915.245854536595 -70681.20580442874
-127239.51909470098 16522.170747495395 16522.170747495395 -74726.28868023856
-118276.59920661045 14857.001494902584 14857.001494902584 -68966.01488657053
-125847.77750800998 15478.690422711541 15478.690422711541 -72923.75801381715
-123137.61104971493 10997.21465612642 10997.21465612642 -67287.76431428698
-126525.95997714081 11133.521871762805 11133.521871762805 -68871.07492649475
-123028.3176747712 10619.154359321808 10619.154359321808 -67034.50084906703
-126471.39713117562 10747.810903060397 10747.810903060397 -68611.18983333967
-123443.31287216202 5130.369587123941 5130.369587123941 -64403.35251348683
-121811.9006157841 4981.120930552718 4981.120930552718 -63637.490361846496
-124138.36423471905 5513.822035305255 5513.822035305255 -64934.49845739147
-122491.70190793982 5341.8703076096535 5341.8703076096535 -64132.060055386224
-120174.82432745895 -709.9415973068428 -709.9415973068428 -62796.160517393386
-112736.81837462782 -1045.3299985712802 -1045.3299985712802 -59340.71884774137
-121441.81082543964 371.3044874078636 371.3044874078636 -63458.990497279345
-114048.15597753096 63.28070348251305 63.28070348251305 -59991.34631311591
-114065.85355104953 -5886.343924566167 -5886.343924566167 -63075.04278941736
-100556.16319475445 -5891.070651277381 -5891.070651277381 -56466.223810264215
-115007.78369937542 -3894.0607460009396 -3894.0607460009396 -63003.31719336853
-101709.78037588361 -3980.8869537002274 -3980.8869537002274 -56432.94404403793
-107311.33708862856 -8667.327315154365 -8667.327315154365 -64676.71950813264
-89377.05135159826 -8163.5799417767685 -8163.5799417767685 -55341.40129268671
-107560.98655505932 -5407.670251679038 -5407.670251679038 -63335.515577792525
-89555.40367513214 -5198.649075521364 -5198.649075521364 -53901.60625926313
-94346.66352784117 -7228.428530720126 -7228.428530720126 -65918.02375932212
-76007.97192958987 -6579.458268513295 -6579.458268513295 -56904.886568182934
-92681.78508978499 -2060.2604253533327 -2060.2604253533327 -62572.66262126004
-74483.75098266487 -1375.871452092409 -1375.871452092409 -53383.8687579469
-78473.25875523964 21828.261550974683 21828.261550974683 -69139.83205951954
-101403.24530013949 27903.54265292447 27903.54265292447 -85416.39491116774
-74123.53545072951 20321.848098195536 20321.848098195536 -66139.30503247655
-97938.84767868952 25436.82501619085 25436.82501619085 -81435.11222537947
-97954.7638070944 19898.808170339216 19898.808170339216 -69923.7951894784
-111884.35341083731 21908.795250921976 21908.795250921976 -77891.27910526919
-96365.83115789482 18570.556258338354 18570.556258338354 -67549.79406783456
-110580.6146568963 20477.063377335387 20477.063377335387 -75561.63044053895
-108859.79856134103 16739.373552084377 16739.373552084377 -68336.07965363355
-118091.57030628085 17394.22365372035 17394.22365372035 -72780.941600502
-108799.03198322274 15738.929514680942 15738.929514680942 -67364.49595319101
-117802.99537465925 16331.654937258914 16331.654937258914 -71740.95979562138
-114192.59693129835 12410.285464356175 12410.285464356175 -65419.41400108925
-120406.07342372586 12563.120146852765 12563.120146852765 -68356.21116581214
-115240.82938846324 11833.336047544097 11833.336047544097 -65635.35331510555
-121466.11291357334 11936.765604172819 11936.765604172819 -68561.17557615247
-117134.79345537987 7351.885120739889 7351.885120739889 -63043.24470136012
-119476.95796009865 7173.685475758361 7173.685475758361 -64077.860353413445
-118735.2047211603 7262.360233984766 7262.360233984766 -64016.5809120928
-121067.57391894533 7087.037498205895 7087.037498205895 -65097.093715883464
-117256.5963931663 2213.9326966583667 2213.9326966583667 -61327.46132218113
-115502.39441809252 1870.4262446575174 1870.4262446575174 -60451.67473106412
-119103.10682390675 2585.155683065161 2585.155683065161 -62488.10311990974
-117360.21638335254 2206.9558501425936 2206.9558501425936 -61589.96804093823
-114193.3865600089 -2703.93196124246 -2703.93196124246 -60620.79922274221
-107613.76374693871 -3034.6183426695006 -3034.6183426695006 -57576.2795687317
-115976.21030191916 -1728.2057691373261 -1728.2057691373261 -61619.82619701397
-109339.98125313662 -2108.776115339271 -2108.776115339271 -58541.981697551506
-109993.70366650152 -6232.674222732994 -6232.674222732994 -61537.536273639314
-98699.31548471213 -6327.992824237302 -6327.992824237302 -55901.94182836999
-111353.6415495654 -4700.787423280726 -4700.787423280726 -61801.4699713928
-100167.83152366434 -4866.661576484443 -4866.661576484443 -56200.93295236727
-105744.96272097883 -7725.312207506029 -7725.312207506029 -63187.68078727366
-92310.23573392954 -7386.933324837257 -7386.933324837257 -56189.01076127501
-105491.88395225898 -5290.344221044785 -5290.344221044785 -61956.45491976304
-92165.68672803948 -5101.426304978613 -5101.426304978613 -54843.25296287897
-97807.30060239922 -5699.7132944896675 -5699.7132944896675 -64572.74828502491
-85977.09919463375 -4953.349493343401 -4953.349493343401 -58164.884706656354
-95411.81448505967 -2222.1508898086386 -2222.1508898086386 -61097.090178313265
-83507.24599926612 -1505.0105741708146 -1505.0105741708146 -54780.21919968843
-71853.10893954746 19334.215147809286 19334.215147809286 -64461.56377105767
-95434.24255435672 23820.997840429678 23820.997840429678 -78526.72229492606
-70219.25519912655 18688.09614285131 18688.09614285131 -62986.6618796935
-94723.60584824589 22658.389930420795 22658.389930420795 -76780.14317640068
-94384.74160942115 17399.023477650473 17399.023477650473 -65375.88031882302
-106261.73380901701 18820.08453913485 18820.08453913485 -71951.8574227953
-94868.33775091426 16797.99262970691 16797.99262970691 -64889.50638908111
-107119.51773900728 17818.426680281547 17818.426680281547 -71459.86069314714
-104251.15272611377 13862.22161813239 13862.22161813239 -63785.99804490655
-112044.60254965935 14170.27949749743 14170.27949749743 -67555.06871931252
-105367.44039355686 13098.316187427812 13098.316187427812 -64093.17861980657
-113142.37684652512 13450.924524196209 13450.924524196209 -68064.70557727975
-109481.49807214306 9534.99277249258 9534.99277249258 -61745.90836668601
-114519.3262144621 9383.523243964104 9383.523243964104 -64022.4610756703
-111366.35266362617 9085.717895589274 9085.717895589274 -62868.10275037167
-116485.50461940482 8911.708329322351 8911.708329322351 -65118.295432999184
-111488.10558926167 4981.439800778826 4981.439800778826 -59917.938375973754
-113771.7481845713 4545.722087170818 4545.722087170818 -60989.5660337128
-113955.97604369097 4806.5481588736 4806.5481588736 -61574.053803653944
-116270.21750527687 4350.338901925361 4350.338901925361 -62626.230530778936
-111732.18988087689 340.46339623373717 340.46339623373717 -59123.82602141065
-110442.4427945662 -78.16284632090242 -78.16284632090242 -58523.779151809984
-114096.67567778488 507.955711154524 507.955711154524 -60723.87536780044
-112797.60842226021 75.6939830764333 75.6939830764333 -60136.30523071626
-109497.16303918067 -3643.0524107114925 -3643.0524107114925 -59281.56778999925
-104260.25777459005 -3940.0433679824428 -3940.0433679824428 -56743.10987866705
-111662.62800816065 -2965.3967918004505 -2965.3967918004505 -60483.56487631118
-106341.05744585107 -3289.4646618920306 -3289.4646618920306 -57921.181887314706
-107190.40075766554 -6029.552844662381 -6029.552844662381 -60337.74485504409
-98581.00215062498 -6157.611972525287 -6157.611972525287 -55982.52515926923
-108555.06278470621 -4884.303697312387 -4884.303697312387 -60686.61435955176
-99826.41306759615 -5003.428071758103 -5003.428071758103 -56378.971074798596
-105025.03886680478 -6573.052287254278 -6573.052287254278 -61881.425844966914
-95981.43849938593 -6313.05799930789 -6313.05799930789 -57019.91918532374
-104199.00692063094 -4830.50528722082 -4830.50528722082 -60645.403345931045
-95161.85752777557 -4604.134166027481 -4604.134166027481 -55860.012976280006
-101101.68815159066 -4205.857072232595 -4205.857072232595 -63159.54023018968
-94126.02098238828 -3329.2191085941918 -3329.2191085941918 -59375.26573665899
-98262.2462447794 -2247.288687162331 -2247.288687162331 -59861.11567022041
-91230.06527418594 -1403.8254931976603 -1403.8254931976603 -56244.00938869532
-68614.38903500905 17579.48942169638 17579.48942169638 -61359.67069502686
-90768.20013807829 20911.153560162886 20911.153560162886 -73630.48643215947
-68414.39581562633 16871.989407724413 16871.989407724413 -60714.34360918236
-90830.83328744276 19898.406532554665 19898.406532554665 -72978.51965494177
-90192.56263648793 15470.794611394806 15470.794611394806 -61753.92227407603
-101330.32662296998 16086.565566168369 16086.565566168369 -67576.08269767473
-91918.66727430481 14608.898411437347 14608.898411437347 -62662.27568981071
-103354.17498587596 15120.039498595655 15120.039498595655 -68509.38070669342
-98842.907571893 11473.636322403667 11473.636322403667 -60533.86597432939
-106654.84688093436 11694.258658635139 11694.258658635139 -64201.31909813058
-100941.83988373187 10831.53903606831 10831.53903606831 -61805.54177162255
-108778.21076948727 10981.324555921152 10981.324555921152 -65563.55835266593
-104710.77947617222 7341.166535159397 7341.166535159397 -59222.47306081679
-109228.59070184342 7108.075005587609 7108.075005587609 -61419.087720914344
-106990.28854449186 6940.212645175503 6940.212645175503 -60814.82481941018
-111578.63012229887 6683.112041817839 6683.112041817839 -62962.22667823187
-106882.38414146347 3203.8183269491556 3203.8183269491556 -58119.76718902514
-109057.16442558341 2729.2906068250218 2729.2906068250218 -59147.84717968111
-109388.64602843719 3004.6164642654976 3004.6164642654976 -59950.26054685939
-111552.7596571761 2495.3511263774376 2495.3511263774376 -60930.64901831407
-106865.99175844359 -757.1093831263001 -757.1093831263001 -57668.70326537466
-106307.7423942568 -1265.211962016128 -1265.211962016128 -57443.303547425494
-109702.33780126848 -716.0886844387637 -716.0886844387637 -59564.687593744275
-109076.65527638362 -1247.7656988470228 -1247.7656988470228 -59247.893050117746
-105998.0381491636 -3811.6105502582923 -3811.6105502582923 -58213.053894714685
-102317.01437800695 -4236.251001664371 -4236.251001664371 -56479.122566863654
-108302.28407544819 -3427.100475410531 -3427.100475410531 -59619.9924698646
-104666.14097439015 -3875.9991288097262 -3875.9991288097262 -57865.94233949128
-105231.70117095794 -5463.873204053155 -5463.873204053155 -59367.04457138971
-99562.31013872214 -5600.5704332410805 -5600.5704332410805 -56638.95249992412
-106201.86691097148 -4639.629753586869 -4639.629753586869 -59726.150745676576
-100529.42167327259 -4782.134937545237 -4782.134937545237 -57087.46610931975
-104862.81331673231 -5287.521725561364 -5287.521725561364 -60947.4959002222
-99731.17312354602 -4967.411678367105 -4967.411678367105 -58089.99626118788
-103535.01443221241 -4202.815363405158 -4202.815363405158 -59713.46081414931
-98445.59771974733 -3875.122282339242 -3875.122282339242 -56878.052609356964
-103983.93968872314 -2992.341484206804 -2992.341484206804 -62134.65530088654
-100909.11292012474 -2016.7654413432429 -2016.7654413432429 -60268.64155828026
-100479.48294949114 -2098.2320092967193 -2098.2320092967193 -59060.19795322226
-97251.19074431965 -1059.3757354756217 -1059.3757354756217 -57287.35171835546
-67027.12971357418 15981.98747525338 15981.98747525338 -59757.52028834078
-85798.44743395127 18617.966147180734 18617.966147180734 -69934.12177314569
-66965.8714778373 14994.351760139529 14994.351760139529 -60042.25665089842
-86372.71136626566 17461.15512020455 17461.15512020455 -70234.93257365299
-86137.21463963707 13366.146944140068 13366.146944140068 -59570.127762429714
-96505.69515945832 13766.543892534517 13766.543892534517 -64809.87994263015
-88271.86475276844 12508.531691302629 12508.531691302629 -61015.10175855988
-98933.172981131 12676.737918162593 12676.737918162593 -66272.29898333355
-94177.56233317473 9624.996902561437 9624.996902561437 -58321.3824882842
-101817.56451682709 9604.280883570038 9604.280883570038 -62185.080808594634
-97034.7605336637 8981.045141949384 8981.045141949384 -60186.78515960604
-104709.90369727682 8820.535358655663 8820.535358655663 -64064.215335994886
-99896.63631020537 5776.245166714177 5776.245166714177 -57675.73633624941
-104744.9008596215 5457.150507643224 5457.150507643224 -59783.4931290412
-102555.16614704973 5299.724310117915 5299.724310117915 -59570.41324820824
-107217.30339583287 4884.529818507622 4884.529818507622 -61805.59858470876
-102511.72688268186 1931.8548675167226 1931.8548675167226 -56961.60622906933
-104785.48518155908 1468.1994492994013 1468.1994492994013 -58035.10629515889
-104991.19235666537 1673.2058121894067 1673.2058121894067 -58807.363427051125
-107278.1516918645 1186.0618939897504 1186.0618939897504 -59875.40001445979
-103453.67712294286 -1337.0444339549817 -1337.0444339549817 -56830.82342937211
-103435.90991260028 -1846.5523695991849 -1846.5523695991849 -56907.94413341921
-105887.70014537888 -1375.1772160322025 -1375.1772160322025 -58577.30659330424
-105872.23305391881 -1942.9150645838522 -1942.9150645838522 -58641.40257398307
-103479.58861234954 -3610.791164324153 -3610.791164324153 -57448.253011219356
-101643.66891550731 -3967.1114113025774 -3967.1114113025774 -56631.79189063087
-105539.5525920553 -3458.344818179263 -3458.344818179263 -58785.57790996252
-103681.49767202773 -3836.3598682568763 -3836.3598682568763 -57954.19208971988
-103855.49209490968 -4525.788891410666 -4525.788891410666 -58677.72770013194
-101247.9635140221 -4634.121173043066 -4634.121173043066 -57498.529066444906
-104532.32742133556 -4179.40300962067 -4179.40300962067 -59084.913304589725
-101982.22491335744 -4259.436246505508 -4259.436246505508 -57895.92497624439
-104869.83787817447 -3974.2048865729657 -3974.2048865729657 -60232.44080132555
-103225.76002782422 -3623.7696300054263 -3623.7696300054263 -59213.74193183945
-103330.11469118773 -3564.979585062999 -3564.979585062999 -59086.14308713046
-101667.26637693266 -3231.9168646595836 -3231.9168646595836 -58125.89288178553
-106062.04615573898 -2009.2899279924359 -2009.2899279924359 -61366.98451189222
-105793.09284593837 -1020.0739328310378 -1020.0739328310378 -61156.90897418315
-102483.80776175545 -1787.5247668318661 -1787.5247668318661 -58649.7938905081
-102200.26235904261 -908.264501635111 -908.264501635111 -58454.0827128296
-65301.01928838637 13908.053714928534 13908.053714928534 -59649.31716461365
-81299.26039751686 15777.331746869106 15777.331746869106 -67796.93252386467
-65387.21019264348 12578.77420776214 12578.77420776214 -60368.75074026335
-82189.72420137087 14016.49751472854 14016.49751472854 -68475.68572223435
-82281.25789619038 11483.088981455609 11483.088981455609 -58332.41900606763
-92123.13083141074 11557.157756211698 11557.157756211698 -63163.81698426626
-84558.86721834441 10434.767457143877 10434.767457143877 -60118.580547644255
-94703.43393778875 10366.55900514872 10366.55900514872 -64899.06630763392
-90376.26809289969 8094.020242507414 8094.020242507414 -56996.45412870323
-97747.90638821371 7881.545598885787 7881.545598885787 -60599.36444699706
-93175.05880352177 7210.55225515762 7210.55225515762 -58920.78552640556
-100676.54496818615 6834.68461795807 6834.68461795807 -62582.40946475649
-95457.97614606144 4621.370763776733 4621.370763776733 -56144.03847919167
-100642.59876604566 4157.351905445804 4157.351905445804 -58687.647014677044
-98371.04785523044 3914.8912343733473 3914.8912343733473 -58181.828805189776
-103531.14194664787 3354.165570785721 3354.165570785721 -60763.73611092761
-98499.77934798492 1277.619182555995 1277.619182555995 -56076.86230556057
-101485.38693286899 762.3128038051061 762.3128038051061 -57536.113067689424
-101029.48574481004 784.1493698913416 784.1493698913416 -57885.74921518651
-103945.96347526262 222.03601898102005 222.03601898102005 -59363.67579608919
-100598.62123669394 -1409.2932999643938 -1409.2932999643938 -56414.92132783873
-101580.6836014782 -1853.4726192404296 -1853.4726192404296 -56950.39699477843
-102535.1345170119 -1642.0221895508946 -1642.0221895508946 -57998.77772070304
-103504.39371382585 -2113.9939408605733 -2113.9939408605733 -58523.89832157558
-101905.74128374165 -3094.7103326916376 -3094.7103326916376 -57262.39928873682
-101758.80358252264 -3334.825361315723 -3334.825361315723 -57238.18487092152
-103174.20477654545 -3122.359350445966 -3122.359350445966 -58305.49166074701
-103024.9105259921 -3374.959518181617 -3374.959518181617 -58267.947480758085
-103176.693875077 -3491.344806455023 -3491.344806455023 -58421.84149463413
-103103.58481474801 -3537.181622500495 -3537.181622500495 -58385.40640559815
-103409.00322142406 -3496.4354803834285 -3496.4354803834285 -58579.79621502169
-103343.26797384956 -3539.2358833292997 -3539.2358833292997 -58542.680618387574
-104930.21081947212 -2769.649879590908 -2769.649879590908 -59648.7388137092
-105797.68123578597 -2518.0910375464487 -2518.0910375464487 -60090.513710204934
-103754.70669806834 -2877.829833452669 -2877.829833452669 -58750.244445410695
-104633.20976170762 -2630.098304088607 -2630.098304088607 -59163.81682460932
-107058.72437630285 -1216.8144969950908 -1216.8144969950908 -60568.56722790145
-108929.86027386622 -496.0073034292501 -496.0073034292501 -61378.120152657786
-104685.19393905587 -1487.8131774523472 -1487.8131774523472 -58627.16820426888
-106442.56033162907 -815.8559935248691 -815.8559935248691 -59456.90998558315
-64555.318815876846 11457.105826612304 11457.105826612304 -60453.938919630586
-77441.86388792683 12195.892687130068 12195.892687130068 -66350.1268940462
-65278.55867339231 9839.163338560382 9839.163338560382 -61653.89935464913
-79116.17377845901 10175.323964647065 10175.323964647065 -67258.93570700989
-78924.9051405678 9257.76145975764 9257.76145975764 -57966.66622889872
-88572.6453327046 9133.223933827587 9133.223933827587 -62389.91323994137
-81277.95072483229 7962.352564923955 7962.352564923955 -59731.34120947079
-90871.05346463178 7626.72906800176 7626.72906800176 -64265.59563655448
-87305.84833922358 6493.028206661775 6493.028206661775 -56404.11495528089
-94425.47530428102 6153.77412952266 6153.77412952266 -59830.06708657235
-89608.70446891733 5332.485620381749 5332.485620381749 -58092.33137322257
-96725.96958711682 4806.970938374678 4806.970938374678 -61709.86928749521
-92215.90400130668 3622.0822708128053 3622.0822708128053 -55428.270067527345
-97639.85733915157 3189.89390111913 3189.89390111913 -58120.172129981605
-94543.471135198 2635.6596315688066 2635.6596315688066 -56947.60893434068
-100108.44054596988 2054.4947283788315 2054.4947283788315 -59814.26339628956
-95433.31219539829 1014.7461554873014 1014.7461554873014 -55257.01447184401
-99199.02415170912 553.3723795611577 553.3723795611577 -57235.05664906882
-97474.45613351466 283.642821982647 283.642821982647 -56695.12798463773
-101366.04480313865 -265.9354231367074 -265.9354231367074 -58714.19781293817
-98218.24941003665 -1031.759181018188 -1031.759181018188 -55891.19195791221
-100469.64211009388 -1399.1793387984017 -1399.1793387984017 -57109.32440054294
-99827.97779562714 -1526.9093957583214 -1526.9093957583214 -57070.29075734694
-102086.32113418626 -1893.2925545394205 -1893.2925545394205 -58338.821565941325
-100517.57937652206 -2220.9549838405883 -2220.9549838405883 -57047.0899517416
-101916.1031563767 -2410.7737215469406 -2410.7737215469406 -57843.944509829635
-101407.50564566211 -2537.4079704413853 -2537.4079704413853 -57704.06375161687
-102820.0088289236 -2735.944306801354 -2735.944306801354 -58477.862973996795
-102805.14544998131 -2475.835404341927 -2475.835404341927 -58216.42637858622
-104403.08676148842 -2466.673389734072 -2466.673389734072 -58994.96406865988
-102799.95912114414 -2768.1363182305186 -2768.1363182305186 -58224.64632117756
-104387.0825905163 -2757.8706209976135 -2757.8706209976135 -59017.55531628845
-105284.41256351296 -1801.1218511563604 -1801.1218511563604 -59129.09904209569
-107716.59012966517 -1597.8415470810746 -1597.8415470810746 -60197.705855149135
-104528.03256185254 -2236.269330279311 -2236.269330279311 -58550.98236008929
-106934.69952928358 -2039.2792103981317 -2039.2792103981317 -59614.07724284217
-107987.84344471221 -580.8167169453127 -580.8167169453127 -59766.69210438289
-111216.23125567262 -97.54243248282347 -97.54243248282347 -61404.74259278559
-106181.35042947765 -1158.9645075051712 -1158.9645075051712 -58533.07148242866
-109429.86743204016 -717.0032306617594 -717.0032306617594 -60057.602017686244
-64525.43910515965 8270.764393631898 8270.764393631898 -62146.64377502086
-75511.74435980742 8366.208974851943 8366.208974851943 -66174.44162632544
-65001.52247136387 5907.453012870523 5907.453012870523 -63353.472187453146
-76408.42823425213 5757.05326473205 5757.05326473205 -67449.63662610874
-77031.63156478481 6852.482048609627 6852.482048609627 -58438.51832038569
-86241.0821094714 6546.4599834469145 6546.4599834469145 -62699.76025277697
-78456.9350976071 4634.54098413641 4634.54098413641 -59831.08427206466
-87864.87155332816 4160.730495793923 4160.730495793923 -64181.17457155243
-84759.86446686853 4660.505097777577 4660.505097777577 -56235.494809007476
-92104.02660618843 4349.258254014571 4349.258254014571 -59919.32313819693
-86377.47439120203 2857.6097845168406 2857.6097845168406 -57492.92281684622
-93749.3405847373 2425.8535362175908 2425.8535362175908 -61318.412913237386
-90034.98298799299 2583.1691981039594 2583.1691981039594 -55179.62708127689
-95852.21979614734 2305.3065659800463 2305.3065659800463 -58059.62346951805
-91354.68778332179 1150.4777165481646 1150.4777165481646 -56251.08927933755
-97188.72042624484 825.2530580943408 825.2530580943408 -59302.80020474824
-93599.81085593712 904.4807359896411 904.4807359896411 -54950.46036214956
-97919.60244872319 613.3576160781092 613.3576160781092 -57272.42748643987
-95047.33388524629 -123.15579550973328 -123.15579550973328 -55984.94550843724
-99340.18419476322 -496.5704318916501 -496.5704318916501 -58384.22888948648
-96639.17024898814 -386.9790491463375 -386.9790491463375 -55603.422585150416
-99812.54486774138 -646.0710035521688 -646.0710035521688 -57318.51438459634
-97826.20726282414 -1142.4215228375351 -1142.4215228375351 -56411.690616036736
-101021.62246266316 -1430.4831818270468 -1430.4831818270468 -58176.19956117412
-99538.54099071644 -1203.8437186439894 -1203.8437186439894 -56686.74842210245
-102149.95237061508 -1335.6333269735092 -1335.6333269735092 -58102.46070487795
-100222.11817521512 -1757.7485221183417 -1757.7485221183417 -57158.80639296409
-102845.13906020907 -1905.3965986936016 -1905.3965986936016 -58589.65765988588
-102427.33930750396 -1351.8778847477652 -1351.8778847477652 -57879.87967890785
-105250.19376959695 -1337.7723706979891 -1337.7723706979891 -59188.959784084866
-102454.25685496742 -1913.1483096025102 -1913.1483096025102 -57968.594723345224
-105285.41998236804 -1900.8640358042353 -1900.8640358042353 -59299.28455001292
-105691.02813936434 -909.1562777464449 -909.1562777464449 -58802.227339617384
-109103.05037568208 -693.2023091075489 -693.2023091075489 -60486.598948144216
-105123.43316571543 -1561.927204089976 -1561.927204089976 -58434.716683712635
-108504.71286173328 -1375.8769441360369 -1375.8769441360369 -60088.972844537784
-108496.63330506759 -146.35473761322146 -146.35473761322146 -59372.21923687567
-112678.98993175718 200.7272632265603 200.7272632265603 -61443.73739955403
-107240.13597957238 -855.7174471709845 -855.7174471709845 -58534.61216371858
-111388.08605448053 -528.3610865911162 -528.3610865911162 -60600.66291297978
-64609.61713379359 3935.150218406984 3935.150218406984 -63662.206126162986
-74579.56419198442 3967.922594911608 3967.922594911608 -67160.16888916025
-64635.91840152461 778.9255500083403 778.9255500083403 -63765.58719631527
-74715.18967338584 762.5137826529105 762.5137826529105 -67264.47349870071
-76360.5160580845 3391.6727592633624 3391.6727592633624 -59273.949872774436
-85074.8855308293 3195.761863682393 3195.761863682393 -63339.59784522915
-76943.6541109074 598.052675842364 598.052675842364 -59678.21088891409
-85612.0227283766 386.8859974613589 386.8859974613589 -63816.99863771716
-83743.59615182038 2404.8956240944426 2404.8956240944426 -56494.32132988402
-91181.35308277678 2251.804753792449 2251.804753792449 -60457.17156172804
-84475.68316733338 150.01407772358934 150.01407772358934 -56996.08780813562
-91893.52422962211 25.597128272625273 25.597128272625273 -61024.0568321393
-88895.41559891234 1437.2939723236434 1437.2939723236434 -55370.42177365983
-94972.75579594055 1310.553924423822 1310.553924423822 -58490.51568676411
-89488.50079501666 -187.96159421000078 -187.96159421000078 -55855.169465642895
-95597.082680727 -306.8500353200707 -306.8500353200707 -59020.34258146869
-93068.20179265471 726.7448048096201 726.7448048096201 -55149.84228869731
-97593.16941901277 621.5581796253974 621.5581796253974 -57585.83987937432
-93635.70734717311 -434.69582395049474 -434.69582395049474 -55625.81314178841
-98221.18524791302 -569.6325979897933 -569.6325979897933 -58087.07699850753
-95999.1821594114 222.2162049610074 222.2162049610074 -55687.5646483115
-99740.6347654727 138.53317134935827 138.53317134935827 -57703.51291002229
-96476.37118108568 -689.0901599925173 -689.0901599925173 -55978.62298682303
-100266.31634421344 -777.703468611321 -777.703468611321 -58026.002055666264
-99130.53081035773 -165.92631575039394 -165.92631575039394 -56715.15228007931
-102350.3681269242 -180.29790838357536 -180.29790838357536 -58450.89669391127
-99413.91918187849 -875.0720125833875 -875.0720125833875 -56838.480025818186
-102634.76035764717 -920.9813554052098 -920.9813554052098 -58607.40566281616
-102253.82890183719 -255.00407719958196 -255.00407719958196 -57753.33205591794
-105698.67578939466 -193.8732870558651 -193.8732870558651 -59433.67069700369
-102346.27017523936 -933.9992446618935 -933.9992446618935 -57884.119751237464
-105820.52075959767 -906.2684203880283 -906.2684203880283 -59515.552125904374
-105757.5653541525 -44.1114014490649 -44.1114014490649 -58605.47793622916
-109655.61951532373 63.827881236972985 63.827881236972985 -60598.743079818865
-105636.32791776086 -783.9078253576274 -783.9078253576274 -58522.328473036774
-109559.18762632256 -685.6523263731087 -685.6523263731087 -60528.869886774606
-108475.63392840582 208.69655871061735 208.69655871061735 -59047.89912449584
-113050.915275274 395.02997624025215 395.02997624025215 -61329.57297755164
-108056.17393823627 -560.3188994739032 -560.3188994739032 -58781.70417109568
-112647.39791670136 -411.4617861262924 -411.4617861262924 -61093.88265064879
D 640
14559828.72088305 -250098.77819046605 3818518.8566516633 5745584.203781829 -71077.22507586238 16344440.371206578
13036588.747492822 -241581.62506432552 3623265.918754173 5446015.097126323 -66833.16910246437 16171862.726143403
14545661.439446125 -481684.24670007604 3813849.2227409664 5742628.65237215 -204435.83256198413 16402228.471655529
13252077.74013831 -376512.92430043773 3634086.580062427 5469479.483612517 -140391.99250149287 16187606.830531292
13289059.577428028 -177941.16668092812 3729416.1148451413 5589027.459977994 -75435.62050234326 16444334.815652283
12587527.53433627 -128829.53426148569 3589396.0972368754 5370114.694130751 -177284.71627299523 15848051.666531015
13641066.11050174 -406801.9723496211 3762490.317346087 5650863.633357423 -222657.90140581425 16601419.349941686
12172680.989475802 -326199.4859394477 3556524.0266779647 5310343.009167982 -186164.94480988313 15790634.061381921
13190184.567908214 -115698.39841756839 3753259.486453707 5606763.644919262 -172609.7602616416 16373379.299322125
12388770.352626748 -136551.5217731896 3643751.7713955683 5423317.077971763 -163552.5552309325 15915031.889983196
12752916.360001776 -369882.2659863973 3699069.6362785916 5519509.962906788 -282518.63557948475 16257750.410768587
12273067.786791962 -277505.9247364406 3521822.553288381 5252582.387482903 -134458.31457045107 15298483.342068726
13070167.576655485 -124325.18700787777 3768374.8408447304 5609865.381733178 -141197.45461681538 16222893.23049124
12846150.271061862 -263284.2798179635 3717522.734748997 5535825.250217071 -168176.09848914668 16084851.401437316
12784301.392844208 -324642.124026388 3672358.7657464244 5475351.640793565 -225585.30568358963 15930838.123282846
12420305.317010606 -250294.7724279074 3663197.492430201 5428120.706384995 -104057.43712588343 15551763.693122776
12944294.739330867 -271068.59952063696 3740518.087654272 5574497.121067013 -123879.24036550526 16254249.444829544
13030586.310088009 -314641.6744689715 3758446.0984479995 5593925.328985039 -176018.48416119683 16162102.890081258
13029745.909482863 -274116.34463987505 3775547.7511894247 5612960.319967303 -119419.7760177055 16167409.476092363
12677725.906604212 -346531.24839740474 3749025.7236358332 5562805.18499997 -164301.9138627128 16099811.468317745
13332913.436114252 -321219.4128075476 3777691.1328710834 5634151.548856808 -200937.40286425134 16240912.023089355
12999722.320666965 -349467.2104420591 3736818.9628543104 5573241.510417062 -160265.92597858724 16255090.353831362
12928405.794060873 -329181.0897269335 3769004.9652168415 5595547.598516586 -174747.69345121438 16064435.702192048
12744846.67519643 -382075.5452382278 3721636.8146261135 5538551.865981491 -167590.0241990844 16150179.393054584
12618149.833620451 -249807.40575483502 3680190.9286131556 5482051.985039352 -143202.69448870156 16058689.01229508
13284033.749328002 -263256.64020021906 3797385.5777102453 5656919.172621867 -161941.31747099812 16311866.637733307
12725771.569517858 -348272.94651404 3682643.7752365186 5494547.415514075 -203584.5445988305 16147013.288281381
12995865.792857308 -196309.45611427847 3766282.4847703543 5608006.052660717 -151728.90811830672 16306040.26011211
12716063.905887377 -334533.1682661235 3656950.9029663955 5463694.76056826 -200117.35731557207 16104911.013525585
13504143.763317246 -325479.5503590492 3835583.369993356 5730985.192644066 -215655.6164352414 16732725.373533018
13314810.314777412 -90208.12173475392 3784795.208693098 5637701.576332284 -169008.25847700803 16173725.877953479
13813998.38551067 -126301.90580150188 3881990.119244119 5800714.396082608 -171282.68193596174 16796506.72151007
13305573.18439983 -358653.22078794945 3658205.392484306 5501779.784097843 -244835.0013215175 16249502.798772741
14098730.245884243 -265474.0286143103 3853815.2170301024 5770385.495133152 -61931.75666465537 16525044.70525725
14120641.966751104 -56994.917395840755 3852048.982274756 5773131.199596806 -56398.052161833046 16596903.393470889
14582233.472273866 -125296.08278866347 3932330.568455197 5894767.201234323 -9562.74148567442 16801837.88522857
14868517.355502954 -279672.46059817536 3867102.4361758414 5822834.627308472 -36841.373252260826 16511921.281292414
15199943.622421293 -270399.8682876261 3899002.1626510937 5876775.396815169 -91111.08819695693 16557516.557614882
14669868.097911363 -235894.1323484548 3851601.9554351578 5794396.38802102 -38160.54701658666 16482816.427823152
15164442.16356168 -248811.96070718422 3912859.0926039815 5893201.446460641 -71406.02115837004 16616686.562902858
14280326.868809953 -548448.385780695 3760100.1625047573 5669748.87360984 -240040.03604932514 16392446.60052151
13064745.833982186 -575828.1115140436 3635232.2729217624 5464819.745305093 -282798.6650696328 16256538.49536183
14104356.543039871 -740576.3984423166 3669786.4582902244 5548116.6573524885 -455591.3029681689 16122674.020162033
13126254.678001825 -749295.7828357368 3552256.737670356 5365746.57131756 -460087.1152644103 16039027.93773887
13543222.421606133 -557738.5783363095 3716870.9111122973 5594396.170142652 -217325.77225565616 16573540.559655117
12596747.421210054 -582815.9574390051 3574863.7016962036 5366908.383037426 -201461.92292212605 16094418.303591901
13353647.663303271 -638238.1475011352 3605053.5897623096 5448189.974723843 -264632.660492957 16298971.562552264
12568564.099240687 -751164.1536455526 3470439.2129347464 5244085.371557443 -278178.41626355913 15963479.93393037
13258300.595705023 -469361.582331098 3748582.1271949895 5609658.466189094 -149273.0645046839 16466061.392856145
12851297.571009481 -489451.4711918594 3720101.4662041804 5556016.607747465 -145320.77979944457 16426801.853665147
12316864.574227432 -658355.9261723019 3541999.3249533647 5313205.622552249 -211998.57902111826 16023262.165070323
12333187.441961257 -752796.1877418957 3506013.494241475 5268842.142343484 -213782.95751531638 15911358.109124793
13265897.140595328 -438927.6302626054 3785937.992814568 5641399.043641689 -150581.964390734 16271447.481359845
12914343.39791622 -445068.0534321145 3757272.3648334513 5592356.605105374 -80469.18441081727 16272792.525249751
12181686.873553924 -653045.9636285185 3588673.86940059 5359042.640806656 -207077.5597361204 16048340.348958423
11998459.547989003 -638232.1373120423 3566846.411932475 5314446.5190382 -162762.99924424692 15819849.335766122
13410832.2882894 -398229.8825099966 3901641.9603301887 5779813.869442532 -162024.6212868079 16349321.53617935
12926135.086335 -504372.79314350814 3819122.5817540754 5662170.843945695 -133336.3313016278 16296584.37520563
12211023.502645466 -484594.206447639 3620302.5847417098 5392793.208318182 -83958.37846473721 15998182.82940769
12080687.480429828 -608364.3028792364 3617530.957566552 5378475.465997961 -105166.22652323828 15903139.427303381
12958170.638993666 -330629.33037042624 3837494.8853117554 5680637.979174317 -113784.18037307732 16229700.804958714
13017563.421659932 -480342.6740179407 3883355.8360002716 5743293.9510858795 -78817.87614679542 16414486.83827058
12761049.673868474 -464366.03212307044 3754821.9421860757 5576810.607253892 -71827.89052265734 16169078.87765123
12288280.026608933 -505979.4289909236 3680525.4031008664 5465296.067413848 -1940.6215852072608 16046081.882410914
12772416.996211752 -403556.1262353246 3829981.4281023154 5655414.405959837 -112857.4717140646 16076279.288042894
12621313.328927107 -452298.6670361848 3857291.8020623364 5693165.740129792 -70567.39823009595 16381581.407414602
12455946.625443993 -554087.4822590811 3806323.510998025 5625897.460024082 -120806.58429132387 16322885.02031518
12282495.622362984 -528734.1495502834 3780873.6837708782 5591174.528319858 -91037.32272324657 16361773.440052453
12452423.21127461 -429894.7002853103 3717650.5711475853 5513594.464040079 -114833.29701173771 16031152.149100712
12458222.920589851 -393153.55728603154 3690113.5239477973 5479854.404136196 -93497.84645879743 15956367.183219992
12854941.788678003 -457486.6024007959 3804489.2926365975 5635040.65869754 -184701.9995238065 16147106.443622196
12764133.585341439 -376063.8201353241 3746611.7116502575 5561182.701470652 -114292.85638890752 16034062.383214403
12043837.875645319 -285736.34328118846 3572775.024582968 5318021.058044803 -131182.04114940786 15715532.354969122
12649382.371355789 -263996.5139405661 3673135.340417604 5459365.606134308 -215347.6431259563 15728951.824754108
13034323.84204887 -351510.7040520431 3814354.464422575 5665973.685401863 -169385.91421377388 16369351.16456031
13533245.4003362 -179349.05403000212 3912978.875117227 5811967.596214676 -76461.15490262279 16620570.938479297
11636742.213431306 -334868.90466819855 3442696.369824353 5134362.608679189 -317079.5860973328 15311189.524673915
13884058.535572985 -148077.540300841 3838054.2802063935 5752952.396961107 12678.304011821716 16737795.072124308
14041254.696533088 -52837.42474559539 3923780.371482884 5853544.975956978 -122313.7167758929 16706476.40337074
15682726.86070885 164030.3281957054 4112731.3244997626 6166753.034121952 58664.118236481176 17172244.22143813
14249072.653048618 -789550.0925165579 3596751.9452450187 5464789.664806709 -501912.29643368325 15918177.30167809
13760439.813521575 -874198.0187519849 3540474.8096022746 5374174.281314418 -574851.1062037399 15832599.297673764
14138193.32802855 -874969.0237262755 3461820.9313594247 5277518.021089037 -576498.0805664727 15252105.432887474
13491475.538684532 -883216.2782045109 3418708.3137805825 5183173.731006807 -602461.052034066 14960415.336307952
13688360.843805159 -746046.4536009945 3575271.957152168 5416712.600264338 -423189.01936112944 15989907.153446931
13617542.099721977 -886372.3208707072 3505729.3232563897 5330820.022454157 -513803.0070352549 15872812.097326342
13336572.596189035 -925533.8499165467 3390173.194689198 5160399.026389345 -601212.6083412236 15287597.076636417
13132304.76640157 -985802.532218502 3341777.8233600394 5081308.8601337345 -672919.6412896804 14974759.879854279
13640086.81654266 -856254.884300874 3602821.384060196 5455589.579000538 -479586.31041199586 16209633.610489504
14002125.48276016 -915629.9378530716 3533545.807005908 5388117.150510333 -528442.0123787659 16022209.096116113
12968230.041184234 -972399.7050338507 3295688.255837825 5015579.848981273 -674097.6146187471 14838224.507686667
13203680.239434661 -1092479.070657596 3332543.2882492035 5073497.854661513 -754229.807951412 14950323.957999228
14059452.712750154 -852142.8541813899 3605588.341874555 5478255.937241709 -419483.9634448188 16182721.694675555
14314747.461863142 -876392.4601509304 3591523.404254883 5466919.654025504 -436409.5690570367 16010129.91072756
13051275.149768185 -1168849.0082368064 3271031.698477948 4990846.015833145 -827692.4437853842 14802947.22455673
13327734.300036468 -1107645.5625005087 3277503.717556667 4999500.031636522 -760380.9362489536 14557183.969356649
14525368.191370329 -778477.2198246423 3700244.9598487844 5614343.261063032 -311338.4161347303 16356107.004467228
14463913.899756012 -821143.0871329441 3554688.665418424 5425308.068500503 -357056.64459640114 15839096.284911754
13331867.47713927 -1122262.394113302 3285157.098413178 5015910.005944814 -757043.0273090032 14712875.827374652
13206741.540520987 -1019595.7098357832 3220790.9905156954 4909639.33780449 -754036.5251440529 14128640.708628371
14464654.079016114 -861507.7087189355 3591499.918756149 5479446.1679651225 -345564.17680846056 16111269.900609832
14308323.807869304 -931251.3389454044 3605021.061227257 5492476.170734363 -363855.4080072814 16230735.427440887
13245681.468620602 -1060561.8544936825 3144113.1595519385 4817109.733392084 -719680.187308328 13926023.159432705
13470334.51993512 -1169701.1396914048 3146304.806625574 4841933.751383756 -707207.8302196763 14149634.18588351
14358563.514374567 -908650.0300828163 3580432.897217837 5462915.188641184 -322736.08671430656 16130216.0476996
14384246.081493694 -913936.7665790189 3580190.203690011 5464652.834867855 -463322.44151947426 16144625.683217365
13120857.63764284 -1126260.9324980492 3076843.4038330903 4742239.433039917 -642929.5800181722 14033374.565132486
12854534.340780016 -1206615.0004762309 2979143.818340944 4616687.784449886 -818282.9642392682 13938052.488929646
14389738.173176125 -866002.3112167994 3676967.9704847885 5587908.589434218 -344391.60651638656 16475137.573443843
14291850.576879987 -718055.2072224774 3711868.553728977 5597438.417679347 -260102.26802626485 15995808.895736042
12565669.699123578 -1073211.5142270892 2893549.6276920075 4479882.523009456 -838759.1247255788 13373888.279466223
13092565.46884495 -1187023.7139413788 2881159.2222391926 4503034.526504693 -730113.5155288979 13582620.63347626
14178893.198196558 -787012.0765194178 3681364.1389468373 5552445.489904747 -236350.18218915808 15880003.356176876
14260770.40375895 -714658.8654686507 3748903.374462749 5644634.238623947 -232645.31035702652 16156039.113825502
12602376.431339642 -1218604.0092462678 2820538.425453743 4381376.843185902 -905788.12548383 12973314.499085546
12285248.05492538 -1132350.839364418 2896187.3591730795 4447222.145525186 -874551.0951764962 12943071.625306759
13944296.723017594 -929455.9939204984 3499372.6726785805 5313347.6988087855 -561897.1124016916 15336457.543927977
13632398.34950557 -857095.2436449489 3338780.7694174126 5125094.345864888 -490756.1294693501 15416311.115233943
12261858.062517721 -931174.850655968 2793027.7369599873 4324642.870937644 -711653.7109937713 12784388.468543535
2357543.789652458 -535757.0932319488 521175.5367946465 786890.9660462658 -444799.0381993298 1914413.6433423439
14468682.021064522 -860819.1009602428 3444246.921011153 5242091.488276386 -617887.2031217603 14599715.06967124
14250958.820791867 -860114.2341203215 3426153.1103873486 5207413.201672452 -610809.4098394848 14521936.31002216
14474357.781792529 -751623.3835824635 3467411.39531528 5256990.828155756 -611006.5419660035 14382407.22968777
14132815.210894944 -862361.4248542999 3384314.379052591 5144950.469706292 -635340.3308625269 14311277.318948587
13966684.534876725 -864975.6646392245 3421924.3565659234 5202456.972830002 -591739.0708376186 14800118.590406412
14349930.511017503 -837358.8609280839 3458355.1985020125 5263513.863851448 -572815.7372797487 14836531.916616771
14143340.105341798 -883434.0729225408 3356718.2472408633 5107868.832845268 -660229.0499504604 14166234.704960277
14280263.339113317 -758167.5091449422 3452408.564639096 5228131.305064836 -585466.331764202 14329373.592763001
14450576.114857499 -750036.4955966307 3460062.1970483805 5262249.846975398 -515528.13173034886 14673051.678323835
14631922.233276589 -790923.1257250657 3505847.3533292743 5328318.81407044 -593447.5092481005 14805810.900189126
14239427.492751265 -803949.4576089237 3397294.96714485 5164862.036310124 -645769.6434461807 14317323.316812446
14634568.233202247 -838688.8820772013 3507704.9069338553 5326595.310882867 -650549.9091722363 14727829.55619272
14758156.80399411 -828458.0493349413 3526188.334307015 5352538.950678563 -663306.9555110212 14716478.367762975
15033265.782551402 -789363.5310414013 3526501.3371094256 5359984.924536913 -655129.2663223302 14583402.9052459
14679229.256322097 -876019.545248942 3442080.126531048 5238481.385282691 -711109.3941830392 14364635.309866184
14840584.243798064 -838318.6173611853 3476169.689909069 5284829.725632277 -715442.486301159 14380276.74469386
15094198.326055747 -796601.4451852049 3469545.9874550086 5279834.614933262 -731378.8449031417 14172481.911862724
15267106.694241012 -755352.3370983013 3527475.4195930897 5367308.555037276 -687637.5610261791 14474604.778131172
15028575.88655265 -803964.3556908668 3454936.934166623 5243672.8642062815 -753142.9108458749 13836268.533262331
15174036.736502409 -755608.651918174 3489952.5207263557 5299675.413899901 -725623.3943225676 14040515.729921963
15534083.874558205 -662726.1874251555 3524051.4097134727 5357896.7467212705 -676636.4459827543 14094719.93315492
15489747.708176676 -662758.6200807355 3553555.09774142 5396666.222155 -686134.5149742867 14265364.335845627
15423882.472025178 -649002.2361495841 3503773.396903415 5308434.983054572 -699590.5240844755 13661802.347999895
15427890.472065179 -661619.1352565325 3496177.8128600535 5307145.849190632 -735576.6864716044 13799114.227891084
15501848.37606076 -606734.326576868 3537378.053461936 5357963.174952296 -638082.2698606952 13835097.715213891
15515239.343026353 -608743.1596934177 3551301.464137211 5375343.34798421 -667422.9004425744 13862995.024601512
15341590.247665202 -638200.6179994104 3498231.714020217 5282826.000808804 -704614.4853937562 13353831.855430262
15401201.326941635 -618444.3518747172 3505198.9727082206 5294193.468180357 -682133.2305165547 13368290.258330945
15468474.543071685 -543795.9007451116 3521210.064419587 5325810.68467553 -535289.0076429045 13581117.462786239
15376306.071572863 -611089.6094839999 3512033.5143643664 5305661.1815030705 -618074.3133347742 13472179.793392552
15357494.662191255 -582163.2782558016 3466678.851140483 5243612.854765888 -585165.0295848075 13247827.374223167
15347976.331318365 -602238.2033354047 3474460.5196114834 5250482.527596202 -615687.7961476027 13223542.382924106
15499739.415911173 -348886.0162684478 3566399.3001059047 5390851.8820573315 -317924.78569537087 13856513.352396794
15228053.035490688 -412584.15449304576 3479393.889590921 5263024.067795192 -386502.9254199805 13485762.57616183
15416515.873199232 -422631.05145828065 3518430.3410835317 5319754.388161915 -395582.3385132358 13573103.995225154
15155291.196171185 -469947.6607022933 3444302.201827186 5214710.094078817 -461507.1272411354 13364261.9351207
15327230.93768468 -176551.29665559766 3720872.1204441153 5616941.027532409 -11498.363606852556 15152402.322634386
13465201.380347565 -114046.87807357509 3476691.1671443465 5253321.729652488 -19291.362039194402 15114027.056907592
15274327.408846863 -325001.9149989242 3668643.731738429 5543750.099073541 -231551.48726573354 14890511.898885308
12921876.520638132 -722303.7997373278 3220136.94147727 4894257.652448752 -540156.8470984321 14120263.445777154
14558832.218148448 -824904.653504817 3457654.0243273354 5249850.981364861 -679951.066575781 14369798.394684184
14410045.073480364 -855467.2491651042 3432407.9410545514 5213430.503994229 -734024.9734690648 14345589.545659285
14345155.375310507 -865231.0194275688 3397662.01966106 5165352.02133633 -713627.9071570013 14213319.987978498
14298801.56605556 -950347.8903560704 3359580.340629092 5116509.806527418 -766588.0612754317 14120626.472176947
14241386.337067062 -830459.5774274052 3423447.4262991613 5197728.294242091 -668021.4510204701 14397335.690931123
14822177.448163677 -855841.3406739335 3497684.2192096054 5327004.06908941 -679961.9579613693 14768850.469054356
14235894.885376144 -815248.3797841833 3374916.6303564915 5135730.6789207915 -695475.2342968262 14230552.480165575
14732969.476565918 -857369.5001816386 3464637.9646193697 5275176.548269239 -690261.9397566129 14548525.87531142
14663426.217740595 -873335.7612924579 3426775.98287609 5214266.645274014 -743717.9380096595 14232834.686865732
15004684.476452542 -803983.940161249 3487037.5400982406 5301013.359061915 -710036.2294165671 14300756.488794427
14645392.157213148 -812058.9374641642 3392210.734841494 5154368.691360997 -755063.5264034735 13813345.178417426
14953041.17624011 -805444.298425956 3455129.311799581 5248199.853398872 -716448.0338949264 13998110.720054694
15239101.27900444 -703797.8795538455 3493174.124054308 5304836.323536606 -674187.4079713185 14007794.123169519
15485629.232653398 -689194.7518831021 3524899.7802885957 5353277.876447701 -683574.3401446551 14032132.822102005
15217412.420308562 -674822.9686820233 3450964.8981063194 5236148.157882982 -695324.1460201847 13584322.560057415
15377761.47920176 -685366.7610243481 3468037.711298569 5274004.807476415 -738530.8596557117 13805504.706841113
15486476.111250013 -608101.1205614031 3526830.8786252677 5339297.947199192 -654617.9703321677 13709203.13447834
15492961.146007784 -605853.1553934558 3547327.1430292428 5367979.419079161 -684100.2997266253 13825429.64789763
15346615.155125795 -610877.5683759525 3505229.279181966 5290223.571922809 -679141.6265147342 13342811.586109933
15498685.071827987 -592635.0707043101 3530193.4076401135 5331506.890794952 -691956.6236206755 13467197.2428154
15528587.151770787 -504314.3855995712 3546439.105640649 5352298.44551827 -567890.0520801443 13495721.254030876
15512353.198786648 -542851.018364459 3556477.7820159276 5361909.339416214 -623256.3106489952 13483322.089935236
15396665.232182221 -530722.8467523784 3491572.425411206 5264762.903864101 -597833.4659591091 13083999.205797505
15419186.237979794 -540713.7073978299 3541652.050721709 5330137.030623324 -597926.3311284275 13267208.754362455
15509071.308977546 -415852.6939417716 3526727.2177466196 5326636.391332542 -416783.9472600336 13435657.614662679
15369198.952086845 -452658.9743920583 3502841.3535530656 5288643.499282531 -439463.23415533 13341161.088163616
15529903.12140651 -420391.50222553406 3508889.7102717417 5292902.660105255 -422187.4417444206 13132576.28575164
15536245.817032222 -447298.09280699666 3513714.591763144 5299106.703450025 -463654.7516844925 13144166.971176317
15626512.83063516 -330930.6543392727 3595916.3892608522 5411118.231794045 -267631.0367534713 13485691.080468234
15452481.991820296 -319164.1840156776 3576171.484523026 5380745.913683009 -239119.57781743593 13486663.3666154
15590609.839200418 -322282.487575845 3582903.5230586766 5395318.885410225 -274523.83743493224 13491890.182406956
15475865.261878356 -327977.37252208753 3575339.872849613 5378836.51908872 -266606.4296847742 13443387.56766572
15393434.27344967 -112860.03649164943 3569800.775836771 5375349.681927525 27719.434693403688 13577942.098933553
15080737.25539887 -156492.42693268054 3459153.960347382 5216299.643154275 27634.54022073769 13143868.356589122
15439009.949426612 -239269.96526608997 3601659.589942293 5418267.494780158 -105800.92228380598 13689828.824846298
15132940.141779654 -243298.22106504493 3504536.3286013375 5277371.47734517 -121714.60572339612 13314689.955112265
14902594.484542532 49501.362837092434 3527348.2242303067 5350806.279937613 270070.0529929982 14511870.044028219
13645648.166264031 95479.43259884644 3298737.685231919 5018013.338068159 267693.043214559 14142389.37609604
15248144.80138802 -256894.5094085361 3673533.1864241553 5538331.298541666 -51561.75116580726 14700750.801982274
13322454.345954323 -302186.88611521287 3307262.0757867764 5013732.72172397 -143726.83803969325 14192434.288794953
14277371.883321244 -961169.9824101034 3365206.890947587 5125453.346239398 -776263.63282921 14197142.917009022
14543552.733802946 -967396.3563237062 3339440.968932265 5103121.036683604 -817536.8056107741 14051165.942423569
14252323.789663356 -1037049.7134112915 3289749.00670789 5032121.551729819 -838664.3797709092 14015628.490710758
14502340.099637823 -965068.763159839 3324164.1061889897 5084455.297243708 -797954.7081786353 14055154.80240849
14370466.015291158 -877839.2600759278 3381066.311383051 5136453.44929939 -731038.3720106921 13975143.823785536
14946441.069968104 -781563.5009098628 3479953.2430065144 5284207.607009925 -676280.0118988734 14178739.376872368
14478777.96164437 -859317.631840202 3345259.441916387 5089412.863441234 -788555.9480578104 13713771.254622305
14822110.047538472 -813872.8121771778 3424777.3378954483 5199271.733388023 -763288.3741732385 13818222.902830746
14989605.33091843 -738838.0785265582 3430722.090750805 5205590.570207234 -712937.4465495307 13646319.650887877
15418764.196628489 -652392.487538355 3496717.0167319085 5316121.271039278 -650491.2745527413 13975886.503430806
14947574.145103343 -695977.1137803406 3424225.2125031454 5184935.930937481 -721223.1798669575 13418189.442086207
15453722.274064936 -633222.4912890331 3483272.296789423 5286050.221353331 -665662.9682195778 13635291.227053743
15419168.483125351 -639047.135403451 3520911.2357547367 5322340.538598776 -714647.722053789 13567594.665922483
15460038.887709249 -618833.8180824652 3521413.2338304487 5325146.273702794 -693704.6777471799 13571794.975405004
15347059.667587955 -603727.3791145813 3487623.0755698755 5274159.731344395 -660088.4319598041 13408426.76861456
15314468.531295076 -615466.8425187183 3501796.1450998816 5288209.2290712735 -671441.1181595633 13410200.32777886
15397036.206657182 -506199.5043013774 3524653.5254484983 5317257.2821446555 -578709.9500151667 13405731.359340927
15438763.03237409 -514277.44744083995 3524844.403134182 5322016.934414703 -587554.3360858918 13454998.314921444
15302133.483631203 -499991.0849056263 3476114.6776529425 5243980.38913369 -573893.3724878936 13102950.886476934
15354220.219800461 -513299.0279247091 3485909.2198233083 5259195.741250395 -560179.6883937547 13139691.323700462
15578425.10041929 -382325.1480256425 3536008.2493229494 5323120.333927549 -390933.73394144524 13091799.887447888
15513087.469787695 -384580.1347062323 3505349.2855141717 5283416.337326504 -404766.9761023601 13037554.744344512
15493757.334833374 -388625.86570400343 3491653.910547751 5254452.753481002 -384024.1400700997 12778911.446633227
15525602.80736183 -385878.98785339907 3503033.032132488 5269466.200406633 -389078.0319535713 12796994.178608311
15599949.117697429 -311310.1182660505 3585043.6474896474 5386557.033574773 -255998.121270894 13260231.158726178
15579924.263650922 -324023.319868374 3573329.572817818 5368643.784195432 -275994.5575137271 13179700.64863059
15585877.414140422 -313972.3887200564 3577375.2578841965 5372511.559499824 -269574.50972140126 13162097.912324348
15568543.82290478 -314894.6555881647 3569836.354400397 5364269.990299406 -258811.097145187 13180455.915295143
15524467.893093375 -190227.6098490387 3542463.1480284906 5329340.5761634335 -49993.22151319379 13128154.193795081
15338736.536237137 -205196.81591615325 3502150.061703023 5267461.746532429 -52848.584077806685 12963196.726112947
15622824.92262819 -245892.4359681559 3593756.6171633257 5392287.509147071 -122388.44934325977 13160279.482664354
15438042.23068773 -269493.6040083312 3557116.6302515347 5338973.7336650975 -123495.35556549096 13084866.309257505
15249086.00032704 -84029.03014358878 3509591.7003319263 5305115.324453609 123800.89966326469 13642202.789122315
14830130.660959193 19522.604838916726 3370531.6567046926 5110727.711062535 240281.7821841182 13232726.431431586
15357303.148242835 -204696.45538049206 3590522.525442348 5399632.506881824 -70676.94017532525 13643851.262441458
15113772.926778087 -166724.99244020047 3480345.4359263433 5250040.500058688 4604.527150164479 13319437.167690549
15090361.711700963 -112181.48046070116 3609425.8820381514 5462012.564400776 121431.1911527696 14742519.707288379
14004920.751477359 48562.53188330938 3376329.409052936 5135813.132792759 255389.27647767257 14432094.775175095
15200502.218402522 -238075.11291477672 3661004.035704469 5521395.188513241 -42465.11008005213 14685312.607519373
14406369.795800129 -278667.3035820719 3425611.9120636857 5197525.693332666 -123659.63552971178 14180681.920399996
14314479.577817068 -1020442.2442576397 3295069.773278757 5033640.797126312 -824660.7809600579 13866800.849375924
14394229.595690684 -1029888.4539230523 3315873.760921004 5055425.33966436 -913732.1458602448 13765053.818079865
14266891.911184384 -1051837.819885413 3262779.3393842233 4983456.526529245 -921016.2874723997 13621092.773068424
14431156.296534507 -983417.1090028671 3324943.3031879715 5062083.598563122 -868163.7537295639 13661762.607997032
14758007.854641756 -812218.5305269957 3379410.0298622274 5140896.011828557 -770447.7590392241 13712891.354881098
14930821.019842105 -768328.1359926058 3420457.7827544627 5196004.308456729 -722162.0047318416 13739193.60739577
14494336.167553917 -771276.6888609545 3367049.7662972757 5100606.897622479 -735782.4760319107 13442706.46825602
15006599.55299473 -706264.2562626982 3441352.6090733428 5214797.964838421 -693946.5710836044 13579601.935612999
15288674.623835083 -615694.3559192374 3481012.476252308 5275863.1838267585 -652334.9620848246 13646314.120630695
15425553.709233906 -631801.7009922976 3533876.373279016 5348393.583439379 -664565.9943650687 13797037.29887333
15234534.264139906 -617927.9963758052 3468676.2819096604 5254801.809430227 -634575.7953658185 13550623.24764384
15359195.142499393 -601955.7697421636 3497841.5741762645 5294720.310445882 -625205.7277218895 13582695.954375379
15351173.67569135 -532046.1653146181 3486453.412790814 5271668.270312625 -585042.4628218899 13380216.206900004
15370815.665135197 -529707.5638487192 3509059.117552737 5300885.536119305 -587579.3186847005 13447593.970002685
15310063.538850414 -516595.34374961664 3460812.593999366 5228588.91435732 -557101.1632989382 13123837.196894929
15367228.571833564 -501259.3543273655 3496984.372274946 5280291.631044922 -534121.4906288213 13304947.400226856
15503548.103891263 -393583.6990121517 3502145.301328426 5274790.592067064 -394594.4916662853 12945066.791796885
15489706.260151854 -398063.80927190004 3493812.5963591402 5264868.578375926 -406083.3046713822 12943787.87671099
15467966.046856457 -344169.1163482579 3485176.6505570915 5246741.602291816 -339704.8736146383 12792979.355796544
15535478.926384754 -387450.8718612723 3499930.374954052 5269141.731152916 -386147.5376688849 12848887.12612739
15546709.95908102 -327585.88416499604 3552172.7545575355 5338908.7994081685 -280897.29699751956 13083665.18263399
15547357.111874001 -326320.198381602 3552026.239045208 5338751.137071855 -279821.3122302792 13083088.11733567
15540092.823225653 -332971.2724058139 3544574.4557548296 5325514.943675689 -307907.770662125 12989567.77875181
15541367.79880364 -331852.38791455794 3546180.8335047057 5329821.953303641 -307184.97009112535 13039092.671190972
15566139.417588603 -223789.15179641548 3552299.1613812884 5336263.013975635 -91030.27806424403 13008539.083337609
15531947.402031748 -216362.78106645014 3542429.6860249266 5321059.446359047 -82656.6045293096 12955788.155242126
15586125.984003004 -236231.60955301725 3567837.5962709617 5355626.0880573895 -106138.1441520187 13033968.412217742
15557398.967505526 -234687.72804335807 3565630.808905588 5347996.341254561 -114324.93585608756 12958649.802736009
15431848.725149455 -107414.1604250891 3527539.2007081863 5309380.082604611 74318.25568421904 13149890.263522662
15274281.865312565 -138165.93888486148 3486549.7182635013 5246867.667485841 86089.677284268 12958977.275195409
15438656.397375017 -150593.6709410988 3504396.7285574237 5276210.408404094 3175.738823617313 12988823.521363422
15262444.414879438 -191815.70614222117 3485015.656901186 5244077.93534201 -9470.328545898628 12948769.572615603
15273485.218651278 -66124.76553103274 3521587.39920222 5330251.15094388 168941.07401888748 13856614.603574125
14894198.882829694 63736.93164301098 3424863.710435409 5185440.818609186 281323.0226752873 13467615.1989935
15246392.37759649 -124475.65907077238 3498577.37692138 5286533.622338836 62723.98992080269 13515577.47288396
15074370.009893078 -145112.29316295957 3465344.952684158 5234815.079445984 62427.20859207946 13384342.327614723
15024484.264842639 -127873.66253173712 3589116.1994667468 5435475.081090564 126807.29820789346 14724460.63826673
14709979.0991285 13459.2355189648 3461467.1454478265 5260422.273090688 199722.508723244 14346188.918382285
15170117.475103544 -262508.5807782159 3636578.1907254574 5483155.977986494 -109729.65890997583 14488281.85928783
15037120.304054087 -176869.51715383795 3538768.8117080852 5357436.677481093 -7737.857633939499 14258699.28729622
14259788.39655419 -989265.3140527286 3291667.6774478853 5008230.91387931 -813094.1917548572 13488140.578419944
14471038.045543639 -924908.0080660444 3337729.226117705 5078075.8025153745 -803278.9461846414 13660434.675578255
14170511.380363563 -911404.4967842229 3282987.8559971796 4994528.002818785 -799582.1043279205 13494315.483460393
14526577.84850044 -921534.8147852846 3349277.6886292007 5092511.586780589 -837099.379242529 13639544.365013665
14804381.981552936 -646251.914441921 3435066.323246253 5195895.835420352 -639838.9033662532 13542075.154396065
15382517.156339586 -621003.7844854114 3502894.1804390233 5308662.103588505 -641008.9821912617 13727052.556358876
14703058.196917314 -631367.2740291214 3439930.2261006744 5197666.781898876 -650624.3116697754 13571812.045331461
15141617.329461263 -614289.1160284874 3478456.968435501 5269724.621374191 -630817.2875544144 13726821.344387772
15278659.330779815 -566065.6213947375 3471081.256558265 5258261.02265186 -584192.0344802925 13522772.958397537
15354462.36985512 -541460.8888892247 3480868.686892462 5271272.2382345395 -574855.0967868681 13491870.856516836
15364231.303336533 -539300.0866013089 3465728.5258564753 5239542.891289123 -533418.2960189291 13180598.342288358
15386960.059546713 -512133.3968452726 3491736.6801397908 5276812.6490849415 -546557.982522918 13331085.589269327
15337136.033397479 -447277.61125907785 3473993.5333418692 5236217.967068701 -452032.7316490578 12959365.19474733
15368499.852727467 -444916.5342243372 3493811.723634809 5263891.693285096 -430312.05905758747 13045475.702274548
15332909.759615162 -451954.9940157722 3471480.224750163 5225165.740904436 -445523.58403580927 12797839.757205628
15429072.62082822 -419174.23470619816 3494372.1588849104 5259987.177317695 -404545.1616405854 12894483.063327875
15539419.471471008 -334875.35754237603 3538064.4670116333 5316825.030789287 -309917.6507314417 12959662.594418334
15535977.808204684 -332432.33395808993 3541499.5749884252 5321937.683769796 -301362.6332388946 12989784.938305818
15540459.248002509 -336930.094514212 3541523.3035984174 5325401.125833793 -310321.5626801385 13054050.317540985
15535606.605017519 -339879.8576377143 3541112.4385198876 5319190.1433518 -323609.08581187343 12943722.34424283
15586627.14134831 -261003.96514974412 3575440.745544612 5359766.8069672 -183057.4346811669 12949012.332823401
15593844.720599275 -258586.85469389052 3582345.339564914 5368556.126027032 -173152.74770726057 12965680.07888776
15582304.42239925 -267308.82812830305 3567029.257574426 5348892.307484646 -197124.93849407608 12920897.79523493
15571511.527878543 -272361.3876348311 3554216.9113681065 5331936.188986472 -188188.9117282995 12874439.936896367
15448611.803533353 -157195.10703311107 3500369.697408456 5266784.265364473 1968.4173008560826 12878939.875354148
15459018.446048722 -157778.79538419857 3499715.634029618 5268018.05488814 3744.5094788684505 12907598.456854096
15466242.843967583 -170511.35083920017 3512394.662365662 5279709.599636223 -31482.917441074635 12855266.295896716
15459793.8232697 -154418.52946546214 3496022.9998542145 5261084.397456826 -5931.008336481559 12849387.88012613
15409406.565589698 -70128.05806309188 3492151.6226560865 5262993.113216125 166271.183090196 13023119.674045328
15135201.98402535 -77467.7708035333 3457400.6490282062 5207585.404819332 161944.79236627053 12953691.485319732
15402414.431046383 -121331.06583463917 3515906.9414954223 5293041.954274167 70464.49260953013 13108471.618030798
15275333.038421208 -137811.9864277717 3491606.965657938 5257453.435389723 65988.40946986234 13058382.15451458
15281068.061048783 -91355.0060372059 3531806.643429316 5341929.143642655 136139.12083251166 13857768.196788669
15020646.80169762 43008.33722948895 3444156.8998982394 5216606.184486037 251075.99550282367 13540024.423498897
15249252.1502139 -125567.37410655133 3500481.0348385405 5290942.72850814 70466.92797730761 13559019.317641972
15068385.267003102 -136327.21392173498 3469799.7069210922 5241166.921142847 80433.01385322669 13419359.234131908
15063432.800057236 -136847.48224725225 3573460.6360552865 5412056.592417906 127394.0504151689 14561564.619018171
15029146.420929646 -133618.72649785553 3559406.4576540217 5388028.644195471 61259.74861502021 14424484.102513397
15120435.868682757 -230425.85388508422 3589389.3105750354 5418837.615983823 -32351.206123605705 14289751.537933126
15094204.56291694 -205279.13841664285 3573687.9976772545 5397499.572945492 -27692.085609043304 14234650.868448028
14175305.86878406 -849823.4085966202 3308841.2584825447 5019110.283194969 -806162.5275924014 13412391.744033596
14632251.383462997 -879517.9956591608 3389597.718021112 5141636.767261035 -828967.4855066009 13629333.828460267
13930501.733093776 -846571.0704640833 3286133.8005960095 4974572.980626569 -831874.1570680166 13266013.846718535
14502266.678455032 -855862.8343887595 3341885.180519867 5075344.282485762 -800143.3045284764 13483144.696371825
14941629.860464392 -617770.6827578524 3442456.552283657 5212712.67093583 -629675.4655618028 13578578.95556257
15190493.489959557 -575504.3744276763 3479283.4337705653 5270092.293925991 -599869.7316114396 13667116.427705474
14926251.60366319 -576781.9683175788 3429506.570986286 5196895.316083662 -602346.2340147838 13562509.657985471
15117317.876533309 -576301.5668082441 3466691.42124334 5252584.799656831 -593234.5176173331 13667166.330871085
15228151.292630212 -507972.83422232175 3456719.5279864776 5220191.631972407 -496308.7246624985 13127851.385852415
15338906.128607757 -470301.4808761123 3481245.777821847 5256125.54730126 -480886.1885493597 13196197.380403502
15194085.337685738 -473602.28120138124 3441398.9317347268 5197288.634820311 -457306.8030239665 13040910.52775538
15287236.981067356 -438928.432437922 3470420.340107515 5238298.748830135 -429696.7015549713 13129490.14667524
15393661.892757468 -386302.9136329525 3514343.9043979053 5282668.147405956 -380906.24414225895 12944134.780740242
15469599.665296191 -367394.15699415834 3540988.4557784633 5324339.440391946 -329040.3156151772 13115442.7644358
15409931.252856918 -344779.5054086725 3547044.6238947604 5330903.16610056 -312930.58742839226 13173150.012462597
15400192.290270757 -338581.5778936151 3547030.0239980347 5336051.561337326 -312246.89306559187 13286178.125102742
15505472.857266687 -295173.5204441622 3549040.8879404794 5327040.72804433 -215447.5052771173 12956441.902197236
15502092.548098125 -297370.9022442223 3549168.1434623683 5325116.645514947 -219548.83650963655 12918540.946080979
15473922.305020617 -284351.42078760156 3546110.5179953454 5325926.347266705 -210066.32894287 13030172.950822284
15507263.132842213 -298695.5621251812 3550612.2105125193 5332844.077628839 -214609.38941729147 13036149.50994485
15489943.296436641 -187164.65012768866 3518372.671864446 5291002.661291016 -58112.51532818325 12925910.891700428
15487263.49650347 -182412.9910888954 3510925.5831600996 5279455.895039561 -42683.1966793977 12861491.328996457
15543906.928906113 -223582.89474895812 3547103.508771161 5327238.772707298 -91568.54539866623 12964591.05996218
15526465.39265116 -210958.5786281405 3537204.485562136 5316817.570446233 -79943.16523668895 12991387.071823705
15380169.634817379 -113797.37999208682 3500571.9506815593 5265280.989050924 28888.37633819367 12912866.972267874
15353923.109976161 -117140.49722224359 3469251.341526251 5225258.633126223 34843.10455914871 12827719.79916119
15455785.61109817 -134346.4715283231 3510313.70500131 5280746.140826584 14045.797384080988 12932235.438786374
15371101.421035605 -127316.072472705 3486832.807150629 5250135.055013356 1657.398559576894 12921277.678614844
15244206.592181114 -115014.10059144848 3469569.34552233 5226920.447660444 160494.52729166643 12963676.396893956
14995978.22528429 -5266.120495542245 3398607.0599868516 5128928.5160936015 218144.27608349622 12813236.443188969
15280786.56592278 -128799.15677983231 3491291.908477657 5260158.119746237 128435.7727095673 13113953.491168983
15149093.956807738 -83626.5784770707 3473053.415500632 5234745.629095017 139023.29570571845 13138643.188303404
15284276.064543149 -96552.41301783298 3529944.331138936 5334286.492274898 132566.6024681889 13742678.0790353
15020001.55786497 5255.847021784617 3428197.3074070746 5187844.738007151 247016.8609822312 13316551.829608118
15235565.865740092 -107743.14699540286 3492005.3344929735 5279817.778488379 106824.00069630276 13536672.056070374
15056476.426064875 -137376.1094069607 3463590.596244366 5228576.817959436 88150.18256427051 13316066.489680545
15051517.12168445 -167744.40352809353 3579430.6366544343 5412629.542525837 68069.10777058853 14453599.248516865
15023482.178186858 -154334.96670356553 3529403.57118909 5339566.0237768665 70030.12801399213 14120959.350957174
15161213.48202904 -215401.11923356238 3569439.3418231597 5391445.646670185 -19992.596722964645 14140033.614645762
15031357.635912647 -205032.42212780262 3528642.1466446863 5331769.5524436645 -31822.321747849965 13973905.985406231
13853732.504571794 -832597.649311451 3281752.5074136527 4965447.580253001 -817288.9712929154 13256663.52601434
14417908.015582288 -807290.1400154142 3346705.5041829157 5074558.545078026 -775770.0513717264 13445741.39879644
14015858.990257349 -755224.3748907349 3316372.6439014976 5020045.475299636 -754169.1632736783 13424851.960007329
14525186.71867253 -715109.8721017281 3401378.563555833 5149381.354728892 -667345.3751262854 13632111.621538443
14846704.835408669 -597872.6740013313 3417861.847744185 5175255.689652671 -631061.0732197877 13465447.749104055
15029628.805897092 -549881.2442835701 3468515.975924489 5244521.135849254 -597670.2834990826 13553441.929200077
14892251.843602473 -549090.6354928537 3420894.014445391 5180179.053096129 -590720.3929710549 13451660.383193823
15183991.047926407 -478938.38040289585 3466992.634565682 5249033.072100562 -517316.4379503705 13522831.886382759
15125400.291701451 -473312.6243879733 3417890.4743649377 5167116.407067546 -451634.77829185285 13023337.06326814
15246470.831780128 -465572.222026361 3459001.427028945 5225525.856270039 -467813.2151724341 13166014.570698923
15181166.804117566 -462958.0447082529 3448354.421380974 5216760.679818362 -435610.5909188392 13290249.180609727
15278966.24115548 -444665.55906038266 3494719.819649282 5279596.421187967 -406444.55251746206 13429125.853194952
15447517.156517714 -317588.5674139197 3556297.3686025976 5350493.632699885 -260516.1159272005 13323813.099460308
15449117.851130055 -315135.41872359347 3571339.492925155 5370617.149163709 -245995.40697277684 13393756.002348898
15466238.108086966 -305648.3303640628 3571361.5661735823 5372560.866757313 -230315.70859293162 13415024.50900759
15456731.452714624 -316609.7385280365 3575328.442911153 5376871.177096386 -238122.87656188608 13423466.120359927
15380901.266633837 -291678.40702449816 3521421.705570014 5287999.838676924 -173319.72601332236 12907817.759231819
15447915.95304272 -267461.3167495809 3567335.487943631 5349982.842844606 -173956.9215682651 13070359.932667268
15430325.917418862 -283502.9424465412 3562895.796396185 5345889.776258868 -154393.4156075946 13103761.854376217
15438713.438725658 -281606.86121505604 3574365.152531644 5362848.751712907 -147053.83123446113 13182227.988874605
15435716.619218288 -143839.09481474158 3495851.6025001523 5261513.55926293 -15489.347161724441 12885819.059463643
15430584.835986963 -147388.05448442488 3486392.511861675 5249247.100432069 -18964.727106386195 12853721.67049878
15494646.869289402 -171333.9141686658 3531948.5194811914 5309791.070217147 -54387.79956068067 12998306.874706862
15463621.124552049 -158779.58300965084 3508981.28786872 5278528.583959543 -23295.468899054074 12909361.989742156
15272961.821983572 -122485.01147761563 3474789.3766594594 5229997.327111382 51644.111488436 12881618.164345732
15250435.347322064 -134591.06847997528 3473995.6103038997 5227914.019349556 59533.16618909851 12879941.37375798
15379961.9074224 -119330.37156081753 3494434.370065571 5259493.802773618 28086.324923622768 12932357.751467817
15198484.689475613 -162865.07395636843 3454678.87027638 5203419.071226039 40384.82873547612 12866961.353799522
15245983.258185793 -109395.70839691092 3468360.4166669375 5229335.154927058 157858.7010738981 13036790.309216108
15035711.56897498 -29693.241629290733 3423511.0054133222 5163037.136341576 196147.17194352607 12907788.725000994
15307672.760267086 -121609.39948646349 3496469.7050152957 5270219.864700571 134123.06632012356 13174390.689441632
15150033.050264927 -73948.41547628833 3461299.096250903 5219383.567456157 161430.17533338064 13089057.898672258
15259159.35428867 -73139.52726499726 3507733.51955876 5300379.368763489 151588.3731843657 13578290.179718792
15247910.947115894 -89516.59146909056 3488704.926299258 5272494.829067062 141040.53112185042 13450476.797792235
15229874.49414328 -107061.65114259737 3491571.3376534414 5275118.676931846 102099.5249095989 13457929.279668994
15124661.697586235 -115060.16809158926 3465784.487188592 5231042.115400926 70310.30842793695 13248921.603192575
15338063.161884552 -151039.98543684225 3576318.083487145 5411692.748040164 54933.455949837175 14216793.659422945
15126576.38366553 -208552.81752224456 3556642.0311252144 5371927.650612087 -4656.827037109926 14065851.371351264
15301895.763880875 -221185.17728729645 3573151.735854698 5393919.308547011 -70585.8254486707 13967151.922730772
15151141.634551741 -220645.88071440248 3548783.723942192 5357337.347532735 -39911.683687209435 13922363.184996083
14350331.674904112 -765114.6792474311 3322105.2906639106 5047133.989661119 -768291.8609609314 13506031.20632535
14508704.736746818 -644583.1711177167 3430961.4798977333 5189860.214559892 -634670.8223849155 13807346.617538337
14295464.875872813 -747153.985506474 3343084.616693608 5067215.281861145 -727613.0736230923 13500978.809953678
14541497.164581886 -643936.5230509569 3430196.663285498 5194322.364872775 -634228.523309303 13880623.0300847
14919353.09624356 -538761.5772863734 3410275.1519869496 5164030.229113121 -532016.4166982583 13335197.618268402
15035118.998057615 -475284.9406393898 3433021.8534473106 5197010.925759072 -467036.520835799 13378618.293034233
15030644.307863485 -519072.218447692 3432763.032526821 5192691.305243683 -516151.8961672798 13302394.58318759
15144829.073218819 -471718.4355151581 3457099.9061938017 5235134.290824721 -448316.91443491756 13501658.432091204
15136979.97708467 -417500.7310437751 3442074.74835056 5201634.060916231 -364980.81453177094 13170056.49221361
15217916.730220132 -416928.1531716094 3484019.547028852 5266921.338251209 -377883.7099611844 13472079.721727401
15150206.164852154 -431661.1767526919 3453097.570274595 5224316.319628651 -385640.7254999538 13367973.407929063
15227137.109668873 -420349.9072645147 3489144.9757182854 5273953.213348466 -374428.42046545673 13490737.432006564
15263730.021699326 -362403.5295536799 3505445.269455738 5279734.329407585 -274771.2874861216 13211160.342798073
15300233.187141126 -367731.5097828857 3527377.794103644 5310975.894436643 -244176.3107944663 13316972.975574944
15296968.452881198 -338963.0792246539 3518121.300969195 5295101.376656851 -236448.84631028448 13206390.219593156
15433893.616860386 -331852.41929491167 3544545.197953119 5333532.895690583 -217336.3285657472 13256769.672517492
15453918.037373608 -276543.40361123893 3566244.319233375 5350796.461778556 -139215.85226366454 13104635.961986102
15450831.626191022 -279259.9313224305 3566527.863876747 5351150.949358208 -141576.84398004806 13108574.149999036
15461697.336232902 -278911.6255088214 3566084.6154082315 5350881.804176636 -140535.7540765801 13102076.979938973
15458616.915272143 -281638.92558088584 3566389.3627189063 5351263.676344013 -142957.032588866 13106090.431389924
15249891.77183037 -202062.62939961115 3484231.3872876614 5241238.658115884 -29680.009071532277 12921790.643563386
15227577.38073236 -197499.84096117795 3481665.784370812 5237223.64485645 -30289.36081881221 12920248.038806513
15294070.058778008 -201198.9690392137 3504834.834165172 5269255.091467837 -47119.42624475899 12984665.193116596
15282542.226130994 -196022.80377430073 3499498.121231115 5262541.577343473 -44256.65743994909 12979330.41950152
15268387.177969493 -140788.18385283262 3482039.4280287926 5239599.169989745 72167.86174204086 12918728.504998354
15277855.99768602 -135184.05363628743 3491358.5203233645 5256754.0542386 106167.07753265118 13047337.337814707
15273922.604364581 -140597.27323300604 3479694.465238901 5237795.171099526 62830.031076099825 12928702.286567226
15284023.317260275 -135039.47473889028 3489664.63911799 5255478.525929425 89865.76274902678 13052924.846621836
15207008.526771825 -107988.77196895366 3483731.6819209056 5249400.620020336 125426.58824387053 13138906.515462022
15115430.527040552 -55396.548762286475 3439887.4035480223 5189668.542503379 171728.15285054257 13000417.143839855
15235096.618269464 -111411.48746608685 3490468.5161036463 5263320.92950664 121620.05423546676 13241014.30717484
15183693.02760468 -91221.55866753237 3482003.7956757573 5252238.407878695 125709.49201480315 13256991.342214664
15230281.33098445 -91272.90534648696 3505264.2146835 5287350.1331992885 127439.96923958829 13400908.287084673
15230126.842959445 -98717.31731392683 3480933.730287262 5254108.541198718 86952.40033892785 13271501.5984439
15208881.59875522 -114328.66798095909 3467964.9959808737 5232875.286925268 72829.7058894979 13153393.900176017
15141594.571262237 -126055.36020662548 3452884.650264607 5210008.249713955 58817.7515077471 13095107.841226725
15282740.406775704 -165297.6042373996 3541159.8729413413 5344717.631938959 -6130.657564270098 13706094.845374199
15274088.313142575 -194802.45616095702 3570928.346360083 5378965.882858609 -54855.04815164342 13744805.48611101
15193967.933567602 -176509.0724934733 3516145.9713554904 5301010.819592662 -25320.192411560893 13471036.856853295
15227601.750277847 -202795.62399007275 3545125.494823697 5342596.17375201 -70914.83241573635 13631560.610945163
14269332.852088787 -747677.853839746 3351915.5568405017 5086007.772550897 -698761.6843152923 13708679.95974091
14642237.629686002 -598708.5172746765 3410737.2873180564 5179596.870696727 -574036.3347902172 13913479.010456135
14365097.770334423 -754477.7010786058 3389592.8882089015 5146328.302089591 -646732.5041393688 13990424.315664409
14808201.471321166 -571343.1124791058 3476853.4039725373 5271947.348292291 -556213.4206075226 14139970.22376983
14946697.58671955 -486171.3749090862 3425839.9009843236 5183522.304930376 -487068.86120661197 13355270.238649499
15011997.12918724 -412190.0355506632 3428085.6397777926 5191619.102374208 -404255.9370860738 13402500.517271148
14960502.733576974 -457739.68263417063 3431528.49948938 5196056.714576172 -438019.47276508884 13467004.176159114
15091875.08828145 -380576.76362159295 3488612.9596854523 5273134.709329924 -359724.7480733163 13621333.73587273
14980485.384223454 -407375.5060876131 3441082.1660712943 5199617.019143452 -346665.71340017 13308047.048594674
15058340.90205037 -401660.2428803303 3456766.710771731 5222669.231455521 -318236.90918508393 13346175.814918935
14963796.162619695 -339112.997300078 3467420.086855323 5234303.624059392 -263479.66396748915 13439034.133353474
14953022.921592666 -333758.48319912853 3478653.601257896 5245044.221140303 -234475.78679009507 13417482.005367419
15289749.852789426 -344920.86637314054 3501044.6853793017 5273286.316759727 -218049.9269077452 13152993.185570104
15356285.138555136 -309378.7822624798 3544270.6265535364 5331675.280785638 -173609.33494527746 13303266.454738662
15176069.566739414 -321678.49700767023 3513468.5032814383 5288677.494540844 -171804.13906064388 13301173.018398652
15285732.586868681 -288190.7619446586 3551468.627881029 5340799.698204089 -173909.82909213446 13397951.331543596
15257900.854383683 -247513.949904951 3523319.670287871 5295557.68568898 -113369.08331662406 13140219.880744675
15288328.040161425 -248051.37885781736 3523740.119726618 5298305.767576572 -120408.21501264574 13155504.434819369
15237534.33565426 -246891.3083957273 3533887.3817566168 5309037.685456024 -96964.40725446743 13197696.767881358
15288041.522714127 -211619.52967110375 3525085.3168532937 5300866.198672279 -77772.7240888303 13177405.264269521
15266460.090026231 -197439.53165114947 3495927.8204842266 5262484.708049347 -36785.710250029384 13072821.78921513
15271683.73611142 -193561.12573159786 3499016.3754695733 5266742.007828891 -23232.2370951793 13084795.913015267
15338599.163530918 -197953.38904671994 3524339.1256619147 5301377.521385179 -38748.23013328377 13153490.28504731
15313398.526258916 -192243.04665939807 3506155.1454960774 5276355.601856428 -14724.705032025013 13078300.088309582
15235271.524154074 -137953.8464706349 3467604.758960402 5227976.985943653 68712.34169115342 13036963.238950256
15269567.439860983 -134976.4319871505 3473714.967621098 5237369.777377319 85826.88067883809 13056098.564627187
15289004.5551986 -166314.45699856943 3482030.204990735 5245835.879906694 38815.50089397311 13023048.273804715
15274902.58999933 -131579.51122977867 3485363.403581299 5250960.78668632 72118.12874505649 13066318.01240911
15219058.122440133 -108400.99937602277 3495207.145475168 5269831.5189033365 110244.27250356742 13283014.779372204
15167293.519299326 -100859.91678908805 3474303.8503546235 5241397.470392206 124075.78749805022 13225970.901131375
15217609.977477573 -112292.3217748254 3487691.454612155 5258037.358639676 89238.39215924306 13213924.938537369
15205396.16549566 -122166.92823011121 3483077.020203659 5249201.286737808 80230.35683226353 13150934.85814758
15202431.191387577 -113627.27895842653 3468390.4686464746 5233294.95141727 73353.98972318407 13158877.246561635
15219362.478691693 -130937.64983470632 3489961.190507453 5261870.017820851 32090.672788360196 13238891.389310714
15137112.576800892 -126565.39869505633 3461571.1579727246 5221986.101677906 59366.45336538522 13148043.714204652
15146081.777605347 -136894.80728257078 3470301.7527694423 5231409.358176585 26491.249431643857 13135466.575630171
15279208.767300205 -159175.39848913497 3530550.968819001 5322160.717137412 -20205.434207188708 13491884.064375285
15312773.703143224 -185455.14601001158 3556026.623462991 5353375.492942983 -47645.73251873537 13522150.215039894
15137454.207170593 -186125.00813798353 3493075.556983077 5260094.453304643 -34390.55144743703 13216772.372361412
15160721.209232558 -216948.81820346217 3510314.8452829537 5282440.404037234 -93068.01883472841 13261160.030824129
14374224.072452076 -703812.5804584228 3404841.2240904463 5174406.70751336 -579637.1426584802 14207402.776335314
14759873.680630675 -580710.114849816 3482571.0346462973 5282135.243107638 -529427.5443717007 14266267.968467847
14578226.454606308 -601875.9218403186 3467485.8055374585 5263710.905126422 -508608.81461405347 14411303.512651796
15057052.757865524 -465279.9959478952 3521598.020223111 5349457.4319575075 -418164.8152247907 14456939.014221696
14938545.505592464 -452059.1637629077 3420046.4262265014 5178800.695994341 -422767.01953034266 13396446.569593312
15024534.47353364 -403335.40106391226 3462342.7015141253 5237658.7167723235 -352651.8830073217 13557100.088647852
15028064.48543619 -402351.47351556417 3474783.059782974 5256077.715770484 -342547.77288346883 13648262.184894033
15116682.336374264 -363922.09934926487 3527025.1286007296 5327524.27996747 -291551.36618166324 13839250.182063501
14956602.335297797 -354922.62427176157 3448070.8017805354 5207787.261362431 -255490.80357876996 13341585.00010149
14981289.04962691 -334832.97781690146 3478038.833602195 5245266.442036627 -247089.3085282643 13407185.175369607
15029895.093050146 -335686.7544198169 3485992.9351904946 5258668.821520347 -224498.8186325912 13451636.522778947
15071133.345975693 -313021.40923682397 3526410.7401264366 5309995.401752255 -194194.70968404607 13547738.172638759
14973773.661249712 -324016.2558287781 3486402.642316916 5250221.975882812 -213303.51104118922 13329807.51941509
15089722.33109723 -279634.9628501027 3522793.4387384667 5300142.1979993 -165424.46963541443 13411665.741025388
15149793.919076877 -278258.4463739644 3516089.8489963263 5294425.8089052 -156980.44535256326 13384745.3350983
15147334.869323961 -276623.403276906 3542335.937144593 5324617.680527463 -167852.7672228939 13413627.880873188
15134691.50263662 -215953.2154926805 3495507.99889087 5258532.48941066 -60782.81868590477 13134782.069818582
15232482.99429739 -220303.9751137638 3513760.681299631 5284498.513198961 -78276.97029061728 13154752.04826249
15172347.268824412 -213773.3135829904 3515860.9468575255 5286490.366439256 -96195.20513043499 13208518.981874345
15190987.854228964 -211802.5896684318 3517986.6036230437 5288382.470639954 -85718.01157700468 13180956.029133646
15241699.068633571 -199726.7569345547 3489104.3002012754 5256084.188015277 -33778.50762887473 13119689.855037665
15241743.620906118 -174123.15267177377 3503022.028284596 5272254.716985256 -11087.863949447828 13136865.877245443
15205077.070104035 -172498.69554164514 3496549.7902689744 5262125.859536851 -20819.029245177375 13113344.489851786
15228918.867708983 -160170.1299578421 3498078.85449332 5266233.581889635 -9029.551145027677 13138017.740967965
15199242.69034106 -142255.38477884096 3477152.906515691 5237811.351010436 23860.416201796852 13059620.135661084
15191569.595819095 -127041.28141296226 3467251.73314047 5225519.237570163 62626.32709959749 13039276.782477988
15228024.961863555 -159285.66326337704 3500074.653619271 5268981.674047891 6072.232815503657 13149965.891044512
15196783.379497968 -129197.30159253613 3469939.220047663 5230397.3189701615 52742.93116239552 13072499.90615018
15181003.992224468 -138882.1841943439 3465478.608765869 5227021.581216679 57102.59216000243 13118897.999907814
15180285.570507523 -141167.97961068843 3462835.986223854 5221407.6975485915 45020.677024162396 13065476.438690446
15181703.026679277 -138843.69386425853 3465483.4870176557 5227048.7482807385 57173.10269127958 13118634.956774417
15180958.211023722 -141128.79818483064 3462839.0956196473 5221432.568422542 45096.5827574945 13065232.783539616
15213628.036761831 -163243.0523637712 3491689.8565114313 5262725.246522826 17708.68644209227 13223699.807582641
15234102.978672013 -156496.6065591523 3505453.3203567183 5280998.668856286 11360.470720657502 13265897.116332369
15229972.790516242 -158279.19945008273 3500114.6944599026 5269086.789765951 7060.142823127165 13149239.481901253
15229572.664737089 -158890.02546500738 3502765.801104504 5273125.9793874435 1061.4760759973256 13172099.075355913
15316957.360038659 -190630.82550658562 3517630.2923066765 5296547.535449355 -35044.54925661667 13226126.675626112
15331120.215164272 -205745.85242983548 3532824.840099035 5315890.042897404 -62508.85365220397 13264533.93529639
15300378.366884911 -182100.18166221032 3507795.4775708783 5281622.622140557 -17633.365252642296 13160573.33931851
15304859.045702638 -187298.1253886909 3513661.798436146 5287491.56969915 -30275.529275676003 13144412.562410964
14585638.45172999 -555451.8622456797 3485554.4802418603 5288409.682550901 -459104.4460388326 14500356.226974158
15043753.683723439 -464921.50351158617 3542170.7962569245 5374158.220302953 -407679.5087211411 14511652.759622702
14770563.532594714 -482067.8611485501 3547984.9970330484 5376203.690463917 -387341.7161734291 14697839.76240034
15156616.082088402 -385279.586968067 3608224.4338910286 5467446.636598644 -331672.4903504905 14811378.636467628
14975919.198933708 -392790.0373381894 3476367.5828149696 5257787.511731837 -328805.22311407526 13699743.837287955
15089219.57811329 -344891.9075303456 3506145.334573792 5299757.75817818 -259929.24870886724 13770737.97481972
15099428.657756252 -350162.8473993654 3538326.0178335654 5349850.37028541 -227796.3486457135 14054406.06914637
15104479.896795942 -315347.06467698584 3553483.8120401157 5362573.189444847 -180700.16027362598 13970339.824806744
15017843.352514543 -342318.50488446816 3471225.7660672106 5238589.680212675 -231668.7267378226 13386983.127050491
15101254.105654221 -287999.2894906588 3539736.171230725 5327223.446159739 -153503.83714550914 13569018.820574652
15177739.408593465 -294204.6396357742 3548495.1142963585 5348182.629860806 -168183.9735166258 13719020.431568932
15179180.533528412 -261215.66636132952 3564678.4396399925 5372494.187666922 -129653.37337357261 13847777.35650369
15080220.373525877 -279738.12815301464 3529675.7559724734 5307091.435932603 -158358.95907829137 13408741.48042116
15157022.243156657 -270096.7445236374 3535177.910652605 5317795.14981669 -155272.88639450958 13424966.473567726
15094626.880431017 -279155.0995345588 3533878.093456262 5312593.761858526 -157883.48862619195 13411930.048389865
15224215.410640558 -254127.82782532106 3562309.3115726328 5360724.144004765 -140543.12553395203 13619462.415291384
15087986.285620548 -233149.16030349044 3495436.5194469276 5259090.793804604 -95199.42309150282 13194225.918373479
15096051.084486835 -236571.6314820421 3518357.864239898 5290912.476493963 -91153.64775235487 13318325.19117284
15125498.975865351 -239638.99550346562 3505193.078703929 5278784.875790719 -124310.92779488112 13335950.570801422
15191111.953405395 -216151.651745752 3522333.5080224094 5305215.848923928 -86811.1961371284 13421867.60950641
15125171.008422175 -183816.69886832396 3477681.324808021 5238781.073734522 -38827.15404159508 13141461.0703311
15121854.556906214 -185107.79663837992 3477042.2162219295 5237285.536467527 -37073.1613233824 13128927.163519446
15118661.479635747 -171881.6316551575 3485244.8254496604 5247222.051026641 -43707.52155720666 13150393.139381945
15100313.82667092 -169022.16835110032 3494990.506313383 5259502.268730928 -26365.152783139616 13199940.163989497
15110542.897702787 -179090.16454903467 3475815.1645446126 5234144.523461464 -21984.499756485406 13104413.699460167
15214308.710569385 -172569.38758802885 3490740.499517523 5256946.891745502 -17157.41337740285 13128337.895622132
15112645.884633673 -155682.3811335261 3486244.498880652 5248233.693091998 -7151.396009287142 13154648.740644544
15218429.272329936 -168814.7612242394 3493017.4350031754 5262225.375076611 -1192.5688499967587 13179694.401653351
15229475.852219805 -161596.75051422897 3497897.921805451 5266021.417933919 -10421.491235317575 13137197.979135916
15229473.306723673 -157998.16796135702 3502911.342754512 5273262.463755598 1914.688930126637 13171726.202579834
15230850.053640965 -157546.59398563093 3500137.5595621634 5269072.128736648 7734.632093084065 13147565.976219336
15230391.520712333 -157331.00787697762 3505310.227076822 5278625.88069929 12493.249274474472 13225300.876334814
15300599.33312715 -182698.9656286235 3506877.9180341344 5280021.129517072 -15449.363233402033 13148508.841221651
15339642.19301614 -203804.96750911663 3519863.4561046073 5297305.24535314 -29203.554423687558 13169466.455398794
15290934.396520555 -179572.10303446092 3503228.9890470877 5275389.771225224 -13564.563582083192 13145823.069624279
15322897.38224261 -193758.38528812645 3509803.3978367127 5284584.932468721 -17811.017438030613 13153126.265074583
15330969.95336213 -201318.77459133917 3520480.508288184 5296789.362258716 -34757.82611740452 13154245.881750174
15336142.047074981 -208205.39575557836 3529954.0933375 5306722.71526128 -68515.05660931168 13139321.998174233
15336785.215999072 -206037.77915798998 3516449.1173608373 5288709.489317774 -33401.40232723037 13075523.761116415
15313128.98996264 -191910.3164283465 3511325.1362363235 5281737.282346539 -37503.43767558739 13072463.429379316
14942349.125889556 -480501.22431429266 3558467.1672103596 5395107.137474538 -388720.52862308244 14673515.4420888
15192495.915622555 -390950.56267900084 3625419.9983573784 5489301.905660222 -316373.6136206688 14834301.689373132
15024015.98398105 -359751.0247551889 3605385.7463308624 5457997.078870718 -227722.39938502968 14817438.727030296
15262213.262649247 -311405.59056961973 3685229.4548542304 5562486.528656517 -192612.02096938278 14912469.045392707
15150186.902833005 -326706.96802665555 3577549.6951150666 5404630.037604893 -181853.95387630851 14236320.209910499
15173332.520140864 -289085.7878072556 3618112.960366752 5457101.303292342 -120004.4191636308 14370208.212238256
15185995.61109601 -304917.44242738915 3613584.302322823 5452575.105894233 -144751.974361588 14366651.624035604
15203669.488028293 -281996.0969178561 3636854.5402222993 5484090.504912227 -104743.24067604818 14467340.574486317
15102643.045448141 -295852.13313694496 3546089.1607582634 5346480.564913589 -152885.73700751778 13813006.43738871
15168983.952636464 -273189.0691383146 3555940.5868952605 5361830.08177592 -140918.25556294256 13836924.587719541
15152157.778385915 -261203.28431683572 3572434.9399783653 5389474.074666412 -107434.7466643474 14043754.781643411
15202012.851188082 -243088.93043518512 3596184.2784432257 5424484.194582474 -45051.659182481766 14171616.738546906
15101702.244057596 -281759.4390109067 3533460.91067224 5314067.51448819 -156398.41753636496 13443507.808668038
15185443.138382532 -272925.2369402304 3573651.311398354 5373726.206830918 -132388.37278712136 13668751.926853525
15134889.39413076 -236274.41569869712 3521572.9537953488 5315122.766027471 -104257.9689094533 13692960.723552637
15144674.970828468 -237156.59447962334 3542167.472851333 5340789.06141081 -86444.3597250629 13743421.646407586
15114171.677630449 -244965.20673984912 3508842.5188661623 5283463.256374728 -124246.284371699 13360557.786087766
15113308.226968763 -239161.31171853634 3518049.5101351733 5297334.314288126 -103255.20118359028 13436288.578397332
15125482.234701233 -243391.68518807375 3522921.258235768 5305500.368868686 -107526.28083594637 13480257.244933136
15216700.930549065 -206104.31987344555 3529648.7353298445 5319587.171649302 -84557.13240706346 13522770.102601383
15116735.740950534 -207242.83770289455 3505143.0865491536 5272709.02805804 -79601.55526516195 13224296.68173444
15112277.66344293 -208565.81911225722 3505463.109193409 5273156.15687569 -80906.36693878741 13230656.84692003
15103287.363689553 -193450.6958608128 3489035.314023914 5252571.168362125 -58730.340037593756 13189358.862918524
15090515.26873881 -180609.7498720412 3484290.8943919973 5247099.896055376 -31551.505504685952 13197082.75049732
15073057.095372165 -181175.80951703156 3477516.34563741 5236092.704455875 -39261.77790266127 13143437.177048162
15071324.536928322 -184853.74321912538 3481230.7458755015 5240756.517502902 -46881.221459830434 13156729.17660604
15148740.499668822 -175632.62224904084 3490628.863800231 5255228.32630361 -38343.24468854211 13161990.78863236
15149271.741444252 -169008.14331982794 3498678.644152573 5266394.417130587 -14207.066102065712 13207686.188802745
15274945.311273012 -189727.61625421947 3501502.3111591646 5271144.119008432 -23235.15614650906 13114885.96913325
15303635.43521699 -180829.87360575583 3507004.7260662485 5282297.397697219 -15586.038187999031 13188208.318514721
15184458.926101608 -164652.561105119 3498200.239207709 5263788.965203697 -24140.669580985013 13130914.856127366
15303751.677597586 -183029.84947523795 3506726.77015343 5279914.583221372 -15697.02929440436 13146550.810763137
15312746.047342556 -197497.6849617984 3522310.338947038 5298211.072096536 -41998.62439870737 13160647.72355988
15331768.161397908 -201093.19253299982 3519578.968733654 5295232.086203848 -31859.875783311614 13142136.040467111
15285717.118366161 -176878.92101081953 3503690.5382425003 5275807.664977236 -11054.059275319614 13149244.121850032
15329411.28066727 -201092.05044229317 3517492.9232911384 5292764.770351695 -19052.31740561343 13141039.594757924
15293442.871754412 -220308.79509562845 3521046.1307592425 5293032.437488521 -63815.472099584964 13104190.783308182
15320586.018315716 -203620.08233382943 3527300.207555286 5298033.254658265 -51493.29094401587 13039474.275523782
15265902.10447068 -201838.00926267362 3501726.741337184 5268581.164609274 -39701.85176447344 13067732.645212326
15286064.171138082 -193199.79757652988 3499532.0925918072 5262718.058730966 -41848.11816227632 12978590.723595288
15131727.740050945 -304189.40388402843 3643201.4019148643 5509652.603448455 -193044.73933862968 14910893.304451229
15237750.3092092 -278594.04053274397 3681975.9040898834 5560723.861441955 -163740.48484908004 14973256.764876764
15195077.256584851 -262295.85351627885 3680930.9406906483 5560353.885623069 -121394.47647087305 15031519.723321786
15202135.62795292 -256971.07173432704 3679831.383847115 5556584.719709661 -131068.20256034438 14973268.19901817
15153279.135831818 -274835.98430611915 3614533.9502384756 5453523.302139324 -110510.34911069041 14397439.772567939
15210268.08188078 -284735.9485908167 3636566.623104634 5483715.099957675 -107450.12582385265 14459568.058902193
15176514.350419978 -261880.1444326143 3633088.046671216 5477728.433642636 -88141.92089718477 14450117.014901016
15197678.896786703 -245537.96315094767 3645589.35161045 5495893.673625348 -78719.16103029037 14517228.713169226
15128602.953094037 -268553.05986089114 3571011.467250184 5386313.551826881 -109639.3658772159 14035415.566916427
15211483.386379661 -247385.26495632253 3600715.076481923 5430890.386829047 -56703.99155054657 14190592.456850303
15089545.761477632 -218416.4850592665 3566398.1635002675 5380583.58441595 -35147.94097119348 14061366.085411653
15177054.41985833 -269328.9412994806 3605584.1970762974 5434782.299391871 -72961.06557864304 14195739.037493866
15104781.432179527 -227161.5528193206 3515202.45334028 5305237.017525767 -95744.85725324588 13665504.734966544
15164312.540289413 -248830.95059126444 3556309.903286366 5360469.494059027 -103575.7569575126 13806259.247116825
15133153.664425448 -221027.38104770804 3548570.1890290794 5353033.212206584 -51387.562249958195 13858966.203044543
15164399.617930392 -223940.51711000563 3561205.39147718 5372921.406988304 -34920.757657829134 13947509.68545442
15126918.11379226 -246831.13722022506 3514214.929996723 5295138.652452426 -123027.57473920217 13463126.261237169
15120987.871780243 -248899.11634729104 3515692.198766632 5295985.834168079 -132198.88190864824 13453500.212470226
15199480.728837788 -241717.3689711052 3536150.8303180584 5327014.855750771 -119475.2104125236 13545497.912807772
15229825.233639538 -213796.75349822067 3538144.176854758 5331666.498687711 -104896.39397195744 13564332.61423138
15077309.537260288 -225678.8443942093 3514033.5290524885 5286272.299156579 -83151.71517619221 13339398.580400197
15175123.47750398 -199340.18657743876 3524940.5630760575 5303641.467194005 -90783.52727450812 13349013.243578153
15144058.560452553 -212166.0468269898 3519395.896370544 5294083.677986228 -75623.96015244945 13310905.0617443
15203580.819740368 -190007.79355050786 3544503.7900137226 5326693.5573164355 -77823.40287231235 13351206.709450144
15105991.325932184 -208951.77579578292 3502968.916492327 5266581.122483473 -93646.85566022129 13160314.740038896
15103917.484110653 -212937.805622465 3507590.0551556638 5273101.682149708 -104489.37072098561 13191134.727530915
15121553.604318688 -186597.73324868153 3490935.3777190126 5256079.281169275 -57282.12833897856 13199453.497820541
15166256.865226729 -208900.7448220159 3504718.8459671955 5275749.525971252 -63576.47879644336 13244918.830987176
15230473.97378511 -225142.7245176094 3513789.004782434 5284570.3801843375 -82643.42790630646 13157575.285640376
15326764.338108793 -202445.88929969314 3526837.947984591 5305464.088351455 -59375.60756013194 13192082.345093759
15255872.236567328 -203410.98983688944 3491013.4667223333 5258524.578289889 -39857.19467919092 13112322.799392188
15311302.445300736 -186179.844063652 3513553.5777541106 5290560.764661342 -23595.22578139772 13201733.904351776
15309884.151354518 -222572.63587110597 3522200.5107765826 5296452.37947008 -74243.4083677835 13130751.96979163
15305362.636337928 -221865.33611127778 3525919.083815126 5303986.449667922 -71462.68751487491 13204146.288554143
15333562.294318821 -202114.74762756858 3520106.8740886403 5296342.231065927 -35173.70877372655 13150930.873437326
15327708.407680321 -201263.34074443553 3519757.0023171315 5295373.294407735 -32216.12222052163 13145103.209723763
15311098.244680379 -199543.7528685641 3521779.851048047 5289150.361169326 -56170.31648412259 12992752.016264265
15376964.538438762 -233429.7425171874 3528065.435042695 5300087.14065333 -71701.26729322098 13007338.463388216
15254059.919482304 -207610.42742289745 3493043.6081416043 5253639.095252449 -46730.042672409334 12971762.380859138
15280821.390671985 -192712.94352852262 3499785.6002377863 5262944.614113098 -41698.16205914793 12982787.456261132
eps 640
0.002345169933434162 0.001234998531862932 0.001234998531862932 -0.018431278647749617
0.008724841630179657 0.000961594525205377 0.000961594525205377 -0.018429740091619035
0.002345078606822391 0.004880578775419255 0.004880578775419255 -0.01905690220756163
0.008724495220275597 0.004595634344009166 0.004595634344009166 -0.01905115831952147
0.0151814188264867 0.0020806994863157005 0.0020806994863157005 -0.031657850583952485
0.026383147327584202 0.0025029900650284636 0.0025029900650284636 -0.03165991748549047
0.01517993200875868 0.008597526072090326 0.008597526072090326 -0.03064915503157955
0.0263763646979668 0.008983713221174952 0.008983713221174952 -0.030656860957056976
0.03382600533875254 0.002929942480106767 0.002929942480106767 -0.04795894105799675
0.04298643452756375 0.004703798798466065 0.004703798798466065 -0.04796701966730889
0.03381079401033097 0.008323405773734036 0.008323405773734036 -0.0437453901788341
0.04295542471478702 0.010069461597877583 0.010069461597877583 -0.04377538761985018
0.048284818171937215 0.005420771664632083 0.005420771664632083 -0.059950699621206915
0.05362529532762206 0.007744840856950738 0.007744840856950738 -0.05995711073479806
0.04825597651092754 0.008578479862364674 0.008578479862364674 -0.0543956647347885
0.053584990057797974 0.010888629006105089 0.010888629006105089 -0.05441943884593005
0.05611875285009477 0.008493952715917305 0.008493952715917305 -0.06592100149573127
0.05757479343861302 0.010479797029923596 0.010479797029923596 -0.06592241052677617
0.056107120398497495 0.009327694643397227 0.009327694643397227 -0.061148987055440016
0.057561648064742905 0.011309308600267595 0.011309308600267595 -0.06115421997447439
0.05754332539386111 0.011032342502251699 0.011032342502251699 -0.06627923924887086
0.05596549186175744 0.012383011391066345 0.012383011391066345 -0.06627801134168944
0.05756499111911011 0.010059617852159773 0.010059617852159773 -0.06302679562192609
0.05598907452098245 0.011407945022815605 0.011407945022815605 -0.0630222310101383
0.05337860395995517 0.012047828686048602 0.012047828686048602 -0.06035317566364064
0.04781000370569559 0.012292400941505306 0.012292400941505306 -0.06035177418162045
0.05346402408646631 0.00871283756531503 0.00871283756531503 -0.05977107824041067
0.047895495381415853 0.008948898607745894 0.008948898607745894 -0.05976584680256912
0.041379531981665656 0.010098569358079252 0.010098569358079252 -0.04828621308021682
0.029191109675324678 0.00789407810221102 0.00789407810221102 -0.04829686892887254
0.04156491038702759 0.0029206585331145577 0.0029206585331145577 -0.05346284592824592
0.02934614178623271 0.0006675166273960606 0.0006675166273960606 -0.05350287834073644
0.020071445260779128 0.005190203974177397 0.005190203974177397 -0.02949861248659674
0.007345521870320507 0.0002973650654413686 0.0002973650654413686 -0.02952523904406421
0.020181887189654458 -0.002144795782384309 -0.002144795782384309 -0.040814294233774306
0.007387590899618786 -0.007111278861252669 -0.007111278861252669 -0.04091516107491983
0.002084148908363934 0.0006217303460447902 0.0006217303460447902 -0.021551196758941016
0.0005588244198783598 -6.559028502201744e-05 -6.559028502201744e-05 -0.021551828261665157
0.0020851083150103915 -0.0002448834825088421 -0.0002448834825088421 -0.023122947528562348
0.0005590819236562919 -0.0009332860901798424 -0.0009332860901798424 -0.023125308556880515
0.0027488997871362134 0.00809985242535032 0.00809985242535032 -0.018787372748106795
0.010221338803268172 0.008673676465556508 0.008673676465556508 -0.01879319309313866
0.0027461435582356686 0.012370883610060909 0.012370883610060909 -0.017414126638070324
0.0102111375675184 0.012928648429062448 0.012928648429062448 -0.017422566873946024
0.014932699139871004 0.014209549208565285 0.014209549208565285 -0.028687154455666032
0.02039546658746289 0.016111942445689593 0.016111942445689593 -0.028729873560234324
0.014918164963657086 0.017355948568082945 0.017355948568082945 -0.024232831039768137
0.020368157782851518 0.01924592618588645 0.01924592618588645 -0.024286471635688655
0.02412419172361214 0.016294424036997473 0.016294424036997473 -0.03887595279440464
0.02880086362234616 0.020262465822572687 0.020262465822572687 -0.03895965222336262
0.02408732455471257 0.018987298418163594 0.018987298418163594 -0.029594576949399504
0.028740557929558052 0.022931665226684023 0.022931665226684023 -0.029696373059084995
0.03226869498428244 0.019860083287739236 0.019860083287739236 -0.04791675597667772
0.03683574059934256 0.02511202398996354 0.02511202398996354 -0.04798926019440223
0.032194410766352335 0.02245628919240987 0.02245628919240987 -0.03559178119242192
0.03673174164444583 0.02767150111635578 0.02767150111635578 -0.03568824397083665
0.040003442129272704 0.024747540986975354 0.024747540986975354 -0.055001369074574064
0.04358915919423566 0.02987948098147317 0.02987948098147317 -0.055031662468488854
0.039924028969072406 0.02672182305174595 0.02672182305174595 -0.042927699441207945
0.043489634548058737 0.03182092362971529 0.03182092362971529 -0.04297949261165595
0.045746812124697264 0.02957873215075766 0.02957873215075766 -0.05859785857193884
0.04748040672271314 0.033260366493733845 0.033260366493733845 -0.05859243684281727
0.04571698125021204 0.030462185205166567 0.030462185205166567 -0.04991426206619305
0.04744606232635773 0.034128557747151005 0.034128557747151005 -0.04991895877563674
0.048722511347104085 0.030706607680347706 0.030706607680347706 -0.05817620184135224
0.04948212427147184 0.03204481210128889 0.03204481210128889 -0.05816408618150058
0.04874791270070009 0.031070802526698298 0.031070802526698298 -0.05501010633462654
0.049508211718229125 0.03240777795131896 0.03240777795131896 -0.05500066204107403
0.0506044794769551 0.02504705126750533 0.02504705126750533 -0.0567895049349927
0.051459695195499006 0.022845646010601614 0.022845646010601614 -0.05683802449175184
0.05056347331240934 0.0256560984429025 0.0256560984429025 -0.06208061083440492
0.05142169845261019 0.023449949405218117 0.023449949405218117 -0.062128326144471335
0.050472131503933086 0.018207013943188535 0.018207013943188535 -0.05065318431378564
0.047002631809898034 0.010991759001400135 0.010991759001400135 -0.05085429759958784
0.05058766076086597 0.01641406415623708 0.01641406415623708 -0.06790055923530439
0.04709276099706864 0.00913647502905385 0.00913647502905385 -0.06813954907204703
0.035989141532329696 0.010064198642165538 0.010064198642165538 -0.03407426265076439
0.00976962858438632 -0.0024585921577056523 -0.0024585921577056523 -0.03426479468449934
0.03651606009566887 -0.005074744752532805 -0.005074744752532805 -0.0631766973678073
0.009915819328593296 -0.017981353058411115 -0.017981353058411115 -0.06375218600510318
0.0020863763298821173 0.015621688068819722 0.015621688068819722 -0.015288160342695683
0.007764924118583727 0.017539571523027993 0.017539571523027993 -0.015340940855111854
0.002080829523384549 0.01885083566779694 0.01885083566779694 -0.010825369858797049
0.007744370144859451 0.020755688555639397 0.020755688555639397 -0.01088773707793298
0.010146499903966452 0.021505995601252537 0.021505995601252537 -0.02010967576237505
0.011080677729132142 0.02457753619362176 0.02457753619362176 -0.020189631687209796
0.010145445153261367 0.02201874019298636 0.02201874019298636 -0.013107743582708628
0.011078761332219522 0.02507956457877307 0.02507956457877307 -0.013192729835932813
0.011411937358299457 0.024530569874377742 0.024530569874377742 -0.022558004645799455
0.01121775368307921 0.028997189301904425 0.028997189301904425 -0.022664718370331054
0.011420961456971275 0.02436324026105939 0.02436324026105939 -0.012376190271906498
0.011230146875532938 0.028807627763552442 0.028807627763552442 -0.012483272289358608
0.01133150205284947 0.029151563638981914 0.029151563638981914 -0.025769217800113296
0.01141167986020474 0.03558089598207315 0.03558089598207315 -0.02589289813370326
0.011345245460508468 0.029048498169833525 0.029048498169833525 -0.011094427359126672
0.011430062665537906 0.035431844297439036 0.035431844297439036 -0.011222157310746921
0.012414712364519968 0.036551408481009115 0.036551408481009115 -0.031104540975060845
0.014191467126930228 0.045398077031533354 0.045398077031533354 -0.031213863996415372
0.012350925189809714 0.03724179396297058 0.03724179396297058 -0.010857605667478431
0.014110573165833444 0.046001145968941747 0.046001145968941747 -0.010982389928712689
0.01614477497937902 0.047912368212311936 0.047912368212311936 -0.03699616424416336
0.01834134550600647 0.05937080870508969 0.05937080870508969 -0.03704023143103392
0.016058232430179828 0.04855301458235005 0.04855301458235005 -0.010730852648838088
0.01823479696741797 0.05986603406177183 0.05986603406177183 -0.010809340244887696
0.020781988998081723 0.06354842480553714 0.06354842480553714 -0.04179729894023128
0.023188064487821316 0.07736469190685788 0.07736469190685788 -0.04174051949653969
0.020634186472567623 0.06392339452539601 0.06392339452539601 -0.010090317170675824
0.023009203335151645 0.07752871079339108 0.07752871079339108 -0.01007772175312824
0.02676421430295736 0.08279584536846872 0.08279584536846872 -0.04827849801428286
0.031579488944416936 0.09971903902127298 0.09971903902127298 -0.048001243707577426
0.02623449909057374 0.08392366705462251 0.08392366705462251 -0.00937579781613617
0.030951692233463786 0.10053024322127839 0.10053024322127839 -0.009189063729296973
0.03541967938426803 0.10838800554968049 0.10838800554968049 -0.05455345315043678
0.03885683871265454 0.12765682520757557 0.12765682520757557 -0.05402760054965294
0.035042217431952266 0.1079330208844774 0.1079330208844774 -0.010136069128881786
0.038413587540349035 0.1267980189463152 0.1267980189463152 -0.009713144066471302
0.04563865512488956 0.12999453961207408 0.12999453961207408 -0.05115449952668285
0.05294498708531726 0.1476714984165596 0.1476714984165596 -0.050425343996395394
0.043690292291863574 0.13191694983626015 0.13191694983626015 -0.010819745283244035
0.05075845811817568 0.14924847846812492 0.14924847846812492 -0.010151356617201235
0.0007133779663207876 0.020098833569899006 0.020098833569899006 -0.008345716357479731
0.002659873492771702 0.021091384576544393 0.021091384576544393 -0.008387025878981182
0.0007125334401178377 0.02120034158292283 0.02120034158292283 -0.006049637521802749
0.002656729140584625 0.022190764921678766 0.022190764921678766 -0.00609294853188209
0.0028985575671179905 0.019756394000569166 0.019756394000569166 -0.009330029659735848
0.0015925427580050922 0.021185668010151884 0.021185668010151884 -0.00937387990499579
0.0029020294797755587 0.01901404989239466 0.01901404989239466 -0.006123855000874215
0.0015984022723400683 0.020440588888934907 0.020440588888934907 -0.006165830589386126
0.00034653404060736243 0.01834015514537641 0.01834015514537641 -0.007390908264420984
-0.0018484605476045818 0.019770284792870324 0.019770284792870324 -0.007418914096506435
0.0003604938433764714 0.017095285365206655 0.017095285365206655 -0.0042014700660518624
-0.001829550296861874 0.018521802036742488 0.018521802036742488 -0.0042274045616833835
-0.0032748273147767395 0.017135785317716316 0.017135785317716316 -0.004557043931050002
-0.005139512462367386 0.018359341570510963 0.018359341570510963 -0.004570364202046787
-0.0032566604630952204 0.016079985121702257 0.016079985121702257 -0.0018222348012175227
-0.005117286989451008 0.017300950863091025 0.017300950863091025 -0.001834542007407595
-0.006359146823025954 0.015918754081040192 0.015918754081040192 -0.0021528568422498266
-0.008030842494123457 0.017236495071576874 0.017236495071576874 -0.0021646347542768453
-0.006337458368147747 0.014969910679672406 0.014969910679672406 0.0007984050289447161
-0.008005587379286857 0.016285008508461714 0.016285008508461714 0.0007879322615638755
-0.00888440422207102 0.013586903590607519 0.013586903590607519 0.00011277133897222058
-0.009933323313961968 0.014940979795504027 0.014940979795504027 0.00010627323606802978
-0.008871808693152886 0.012982945011476796 0.012982945011476796 0.0031506838940719827
-0.009918932793853507 0.014334844965292685 0.014334844965292685 0.0031453812809987304
-0.010262425808508465 0.010923292431765517 0.010923292431765517 0.002164965692441878
-0.010592020537257208 0.012029350465672337 0.012029350465672337 0.0021650618792246534
-0.010267916466540643 0.010722112767403254 0.010722112767403254 0.004645958311826186
-0.010597659561585121 0.011827017591854477 0.011827017591854477 0.004646798953657684
-0.010578325144396042 0.008455287644041833 0.008455287644041833 0.0041194738840965115
-0.010580086020714695 0.009009851359095359 0.009009851359095359 0.004117331402338468
-0.010587916883098 0.008451045999011706 0.008451045999011706 0.00536706277058905
-0.01059017793017361 0.009005526003882769 0.009005526003882769 0.005365289475314653
-0.009586297598257281 0.003666369777834925 0.003666369777834925 0.0034626591883769246
-0.007458573148936254 0.004080471861855993 0.004080471861855993 0.00346571406270276
-0.009663906872296787 0.004845267086682163 0.004845267086682163 0.0043454933493292875
-0.007537932862437109 0.005258418652800323 0.005258418652800323 0.004348296544325613
-0.0038382802498865493 -0.0021864459155561903 -0.0021864459155561903 -0.0021218398254090774
0.003427315339471492 -0.001115958955358428 -0.001115958955358428 -0.002025318267067366
-0.003992111364849866 0.0018499552696215889 0.0018499552696215889 0.00013284415121764847
0.0032790008568635556 0.002905623059953409 0.002905623059953409 0.00020906065987849652
9.257572947808731e-05 0.021533999824713063 0.021533999824713063 -0.004651108300571659
0.00034549293428137853 0.022193605338259457 0.022193605338259457 -0.004668343084892049
9.241811905037372e-05 0.021676624356691744 0.021676624356691744 -0.003151187321187121
0.0003449047315623154 0.02233574873238684 0.02233574873238684 -0.0031683340591197214
-0.0003847462645220716 0.01749753633874956 0.01749753633874956 -0.004182043431718792
-0.0026779435088862616 0.018397668975217326 0.018397668975217326 -0.004202301384081035
-0.00037922524130637827 0.016204517166191052 0.016204517166191052 -0.002196449861573452
-0.0026693979158101113 0.017102293669283286 0.017102293669283286 -0.002215181257306956
-0.0041472959369007545 0.014617170268118644 0.014617170268118644 -0.0021620845413632887
-0.005958407033906182 0.015624463538614434 0.015624463538614434 -0.0021813799769452155
-0.004138759563414009 0.013596517915047995 0.013596517915047995 7.639464157003016e-05
-0.005947360938902946 0.014601783211484878 0.014601783211484878 5.864046897045894e-05
-0.007099838265974257 0.013106176227518333 0.013106176227518333 5.500382909215245e-05
-0.008512930171249796 0.014125767373113428 0.014125767373113428 3.9589129729191924e-05
-0.007090681656664206 0.012308258909983143 0.012308258909983143 0.002328174046792017
-0.008502003157696787 0.013326153753854816 0.013326153753854816 0.0023141963192043324
-0.00946595173114035 0.011623904060677634 0.011623904060677634 0.0026269536917426584
-0.010793408866318549 0.012508398645600554 0.012508398645600554 0.0026188697373567605
-0.009454704582624726 0.010875249238823635 0.010875249238823635 0.004599583529060949
-0.010780607828892504 0.011758410782897025 0.011758410782897025 0.004592533328874542
-0.011411323420005563 0.009084503598441237 0.009084503598441237 0.0048297638446270635
-0.011990300738017469 0.009760428313746341 0.009760428313746341 0.004827758538590947
-0.011408689719262144 0.008753730410362275 0.008753730410362275 0.006342497019618204
-0.01198731110156755 0.00942908638684782 0.00942908638684782 0.006340965803608234
-0.012012170258459322 0.005984547209747984 0.005984547209747984 0.005919067792874916
-0.011742768146706172 0.0064401816652719535 0.0064401816652719535 0.0059199620108432585
-0.012021534758667927 0.006127413626277906 0.006127413626277906 0.006937616035661061
-0.011752549978200535 0.006582845030684155 0.006582845030684155 0.006938622011011643
-0.011221527816721054 0.002913376745473558 0.002913376745473558 0.00596128291543012
-0.010275618546772279 0.0031358881007267562 0.0031358881007267562 0.005962153755449565
-0.011238989533232545 0.0034367224844663743 0.0034367224844663743 0.006451408081452137
-0.010293579727150387 0.0036589839134710442 0.0036589839134710442 0.006452302116151332
-0.008917767317999755 -0.0005554638056633334 -0.0005554638056633334 0.004524005336678922
-0.006337134627418672 -0.0006115790853101348 -0.0006115790853101348 0.004523540261023536
-0.008951031383175543 0.0008878548193281923 0.0008878548193281923 0.00436842642310003
-0.0063698933145018635 0.0008299300654357123 0.0008299300654357123 0.004367967700962044
-0.0033768870977391803 -0.0029832501026206926 -0.0029832501026206926 0.0007025724243246057
0.0020473622898735284 -0.0030536367346519987 -0.0030536367346519987 0.000695249922361012
-0.0034379198638829034 7.232776886799973e-05 7.232776886799973e-05 0.0004689918106854334
0.001986123599949109 -6.1873089835423655e-06 -6.1873089835423655e-06 0.00046346987940328293
-0.00048609566441807847 0.02143170796309571 0.02143170796309571 -0.002121065759823492
-0.0018153169464423097 0.022028535684233748 0.022028535684233748 -0.002140383005173506
-0.0004857546403856638 0.02068327222619395 0.02068327222619395 -0.0008038245893766179
-0.0018140421432365213 0.021279223191546816 0.021279223191546816 -0.0008223138130587453
-0.003054519734985461 0.015110604208777887 0.015110604208777887 -0.000905937979124055
-0.005161181508345732 0.015814675908294728 0.015814675908294728 -0.000922034302404283
-0.0030507690333668263 0.013926859695098288 0.013926859695098288 0.0006423511862215737
-0.005155508393284913 0.014629158545186772 0.014629158545186772 0.0006275843450722127
-0.0064807020329234214 0.012303671853602021 0.012303671853602021 0.0013865167584718857
-0.00803698100071668 0.012906960942213783 0.012906960942213783 0.0013771812958417885
-0.006475546140690154 0.011430681712858527 0.011430681712858527 0.0027212962628722186
-0.008030496927016401 0.012032904829460988 0.012032904829460988 0.0027127032202216
-0.009054523342721653 0.010431702915444542 0.010431702915444542 0.0036155823459698084
-0.010341412655087298 0.010977155582461309 0.010977155582461309 0.003609541008212123
-0.009048738595554665 0.009710251029132446 0.009710251029132446 0.004826827395758301
-0.01033466463662252 0.010254924218300644 0.010254924218300644 0.004821371138582508
-0.011078820344892153 0.008316402453062728 0.008316402453062728 0.005715440712422507
-0.011891942310644167 0.008779863979014755 0.008779863979014755 0.00571251001916158
-0.011074874196110748 0.007859696571027556 0.007859696571027556 0.006749285192407882
-0.011887514776962777 0.008322744404937774 0.008322744404937774 0.006746703238154896
-0.012211768260738188 0.005774861885166198 0.005774861885166198 0.0071613075782023935
-0.012382732086844489 0.006088925461740689 0.006088925461740689 0.00716085976470348
-0.012212478059145902 0.005675837067191066 0.005675837067191066 0.00786485947822312
-0.012383432899591136 0.0059897941498904764 0.0059897941498904764 0.00786451168730581
-0.012196251230587377 0.002876979879779058 0.002876979879779058 0.007450794892525226
-0.011638556417879408 0.003061368016157227 0.003061368016157227 0.007451319817340955
-0.012202933936390197 0.0031839875835554528 0.0031839875835554528 0.007861248281430373
-0.01164543283634408 0.0033682675344927737 0.0033682675344927737 0.007861738672272118
-0.010895059470410988 5.629098783999977e-05 5.629098783999977e-05 0.006637332354682601
-0.00952781274429016 0.00010925382043108284 0.00010925382043108284 0.006638157468196411
-0.010906745793593645 0.0008175377021252821 0.0008175377021252821 0.0067460886684307195
-0.00953949925053134 0.0008699970625385875 0.0008699970625385875 0.0067467929709095
-0.008015758443137564 -0.0021244737048772876 -0.0021244737048772876 0.0041871425247516645
-0.005318425408361087 -0.002198205469878185 -0.002198205469878185 0.004185976751815343
-0.008035652470714602 -0.0006140192483446118 -0.0006140192483446118 0.003998779685581248
-0.0053379758237732475 -0.0006897541165400594 -0.0006897541165400594 0.003997823795149753
-0.0030467562396554603 -0.0021231204983308857 -0.0021231204983308857 0.0004279042217244653
0.0004833782733731499 -0.001979771207427621 -0.001979771207427621 0.00043109208993416276
-0.003070214924554978 -0.0001392829467914283 -0.0001392829467914283 0.0007195295473253746
0.00045982324714819556 6.093641393161602e-07 6.093641393161602e-07 0.0007218832590170353
-0.000839347541408005 0.019865909599791332 0.019865909599791332 -6.075525414397901e-06
-0.003136040661426193 0.020267359243004095 0.020267359243004095 -1.7305049485660162e-05
-0.0008389255267608694 0.018575044197112332 0.018575044197112332 0.0008501828873158049
-0.003134461278373601 0.01897485841209464 0.01897485841209464 0.0008397550106230734
-0.004655197888955658 0.012651553308824611 0.012651553308824611 0.0015311161635234438
-0.006542609691147571 0.013043422093289413 0.013043422093289413 0.0015244678985287855
-0.004653000426312157 0.011593567638899759 0.011593567638899759 0.0023846605749432838
-0.006539363401211844 0.01198428844356033 0.01198428844356033 0.0023785663609740084
-0.007725223664355085 0.00986654869481515 0.00986654869481515 0.0035253515109515206
-0.00910027083265764 0.01023813182568406 0.01023813182568406 0.003520564924552089
-0.00772239141368102 0.009097003413229027 0.009097003413229027 0.00434423976747897
-0.00909672541384058 0.009467917033995733 0.009467917033995733 0.004339858271375499
-0.009951166701330227 0.007887546914693323 0.007887546914693323 0.005549301647870634
-0.010935515118276912 0.00821237441124336 0.00821237441124336 0.005546332177620523
-0.009948431195228823 0.007336966520017185 0.007336966520017185 0.006269631560593827
-0.010932348108846537 0.007661414037427494 0.007661414037427494 0.006266935336228629
-0.011470719021530587 0.005830904251765077 0.005830904251765077 0.007297074216656564
-0.011992128588528458 0.006023563178858217 0.006023563178858217 0.007296465153062261
-0.011469305127967094 0.005538601722720706 0.005538601722720706 0.00772763832205883
-0.011990563029087077 0.0057311486045141585 0.0057311486045141585 0.007727096160052405
-0.012149616647489796 0.003437099819540184 0.003437099819540184 0.008190382663276655
-0.01211071470400452 0.003514156652366876 0.003514156652366876 0.008190480299913754
-0.012150481062284422 0.0034569511043031726 0.0034569511043031726 0.008364592940805892
-0.012111576363745354 0.0035340064192340235 0.0035340064192340235 0.00836467604863954
-0.01182406092882117 0.0008464323854873988 0.0008464323854873988 0.008028904620629064
-0.011135796234194494 0.0008786122347041786 0.0008786122347041786 0.008029064852279348
-0.011827618361156492 0.0012285398880489695 0.0012285398880489695 0.008098947053071412
-0.011139365123455465 0.0012605941286031924 0.0012605941286031924 0.008099075463984487
-0.010321418176957031 -0.001426228518738509 -0.001426228518738509 0.006744549890007275
-0.00883159075420141 -0.0014464099361222258 -0.0014464099361222258 0.006744810516010155
-0.010327980983867665 -0.0005949928973203056 -0.0005949928973203056 0.006691365923693456
-0.008838002964039417 -0.0006157789683395852 -0.0006157789683395852 0.006691566440911824
-0.00743857183131025 -0.0024892316029218654 -0.0024892316029218654 0.003900771716549596
-0.005139623112828515 -0.002480676103612518 -0.002480676103612518 0.003901350474377506
-0.007447731058433498 -0.0012021165896562447 -0.0012021165896562447 0.0039055490051351227
-0.005148612118228521 -0.0011950120186865856 -0.0011950120186865856 0.0039059686302184466
-0.0033727063067101816 -0.00168564775054584 -0.00168564775054584 0.0008860618430012852
-0.0008246950187736106 -0.0015718528737216331 -0.0015718528737216331 0.0008872405483301608
-0.003382331696191779 -0.0002543970430803548 -0.0002543970430803548 0.0011277711347615997
-0.000834556398749846 -0.0001424069873664197 -0.0001424069873664197 0.0011286051023927804
-0.0010288602087492659 0.017436987674352738 0.017436987674352738 0.00128020584384068
-0.003845090798557761 0.01759766364942104 0.01759766364942104 0.0012791258494373862
-0.0010285829477612854 0.015855652831062203 0.015855652831062203 0.0015902260534566568
-0.003844052818321334 0.016014107570380836 0.016014107570380836 0.0015892546148198424
-0.005502164115514761 0.01038231753077698 0.01038231753077698 0.002894849613981903
-0.007226935607004493 0.010620336552561522 0.010620336552561522 0.002891516270584641
-0.005501112134879147 0.009416751078769959 0.009416751078769959 0.003408127682276306
-0.007225307399133973 0.009653892780406487 0.009653892780406487 0.003405096991216558
-0.008269413902154136 0.007846312203752532 0.007846312203752532 0.004825053970155161
-0.009406708133137157 0.008058910835863856 0.008058910835863856 0.0048225989569942625
-0.008268120502008581 0.007210404936372714 0.007210404936372714 0.005291522947523527
-0.00940509871166845 0.007422600367089856 0.007422600367089856 0.005289279762152907
-0.010100151426086623 0.005942446870338613 0.005942446870338613 0.006620488256251127
-0.010873274999169558 0.006038053160628916 0.006038053160628916 0.0066204407150035425
-0.010098970597306632 0.005510475527376024 0.005510475527376024 0.0068315687838496056
-0.010871937245509822 0.005605909928613662 0.005605909928613662 0.0068315260380074185
-0.01126968456289238 0.00394831189352031 0.00394831189352031 0.00789587073875343
-0.011598095821920711 0.003950472288829923 0.003950472288829923 0.007896457408188456
-0.011269186524038844 0.0037642151541650965 0.0037642151541650965 0.007902221456449447
-0.011597545817923403 0.0037663486268495203 0.0037663486268495203 0.007902755600721262
-0.01165457283302386 0.0017752434990077936 0.0017752434990077936 0.008395195809336684
-0.011501476750103717 0.001730645048039283 0.001730645048039283 0.008395384515943969
-0.011654985908519757 0.0018596635263320204 0.0018596635263320204 0.008297139772364476
-0.011501870741010658 0.001815058687452483 0.001815058687452483 0.008297322649469493
-0.011178874321623832 -0.00040876952411722067 -0.00040876952411722067 0.00806701682086994
-0.010471414734112046 -0.00047268982654427377 -0.00047268982654427377 0.008066903529141488
-0.01118034009214875 -1.4639465683964677e-05 -1.4639465683964677e-05 0.007923045671976091
-0.010472810393457668 -7.869940683387656e-05 -7.869940683387656e-05 0.00792296406780356
-0.00970926604477884 -0.00207643392532001 -0.00207643392532001 0.00661956915945499
-0.008349091119789778 -0.0021234817524516916 -0.0021234817524516916 0.006619594740985491
-0.009711773852500345 -0.0013168936373881372 -0.0013168936373881372 0.00650915814273541
-0.008351430737609822 -0.001364449161124708 -0.001364449161124708 0.006509167617125959
-0.007173199461235699 -0.002444372076450383 -0.002444372076450383 0.003917495841225419
-0.00532382169911972 -0.002410259743271058 -0.002410259743271058 0.003917955035957784
-0.007176223529982597 -0.0014090813922476694 -0.0014090813922476694 0.003986330667466263
-0.005326805691110221 -0.0013759093011801928 -0.0013759093011801928 0.003986631140870903
-0.00397235745049704 -0.001390787845218135 -0.001390787845218135 0.0013305250763571842
-0.0021214889821711954 -0.0012340544053747221 -0.0012340544053747221 0.0013314860735588576
-0.003975382732272063 -0.0003520704080586674 -0.0003520704080586674 0.0016766114769145267
-0.002124765353805745 -0.00019630706471618304 -0.00019630706471618304 0.0016771982448630675
-0.0010850085851913285 0.01464028172220405 0.01464028172220405 0.0017562311960000018
-0.004055233789773727 0.014724723267627388 0.014724723267627388 0.0017555125200631005
-0.0010848828707702863 0.012973138762170482 0.012973138762170482 0.001899608446145914
-0.004054763353344448 0.01305513568214843 0.01305513568214843 0.0018989702597970903
-0.005723031846826507 0.008551579116460126 0.008551579116460126 0.0036500822747657855
-0.007311121084904962 0.008622978881927099 0.008622978881927099 0.0036499208863667648
-0.005722656607537903 0.007662930714567598 0.007662930714567598 0.0037943884639403355
-0.007310539939823832 0.007733633676097638 0.007733633676097638 0.003794249448203888
-0.008231415325629227 0.006303409221078457 0.006303409221078457 0.0054773918955281
-0.009161275932168637 0.006318216631390025 0.006318216631390025 0.0054781881331582615
-0.008230980538102697 0.005783419595804601 0.005783419595804601 0.00550558929548992
-0.009160742781011595 0.005797990408664713 0.005797990408664713 0.005506315267758012
-0.009727879174853212 0.004413722308001015 0.004413722308001015 0.006862250011394948
-0.010350901773987254 0.004348545453834843 0.004348545453834843 0.00686372677743826
-0.009727454271610607 0.004065463961258328 0.004065463961258328 0.006716097358415614
-0.01035043753024072 0.004000177476497263 0.004000177476497263 0.00671744516135789
-0.010662592276531642 0.002579555281731041 0.002579555281731041 0.007823312969879885
-0.01089660989421225 0.0024728325134711535 0.0024728325134711535 0.007824268996063399
-0.010662374030039539 0.0024484164167878353 0.0024484164167878353 0.007586455918196926
-0.010896378604497154 0.0023416677498494113 0.0023416677498494113 0.007587344142979204
-0.010919285377568463 0.0006798399340775468 0.0006798399340775468 0.008165972311208398
-0.010752266256208004 0.00056041442892343 0.00056041442892343 0.008166240078739184
-0.010919322961475133 0.0007726272792323238 0.0007726272792323238 0.007900384740967
-0.010752275358103936 0.0006531797073336502 0.0006531797073336502 0.007900667299227952
-0.010456078810117236 -0.0011016525631719902 -0.0011016525631719902 0.007782472970568455
-0.00981701327110854 -0.0012063316917788477 -0.0012063316917788477 0.00778238371983433
-0.01045630760404125 -0.0007451508731921693 -0.0007451508731921693 0.007547935896161587
-0.009817147067361856 -0.0008499529177728595 -0.0008499529177728595 0.007547899054020121
-0.009162459734637602 -0.0022311725130838437 -0.0022311725130838437 0.006404127931214625
-0.00801456886055853 -0.0023029055280026738 -0.0023029055280026738 0.006403969962317866
-0.009162542069624694 -0.0015900931886365947 -0.0015900931886365947 0.006241258297649849
-0.008014516327166618 -0.0016621921364415688 -0.0016621921364415688 0.0062411499918805765
-0.007087540772972813 -0.0022021887376552965 -0.0022021887376552965 0.004045511881140089
-0.005704760812793599 -0.0021522217750610264 -0.0021522217750610264 0.004045747880811249
-0.007087463497028435 -0.0014282870068965288 -0.0014282870068965288 0.004154223766377766
-0.005704710538891533 -0.001378847158433395 -0.001378847158433395 0.004154339413257204
-0.004743168161545005 -0.0011372961390761509 -0.0011372961390761509 0.001954613784174945
-0.0034999554612585157 -0.0009476266203050332 -0.0009476266203050332 0.001955052271958339
-0.004743263651028215 -0.0004400845793632347 -0.0004400845793632347 0.0023782413799621465
-0.0035002592445886028 -0.00025087912985608413 -0.00025087912985608413 0.002378369561595157
-0.0010713319995218579 0.011714608433197394 0.011714608433197394 0.001901992961328879
-0.004004037604475619 0.011668987934211577 0.011668987934211577 0.0019048662599565056
-0.001071331042595356 0.010068679409632663 0.010068679409632663 0.001761511018152773
-0.004004034554614305 0.010020680522114129 0.010020680522114129 0.0017639798322353982
-0.005570020156636072 0.006800029666883565 0.006800029666883565 0.0038056479168034623
-0.0069107398989353966 0.006748453497780191 0.006748453497780191 0.003807230741345122
-0.005570029690445476 0.00604930268196098 0.00604930268196098 0.0036800442639135906
-0.006910752192665235 0.005997229522653024 0.005997229522653024 0.0036814659386587355
-0.007707856675645899 0.004956263106198202 0.004956263106198202 0.005449322216379202
-0.008544124599137858 0.0048696919806629855 0.0048696919806629855 0.0054509830578895625
-0.007707804624252508 0.004488301401252191 0.004488301401252191 0.005252275952194795
-0.008544073789350591 0.004401530238140803 0.004401530238140803 0.005253776578707046
-0.009033321787063441 0.003210310081249195 0.003210310081249195 0.006563339028258137
-0.009532860121648938 0.003083010329757351 0.003083010329757351 0.006564821682347633
-0.009033232080484685 0.0029307197898125878 0.0029307197898125878 0.006278584567770084
-0.00953277640267381 0.0028033345153308 0.0028033345153308 0.006279933303265849
-0.009801451880073747 0.0016227110268972756 0.0016227110268972756 0.0073693692872479535
-0.010035289010097564 0.0014588849474447662 0.0014588849474447662 0.0073703976090182316
-0.00980144682033328 0.0014919579485576833 0.0014919579485576833 0.007004294356621379
-0.010035303428696464 0.0013280884861617476 0.0013280884861617476 0.0070052589179212124
-0.010079334794033609 1.00155162852168e-05 1.00155162852168e-05 0.00767798901882291
-0.009963450721611028 -0.00014510879058888412 -0.00014510879058888412 0.007678333613454074
-0.010079277753025294 7.459203183847223e-05 7.459203183847223e-05 0.007332176433840443
-0.009963374762369286 -8.056159218437503e-05 -8.056159218437503e-05 0.007332541675878798
-0.009727318058996981 -0.0013856048607133963 -0.0013856048607133963 0.007351341055435208
-0.009193907382677806 -0.0015206619801928268 -0.0015206619801928268 0.007351334181171313
-0.009726899341303939 -0.0010880426426257196 -0.0010880426426257196 0.007049696917793904
-0.009193400285882145 -0.001223196981927486 -0.001223196981927486 0.007049759312119193
-0.008677042791487491 -0.0020955827205560535 -0.0020955827205560535 0.006124409343852928
-0.007797050629319071 -0.002163381772471931 -0.002163381772471931 0.006124330767417355
-0.008676029479569497 -0.0016042046473968578 -0.0016042046473968578 0.005972045854151543
-0.0077959521161476645 -0.0016722199964577806 -0.0016722199964577806 0.005972013377998989
-0.007129428940205785 -0.0018591050372101378 -0.0018591050372101378 0.00425126477627095
-0.00618953798736885 -0.001787166290755152 -0.001787166290755152 0.004251334285433696
-0.007128318225572228 -0.001333186953719687 -0.001333186953719687 0.004411249665999456
-0.006188471962765263 -0.0012614954825696822 -0.0012614954825696822 0.004411215635378488
-0.005578909351795866 -0.0009072425021747569 -0.0009072425021747569 0.002699938680953445
-0.004855737292637779 -0.0007036953957199371 -0.0007036953957199371 0.002699866258788022
-0.005578295553286896 -0.0005017411825909568 -0.0005017411825909568 0.0031555964192452367
-0.004855246048874065 -0.00029838295938329213 -0.00029838295938329213 0.0031553221516328824
-0.0009525683293669366 0.008910074557757091 0.008910074557757091 0.0016141239560778689
-0.0035595938865577064 0.008804434356030344 0.008804434356030344 0.0016174185730527028
-0.0009526198084212633 0.007446520459979141 0.007446520459979141 0.001350737538894513
-0.0035597870023564905 0.007338989531357362 0.007338989531357362 0.0013535006236485574
-0.004961203294069599 0.0053961166409571175 0.0053961166409571175 0.0035171407531957672
-0.006177969820690978 0.005254549557520776 0.005254549557520776 0.0035196346787664404
-0.00496134014828867 0.004714341095682499 0.004714341095682499 0.0031928636656238245
-0.0061782012556026 0.00457234401415463 0.00457234401415463 0.0031950652484621445
-0.0069213385656431625 0.003875558560272605 0.003875558560272605 0.00505474071577559
-0.007733824796072867 0.003720224299251033 0.003720224299251033 0.00505665684123409
-0.006921488511297372 0.003420696022647579 0.003420696022647579 0.004704265018421117
-0.007734041668381568 0.003265154090762205 0.003265154090762205 0.004705968990465257
-0.008204499736325465 0.002352978617689127 0.002352978617689127 0.0060472768367599294
-0.008675185618268848 0.002194879950491105 0.002194879950491105 0.006048525316641832
-0.00820459819890286 0.002089479027380708 0.002089479027380708 0.005693066561626031
-0.008675324864201537 0.0019312925000066275 0.0019312925000066275 0.005694192113627812
-0.008929042095644556 0.0009768276047691568 0.0009768276047691568 0.0067335000516107486
-0.009148690296478627 0.0008071758919900113 0.0008071758919900113 0.006734306396381914
-0.008929155532766438 0.0008539263495915863 0.0008539263495915863 0.006354492251865531
-0.00914883285140153 0.0006842304220805205 0.0006842304220805205 0.006355246345513157
-0.009212141479834084 -0.0003309227861485026 -0.0003309227861485026 0.007057496159095031
-0.009160906511923562 -0.0005132604261813511 -0.0005132604261813511 0.00705796229465309
-0.009212107392044975 -0.00030248536015154624 -0.00030248536015154624 0.006650855165202597
-0.00916086504647625 -0.00048485964292338096 -0.00048485964292338096 0.006651334651984995
-0.009005910824350065 -0.0013849178859461763 -0.0013849178859461763 0.006815168945826273
-0.00862859305828462 -0.0015373031481457121 -0.0015373031481457121 0.0068153091280114325
-0.009005304582491078 -0.0011746152637067593 -0.0011746152637067593 0.006475386947790797
-0.008627925123360188 -0.0013270642723431083 -0.0013270642723431083 0.006475590965973114
-0.008282979554309988 -0.0018103943789619728 -0.0018103943789619728 0.005870725891667761
-0.007716148199643789 -0.0018660646670399697 -0.0018660646670399697 0.005870732832664356
-0.008281935443412096 -0.0014939149363846856 -0.0014939149363846856 0.005746378257746509
-0.00771506690893086 -0.0015496758334431842 -0.0015496758334431842 0.005746416649701429
-0.007308679917629923 -0.0015069171478378726 -0.0015069171478378726 0.004546733521972956
-0.006767438403203118 -0.0014130177556416364 -0.0014130177556416364 0.0045466187120904705
-0.00730772148058046 -0.0012039906725040568 -0.0012039906725040568 0.004756409741643346
-0.006766516610312036 -0.0011101806463457242 -0.0011101806463457242 0.004756219871203387
-0.006441843522837512 -0.0007195702955061478 -0.0007195702955061478 0.0035114761158350624
-0.006098635035639456 -0.0004892345536151326 -0.0004892345536151326 0.0035109561072083095
-0.006441399790137641 -0.0005268478613980863 -0.0005268478613980863 0.0040264831577323315
-0.006098247609459851 -0.00029660208919559983 -0.00029660208919559983 0.004025846042077401
-0.0007976790898183853 0.00645886037310246 0.00645886037310246 0.0011516044584424924
-0.002980175312498015 0.006341119221229046 0.006341119221229046 0.0011539959244130002
-0.000797737993485882 0.005233141989644306 0.005233141989644306 0.0008709577380780342
-0.002980395947683829 0.005114068740463381 0.005114068740463381 0.0008729100965958818
-0.004184739639570693 0.004216327384554026 0.004216327384554026 0.0029401522516994552
-0.005289267775431472 0.004055297356038389 0.004055297356038389 0.0029421543291734487
-0.004184899668405807 0.003596984871272381 0.003596984871272381 0.0025740496131806444
-0.005289550105478411 0.003435589395078641 0.003435589395078641 0.0025757762611776807
-0.005997807196194952 0.003020995693727935 0.003020995693727935 0.004410930080154535
-0.006827685679654144 0.0028205465582084063 0.0028205465582084063 0.004412858032923721
-0.005998113664502504 0.0025562764425270113 0.0025562764425270113 0.003959567902905723
-0.006828112756536329 0.0023555937752909387 0.0023555937752909387 0.003961248560275029
-0.007311889891311105 0.0017582896511680616 0.0017582896511680616 0.005410507769285019
-0.007802194248827832 0.0015712190312245785 0.0015712190312245785 0.005411700237638066
-0.0073121373748293 0.0014837590829483533 0.0014837590829483533 0.0049912334099890595
-0.007802511040880881 0.0012965843029919485 0.0012965843029919485 0.00499229350925237
-0.008070874944598752 0.0005856817114571239 0.0005856817114571239 0.006075395948464928
-0.008310822338023 0.00041359705210094273 0.00041359705210094273 0.006076091426139157
-0.008071037094277828 0.0004512717499687584 0.0004512717499687584 0.0056905476998702085
-0.00831101657388254 0.0002791393047634726 0.0002791393047634726 0.00569118527561932
-0.008401843515253807 -0.0004635828327208443 -0.0004635828327208443 0.006367435399794082
-0.008405613011258728 -0.0006285992064538617 -0.0006285992064538617 0.006367865134312973
-0.008401761298482304 -0.00046606777604658514 -0.00046606777604658514 0.005999086000630032
-0.00840552197919922 -0.000631113650443306 -0.000631113650443306 0.005999505754418497
-0.00833865372335285 -0.0011997965179533973 -0.0011997965179533973 0.0062395952781848976
-0.00814855375091737 -0.001336429636791598 -0.001336429636791598 0.006239827226143603
-0.008338227011086854 -0.0010940306528063595 -0.0010940306528063595 0.005934921289594893
-0.008148096397183618 -0.001230693524129551 -0.001230693524129551 0.00593517925508282
-0.00798476958329799 -0.0014409818676268055 -0.0014409818676268055 0.0056643220297631506
-0.00772868375852848 -0.00148586014796298 -0.00148586014796298 0.005664376198060898
-0.007984261541670607 -0.0012979941795720532 -0.0012979941795720532 0.005564293973512682
-0.007728166261517982 -0.0013428920253594429 -0.0013428920253594429 0.00556436343546236
-0.007567117811441057 -0.0011547528685244691 -0.0011547528685244691 0.004913490031109319
-0.007386496786767985 -0.001056523760848933 -0.001056523760848933 0.0049132587631952945
-0.007566855065756477 -0.0010533554681096933 -0.0010533554681096933 0.005132686707325096
-0.007386244738308618 -0.0009551454125079276 -0.0009551454125079276 0.005132427445663558
-0.007308372029165613 -0.0005429025018994754 -0.0005429025018994754 0.004402408106735515
-0.007279060943791745 -0.00031362846240656225 -0.00031362846240656225 0.00440168764633851
-0.007308428877156344 -0.0005257357746513759 -0.0005257357746513759 0.004914079080515647
-0.007279114932766177 -0.0002965186879402738 -0.0002965186879402738 0.0049133410678815345
-0.0006369152027753775 0.00443600735198926 0.00443600735198926 0.0006881979182887413
-0.0023790372062268434 0.004342990152479731 0.004342990152479731 0.0006893630557358017
-0.0006369631050362025 0.0034571982217752725 0.0034571982217752725 0.00047009190336561686
-0.002379216462947378 0.0033633322438736623 0.0033633322438736623 0.00047101489487533444
-0.0033891599758233567 0.003207038650227823 0.003207038650227823 0.0023016972995820893
-0.004404634700213634 0.0030409934150283815 0.0030409934150283815 0.0023032159151797384
-0.0033893070168553646 0.002637255155515211 0.002637255155515211 0.0019256820222702234
-0.004404900061422994 0.002470894423702193 0.002470894423702193 0.0019269430566760271
-0.005064299143729712 0.0022661872291623703 0.0022661872291623703 0.003631624116522841
-0.0058499706750909436 0.00206933986463466 0.00206933986463466 0.003633074393478547
-0.005064608392712933 0.001825914779020069 0.001825914779020069 0.003188699696061629
-0.005850396369544019 0.0016288547206552016 0.0016288547206552016 0.0031899241933255307
-0.006341823716981949 0.0013128029574979458 0.0013128029574979458 0.004675810718704482
-0.006898291034542972 0.0011160493138831205 0.0011160493138831205 0.004676877418728046
-0.0063422073244707505 0.0010012259106979937 0.0010012259106979937 0.004234662141594039
-0.006898766530731417 0.0008043447371068864 0.0008043447371068864 0.004235579641062279
-0.007221700403693049 0.00036690910749986665 0.00036690910749986665 0.005409374123254398
-0.007545934248228691 0.00019585813068686647 0.00019585813068686647 0.00541001025461761
-0.007221977417781692 0.0001853231310801048 0.0001853231310801048 0.005026673811578497
-0.0075462556450779025 1.4211432670165432e-05 1.4211432670165432e-05 0.005027232770441893
-0.007703661658217673 -0.00044432179950611915 -0.00044432179950611915 0.005753465522423916
-0.00780684373168753 -0.0005796019023757911 -0.0005796019023757911 0.005753794069701444
-0.007703656184854407 -0.0005023923493560001 -0.0005023923493560001 0.005451178444818189
-0.0078068394124049595 -0.0006376950101276751 -0.0006376950101276751 0.005451477982783429
-0.00784025673437729 -0.0009505051361916869 -0.0009505051361916869 0.005750252444824298
-0.007826353505977341 -0.0010397121621168095 -0.0010397121621168095 0.005750404041148379
-0.00784010544907225 -0.0009430287254303046 -0.0009430287254303046 0.005550999229355527
-0.007826194266986745 -0.001032244043814821 -0.001032244043814821 0.005551145761553513
-0.0078181565395718 -0.001066412108370269 -0.001066412108370269 0.005514614837997642
-0.0078107724836672015 -0.001081918729419684 -0.001081918729419684 0.0055146177675134455
-0.007818144393406544 -0.00106223039737511 -0.00106223039737511 0.005479865094975424
-0.007810761038873695 -0.0010777369302570586 -0.0010777369302570586 0.005479869114739254
-0.00783957436582389 -0.0008231757415838048 -0.0008231757415838048 0.005277472336554137
-0.007928800396105426 -0.0007434023990079152 -0.0007434023990079152 0.005277267796393977
-0.00783984174678231 -0.0008726009359729237 -0.0008726009359729237 0.005455250188351595
-0.007929058845493917 -0.0007928360999430205 -0.0007928360999430205 0.005455051782307868
-0.008024510632546163 -0.00039115801204534076 -0.00039115801204534076 0.005238125406477322
-0.008198880119034083 -0.0002229657607179433 -0.0002229657607179433 0.005237635140186015
-0.008024846073409104 -0.00048806277782036393 -0.00048806277782036393 0.005613124743107667
-0.008199187526425553 -0.0003199088564366824 -0.0003199088564366824 0.005612669908390784
-0.0004867914812582379 0.0028295941316284186 0.0028295941316284186 0.0003211534224173123
-0.001817920852829957 0.0027476676689104453 0.0027476676689104453 0.0003217888330589509
-0.0004868248192854931 0.0020814058511152635 0.0020814058511152635 0.00013250131976353234
-0.0018180455332682914 0.001998981667022994 0.001998981667022994 0.00013298094276231395
-0.0026593154433796353 0.0022601184449189326 0.0022601184449189326 0.0016688359989841723
-0.0036261365603115292 0.0021164059617544786 0.0021164059617544786 0.0016697910700970756
-0.002659446944512015 0.0017173931172516383 0.0017173931172516383 0.0013438656928361804
-0.0036263625021270658 0.0015733993281149378 0.0015733993281149378 0.0013446058671237673
-0.004251755655940233 0.001590148548510692 0.001590148548510692 0.0028998997604172193
-0.00499339449293455 0.0014369456003274547 0.0014369456003274547 0.0029007072358535374
-0.004251991304500949 0.0011742974285663006 0.0011742974285663006 0.0025551140542358795
-0.00499371449280797 0.001020916802839286 0.001020916802839286 0.0025557540352951088
-0.005479617702310989 0.0009192820258612936 0.0009192820258612936 0.003942818297952408
-0.006065449617099104 0.000761391133500177 0.000761391133500177 0.003943482930647528
-0.00547995507130353 0.0005911399688715308 0.0005911399688715308 0.003588610087875228
-0.006065859997024314 0.000433127274102284 0.000433127274102284 0.0035891438407796936
-0.006431516581433751 0.00025080623992388145 0.00025080623992388145 0.00476980912244685
-0.00684434525449435 0.000109167587288818 0.000109167587288818 0.004770240478858013
-0.006431837812621652 1.9683615995824574e-05 1.9683615995824574e-05 0.004452692475899034
-0.006844714602417566 -0.00012202383253427902 -0.00012202383253427902 0.004453043353810061
-0.007085891972817084 -0.0003080436916128289 -0.0003080436916128289 0.005249216130091511
-0.007331364596947034 -0.0004188612663488907 -0.0004188612663488907 0.0052494510457308085
-0.007086084105295528 -0.00044551543242623073 -0.00044551543242623073 0.0050013784245984075
-0.007331576694270896 -0.0005563626902235319 -0.0005563626902235319 0.005001573907446784
-0.007478299776603846 -0.0006612776603314638 -0.0006612776603314638 0.005429763913046729
-0.007633162757109398 -0.0007195766627839946 -0.0007195766627839946 0.005429841124925417
-0.007478416631445466 -0.0007479685212522253 -0.0007479685212522253 0.005299275616584248
-0.007633287309499613 -0.0008062773835560392 -0.0008062773835560392 0.0052993412610839
-0.0077495907094109326 -0.0007350559677281322 -0.0007350559677281322 0.005467312821860554
-0.00791317119908544 -0.0007339623318768285 -0.0007339623318768285 0.005467276221523218
-0.007749792140211226 -0.0008263905757801764 -0.0008263905757801764 0.00546941140642871
-0.007913377088928203 -0.0008253037833697907 -0.0008253037833697907 0.005469379700141797
-0.008059543331292815 -0.0005671149611237204 -0.0005671149611237204 0.005563145295016772
-0.008297373032118876 -0.0005136802415615167 -0.0005136802415615167 0.00556302638526201
-0.008059906159704058 -0.0006997224093655927 -0.0006997224093655927 0.005682105414277122
-0.008297725785540954 -0.0006463056042108641 -0.0006463056042108641 0.005682003519814132
-0.00849941471588676 -0.0002703953176090129 -0.0002703953176090129 0.005845161683075434
-0.00881489605970367 -0.00015324279926884197 -0.00015324279926884197 0.005844877314497753
-0.008499849003658386 -0.0004462193244910608 -0.0004462193244910608 0.006106043444369123
-0.00881529667508969 -0.0003291083739233205 -0.0003291083739233205 0.006105805454941924
-0.00037165193886590686 0.001605036177090413 0.001605036177090413 9.519067238017713e-06
-0.0013877184666081829 0.0015403777900178824 0.0015403777900178824 9.841050044492557e-06
-0.00037166550717169025 0.0010337725262690215 0.0010337725262690215 -0.00013775302402765037
-0.0013877691950930926 0.0009688234792827505 0.0009688234792827505 -0.00013754113294568097
-0.0020950180220569424 0.0013814231829800939 0.0013814231829800939 0.0011499264843206954
-0.0030112156730005488 0.0012910469184762912 0.0012910469184762912 0.0011503173443775795
-0.0020950974901581152 0.0008669866436329124 0.0008669866436329124 0.0009455568932862871
-0.0030113482493046846 0.0007763692450913111 0.0007763692450913111 0.0009458165508295462
-0.003620773940568177 0.0010123806143810497 0.0010123806143810497 0.0023458287205750565
-0.004369596239491951 0.0009121558098475734 0.0009121558098475734 0.002346176819237835
-0.0036209151321928727 0.0005924017559341807 0.0005924017559341807 0.002120168775302011
-0.004369791146668216 0.000492011034792238 0.000492011034792238 0.002120404231200881
-0.004865121606241417 0.0005887239090166258 0.0005887239090166258 0.00338410738673744
-0.005469632483193103 0.0004985220174663488 0.0004985220174663488 0.003384341525610266
-0.004865321798937487 0.00025004950853414894 0.00025004950853414894 0.003181469717105806
-0.005469878792004972 0.0001597379572784876 0.0001597379572784876 0.0031816293435970146
-0.005862467570184574 0.00019040179755575276 0.00019040179755575276 0.004257383633819376
-0.006330647358133229 9.472573260462974e-05 9.472573260462974e-05 0.00425758227991927
-0.005862695467171547 -7.167500564147207e-05 -7.167500564147207e-05 0.0040430533847425395
-0.006330911598442687 -0.00016742137080608124 -0.00016742137080608124 0.0040431897254048655
-0.006629126792986535 -0.00014001447797059333 -0.00014001447797059333 0.004847515855394263
-0.006975936202611036 -0.00021621520456985882 -0.00021621520456985882 0.004847631472045311
-0.006629335528800455 -0.0003340432955886251 -0.0003340432955886251 0.0046769727695357925
-0.006976167671230356 -0.00041028327468948004 -0.00041028327468948004 0.0046770531405291235
-0.007207566006824449 -0.00035910391547674866 -0.00035910391547674866 0.005214001502470986
-0.007493166578094522 -0.00040405761092988094 -0.00040405761092988094 0.005214051030377854
-0.007207766598897012 -0.0005187814353588413 -0.0005187814353588413 0.00511335572163383
-0.007493380324065279 -0.0005637593429757429 -0.0005637593429757429 0.005113390530321709
-0.007702046226774942 -0.00042273409940164893 -0.00042273409940164893 0.005466112355455089
-0.00798716054061237 -0.0004267782118016207 -0.0004267782118016207 0.00546610230612092
-0.007702276230996962 -0.0005819968147502337 -0.0005819968147502337 0.005456799826729374
-0.007987395854333074 -0.0005860627166611104 -0.0005860627166611104 0.0054567925080068955
-0.008214613202406013 -0.00033502478079067653 -0.00033502478079067653 0.0057543981328787
-0.008551447641430142 -0.0002988290479767343 -0.0002988290479767343 0.005754333688331115
-0.00821491605692234 -0.0005229891017012049 -0.0005229891017012049 0.005834814703874614
-0.008551743171764206 -0.00048682531517755775 -0.00048682531517755775 0.005834769233876948
-0.008823308672053233 -0.00014992267577347869 -0.00014992267577347869 0.006263135744650118
-0.009229784649700904 -7.332267319883862e-05 -7.332267319883862e-05 0.006262997112721212
-0.008823662189789703 -0.0003765809370191561 -0.0003765809370191561 0.00643345058555633
-0.009230112709073849 -0.0003000320401138519 -0.0003000320401138519 0.006433354101017255
-0.0003187499236173382 0.0006663487616067091 0.0006663487616067091 -0.00019824260510096435
-0.0011901020937147848 0.0006586800862544182 0.0006586800862544182 -0.00019819138097819557
-0.00031874195970802794 0.00017641747332147902 0.00017641747332147902 -0.0002161093825107089
-0.001190072356510341 0.00016853858548946242 0.00016853858548946242 -0.000216095657305441
-0.0018196021612485007 0.0006262508727345352 0.0006262508727345352 0.0008462255151799514
-0.0026680611525074006 0.0005969387891352696 0.0005969387891352696 0.0008462871104040711
-0.0018195714556288386 0.00014978453227857124 0.00014978453227857124 0.0007798385441121586
-0.002668040630398379 0.00012027237627422035 0.00012027237627422035 0.0007798550495520581
-0.003259884543102631 0.0005071097747510487 0.0005071097747510487 0.002000085933976412
-0.00402824706417224 0.00046211391796195997 0.00046211391796195997 0.0020001606918160315
-0.0032598804456223387 7.615898645367639e-05 7.615898645367639e-05 0.0018987622052990443
-0.004028264725220354 3.099789827778119e-05 3.099789827778119e-05 0.0018987822388639704
-0.00453752438503355 0.0003175235922206556 0.0003175235922206556 0.00307134024289944
-0.005160376148268513 0.0002743426822869551 0.0002743426822869551 0.003071392941959102
-0.004537552098131087 -3.145384609056094e-05 -3.145384609056094e-05 0.002974346047700565
-0.005160424721786603 -7.474376563941398e-05 -7.474376563941398e-05 0.002974360169949183
-0.0055655928314290014 0.00013627941879379438 0.00013627941879379438 0.003929357687590967
-0.006049667211336012 9.385600526231778e-05 9.385600526231778e-05 0.003929397106165728
-0.005565643594357765 -0.00013470472891819805 -0.00013470472891819805 0.0038342847992909397
-0.006049734344310945 -0.00017719455715928557 -0.00017719455715928557 0.0038342953626413698
-0.006374474893228162 4.821112863462757e-06 4.821112863462757e-06 0.004588724123667965
-0.006777730202686711 -2.6134901386219443e-05 -2.6134901386219443e-05 0.004588743733860556
-0.00637454936971499 -0.00022070234112866368 -0.00022070234112866368 0.004519352347999191
-0.006777817805678035 -0.0002517039574303875 -0.0002517039574303875 0.004519357602951884
-0.0070535446809749155 -8.512758745401607e-05 -8.512758745401607e-05 0.00506051642115936
-0.007403741418419765 -0.00010409054666867497 -0.00010409054666867497 0.00506052429461069
-0.007053624353678137 -0.00028086897248844815 -0.00028086897248844815 0.005017992334109372
-0.007403829895292525 -0.0002998656080070228 -0.0002998656080070228 0.005017994443876198
-0.007660115598034761 -0.00011520268434984208 -0.00011520268434984208 0.005443948767241968
-0.008010348647607822 -0.00012615716786657516 -0.00012615716786657516 0.00544395357185097
-0.0076602099008020634 -0.0003108465028515971 -0.0003108465028515971 0.005419383766473743
-0.008010447921362454 -0.0003218341989311828 -0.0003218341989311828 0.005419385053870598
-0.00828223700724825 -9.717993464061138e-05 -9.717993464061138e-05 0.005865646767486091
-0.008674914936593324 -9.48507235975785e-05 -9.48507235975785e-05 0.0058656442844224575
-0.00828235871517271 -0.00031636026866557195 -0.00031636026866557195 0.005870713102507657
-0.008675036713266656 -0.0003140728280074223 -0.0003140728280074223 0.0058707124371438725
-0.00898315365530969 -4.397711377921172e-05 -4.397711377921172e-05 0.006510599251842631
-0.009432715258383632 -2.518859478755439e-05 -2.518859478755439e-05 0.0065105831303912546
-0.008983295451272322 -0.0002947279809475651 -0.0002947279809475651 0.006552267438453486
-0.009432850674291084 -0.00027599471855511737 -0.00027599471855511737 0.0065522631188827014
eps_abs 640
0.0024088989457082327 0.0013314662893134674 0.0013314662893134674 0.019001702254918693
0.00896192524759228 0.0015702431932665096 0.0015702431932665096 0.019000577086798986
0.0024087754250105347 0.005067528089021455 0.005067528089021455 0.0194113638151648
0.008961459451063292 0.0049543432237330225 0.0049543432237330225 0.019406550262171248
0.015421583284973676 0.002451547602575951 0.002451547602575951 0.032403975508305656
0.026531316726376455 0.00343107212253299 0.00343107212253299 0.03240644954299485
0.015420240295137258 0.008770025469820626 0.008770025469820626 0.031021237794833123
0.026524651776933684 0.009378782095201597 0.009378782095201597 0.031030461052798504
0.03382600533875254 0.003691065819650665 0.003691065819650665 0.04874016719550457
0.04298643452756375 0.005815037795832696 0.005815037795832696 0.04874885741407922
0.03381079401033097 0.008426390845620432 0.008426390845620432 0.04388885461192094
0.04295542471478702 0.010446999893531553 0.010446999893531553 0.04392112961783941
0.048284818171937215 0.006140833732820421 0.006140833732820421 0.059950699621206915
0.05362529532762206 0.00851928827564002 0.00851928827564002 0.05995711073479806
0.04825597651092754 0.008578479862364674 0.008578479862364674 0.0543956647347885
0.053584990057797974 0.010888629006105089 0.010888629006105089 0.05441943884593005
0.05611875285009477 0.008970042794049692 0.008970042794049692 0.06592100149573127
0.05757479343861302 0.010479797029923596 0.010479797029923596 0.06592241052677617
0.056107120398497495 0.009356205452635406 0.009356205452635406 0.061148987055440016
0.057561648064742905 0.01143447850730588 0.01143447850730588 0.06115421997447439
0.05754332539386111 0.011032342502251699 0.011032342502251699 0.06627923924887086
0.05596549186175744 0.012383011391066345 0.012383011391066345 0.06627801134168944
0.05756499111911011 0.010059617852159773 0.010059617852159773 0.06302679562192609
0.05598907452098245 0.011465004991306415 0.011465004991306415 0.0630222310101383
0.05337860395995517 0.012047828686048602 0.012047828686048602 0.06035317566364064
0.04781000370569559 0.012292400941505306 0.012292400941505306 0.06035177418162045
0.05346402408646631 0.008861039486257077 0.008861039486257077 0.05977107824041067
0.047895495381415853 0.009248699897034496 0.009248699897034496 0.05976584680256912
0.041379531981665656 0.010098569358079252 0.010098569358079252 0.04863393375858601
0.029235917271071242 0.007948489103822128 0.007948489103822128 0.04864289252514552
0.04156491038702759 0.003853554692540891 0.003853554692540891 0.05346284592824592
0.029381040846201766 0.0032667372622295805 0.0032667372622295805 0.05350287834073644
0.020704235073799142 0.005701040821680818 0.005701040821680818 0.03075540677666271
0.008955786030239518 0.001975574913812406 0.001975574913812406 0.030777170589830188
0.020812988897353953 0.005679417895176638 0.005679417895176638 0.040847015205237355
0.00898806996407042 0.007880753123363836 0.007880753123363836 0.0409423910807987
0.004910431979274131 0.001965922172991052 0.001965922172991052 0.022266959893056243
0.0013172038923754765 0.000892231859003699 0.000892231859003699 0.0222672976356295
0.004913882868352686 0.003328428451538634 0.003328428451538634 0.023589018994818824
0.0013181309200896686 0.002821235913144597 0.002821235913144597 0.023590981467727482
0.0027488997871362134 0.00830336122245901 0.00830336122245901 0.018957490460004178
0.010221338803268172 0.009119620948840074 0.009119620948840074 0.018965231194944032
0.0027461435582356686 0.012483461970217215 0.012483461970217215 0.017414126638070324
0.0102111375675184 0.013223870451603923 0.013223870451603923 0.017422566873946024
0.014932699139871004 0.014425840789320177 0.014425840789320177 0.028727565824874957
0.02039546658746289 0.016682043851394417 0.016682043851394417 0.02877348252199566
0.014918164963657086 0.01739406227385053 0.01739406227385053 0.024232831039768137
0.020368157782851518 0.019536165422017037 0.019536165422017037 0.024286471635688655
0.02412419172361214 0.01638189741702598 0.01638189741702598 0.03887595279440464
0.02880086362234616 0.020628189433372947 0.020628189433372947 0.03895965222336262
0.02408732455471257 0.018987298418163594 0.018987298418163594 0.029594576949399504
0.028740557929558052 0.02307454228930491 0.02307454228930491 0.029696373059084995
0.03226869498428244 0.019860083287739236 0.019860083287739236 0.04791675597667772
0.03683574059934256 0.02511202398996354 0.02511202398996354 0.04798926019440223
0.032194410766352335 0.02245628919240987 0.02245628919240987 0.03559178119242192
0.03673174164444583 0.02767150111635578 0.02767150111635578 0.03568824397083665
0.040003442129272704 0.024747540986975354 0.024747540986975354 0.055001369074574064
0.04358915919423566 0.02987948098147317 0.02987948098147317 0.055031662468488854
0.039924028969072406 0.02672182305174595 0.02672182305174595 0.042927699441207945
0.043489634548058737 0.03182092362971529 0.03182092362971529 0.04297949261165595
0.045746812124697264 0.02964012266520398 0.02964012266520398 0.05859785857193884
0.04748040672271314 0.033260366493733845 0.033260366493733845 0.05859243684281727
0.04571698125021204 0.030635389744137466 0.030635389744137466 0.04991426206619305
0.04744606232635773 0.034128557747151005 0.034128557747151005 0.04991895877563674
0.048722511347104085 0.031037541583505898 0.031037541583505898 0.05817620184135224
0.04948212427147184 0.03204481210128889 0.03204481210128889 0.05816408618150058
0.04874791270070009 0.031070802526698298 0.031070802526698298 0.05501010633462654
0.049508211718229125 0.03240777795131896 0.03240777795131896 0.05500066204107403
0.0506044794769551 0.025177463270030412 0.025177463270030412 0.0567895049349927
0.051459695195499006 0.022845646010601614 0.022845646010601614 0.05683802449175184
0.05056347331240934 0.026387727041752726 0.026387727041752726 0.06208061083440492
0.05142169845261019 0.024000735519588267 0.024000735519588267 0.062128326144471335
0.050472131503933086 0.01831175257304236 0.01831175257304236 0.05065318431378564
0.047002631809898034 0.011457833469223777 0.011457833469223777 0.05085429759958784
0.05058766076086597 0.018202509883659256 0.018202509883659256 0.06790055923530439
0.04709276099706864 0.011598703460348539 0.011598703460348539 0.06813954907204703
0.03601386603721417 0.01115626016426482 0.01115626016426482 0.03407426265076439
0.009776375621691794 0.004442666017590437 0.004442666017590437 0.03426479468449934
0.03654126562248495 0.00952364128129271 0.00952364128129271 0.0631766973678073
0.009922700099095908 0.018117736464561593 0.018117736464561593 0.06375218600510318
0.0020863763298821173 0.015621688068819722 0.015621688068819722 0.015288160342695683
0.007764924118583727 0.017539571523027993 0.017539571523027993 0.015340940855111854
0.002080829523384549 0.01885083566779694 0.01885083566779694 0.010856595408587081
0.007744370144859451 0.020755688555639397 0.020755688555639397 0.010910929330495195
0.010146499903966452 0.021505995601252537 0.021505995601252537 0.02010967576237505
0.011080677729132142 0.02457753619362176 0.02457753619362176 0.020189631687209796
0.010145445153261367 0.02201874019298636 0.02201874019298636 0.013207437025128754
0.011078761332219522 0.02507956457877307 0.02507956457877307 0.013278544962490525
0.011411937358299457 0.024530569874377742 0.024530569874377742 0.022558004645799455
0.011233846323069252 0.028997189301904425 0.028997189301904425 0.022664718370331054
0.011420961456971275 0.02436324026105939 0.02436324026105939 0.012933732437076162
0.011245821614305963 0.028807627763552442 0.028807627763552442 0.013016658238518797
0.011394036745899718 0.029151563638981914 0.029151563638981914 0.025769217800113296
0.01156846208106659 0.03558089598207315 0.03558089598207315 0.02589289813370326
0.011404816123242498 0.029048498169833525 0.029048498169833525 0.012265718105172197
0.011580155554966302 0.035431844297439036 0.035431844297439036 0.012347741705812428
0.012455545725301775 0.036551408481009115 0.036551408481009115 0.031104540975060845
0.015202006749328941 0.045398077031533354 0.045398077031533354 0.031213863996415372
0.012401976729526558 0.03724179396297058 0.03724179396297058 0.012711839095731392
0.015037266490557111 0.046001145968941747 0.046001145968941747 0.012776112313098269
0.017319812345146436 0.047912368212311936 0.047912368212311936 0.037427755313183306
0.019725065086280098 0.05937080870508969 0.05937080870508969 0.037472104798942196
0.017229836697619568 0.04855301458235005 0.04855301458235005 0.014172005368295984
0.01960330051778058 0.05986603406177183 0.05986603406177183 0.014209029417008212
0.021563624601746247 0.06355525326318265 0.06355525326318265 0.04179729894023128
0.023532005695377622 0.07736469190685788 0.07736469190685788 0.04174051949653969
0.021466253942741667 0.06392339452539601 0.06392339452539601 0.013668059845523361
0.02320991789429191 0.07752871079339108 0.07752871079339108 0.013671679195521291
0.02676421430295736 0.08279584536846872 0.08279584536846872 0.04827849801428286
0.031921978467826205 0.09971903902127298 0.09971903902127298 0.048001243707577426
0.02623449909057374 0.08392366705462251 0.08392366705462251 0.013007558934907841
0.03101855076084939 0.10053024322127839 0.10053024322127839 0.012984927999677051
0.03541967938426803 0.10838800554968049 0.10838800554968049 0.05455345315043678
0.03915690765011498 0.12765682520757557 0.12765682520757557 0.05402760054965294
0.035042217431952266 0.1079330208844774 0.1079330208844774 0.012392420564060471
0.038413587540349035 0.1267980189463152 0.1267980189463152 0.012234535610520814
0.04567855928474058 0.12999453961207408 0.12999453961207408 0.05120225116583103
0.05531654715027346 0.1476714984165596 0.1476714984165596 0.050447109992473926
0.04372909212827209 0.13191694983626015 0.13191694983626015 0.010912086009152413
0.05311694277632773 0.14924847846812492 0.14924847846812492 0.010299476682618283
0.0008001196128511496 0.020098833569899006 0.020098833569899006 0.008762385864443894
0.0029833022908068137 0.021091384576544393 0.021091384576544393 0.008789855704154033
0.000799178129067576 0.02120034158292283 0.02120034158292283 0.0071157254791082165
0.002979796804445689 0.022190764921678766 0.022190764921678766 0.007127357551724307
0.0034829718109258318 0.019756394000569166 0.019756394000569166 0.009878108859328308
0.003251779224701606 0.021185668010151884 0.021185668010151884 0.009911587358182957
0.0034853503958058147 0.01901404989239466 0.01901404989239466 0.007243461131149194
0.00325025868596747 0.020440588888934907 0.020440588888934907 0.0072632976060642545
0.0032749706404539974 0.01834015514537641 0.01834015514537641 0.008947110735433512
0.0035754092973211095 0.019770284792870324 0.019770284792870324 0.008970459879912183
0.003278666977519506 0.017095285365206655 0.017095285365206655 0.006509109834070806
0.003568657938882818 0.018521802036742488 0.018521802036742488 0.00651632118929833
0.004216234807174883 0.017135785317716316 0.017135785317716316 0.008513216931178218
0.005871181890266988 0.018359341570510963 0.018359341570510963 0.008528550063334993
0.004201433876847718 0.016079985121702257 0.016079985121702257 0.00646595114290194
0.0058492825406459715 0.017300950863091025 0.017300950863091025 0.006467739704352486
0.006990624653881107 0.015918754081040192 0.015918754081040192 0.008836859049486119
0.008547592626453932 0.01730248230441627 0.01730248230441627 0.008843823635860826
0.006969115743053164 0.014969910679672406 0.014969910679672406 0.007091787973164877
0.008522486945933326 0.016285008508461714 0.016285008508461714 0.007087226141554761
0.009312741036284254 0.01408976945726275 0.01408976945726275 0.009685607704328017
0.010230580336339452 0.016124868938058527 0.016124868938058527 0.009694342889980941
0.009300322219081596 0.013132694240062243 0.013132694240062243 0.008040852955853342
0.010216313651578452 0.015120322445793668 0.015120322445793668 0.008036912148964109
0.010458702501625857 0.012889888644958509 0.012889888644958509 0.010369356664951028
0.010677181714875673 0.014469387975305366 0.014469387975305366 0.010365225991640966
0.01046433741973435 0.01154641722934097 0.01154641722934097 0.008133275507925211
0.010682846729480406 0.013405212052780072 0.013405212052780072 0.008130426852490834
0.010656864167912108 0.011033930875807112 0.011033930875807112 0.010549806870913182
0.01062966243964641 0.012502406733999894 0.012502406733999894 0.010525074919716724
0.010677896447108967 0.010093752281965138 0.010093752281965138 0.007383522932735989
0.010629583982266202 0.011398520321393801 0.011398520321393801 0.007376366289403285
0.009699346046140284 0.009444616629417656 0.009444616629417656 0.008745807964732705
0.008322247468686704 0.010676275077145154 0.010676275077145154 0.008672686405107058
0.0097855580039371 0.007878943527547632 0.007878943527547632 0.004886916692772806
0.008317454718043715 0.00850489035531414 0.00850489035531414 0.0048871443642516076
0.006338063272079471 0.004501304004389922 0.004501304004389922 0.00801212906517646
0.005951408469103871 0.0031874207662448326 0.0031874207662448326 0.007881074323605727
0.006439996605535501 0.00372313219291667 0.00372313219291667 0.0016595045873788673
0.005819650589545411 0.0034303556088560987 0.0034303556088560987 0.0015987068145193843
0.0004991600101721494 0.021533999824713063 0.021533999824713063 0.0062853532693157195
0.0018628599020808312 0.022193605338259457 0.022193605338259457 0.006302535391165156
0.0004985898049885295 0.021676624356691744 0.021676624356691744 0.005129418320631827
0.0018607320398758669 0.02233574873238684 0.02233574873238684 0.00512967988641768
0.002302534914095874 0.01749753633874956 0.01749753633874956 0.005974831113213075
0.003195956783429702 0.018397668975217326 0.018397668975217326 0.005982531499326647
0.002302780462725316 0.016204517166191052 0.016204517166191052 0.004716014630271385
0.0031902312628449975 0.017102293669283286 0.017102293669283286 0.004719697009621141
0.004334033054485354 0.014617170268118644 0.014617170268118644 0.005505487569415424
0.00604306905696406 0.015624463538614434 0.015624463538614434 0.005510277620277265
0.004326916322490275 0.013596517915047995 0.013596517915047995 0.004890834300126307
0.006032026623939551 0.014601783211484878 0.014601783211484878 0.004881815980612517
0.007170383027411022 0.013106176227518333 0.013106176227518333 0.005876385189343101
0.008561403828889693 0.014125767373113428 0.014125767373113428 0.005872192666342623
0.007161240610394053 0.012308258909983143 0.012308258909983143 0.0061153459006586305
0.008550484578031061 0.013326153753854816 0.013326153753854816 0.006103282025065182
0.009499862920066588 0.011930503215959828 0.011930503215959828 0.007120780413956047
0.01081047434408812 0.012980703058650006 0.012980703058650006 0.007114727749429556
0.009488620835240724 0.011072871461177497 0.011072871461177497 0.007463139882210791
0.010797673306662075 0.012121359410453492 0.012121359410453492 0.007456996975094546
0.011416740709141011 0.009872748599969982 0.009872748599969982 0.008145994502921187
0.011990300738017469 0.010737255382817808 0.010737255382817808 0.008144859065627513
0.011414107008397597 0.009249817690976629 0.009249817690976629 0.008318631987895456
0.01198731110156755 0.010113273372695287 0.010113273372695287 0.008317266245112686
0.012012170258459322 0.007735305818535293 0.007735305818535293 0.00801912978455322
0.011742768146706172 0.008471205063424424 0.008471205063424424 0.008019864478221266
0.012021534758667927 0.007039466109457864 0.007039466109457864 0.008105252468032138
0.011752549978200535 0.007857370976353592 0.007857370976353592 0.008106109207853929
0.011251791657126264 0.005326189280777689 0.005326189280777689 0.006964237434464529
0.010275618546772279 0.005762145356953769 0.005762145356953769 0.006964900020094714
0.011270987832539442 0.004661832891640259 0.004661832891640259 0.006882070840398059
0.010293579727150387 0.005085230202502084 0.005085230202502084 0.006882787941996383
0.009015616484158839 0.003672898941477453 0.003672898941477453 0.004720568294269796
0.006641302237524701 0.0033660778302993834 0.0033660778302993834 0.004716716970943875
0.009047670269787712 0.002925323769106438 0.002925323769106438 0.004444525847172796
0.006667450263213371 0.0028658884238744603 0.0028658884238744603 0.00444362310313474
0.003960382273987216 0.0034423632549800925 0.0034423632549800925 0.0016760977415298782
0.0033215468337849784 0.0034184867209951287 0.0034184867209951287 0.0016667381452978127
0.004006468931969964 0.0014111293830242164 0.0014111293830242164 0.0011594997472942328
0.003271235954427236 0.0015688993771483795 0.0015688993771483795 0.0011573327212039
0.0005423991226592594 0.02143170796309571 0.02143170796309571 0.004470566811534573
0.002025640285686388 0.022028535684233748 0.022028535684233748 0.00448135109023493
0.0005420071369433661 0.02068327222619395 0.02068327222619395 0.0037591926482641444
0.0020241749098217935 0.021279223191546816 0.021279223191546816 0.0037555483630729264
0.00313052898827962 0.015110604208777887 0.015110604208777887 0.004140718905447698
0.005161181508345732 0.015814675908294728 0.015814675908294728 0.004140187314152475
0.0031273172319828545 0.013926859695098288 0.013926859695098288 0.00402180121214528
0.005155508393284913 0.014629158545186772 0.014629158545186772 0.004010495075322303
0.0064807020329234214 0.012303671853602021 0.012303671853602021 0.00501029177391134
0.00803698100071668 0.012906960942213783 0.012906960942213783 0.005003022985456256
0.006475546140690154 0.011430681712858527 0.011430681712858527 0.005263124450186535
0.008030496927016401 0.012032904829460988 0.012032904829460988 0.005255940897038505
0.009054523342721653 0.010438880415901792 0.010438880415901792 0.00641553763732842
0.010341412655087298 0.01103344353152858 0.01103344353152858 0.00641040593493856
0.009048738595554665 0.00971944159123559 0.00971944159123559 0.006716689644317317
0.01033466463662252 0.010313176219428875 0.010313176219428875 0.006711687968845161
0.011078820344892153 0.00869529935004472 0.00869529935004472 0.007760670301126895
0.011891942310644167 0.009198850774705895 0.009198850774705895 0.007758000273385079
0.011074874196110748 0.008143205118253208 0.008143205118253208 0.008062250331306073
0.011887514776962777 0.008646236440274178 0.008646236440274178 0.008059803645190522
0.012211768260738188 0.006478897276057029 0.006478897276057029 0.008505069874947804
0.012382732086844489 0.0068864703269715145 0.0068864703269715145 0.008504629836983704
0.012212478059145902 0.006166939549741156 0.006166939549741156 0.008682198413097362
0.012383432899591136 0.0065727427691943795 0.0065727427691943795 0.008681832911322976
0.012196251230587377 0.004335559277709668 0.004335559277709668 0.008172793535081229
0.011638556417879408 0.004571231721268531 0.004571231721268531 0.008173256595686487
0.012202933936390197 0.0040426182644132235 0.0040426182644132235 0.008230239746577555
0.01164543283634408 0.004275629812791951 0.004275629812791951 0.008230671218637983
0.010895059470410988 0.002708413331520528 0.002708413331520528 0.006845587975479259
0.00952781274429016 0.002688062735793181 0.002688062735793181 0.006846376614025136
0.010906745793593645 0.002340680248960292 0.002340680248960292 0.006827551682008697
0.00953949925053134 0.0023311774438004047 0.0023311774438004047 0.006828232854672311
0.008015758443137564 0.002666348694349517 0.002666348694349517 0.004224592505140756
0.005349873577075433 0.002743066731537015 0.002743066731537015 0.004223424814849668
0.008035652470714602 0.001778564501014718 0.001778564501014718 0.004018173563745856
0.005369027343884425 0.0018034649793677092 0.0018034649793677092 0.00401721605029259
0.0032936746496693933 0.0022345922160058283 0.0022345922160058283 0.0011089198458315715
0.00262615190269205 0.0021116834907893792 0.0021116834907893792 0.0011080087178618006
0.00331073362841649 0.0006673341398776186 0.0006673341398776186 0.001097960116703218
0.0026146395353737442 0.0005903088328262319 0.0005903088328262319 0.0010979753342996448
0.000839347541408005 0.019865909599791332 0.019865909599791332 0.0036227895172458576
0.003136040661426193 0.020267359243004095 0.020267359243004095 0.0036152937061696205
0.0008389255267608694 0.018575044197112332 0.018575044197112332 0.0036820048118467296
0.003134461278373601 0.01897485841209464 0.01897485841209464 0.003673540833039716
0.004655197888955658 0.012651553308824611 0.012651553308824611 0.004168668536239708
0.006542609691147571 0.013043422093289413 0.013043422093289413 0.004163621402269966
0.004653000426312157 0.011593567638899759 0.011593567638899759 0.004263682834374847
0.006539363401211844 0.01198428844356033 0.01198428844356033 0.00425869452705817
0.007725223664355085 0.00986654869481515 0.00986654869481515 0.005447187182331679
0.00910027083265764 0.01023813182568406 0.01023813182568406 0.005443006794970534
0.00772239141368102 0.009097003413229027 0.009097003413229027 0.005693175080708271
0.00909672541384058 0.009467917033995733 0.009467917033995733 0.00568912886815446
0.009951166701330227 0.00795312038304699 0.00795312038304699 0.006957784063954045
0.010935515118276912 0.008295778591193325 0.008295778591193325 0.006955032690119374
0.009948431195228823 0.007398699925276648 0.007398699925276648 0.007198482022385545
0.010932348108846537 0.007740964671509012 0.007740964671509012 0.007195906107283641
0.011470719021530587 0.0061219277947735014 0.0061219277947735014 0.0082406877369552
0.011992128588528458 0.006368972324652989 0.006368972324652989 0.008240122891358902
0.011469305127967094 0.005748051238284154 0.005748051238284154 0.00830885179029131
0.011990563029087077 0.0059702380152870235 0.0059702380152870235 0.008308339597151326
0.012149616647489796 0.004001043317450089 0.004001043317450089 0.008725953012696035
0.01211071470400452 0.004175195209665755 0.004175195209665755 0.008726036983507855
0.012150481062284422 0.003845530417745777 0.003845530417745777 0.00864666940428465
0.012111576363745354 0.003996202854477922 0.003996202854477922 0.008646737887374842
0.01182406092882117 0.0023102489263051268 0.0023102489263051268 0.008234566984305558
0.011135796234194494 0.0022899503820755537 0.0022899503820755537 0.008234703521675426
0.011827618361156492 0.0021828446936362524 0.0021828446936362524 0.00818131410071718
0.011139365123455465 0.002179481918142598 0.002179481918142598 0.008181431854572634
0.010321418176957031 0.002341652258447103 0.002341652258447103 0.006786146876329172
0.00883159075420141 0.002356452989995226 0.002356452989995226 0.006786405795037366
0.010327980983867665 0.0018296058928802025 0.0018296058928802025 0.006705445779394342
0.008838002964039417 0.0018363387632401188 0.0018363387632401188 0.006705646296612709
0.00743857183131025 0.002577986813078081 0.002577986813078081 0.003913419237069467
0.005162699074927278 0.002570210546082142 0.002570210546082142 0.003913997994897378
0.007447731058433498 0.0015646422103363334 0.0015646422103363334 0.003914515036642963
0.005171688080327284 0.0015323496323900105 0.0015323496323900105 0.003914934791505676
0.0035363294226255816 0.0017627520656382655 0.0017627520656382655 0.0011601536192683108
0.002675943047990889 0.0016509265824924024 0.0016509265824924024 0.0011605771503793408
0.003544984327441696 0.00047524671515415705 0.00047524671515415705 0.0013065836715137333
0.002674658702689365 0.00039805388349230253 0.00039805388349230253 0.0013071725443092662
0.0010288602087492659 0.017436987674352738 0.017436987674352738 0.003634387060191114
0.003845090798557761 0.01759766364942104 0.01759766364942104 0.0036346217309566192
0.0010285829477612854 0.015855652831062203 0.015855652831062203 0.003429180314928663
0.003844052818321334 0.016014107570380836 0.016014107570380836 0.0034291528348333253
0.005502164115514761 0.01038231753077698 0.01038231753077698 0.004363577371024767
0.007226935607004493 0.010620336552561522 0.010620336552561522 0.004360638827514401
0.005501112134879147 0.009416751078769959 0.009416751078769959 0.004481496802551166
0.007225307399133973 0.009653892780406487 0.009653892780406487 0.0044787704869901235
0.008269413902154136 0.007846312203752532 0.007846312203752532 0.005846654289489658
0.009406708133137157 0.008058910835863856 0.008058910835863856 0.005844380788306181
0.008268120502008581 0.007210404936372714 0.007210404936372714 0.005982188975094566
0.00940509871166845 0.007422600367089856 0.007422600367089856 0.005980062247291204
0.010100151426086623 0.005967132758397958 0.005967132758397958 0.007295598585756243
0.010873274999169558 0.0060923267003986665 0.0060923267003986665 0.007295615866723951
0.010098970597306632 0.005521414516902811 0.005521414516902811 0.00723730495638978
0.010871937245509822 0.0056464213305662475 0.0056464213305662475 0.007237312257196427
0.01126968456289238 0.004142324786332369 0.004142324786332369 0.008274221596867574
0.011598095821920711 0.004205331913164362 0.004205331913164362 0.00827481782910972
0.011269186524038844 0.0038976239997714087 0.0038976239997714087 0.008089005608222156
0.011597545817923403 0.003943414209135652 0.003943414209135652 0.00808954523930976
0.01165457283302386 0.0022928879729871266 0.0022928879729871266 0.008548817645365239
0.011501476750103717 0.002327278825034106 0.002327278825034106 0.008548999140340368
0.011654985908519757 0.0021943100524814425 0.0021943100524814425 0.008351020414249
0.011501870741010658 0.002212643957466031 0.002212643957466031 0.00835120004152514
0.011178874321623832 0.0015841695880076225 0.0015841695880076225 0.00810357632304743
0.010471414734112046 0.0016350776711574185 0.0016350776711574185 0.008103462198251853
0.01118034009214875 0.0014376539918632952 0.0014376539918632952 0.007929457644760997
0.010472810393457668 0.0013970428124819448 0.0013970428124819448 0.007929376040588467
0.00970926604477884 0.0022785002767914168 0.0022785002767914168 0.006624960349477163
0.008349091119789778 0.002324543419316563 0.002324543419316563 0.006624985931007665
0.009711773852500345 0.001770172926113821 0.001770172926113821 0.00650915814273541
0.008351430737609822 0.0017985517978813589 0.0017985517978813589 0.006509167617125959
0.007173199461235699 0.002497503279023519 0.002497503279023519 0.003923592553868363
0.005347960198731809 0.0024654684163206717 0.0024654684163206717 0.003924051702309394
0.007176223529982597 0.0015289198142195207 0.0015289198142195207 0.003987437851694183
0.00535094419072231 0.00149805976556721 0.00149805976556721 0.003987738325098822
0.0041318328386677075 0.001481907090343023 0.001481907090343023 0.0014637250218990795
0.003038768221564742 0.001341254834836071 0.001341254834836071 0.00146455794117567
0.004134739384069795 0.0004838468717123658 0.0004838468717123658 0.0017754087271620467
0.0030400071164918916 0.0003452247496229141 0.0003452247496229141 0.0017759923183217274
0.0010850085851913285 0.01464028172220405 0.01464028172220405 0.0032910283340890707
0.004055233789773727 0.014724723267627388 0.014724723267627388 0.0032908364771645745
0.0010848828707702863 0.012973138762170482 0.012973138762170482 0.003111462822187345
0.004054763353344448 0.01305513568214843 0.01305513568214843 0.0031112591539920425
0.005723031846826507 0.008551579116460126 0.008551579116460126 0.00449322743334628
0.007311121084904962 0.008622978881927099 0.008622978881927099 0.004493220526183492
0.005722656607537903 0.007662930714567598 0.007662930714567598 0.004399611167401818
0.007310539939823832 0.007733633676097638 0.007733633676097638 0.004399602366514391
0.008231415325629227 0.006303409221078457 0.006303409221078457 0.005979040454692946
0.009161275932168637 0.006318216631390025 0.006318216631390025 0.005979911374161082
0.008230980538102697 0.005783419595804601 0.005783419595804601 0.005808864636091086
0.009160742781011595 0.005797990408664713 0.005797990408664713 0.005809642675003111
0.009727879174853212 0.004425082380667352 0.004425082380667352 0.007119699132076525
0.010350901773987254 0.004387471716951504 0.004387471716951504 0.007121196373508429
0.009727454271610607 0.00406714177041978 0.00406714177041978 0.006830469351512349
0.01035043753024072 0.004029416882376682 0.004029416882376682 0.006831828129100705
0.010662592276531642 0.0026734414610907016 0.0026734414610907016 0.007916179014642784
0.01089660989421225 0.002618354317007223 0.002618354317007223 0.007917136335797296
0.010662374030039539 0.002509435003577747 0.002509435003577747 0.007609743431042536
0.010896378604497154 0.0024460241529310482 0.0024460241529310482 0.007610631904569011
0.010919285377568463 0.0012974530270280827 0.0012974530270280827 0.008184474545664674
0.010752266256208004 0.001282484727941442 0.001282484727941442 0.00818474207060351
0.010919322961475133 0.001223203983880064 0.001223203983880064 0.007900384740967
0.010752275358103936 0.001201886889608737 0.001201886889608737 0.007900667299227952
0.010456078810117236 0.0015952355771229787 0.0015952355771229787 0.007782472970568455
0.00981701327110854 0.0016870697802699056 0.0016870697802699056 0.00778238371983433
0.01045630760404125 0.0013716752292778052 0.0013716752292778052 0.007547935896161587
0.009817147067361856 0.0014636247030122562 0.0014636247030122562 0.007547899054020121
0.009162459734637602 0.002278985027216669 0.002278985027216669 0.006404127931214625
0.00801456886055853 0.0023539782361941294 0.0023539782361941294 0.006403969962317866
0.009162542069624694 0.001702555741891699 0.001702555741891699 0.006241258297649849
0.008014516327166618 0.001773715117497368 0.001773715117497368 0.0062411499918805765
0.007087540772972813 0.0022508200898062485 0.0022508200898062485 0.004045511881140089
0.005715543328535892 0.0022029988242890553 0.0022029988242890553 0.004045747880811249
0.007087463497028435 0.0015250153527342082 0.0015250153527342082 0.004154223766377766
0.005715493054633826 0.0014783510459788474 0.0014783510459788474 0.004154339413257204
0.00485273482151086 0.0012256378860079093 0.0012256378860079093 0.002037906108556989
0.003877188393572848 0.001060861808129007 0.001060861808129007 0.0020383409586417255
0.004852790984766493 0.0005502629064999345 0.0005502629064999345 0.0024376796822752926
0.0038775027469874867 0.0003747986542638608 0.0003747986542638608 0.0024378051897927387
0.0010713319995218579 0.011714608433197394 0.011714608433197394 0.002927370271074569
0.004004037604475619 0.011668987934211577 0.011668987934211577 0.002930413127188087
0.001071331042595356 0.010068679409632663 0.010068679409632663 0.002598069865613387
0.004004034554614305 0.010020680522114129 0.010020680522114129 0.002600689287674828
0.005570020156636072 0.006800029666883565 0.006800029666883565 0.00427283411934171
0.0069107398989353966 0.006748453497780191 0.006748453497780191 0.004274484638303236
0.005570029690445476 0.00604930268196098 0.00604930268196098 0.0039974448123893756
0.006910752192665235 0.005997229522653024 0.005997229522653024 0.00399892735614862
0.007707856675645899 0.004956263106198202 0.004956263106198202 0.0056410884120355435
0.008544124599137858 0.0048696919806629855 0.0048696919806629855 0.0056427760987969085
0.007707804624252508 0.004488301401252191 0.004488301401252191 0.0053362902851118695
0.008544073789350591 0.004401530238140803 0.004401530238140803 0.005337806651659818
0.009033321787063441 0.003210310081249195 0.003210310081249195 0.006610734809571502
0.009532860121648938 0.0031092975820267263 0.0031092975820267263 0.0066122203673710115
0.009033232080484685 0.0029307197898125878 0.0029307197898125878 0.006282233285022574
0.00953277640267381 0.002827277101508054 0.002827277101508054 0.006283582560638102
0.009801451880073747 0.0016719699223270662 0.0016719699223270662 0.007369705584155133
0.010035289010097564 0.0015504912618080904 0.0015504912618080904 0.007370733905925413
0.00980144682033328 0.0015332634803973916 0.0015332634803973916 0.007004294356621379
0.010035303428696464 0.001415398778714113 0.001415398778714113 0.0070052589179212124
0.010079334794033609 0.0009298892451455487 0.0009298892451455487 0.00767798901882291
0.009963450721611028 0.0010132422850862828 0.0010132422850862828 0.007678333613454074
0.010079277753025294 0.000909462443149692 0.000909462443149692 0.007332176433840443
0.009963374762369286 0.0009676275794880098 0.0009676275794880098 0.007332541675878798
0.009727318058996981 0.001556983833753464 0.001556983833753464 0.007351341055435208
0.009193907382677806 0.0016782716005979842 0.0016782716005979842 0.007351334181171313
0.009726899341303939 0.0013601800198641354 0.0013601800198641354 0.007049696917793904
0.009193400285882145 0.0014741058288144056 0.0014741058288144056 0.007049759312119193
0.008677042791487491 0.0021328401992119985 0.0021328401992119985 0.006124409343852928
0.007797050629319071 0.002202500455332007 0.002202500455332007 0.006124330767417355
0.008676029479569497 0.00165844572118546 0.00165844572118546 0.005972045854151543
0.0077959521161476645 0.0017283133875235308 0.0017283133875235308 0.005972013377998989
0.007129428940205785 0.0019089654671743562 0.0019089654671743562 0.00425126477627095
0.0061921272783428995 0.001839103508316051 0.001839103508316051 0.004251334285433696
0.007128318225572228 0.0014144445716500673 0.0014144445716500673 0.004411249665999456
0.006191057936955247 0.0013461966400338124 0.0013461966400338124 0.004411215635378488
0.00562600845903156 0.0009829258811381158 0.0009829258811381158 0.0027430975178068663
0.005044978633896574 0.0007902833257961185 0.0007902833257961185 0.002743023466248922
0.005625383893846211 0.0006082455186631307 0.0006082455186631307 0.0031783928508970797
0.00504445805038011 0.0004107944220134306 0.0004107944220134306 0.003178117749474889
0.0009525683293669366 0.008910074557757091 0.008910074557757091 0.0023414221667980425
0.0035595938865577064 0.008804434356030344 0.008804434356030344 0.0023447634750640455
0.0009526198084212633 0.007446520459979141 0.007446520459979141 0.0019703417273005
0.0035597870023564905 0.007338989531357362 0.007338989531357362 0.001973137602043273
0.004961203294069599 0.0053961166409571175 0.0053961166409571175 0.0037469488564982186
0.006177969820690978 0.005254549557520776 0.005254549557520776 0.0037494682692457764
0.00496134014828867 0.004714341095682499 0.004714341095682499 0.0033351214193278926
0.0061782012556026 0.00457234401415463 0.00457234401415463 0.003337345553992262
0.0069213385656431625 0.003875558560272605 0.003875558560272605 0.005086016645003512
0.007733824796072867 0.003720224299251033 0.003720224299251033 0.005087937656883436
0.006921488511297372 0.003420696022647579 0.003420696022647579 0.004708730697604335
0.007734041668381568 0.003265154090762205 0.003265154090762205 0.004710435196463491
0.008204499736325465 0.002352978617689127 0.002352978617689127 0.0060472768367599294
0.008675185618268848 0.0022084469331080003 0.0022084469331080003 0.006048525316641832
0.00820459819890286 0.002089479027380708 0.002089479027380708 0.005693066561626031
0.008675324864201537 0.0019488893574523794 0.0019488893574523794 0.005694192113627812
0.008929042095644556 0.0010405392526237817 0.0010405392526237817 0.0067335000516107486
0.009148690296478627 0.0009109124130504057 0.0009109124130504057 0.006734306396381914
0.008929155532766438 0.0009104574519599827 0.0009104574519599827 0.006354492251865531
0.00914883285140153 0.0008082577103850369 0.0008082577103850369 0.006355246345513157
0.009212141479834084 0.0008792123304124893 0.0008792123304124893 0.007057496159095031
0.009160906511923562 0.0010252572336871023 0.0010252572336871023 0.00705796229465309
0.009212107392044975 0.0008582198655453781 0.0008582198655453781 0.006650855165202597
0.00916086504647625 0.0010004020628744822 0.0010004020628744822 0.006651334651984995
0.009005910824350065 0.0014605288360173335 0.0014605288360173335 0.006815168945826273
0.00862859305828462 0.0016012749323725986 0.0016012749323725986 0.0068153091280114325
0.009005304582491078 0.0012858646881426699 0.0012858646881426699 0.006475386947790797
0.008627925123360188 0.001423026897298483 0.001423026897298483 0.006475590965973114
0.008282979554309988 0.0018472674587874166 0.0018472674587874166 0.005870725891667761
0.007716148199643789 0.0019043949793552198 0.0019043949793552198 0.005870732832664356
0.008281935443412096 0.0015391391743454254 0.0015391391743454254 0.005746378257746509
0.00771506690893086 0.0015958633767979903 0.0015958633767979903 0.005746416649701429
0.007308679917629923 0.001565516126741215 0.001565516126741215 0.004546733521972956
0.0067712226704285 0.0014747727701202996 0.0014747727701202996 0.0045466187120904705
0.00730772148058046 0.0012854292601007615 0.0012854292601007615 0.004756409741643346
0.006770298847713625 0.001194775002043484 0.001194775002043484 0.004756219871203387
0.00646243207064137 0.0008068424293387481 0.0008068424293387481 0.0035267835941555662
0.0061658416355644995 0.0005900115347743659 0.0005900115347743659 0.0035262631655309366
0.006461986675145067 0.0006431341462622247 0.0006431341462622247 0.004034824984225837
0.006165445550957949 0.00042234782056018236 0.00042234782056018236 0.004034187894892144
0.0007976790898183853 0.00645886037310246 0.00645886037310246 0.001710153965760573
0.002980175312498015 0.006341119221229046 0.006341119221229046 0.001712547503727123
0.000797737993485882 0.005233141989644306 0.005233141989644306 0.0013740052281832143
0.002980395947683829 0.005114068740463381 0.005114068740463381 0.0013759166698818345
0.004184739639570693 0.004216327384554026 0.004216327384554026 0.003028361150754331
0.005289267775431472 0.004055297356038389 0.004055297356038389 0.0030303780769474426
0.004184899668405807 0.003596984871272381 0.003596984871272381 0.0026170716904064728
0.005289550105478411 0.003435589395078641 0.003435589395078641 0.002618808522911027
0.005997807196194952 0.003020995693727935 0.003020995693727935 0.004410930080154535
0.006827685679654144 0.0028205465582084063 0.0028205465582084063 0.004412858032923721
0.005998113664502504 0.0025562764425270113 0.0025562764425270113 0.003959567902905723
0.006828112756536329 0.0023555937752909387 0.0023555937752909387 0.003961248560275029
0.007311889891311105 0.0017582896511680616 0.0017582896511680616 0.005410507769285019
0.007802194248827832 0.0015712190312245785 0.0015712190312245785 0.005411700237638066
0.0073121373748293 0.0014837590829483533 0.0014837590829483533 0.0049912334099890595
0.007802511040880881 0.0013036486683373455 0.0013036486683373455 0.00499229350925237
0.008070874944598752 0.0006659366593483563 0.0006659366593483563 0.006075395948464928
0.008310822338023 0.0006574223635373737 0.0006574223635373737 0.006076091426139157
0.008071037094277828 0.0005844160506859673 0.0005844160506859673 0.0056905476998702085
0.00831101657388254 0.0006350662510145777 0.0006350662510145777 0.00569118527561932
0.008401843515253807 0.0008362349433380708 0.0008362349433380708 0.006367435399794082
0.008405613011258728 0.0009607600109609125 0.0009607600109609125 0.006367865134312973
0.008401761298482304 0.0008153788658803089 0.0008153788658803089 0.005999086000630032
0.00840552197919922 0.0009456033282797338 0.0009456033282797338 0.005999505754418497
0.00833865372335285 0.0012555024364699215 0.0012555024364699215 0.0062395952781848976
0.00814855375091737 0.0013843218010992956 0.0013843218010992956 0.006239827226143603
0.008338227011086854 0.0011578132219254216 0.0011578132219254216 0.005934921289594893
0.008148096397183618 0.0012849483593541362 0.0012849483593541362 0.00593517925508282
0.00798476958329799 0.0014816744273594223 0.0014816744273594223 0.0056643220297631506
0.00772868375852848 0.00152803402690063 0.00152803402690063 0.005664376198060898
0.007984261541670607 0.0013434518830393693 0.0013434518830393693 0.005564293973512682
0.007728166261517982 0.0013898310480317919 0.0013898310480317919 0.00556436343546236
0.007567117811441057 0.001225049960122355 0.001225049960122355 0.004913490031109319
0.007387394240534187 0.001129518667162349 0.001129518667162349 0.0049132587631952945
0.007566855065756477 0.001134062125484713 0.001134062125484713 0.005132686707325096
0.007387140423940316 0.0010385497831335664 0.0010385497831335664 0.005132427445663558
0.007323901959699681 0.0006458642174027032 0.0006458642174027032 0.004409408134073654
0.007309812909107354 0.00043522510737559384 0.00043522510737559384 0.004408687722580611
0.007323957776232574 0.0006476538373244964 0.0006476538373244964 0.004918909357726144
0.007309863906716817 0.0004264738708691509 0.0004264738708691509 0.004918171403729962
0.0006369152027753775 0.00443600735198926 0.00443600735198926 0.0011764197088451507
0.0023790372062268434 0.004342990152479731 0.004342990152479731 0.0011775279278844776
0.0006369631050362025 0.0034571982217752725 0.0034571982217752725 0.0009688734458936156
0.002379216462947378 0.003364297018730636 0.003364297018730636 0.0009697176443896242
0.0033891599758233567 0.003207038650227823 0.003207038650227823 0.0023305805973935696
0.004404634700213634 0.0030409934150283815 0.0030409934150283815 0.0023321009043490997
0.0033893070168553646 0.002637255155515211 0.002637255155515211 0.0019472650852453855
0.004404900061422994 0.002470894423702193 0.002470894423702193 0.001948525517183337
0.005064299143729712 0.0022661872291623703 0.0022661872291623703 0.003631624116522841
0.0058499706750909436 0.00206933986463466 0.00206933986463466 0.003633074393478547
0.005064608392712933 0.001825914779020069 0.001825914779020069 0.003188699696061629
0.005850396369544019 0.0016288547206552016 0.0016288547206552016 0.0031899241933255307
0.006341823716981949 0.0013128029574979458 0.0013128029574979458 0.004675810718704482
0.006898291034542972 0.0011160493138831205 0.0011160493138831205 0.004676877418728046
0.0063422073244707505 0.0010012259106979937 0.0010012259106979937 0.004234662141594039
0.006898766530731417 0.0008163881491989461 0.0008163881491989461 0.004235579641062279
0.007221700403693049 0.0005391117966514691 0.0005391117966514691 0.005409374123254398
0.007545934248228691 0.0005801272525120033 0.0005801272525120033 0.00541001025461761
0.007221977417781692 0.0005035412570164229 0.0005035412570164229 0.005026673811578497
0.0075462556450779025 0.0005905914993906434 0.0005905914993906434 0.005027232770441893
0.007703661658217673 0.0007258170804352714 0.0007258170804352714 0.005753465522423916
0.00780684373168753 0.0008251783345096381 0.0008251783345096381 0.005753794069701444
0.007703656184854407 0.0007296309648636588 0.0007296309648636588 0.005451178444818189
0.0078068394124049595 0.0008341380978828481 0.0008341380978828481 0.005451477982783429
0.00784025673437729 0.0010139413495903564 0.0010139413495903564 0.005750252444824298
0.007826353505977341 0.0010961956234645566 0.0010961956234645566 0.005750404041148379
0.00784010544907225 0.0009982256937005076 0.0009982256937005076 0.005550999229355527
0.007826194266986745 0.0010838628938537676 0.0010838628938537676 0.005551145761553513
0.0078181565395718 0.0011186105519459587 0.0011186105519459587 0.005514614837997642
0.0078107724836672015 0.0011345645300278675 0.0011345645300278675 0.0055146177675134455
0.007818144393406544 0.0011173113245882174 0.0011173113245882174 0.005479865094975424
0.007810761038873695 0.0011330712459765397 0.0011330712459765397 0.005479869114739254
0.00783957436582389 0.0008999541845360161 0.0008999541845360161 0.005277472336554137
0.007928800396105426 0.0008213832037778845 0.0008213832037778845 0.005277267796393977
0.00783984174678231 0.0009528539102123395 0.0009528539102123395 0.005455250188351595
0.007929058845493917 0.0008742914024076282 0.0008742914024076282 0.005455051782307868
0.008026093640900053 0.0005031792381854386 0.0005031792381854386 0.005241358405878492
0.008214824287819788 0.00034709801848849877 0.00034709801848849877 0.005240868202245581
0.008026428084650119 0.0006062723715458315 0.0006062723715458315 0.005614165278435127
0.008215130669139287 0.00044337996863211683 0.00044337996863211683 0.005613710505843585
0.0004867914812582379 0.0028295941316284186 0.0028295941316284186 0.0008436197028279512
0.001817920852829957 0.0027485032265410028 0.0027485032265410028 0.0008441760050162795
0.0004868248192854931 0.0020814058511152635 0.0020814058511152635 0.0007198448819557772
0.0018180455332682914 0.0020018033410953975 0.0020018033410953975 0.000720213204876427
0.0026593154433796353 0.0022601184449189326 0.0022601184449189326 0.0016890483090874126
0.0036261365603115292 0.0021164059617544786 0.0021164059617544786 0.0016900024048364449
0.002659446944512015 0.0017173931172516383 0.0017173931172516383 0.0013644834079543544
0.0036263625021270658 0.0015749283110583162 0.0015749283110583162 0.0013652228186153074
0.004251755655940233 0.001590148548510692 0.001590148548510692 0.0028998997604172193
0.00499339449293455 0.0014369456003274547 0.0014369456003274547 0.0029007072358535374
0.004251991304500949 0.0011742974285663006 0.0011742974285663006 0.0025551140542358795
0.00499371449280797 0.0010227059207116522 0.0010227059207116522 0.0025557540352951088
0.005479617702310989 0.0009192820258612936 0.0009192820258612936 0.003942818297952408
0.006065449617099104 0.0007663776000631324 0.0007663776000631324 0.003943482930647528
0.00547995507130353 0.0005994893194337168 0.0005994893194337168 0.003588610087875228
0.006065859997024314 0.0004917123098783951 0.0004917123098783951 0.0035891438407796936
0.006431516581433751 0.00045844999854502877 0.00045844999854502877 0.00476980912244685
0.00684434525449435 0.000476057630319346 0.000476057630319346 0.004770240478858013
0.006431837812621652 0.00042314046321453337 0.00042314046321453337 0.004452692475899034
0.006844714602417566 0.0005119619230621066 0.0005119619230621066 0.004453043353810061
0.007085891972817084 0.0005588724392263003 0.0005588724392263003 0.005249216130091511
0.007331364596947034 0.0006264156199028606 0.0006264156199028606 0.0052494510457308085
0.007086084105295528 0.0006013171754685228 0.0006013171754685228 0.0050013784245984075
0.007331576694270896 0.0006909919120871055 0.0006909919120871055 0.005001573907446784
0.007478299776603846 0.0007374236594418116 0.0007374236594418116 0.005429763913046729
0.007633162757109398 0.0007892125650542474 0.0007892125650542474 0.005429841124925417
0.007478416631445466 0.0008116642040125938 0.0008116642040125938 0.005299275616584248
0.007633287309499613 0.0008693474833372734 0.0008693474833372734 0.0052993412610839
0.0077495907094109326 0.0008036191483315606 0.0008036191483315606 0.005467312821860554
0.00791317119908544 0.0008031799960875767 0.0008031799960875767 0.005467276221523218
0.007749792140211226 0.0008956032526981277 0.0008956032526981277 0.00546941140642871
0.007913377088928203 0.0008959735414570604 0.0008959735414570604 0.005469379700141797
0.008059543331292815 0.0006558685504697787 0.0006558685504697787 0.005563145295016772
0.008297373032118876 0.0006037066437709676 0.0006037066437709676 0.00556302638526201
0.008059906159704058 0.000788494242838296 0.000788494242838296 0.005682105414277122
0.008297725785540954 0.0007358060969382744 0.0007358060969382744 0.005682003519814132
0.00849941471588676 0.00038932660568598575 0.00038932660568598575 0.005845161683075434
0.00881489605970367 0.0002984918805744804 0.0002984918805744804 0.005844877314497753
0.008499849003658386 0.0005590494592818516 0.0005590494592818516 0.006106043444369123
0.00881529667508969 0.0004442394640320548 0.0004442394640320548 0.006105805454941924
0.00037205258859019784 0.001605036177090413 0.001605036177090413 0.0006543931109690386
0.0013892149474172006 0.0015403777900178824 0.0015403777900178824 0.0006546307616447747
0.0003720661961282586 0.0010337725262690215 0.0010337725262690215 0.0005986542800660512
0.0013892658225610744 0.0009688234792827505 0.0009688234792827505 0.000598729571742115
0.0020950180220569424 0.0013814231829800939 0.0013814231829800939 0.0011671270651580643
0.0030112156730005488 0.0012910469184762912 0.0012910469184762912 0.0011675156764826208
0.0020950974901581152 0.0008669866436329124 0.0008669866436329124 0.0009769500217411552
0.0030113482493046846 0.0007801852723782113 0.0007801852723782113 0.0009771887016026587
0.003620773940568177 0.0010123806143810497 0.0010123806143810497 0.0023458287205750565
0.004369596239491951 0.0009121558098475734 0.0009121558098475734 0.002346176819237835
0.0036209151321928727 0.0005924017559341807 0.0005924017559341807 0.002120168775302011
0.004369791146668216 0.0004933279522021685 0.0004933279522021685 0.002120404231200881
0.004865121606241417 0.0005887239090166258 0.0005887239090166258 0.00338410738673744
0.005469632483193103 0.0005018276230671959 0.0005018276230671959 0.003384341525610266
0.004865321798937487 0.0002956175936531961 0.0002956175936531961 0.003181469717105806
0.005469878792004972 0.00029983136213497643 0.00029983136213497643 0.0031816293435970146
0.005862467570184574 0.0003619829849863125 0.0003619829849863125 0.004257383633819376
0.006330647358133229 0.0003563491225015925 0.0003563491225015925 0.00425758227991927
0.005862695467171547 0.0003263858480381991 0.0003263858480381991 0.0040430533847425395
0.006330911598442687 0.0003948056885769891 0.0003948056885769891 0.0040431897254048655
0.006629126792986535 0.00036930172796975603 0.00036930172796975603 0.004847515855394263
0.006975936202611036 0.000405832589265843 0.000405832589265843 0.004847631472045311
0.006629335528800455 0.0004490569135579234 0.0004490569135579234 0.0046769727695357925
0.006976167671230356 0.0005194108643214259 0.0005194108643214259 0.0046770531405291235
0.007207566006824449 0.000478100091297404 0.000478100091297404 0.005214001502470986
0.007493166578094522 0.0005115567182343225 0.0005115567182343225 0.005214051030377854
0.007207766598897012 0.0006049780144009832 0.0006049780144009832 0.00511335572163383
0.007493380324065279 0.000651086448184265 0.000651086448184265 0.005113390530321709
0.007702046226774942 0.0005237567189771323 0.0005237567189771323 0.005466112355455089
0.00798716054061237 0.0005321742055628653 0.0005321742055628653 0.00546610230612092
0.007702276230996962 0.0006723607864596396 0.0006723607864596396 0.005456799826729374
0.007987395854333074 0.0006772624136235022 0.0006772624136235022 0.0054567925080068955
0.008214613202406013 0.00044334534761684107 0.00044334534761684107 0.0057543981328787
0.008551447641430142 0.0004137496811200233 0.0004137496811200233 0.005754333688331115
0.00821491605692234 0.0006251349200366675 0.0006251349200366675 0.005834814703874614
0.008551743171764206 0.0005908848894973179 0.0005908848894973179 0.005834769233876948
0.008823308672053233 0.0002855309894045989 0.0002855309894045989 0.006263135744650118
0.009229784649700904 0.0002370232374983964 0.0002370232374983964 0.006262997112721212
0.008823662189789703 0.0004941551847342477 0.0004941551847342477 0.00643345058555633
0.009230112709073849 0.0004197221041815221 0.0004197221041815221 0.006433354101017255
0.0003187499236173382 0.0006663487616067091 0.0006663487616067091 0.0006154480576361962
0.0011901020937147848 0.0006586800862544182 0.0006586800862544182 0.0006154590366642806
0.00031874195970802794 0.00017641747332147902 0.00017641747332147902 0.0006589154248438667
0.001190072356510341 0.00016875033794723246 0.00016875033794723246 0.0006589160360321028
0.0018196021612485007 0.0006262508727345352 0.0006262508727345352 0.0008906337582604456
0.0026680611525074006 0.0005969387891352696 0.0005969387891352696 0.0008906938965328073
0.0018195714556288386 0.00015047899528789068 0.00015047899528789068 0.0008378590249015853
0.002668040630398379 0.00012520734882719002 0.00012520734882719002 0.0008378747265161028
0.003259884543102631 0.0005071097747510487 0.0005071097747510487 0.002003660535204109
0.00402824706417224 0.00046211391796195997 0.00046211391796195997 0.002003729677155672
0.0032598804456223387 0.00011056038798941588 0.00011056038798941588 0.0019090730357539604
0.004028264725220354 0.00013659854376141145 0.00013659854376141145 0.0019090915643724565
0.00453752438503355 0.0003175235922206556 0.0003175235922206556 0.00307134024289944
0.005160376148268513 0.0002743426822869551 0.0002743426822869551 0.003071392941959102
0.004537552098131087 0.0001699005862961632 0.0001699005862961632 0.002974346047700565
0.005160424721786603 0.00021075535210296196 0.00021075535210296196 0.002974360169949183
0.0055655928314290014 0.00022465787047542832 0.00022465787047542832 0.003929357687590967
0.006049667211336012 0.00022174595331190142 0.00022174595331190142 0.003929397106165728
0.005565643594357765 0.0002615473416687524 0.0002615473416687524 0.0038342847992909397
0.006049734344310945 0.0003061435773784183 0.0003061435773784183 0.0038342953626413698
0.006374474893228162 0.00020597788060691666 0.00020597788060691666 0.004588724123667965
0.006777730202686711 0.00021993931311279957 0.00021993931311279957 0.004588743733860556
0.00637454936971499 0.00034399724237112487 0.00034399724237112487 0.004519352347999191
0.006777817805678035 0.0003772643934412074 0.0003772643934412074 0.004519357602951884
0.0070535446809749155 0.00025178512998669613 0.00025178512998669613 0.00506051642115936
0.007403741418419765 0.00026489608147021375 0.00026489608147021375 0.00506052429461069
0.007053624353678137 0.0004048283516739038 0.0004048283516739038 0.005017992334109372
0.007403829895292525 0.00042591404446981504 0.00042591404446981504 0.005017994443876198
0.007660115598034761 0.0002638010707305714 0.0002638010707305714 0.005443948767241968
0.008010348647607822 0.00027580598263388215 0.00027580598263388215 0.00544395357185097
0.0076602099008020634 0.0004369451912637851 0.0004369451912637851 0.005419383766473743
0.008010447921362454 0.0004478239393841454 0.0004478239393841454 0.005419385053870598
0.00828223700724825 0.0002473053711918203 0.0002473053711918203 0.005865646767486091
0.008674914936593324 0.00024644618905651425 0.00024644618905651425 0.0058656442844224575
0.00828235871517271 0.00044434168801556483 0.00044434168801556483 0.005870713102507657
0.008675036713266656 0.00044199622377453867 0.00044199622377453867 0.0058707124371438725
0.00898315365530969 0.00021856395492427612 0.00021856395492427612 0.006510599251842631
0.009432715258383632 0.0002220648888602679 0.0002220648888602679 0.0065105831303912546
0.008983295451272322 0.00042612075414317086 0.00042612075414317086 0.006552267438453486
0.009432850674291084 0.00040784581865036646 0.00040784581865036646 0.0065522631188827014
H_3F 640
0.019153785075415677 0.010705300600313463
0.021008046881488593 0.013981251167195632
0.0195602465274041 0.010910069620087668
0.021375732702558537 0.01418400485661727
0.035886527552247964 0.023912779396639668
0.04188184259578336 0.029468883134685653
0.03464247400350266 0.02322073904498519
0.04082213449878431 0.028777556414866096
0.059327923741043356 0.04128308626712855
0.06499449709452909 0.045867645970821484
0.055402178213093456 0.038849824311125956
0.06143479583537969 0.04343827716631321
0.07697733465747705 0.05411775889657207
0.08043958867771217 0.05679120303121006
0.07271538771788749 0.05132582062285802
0.07637294340144439 0.05400221445186401
0.08657304926852366 0.06101987717291302
0.08752497385980625 0.06174860198269459
0.08298920157055292 0.058628053726968755
0.08398322420945581 0.05935793401960865
0.08777341199242994 0.06191128232136599
0.08674624526016993 0.06112175160172344
0.08535868537478343 0.0602958933705181
0.08430052234245862 0.05950565276556038
0.08057159036161571 0.0568658898117979
0.07699437058128299 0.05408088894365802
0.08019341410327624 0.05661755116343849
0.07658939170576685 0.05383067109199249
0.06385550234597033 0.04500673287012583
0.056752707881596094 0.038939404898108376
0.06771940394177281 0.04751387815763675
0.06103936067776121 0.04144195959346911
0.03707506434234639 0.025729820925230927
0.032053710127455476 0.019866478310034852
0.04584385627342306 0.030830002051295654
0.04191735665678467 0.024965230522434562
0.022801970202200803 0.013588695936165187
0.022306222676369933 0.011792250764002487
0.024095395036849123 0.014251450931585755
0.02362777763000909 0.012454556193908575
0.019155753563377946 0.010853195123570195
0.021544274441458313 0.014593284999106101
0.01762932531349937 0.010080135098152997
0.020194384538774805 0.013816852220732211
0.03237682105804132 0.02183013248237298
0.035268801422275536 0.024584474554729275
0.028456664352745843 0.019575498001712613
0.03169691713681702 0.022327314709270088
0.045752774036012 0.03150007225900839
0.04844939882762578 0.03388025792285439
0.03815806846550265 0.026840950752056038
0.04132667713434787 0.029218465494321524
0.057769232116388174 0.04009272548048008
0.060496618744423164 0.042412500396872395
0.04799223867503851 0.033893095979387125
0.05121397857964439 0.03620999280764124
0.06801048435548436 0.047502405601923384
0.07020326682787706 0.049310410831362256
0.05862350610836934 0.041425864205140175
0.06114397025283108 0.043234563579857346
0.07434029761030887 0.052172335348318055
0.07541526820037037 0.05303642178276521
0.06768660083240137 0.04781562165820255
0.06886966876296373 0.04868251055099723
0.07588381627629466 0.05344935659422816
0.07636453066539733 0.053823105226486215
0.07350150196847678 0.05187900951766332
0.07400091791655994 0.052254436879651575
0.07606484874036844 0.053696992205973904
0.07667242827600183 0.05414885984362543
0.0800666414618945 0.05632204207340713
0.08064812447456526 0.05677501229854076
0.07150651116979946 0.05056265790885936
0.0692488771129488 0.048928464704742936
0.08467347498315832 0.05924410999808517
0.08282950130279026 0.05761615503455783
0.04957876483071845 0.03504406434398928
0.03563219997512508 0.022020585153095566
0.07298328016468231 0.04985898149514613
0.06451977369524689 0.036837443052099544
0.015429867557884783 0.008687268336288901
0.017194141818869683 0.01155293248684779
0.011054208039074661 0.006468712465985815
0.013379971890689858 0.009327649737677322
0.022524442713839687 0.01512808783317075
0.023030472131549344 0.015635154708170968
0.016654322265723585 0.01167644108919506
0.017293313996373422 0.012178653147355023
0.02528034588113186 0.016984971002049456
0.025296022652123763 0.016949282346700154
0.017254558683301623 0.012177346947023718
0.01720179919308415 0.01213123992641238
0.028175816925097113 0.018581627273006506
0.028359680687261087 0.018730680107384927
0.016748661780587756 0.011835267114207348
0.01692828189482549 0.011963948630389364
0.03350571725219925 0.02178004335018131
0.03471896189106694 0.023207935372872156
0.017759501118992146 0.012556907912628975
0.019731913980780804 0.013906689401827689
0.0412409113315238 0.02737378382916487
0.04234662714692745 0.028598584942611145
0.022309482485832078 0.015700921032957775
0.02421127646704777 0.016906164967394395
0.04703194770221721 0.031680461770988766
0.04791686821870034 0.03263626259595866
0.02544829892694363 0.017567156894132515
0.026937243746995007 0.0184407985449066
0.055200874429394156 0.03752135615862011
0.0576466140096242 0.03996161108770181
0.029282170889099315 0.019621029012740793
0.033626757893977635 0.02200173938026322
0.06504331586197956 0.04498656626735241
0.06672514546909952 0.04659225409988396
0.03716892640344577 0.02371731899800637
0.040314855442196 0.025324061575434924
0.06861633408145909 0.0484404052252858
0.0748654212251637 0.05288182857137369
0.045070024622070576 0.02732058906871225
0.0541062734795095 0.03170820972947301
0.008798840686833422 0.004781252738647522
0.009282330303225714 0.005886578997480423
0.00716046330735727 0.003957451804087896
0.007725180558789953 0.005053577178084998
0.010474164752974071 0.00668054033512707
0.01043137728610624 0.006581683291442281
0.008038370266416751 0.005364405763477504
0.007957365998869583 0.005256778146015863
0.009527655703684157 0.006111040687943755
0.009656743866360147 0.006272934588616646
0.007288221180883177 0.004893888405795156
0.007429519589236559 0.0050424895640905736
0.009500078866332242 0.00636472586917655
0.010354078566990419 0.0071998659768009905
0.0077110680715396715 0.005333692509874829
0.008720422187231727 0.006158511122499229
0.011267604488618469 0.007913741851683613
0.012299372187637067 0.00869570813115738
0.009942938745481512 0.0070304518581090205
0.011084293307430165 0.0078048565437440435
0.013436448273670798 0.009499174370306136
0.014094149782332366 0.009962461613160197
0.012294360887675222 0.00867058758746747
0.012998654604134812 0.00912661290027128
0.014727797379869104 0.010414029583288444
0.014880864196351798 0.01052120385325832
0.013253396852198633 0.00929880646382978
0.013424867040282902 0.00940663679098562
0.014995571976650175 0.010603335519412645
0.014958841052918493 0.010577368679681566
0.012982060061231444 0.009030709689922478
0.012938270180804519 0.009002975135834743
0.01306010990301227 0.009222577005436494
0.012019787536033697 0.008497466936896882
0.010937965999696606 0.007336237348354953
0.009646980513287249 0.006602299541147661
0.01021593158737509 0.007175096168627965
0.009875757958775556 0.0069162413963548
0.006650376812996409 0.004049750596457184
0.006035246180827006 0.0037091787020323975
0.0063051428561019035 0.0033922566397439347
0.006572077249368721 0.004082697646622994
0.005153593319391038 0.0028140040628101782
0.005456733405741819 0.0034952059631467736
0.006403145622430392 0.004138683013654474
0.0067826855228578795 0.004589244141378174
0.0052481989150987 0.00350939754649835
0.005696763587604836 0.003954964136233069
0.00700672790212089 0.00491976031195039
0.008178132004300552 0.005776673338620662
0.006530119831452157 0.004608875311308291
0.007759991782243028 0.005456921302276034
0.009270722498991921 0.006523384108377061
0.010381728287331315 0.0072167982476161584
0.009417049567919843 0.006638293255526341
0.010505276673968694 0.007326883301548122
0.011872359041228334 0.008310321667011317
0.01294162688740061 0.008962601046758837
0.012071966793211852 0.008475880358725757
0.013122368411379553 0.009127335140878311
0.014024949014573272 0.0097813676060311
0.014495035046078257 0.010067579901822492
0.01412379116771374 0.009866369498146527
0.014590152337719285 0.010152288673340119
0.014442945572829779 0.010015650021506272
0.014220085442652318 0.00988131631246372
0.01449870392567564 0.010063393613350033
0.014276954769129012 0.009929329593027232
0.013232664831354766 0.009108014545795396
0.01241362834986958 0.008620259283433497
0.013205985982633383 0.00907652933646875
0.012382671499062399 0.008588183834573385
0.010176694237830958 0.006868092389214317
0.00814581575989419 0.005679009604234288
0.01008038428419212 0.006746098058480254
0.008012532639255636 0.005555536683174055
0.0043004571146883575 0.002818240007758547
0.003716273592460303 0.0024941424895413957
0.004170879159939297 0.0025829843396320985
0.003469928485877871 0.002214284337815568
0.0045033503555304165 0.002506482967096916
0.0049178985513067906 0.0032534956879606593
0.0037980654422035353 0.0021505998926037552
0.004266313112387768 0.0028898616364473597
0.005190931014797924 0.0036356239468636592
0.006616565994408203 0.004650684411249103
0.00509460479914489 0.0035745592220640674
0.0065317178094598995 0.004583001734303608
0.00819161293636738 0.00574549690341738
0.009466958466101166 0.006520001993086468
0.008344649591106775 0.005869335295438345
0.009597593219551543 0.006643218912027453
0.011097004827423877 0.0077350304900250366
0.012167091680163146 0.008375909295012928
0.011269143265961264 0.00788271411993599
0.012322826321205578 0.008523176302733842
0.013526576202320721 0.009419745323009524
0.014198762627832465 0.009824971292014623
0.013698639307037928 0.00956856226370841
0.01436222275177261 0.009973659211076649
0.014881649694564014 0.010358419067842996
0.01502200993870932 0.010443680961914097
0.014984164629017875 0.010447338236121633
0.01512361177360775 0.010532632905457057
0.014681386114623838 0.010184522382834304
0.014221748094770016 0.009905906506782948
0.01471898240171679 0.010216586841483875
0.014260436692300716 0.009938052027491031
0.0128671828926855 0.008870323722945123
0.011732522679770463 0.00818709467915765
0.012867500370179611 0.008867148737801171
0.011731445344394457 0.008183866052601825
0.009060881041776379 0.0061201754741391605
0.006816044634344602 0.0047866491959625505
0.00898428791938948 0.0060269130172302295
0.006705555861679704 0.004693121697088507
0.0034753411231638713 0.0022012972477504825
0.0028503257945138175 0.0018670803102769254
0.0034880472439745938 0.002204346872559854
0.0028358225851893215 0.0018563074348366946
0.0037187508899540634 0.0022310685293269314
0.0047859272468340035 0.0033756671837979067
0.0037763680268100824 0.0022604651693037994
0.0048290526770406635 0.0034040010557066583
0.006248893082008375 0.004411933212597683
0.007755094116265684 0.005353115546708769
0.006311054133772253 0.0044583416303435024
0.007803829365632244 0.005399028964135007
0.00945256202643867 0.006586205423343382
0.010603831958203355 0.007271638813814087
0.009594142569593803 0.006707783247194645
0.01072924044531026 0.00739292714099752
0.012142342352210154 0.008454475382642136
0.012959859976970895 0.008945273904198144
0.012279634631079618 0.008573456608807184
0.013088059438963535 0.00906412710806509
0.014123962944191954 0.009855703379242894
0.014550284304730906 0.01011612573994368
0.014162696713247777 0.009889078459129202
0.014587738296806072 0.010149451313119201
0.014958457161777754 0.010437784830092917
0.014926926410997614 0.010418375843756187
0.014913050721831689 0.010398575233284536
0.014881409815867537 0.010379157125560097
0.014408903853780498 0.010029313956563365
0.01384977616640045 0.00968524987793496
0.014381462252210653 0.010004466230936836
0.013821044915080473 0.009660398489014049
0.012352467875316705 0.008553782526643102
0.011137876766449365 0.007808998274619388
0.012313821271381581 0.008516713381631003
0.011093961810266216 0.007771824630326063
0.008405188933904325 0.005675995534189859
0.006478645077662123 0.004538348534912327
0.00841380567227808 0.00568112304753823
0.0064863758773247866 0.0045433114359164795
0.0037217713800862004 0.002348241520946946
0.002916780848482347 0.001918260099185115
0.0037781046534570164 0.0024257839994777145
0.0029769950010821175 0.0019909156234993158
0.003777210959482167 0.00233162363447019
0.005291048891882937 0.00373985626475719
0.0035801201813234623 0.002228881631344974
0.005151294132030282 0.0036366028265773296
0.007022436715768804 0.004932870743269764
0.00844060242232837 0.0057937872172594464
0.007095494930714201 0.004991304468715156
0.008500850080263378 0.005852038943062048
0.01012751562160967 0.007058034095821897
0.011074427511196736 0.007625544460721669
0.010205312419004017 0.007125154738551574
0.011145269232176722 0.0076925804794798274
0.0124594870502107 0.008697875005921432
0.013094049033143262 0.009084445432946755
0.01242448349659043 0.008668137776848207
0.01306054011817541 0.009054624751353125
0.013981006157682808 0.009771953079879978
0.01424740105420658 0.009936456825515215
0.013871790679051792 0.0096790960661305
0.014140148909317462 0.009843545528616581
0.014453765981707532 0.01010169523919455
0.014330713650572908 0.010025237945222042
0.014337999807748558 0.010003003161384378
0.014213921790853028 0.0099265353912679
0.013807069939785038 0.00964122532233563
0.013240718490032012 0.00928743846618195
0.013706797697353213 0.009554898868454873
0.013136010122193625 0.009201093217023067
0.011754145939218209 0.008167113197128002
0.010658225045128387 0.007487038525398722
0.011691351123341052 0.008110465997617878
0.010588468181608489 0.007430299177367891
0.008176146344057411 0.005548396007552031
0.006633163653161049 0.004636005950520602
0.00820961903948042 0.005581830690838389
0.006673429454312587 0.004669341257910567
0.004383438552828853 0.0027977789302833936
0.0033732836031754674 0.002251663081370206
0.004499793986691061 0.002955074055615921
0.003520765823376944 0.0024079997174068094
0.003465272157524712 0.0021880184596401995
0.005222501872585546 0.003673035133469151
0.003295174007111736 0.0020981728464788156
0.005110874619370386 0.003583011253668245
0.0072761381437934525 0.005108129640086393
0.008581463873667391 0.005902170805544227
0.007218405438330824 0.00506113388746986
0.008532320621917491 0.005855071153169111
0.01017374675436039 0.007105227890161087
0.010940215571374881 0.0075705936531648595
0.010074321266420631 0.0070199225870968916
0.01084763367334431 0.007485192728007353
0.012054947074617708 0.008423789153464869
0.012563940676587186 0.00873604907374784
0.011886070762376648 0.008278961811561479
0.01240183182650802 0.008591132829670712
0.013279938412787275 0.009289385645587213
0.013469118566047523 0.009406873115004773
0.013099405140797677 0.009136058730541038
0.013291079139008505 0.009253505254533083
0.013646113613238512 0.009551879961616569
0.013513002346136714 0.009468504163405757
0.013477673871714743 0.009409853851221065
0.013342862104870117 0.009326471328665945
0.013034433996956342 0.009119275890342846
0.012527539500151801 0.008799698495471435
0.012895956924668115 0.009002121750101419
0.012383341902406204 0.008682523060690988
0.01117870846512327 0.007783293832926114
0.010258856919701334 0.0072092694114381985
0.011086274501185033 0.007701900183637271
0.01015797347799113 0.0071278331595235975
0.008160845580514171 0.005566526327056451
0.007002536073128068 0.004880645604673571
0.008215212348007105 0.005620843631703101
0.007065790601065794 0.004934916233945515
0.005263278118739112 0.0034453204650339245
0.004380345157967859 0.002957764676107287
0.0054306410832616 0.003645235333520893
0.0045801661210349036 0.0031576539683901127
0.003117250223702085 0.0019993511352982135
0.004961818037176607 0.003467225365831853
0.0028102877485120304 0.0018347004541043716
0.004774502852190161 0.0033023619211445666
0.00702013076493186 0.004921427137988891
0.008125856562469457 0.005592612268619316
0.006856004359723151 0.004783737251417426
0.007984354442795057 0.005454839774406928
0.00955159321813386 0.0066744725438407215
0.010239286462773972 0.007093450348967383
0.009374766457497897 0.006522047454682189
0.010074392128975899 0.006940940220505204
0.011193869627216291 0.007822028298317471
0.011601589558573456 0.008072540244509974
0.011002987633699458 0.00765773268275363
0.011417409326976498 0.007908179481655956
0.01226299389849512 0.00858557873211444
0.012451294865520752 0.008703011458011488
0.012046929036315416 0.00840287058847733
0.012238503479311581 0.008520281173308839
0.012670615820211017 0.008878661906428258
0.01257883767927188 0.00882089216753255
0.012464054367644414 0.008705727093432869
0.012370731752160689 0.008647958219124043
0.012192740952477257 0.008539329557216094
0.011771577940298199 0.00827262078192456
0.01201294291290073 0.00838829812954892
0.011585236949465868 0.00812157979900067
0.010620709082560265 0.0074007260676702095
0.009914707553170681 0.0069606906983682125
0.010532749841064658 0.00732403766686052
0.009820479274672196 0.006883982747073327
0.008300723414944379 0.005690346858238367
0.007511077381954088 0.005221730781888298
0.008382842259091215 0.0057697839457858426
0.007601843313338166 0.005301136786166867
0.006259117763175004 0.004184552988419213
0.005742472216116086 0.0038940010500727483
0.006461201518895539 0.004401888372371645
0.005962129607075984 0.0041112878999275
0.002527774551910466 0.0016469952480824895
0.00426246693725751 0.002952178680810876
0.0021885454123088425 0.0014614807678608815
0.004070055957691895 0.002766462302199882
0.00621716686749683 0.0043540760752839094
0.00722674362402939 0.004963719044968377
0.005978121021582011 0.0041482307838082814
0.007021968819460925 0.0047577734047974315
0.008589091503384518 0.006003677605323337
0.009257383840842077 0.0064108812264781516
0.008371328926435929 0.005815109604450853
0.009055583927519218 0.00622223843242253
0.010192319317200467 0.007125888286542697
0.010575608919465386 0.00736185546745534
0.009986312556722051 0.006948832380264445
0.010377142445121132 0.007184758488914674
0.011183372286159237 0.007831271073627653
0.011359991935790823 0.007941498346430272
0.010959442974319113 0.007641823892315984
0.011139582517089328 0.007752039598457343
0.011604818080440591 0.008134818819464557
0.011564473177492707 0.008109434403288327
0.01136207714421407 0.007931481278623786
0.011320852487884765 0.007906099849230623
0.011293934546308493 0.007910539885088169
0.010995501656397197 0.007721951093148027
0.0110917152301641 0.007740345765140938
0.010787695318876156 0.007551758044666651
0.010152495889790624 0.007076852722988874
0.00969558905025318 0.006793440516154072
0.010080243934049776 0.007014156850579302
0.009619956430319513 0.006730741779316145
0.00860753088046738 0.005927706719801439
0.008156052854515846 0.005658920691259485
0.00871930197138147 0.006032065611111903
0.008273969660965793 0.005763259359458506
0.007362148517087859 0.004994607832398468
0.007102966632854258 0.004846052400547718
0.007618207429775421 0.005248405829685452
0.007367997747904208 0.005099816722925046
0.0018870396172153095 0.001253916527789479
0.0034371883634366973 0.002346361408112569
0.0015887971152182042 0.001085871610834548
0.0032826676175678987 0.0021781563087828314
0.005165560677253956 0.003606550395162512
0.006095862932305932 0.004159822926189457
0.0049358332090286465 0.00340098567940614
0.005902329912673308 0.003954179314194719
0.00744513232486435 0.005204368638174743
0.00812961301409198 0.005620271856288932
0.007187179245713361 0.004978840783704114
0.007893960601133955 0.00539468065840568
0.009096006162275346 0.006361198830298061
0.009495300656561328 0.006606947243232949
0.008853234659793366 0.00615168539240918
0.009262946238945328 0.006397402275066626
0.0101019531924265 0.0070731354465318405
0.010295079162055232 0.007193456882081078
0.009875422669521888 0.006880792397074018
0.010072863859537486 0.00700110092475093
0.010542068488933435 0.007384639457523944
0.010545332449185317 0.00738673907278585
0.010323692447938881 0.0072004236495561685
0.010326997096934899 0.007202513866808859
0.01041468651249444 0.0072891245007688735
0.010263253482386202 0.0071941904885304865
0.010234711544645756 0.007136574150340873
0.010080566833653855 0.007041637826133219
0.009789846237567824 0.006824545806530571
0.009582155830109462 0.006696529978294689
0.009731896001780427 0.006774277757591644
0.009522956169571259 0.006646264848490171
0.009022397478388943 0.006240303921275187
0.008872074466504044 0.00615032650186474
0.009143400265859315 0.006349770886540786
0.008995090612551587 0.006259783934801937
0.008548825650820569 0.005866655046886667
0.008536386366688515 0.005859250315843983
0.008822472826683197 0.006121433566979358
0.008810364367674494 0.006114017655223389
0.0013377684055492227 0.0009066674558102641
0.0026545037294303307 0.0017782825670556606
0.0011594989225243502 0.000802918275464909
0.002569245665054316 0.001674467053668501
0.004113151013842106 0.002859870286608463
0.004983924304239776 0.003368367802281367
0.003908867274124401 0.002668286051050375
0.00481662706073855 0.0031767127893031653
0.006231839178034988 0.004347961630126277
0.006886318787855635 0.0047415225342847455
0.005984819456190956 0.004126654044387281
0.006663539152727879 0.004520160281434775
0.007879208966287573 0.005508817217843216
0.008334242712272318 0.005787584226635509
0.007626005323891417 0.005288434733032395
0.008095252592805321 0.005567173085896849
0.009022986485972072 0.006315537263473723
0.009284898202654587 0.00647797225142315
0.00879911401397651 0.006124325614680095
0.009067471730812012 0.006286744207759898
0.009615028261113628 0.006728563590320794
0.009698090288686756 0.0067803189006944865
0.009437248807342953 0.006577417314836298
0.009521835632263975 0.006629158697594194
0.00972291256980933 0.006795254589600794
0.009711794676422037 0.00678837877356286
0.009606291995191382 0.006695552339213888
0.009595026626884873 0.006688670014270129
0.009567368942855347 0.006666385688784721
0.009561337558803564 0.0066626951255903235
0.009547371534369247 0.006649004744190984
0.009541328708364494 0.006645315076806475
0.009450430704490522 0.006558523351189014
0.009524464872954202 0.006603034096249702
0.009551066601804261 0.006647545967566952
0.009624321488965628 0.006692055313900892
0.009585928075641367 0.006633726023389273
0.00974423099033796 0.006727846245032684
0.009795019120535025 0.006820296681542623
0.009949980781612171 0.006914420587491436
0.0009739918630179156 0.0006652055920430945
0.002004362580622389 0.0013310484289231182
0.0008690080890016385 0.0006033348506206351
0.0019555041860132034 0.0012691293690723592
0.003150371853897326 0.002174181876233524
0.004000621761974118 0.002658069482573987
0.0029890588855452514 0.0020119651762331844
0.0038748339759660925 0.0024957926603711867
0.005146537163791554 0.003575827708178726
0.005774780604508033 0.003947050864394044
0.0049606489377606025 0.003403552679368414
0.005609729327214245 0.0037747342640515394
0.006750705614537512 0.004711218000131698
0.007234689812416015 0.0050044662738733155
0.0065504221197038226 0.004534282579589379
0.0070481636624944105 0.004827501918902004
0.008007214534520383 0.005600662851940301
0.008342676799975824 0.005807292866676182
0.007822723818005948 0.005442265144260343
0.008165764697776946 0.0056488789781138134
0.00881839753191284 0.006167554051454298
0.00901696418618221 0.006290407821338922
0.008673313904924712 0.006043731264946967
0.008875120189362432 0.00616657530085884
0.009241607203304936 0.006454031844825288
0.009367408836943826 0.0065315019410174075
0.009165644405823549 0.0063888461240148575
0.009292475071303347 0.006466314285291756
0.009484074317268347 0.006608451765635744
0.009618180062177484 0.006690223710304329
0.009485448821708552 0.006609601773319968
0.009619545272823292 0.006691378394535
0.009793100851234696 0.006811344313154793
0.009989677762433325 0.006930199708690443
0.009861460806705708 0.00687100578699059
0.010056710059020865 0.006989864652677543
0.010315326733260835 0.007172288199481097
0.010576624384221543 0.007329886687100712
0.010465715438015482 0.007302946224013755
0.01072335375353466 0.007460551065015806
0.0007527638888525428 0.0005132228497796182
0.0015357277116139416 0.0010219228545309876
0.0007048547377600251 0.0004853602380971549
0.00151279100533246 0.0009939976971515946
0.002398183916835375 0.0016310725436075033
0.003229630425320646 0.002089365674741585
0.0023116800899447305 0.0015360237559496352
0.003165930516788118 0.0019942684754536717
0.004314268920103661 0.002983301330571617
0.004959628712243606 0.003357886529364893
0.004195967353341653 0.002870541953747442
0.004857076154354029 0.003245097688934549
0.005926347192705467 0.004124614496489429
0.006432001792845768 0.004426987004401684
0.005813183789291167 0.004023395758021646
0.006327901648987865 0.004325754067800993
0.007245263378026978 0.005059925602001975
0.007629161346001394 0.0052941148190262495
0.007121620518721276 0.004952874425957043
0.0075118456335920274 0.0051870506619237765
0.008212413287566007 0.0057383213241904
0.008494893571532457 0.005911783837328173
0.008113085962837772 0.005653154149168124
0.008398913111614675 0.00582661040587974
0.008895775368707386 0.006210783754647718
0.009128738878643485 0.006353608804236188
0.008837324599681784 0.006160561160265421
0.009071797583537256 0.006303385427193494
0.009444569887604035 0.006584079291115015
0.009678481695105679 0.006726631423366644
0.009439370926474629 0.006579538028863168
0.009673421163645123 0.006722094181169985
0.010029604575297125 0.0069845056676423566
0.010307260206319791 0.007152890664880628
0.010076205061968116 0.0070248653803984765
0.010352624946766531 0.007193256202820577
0.010820242385373989 0.007543222208351675
0.011154104962470483 0.007746390881211058
0.010919995461368997 0.007628556387673017
0.011250912212406695 0.007831733405045551
0.0006930929414257698 0.0004670989906267672
0.0013398256674941105 0.0009027805651895327
0.0007319603636643773 0.0004888286922759474
0.0013603097280657575 0.0009244941962712218
0.0020258777151085255 0.0013551179597544732
0.002812807482007952 0.001779377524520104
0.002003209431823913 0.0013287152402652119
0.002796511194826692 0.0017529576784572408
0.0038264216671315596 0.0026317725391533696
0.004499078464433205 0.003015988370663956
0.0037777480561299666 0.0025844767406881493
0.004457751372341519 0.0029686781447964055
0.005479257105888324 0.003804432313966495
0.006005242426041997 0.004115884545113808
0.005425505824780377 0.003755949072915826
0.00595624057017566 0.0040673924458678925
0.006812905063354701 0.004747475259509984
0.0072137809078081675 0.00498953215875087
0.006758559649917221 0.004699964196824352
0.007162479079530251 0.004942014853476158
0.007854318509427062 0.005481599508448063
0.008184998213527975 0.0056832369682736335
0.007814053065618352 0.00544695085885709
0.008146373877396324 0.005648587704314959
0.008681089736624835 0.006057030551067138
0.008967959250976185 0.006232132856515228
0.00865643480816333 0.006035808343893754
0.00894410226670065 0.006210912169584361
0.009397550167762383 0.006552032182638365
0.00968515957270201 0.006727151109729396
0.009383418147597659 0.006539796833637903
0.009671453368701939 0.006714916487616526
0.010148953731550484 0.0070739418873671705
0.01047186382782491 0.007270279610507891
0.010151981984753146 0.007076535908840184
0.010474804365531611 0.007272874575205264
0.011094365786875683 0.007746876453576161
0.011461405229878164 0.007971649194387443
0.011118984025074764 0.007767781444862904
0.011485243742408962 0.007992556896586893
sig_last 640
-134504.95581761253 5298.02001650803 5298.02001650803 -239304.27079719104
-95264.9463691701 1810.038869531533 1810.038869531533 -194495.01184333026
-142682.04842224397 20416.94147394479 20416.94147394479 -243526.88748498276
-101662.8798581741 11740.400156308173 11740.400156308173 -198864.93925160085
-136110.493501307 2917.055437354703 2917.055437354703 -286095.26638274285
-97330.1299785197 560.5782267928744 560.5782267928744 -183178.9774252509
-135289.03056707847 18871.615157330652 18871.615157330652 -273836.618454547
-94745.7969201829 10194.264237554802 10194.264237554802 -183911.81319821518
-149691.21737368082 1166.0374432779363 1166.0374432779363 -285330.215780376
-114916.94763546548 2917.334982011018 2917.334982011018 -218984.5807785841
-130919.05113193818 13611.111139324345 13611.111139324345 -251003.3664220362
-95766.11236258227 7584.178255482013 7584.178255482013 -177936.36430785368
-161452.93856544624 9301.142363248746 9301.142363248746 -290888.71570093284
-137340.32552188344 2947.861164547863 2947.861164547863 -238854.9712264994
-129909.36542298083 5163.303325386723 5163.303325386723 -230584.42022855798
-108244.7347607205 5529.222129004571 5529.222129004571 -192359.61233581958
-158435.26335880117 3472.9053182052758 3472.9053182052758 -282340.13267120416
-150975.91260574397 5454.7335274789875 5454.7335274789875 -259381.28047339767
-131769.16302824573 3592.984768483848 3592.984768483848 -225025.22240101092
-126435.57767886529 5838.660436816874 5838.660436816874 -217023.69496033518
-152927.99330412847 5885.4745369497805 5885.4745369497805 -262728.51790809794
-161312.42047750155 6747.3282773240335 6747.3282773240335 -289879.8585091795
-134945.9726307093 4772.237292742531 4772.237292742531 -230517.3868908244
-145102.69032676824 7589.605320981907 7589.605320981907 -251665.611261998
-144264.83698954384 9064.994019500104 9064.994019500104 -261459.89577925557
-164918.79845284607 12373.561223041794 12373.561223041794 -303237.1138499197
-141499.61181316111 5587.804850272381 5587.804850272381 -253083.04570466015
-162094.2629801678 8401.42059505112 8401.42059505112 -295384.9213281359
-126173.5506381118 10192.6826098112 10192.6826098112 -236649.685035851
-176473.6785114197 18919.50742216436 18919.50742216436 -335152.4059542916
-153096.15973447793 4556.889404984161 4556.889404984161 -271517.03863689624
-201016.19874087156 -4270.321359579739 -4270.321359579739 -384191.6019374216
-111754.76281098448 10030.702436257467 10030.702436257467 -218092.00596851835
-161962.69612689826 -605.6791731721434 -605.6791731721434 -326929.96228898724
-177118.19984540346 -7448.059343276583 -7448.059343276583 -336828.1949419479
-230749.44272740604 -27455.013203579467 -27455.013203579467 -454768.0312682117
-153180.38021021505 2767.2828330153434 2767.2828330153434 -278411.1053698432
-165093.9776062366 -284.6931428404105 -284.6931428404105 -289974.62054402207
-161098.48979100148 -1205.5978205488905 -1205.5978205488905 -296302.8332358434
-172830.15997671636 -4398.586697497182 -4398.586697497182 -307774.36690630123
-144515.29743811226 30060.44967080801 30060.44967080801 -233764.40797730355
-99055.85651693205 18633.10989446906 18633.10989446906 -181928.49844528353
-144997.51404448622 38659.94600201976 38659.94600201976 -216143.01239105724
-100684.9324506952 25370.376453536373 25370.376453536373 -168210.42780308798
-134195.9647075642 27418.990001499747 27418.990001499747 -250856.87917028094
-110152.25396247696 21515.69464735189 21515.69464735189 -212386.61738470403
-117776.24954370233 27713.308305444007 27713.308305444007 -205436.96236920694
-92653.46905534319 21239.834148007387 21239.834148007387 -169249.5574668474
-148815.39312761492 23147.664328700484 23147.664328700484 -291252.5222091844
-131464.8936120581 20704.69960056425 20704.69960056425 -257469.9620386971
-102910.67357735793 19658.980086765587 19658.980086765587 -195608.87604520848
-90466.85919877293 15942.97606846248 15942.97606846248 -164809.40354169722
-171434.5230448032 21335.159266996106 21335.159266996106 -313609.8009794506
-154271.45543430507 20080.855017251844 20080.855017251844 -281945.50952217757
-102227.38037937885 14881.016583559931 14881.016583559931 -199171.6858999198
-91535.65555919519 13161.796767890533 13161.796767890533 -171919.23118439308
-181795.94442225288 20815.932891289445 20815.932891289445 -326765.4501369609
-169053.46855138786 19612.000961941332 19612.000961941332 -289785.2202758747
-114175.49282882092 13269.147390753036 13269.147390753036 -208610.44916444152
-104358.23151403376 15753.06164613424 15753.06164613424 -190525.69312113727
-178846.14769598158 20550.149814662527 20550.149814662527 -311567.5670188089
-168830.0512407558 25436.421238620263 25436.421238620263 -299695.7545038319
-131637.18235650507 16452.92702895341 16452.92702895341 -228099.81501049642
-126257.1160135166 19040.544335181297 19040.544335181297 -218882.24327130537
-162220.3188773545 22725.336882320982 22725.336882320982 -291086.9669208911
-158520.9632474739 24883.307748922525 24883.307748922525 -287383.2881256742
-143236.43106794832 17628.210488119053 17628.210488119053 -258231.64248902377
-141213.1368282798 19247.16118336033 19247.16118336033 -254149.97322899924
-138220.51659455447 22361.474184057668 22361.474184057668 -257503.81283796177
-132109.83046083205 18805.325462911052 18805.325462911052 -244229.31242312738
-165985.87742352535 25485.9624394564 25485.9624394564 -310282.19115204894
-160931.4337348267 22017.419531460975 22017.419531460975 -302305.3493860368
-102257.52131162338 13008.41038637802 13008.41038637802 -189285.02263336236
-116759.5678765425 7217.503649127924 7217.503649127924 -213756.57147342517
-202137.66210135413 14091.2472529464 14091.2472529464 -371882.4673935878
-208643.79766029053 11136.643615112884 11136.643615112884 -387782.5951711095
-75224.8049272222 9922.951580464913 9922.951580464913 -142119.3848003532
-175242.35658941002 -9053.809736045736 -9053.809736045736 -361314.8110761845
-224578.39074439206 -18607.753620956722 -18607.753620956722 -420942.915101066
-379757.754026446 -65782.428968099 -65782.428968099 -694603.2865778884
-145369.96620493208 41528.168610480025 41528.168610480025 -200422.22851430697
-113530.89311217822 32216.559067059265 32216.559067059265 -166473.30548310213
-126301.33591371326 33468.10961749905 33468.10961749905 -154138.78987826858
-92607.22175978564 25290.980217583892 25290.980217583892 -120848.22620848981
-130970.1879205705 36216.962279990534 36216.962279990534 -197583.35968303494
-129085.50299109299 36366.32990182968 36366.32990182968 -190983.6517686966
-93827.92087116677 27791.781544403886 27791.781544403886 -128860.08117546546
-93588.99064350419 27347.31484983237 27347.31484983237 -123528.76744352507
-138915.22601561557 38551.71921919835 38551.71921919835 -212541.1685772529
-149771.89234716515 44025.399118804606 44025.399118804606 -212000.18493951697
-87122.84338917988 25837.63459402754 25837.63459402754 -114601.99233146424
-97320.34441365996 30743.863214618068 30743.863214618068 -121275.37500216172
-164454.85514170857 46675.291031502406 46675.291031502406 -242287.8593781633
-175953.93129122985 49735.96309653492 49735.96309653492 -238447.31956248323
-90890.10774214739 28959.719914614237 28959.719914614237 -109348.51105060418
-96237.72931920813 29413.899608306732 29413.899608306732 -111743.8838042375
-198450.70889127688 53480.50992505126 53480.50992505126 -281549.07805671927
-203755.7280588746 56580.17175032321 56580.17175032321 -262993.5941334221
-91783.2839853747 29237.880569454115 29237.880569454115 -105338.70310527133
-95891.88278630577 27162.40956988981 27162.40956988981 -104703.19650604203
-229618.8885021824 64640.21120409218 64640.21120409218 -307234.394670036
-224571.3730920154 57875.44664778069 57875.44664778069 -297536.2670931231
-85261.20080543612 25279.09194744679 25279.09194744679 -93933.98228812864
-89968.6672240077 25491.338127389186 25491.338127389186 -93946.80590733094
-243294.85561383347 70702.92116462809 70702.92116462809 -332950.63151455147
-236005.38739992084 68113.0505361711 68113.0505361711 -317459.1027037518
-74554.27611799487 21774.985356591358 21774.985356591358 -78052.57281902761
-71799.10006962545 20673.997897155677 20673.997897155677 -73545.55094382609
-259657.2795359665 79007.03014792965 79007.03014792965 -361523.35097593156
-240486.65310717523 47454.34477342723 47454.34477342723 -312807.58392354526
-47521.172507318566 14043.802383737728 14043.802383737728 -50359.46917312286
-57577.05134117539 16235.484772473716 16235.484772473716 -54651.02221900288
-257498.36885674688 66494.65580324714 66494.65580324714 -347345.5087277215
-265398.06674965104 51850.478020083436 51850.478020083436 -300768.33018678887
-33364.044359966356 10291.593533375391 10291.593533375391 -33557.736562637656
-35486.39069381821 10449.577332559169 10449.577332559169 -34126.433577254145
-201115.77839218307 56023.73372169712 56023.73372169712 -251953.51527287363
-157800.23578818754 41547.86962571279 41547.86962571279 -202837.5905816274
-22476.76907549529 4877.870328199975 4877.870328199975 -22007.85096258335
-15.029636479607069 8.511689834255723 8.511689834255723 -20.771096027459535
-126930.30713716452 34985.84525567479 34985.84525567479 -139966.7054707532
-113631.02515535183 31575.48444142362 31575.48444142362 -130133.87656649198
-117376.50209010535 32458.639883124815 32458.639883124815 -121579.98506706794
-103450.20322642893 29114.523906858944 29114.523906858944 -112189.96081793682
-114211.31095274125 31280.304246116226 31280.304246116226 -135440.37333748216
-126991.68511832655 35301.12295443626 35301.12295443626 -144897.02767446227
-96923.29351415929 26479.877226782446 26479.877226782446 -107702.14166806833
-109815.17818880237 30503.247940668884 30503.247940668884 -117208.79157987991
-121766.15736743562 33298.303585425645 33298.303585425645 -132697.25785714402
-142392.59801573178 40003.83565499657 40003.83565499657 -148284.4021552646
-103251.91097566907 29606.652840307077 29606.652840307077 -106785.75020212699
-123525.39575424485 35601.19320189541 35601.19320189541 -121312.11863387362
-133926.4775917447 38459.150412944946 38459.150412944946 -131382.9551090634
-152742.7923862255 44813.95081940398 44813.95081940398 -142844.7524139319
-117139.14544396407 33062.57762998901 33062.57762998901 -107757.02427156345
-135371.3314218613 38938.66181794507 38938.66181794507 -119275.07111687676
-145590.27382956285 39263.02315184568 39263.02315184568 -125374.71926629457
-163150.95082244108 44025.06973035754 44025.06973035754 -135430.53203878438
-127638.17712918398 33208.76671908854 33208.76671908854 -102065.06115915815
-144733.05683561612 37651.663018520754 37651.663018520754 -111991.65459192441
-153494.12171676214 35051.60817541959 35051.60817541959 -116280.91861066455
-165772.5956789124 38861.82406604332 38861.82406604332 -124072.88482228926
-134770.33004855452 28952.690603817682 28952.690603817682 -94270.78615601732
-146600.37075461267 32645.43568667111 32645.43568667111 -102208.05100858139
-151509.04626930683 26779.120962283676 26779.120962283676 -103788.0479230263
-155290.30200367447 29210.011168610545 29210.011168610545 -107534.31731398906
-135996.19821797457 23691.410382277114 23691.410382277114 -87800.8944311291
-139657.90935979012 26013.905727070516 26013.905727070516 -91444.05345456334
-140565.8457435259 21154.33023053116 21154.33023053116 -88469.84910920066
-140782.31260793528 21967.548717692065 21967.548717692065 -89324.29461925857
-133526.00432507004 19672.696239706125 19672.696239706125 -81565.32839357543
-133480.92089155517 20139.74104811075 20139.74104811075 -82495.08031665043
-134146.22093250122 7836.451767385768 7836.451767385768 -82666.54218777918
-112775.65675555872 8281.209641615442 8281.209641615442 -72594.77063684625
-130038.24930336201 12788.066307193374 12788.066307193374 -78258.54336145194
-109140.38215780423 13341.10422629366 13341.10422629366 -68586.94988566257
-104164.8308471379 -12874.399121427667 -12874.399121427667 -105581.44619770124
-41477.12088905392 -3753.2259049953996 -3753.2259049953996 -63772.1255532586
-99379.16126182741 7874.210381135492 7874.210381135492 -78978.23274332107
-34278.50507052799 6337.937739219661 6337.937739219661 -43788.16563363697
-115478.09235662842 31670.387778532728 31670.387778532728 -114019.54711919435
-116313.58819887883 32866.50680500295 32866.50680500295 -114933.80261909483
-107955.79556326711 30872.278523004927 30872.278523004927 -103940.27950368213
-107834.92009266414 31129.9768669611 31129.9768669611 -103525.03868265153
-109939.56017517275 31559.738359577423 31559.738359577423 -111669.58233501349
-130249.53928096901 38053.86603456782 38053.86603456782 -126328.45232235163
-97151.4654674874 27739.12482599623 27739.12482599623 -94571.58449770584
-116464.66204412052 34040.10710147745 34040.10710147745 -109236.48383679865
-122336.46602600276 33920.66807291097 33920.66807291097 -113960.68806102664
-140453.41882894147 38880.071817037744 38880.071817037744 -124640.56326219765
-108924.93032446585 29213.264642395257 29213.264642395257 -95115.13799215597
-126379.24106439343 33292.75459870422 33292.75459870422 -105548.15702034043
-134795.4568730322 32853.351757095545 32853.351757095545 -108419.07531463804
-149606.70853811645 36581.04580021529 36581.04580021529 -117242.85796146997
-121103.06818563407 27922.238651675536 27922.238651675536 -90919.0143721108
-135671.9051310993 31166.898224852932 31166.898224852932 -99604.89578023346
-140890.5621583998 29708.497364174633 29708.497364174633 -99294.6413484979
-154216.26944557056 32390.92959322797 32390.92959322797 -107111.06109437902
-127725.49164525108 25397.603956558807 25397.603956558807 -85656.78025008923
-140703.81198556052 27966.523596362065 27966.523596362065 -93650.15535239023
-143555.8168978711 23251.106322924406 23251.106322924406 -90352.23999942561
-150154.97066351926 25269.868459813053 25269.868459813053 -94699.9002538434
-133924.45366282755 20586.65097750512 20586.65097750512 -81622.8803353436
-140053.52768999874 22303.29107302298 22303.29107302298 -85900.83804890513
-142525.6395049018 16037.620638238663 16037.620638238663 -82977.1511648966
-139790.0619752589 16962.430447500083 16962.430447500083 -82366.44908242839
-136364.35713378288 15759.808179692598 15759.808179692598 -78094.80915278893
-133608.03483655775 16676.33572721902 16676.33572721902 -77601.70537352712
-135388.27855533184 8667.723763454702 8667.723763454702 -74636.63070478744
-125629.66898682143 8938.898497839831 8938.898497839831 -70342.509165619
-132329.37986192098 10031.819633600691 10031.819633600691 -72998.70106725054
-122630.19702057833 10312.239695977634 10312.239695977634 -68786.29616789619
-120329.63162277614 -2806.1740265648314 -2806.1740265648314 -68979.55167121069
-95727.97326007586 -3034.6089329557035 -3034.6089329557035 -55838.21161282128
-122338.35868817302 3239.305304298068 3239.305304298068 -70487.35215317004
-97494.81878553805 2315.6701347392127 2315.6701347392127 -57460.89284527961
-90858.10565948887 -13269.107058692545 -13269.107058692545 -70644.80245400639
-42906.21342925896 -7989.814895286596 -7989.814895286596 -45657.06102069221
-95073.77152779237 -183.14248041740024 -183.14248041740024 -70709.76402992
-39728.01935972549 -517.4124059241587 -517.4124059241587 -46955.52396867281
-106825.02556045624 30989.067537590832 30989.067537590832 -100060.97288612896
-120175.77570356955 34600.89361392388 34600.89361392388 -109461.88015692115
-99658.31419438435 29587.07542387463 29587.07542387463 -90953.06510113309
-112329.51812494124 33300.26662221919 33300.26662221919 -99070.64803052286
-107248.92071007438 30312.106544144328 30312.106544144328 -99440.37213821376
-126665.51494248895 35536.12184653704 35536.12184653704 -111274.86129904982
-96932.75265891326 26803.220121779894 26803.220121779894 -86674.200251421
-116159.43092541386 31077.859925865407 31077.859925865407 -97964.36834775066
-120369.94324911655 28751.61835308494 28751.61835308494 -94717.72737639702
-135530.72528820648 31476.332605318115 31476.332605318115 -103241.43311254996
-111729.98131900781 25311.319470041508 25311.319470041508 -83990.12751768362
-126733.98508896786 28292.204284080777 28292.204284080777 -92466.9352292179
-129160.06353284082 26035.50514079165 26035.50514079165 -89035.93898334817
-142037.57553468965 28418.74869272032 28418.74869272032 -96417.11561633238
-121506.33701183827 23077.171031343718 23077.171031343718 -80368.4822215419
-133788.13494676712 25201.85067176233 25201.85067176233 -87667.22205594796
-134779.71155221664 21549.013322552844 21549.013322552844 -83311.9789916947
-142463.4301772399 22808.702969893107 22808.702969893107 -88065.89537231799
-127847.52874919762 19423.646363496984 19423.646363496984 -77252.18085414101
-135511.0510030284 20618.69815149583 20618.69815149583 -81928.61351726169
-136470.4279492525 15563.2085393622 15563.2085393622 -77635.91207255938
-138518.27536099 16310.088165167946 16310.088165167946 -78969.3917393806
-132061.27430088638 14666.669622170324 14666.669622170324 -74263.22448243057
-134104.41489574764 15400.2163058761 15400.2163058761 -75625.51734008075
-134757.53531790088 8300.369910784802 8300.369910784802 -72452.72815199956
-129254.21169108748 8631.875300406282 8631.875300406282 -69963.80556038047
-132254.0515222937 9080.985441254848 9080.985441254848 -70874.56775205661
-126830.77992098889 9366.454236169871 9366.454236169871 -68349.62929702243
-126441.29814732904 93.00558964492623 93.00558964492623 -67891.57988639407
-112685.4698907056 -31.595847459578348 -31.595847459578348 -61238.196848612075
-126240.49572770542 2612.936454872016 2612.936454872016 -67808.10403915223
-112630.92272768932 2457.6008171331177 2457.6008171331177 -60976.855052282066
-113340.17306821121 -7538.062449638888 -7538.062449638888 -66987.906523287
-87545.74935106555 -7286.176526384559 -7286.176526384559 -53609.22375820008
-115488.39429046231 -2599.08211573343 -2599.08211573343 -67460.7887837877
-90031.19622327706 -2933.010825664046 -2933.010825664046 -53704.51992117299
-89952.381787059 -10690.80891692272 -10690.80891692272 -70242.20265971824
-54792.196353811094 -8463.897888386167 -8463.897888386167 -54696.664360657494
-90013.69590580795 -1193.7338806247171 -1193.7338806247171 -66443.41483052065
-52751.26140629231 -489.5982536216337 -489.5982536216337 -50721.901429888196
-96907.16387266164 29050.76300890345 29050.76300890345 -86539.4709720705
-116373.08575191932 35156.399771086566 35156.399771086566 -99435.80622633653
-89885.08282801963 26524.874583942023 26524.874583942023 -79065.1718507867
-108179.90721698535 32685.7789630634 32685.7789630634 -92952.9809643085
-103770.84132155415 26100.300109108575 26100.300109108575 -85518.43929154039
-121125.19508349676 29430.035944342693 29430.035944342693 -95480.49857286786
-97700.06056454635 23680.933326024948 23680.933326024948 -77896.37818962744
-114775.90744634545 26711.99386117167 26711.99386117167 -87607.75807025643
-116801.70908224097 23913.74478059898 23913.74478059898 -82394.07990836234
-129820.64466187639 26002.094865315656 26002.094865315656 -89588.89788133197
-111557.76517903 21679.96940002276 21679.96940002276 -76076.752987489
-124605.48061151667 23655.487654780263 23655.487654780263 -83148.74232595602
-124781.38069511493 20449.565888339734 20449.565888339734 -78139.85932538299
-134197.6975877218 21782.33062787878 21782.33062787878 -83659.12258683327
-120262.78274306036 18625.62778263552 18625.62778263552 -73683.43011925353
-129499.93211363824 19834.998784374005 19834.998784374005 -78996.8991142063
-128229.26085815253 15419.873549406366 15419.873549406366 -73622.63472130918
-133572.65591444104 16117.972247834623 16117.972247834623 -76362.32534376594
-125472.40446594312 14463.437015624791 14463.437015624791 -71193.2920270567
-130797.11140032846 15119.167146262978 15119.167146262978 -73970.77544795022
-129487.90740466776 9656.941879142327 9656.941879142327 -69417.38927200333
-129188.03356600196 9827.965684373288 9827.965684373288 -69368.99240296808
-128314.36302142253 9618.240596215983 9618.240596215983 -68663.34648431205
-128038.42037639886 9807.887156811465 9807.887156811465 -68605.4091099147
-126532.53341913795 2634.552811501477 2634.552811501477 -66275.05872962139
-119741.77382873741 2522.494473220393 2522.494473220393 -62939.649639337615
-126391.34021456841 3782.56021299287 3782.56021299287 -66218.3454224461
-119551.54431323882 3683.0002185075464 3683.0002185075464 -62955.7769587703
-118948.93358522796 -4086.0023341771475 -4086.0023341771475 -64758.1970315988
-104393.68198653842 -4121.243370986935 -4121.243370986935 -57668.19699430061
-120003.36127209221 -1556.5208782744407 -1556.5208782744407 -64946.25850429894
-105285.42930996839 -1873.0230856915582 -1873.0230856915582 -57560.766696430015
-109523.09612997573 -8662.022693203886 -8662.022693203886 -66062.5790116341
-87663.0406471472 -8228.401237952186 -8228.401237952186 -54657.89784293794
-110470.95198817909 -4643.66232150884 -4643.66232150884 -65062.966672082286
-88568.52460009081 -4604.761137001739 -4604.761137001739 -53441.479551996774
-91062.91886457837 -8568.261747209533 -8568.261747209533 -67018.55292870646
-65565.41958919817 -7920.610324053709 -7920.610324053709 -55475.024347739716
-90482.56507720318 -1685.247238241752 -1685.247238241752 -64191.76130552858
-64920.71389862997 -1186.528280763282 -1186.528280763282 -52285.670140498674
-86423.87950759844 25048.518931127815 25048.518931127815 -75721.0543616438
-107323.9365986013 32156.463707923827 32156.463707923827 -92256.16848286489
-80985.31568199157 22964.62667392798 22964.62667392798 -71524.17194598207
-102085.90150244345 29397.40479519591 29397.40479519591 -87608.04850859499
-100763.46911236826 22618.367305747393 22618.367305747393 -76502.361954244
-116431.99474205163 25027.572371009166 25027.572371009166 -85199.23058747071
-97562.54534122928 20796.302389873432 20796.302389873432 -71604.37991474193
-112687.43671957958 23297.44968335922 23297.44968335922 -80425.43379271952
-113010.45612254363 20020.978874085533 20020.978874085533 -74127.00040529053
-123924.99475258807 21425.00980216165 21425.00980216165 -79971.71339458537
-110033.12613935593 18397.512370277924 18397.512370277924 -70625.99610950281
-120930.58527054619 19715.586233678776 19715.586233678776 -76376.73318147297
-119231.9741665593 15721.166689275895 15721.166689275895 -70531.7868575286
-126604.34072111687 16387.77400710096 16387.77400710096 -74417.01248241492
-117695.57446587856 14718.7367776725 14718.7367776725 -68836.71961337772
-125163.00245814299 15366.303617021234 15366.303617021234 -72769.48014151084
-122361.40564192695 10886.108702606769 10886.108702606769 -67285.06182425753
-125784.48442329942 11054.632126563363 11054.632126563363 -68778.18734573916
-122251.7250054316 10506.141864240017 10506.141864240017 -67002.82434697523
-125641.77554765905 10656.461797619058 10656.461797619058 -68547.1337130696
-122712.00713807925 5133.89360404135 5133.89360404135 -64341.43809220728
-121129.67395808634 4974.622575114372 4974.622575114372 -63564.63857482249
-123427.2058097146 5514.215030756414 5514.215030756414 -64908.08363878782
-121836.73123561517 5327.790630926983 5327.790630926983 -64140.9674007736
-119556.91133208801 -631.473716287386 -631.473716287386 -62686.689820219304
-112304.60120287583 -951.5157470544607 -951.5157470544607 -59298.437042555444
-120805.13149420173 428.2748479452921 428.2748479452921 -63342.293628675536
-113625.14016970176 128.12948670371435 128.12948670371435 -59992.17301588666
-113467.14772240074 -5697.006880926889 -5697.006880926889 -62940.747424940746
-100394.98858050053 -5767.706699366133 -5767.706699366133 -56405.56314786547
-114622.22048616415 -3750.1305275276 -3750.1305275276 -62912.73723625932
-101642.94731441683 -3875.654163697961 -3875.654163697961 -56507.09268668576
-106871.0084998421 -8447.077912602985 -8447.077912602985 -64545.822921234096
-89367.97178023924 -8021.201313521231 -8021.201313521231 -55310.55381603236
-107197.25936474714 -5239.7344020630935 -5239.7344020630935 -63279.54375264446
-89643.20973931867 -5080.7282329778445 -5080.7282329778445 -53978.80767530986
-94275.63438527274 -7049.86681592296 -7049.86681592296 -65726.38364894019
-76544.29639011841 -6507.509804243833 -6507.509804243833 -56966.03177780155
-92595.15287618665 -2033.6552542671184 -2033.6552542671184 -62497.697848263284
-75050.06628478305 -1362.5690390912187 -1362.5690390912187 -53498.32643034434
-78040.20409464312 21596.190482521448 21596.190482521448 -68923.0700795991
-100678.14784029989 27440.067614189757 27440.067614189757 -85019.50841922913
-73835.64599453473 20217.627239367554 20217.627239367554 -66117.54450080695
-97301.28219899541 25038.119556607948 25038.119556607948 -81029.96000501367
-97792.85245772787 19787.09144498733 19787.09144498733 -69773.37786685931
-111281.73473745798 21642.326187042323 21642.326187042323 -77546.67153553995
-96052.89629348903 18468.028922109515 18468.028922109515 -67562.11659508072
-109926.99346968895 20245.941990383697 20245.941990383697 -75364.43142190865
-108174.01903732383 16618.25931016978 16618.25931016978 -68120.326738768
-117139.74826528871 17213.698080115006 17213.698080115006 -72568.78153831577
-108179.11198294365 15653.009323708775 15653.009323708775 -67256.39891271567
-117049.79356279862 16178.455342091758 16178.455342091758 -71612.96303948513
-113788.33384597983 12292.82500275283 12292.82500275283 -65355.571249576555
-119721.521566892 12466.540485785063 12466.540485785063 -68216.46498822334
-114669.49075146006 11697.922284944023 11697.922284944023 -65554.24851113978
-120748.43016495198 11858.836818606056 11858.836818606056 -68354.42258054929
-116440.02194784579 7313.313185845909 7313.313185845909 -62916.64397645965
-118794.77496075128 7123.415373095194 7123.415373095194 -63991.73384797071
-118082.41301999192 7218.714932369116 7218.714932369116 -63914.651644059246
-120409.83468364249 7020.245063245248 7020.245063245248 -65040.5842260645
-116631.44307748688 2233.2401448655464 2233.2401448655464 -61237.16008866713
-114962.71226152939 1875.4876115541779 1875.4876115541779 -60374.14315498697
-118413.49583686159 2609.067160135893 2609.067160135893 -62419.38522090927
-116757.55944628837 2240.235649049643 2240.235649049643 -61557.86073471281
-113630.80698958164 -2619.6876230924145 -2619.6876230924145 -60583.37490104093
-107210.00033840857 -2951.692602917843 -2951.692602917843 -57600.73794114207
-115473.32217837127 -1676.1520420378138 -1676.1520420378138 -61576.90714300012
-108961.41354730808 -2027.7780237683473 -2027.7780237683473 -58545.43190011751
-109622.10691170816 -6114.040920657579 -6114.040920657579 -61392.3876273097
-98612.30429350359 -6193.7403498158355 -6193.7403498158355 -55847.98657061002
-110996.7614472425 -4588.962062526945 -4588.962062526945 -61732.188692816475
-100042.38187361401 -4702.628934282798 -4702.628934282798 -56268.960711918284
-105368.25527346235 -7550.171207797232 -7550.171207797232 -62993.57126577524
-92308.75587676585 -7188.051376899304 -7188.051376899304 -56282.05913689818
-105144.64407634112 -5177.782559914746 -5177.782559914746 -61825.058598748124
-92183.69483933637 -4966.855223810582 -4966.855223810582 -54964.22988880158
-97637.43984523957 -5506.9763497434105 -5506.9763497434105 -64442.10287535158
-86288.53894395649 -4792.320024059469 -4792.320024059469 -58171.11777159586
-95257.60377957916 -2154.0258397733924 -2154.0258397733924 -61085.620602389434
-83750.06794185365 -1444.9884053500928 -1444.9884053500928 -54880.038279468754
-71667.32128478008 19315.046527917602 19315.046527917602 -64518.63457383061
-94818.20626245742 23593.527001543356 23593.527001543356 -78120.69758376741
-70165.68427219056 18576.65858439576 18576.65858439576 -63031.316323601284
-94289.96169855373 22401.440524200603 22401.440524200603 -76473.65234328316
-94114.4043851401 17355.409687995045 17355.409687995045 -65338.72519706439
-105709.63038838406 18605.409700242395 18605.409700242395 -71722.04809067039
-94554.33816151797 16649.256708403816 16649.256708403816 -64873.98450271756
-106505.63167385472 17581.961964602768 17581.961964602768 -71336.96353988907
-103627.14616957339 13755.9609226521 13755.9609226521 -63694.95443084867
-111420.84699783404 14044.414105563319 14044.414105563319 -67500.36453665327
-104697.46210848623 12956.617322108263 12956.617322108263 -64012.468132889895
-112451.54383956626 13307.021174343245 13307.021174343245 -67978.5898445878
-108932.26703822832 9440.553533609918 9440.553533609918 -61778.0023128146
-113883.78093316672 9318.371212675676 9318.371212675676 -63961.722423193474
-110706.65404122087 8993.956747929016 8993.956747929016 -62860.05206975878
-115709.93140849963 8855.071627622245 8855.071627622245 -65060.88785505039
-111038.87008771834 4945.797048715525 4945.797048715525 -59975.40421223554
-113243.29838735556 4539.16465788938 4539.16465788938 -60962.3684407041
-113422.73865265856 4804.257816419488 4804.257816419488 -61494.53553472708
-115630.7702742474 4364.558357286565 4364.558357286565 -62520.51583252404
-111115.83295487307 362.61226286972516 362.61226286972516 -59075.36296394592
-109897.93137696986 -53.71804095362511 -53.71804095362511 -58520.058336878144
-113471.10813456289 553.2161470053198 553.2161470053198 -60751.02115142903
-112266.44690934275 96.1766940694711 96.1766940694711 -60133.86008199864
-109098.74202129665 -3521.8437983581116 -3521.8437983581116 -59217.51712549239
-103935.59336344559 -3825.2120936352985 -3825.2120936352985 -56793.97413458491
-111276.81218781485 -2825.092229177696 -2825.092229177696 -60470.77678189364
-106037.93309516525 -3191.6996789875293 -3191.6996789875293 -58021.69045853561
-106840.05196954147 -5916.2821085481955 -5916.2821085481955 -60244.89837533321
-98504.88190503328 -6035.699472384798 -6035.699472384798 -56143.66275313801
-108114.9716794959 -4751.99253374391 -4751.99253374391 -60606.80594041545
-99673.52818950152 -4868.810530305238 -4868.810530305238 -56572.683604303435
-104687.9791435587 -6394.234530390771 -6394.234530390771 -61892.9963263595
-95947.05631946829 -6121.409879074732 -6121.409879074732 -57167.97910621468
-103902.52018489195 -4688.5608902961685 -4688.5608902961685 -60672.94878153013
-95209.4275465394 -4478.474433454059 -4478.474433454059 -55977.44279005932
-100807.94419321437 -4051.411377955712 -4051.411377955712 -63084.32966260054
-94026.64515506716 -3222.9335509894336 -3222.9335509894336 -59443.26594537712
-98080.15499272406 -2174.287792065749 -2174.287792065749 -59917.522459307685
-91314.2503037524 -1365.4689048743573 -1365.4689048743573 -56375.27171526582
-68568.35926261595 17542.693504385352 17542.693504385352 -61445.953724782485
-90250.05343919415 20703.587690207074 20703.587690207074 -73403.1099526598
-68380.1487528692 16772.457746365013 16772.457746365013 -60803.88461051313
-90365.86963230617 19788.088051601168 19788.088051601168 -72716.5100108393
-89882.70162192204 15378.348457898253 15378.348457898253 -61743.69142645579
-100778.99073244185 15902.12629696484 15902.12629696484 -67466.88761276472
-91561.42367186245 14454.017468886424 14454.017468886424 -62628.4888945354
-102736.46027459383 14942.097311928275 14942.097311928275 -68334.07635823509
-98307.94941287357 11389.95072546753 11389.95072546753 -60447.90844633921
-106020.49632718676 11569.066886589917 11569.066886589917 -64191.30043911523
-100454.06364901386 10721.146365308148 10721.146365308148 -61774.56511123647
-108171.44494182477 10836.550847160253 10836.550847160253 -65571.75778386265
-104217.85218247936 7305.816463997517 7305.816463997517 -59231.52492148565
-108721.56462787752 7078.139068951754 7078.139068951754 -61353.34755273551
-106466.8356833208 6921.394366876964 6921.394366876964 -60813.15336627207
-111020.87551273438 6642.7532899552225 6642.7532899552225 -62920.86074442727
-106434.06322839564 3179.009473651627 3179.009473651627 -58174.05727044063
-108511.73257152275 2741.2890861600195 2741.2890861600195 -59124.97571915998
-108768.88993685703 2986.5437452101987 2986.5437452101987 -59937.76782236269
-110858.02578398946 2486.7987523407396 2486.7987523407396 -60895.40836077681
-106489.45732848569 -704.6089722487159 -704.6089722487159 -57677.55773479296
-105862.01025172835 -1201.4352380478895 -1201.4352380478895 -57397.19713120836
-109199.63499416292 -629.45501210621 -629.45501210621 -59525.00593402494
-108547.52703487339 -1172.4276685824334 -1172.4276685824334 -59211.193948344626
-105729.09187977953 -3708.240878618684 -3708.240878618684 -58156.72341533832
-102166.33625127071 -4106.8839103089085 -4106.8839103089085 -56510.66445813522
-107984.71731052884 -3341.3520908023634 -3341.3520908023634 -59524.329550112605
-104353.3399099487 -3734.8492085686225 -3734.8492085686225 -57878.4476433176
-104850.65655425585 -5314.9007748981785 -5314.9007748981785 -59305.47766722365
-99407.35710215334 -5406.02739529849 -5406.02739529849 -56698.38269427934
-105812.97829187458 -4517.993493353435 -4517.993493353435 -59700.62852045344
-100377.45502012354 -4637.13412365568 -4637.13412365568 -57122.27455495801
-104536.8635954794 -5123.690271712572 -5123.690271712572 -60904.784671875954
-99542.34756018667 -4825.665175477699 -4825.665175477699 -58147.48244871697
-103331.82633559991 -4082.676709832066 -4082.676709832066 -59699.84231056665
-98403.90915601804 -3780.5845327143606 -3780.5845327143606 -57001.70108622165
-103658.62683227943 -2901.5544491384226 -2901.5544491384226 -62025.75397004332
-100637.63707493343 -1940.925623237681 -1940.925623237681 -60278.840860750766
-100260.22872597692 -2042.5045573347215 -2042.5045573347215 -59097.103295847584
-97191.1373175164 -1055.4717782564308 -1055.4717782564308 -57356.59645751293
-66963.30859760333 15819.6512216015 15819.6512216015 -59839.0558666715
-85333.9629571797 18495.825439662625 18495.825439662625 -69746.70424779247
-66862.81251316867 14862.549313225927 14862.549313225927 -60128.518842153186
-85913.39558716623 17244.329290835296 17244.329290835296 -70056.40770099753
-85761.17492574234 13231.870706253594 13231.870706253594 -59622.77271803766
-95889.4325121083 13623.062245277682 13623.062245277682 -64730.17800405664
-87925.94674353662 12407.966829530604 12407.966829530604 -61031.25486027096
-98306.6949480917 12557.170814927063 12557.170814927063 -66166.45629395354
-93786.81803779211 9571.84095180966 9571.84095180966 -58284.07343736602
-101288.60174530983 9507.712465287834 9507.712465287834 -62148.437058787094
-96653.4972156708 8916.055262260656 8916.055262260656 -60180.39020604271
-104252.00509820602 8761.396802920463 8761.396802920463 -63977.29010434769
-99365.68233656019 5760.800650563246 5760.800650563246 -57656.121365994986
-104140.16893981349 5413.162321293188 5413.162321293188 -59870.44188318104
-102098.42752699688 5267.2201782996835 5267.2201782996835 -59486.825604383426
-106723.78786618094 4811.419166276348 4811.419166276348 -61774.91232675007
-102025.34528927984 1957.0169039859343 1957.0169039859343 -57000.76987978098
-104286.38881762844 1447.0742438213804 1447.0742438213804 -58046.197695083676
-104491.3936531781 1672.29943528115 1672.29943528115 -58876.623634247844
-106806.01665640125 1200.807575919197 1200.807575919197 -59935.95227096261
-103113.18655945807 -1243.1835942331072 -1243.1835942331072 -56904.866857788715
-103113.0931467224 -1764.6578580436353 -1764.6578580436353 -56924.506992623814
-105488.56133521785 -1327.8170264001087 -1327.8170264001087 -58603.53568911489
-105472.55412533859 -1863.6136066058357 -1863.6136066058357 -58662.27860095457
-103246.53216708916 -3498.7102073376454 -3498.7102073376454 -57451.161853273275
-101479.94227229692 -3815.7779388851122 -3815.7779388851122 -56718.60870341806
-105124.40974479061 -3341.0597507491584 -3341.0597507491584 -58809.10727562628
-103356.35999117326 -3701.466545308855 -3701.466545308855 -58071.805685014406
-103527.65985538131 -4361.730125317848 -4361.730125317848 -58753.03613996963
-100999.42701427876 -4490.661258122408 -4490.661258122408 -57523.11142490118
-104183.46784011874 -4025.7373728275807 -4025.7373728275807 -59176.242163496856
-101717.89275419476 -4123.687082415544 -4123.687082415544 -57923.28178134211
-104569.14578476717 -3841.5952154630636 -3841.5952154630636 -60173.82314877177
-102984.12257787237 -3514.8908872185875 -3514.8908872185875 -59236.75518117662
-103161.32920091684 -3442.618119952569 -3442.618119952569 -59032.763650897934
-101548.33826430993 -3116.845087645178 -3116.845087645178 -58148.60063568905
-105641.07764035164 -1949.7236208577042 -1949.7236208577042 -61309.0735702344
-105431.17713697895 -969.9420604809932 -969.9420604809932 -61163.413684131476
-102148.53639551892 -1757.0301165443439 -1757.0301165443439 -58623.355565504586
-101903.8517427761 -883.4319697444087 -883.4319697444087 -58520.06827378614
-65177.83043364555 13780.267145359669 13780.267145359669 -59757.36019756184
-80909.62187116109 15585.179967668422 15585.179967668422 -67693.24930748301
-65354.54604620425 12431.924198656296 12431.924198656296 -60469.82023560295
-81838.23957451925 13863.120281600692 13863.120281600692 -68330.01441284666
-81966.59307081386 11355.167770310181 11355.167770310181 -58434.961356302905
-91697.60108921585 11464.875173849527 11464.875173849527 -63072.44109443966
-84209.27971714841 10334.431946028584 10334.431946028584 -60183.584824368394
-94161.61568114585 10250.650680117073 10250.650680117073 -64808.52424182742
-90075.35242042597 8046.324365656753 8046.324365656753 -57051.138118440686
-97321.89572260295 7832.269538170264 7832.269538170264 -60602.904677617094
-92709.21217934323 7132.197490856105 7132.197490856105 -58971.65117001647
-100119.02928778449 6790.548076882604 6790.548076882604 -62509.512400385
-95070.66751471475 4584.704828112288 4584.704828112288 -56270.34095562115
-100141.44558452636 4148.703172313817 4148.703172313817 -58718.77954650463
-97909.1655215787 3933.098625487007 3933.098625487007 -58258.74130679448
-103000.81928867944 3331.0767078487634 3331.0767078487634 -60773.77374482836
-98093.65835999763 1322.5783098560305 1322.5783098560305 -56114.79697233902
-101103.64579276735 803.8634274132263 803.8634274132263 -57575.52023217236
-100646.70628348428 855.5509687594424 855.5509687594424 -57923.061500199496
-103555.87159893941 275.80538070684537 275.80538070684537 -59410.61936480422
-100177.41890072322 -1304.8381810223123 -1304.8381810223123 -56527.82510657181
-101271.54752992152 -1776.0095194770306 -1776.0095194770306 -57118.66309903696
-102212.06536918522 -1553.7619502631715 -1553.7619502631715 -58020.71311705353
-103269.8610251612 -2035.4964459543667 -2035.4964459543667 -58627.43859168604
-101570.12172518062 -2994.506267434428 -2994.506267434428 -57366.49534282036
-101493.4376844372 -3228.797007716763 -3228.797007716763 -57362.2585606898
-102855.88637170676 -3002.3710217332846 -3002.3710217332846 -58389.64945128164
-102794.19521364117 -3264.6720445560873 -3264.6720445560873 -58375.28834544001
-102910.99672042178 -3379.387539494798 -3379.387539494798 -58483.72588398792
-102852.66125117574 -3416.7224033397324 -3416.7224033397324 -58440.113412346174
-103101.38893821338 -3384.418800579706 -3384.418800579706 -58665.55645363221
-103048.92231087778 -3416.6263994203914 -3416.6263994203914 -58619.274390964885
-104662.63536783117 -2694.849297136845 -2694.849297136845 -59659.46643076005
-105587.11738497835 -2411.043565681958 -2411.043565681958 -60142.12044195112
-103398.99401867337 -2836.365459193269 -2836.365459193269 -58738.75321175724
-104316.5845152158 -2554.2429072616674 -2554.2429072616674 -59208.51826409543
-106613.60385044456 -1181.641198079325 -1181.641198079325 -60592.24731988454
-108512.76254629818 -438.89996321338094 -438.89996321338094 -61418.38959892661
-104234.92262484407 -1453.8654979573657 -1453.8654979573657 -58689.193055507334
-106039.86866974478 -806.8534438389747 -806.8534438389747 -59460.13685510108
-64550.53902457961 11385.18768773706 11385.18768773706 -60591.26613511203
-77183.55830316448 12085.319243323738 12085.319243323738 -66268.44948780056
-65233.613286133885 9689.662495304307 9689.662495304307 -61822.3337782945
-78771.53509612934 10031.136351055475 10031.136351055475 -67228.1639234066
-78724.47730354934 9253.88549148186 9253.88549148186 -58041.310371221174
-88131.47205956325 9013.44439215263 9013.44439215263 -62453.09841304146
-80997.02856017742 7904.093179322859 7904.093179322859 -59806.30480977789
-90407.77947039936 7501.825044233505 7501.825044233505 -64285.775967244015
-87051.61415314148 6471.973627299751 6471.973627299751 -56496.865978582755
-93962.28830287332 6103.115996954204 6103.115996954204 -59906.522284452534
-89249.23609911965 5258.70639633858 5258.70639633858 -58217.04297458514
-96227.1155006762 4740.9573348467475 4740.9573348467475 -61754.840239587174
-91948.26934716654 3623.369036536149 3623.369036536149 -55523.28132606719
-97224.4256185099 3218.5407489015734 3218.5407489015734 -58090.19588147769
-94144.8823013935 2620.9056576660514 2620.9056576660514 -57063.968674317315
-99572.1550059825 2027.8041064990534 2027.8041064990534 -59851.45493817202
-95111.68335526781 1073.3297529576917 1073.3297529576917 -55269.43213888251
-98825.97714469479 621.7024825150377 621.7024825150377 -57269.68857179801
-97206.36349246104 334.03976119021416 334.03976119021416 -56791.12167054273
-101031.8621948652 -223.31074771459856 -223.31074771459856 -58820.33902985331
-97862.26982252985 -921.496693142529 -921.496693142529 -55912.061867911885
-100150.80871476517 -1305.9308892132879 -1305.9308892132879 -57121.94170672254
-99496.0821766776 -1432.5527483562394 -1432.5527483562394 -57110.39104823569
-101800.89489059204 -1828.7196329043495 -1828.7196329043495 -58373.23710706524
-100256.34104545384 -2107.1485847090544 -2107.1485847090544 -57022.703549380625
-101739.8715355416 -2299.869172994171 -2299.869172994171 -57833.48350640825
-101155.04968405441 -2423.4371861135387 -2423.4371861135387 -57757.55274983276
-102671.92912862617 -2622.777232402514 -2622.777232402514 -58560.5853271957
-102472.95537583328 -2341.449200555102 -2341.449200555102 -58209.50587663172
-104131.81594559521 -2335.15479102698 -2335.15479102698 -59110.48049831348
-102409.187345324 -2671.9509909954895 -2671.9509909954895 -58218.115943673445
-104096.14169322832 -2655.7526651681405 -2655.7526651681405 -59111.50593677158
-104897.50919022367 -1772.2861499884752 -1772.2861499884752 -59172.22420441575
-107315.83312725996 -1541.4475724042961 -1541.4475724042961 -60275.83721727115
-104070.07835715357 -2191.915297724835 -2191.915297724835 -58595.41777227706
-106490.96718278877 -1988.838048814322 -1988.838048814322 -59672.148654448705
-107573.44228433615 -571.2024532034541 -571.2024532034541 -59797.108990392815
-110689.39897001909 -117.14004304340703 -117.14004304340703 -61367.49123921219
-105874.62968837719 -1163.9212843991795 -1163.9212843991795 -58557.311257617184
-109006.5843668792 -710.6241969604272 -710.6241969604272 -60081.31430981523
-64503.42561364057 8145.657333805617 8145.657333805617 -62316.07946810437
-75265.76870207969 8253.075431480354 8253.075431480354 -66229.28912441306
-64943.23209817222 5792.276499210353 5792.276499210353 -63476.38469753638
-76114.72663263581 5660.938557122826 5660.938557122826 -67467.74739241404
-76851.96079122 6785.812141007562 6785.812141007562 -58615.59769600897
-85829.56939637929 6450.764614459679 6450.764614459679 -62779.84222339003
-78207.90032642802 4556.471948925233 4556.471948925233 -59977.79740913904
-87391.31317666615 4094.840757461221 4094.840757461221 -64228.084406231545
-84540.6041815095 4616.767349195452 4616.767349195452 -56419.15246898136
-91723.81150505549 4321.238794345908 4321.238794345908 -60001.99498560402
-86128.95268054937 2813.6566788462155 2813.6566788462155 -57688.15323457863
-93330.45934565611 2378.9344141593274 2378.9344141593274 -61421.87433121688
-89775.77868974475 2568.940482659983 2568.940482659983 -55327.182655229604
-95429.07493820165 2284.8426694085424 2284.8426694085424 -58223.90441926378
-91054.00757957489 1145.1825758180203 1145.1825758180203 -56416.57674977521
-96725.40348943943 820.8342760200285 820.8342760200285 -59419.86773135505
-93404.81466799877 919.0697830166514 919.0697830166514 -55044.5684436348
-97675.16334347628 632.9392499631997 632.9392499631997 -57332.46636999632
-94776.48739542304 -107.91093038601662 -107.91093038601662 -56101.58478158939
-99061.99318457839 -486.36806158456193 -486.36806158456193 -58451.432527767814
-96345.13070600336 -289.0139588850941 -289.0139588850941 -55689.03200241195
-99582.5099560128 -555.4401691255171 -555.4401691255171 -57427.08936071373
-97529.14810354137 -1079.107851089861 -1079.107851089861 -56508.9265362388
-100778.76680128566 -1368.247452700906 -1368.247452700906 -58308.36372278701
-99292.20823283787 -1076.5505911271473 -1076.5505911271473 -56736.575071457955
-101964.74245401565 -1213.3480479091986 -1213.3480479091986 -58199.96355827276
-99940.38514554953 -1669.7884193405266 -1669.7884193405266 -57226.95479912506
-102638.25342708251 -1809.6638849935853 -1809.6638849935853 -58709.07043827716
-102024.38280286032 -1254.44943954459 -1254.44943954459 -57892.88144648036
-104826.57001796267 -1240.4708122241584 -1240.4708122241584 -59331.46551670288
-102075.41588218679 -1837.5486745351154 -1837.5486745351154 -57976.18499740723
-104834.46224394595 -1847.472877986854 -1847.472877986854 -59438.13177755786
-105171.95347190824 -864.8162529468045 -864.8162529468045 -58803.58317044009
-108568.41733256538 -682.7837850014893 -682.7837850014893 -60452.57553276041
-104725.98880361476 -1540.490579671835 -1540.490579671835 -58460.3676773712
-108016.33344168116 -1383.8631119271936 -1383.8631119271936 -60110.352124291625
-108044.42108480615 -141.0071860271997 -141.0071860271997 -59411.347271781575
-112154.11253621976 183.75720749138605 183.75720749138605 -61415.087754574044
-106923.1087076438 -846.3046890620844 -846.3046890620844 -58586.03762429957
-110982.44004375978 -557.0290053445497 -557.0290053445497 -60542.8786242715
-64577.176195195556 3852.7132031735687 3852.7132031735687 -63769.627071988594
-74343.24067026276 3894.5800849716334 3894.5800849716334 -67192.49877228544
-64591.51111771992 755.911585702773 755.911585702773 -63846.40546750935
-74463.29073713753 750.2608316358491 750.2608316358491 -67267.31385068197
-76217.85712839736 3339.5296910252196 3339.5296910252196 -59424.62657011411
-84670.32588648342 3133.2868462138867 3133.2868462138867 -63422.34834147908
-76722.63266005114 590.6598869025304 590.6598869025304 -59850.26121497609
-85209.76880009586 383.0643143116489 383.0643143116489 -63869.16568718867
-83580.29965039062 2371.613421192401 2371.613421192401 -56667.30728432641
-90806.907952489 2213.1387140508796 2213.1387140508796 -60548.56937295546
-84225.46072196438 156.97797811272358 156.97797811272358 -57235.58372322118
-91507.157370974 17.513479462413223 17.513479462413223 -61123.76738527027
-88639.368662871 1424.273533304537 1424.273533304537 -55545.72598238589
-94543.95404330932 1299.8976369565107 1299.8976369565107 -58664.06983422386
-89231.3644046131 -197.31298312387594 -197.31298312387594 -56045.041284215295
-95170.589830149 -308.755673130944 -308.755673130944 -59193.5383574315
-92851.92524139951 734.4525782048167 734.4525782048167 -55401.83589517606
-97310.33522448651 626.2697296982309 626.2697296982309 -57737.436752397756
-93367.83359348381 -461.75209162290923 -461.75209162290923 -55887.949509232436
-97963.28889237157 -572.1098297374148 -572.1098297374148 -58243.75374378716
-95817.16175494193 257.47848385530426 257.47848385530426 -55848.09882607902
-99578.34310103119 186.19542624345297 186.19542624345297 -57815.04691565485
-96278.2991512634 -641.415155743746 -641.415155743746 -56183.8280976092
-100090.98169886455 -754.1042278783536 -754.1042278783536 -58155.04524239743
-98897.90701616592 -103.05120212904566 -103.05120212904566 -56777.984434804544
-102146.67205088194 -99.95564681447703 -99.95564681447703 -58538.84774463906
-99133.19422750625 -851.0560108979346 -851.0560108979346 -56902.26530075084
-102392.70599112863 -880.2283409678948 -880.2283409678948 -58707.52028261024
-101846.43594711811 -196.94862200383906 -196.94862200383906 -57811.5807072331
-105241.33205389895 -150.4828614905193 -150.4828614905193 -59464.439717024026
-101977.81469081229 -908.2225464012497 -908.2225464012497 -57896.38994051753
-105311.27386967314 -913.4203481874018 -913.4203481874018 -59587.35929139649
-105223.30775234243 -29.972661484850327 -29.972661484850327 -58657.93284628766
-109119.28000453224 65.74907331308366 65.74907331308366 -60542.83553106393
-105090.64463861579 -779.9312831670404 -779.9312831670404 -58574.5125053554
-109012.68374420209 -680.9379899168022 -680.9379899168022 -60453.55505488622
-108077.98638822949 220.07771151853453 220.07771151853453 -59067.10906549489
-112568.18033006384 369.84733563087843 369.84733563087843 -61319.20943548619
-107706.11351492684 -579.0779018377109 -579.0779018377109 -58795.35414868229
-112206.40248249889 -424.6801813081023 -424.6801813081023 -61064.93740627587
