sig 640
-93630.55991563854 2200.484630451516 2200.484630451516 -145875.17456289026
-78815.48666682588 2579.290015652191 2579.290015652191 -131619.7593398703
-92182.21527716037 7861.719211211968 7861.719211211968 -141236.20865417042
-77648.89521529237 7063.458106011631 7063.458106011631 -127186.00685752033
-87428.44574750167 2556.72965732574 2556.72965732574 -153299.0290427912
-77397.73147224718 3179.276282898747 3179.276282898747 -141378.9568073679
-85029.97290538285 6185.735728412816 6185.735728412816 -146723.41817842174
-74833.93731816404 6365.526849598975 6365.526849598975 -134834.39758190635
-83362.46923306183 3356.920427153923 3356.920427153923 -159465.88371250237
-77222.10193756997 4049.446305401607 4049.446305401607 -151555.42824944638
-80375.27072495707 5413.627021461038 5413.627021461038 -152251.9720094019
-74302.58029765042 5873.183654722614 5873.183654722614 -144187.73053626806
-83022.34543883332 4121.619136980654 4121.619136980654 -166205.0910163251
-79748.10045534969 4521.4479199978205 4521.4479199978205 -161308.9343933058
-80174.8850805291 5135.440140154511 5135.440140154511 -159251.87789979577
-77047.23746788001 5446.035948286563 5446.035948286563 -154218.98413849337
-84131.5496214571 4532.029730665506 4532.029730665506 -172721.10475349292
-82999.98461651198 4863.672797779503 4863.672797779503 -170718.06246547884
-82002.8516363596 4845.922935188901 4845.922935188901 -167720.77360185212
-80889.74119023784 5141.964852347904 5141.964852347904 -165715.10172302538
-86681.03540037456 4833.265795296484 4833.265795296484 -179060.45990857927
-87388.05774978113 5013.498124695118 5013.498124695118 -179775.32448660274
-85842.7229820027 4579.64996009454 4579.64996009454 -177256.03375815804
-86516.72506344022 4772.57890553602 4772.57890553602 -178048.7960372433
-89815.03606547172 4819.256996476495 4819.256996476495 -184183.5279946331
-93160.272943562 4911.67182619166 4911.67182619166 -188870.8510338163
-90306.76037908725 3759.9513819265676 3759.9513819265676 -186171.08573448024
-93720.74211171837 3768.818872766621 3768.818872766621 -190869.721251384
-93341.33007805624 4447.07671865217 4447.07671865217 -186486.87849055926
-100961.72013985328 3909.9093045433838 3909.9093045433838 -196690.1160841156
-96320.69919235753 1862.5426808108004 1862.5426808108004 -194639.1269004197
-104145.73993824607 1252.6482290132521 1252.6482290132521 -204655.38350910263
-97973.74228953909 2345.185424541145 2345.185424541145 -182590.91379101886
-113154.85735675997 288.4097841746743 288.4097841746743 -199536.06393350603
-105913.91861604828 -2863.8492460119364 -2863.8492460119364 -200718.69081645604
-121345.9819552506 -5976.282845593626 -5976.282845593626 -217744.659823149
-111560.6182559252 -147.8657692904763 -147.8657692904763 -186102.26225021054
-120687.93275386683 -1033.8287495404657 -1033.8287495404657 -194503.23012994908
-113548.70218075105 -3357.637362671465 -3357.637362671465 -190085.36207520374
-122662.34348399672 -4322.930523938952 -4322.930523938952 -198503.78429708615
-91965.71166975805 11753.51342192926 11753.51342192926 -136715.22895892884
-80685.63834582515 11609.495600479891 11609.495600479891 -126020.36389382991
-88583.0093153426 15079.220565568325 15079.220565568325 -127184.78192969975
-77723.579331707 14234.062141754654 14234.062141754654 -116847.50125136168
-87780.23881376025 11079.311185012082 11079.311185012082 -144564.55110983938
-80807.61375931725 12321.990660305166 12321.990660305166 -135158.78077227622
-80345.73203783583 13357.845442626192 13357.845442626192 -128190.66500530225
-73558.3410856597 13819.327525796027 13819.327525796027 -119284.44996023609
-86420.7138902634 12098.232172560733 12098.232172560733 -151508.79518366966
-81417.73085036605 13219.701313039948 13219.701313039948 -143927.1023265785
-76793.66782278456 13013.652791326713 13013.652791326713 -129825.11061477118
-71925.30420163019 13608.344963598029 13608.344963598029 -122458.80097261876
-86976.56864265638 13269.764714431301 13269.764714431301 -157877.8882777253
-83786.21169592772 14077.482439330583 14077.482439330583 -151257.04754400096
-76646.75195925233 13570.65906873238 13570.65906873238 -134756.55560808504
-73492.45140576048 13980.65146009723 13980.65146009723 -128154.92754006473
-88805.31741239961 14516.237176103929 14516.237176103929 -163679.84019306474
-86205.4741647463 15055.900857014183 15055.900857014183 -158073.23325234375
-79589.93331005303 14422.04020841141 14422.04020841141 -142619.1017300153
-77239.08491044649 14480.674605203261 14480.674605203261 -137159.50031868875
-90828.61342676957 15273.675441367479 15273.675441367479 -168908.4016686325
-89401.70539586317 15511.700955545586 15511.700955545586 -165200.81638114838
-83600.7128861333 14815.632075537256 14815.632075537256 -152678.09927817754
-82161.56808469957 14882.815548805926 14882.815548805926 -149244.63568589406
-92432.24914027669 15244.818384599608 15244.818384599608 -173979.1898345626
-91997.26625630513 15403.035658968958 15403.035658968958 -172760.45386948294
-89485.29706155712 15021.85916786138 15021.85916786138 -167252.415613466
-89072.3807086651 15102.592827112645 15102.592827112645 -165984.45928539947
-92983.5637897667 14229.50029026592 14229.50029026592 -178776.26597872927
-92746.23875307075 13594.721713960418 13594.721713960418 -179828.74200421924
-97207.18415277947 14457.740087694823 14457.740087694823 -188125.42672511417
-97002.51946807378 13785.610002062062 13785.610002062062 -189120.6892275534
-91149.10837324658 10135.940412332868 10135.940412332868 -182366.8406848104
-92597.4762939853 7896.08536851007 7896.08536851007 -187889.99899798067
-106859.6638662292 9694.961712229511 9694.961712229511 -216648.31001184016
-108666.13868649723 7113.594295967416 7113.594295967416 -222175.75033767312
-90668.19260312781 5421.820578949466 5421.820578949466 -177129.48014359758
-124134.23445861277 -5405.840560962208 -5405.840560962208 -215806.3377413423
-125554.51857015623 -5251.255219685749 -5251.255219685749 -253907.5092331872
-161380.42521834554 -18029.497207685818 -18029.497207685818 -292193.3123837714
-88109.67197052897 16901.724362673987 16901.724362673987 -121995.80224180981
-82488.15966843977 16857.327931003267 16857.327931003267 -116513.42462357512
-84455.33233812141 17831.282950423123 17831.282950423123 -112364.6755473219
-78864.69200045425 17607.835313992728 17607.835313992728 -107354.30385261253
-85409.98256117183 16317.571365895688 16317.571365895688 -126361.15992598633
-83444.94187722099 17648.212402546687 17648.212402546687 -123006.90724355822
-77636.19869578286 16204.570498186165 16204.570498186165 -110287.19527958508
-75738.72186810886 17367.060993266517 17367.060993266517 -107463.43611179516
-87047.42470679332 17524.52368303951 17524.52368303951 -132250.63339314956
-86069.56777999592 19605.896508543883 19605.896508543883 -129075.9239726671
-74760.9295192688 16831.003214162585 16831.003214162585 -108455.95259537645
-73906.1640280576 18322.605382887785 18322.605382887785 -105866.99338901826
-91028.79095478958 20499.305891146898 20499.305891146898 -138906.60271144437
-90894.39706453164 22320.999227844877 22320.999227844877 -135187.96531722986
-73606.33563331033 18544.625910699444 18544.625910699444 -105756.36770001281
-73466.8055817399 19864.02027036794 19864.02027036794 -102734.81300048217
-97332.67262197564 24133.949194862696 24133.949194862696 -145751.40168385126
-97755.55282326389 26165.90154739608 26165.90154739608 -142488.99376024713
-73224.31596123798 20102.835417228605 20102.835417228605 -101208.74855842175
-73111.24904460568 19626.89580608855 19626.89580608855 -99027.64912048577
-104219.59542053928 28275.678894122342 28275.678894122342 -153245.47199312772
-105161.39625327683 29344.721035388247 29344.721035388247 -151096.66852286505
-71908.69640871053 20535.3557546718 20535.3557546718 -96022.41294160741
-73058.76188445705 21699.205710491013 21699.205710491013 -94238.51784301494
-112909.80690117308 32133.753419347777 32133.753419347777 -163016.84740788434
-113975.09557430803 32442.55824318067 32442.55824318067 -158773.15029620938
-71348.89681157544 21307.844825864642 21307.844825864642 -90063.14743159724
-71417.76177278184 20653.39934180239 20653.39934180239 -85359.446734101
-121582.95892914514 33367.98876558502 33367.98876558502 -169004.41863997965
-122308.08869933401 36252.03596036692 36252.03596036692 -163047.3301705737
-67858.09140918138 19184.297638810982 19184.297638810982 -80777.82060118693
-69287.79842420705 21130.314949744257 21130.314949744257 -81302.26928390941
-131212.86545462406 38670.8736385175 38670.8736385175 -176383.649136548
-132226.33234978362 39910.430725328035 39910.430725328035 -173162.42568903827
-64268.900572484454 19878.316468005753 19878.316468005753 -71744.97336186418
-66150.64381759202 19196.95683889215 19196.95683889215 -71897.62697728965
-138128.7290736435 41390.88478263415 41390.88478263415 -179719.21549924402
-150207.4460468369 40747.470181574026 40747.470181574026 -181235.56917834582
-56804.27051529593 16272.129286628731 16272.129286628731 -56053.658312870044
-79596.39330869683 26064.911405233746 26064.911405233746 -78931.6138674948
-83734.05893978316 18326.272964528733 18326.272964528733 -107582.68660903335
-82500.14553682474 18749.64907587471 18749.64907587471 -106197.1170962554
-80611.78473159176 18156.18543094366 18156.18543094366 -100535.99354850124
-79400.81397505225 18527.99068569262 18527.99068569262 -99207.31030290714
-82021.05886815135 17137.052063534968 17137.052063534968 -108331.80648057541
-83787.00073374409 18527.107126638497 18527.107126638497 -108810.33465324288
-77156.70977094038 16437.62396388719 16437.62396388719 -98506.38140564122
-79039.60598697094 17761.634710699072 17761.634710699072 -99013.89398943832
-83583.7794895535 17505.276564450323 17505.276564450323 -108837.86868864196
-85966.20799374173 19147.664718747365 19147.664718747365 -109636.75000431514
-77892.92267678579 16612.555829506015 16612.555829506015 -97235.38369348856
-80351.76635090378 18129.565244286197 18129.565244286197 -98051.78945873713
-85825.6621926671 18772.916876128784 18772.916876128784 -108327.57358197731
-88443.22216368346 20361.71157339822 20361.71157339822 -109200.02429223634
-79679.79484852566 17680.244297166602 17680.244297166602 -95551.83793661746
-82348.70899369838 19173.0121259624 19173.0121259624 -96419.24665998368
-88289.91396401756 20410.413421701036 20410.413421701036 -106234.59226380188
-92132.90001457559 21935.973956974485 21935.973956974485 -107941.16438055167
-81723.00566003355 18938.94017183697 18938.94017183697 -92739.4725950892
-85518.36592118048 20359.430710341047 20359.430710341047 -94475.70892454755
-91202.02533941831 21488.76338805753 21488.76338805753 -102769.39258760768
-95308.45936476091 23014.157023126056 23014.157023126056 -104872.37753375122
-84428.1211796862 19707.186982288862 19707.186982288862 -89216.42780199664
-88445.68269264951 21018.969107905657 21018.969107905657 -91394.49747130365
-93488.8035466707 22014.88450863251 22014.88450863251 -97994.2484560704
-97825.89169804913 23340.85386160927 23340.85386160927 -100422.3457609472
-86700.24059471389 19892.697612845237 19892.697612845237 -84709.2523808983
-90960.75431588355 21104.149161915586 21104.149161915586 -87155.14256280535
-95426.52029439248 21534.137264063742 21534.137264063742 -91889.4617042422
-100402.3411445924 22933.38447627327 22933.38447627327 -94632.81081775791
-88415.37700911576 19184.247908787493 19184.247908787493 -78776.41654443627
-93237.91274651472 20443.230032934494 20443.230032934494 -81689.3997191834
-94811.57681875298 18640.406913439416 18640.406913439416 -78684.67235738078
-102923.75260196823 19899.148945491426 19899.148945491426 -83375.53615848557
-90147.90245647814 16624.77715024358 16624.77715024358 -71543.60117476403
-98376.60101182589 18102.517697506228 18102.517697506228 -76225.33110655396
-82646.87768507256 2565.3777964509177 2565.3777964509177 -54013.850838143095
-57480.37642655507 -1473.609837761406 -1473.609837761406 -40999.34688901001
-93741.59718750829 10041.926013826775 10041.926013826775 -70321.34142264501
-67435.4274948722 6287.1899655332945 6287.1899655332945 -57735.34697515053
-79511.78909410331 18026.112574331535 18026.112574331535 -96429.41381770067
-81266.8161535334 18846.038024821028 18846.038024821028 -97103.68419987572
-76539.8512563334 17382.136029240042 17382.136029240042 -90313.29196282137
-78310.40704029021 18185.815572994048 18185.815572994048 -91024.16859993617
-80061.60243180464 16602.63891518482 16602.63891518482 -95973.34811537972
-83151.2603334875 17816.914350227933 17816.914350227933 -97277.5073346683
-76645.97826942692 15636.603491659447 15636.603491659447 -88500.9129060971
-79708.71912499359 16869.56645552065 16869.56645552065 -89887.55899272246
-82782.13198685358 16303.049630644273 16303.049630644273 -94944.03412976244
-85657.46937755334 17637.948656479086 17637.948656479086 -96132.21742981215
-79261.35136355233 15432.97775650056 15432.97775650056 -87064.29600823193
-82091.97707902506 16606.65954950158 16606.65954950158 -88278.98723343956
-85444.5072087097 16621.60375825864 16621.60375825864 -93130.66906844468
-88238.21443996741 17866.56464832579 17866.56464832579 -94260.03058529817
-81886.12284183012 15665.22920872671 15665.22920872671 -85035.9490674767
-84595.82782282008 16794.128540581725 16794.128540581725 -86237.42208863993
-87806.69236855167 16964.587333968775 16964.587333968775 -90062.84523513692
-90938.31701716268 18061.523400632395 18061.523400632395 -91456.49750745825
-84102.09639218223 15774.520566816213 15774.520566816213 -82125.19042633123
-87126.89075590807 16799.811328307456 16799.811328307456 -83631.01559713967
-89924.87609890713 16663.312490264798 16663.312490264798 -85812.03199652761
-93064.82386058125 17583.203807827445 17583.203807827445 -87348.64637886509
-86421.70841371291 15427.280619887088 15427.280619887088 -78592.6479518944
-89465.52944982052 16421.949064962584 16421.949064962584 -80212.14836756334
-91386.26776388173 15568.546203631995 15568.546203631995 -80336.49652552781
-94076.90787643618 16370.730575079248 16370.730575079248 -81780.56543856295
-88254.8298349122 14424.808290734178 14424.808290734178 -74433.68641519401
-90902.76304929657 15205.276476715258 15205.276476715258 -75968.6236697076
-91326.43533009216 12906.896320404765 12906.896320404765 -73044.84807433016
-93432.64917592454 13452.210017791505 13452.210017791505 -74224.91902521467
-89411.06227909887 12062.669283724656 12062.669283724656 -69591.44870592224
-91501.54333714924 12631.743580797538 12631.743580797538 -70799.72595834688
-88503.94723774055 6377.119498243746 6377.119498243746 -64476.81258745167
-82967.97387084171 5979.820097689464 5979.820097689464 -61741.926146154816
-89316.56101819928 7883.581942315423 7883.581942315423 -66238.65128670137
-83807.6804329348 7503.9770789210015 7503.9770789210015 -63510.162371640894
-78940.96049119695 -4172.536098659751 -4172.536098659751 -67154.59611931592
-57104.505985990785 -3478.6350420465888 -3478.6350420465888 -59049.19312789762
-78272.91692113543 2822.342443663427 2822.342443663427 -64865.11866736018
-56448.60068048159 3100.1815310633183 3100.1815310633183 -56848.05351018681
-75273.00210725697 16843.684413790026 16843.684413790026 -86756.4298498506
-78990.57831134746 17890.778701819734 17890.778701819734 -88633.78427887216
-72846.00742956667 15951.006513362907 15951.006513362907 -81987.90803899984
-76615.9616180567 16971.010755672716 16971.010755672716 -83896.17368308397
-78359.95994442927 15213.983935829157 15213.983935829157 -85909.4371597824
-81869.55603118977 16211.9616763075 16211.9616763075 -87460.60417724679
-75952.72396840954 14383.745715816536 14383.745715816536 -80615.17771313463
-79429.65920905207 15301.069361861882 15301.069361861882 -82137.38227035834
-82018.84344627186 14533.7851821213 14533.7851821213 -84538.92113721657
-84717.95687361834 15422.16236382351 15422.16236382351 -85653.01205115135
-79773.93383573071 13749.869695559511 13749.869695559511 -79129.41185253732
-82379.56295921553 14587.434439100736 14587.434439100736 -80302.6380660456
-84820.76942929061 13992.38544253941 13992.38544253941 -82288.89621333384
-87222.68374186484 14842.037935080261 14842.037935080261 -83421.23971762664
-82552.09917955303 13164.255433857394 13164.255433857394 -77013.68504583555
-84806.77670540742 13920.21959098965 13920.21959098965 -78247.7789212307
-86870.79374672484 13270.913340759025 13270.913340759025 -79194.28931189633
-89139.01438109118 14061.955045568371 14061.955045568371 -80365.88154531675
-84672.23191240885 12404.008246148125 12404.008246148125 -74453.89030634957
-86873.81526553142 13132.38942489279 13132.38942489279 -75670.38936143942
-88287.79448484114 11945.072596482016 11945.072596482016 -75309.43401686811
-90134.29247756024 12626.895195143195 12626.895195143195 -76299.67296449307
-86483.97669116629 11193.8464880971 11193.8464880971 -71430.22599027031
-88274.97906075543 11830.673360678167 11830.673360678167 -72432.2875852723
-88878.93989240278 9751.810589317793 9751.810589317793 -70551.97625747924
-89837.31114088197 10194.991694502582 10194.991694502582 -71155.86152325867
-87527.73856083951 9278.297614393134 9278.297614393134 -68108.92904163772
-88471.77949666195 9717.984136085488 9717.984136085488 -68721.3704651493
-87472.34440863048 6216.261219333859 6216.261219333859 -65709.68571063595
-86020.64338392921 6320.8645440446235 6320.8645440446235 -65033.452401372895
-87071.43182529713 6551.248222790807 6551.248222790807 -65234.30761182988
-85608.33690605569 6647.214711486811 6647.214711486811 -64562.30258771175
-83382.31032410236 823.417365781497 823.417365781497 -62868.96271010956
-76797.14722647729 745.6552138862731 745.6552138862731 -59758.79177772536
-83508.29491078338 2986.5260395026753 2986.5260395026753 -63393.220778340554
-76921.23501965289 2908.654112814466 2908.654112814466 -60310.99286300517
-71871.18484805748 -3377.4119883435083 -3377.4119883435083 -62008.43997306641
-58670.41749401118 -3424.639728368882 -3424.639728368882 -57172.768534934155
-72216.79834179928 854.0147571218629 854.0147571218629 -62354.15917018123
-58798.697085804364 654.0992038452459 654.0992038452459 -57507.926822816014
-71650.06381491297 15265.356487840392 15265.356487840392 -79188.24919035989
-76572.38465570331 16320.478725054996 16320.478725054996 -81692.46337187069
-69740.70854309037 14343.541958384461 14343.541958384461 -75684.67441665738
-74612.67222705997 15322.183951187622 15322.183951187622 -78189.85639835126
-76688.35253007051 13745.529861444591 13745.529861444591 -78323.69870923128
-80173.62761461324 14433.53156750211 14433.53156750211 -79819.02650333373
-75147.72582641042 12894.527089119743 12894.527089119743 -74600.70440855499
-78593.04515822136 13603.171623830116 13603.171623830116 -76096.6138534229
-80836.0926283091 12524.917934257086 12524.917934257086 -76754.41361899901
-83342.96644831586 13146.369489997374 13146.369489997374 -77905.92815630099
-79292.7820363541 11779.352816939883 11779.352816939883 -73133.10747538405
-81740.3663279469 12396.49615750369 12396.49615750369 -74307.37979848047
-83473.96263092895 11384.737943042268 11384.737943042268 -74599.48426426384
-85458.51683353723 11928.899238578488 11928.899238578488 -75583.48889551479
-82050.07774830115 10659.086272128483 10659.086272128483 -71309.20909125029
-83998.83145075386 11211.5262366139 11211.5262366139 -72330.29964450737
-85264.32973576515 9927.373594934696 9927.373594934696 -71854.26793557969
-86802.98958321438 10410.253183481884 10410.253183481884 -72670.90753205266
-84021.89980588362 9321.76612500425 9321.76612500425 -69136.98904064979
-85589.9951158721 9808.236634677833 9808.236634677833 -69942.76499933998
-86222.90663373002 8083.775487829731 8083.775487829731 -68736.39656431056
-87238.10186021682 8456.406716328802 8456.406716328802 -69273.62635496123
-85218.97099618519 7685.7279912414415 7685.7279912414415 -66834.71706159707
-86216.11946444162 8043.565180810259 8043.565180810259 -67350.39069314957
-85945.2290586249 5569.458284006895 5569.458284006895 -65630.27179091034
-85713.18951254661 5804.957003753279 5804.957003753279 -65548.11246216114
-85320.16616251755 5572.244705768495 5572.244705768495 -64664.859123463495
-85090.34615322931 5803.395228552461 5803.395228552461 -64579.41818984908
-83883.51984755741 2187.8173140510453 2187.8173140510453 -62905.58993501594
-81325.63373722749 2209.9284550261405 2209.9284550261405 -61692.352518669126
-83800.35340736073 3019.001893567007 3019.001893567007 -62940.82781058078
-81243.76010234386 3035.9111756244356 3035.9111756244356 -61725.79964424843
-79177.834255645 -1216.3797427141762 -1216.3797427141762 -61391.48522073062
-73314.55297378675 -1400.7164271994775 -1400.7164271994775 -58842.74765440511
-79441.91156769934 658.5145480671365 658.5145480671365 -61883.26211624635
-73618.028222261 518.8477186294838 518.8477186294838 -59330.11103751016
-70233.06259203887 -2725.568903875649 -2725.568903875649 -61730.481605930996
-61730.346920344426 -2602.5413174801165 -2602.5413174801165 -58668.752042504166
-70163.90383595908 30.754148188245495 30.754148188245495 -61320.23393837886
-61603.125881989654 88.9059931448213 88.9059931448213 -58237.430849718134
-68666.49463189174 13680.173468474684 13680.173468474684 -73619.62609029864
-74034.03039033034 14478.10946486539 14478.10946486539 -76206.2043117919
-67293.18671745335 12810.713999303758 12810.713999303758 -71120.15208957458
-72721.09835836678 13622.401408272199 13622.401408272199 -73622.74891285946
-75052.33318670833 12087.328952517342 12087.328952517342 -72660.57568604159
-78383.27015567722 12622.760429155118 12622.760429155118 -74045.62386474785
-74052.63363579447 11307.547610898762 11307.547610898762 -70246.50954809264
-77357.09132467647 11820.604458090886 11820.604458090886 -71640.8548392279
-79039.0831502299 10618.787151736778 10618.787151736778 -71115.76355138143
-81361.85136034846 10995.395793389896 10995.395793389896 -72210.00966967153
-78167.35783820933 9955.067275948939 9955.067275948939 -68872.54441994356
-80477.83934982441 10320.604197288678 10320.604197288678 -69970.65995938574
-81769.67275386039 9022.083145043762 9022.083145043762 -69221.9176273555
-83428.8937490696 9349.096369803463 9349.096369803463 -70051.0809409025
-80908.08340254871 8462.387011521238 8462.387011521238 -67306.14992073947
-82572.49370948192 8808.05254998133 8808.05254998133 -68145.91933697814
-83285.0821865112 7289.513708538603 7289.513708538603 -67195.56142712764
-84494.15077391893 7595.637599692689 7595.637599692689 -67721.2575000778
-82545.57527951084 6873.031747050411 6873.031747050411 -65680.4296050348
-83754.91888771689 7195.531947078472 7195.531947078472 -66222.0957935419
-83911.6726492158 5241.434774358703 5241.434774358703 -65019.19433127053
-84278.22670172251 5471.237744184765 5471.237744184765 -65227.87708691132
-83344.79598356392 5074.168072959788 5074.168072959788 -64036.39696154719
-83708.29447056697 5296.814934563984 5296.814934563984 -64248.6093257595
-83136.66939143397 2718.493959581514 2718.493959581514 -62897.67196685444
-82233.27249368525 2814.3360843850032 2814.3360843850032 -62462.521178555755
-82929.01615196867 3007.799471683982 3007.799471683982 -62621.02204100532
-82024.87534371042 3094.3730730091975 3094.3730730091975 -62185.06937419102
-80876.2116006858 136.72694645158032 136.72694645158032 -61349.407521618574
-78300.609831611 77.89760474066145 77.89760474066145 -60150.96305164022
-80975.7795069574 978.9678152679091 978.9678152679091 -61596.38123455195
-78407.52758229859 935.006658448023 935.006658448023 -60394.18588031128
-76711.51427937222 -1875.802766118406 -1875.802766118406 -60917.81550911262
-72241.85866399607 -1973.060875000913 -1973.060875000913 -59043.33840614053
-76865.24121034604 -427.13077110752374 -427.13077110752374 -61033.64524660554
-72392.08158303367 -506.63157833807514 -506.63157833807514 -59166.774930826425
-70147.07376847249 -2127.0872494043315 -2127.0872494043315 -61144.46245838174
-64479.25754310631 -2055.276331195372 -2055.276331195372 -59117.93555531107
-70033.52498746634 -297.25453033794065 -297.25453033794065 -60766.58328436586
-64368.58614595603 -238.32714797161074 -238.32714797161074 -58721.297083029756
-66415.68199212338 12100.731585620038 12100.731585620038 -69559.80291098163
-71701.92937451604 12826.173091063385 12826.173091063385 -71918.36882004072
-65518.02980945308 11171.765607659963 11171.765607659963 -68004.32841085827
-71004.49346741615 11846.327078351642 11846.327078351642 -70255.9968493535
-73096.77827724 10525.630785768084 10525.630785768084 -68566.39202378065
-76321.70544657746 10869.493630145695 10869.493630145695 -69914.27703279567
-72524.53951853725 9808.772880560653 9808.772880560653 -67035.08118896808
-75791.5002979858 10144.133490410957 10144.133490410957 -68377.3349882617
-77178.21519137164 8849.23811307764 8849.23811307764 -67185.4190125819
-79424.91219565303 9114.488138772476 9114.488138772476 -68158.503979674
-76650.42222204446 8201.036071610954 8201.036071610954 -65838.27395999087
-78882.187797924 8492.920265370936 8492.920265370936 -66829.9540709311
-79731.54553720204 7136.859468672752 7136.859468672752 -65713.46076035491
-81318.78300645752 7336.082990658802 7336.082990658802 -66447.68107253485
-79224.6174188983 6668.025677729945 6668.025677729945 -64577.38592875977
-80803.5822167651 6860.16373681962 6860.16373681962 -65330.54295674514
-81238.618455662 5274.927643209457 5274.927643209457 -64162.44695755438
-82122.33039087632 5464.138391364941 5464.138391364941 -64587.04058744
-80831.38315946101 4984.1711214233765 4984.1711214233765 -63359.80233920149
-81713.95080470972 5178.408647524229 5178.408647524229 -63778.26870529768
-81496.17791798007 3189.7175391071364 3189.7175391071364 -62585.92884985858
-81501.2749857032 3288.2514005748144 3288.2514005748144 -62598.400557699395
-81283.58060297297 3173.322683496853 3173.322683496853 -62226.14922614063
-81287.00948848817 3271.994709812563 3271.994709812563 -62237.36252573399
-80708.16444447632 1040.241892742385 1040.241892742385 -61311.67286650394
-79632.01078094944 1036.9211210472226 1036.9211210472226 -60811.72955057077
-80703.15838623376 1388.8588593156956 1388.8588593156956 -61356.707991648706
-79624.39219159275 1386.4607795444058 1386.4607795444058 -60862.00380397821
-78747.83636407825 -810.4543211075445 -810.4543211075445 -60612.8464766349
-76495.5881568282 -870.5577235000783 -870.5577235000783 -59637.73353215333
-78861.30369051968 -97.32572359768633 -97.32572359768633 -60799.50166468802
-76619.98806629624 -158.55752420759728 -158.55752420759728 -59823.54110446832
-75390.49433550822 -1973.7113855059092 -1973.7113855059092 -60570.352127675425
-72093.48437453313 -2021.5338416890986 -2021.5338416890986 -59211.40251972829
-75471.00094778354 -904.8311025798735 -904.8311025798735 -60567.54808297022
-72166.9505644421 -952.0791950562268 -952.0791950562268 -59195.858528395416
-70748.97754418745 -1679.9081673619896 -1679.9081673619896 -60827.223091481224
-66965.28300946845 -1595.5321842892724 -1595.5321842892724 -59439.696764858796
-70608.12843084462 -447.1533859377244 -447.1533859377244 -60424.13773165129
-66829.22746784646 -371.8914552295896 -371.8914552295896 -59034.7310931047
-64827.72812258264 10439.587208135279 10439.587208135279 -66902.45025812667
-69852.00183207967 10993.87580212771 10993.87580212771 -68931.87998086603
-64308.431422332076 9526.237620466873 9526.237620466873 -65839.03293535454
-69361.38747840528 10047.403933258654 10047.403933258654 -67851.51715277771
-71190.1535397404 9022.171833420387 9022.171833420387 -65737.46974760832
-74310.27706811116 9241.009690989684 9241.009690989684 -66952.56167673237
-70922.28511603683 8303.082238861629 8303.082238861629 -64886.73288551815
-74046.35269799453 8490.121150310391 8490.121150310391 -66084.78298974263
-75190.9737960463 7357.950087688932 7357.950087688932 -64493.8319409811
-77422.93942846556 7488.933366267909 7488.933366267909 -65452.103291638974
-74923.79904984578 6775.891587840702 6775.891587840702 -63739.44163480539
-77166.15038179042 6929.668983352007 6929.668983352007 -64689.110523654585
-77758.25956974828 5637.7264461949235 5637.7264461949235 -63283.07260633806
-79188.15401893086 5751.579075200923 5751.579075200923 -63938.522595355564
-77544.14401415069 5189.056541358429 5189.056541358429 -62729.14545785799
-78958.4862002623 5298.550745487933 5298.550745487933 -63391.592742879926
-79091.2428896743 3749.511425634414 3749.511425634414 -62103.831970044295
-79759.81125597713 3822.249637956401 3822.249637956401 -62434.618592496314
-78951.03229236683 3526.84019968137 3526.84019968137 -61809.15114522899
-79625.14963940144 3598.75879405229 3598.75879405229 -62142.34010961523
-79377.41415316111 1866.3020504005135 1866.3020504005135 -61094.60806880781
-79249.86298790343 1873.5900817122356 1873.5900817122356 -61008.468239475136
-79361.46045776483 1912.7032909686188 1912.7032909686188 -61080.14663254226
-79234.21254436896 1921.7302984968487 1921.7302984968487 -60994.62585684908
-78749.67542848291 159.08631780424548 159.08631780424548 -60410.72240799581
-77830.11661460089 121.62163603539875 121.62163603539875 -60004.286021117696
-78825.85321371301 457.9986720671881 457.9986720671881 -60556.21624881402
-77909.57332709368 423.3323665637093 423.3323665637093 -60148.50345576177
-77180.57138482179 -1191.017131731235 -1191.017131731235 -60180.85378284918
-75453.9891549319 -1247.6450368576652 -1247.6450368576652 -59424.35755206191
-77282.72386873029 -635.802226806842 -635.802226806842 -60321.37915126952
-75560.32189681275 -685.7864721007884 -685.7864721007884 -59555.33626222974
-74743.654049471 -1826.6172877896001 -1826.6172877896001 -60315.27876002523
-72399.64977841827 -1847.671601682137 -1847.671601682137 -59359.18510665314
-74773.0919250044 -1064.5610399270167 -1064.5610399270167 -60256.968390455324
-72423.45779631204 -1087.4383391552037 -1087.4383391552037 -59288.42505651951
-71589.19912974231 -1309.0788495335782 -1309.0788495335782 -60617.71124539191
-69118.66881560598 -1222.1920766990565 -1222.1920766990565 -59653.9452947135
-71444.73441105109 -500.38754596539354 -500.38754596539354 -60227.20934376672
-68963.65738557388 -411.2270194173391 -411.2270194173391 -59270.41563833817
-63769.312407490834 8870.471205614529 8870.471205614529 -65120.225833476004
-68178.30723462974 9228.872905629087 9228.872905629087 -66813.91995432858
-63410.07759199778 7876.384886885938 7876.384886885938 -64459.07154402081
-67908.8522157362 8219.139981418451 8219.139981418451 -66178.3810547939
-69457.75567791169 7562.304015468676 7562.304015468676 -63882.494621585894
-72529.05867546157 7714.79309658604 7714.79309658604 -65006.45584947332
-69293.08443717069 6783.666640645926 6783.666640645926 -63412.93585601367
-72398.52155094454 6944.228772150764 6944.228772150764 -64538.999526197345
-73344.88926015871 6029.35696851719 6029.35696851719 -62715.82586460139
-75493.8704391341 6107.959058447618 6107.959058447618 -63594.948189881754
-73259.51997280873 5457.823357178671 5457.823357178671 -62371.88785066805
-75427.20463670659 5524.029614857676 5524.029614857676 -63262.47830587704
-75813.85431671923 4360.789251142005 4360.789251142005 -61668.60861817791
-77148.78559468732 4388.3130859684325 4388.3130859684325 -62245.07047882342
-75789.08261190342 3970.1233724976382 3970.1233724976382 -61501.020951141945
-77120.70534166544 3995.1725212642727 3995.1725212642727 -62071.582990512616
-77149.25094322184 2683.888727262226 2683.888727262226 -60793.51086239746
-77768.73292293672 2678.531386775162 2678.531386775162 -61067.00493340428
-77174.62742658271 2486.548807708208 2486.548807708208 -60796.38209265461
-77795.2042481208 2482.7786768037604 2482.7786768037604 -61070.182840651294
-77552.13028120119 1086.1113127425551 1086.1113127425551 -60203.34021432078
-77515.24174548568 1053.7243624292832 1053.7243624292832 -60177.991428462716
-77612.12156362823 1103.569333989772 1103.569333989772 -60315.48653229134
-77576.54567435117 1071.2601600990154 1071.2601600990154 -60289.51629304422
-77185.01233161858 -276.7026473088923 -276.7026473088923 -59913.51519026951
-76506.8825570713 -325.83170679015905 -325.83170679015905 -59589.007476332954
-77277.81271727706 -55.76570401865421 -55.76570401865421 -60067.80738084402
-76602.07900132485 -107.9427191674299 -107.9427191674299 -59743.03930991595
-76119.20286668181 -1243.5126326586537 -1243.5126326586537 -59895.05263298268
-74865.28992841631 -1285.5911400531186 -1285.5911400531186 -59365.83518848465
-76206.61684804753 -838.6331938134555 -838.6331938134555 -60002.314236425496
-74954.02727781978 -882.384861324867 -882.384861324867 -59467.2368629955
-74466.53087725978 -1563.6762279768868 -1563.6762279768868 -60135.15041542025
-72889.65800309298 -1566.0646476915958 -1566.0646476915958 -59494.714788849444
-74466.01516994367 -1050.711291438431 -1050.711291438431 -60058.96401199168
-72882.42754989439 -1054.5932226531859 -1054.5932226531859 -59413.821811654845
-72440.7786480693 -1000.8079175608875 -1000.8079175608875 -60419.98910698558
-70915.19874211652 -912.2419833346046 -912.2419833346046 -59808.97190466358
-72300.74005835115 -490.3543443706048 -490.3543443706048 -60078.40639510571
-70777.83286519977 -406.0660176008365 -406.0660176008365 -59468.070678290846
-62988.716044173576 7164.036483046587 7164.036483046587 -63984.958784449904
-66846.45963070479 7395.890245590242 7395.890245590242 -65419.4986509573
-62791.97291999676 6251.887418850646 6251.887418850646 -63594.70408517664
-66709.40529324966 6479.417737654905 6479.417737654905 -65024.20867727815
-68010.03929230923 6176.4600016175 6176.4600016175 -62677.61622836271
-70929.1035583914 6215.636021241113 6215.636021241113 -63750.39184953539
-67976.87193532044 5420.367334425009 5420.367334425009 -62462.616782934056
-70949.15309778272 5510.049284336361 5510.049284336361 -63541.68471302633
-71731.89764314528 4812.180796880586 4812.180796880586 -61582.89810841505
-73759.76019390165 4821.1230791207345 4821.1230791207345 -62386.186792758905
-71744.84535661819 4226.42799523193 4226.42799523193 -61479.45440491358
-73786.1892911436 4234.74790363176 4234.74790363176 -62277.95632342988
-74096.36835392716 3354.516711618734 3354.516711618734 -60690.44216607907
-75420.0379064689 3330.4713468477303 3330.4713468477303 -61253.86733512879
-74143.02562619625 2951.3665336511403 2951.3665336511403 -60703.779409259456
-75470.8429374905 2923.134081217071 2923.134081217071 -61264.95434477746
-75507.84724138713 1915.1314017325813 1915.1314017325813 -60064.40060057905
-76177.93525530692 1885.3223138066814 1885.3223138066814 -60331.8049305387
-75576.63233621091 1702.7435433786427 1702.7435433786427 -60161.85640420081
-76246.02079470736 1673.3972304376193 1673.3972304376193 -60429.232674272054
-76056.99761653211 619.0943737859288 619.0943737859288 -59678.90448895142
-76158.94123545995 572.5157890976019 572.5157890976019 -59714.39511730533
-76155.86756838139 591.4639665775608 591.4639665775608 -59859.25373051773
-76258.26970479074 543.9759395163608 543.9759395163608 -59893.13435125972
-75998.8920363142 -423.2681724019305 -423.2681724019305 -59577.67221057425
-75567.7834870611 -478.4362255456251 -478.4362255456251 -59396.63614925403
-76100.7622399602 -291.0935291581569 -291.0935291581569 -59752.72538113578
-75670.87230643265 -345.38678737706186 -345.38678737706186 -59569.080871807404
-75380.8928964443 -1106.9056969548515 -1106.9056969548515 -59740.00997220364
-74560.36990096782 -1145.269895145523 -1145.269895145523 -59368.73365255603
-75447.79421844971 -840.918100251972 -840.918100251972 -59823.86829550082
-74629.36473968311 -879.8796380865098 -879.8796380865098 -59456.06930917007
-74381.50693681987 -1261.9010869113372 -1261.9010869113372 -60005.3399262843
-73399.26608881007 -1250.7611143944732 -1250.7611143944732 -59590.17828155701
-74362.42478851178 -938.1865498664772 -938.1865498664772 -59937.206058480035
-73383.72630970136 -924.9595820491697 -924.9595820491697 -59523.05525270267
-73213.25764316643 -728.5376751909544 -728.5376751909544 -60253.04317123702
-72369.3001095335 -653.6361986167854 -653.6361986167854 -59917.7744258883
-73090.78827428608 -447.19429945407177 -447.19429945407177 -59980.26233591032
-72246.11632240246 -373.15061790902917 -373.15061790902917 -59645.746551934135
-62507.9953567003 5556.194037093148 5556.194037093148 -63265.36849318387
-65911.4715227688 5728.907867844182 5728.907867844182 -64499.50776564333
-62354.402887106684 4659.507425740019 4659.507425740019 -63015.23410862442
-65802.2588307465 4781.734205166515 4781.734205166515 -64249.92402013237
-66901.38678276422 4769.5131969305385 4769.5131969305385 -61973.368848020866
-69634.00749673144 4815.830527504809 4815.830527504809 -62961.51820598076
-66897.22217353304 4008.657558999198 4008.657558999198 -61885.21918713782
-69640.17905771283 4030.2796939810996 4030.2796939810996 -62874.69347637179
-70344.20945561054 3669.7831645777987 3669.7831645777987 -60918.65406619482
-72342.81229060944 3651.873587633995 3651.873587633995 -61670.87077792005
-70372.01784115411 3072.77653715153 3072.77653715153 -60913.55611259714
-72380.98753705501 3058.447403851977 3058.447403851977 -61673.01773849316
-72712.0701336809 2497.138546138843 2497.138546138843 -60107.88622455071
-74031.43925481007 2465.2288224343765 2465.2288224343765 -60656.20223829401
-72778.12403048632 2075.0593867042367 2075.0593867042367 -60196.77252915965
-74102.28423237357 2042.7471922975838 2042.7471922975838 -60745.873518107095
-74173.4216979247 1355.9466954015074 1355.9466954015074 -59599.696671971884
-74899.15976756356 1305.2369037786555 1305.2369037786555 -59932.6092230458
-74256.70105071101 1117.4362200921573 1117.4362200921573 -59751.305969252695
-74984.97639957769 1070.571255377923 1070.571255377923 -60082.84786650947
-74928.47061201488 356.51654984663116 356.51654984663116 -59399.84083102968
-75162.06276943695 307.35896966429834 307.35896966429834 -59485.22462717444
-75021.50970221647 284.79306586431676 284.79306586431676 -59572.16157185248
-75254.1406139792 235.74372293836686 235.74372293836686 -59657.40349204005
-75114.06190195167 -419.73834457425926 -419.73834457425926 -59420.59366023555
-74925.3944835025 -464.4214418826449 -464.4214418826449 -59334.73189720332
-75200.39564928897 -361.3232226175169 -361.3232226175169 -59572.94195698884
-75009.98907010492 -405.9711087473061 -405.9711087473061 -59489.31939047596
-74885.1859234885 -885.9149704336567 -885.9149704336567 -59623.24387715825
-74416.77204632839 -916.119011672788 -916.119011672788 -59422.17044073994
-74934.56191274537 -733.0353334606541 -733.0353334606541 -59696.630259426296
-74464.49053167757 -763.4495867388116 -763.4495867388116 -59496.9737393992
-74386.87712841491 -943.9522064708046 -943.9522064708046 -59914.29079143058
-73859.04958824183 -930.8372537087497 -930.8372537087497 -59685.55285119832
-74364.1254830896 -766.334237048044 -766.334237048044 -59852.8942221108
-73837.30038448948 -753.159198893863 -753.159198893863 -59626.23935115115
-73845.05029774885 -500.7862741565962 -500.7862741565962 -60132.546112734664
-73485.76473003629 -442.4105855187439 -442.4105855187439 -59992.828146424356
-73742.38448275141 -379.95552438351905 -379.95552438351905 -59912.23067571276
-73381.00444025363 -320.6264784986888 -320.6264784986888 -59772.638293410586
-62108.749768269394 4004.8972382613456 4004.8972382613456 -62841.9637508442
-65164.59012801035 4100.596553552974 4100.596553552974 -63911.29917176209
-62032.7166889422 3094.824024252877 3094.824024252877 -62669.401235417696
-65108.7128675064 3177.7749097535434 3177.7749097535434 -63736.27403417131
-66082.8324708085 3416.0188587865546 3416.0188587865546 -61538.9731201496
-68634.65562077177 3424.3406132736836 3424.3406132736836 -62441.07304111796
-66085.0161906457 2631.447297297079 2631.447297297079 -61474.690789998764
-68632.64436421532 2642.08666789378 2642.08666789378 -62389.00821928215
-69311.82341935784 2588.0637246210063 2588.0637246210063 -60534.404510135
-71278.0910275063 2592.3074936834 2592.3074936834 -61241.89473015352
-69340.5163851044 1983.7298666832235 1983.7298666832235 -60549.15063641971
-71309.19046680837 1988.6354945759103 1988.6354945759103 -61258.021234207146
-71675.16455358441 1732.4940230052534 1732.4940230052534 -59821.973068495376
-72995.93924179151 1705.0031207934717 1705.0031207934717 -60342.47581354645
-71723.37929428832 1304.4231776520703 1304.4231776520703 -59902.91941670164
-73047.38170446844 1278.8879769093687 1278.8879769093687 -60419.425888019396
-73191.98614038841 920.1417130523887 920.1417130523887 -59391.787478640996
-74006.52400079345 886.5304673439089 886.5304673439089 -59719.53121694504
-73263.36211375208 659.9541101632385 659.9541101632385 -59527.940354778286
-74076.93570398225 626.4758513249044 626.4758513249044 -59854.95346174345
-74093.10309539903 210.88465045940802 210.88465045940802 -59268.76344037211
-74441.17404238068 171.3467617365664 171.3467617365664 -59409.69974376273
-74169.52897686676 100.43640687683742 100.43640687683742 -59413.732531150374
-74516.98532577885 61.13680725082703 61.13680725082703 -59554.717556351534
-74512.61532765516 -326.14846463179606 -326.14846463179606 -59340.426487669254
-74499.20005297942 -361.49927458175534 -361.49927458175534 -59349.11288475655
-74577.34421084097 -326.16445127065634 -326.16445127065634 -59466.45498210937
-74564.0493665591 -361.46491287847925 -361.46491287847925 -59474.28124703916
-74560.18879021057 -628.5250789902625 -628.5250789902625 -59573.84677482663
-74357.4371553838 -650.7564554761047 -650.7564554761047 -59487.712140239106
-74591.5118599449 -562.0221338740167 -562.0221338740167 -59630.1711510832
-74388.69562884078 -584.6720359194204 -584.6720359194204 -59543.343216141846
-74429.43582032862 -639.4712874309512 -639.4712874309512 -59847.91284300696
-74228.1993119924 -626.0041959388833 -626.0041959388833 -59751.97672837837
-74411.44592729639 -568.7041895674322 -568.7041895674322 -59809.83542142438
-74210.68397596548 -555.0550920108519 -555.0550920108519 -59713.37736883128
-74311.61934147839 -305.0365954525291 -305.0365954525291 -60047.14912953142
-74295.32808271536 -259.2232910633426 -259.2232910633426 -60037.09386864649
-74232.17653105479 -298.23910428739117 -298.23910428739117 -59885.23672834574
-74215.09213435595 -253.0811753517542 -253.0811753517542 -59875.41888633294
-61882.53685170083 2428.4081044754234 2428.4081044754234 -62498.1858186986
-64693.35404054023 2501.8263116363296 2501.8263116363296 -63476.71626855974
-61798.95134696343 1530.10744701585 1530.10744701585 -62326.52919035859
-64634.663093616815 1597.1395993484377 1597.1395993484377 -63300.081032244
-65556.25277097286 2064.9747879480183 2064.9747879480183 -61224.70289497776
-68033.47738706526 2117.405745427068 2117.405745427068 -62105.0450893075
-65518.375101988924 1279.5845199396015 1279.5845199396015 -61090.93195155875
-67990.50992997723 1320.4427228701786 1320.4427228701786 -61986.1717728153
-68659.09430670008 1592.8582120402066 1592.8582120402066 -60289.266816384996
-70588.88455316852 1613.8897066818558 1613.8897066818558 -60966.553142541736
-68654.79363495368 978.993800152841 978.993800152841 -60261.83956858062
-70588.4552648211 1000.7248408064813 1000.7248408064813 -60940.75190212046
-70997.42621190415 1073.370569580025 1073.370569580025 -59645.80428042069
-72341.39036594532 1058.5819968146548 1058.5819968146548 -60169.15808488067
-71020.31008146383 643.5991044553793 643.5991044553793 -59691.13501611876
-72363.12738686829 629.4672938502806 629.4672938502806 -60219.07361719837
-72575.15855485034 567.3878177668671 567.3878177668671 -59322.52331834631
-73419.27402257707 547.8124642345116 547.8124642345116 -59652.46509591254
-72614.43775654989 297.33670643430855 297.33670643430855 -59401.77069532204
-73460.61892914344 278.4105605208937 278.4105605208937 -59730.01567504256
-73578.95483313064 140.34688657421032 140.34688657421032 -59210.94057837955
-73990.75762816932 107.05792192532726 107.05792192532726 -59407.95705046456
-73626.97477103538 -0.6467489452012567 -0.6467489452012567 -59307.07699806485
-74039.19663740102 -31.53580224029594 -31.53580224029594 -59502.80518773252
-74126.01962785101 -193.05586812119785 -193.05586812119785 -59335.937505618494
-74257.2264903503 -213.03836531074134 -213.03836531074134 -59378.52504262948
-74167.7104770453 -234.29062937177412 -234.29062937177412 -59415.35164877699
-74298.7569766907 -254.17860532441824 -254.17860532441824 -59458.58276165079
-74364.20538539882 -364.3738595520532 -364.3738595520532 -59558.820996327806
-74340.38888794619 -376.49919660347416 -376.49919660347416 -59548.71861006423
-74383.82330773688 -359.346435864558 -359.346435864558 -59598.42382207379
-74360.3936057401 -370.6940913417526 -370.6940913417526 -59587.920478368134
-74475.44581914507 -357.35254299817757 -357.35254299817757 -59813.545452147504
-74472.48152568928 -345.76781733533335 -345.76781733533335 -59814.54511736524
-74462.32005888422 -355.18426419328534 -355.18426419328534 -59789.91173939822
-74460.27355208165 -343.5210276922323 -343.5210276922323 -59789.97416044645
-74611.35873665422 -143.74726972182896 -143.74726972182896 -59969.65830844514
-74797.0132894152 -116.87918679823471 -116.87918679823471 -60044.62123726816
-74565.6308541903 -205.2516734097698 -205.2516734097698 -59878.89212436478
-74751.52904098577 -177.81190199002515 -177.81190199002515 -59953.234194429024
-61695.66279170043 891.6733920677124 891.6733920677124 -62096.93646964811
-64554.140339534046 1038.0986143616813 1038.0986143616813 -63062.77381124254
-61500.03466657229 -52.123624557559786 -52.123624557559786 -61618.64561091767
-64364.64384463657 92.37584438183198 92.37584438183198 -62580.5595139012
-65444.250014218596 866.897613763201 866.897613763201 -60982.82052878609
-67756.8558850296 906.2243408290205 906.2243408290205 -61815.935722864044
-65389.24103577684 98.34006935716963 98.34006935716963 -60842.3409544525
-67704.8667375179 139.38698590933407 139.38698590933407 -61676.31788219545
-68378.61737858303 702.6179900633354 702.6179900633354 -60146.22697889102
-70256.21490144258 718.7287257783165 718.7287257783165 -60815.526783448804
-68382.37025582265 106.07629443541734 106.07629443541734 -60126.91844155467
-70251.88741535114 118.74166899547431 118.74166899547431 -60806.559817153684
-70690.76560136593 498.81656255424775 498.81656255424775 -59560.973351587774
-72012.53606587865 483.998899938127 483.998899938127 -60109.23858350302
-70690.43263005599 69.5837231875631 69.5837231875631 -59577.542436217984
-72011.78425593412 52.55414319779748 52.55414319779748 -60125.672985627156
-72286.07914343092 280.6970645131952 280.6970645131952 -59281.1314372349
-73139.48970274217 268.5724334277136 268.5724334277136 -59638.53976054415
-72297.61402497564 1.14858730933851 1.14858730933851 -59313.952820584345
-73158.46486127346 -9.201798759407975 -9.201798759407975 -59672.931346166166
-73326.86397040533 94.54273993187591 94.54273993187591 -59227.9915320104
-73788.39094825326 83.22651542616038 83.22651542616038 -59429.56834820647
-73343.63574902805 -57.93898346230302 -57.93898346230302 -59260.612199125186
-73806.95953484683 -68.56852948313816 -68.56852948313816 -59462.34363761336
-73945.15191941205 -41.189650447111774 -41.189650447111774 -59351.71648211602
-74144.19544878947 -49.32294929825898 -49.32294929825898 -59430.9331834165
-73957.61590774237 -104.48154511302434 -104.48154511302434 -59379.17690623907
-74157.81594885544 -113.35903622709485 -113.35903622709485 -59457.215563852274
-74281.35886533657 -110.50312397830572 -110.50312397830572 -59568.352230510995
-74342.4453379977 -114.46605143320735 -114.46605143320735 -59592.5814367201
-74289.91118587683 -131.22635104520845 -131.22635104520845 -59583.70077435362
-74350.75263808925 -135.56840262477604 -135.56840262477604 -59608.26540664713
-74499.19097122565 -103.32540474713412 -103.32540474713412 -59795.031510053304
-74598.40499039792 -96.73146582066524 -96.73146582066524 -59836.30571547319
-74497.36508682647 -134.73625719123697 -134.73625719123697 -59791.982654416686
-74596.95551083516 -127.77413447635145 -127.77413447635145 -59833.84924380606
-74751.94899472706 -10.861029093583703 -10.861029093583703 -59922.594369472936
-75022.9912480349 -1.5781967274295274 -1.5781967274295274 -60036.50504084931
-74737.61260157716 -100.9755899764464 -100.9755899764464 -59894.76651907352
-75008.9235684733 -91.91602588668779 -91.91602588668779 -60008.34918733223
D 640
15098832.944215536 -270133.07817821554 3794020.4324400174 5721364.47535249 -124788.13918570724 15860006.926184593
14147560.030224487 -247961.1936691749 3673783.5753768426 5527417.67898893 -107506.47120797646 15577554.736112336
15112673.055125484 -322048.10866837506 3790666.686806292 5716469.388042257 -183538.00534148715 15822047.453235084
13937807.933317281 -321694.2553637879 3632837.529295991 5470471.574710078 -144467.9928199071 15549197.736646483
13962566.63729267 -242232.62365483472 3698892.8052403764 5563681.843820514 -159294.33172713895 15935428.37921046
13460175.827682277 -283615.8927526098 3668011.5663055833 5500019.731774069 -163009.4015199887 15843964.160410175
14058799.944567727 -315080.7710625501 3689817.3113542506 5550975.782471367 -175858.096156691 15784734.700897725
13724875.717927175 -313862.22734692483 3664002.956917355 5507648.7593772905 -159106.52579141658 15820034.24744383
13327173.490705637 -330016.70108071156 3648530.411623615 5478553.23599867 -188300.46155083526 15976222.016224794
13195788.768189058 -286390.10854440805 3613670.8261473314 5433427.221715389 -150605.33851396863 15971997.311927386
13485774.977372026 -313947.902543175 3633261.4612137484 5466421.626585549 -177634.9466076723 15910905.230485586
13242893.594439743 -357360.48983880505 3584383.8018879443 5389147.603120723 -187412.08111201794 15683614.614055192
13094701.28618208 -290813.2743834677 3609574.440987175 5431633.841847331 -102353.23986472718 16127337.657746604
13097046.465323145 -289143.23035483615 3608549.582950947 5432750.874358656 -90105.18081142886 16169880.013671067
13031311.90370844 -324707.2121084152 3576125.8667495754 5384866.78426533 -133353.09551364413 15991254.526341783
13014416.547161933 -347738.24688676634 3597032.95862848 5405249.904063953 -132518.3877539037 15955856.216785561
13044135.216611879 -292155.88796553295 3603232.0976160774 5423074.321225847 -88563.51986568967 16146244.876979591
12983055.195633784 -289449.7320832067 3587496.618518472 5401138.038900288 -96972.9633752419 16114779.790709943
13025922.355256718 -309522.10103999026 3594366.9646406192 5411628.890376837 -103345.87029591177 16130582.047880018
12878567.2868841 -281427.28326977766 3586858.8666041824 5396913.703470453 -99600.82116964392 16148811.522452312
12913356.107132338 -282987.1242118923 3606591.2009909945 5421273.872691788 -101252.88876059033 16167114.746032642
12836331.846646484 -292362.4557614459 3601617.257409191 5411908.3479946535 -104207.63891023585 16166255.271352323
12948729.236453116 -288285.67752659565 3605517.1453258838 5421234.841287142 -96827.1614691724 16154590.216175836
12906802.830973864 -292225.6802459938 3596481.521989159 5408605.153621589 -92901.82755778905 16142706.587874686
12913571.5502837 -283354.01553836674 3606900.4808946834 5421884.470611201 -101657.65627267191 16172307.100671714
13147687.24945686 -300533.7424649494 3627120.1759884884 5459188.57986773 -101123.71378373519 16239440.313206147
12878967.330477133 -284898.45792154217 3601586.0759469313 5413054.814175514 -76249.06431551352 16147235.116322592
13058291.067840984 -269909.93758644094 3611389.042807267 5433695.706869377 -73477.90914233046 16165063.965997841
13217155.876435466 -308489.69346970425 3611723.425664671 5442856.904361987 -95203.59893466368 16182066.687711913
13406451.693497915 -315365.6897193586 3639709.629365081 5482623.436701042 -125184.41114149688 16172405.052934883
13324789.232512536 -245395.415871584 3656405.282848798 5499207.970035927 -57301.40036724606 16218453.78617049
13636084.240602355 -233994.66650371172 3701673.9283490945 5568391.014709967 -61547.9429304097 16294909.50065269
13631450.063392783 -253903.79445701413 3681818.7349819937 5535897.1447996115 -143089.36920941155 16086480.522996228
14189283.454695346 -188465.8255312558 3750587.4198361067 5642790.454348426 -106373.86933812259 16153602.276766257
13763338.818108322 -199590.98068968658 3742130.981823837 5616696.119152738 -73448.78777564726 16243701.823579324
14331215.435899766 -120106.03664293078 3786863.3994255816 5696062.356760071 -54582.23392271242 16279036.784422608
14834221.725256337 -269648.94988596486 3771345.6893723942 5685488.256052528 -166192.84449313048 15905938.104405949
15007587.531859057 -257347.21206468545 3816762.626543834 5748216.142508634 -160442.50571705325 15987957.402340448
14868741.27821655 -220909.36245202436 3796349.0438222396 5719085.558679085 -135964.71929645885 15993290.80622431
15074246.884431753 -231434.5558862728 3816335.1110598412 5753103.128949768 -143147.2335079115 16028443.130027793
15013249.183475314 -394737.89794812095 3763052.924851029 5674863.961799989 -240555.28033517976 15696865.521380106
14340700.829328451 -492690.6181802089 3659252.3514258293 5514412.08078111 -320283.6234067249 15443988.816451194
14648964.2215546 -523163.7849044486 3680730.6546502705 5558844.919277077 -338137.7881380409 15551859.401590643
14077333.108415557 -574436.3234341707 3611047.2245967234 5442651.4078438375 -369752.7959999494 15332655.588103415
14065987.934048947 -402219.7140424523 3713308.240728319 5574196.656733271 -213461.87803757828 15725163.717563061
13875237.787312247 -443341.11213518254 3657994.941080177 5494521.315989961 -264157.48453260824 15539299.59316447
13858976.666138463 -489369.02903736086 3614187.9558105464 5434806.566311204 -276297.3179864083 15325019.334043674
13701433.118835624 -506283.5353442663 3585507.092521907 5385102.016051021 -307544.8388450825 15119450.740069406
13678810.589797953 -438382.72726209415 3661315.2897853185 5501707.112408202 -233763.04620197928 15806395.07537412
13627241.219075138 -469363.00850637344 3658048.47816178 5490163.853163598 -265809.3006265677 15698969.038851338
13667774.729097405 -451359.68757552205 3651186.4054376907 5475926.674388871 -270234.74231616955 15524657.515671182
13517723.420434268 -448876.10739990685 3600515.395405796 5399010.665698034 -281692.66539250076 15251150.787898326
13434255.23217801 -485788.843461321 3602003.649217348 5425285.610970267 -273853.18089623435 15827376.434857737
13287826.232897986 -506579.17532597354 3615322.669980813 5434447.808096341 -271992.7321419841 15864030.894372983
13445902.827207448 -492833.7646734967 3599452.9625207414 5408901.876578051 -282249.94962098193 15544169.173792148
13135346.102261618 -584685.3578229027 3502219.842399592 5278805.041594553 -367744.6573393979 15391917.736746306
13104522.281252362 -462306.24264600076 3622299.737633133 5438581.87872247 -219358.05183274738 15976520.787152255
13122999.290515523 -486455.85798325605 3617572.678265293 5434284.021343522 -236467.74011554196 15976081.856543964
12963540.406563705 -502611.9619523712 3570318.7318499144 5366052.4092548145 -284360.9151743713 15810495.266424565
12867809.037788657 -539505.0310979438 3536340.5917768106 5323287.40406074 -304476.11615378706 15798445.55687549
13115578.478547385 -484265.6086454896 3625112.0262760445 5443418.04865864 -237140.56099744502 16000317.58342691
13193129.298850039 -528844.0409501004 3628213.982226404 5454196.151966834 -244026.90697376794 16070085.764059216
12921075.157058815 -546207.8596435642 3586325.17422438 5386402.453618563 -264204.8789858711 15907819.72514173
12947964.870783767 -556232.1409157403 3575632.692164006 5375748.743734828 -280707.1680343552 15903090.382155256
13186320.801009655 -486790.3762362754 3638625.402125574 5473159.035765505 -242760.7708624336 16227100.700145457
13159164.357205141 -507197.7030335287 3621646.246026527 5450106.213251718 -265449.072614763 16166742.089132478
13059848.104938475 -450448.80938553467 3617653.758343744 5434948.543495977 -199736.34362141104 16050739.725076586
13079178.91167839 -497477.2120385626 3613741.7472087555 5433517.2184519265 -238331.77795696308 16088846.659353672
12982075.326722646 -438162.87769978243 3638348.986047963 5463778.425562737 -231871.8973675624 16249815.080366615
13070623.573212584 -422988.4265483231 3632841.2998983804 5461995.33806781 -232934.6462443519 16246774.251730923
13058209.764173925 -406549.2729029185 3650727.16857058 5479720.710194879 -198812.87856235256 16220206.399750434
12949601.47158852 -381365.533548577 3636871.6581818983 5459379.264543611 -179454.10885655452 16226807.048203357
12925682.212269006 -355507.4188273229 3598207.345372715 5412956.054462036 -140683.81833469283 16172877.051226428
12977684.901879651 -317998.38103047444 3607017.82160683 5424717.671017074 -119997.12650535716 16162276.284341488
13144019.61492673 -344298.6753050797 3655451.775392932 5492000.383962964 -136939.71033382122 16276048.819496589
13265521.362637574 -293990.63960593526 3659100.5475620055 5499072.406380102 -92384.34156651761 16215714.571322726
13319234.94266837 -334218.38846528134 3609041.4005792146 5442847.451061378 -120495.95193097212 16138803.094023125
14742993.95990069 -169498.33897412528 3815517.411075625 5751671.964919688 -89488.66027446168 16349062.174286705
13708894.166746898 -131250.3869543808 3702158.45764698 5569801.7453071 -754.6818275497612 16239654.537792629
14734586.355278255 -112426.46207395193 3860225.809999155 5812491.971962486 33210.943092878384 16590285.148588862
14589856.504945489 -556269.9516230833 3661064.6108377483 5530944.5838820385 -369258.42371692066 15485613.311274633
14386256.892786622 -662463.2446030352 3619622.9942568834 5473511.237460099 -432270.49400197127 15452261.54474444
14398420.966183135 -597283.0978517518 3636082.1230263477 5488540.796415301 -402954.4063050656 15378587.844219008
14274287.35609031 -675573.8788544977 3603631.9438664033 5441744.665197069 -432841.4072097127 15280702.769687926
14293188.58486247 -589761.7887485507 3631146.6294386736 5481263.279521318 -395567.6069905715 15446850.76222198
14031539.781032884 -647287.1734421357 3622001.3230614346 5454580.050517721 -407703.95540688024 15376031.656762242
13988849.530241191 -668681.0667696414 3572327.6546815466 5391217.745493792 -435367.72233900416 15244296.570835294
13963220.587193748 -717740.8501495323 3549247.971805652 5360174.94752585 -496053.48080025805 15156822.579555135
14128775.763030475 -542103.2219912328 3647414.5530521604 5489972.7876948025 -344106.99018520076 15427559.419681022
14082973.504890382 -583094.9342334567 3619761.6396128135 5455329.68840196 -343993.8698135618 15388863.672780028
13913470.835567174 -709262.4476733018 3559904.6294502113 5370857.146650232 -491086.18613750517 15185769.827015225
13794723.21232559 -726529.8342330817 3520159.722241295 5317905.10418024 -509077.9351805984 15119864.52046425
13937137.816406604 -610152.867476247 3612216.9903752897 5438751.115241226 -359263.89878857776 15369110.168802643
13747442.941745054 -723997.7887398069 3532615.444828172 5331427.978531172 -484110.78440395027 15163576.244102193
13808223.994958583 -714988.1323586261 3514856.632225483 5311410.789308857 -498795.6453664712 15093145.405440375
13686602.889774716 -756974.5896461278 3470304.810042819 5250687.257978048 -544025.6700075873 14980435.925777553
13766914.931579912 -680587.5288637767 3589100.8555415077 5403841.1168976305 -432347.30377556523 15349688.07100477
13815680.864530833 -732359.3992194397 3567843.7845323673 5383177.426958371 -491921.3765690022 15355303.940569805
13595348.200281678 -791659.1231592352 3454466.073498151 5229365.258008991 -555513.7263760833 14993702.7465342
13513224.120880147 -803732.8256060254 3454614.796781261 5227641.234799933 -580456.7199843054 15038074.475721018
13737540.9390955 -790314.1881303501 3557111.346493971 5371049.898514747 -521802.02168649645 15427006.91628943
13863135.443370426 -833491.0452138488 3551554.7788792765 5383074.447189937 -546396.8579861769 15664147.883164966
13311807.784215173 -867042.8622173223 3392922.4954466578 5142547.003890896 -651094.3285858608 14894836.939786823
13272263.997930598 -910537.1223737595 3378612.2428766857 5115545.138295956 -657507.711811277 14709169.00214043
13830420.517407825 -831915.9003323219 3549407.034046353 5381294.030094618 -519263.30485074635 15708504.888944486
13691636.335591337 -880675.0102146346 3503650.5113782226 5314613.683747847 -582854.6570862667 15520324.931009946
12945746.774381548 -927016.3186896632 3332634.405759032 5041751.066929254 -679080.8808647463 14571317.043569159
13045116.66527683 -968927.8730970081 3217857.8675221023 4889350.186806743 -726043.4754821418 13949013.081269993
13802710.881986048 -876625.6694843046 3526860.993477594 5357794.526605664 -551332.7876468293 15762237.349324089
13848994.150928393 -887417.1823321733 3411864.8163103615 5206575.1167807095 -584728.5974777109 15221481.716977041
12956917.401738517 -982598.9074345973 3222496.772485483 4891297.4704531925 -785358.5011619927 13974102.381891396
12965396.351072479 -1022049.8036929034 3181000.364940644 4852921.3963741185 -758649.0241299996 14111021.114902047
13985381.620502677 -890332.9966823305 3471095.2884151745 5288499.452518528 -569346.0594339323 15420510.446550366
13900915.224942889 -932206.028603394 3463720.4198970315 5276639.385160079 -559872.4798051976 15430022.655326229
12870887.085529538 -1063533.6131060682 3126501.451118206 4774021.995435744 -785941.5947745434 13826520.20365224
13141645.355743388 -996983.1577002201 3161246.896545372 4835076.1350328615 -675589.6049715126 14012444.16944556
13958012.273672776 -923467.4988009657 3510439.290984603 5345227.566979638 -523184.269084183 15716873.876837347
13859154.573025392 -984016.1135782182 3444049.3693106608 5245055.176057004 -611443.7455297572 15272862.118140457
13057233.075020203 -1048351.0315897495 3060816.9792545005 4688597.932348884 -645046.9097875754 13376750.20112079
13201642.25117398 -1198828.3452586865 3125433.952940537 4787703.361282402 -869387.0215683312 13792877.417729687
14378285.369956292 -591814.4693819986 3625706.513966512 5473346.557976398 -381935.1750212704 15323102.085708972
14258844.202134818 -680566.8607132375 3585430.6420513024 5418278.479863323 -446344.18732431426 15227250.877737124
14227240.210342418 -648712.286897401 3586886.4289639727 5416482.380004815 -421365.1402721672 15190905.580704857
14214160.041258994 -655404.0953979992 3577717.804983287 5404294.026664394 -430490.88613337505 15161928.394062405
14369956.205490481 -579600.6515010574 3624625.4407265973 5475148.471763314 -382711.8139754023 15391253.16666457
14301107.638930282 -644086.8804865584 3624719.696881746 5468357.758016332 -408570.5335644262 15322213.806183983
14303750.934638983 -626053.310974433 3605654.436031468 5443262.4400581205 -399522.488705561 15237099.899809942
14251085.277762664 -657508.2375016536 3583917.816404071 5414215.215137058 -425133.0425689414 15187026.677074064
14400210.196764397 -587077.4354317255 3630733.5861368165 5479963.753729632 -382543.9386516718 15322925.617299072
14418507.51628582 -610987.9909476893 3636259.227139595 5487761.120793182 -395425.88288949063 15339011.487794742
14350336.080084674 -628275.8582436108 3599361.9787697867 5435254.979582286 -412022.16770517087 15168799.603477508
14270584.92219099 -647334.4296984789 3584466.800397683 5414774.892015893 -432227.4652389275 15166642.929038083
14424570.673798928 -581158.205469854 3631687.3901018775 5486320.984392255 -376914.92471872893 15404726.057130147
14295861.983133249 -656694.2467445057 3600502.9393715113 5438272.586757234 -444299.2373003275 15258524.685436465
14275211.376836127 -625236.977659823 3586723.707689542 5415497.772232167 -425356.6681647735 15126822.111438693
14209007.923973506 -668347.2134030435 3545714.3739696853 5362984.508344242 -487590.7192360821 15044965.58812453
14261602.455170056 -653500.920808918 3578309.997379988 5408395.580292601 -438705.4475527343 15183488.792330442
14314658.891382208 -653872.2362588105 3572570.7534096627 5399984.037531168 -466318.9670569528 15088464.81818208
14228947.817486588 -694196.9316683778 3525244.9544747043 5333789.264511028 -528302.6707032896 14891448.023092424
14374828.429891312 -694193.3664527932 3507544.790187067 5316481.86787991 -544413.7071826768 14788823.064866124
14445896.912433937 -664196.2234039453 3562423.6576121 5391925.336600689 -478036.07356886385 15019288.877726866
14452802.60692107 -702164.9003115707 3529334.8145107706 5351127.385807649 -524831.9660271894 14924378.716977248
14562569.512869323 -670309.7389932781 3508461.0402059606 5327717.603330255 -548678.4783552174 14805639.18706366
14572259.960432038 -681917.9549510862 3507941.1855464536 5326714.078094046 -557461.5829204713 14787315.005796114
14553365.351454252 -640241.370930827 3549826.942395439 5378708.046903918 -495743.2403250841 14924602.27264895
14751969.367237266 -628642.6100089551 3555788.61521429 5394803.467845684 -498088.387259634 14916749.99042823
14628491.399608398 -643744.4354859024 3509737.458614474 5329068.1614264455 -549886.8137402661 14738647.244783588
14592672.797443554 -672653.2212052656 3499927.575560376 5314211.790275833 -572148.655080586 14693155.96640715
14702225.309583977 -622546.1692862882 3526804.881740563 5354570.0493103415 -532922.1169940465 14799468.028399535
14799377.48421007 -616639.2504221203 3545211.3493479704 5381001.219318741 -534792.195123736 14825997.015196048
14712452.546587987 -619000.9970356656 3494903.75781435 5309151.181739127 -539102.5211783686 14582688.194039173
14683164.864314927 -650386.6573581425 3495028.529942819 5300599.090073636 -574763.3501509764 14438189.089038415
14880498.67249411 -541638.8079375789 3512012.241680452 5328891.508689676 -479277.3555154091 14433061.971488342
14992847.192971619 -530534.061187128 3537462.754528801 5364441.163919809 -514547.54940166936 14471795.251918714
14901342.976179874 -554513.9545792621 3493677.487799346 5301038.463218518 -519490.6552769867 14258521.44568938
15019820.238963982 -502911.6320981535 3514769.591558878 5331759.059519989 -502143.1582417859 14290429.699194798
15104648.375244344 -276940.54676502437 3550520.255235816 5351886.421183754 -144805.55461403896 13821634.269628443
14902564.410471963 -171092.85124059155 3421399.6677544033 5177883.1313743 -8873.476276459887 13384305.362965202
15230042.094108809 -333516.7542320862 3646123.126161443 5503439.78994468 -264100.7027392013 14624044.700903805
15093157.702734597 -393471.07436253794 3575387.710216301 5411238.6236530235 -297975.5099542915 14473084.711397517
14266922.327786522 -647652.2380651376 3582815.753055602 5413207.088039158 -437454.6169312289 15175272.485678732
14248258.965571923 -661396.9291627608 3566180.9059707173 5391365.216575229 -457429.33178025926 15123065.060487393
14234332.873447403 -700057.4653022711 3543536.338334338 5361661.413683621 -515578.5844811751 15041095.60657686
14200756.306800595 -723708.7933131735 3518348.202386278 5327408.35405966 -538864.6400069959 14943749.956158793
14477416.399878481 -585665.1125824507 3620883.8463457017 5467077.657022274 -392769.0676494342 15204691.721095959
14454327.9785789 -601694.9234076147 3599190.4374198997 5438131.9192297505 -429756.0998017407 15126120.388300315
14579700.370081797 -564208.1364792314 3610994.101004586 5455814.016562232 -409373.07143309247 15094709.3143583
14609586.996324984 -564943.7619546057 3596953.1989800096 5439249.244723781 -433848.32055680075 15042427.131526815
14821750.618588915 -521974.16726076195 3642192.5717935283 5511520.553570574 -354296.71486964414 15280423.48669868
14868945.427034184 -524096.68782278214 3642879.256912074 5509387.096756816 -413354.90353407955 15175452.434276398
14899896.729990391 -481990.591920642 3623173.523461454 5483854.269537788 -367935.8839727445 15067370.72963944
14789731.37331054 -524079.9290188651 3590369.222072282 5436841.782363757 -392364.17283704196 14958980.936989062
14980371.044032404 -451726.13041591126 3656885.0684074853 5528643.058130723 -333985.41435792786 15141018.13764292
14938662.291448856 -502599.86517412745 3634976.7062869314 5500370.659604136 -421916.6166817854 15099262.878739674
14880360.550697219 -486741.9675525086 3596842.1142828856 5444848.887067254 -384263.76452352526 14886090.236287884
14911258.76797007 -504116.08593769773 3588361.5794781456 5435619.379074499 -409771.24741794745 14857173.526912864
15113263.981097192 -451115.2803488065 3632938.6825856394 5500864.322166259 -340141.6942579976 14979370.993206473
15006247.657304991 -481595.4030004173 3605694.5348439687 5462028.126351618 -380724.73612515454 14909034.702534819
15043031.315169387 -476981.255149204 3588842.837850113 5441866.433892722 -386143.43419766694 14839754.53014492
15061266.808001533 -479448.656376595 3598811.9460815135 5455275.9896815475 -376986.66504452995 14870389.805604909
15038836.952069456 -475588.27522691427 3589809.519197438 5446709.928510413 -389574.7855839981 14919551.937442718
15089428.129162408 -503206.00044233527 3588189.095882163 5448093.838785321 -400057.99620070506 14932288.244389527
15181875.181403743 -432659.2969031649 3598772.243716007 5458072.371416004 -404432.92130351375 14806582.642849138
15118325.629632581 -463600.11211340583 3581185.828460978 5433678.097848824 -407677.4571590933 14769147.818271333
15162383.101304252 -430468.3450476697 3602539.943182374 5461891.009760833 -402462.3231947637 14819558.10276837
15150187.751408454 -464121.3932383404 3572465.0277668354 5422748.326175195 -434815.57231052814 14710547.938686382
15155287.864636052 -435928.11767630174 3585174.098592298 5437460.138259735 -418931.91117560776 14720084.528454863
15127050.201802183 -471050.7248918967 3556898.071111493 5395913.444612088 -432115.959882664 14539460.920589842
15138137.021546656 -409894.08500197914 3574301.9617579766 5418797.566578703 -367316.0458579786 14603170.992003076
15154462.83552032 -406810.0076182726 3564373.8604700263 5404677.973637225 -359744.1341572466 14522871.5301342
15127472.394041814 -410943.6747256947 3564989.579429473 5402704.013394521 -369710.9052482784 14496837.00032951
15168597.683667867 -398761.51516365836 3568684.413324858 5410478.847726022 -358160.4386852554 14529922.040103026
15176047.131881792 -293201.0326974818 3623958.149567801 5464697.8474902855 -135351.0539450716 14390830.35662425
15168427.096776474 -311391.77922126366 3606883.3624807824 5446180.043619759 -161531.7423224767 14403739.23357524
15163305.547105066 -309490.8666787397 3614294.718305657 5456133.209102086 -162981.65283807673 14444874.71352073
15163927.175613547 -319858.2654081533 3602774.247153752 5440713.597524582 -186110.3792453765 14389311.051660275
15224466.722842826 -219310.8350355977 3659767.1236842475 5525922.77782368 -47454.04030118063 14779112.015461085
14728706.21803593 -134334.20243065513 3534228.432085629 5358191.801346595 36176.41998586644 14682104.196157416
15214909.010122791 -254034.82763421763 3662454.976667922 5523136.078190259 -90424.66965349468 14673802.974278288
14833476.236960202 -417143.973878153 3552507.20199259 5383639.786279909 -292869.8645068341 14684160.941526162
14221288.013399202 -649928.9720148569 3545389.854044729 5360312.41659388 -474807.949164426 14986383.178860027
14291238.666468227 -663015.4993278465 3540695.9087317907 5354664.2161604315 -500529.8724205446 14906735.288548514
14386886.741184637 -624696.1624938789 3533178.006099029 5350769.3566602655 -469874.675701444 14898583.88513439
14625680.4391122 -610878.0203542516 3549812.528808723 5381959.501831479 -489494.1289990412 14917633.603039118
14909708.19498374 -479122.93435857614 3622401.7121631196 5482494.829268189 -375293.9418341851 15047350.296221515
14819095.957242798 -510643.17849360325 3597932.397122494 5445333.774793429 -391898.0787035938 14933066.429342976
14809019.891628908 -497852.56833858177 3582163.025839899 5427044.6902755 -376616.3600210775 14924286.970550004
14869961.840336733 -491156.7274174104 3591626.339694391 5440130.625439966 -387771.28266339854 14916870.786552958
15184116.111841025 -413956.0607666655 3663283.6273041423 5546073.442331293 -312856.4902625974 15145112.514503552
15112749.2884846 -418457.7754017313 3651892.257560204 5525906.837099675 -295873.7223914119 15063757.327740518
15123722.443439916 -438248.0707220656 3636498.408884272 5507755.017191744 -325688.3520577258 15028412.43566831
15123621.920424938 -449476.39520700776 3611205.211867967 5474605.879837469 -365132.18972558645 14921980.472356962
15231328.935054738 -379114.4403110255 3670919.449173973 5554556.578124077 -294705.17463130946 15099574.277583996
15252475.72111548 -387668.98852850596 3668907.1060891924 5553568.696019686 -312750.223723475 15102941.500400966
15201214.44624675 -382892.2935890806 3650002.077149549 5528557.420424807 -291094.521711566 15069887.828816878
15190368.917669583 -415286.6264436042 3622418.9502842934 5490787.354580513 -349741.1619640069 14932160.907013096
15202749.718768742 -389275.1313150692 3656286.3703126996 5533849.7461169055 -294958.9971990759 15035944.722446842
15194193.799831217 -404459.82579440274 3641969.8455314245 5515927.270417965 -329096.333062896 15001014.72963794
15174444.819280704 -403709.1001510795 3628166.6192593602 5496427.280641664 -348465.0360973403 14934434.85772945
15152720.201235844 -420784.4133103109 3605326.1305451263 5464117.773961177 -365948.9815463274 14812460.139045501
15202613.407659799 -387260.7716618624 3648470.3524813876 5520199.487907432 -316724.1972284236 14935028.389300905
15196945.792445637 -380472.07943456474 3643744.578663926 5513561.921148461 -303866.25646281376 14911911.720398286
15165801.040503824 -382204.80886699597 3613929.656077635 5469363.735287453 -331469.1005453835 14715021.04938124
15174072.887652997 -400026.65506340115 3603676.8418044643 5456525.21525468 -344580.2185787875 14675540.718517277
15196327.187408105 -323258.92160754156 3641414.0862291497 5499077.467552669 -222726.9675984184 14674112.113244578
15221933.080004055 -338455.73220517626 3653569.952555079 5518490.816474282 -247709.66832405253 14769344.14527832
15191460.05623169 -324169.8986309191 3641284.3917212402 5498855.532412321 -223791.12237795925 14677393.825568156
15185844.79318887 -328077.124076123 3634906.5423703557 5490413.049899944 -234872.09067622217 14654472.142927779
15188718.108218748 -297321.7044044438 3632747.547435709 5483356.791632325 -145828.88090710258 14557971.549071327
15190543.450242698 -296080.17442199803 3631830.819227401 5479540.059922029 -138928.24964992254 14499979.590691835
15187643.76034921 -296103.09374794725 3632708.845748141 5483296.471617482 -144614.02502846965 14558690.939082986
15189467.796829028 -294857.0295119297 3631800.758821242 5479489.101862902 -137734.54378985037 14500697.417575119
15201032.494678952 -244217.21501958338 3645438.300343136 5495671.885341136 -77381.5752253754 14512762.465088306
15176874.240555711 -261345.14697500246 3633092.56514167 5477733.2246668385 -87656.0849986586 14449753.667368079
15234933.008598832 -273794.54832208785 3643409.3613620806 5492554.4324466055 -100661.48691234853 14461149.567325661
15155778.285974164 -276113.14823323657 3614592.085915723 5453620.556680002 -111841.75987964166 14395606.824507961
15139451.4941572 -212433.77852716012 3626379.7401380613 5481471.739601275 -37730.05760896097 14709628.92232203
14956445.018006288 -151962.38206864696 3547606.3800021876 5377643.624886452 21816.31333641523 14549086.963498386
15180706.759499721 -238599.99932305687 3659782.5571247255 5524453.571641277 -83655.11440751821 14793148.338747784
15083586.591541162 -294079.61331706203 3637748.4776977724 5493798.7282703 -170151.7047688297 14761921.342345098
14491785.39214597 -603557.0728272883 3539936.42617913 5360317.383826786 -445578.0798006875 14835960.557921294
14662335.57012898 -577504.7556650358 3557134.669233472 5389651.189126435 -455448.4042549724 14873725.13828899
14533997.458463302 -570045.7679724089 3546198.589189283 5366435.287364767 -422208.3962757709 14778338.924959837
14659263.23257299 -566423.9257460461 3551664.285357888 5378048.910377227 -433426.6028831426 14765100.308117889
14970922.45862807 -482263.83080710354 3605645.568334739 5461676.554048192 -367170.0594555971 14938405.710677503
15096464.876087325 -467330.59880013147 3600675.851914319 5460601.817887867 -373158.2141932136 14900702.25915491
15027369.59704019 -453311.435040727 3603133.387853942 5461270.716373913 -333672.8886370129 14929109.790567376
15075285.337022573 -453576.3610837564 3582936.576260875 5437759.422157358 -345422.05640098604 14855297.945918757
15204954.211808873 -384748.5616265758 3649334.959913642 5524991.275981395 -287578.10653567803 15009501.73467689
15201738.919781739 -383343.991591516 3650117.2739348263 5528715.717778519 -291468.50712280895 15069995.00641552
15184889.51802298 -403943.9105820416 3629540.1974600977 5498743.1738043865 -328300.8703463984 14940089.1913394
15191596.534136485 -390569.7766905108 3641370.729494902 5512650.828494554 -310819.73100153054 14951263.60022858
15214347.277888978 -378303.33575728524 3655655.2950421954 5532877.961571577 -287492.15030182234 15018795.136567973
15202977.663707858 -389823.0925781429 3640765.6607121387 5514559.151719248 -328939.53354433324 14991360.56444959
15182920.553691046 -376923.53149843565 3635845.373362557 5503864.01245518 -308270.8604558777 14905761.175680667
15208794.144063724 -387034.19129678624 3633318.9696322344 5499572.320979183 -327725.32017974486 14849634.68435216
15202035.237842854 -355067.864517044 3648317.138636523 5518278.815937085 -283221.9816073818 14900563.832131121
15199943.316065565 -353304.15489233297 3648411.656346826 5518434.554614367 -281528.4393748882 14903691.141953884
15202246.192261446 -334553.2117101567 3646799.089470012 5509862.711001446 -252154.6168029928 14765427.871628854
15193980.431704428 -349683.01099032385 3635921.4740146496 5497648.995427833 -285019.5866665611 14768726.866976429
15176348.200022245 -343335.2048512575 3631536.965645809 5487177.9024057435 -239713.78923647502 14673396.465118034
15198230.642282633 -327211.6917911219 3642463.620796646 5501780.086705739 -221838.9247539741 14703171.285503462
15169497.605596744 -338439.586363386 3624352.053855923 5472992.056443912 -215236.22628757404 14554598.199932048
15191404.650089998 -322308.68846062385 3635324.92715481 5487642.838361818 -197410.99282646633 14584303.571283875
15220659.348663915 -293437.6582331289 3646415.6031662687 5498826.42626759 -151742.87298206173 14534725.778954875
15221166.644077372 -293309.709319453 3646992.145458766 5501218.071252273 -155686.6591066269 14569367.435846206
15213169.67247047 -285541.7936593796 3637234.909364439 5485466.792758486 -129570.73316703153 14476998.056769349
15231068.728880286 -293120.0587433574 3641062.1926549133 5490672.730467275 -132075.65772808954 14479017.504915342
15195707.649332833 -275663.7783689134 3639151.7987431674 5485931.306370998 -104026.791947167 14461578.7859297
15175681.649127493 -259583.04874194332 3628373.8269352466 5472287.913800952 -92763.90169605805 14445852.303835731
15250474.078200867 -273578.2682994048 3641827.3352026064 5491658.924072195 -102006.41977653203 14462502.915121691
15173215.042625595 -288167.65367780614 3630263.632441425 5474373.780813572 -110371.67523249272 14448460.537999207
15213839.485663857 -240626.34087900692 3657367.3694040785 5516637.234732423 -46323.13031210548 14656822.969430663
15159106.973524207 -218995.95216590626 3629774.969094302 5481191.435216279 -22406.433348447288 14609672.252597574
15191245.49630205 -254565.493124662 3641456.399543361 5490985.976346794 -85335.5919707247 14516433.139854012
15203777.198759489 -267549.45956877695 3640286.146251559 5487830.431944527 -82415.89340033037 14466536.087173697
15150263.222562179 -214028.7994870769 3638260.026774559 5497559.949153072 -42627.23809921807 14759215.046640053
15084598.844848963 -194654.5542929239 3587286.8592968555 5431334.610615537 -17874.14711412509 14621782.33332937
15180337.869938063 -236716.26443191612 3654341.4423044934 5517359.968966145 -70921.08892578194 14771349.671400292
15182384.411164578 -257125.80097374693 3644253.781894999 5502322.7200380275 -104354.20950798638 14690486.677126175
14510602.269414451 -567139.537892455 3530014.734068434 5345414.360839745 -426891.8611054279 14737360.406523053
14746977.541803678 -533101.6056891242 3555146.778331255 5386516.297788746 -424256.5456146306 14770118.933046391
14660440.999994691 -549505.870560676 3517956.979144691 5336206.034240818 -415309.34909748234 14668625.73846086
14783832.875620311 -515435.13951724174 3559214.2346247258 5393532.930591151 -399152.3926951761 14784112.161357146
15099124.068933873 -446695.6942323156 3609215.930498546 5470571.361638213 -342209.810438993 14909552.215876037
15162643.447459668 -412963.1022280114 3625435.275706781 5493738.104152036 -321435.3989907764 14952542.069982544
15072622.731735045 -446562.41258638975 3599041.773291706 5456834.1438457575 -354671.3245016011 14885140.717476632
15149889.941307774 -428722.32855075225 3608982.3936197385 5469079.0033705095 -368233.38356349774 14834077.049890269
15192576.563080868 -380704.0320716472 3639919.4616627977 5509625.4896276025 -318880.71912503254 14921704.640627867
15187122.66562665 -375911.71925624437 3635762.9964605775 5503780.551024948 -307189.04565687943 14901702.099706134
15181988.849315088 -386445.9332557779 3629295.447729852 5494653.750540086 -334517.41780940484 14866585.943122672
15184964.399374623 -381751.27815098834 3638610.566636894 5505959.4449036475 -323264.8685537163 14884791.721643252
15191741.912644355 -359085.8523294859 3634836.3069676124 5500969.376336693 -291566.8067018972 14861246.60808445
15206189.073633607 -352947.68011994107 3654606.7354045957 5526138.7637191145 -283061.9712958394 14915237.762081712
15199846.106306022 -355179.5641675972 3630322.6312844604 5484795.204079516 -251531.9297133553 14628959.854084147
15188062.652024373 -336288.9634120317 3636518.47361796 5492430.485776778 -230249.677302155 14657140.39853375
15193191.582729839 -328765.48289975 3633507.0141974725 5485182.3456417015 -201787.00810635815 14573300.846356347
15187193.247999586 -333381.90792324475 3627165.432657807 5476784.4501040615 -213547.06811523176 14550856.072787317
15195188.811042177 -319524.7962241399 3645108.682234738 5499476.496039067 -184661.64622232082 14601949.941344654
15172152.59633819 -340261.1860202954 3624273.487253129 5472863.713116582 -217001.1830510031 14551104.791603226
15218223.488270128 -298019.2074171457 3644569.271389597 5496346.70164651 -154278.06758101383 14528186.427107899
15205742.17301314 -303812.3144289704 3642431.5681984057 5495074.001052719 -160639.63255965724 14562243.20388518
15201467.378783941 -299120.26190775214 3635025.473308743 5481128.825070272 -134462.8674587629 14450548.572115202
15203224.28500719 -302519.2409138518 3640490.5058281682 5489814.282222282 -150533.6379240891 14502270.096417915
15197958.087263912 -274302.86793013447 3639062.2529691104 5485823.603313316 -102566.76467750936 14459144.293797659
15199213.16700378 -274042.1150820442 3638979.6861939053 5485711.377971468 -102282.55659756463 14457461.15549674
15242837.302397644 -289847.7450939694 3645382.1260747695 5495217.415783231 -107001.34338480327 14463104.12289722
15191516.968900451 -278804.5506495125 3634764.8940766617 5480433.352005573 -106432.72686855972 14452322.265532931
15203359.017299594 -246111.06354775454 3645237.215490632 5495379.548377079 -79213.36972452032 14509013.08667935
15204782.243607236 -248071.25942635193 3640476.7867553686 5487659.694852513 -83416.38989525466 14457922.21858073
15189670.117379267 -251594.57836877689 3637929.369857269 5484237.250645297 -83400.48822165246 14460628.64226366
15174616.949180026 -261778.63430215977 3634258.5269671283 5480230.791737259 -92242.12142549889 14476311.172666753
15186151.360785596 -216192.38606883812 3636879.096005617 5490793.510421691 -22012.723374864618 14618378.611625796
15124877.818528866 -200997.22422062184 3617569.6125302296 5464511.741192728 -6474.47846806124 14578825.390666192
15199002.55693686 -250915.4067329547 3648588.118501812 5503060.020089478 -63102.02090320533 14593259.12296505
15193822.358420689 -245033.3374328064 3644809.070893813 5497015.313439334 -56065.73561259002 14560684.225067144
15146670.553361552 -215942.9819518841 3634100.529676714 5491819.544396541 -50459.60596751033 14739508.589353515
15130691.111253284 -197857.8064173216 3620574.917857184 5473778.804999582 -31477.657725976616 14692236.689951668
15179073.38525267 -237535.4575693681 3654324.2090151045 5517327.928786148 -71739.22869192786 14772352.503094371
15163028.185710775 -252991.22115894864 3638793.9764374443 5492074.277585568 -94687.36664738572 14624989.782425093
14669270.47046045 -533548.8861468387 3518358.6048071478 5337160.20502469 -412780.71630771965 14670043.952485561
14802125.686528238 -513944.4406381684 3545361.8769442425 5377349.514658941 -380320.95238660334 14746902.920899574
14696351.922659824 -515762.828099659 3546295.581664623 5374157.04615609 -392274.9377208487 14768285.784948945
14909177.889485855 -484549.07855265116 3578509.1756701698 5424219.077258912 -374455.0798196578 14848001.354913825
15094389.84844578 -429434.3616254018 3607751.13722057 5469127.936677618 -323344.63508471556 14917643.328051988
15155387.15536432 -408988.55813923257 3616096.028050582 5478482.216206391 -352734.3136074245 14860143.974488942
15159640.201184204 -402795.05769435724 3618309.8164414377 5480893.708911569 -332975.7030750883 14855417.57880665
15154970.47461147 -402788.74269247655 3617614.131435233 5478579.832531896 -337886.82382820884 14829114.80647385
15169848.526612094 -379144.3845621267 3621511.7211251566 5485315.975502195 -318321.66463208356 14863212.808481537
15196753.524835888 -388043.7043063618 3634652.750372902 5500201.469700197 -312492.6070384287 14844915.086256994
15203988.90136169 -357360.4301541439 3624838.4950681757 5481486.316446298 -253689.40418820654 14679290.270918759
15188161.116418244 -344557.43997221807 3628550.151143248 5482113.185088604 -244766.01783558665 14625999.027805604
15182238.002387868 -342038.87532107154 3625119.567569132 5477705.477673677 -227032.29486581744 14619240.862469971
15180043.738557136 -341333.7718187675 3625262.1698578186 5477903.760651619 -226318.9659887097 14622263.566901168
15191774.963514976 -330478.67009730433 3638273.043876138 5494690.791944169 -205587.26161687635 14660033.71578497
15182178.493036387 -336411.23434370884 3631234.994766569 5482776.057924299 -208958.3327229577 14586172.615887774
15211109.848332863 -304453.16149527 3642208.8792274883 5494752.079057293 -161231.10311946715 14555336.248243257
15215295.692726558 -311680.49424877914 3651847.7437147885 5508183.243337557 -182947.0501625998 14607718.662222927
15206854.07441285 -300109.6118556975 3635465.6453818395 5483315.189757725 -139443.67591616014 14479205.390760837
15207776.340411726 -303024.2376731887 3640331.5447800877 5489591.68815261 -150951.43445669193 14496763.295870958
15175755.498825062 -287886.7535984016 3630285.014441133 5474419.485835253 -110051.15904192688 14446363.77062003
15175745.257369414 -287620.61779710336 3630276.82848886 5474411.41266516 -109776.36441643337 14446392.640342815
15175030.737074561 -287893.19755540305 3630266.09120489 5474387.674966813 -110060.85477305828 14446868.628514508
15175020.818401298 -287626.61774604407 3630257.6190095553 5474379.547013144 -109784.88345787623 14446902.377124276
15189370.082761977 -251437.85183363393 3637905.083654773 5484200.941033425 -83226.19085057394 14460736.772817422
15190819.504952457 -251411.38002494475 3637804.2022590134 5484063.764233058 -83233.03857105764 14458763.21125369
15189471.70422344 -250489.87379885485 3637905.0885443166 5484203.700203717 -82290.21079176158 14460690.228867872
15191254.171013288 -251291.69530616552 3638836.891652537 5486384.233954886 -87234.66425241696 14482018.774771094
15210776.64827812 -242737.54752827526 3653143.0589829437 5509168.551475716 -60452.78666591105 14603446.957102705
15194854.661932193 -252120.23986989688 3648546.939726405 5502974.909298275 -64310.30814176577 14596610.73598931
15207690.652003614 -246655.00053759618 3645067.9311304973 5495148.286583362 -79837.63068767151 14503780.474077681
15191736.497316457 -256041.04212821386 3640460.4945083503 5488943.519566527 -83686.41490592362 14497002.90839299
15158882.868499367 -220502.20127576837 3629949.1165189655 5481446.976427037 -23965.006518470665 14611175.98113943
15146775.122890243 -215615.19983692036 3627241.7564995983 5476719.557791749 -16844.299207303528 14588297.28922895
15202657.860596972 -248976.29601829647 3652674.00143243 5510323.778220246 -49095.91833893521 14644989.561097808
15162060.730137534 -233686.93008999515 3640574.2632141938 5491764.964482219 -57973.732351091974 14580604.673306357
15177462.869294927 -240921.08119244644 3654419.3789093997 5517437.219548617 -75232.67910222743 14774055.083855797
15149245.998623125 -214558.30198033387 3633879.983072539 5491499.030318758 -49084.29175216012 14735374.892137157
15207434.750502732 -231981.97152241634 3655479.5821468364 5520145.818914342 -71223.13300677882 14774930.720877282
15167368.46194532 -245371.3765244803 3646739.611052394 5505801.530139427 -78246.55114434115 14720390.6084028
14761770.84121261 -498742.4591949073 3556185.906904959 5389656.521878963 -380333.85231076967 14795269.218493054
14939386.048230303 -485465.79250648525 3568381.3744293842 5414654.652209043 -363040.71860561194 14849316.317718495
14783716.640509143 -492491.41789313965 3555308.4317269363 5389818.668047657 -382863.9133053144 14795870.817961935
15008195.286474457 -468782.3969379008 3578480.3004527995 5429243.003986789 -357513.1642184625 14850097.759239009
15154857.911808494 -411751.6562082654 3623604.942203263 5485534.055005651 -351894.3673044251 14836513.933222927
15154858.106507676 -405588.45411971177 3617219.573451759 5477488.311528147 -338978.93727280456 14816076.977774166
15150704.51400366 -408795.0065898975 3618825.29811414 5479633.012331881 -332886.5257321865 14827798.763549127
15140434.232697196 -402308.9292044259 3613539.196075362 5473011.7130033495 -324315.6702369108 14821937.280688433
15177769.414847443 -350534.48696504114 3619329.5463818773 5469550.613917788 -241742.03309055275 14587992.563345192
15198968.208422635 -356267.2977062399 3621085.460262129 5472769.928497095 -242479.33888068804 14592550.011370797
15158795.616939776 -344032.888350585 3615506.7933091447 5464320.226044937 -240343.6368374753 14586459.20624267
15164294.152020806 -333155.13402329455 3627404.5637775557 5480085.481584262 -217173.82972034803 14634514.88075551
15199142.008281762 -305176.6708795104 3649917.6207947675 5504736.26669206 -181272.90977900403 14597395.470658477
15221353.383259257 -310968.93480547593 3651575.1243721726 5507829.472950907 -182154.693588035 14600583.174731491
15198123.330347452 -306366.5037326597 3649928.986824341 5504730.757740484 -182533.2279338731 14598053.935225813
15196170.489511617 -306033.5234367665 3650054.6044748263 5504903.293073779 -182251.43766072503 14600693.923283385
15205208.471000202 -306946.78225780907 3638013.5090849847 5484282.206391061 -141084.93664278346 14444138.309988804
15177862.39378309 -289828.85036413505 3625416.781451707 5467335.858012985 -120633.82587625438 14409685.453786502
15178274.907789156 -290592.3424169503 3625342.4771704506 5467229.989117649 -121424.64384099799 14408790.236544268
15197149.026045276 -299384.2159887393 3629683.019761289 5473958.998034685 -127698.40957110992 14429004.385097437
15173825.431641206 -259123.93920921846 3634115.496043268 5479787.31566389 -88529.99103412424 14471379.853602989
15173797.175971892 -258482.2463100431 3633298.4375257785 5478022.647098329 -84814.36156122474 14454089.998255795
15185943.45533396 -253129.16950999768 3636890.8652549624 5483535.181317776 -86049.09720468549 14473161.022403227
15174023.115162898 -258978.03043872592 3634085.510387193 5479751.447370602 -88375.69160777649 14471124.46335493
15192277.351066895 -253758.97149634434 3637742.4186190506 5483968.690958235 -85574.79026317324 14456763.130683606
15176336.149106458 -260387.5569307823 3636697.379581681 5482946.562446516 -80415.48580467411 14475252.62980907
15192852.703185504 -253605.8434659028 3638533.1478145067 5485707.023094794 -88496.40215150754 14473558.385086827
15174917.180984413 -262326.4239338562 3633202.6913386 5477872.217296767 -88653.34035869483 14452067.843442932
15213652.242884897 -243692.72298072552 3653060.0589566645 5509046.873973052 -61382.01293678298 14599963.836111635
15176255.692038046 -239183.14751999793 3639621.988171997 5492433.401567053 -58707.282350682675 14600728.473588217
15195107.588517813 -251509.1711766209 3648601.6180544123 5503060.870309794 -63720.55895972453 14596874.119094234
15197420.512243636 -251607.561221331 3648484.0405555177 5502892.7749678 -63766.65640893453 14593785.97296689
15159882.30883893 -220093.5063947382 3629912.492504312 5481392.946960798 -23550.58753692056 14609901.682942335
15130597.390712421 -207418.03268821634 3625249.594668744 5475305.595708839 -23029.213785677923 14620023.33853695
15203518.993604908 -249353.0023961681 3652636.9572539316 5510266.706309964 -49480.361012247886 14643801.964876339
15151450.386729168 -219375.8354424612 3634091.9357252987 5485740.457040569 -27572.816197375538 14613336.068601184
15169701.886002103 -233298.2205968846 3646561.4254367896 5506909.0375089785 -58177.86421721192 14744127.422469925
15156848.03781987 -225279.76261937612 3644626.322551915 5505052.236573854 -63814.82248702781 14762417.491795799
15169069.361300645 -231334.94578625608 3646513.3090140666 5506848.406637677 -56158.55583840379 14744605.888051296
15158227.129250577 -238965.92019936486 3638209.543538614 5491403.497162772 -66261.46746733223 14629232.74627434
14766455.79611637 -515941.14107226074 3558762.2280644183 5392925.621477312 -410863.4389195386 14799287.22701206
15094646.623328514 -464868.5629463931 3605575.7493984657 5466173.222116428 -359110.53104945406 14906150.940106036
14860689.135111254 -464229.7120983074 3550643.9911288437 5386856.243912455 -351451.85697964363 14762267.587269044
15022579.36382638 -451708.4894075155 3585618.0521891844 5438126.000857832 -342790.11250708345 14856343.152861185
15126806.419722069 -394313.16010075394 3606268.6903413697 5459864.101170156 -308085.9855271836 14732563.937104046
15137954.975839632 -398861.51727457816 3606019.1870848206 5459324.051308556 -300727.4532566103 14716103.425821569
15117243.618752597 -386824.88035857666 3595909.4124113657 5446144.275650621 -291062.6317404442 14695634.413322033
15172279.864219734 -352420.6152992936 3625511.9393688524 5484295.998355381 -274612.92259720195 14752377.011261046
15177882.395732684 -326356.70440407365 3636252.169587549 5491105.583370737 -206441.70170788455 14646681.258155178
15194589.85982035 -334538.02772507543 3639955.1628847863 5496300.811694571 -209098.66343789463 14652412.576927273
15177358.648884112 -328089.47202554863 3636315.370091841 5491164.719823262 -208222.14914138298 14646997.37466793
15225405.443212962 -315264.2647532256 3654401.9465417205 5514699.64531508 -194209.22415455128 14671744.45829723
15191902.781465186 -294195.48658231605 3633210.624306175 5481643.67885718 -149829.2284206799 14510336.875074206
15233166.638966495 -318433.95757453126 3647405.8871945334 5500084.371574835 -163675.65517682067 14525591.128356611
15168009.881947365 -280982.10320092033 3622986.930396144 5466518.141814858 -130133.4590485758 14456640.32187401
15166169.66577416 -280887.73616593337 3623123.1255546836 5466695.456917841 -130065.58419594109 14459030.579832457
15169749.166274304 -265651.11259698623 3624207.63823499 5465658.783116498 -99924.69289854576 14410858.317167386
15171247.94800857 -262015.36725767082 3628947.653732389 5472588.139684333 -87639.01225307846 14443666.320625212
15191246.28827107 -251109.2835823257 3635886.4447932746 5481532.398692093 -80823.07840927872 14449899.773670105
15178332.344423734 -257003.09358684518 3633134.7698952924 5477827.50128304 -83213.41462983035 14449252.610944543
15176065.80442405 -260612.97539994735 3633155.091237582 5477820.89878961 -86879.97870088999 14450940.054909952
15176119.60001426 -260690.78323282316 3633152.510894776 5477816.407869652 -86962.90034327623 14450853.209337484
15176291.859778408 -260570.34173116236 3633157.7357981605 5477827.491360278 -86839.5104295948 14450787.675377516
15176344.426125396 -260648.29725365064 3633155.526333116 5477823.357975326 -86922.04335509289 14450701.050413014
15178191.139525425 -262257.03450933506 3637715.12664955 5485236.725218396 -86411.20410317127 14496810.476188293
15191277.313101871 -256494.28622477618 3640451.8036597855 5488926.192491983 -84141.98937171935 14497306.726693839
15178182.336786125 -260852.32082567157 3636670.693567426 5482912.796640199 -80862.87394944797 14473318.236720884
15177719.780636428 -264512.4752617429 3634181.7238615984 5480104.353322204 -94942.52255908729 14472369.234249271
15196906.201551247 -253044.87468511896 3648533.716811106 5502962.338712317 -65247.86503316579 14594598.684718078
15167210.947832383 -223985.16491492075 3632280.8279003464 5484589.634198706 -24269.215275854705 14614403.40208075
15214639.488373507 -260340.80025638847 3652431.9262728253 5508248.224715932 -67465.69905374988 14596822.510808758
15198792.01080459 -252091.0730629292 3648454.9236150575 5502851.138264744 -64233.27235455091 14592222.317471543
15160148.734019417 -219413.37509322172 3629886.7410813617 5481357.785634754 -22865.772868555807 14609498.566591859
15183351.11759516 -233865.710558609 3639433.787094135 5493394.302177166 -33029.48815720049 14616991.501967756
15203713.939138247 -249299.9997082599 3652611.457364906 5510230.752146972 -49435.42494236298 14643448.933690974
15195060.079071052 -244112.76039859513 3650085.2044939785 5506807.74704746 -47325.635214654736 14639220.255704815
15166623.701213801 -230690.1789054593 3644768.1272791345 5499206.846794453 -42933.90336789538 14632614.339006748
15168916.944349702 -231707.50147839577 3645852.351511681 5504348.668033638 -52416.9345124479 14709304.592484863
15166021.90394859 -229456.7280731362 3644743.5438473774 5499170.6969118565 -41669.62388435364 14633033.972445318
15166435.196158597 -232756.0947902732 3640595.599619495 5494581.9532294385 -61301.55030486331 14632100.585409194
14907028.710994136 -433531.62949072017 3559804.088158889 5399583.381910633 -329534.6446206401 14768948.557367904
15108138.849058826 -412431.25288862636 3606928.8764365837 5467655.938818415 -320420.2295748517 14892544.214018665
14862269.7202104 -445725.7264552314 3565721.4659541845 5406139.857821698 -314937.04817362136 14814654.672323074
15095442.319063392 -366657.29531108483 3609546.480364045 5469162.061912473 -264331.65353580116 14877775.82649653
15114047.52819525 -368012.80962375225 3600938.7453501057 5452346.879111731 -278458.1686445348 14712237.050368816
15135621.184794076 -334676.0149766875 3617458.429787214 5473298.029332083 -238830.13789101568 14746253.55942292
15175619.99178792 -328307.8018962203 3643263.9807780753 5508920.841174754 -199092.82521195893 14850988.766671086
15200767.528699348 -307354.3625943612 3650202.1524929716 5517582.237205463 -181415.18876663336 14846429.558696546
15199697.56684575 -281672.7790593762 3649618.58361798 5508004.593210271 -169689.81164043918 14668785.17218806
15197000.150851367 -281648.3880908474 3649825.0926656495 5508272.480527139 -169691.86492217856 14672297.223145654
15199564.173939506 -283323.619331397 3649656.0454787407 5508040.683208578 -171370.19400511024 14668816.25397977
15196458.87744389 -282305.7111024388 3648596.996758579 5505581.774939965 -165578.60555637215 14646042.53112483
15182971.070430242 -271388.97739836364 3632424.2859813673 5478311.032331816 -119099.9653055228 14469915.098915638
15181175.616109671 -271431.5073818809 3632552.249003248 5478477.9239495825 -119182.10413836439 14472233.251251698
15183033.175763467 -272475.0600920268 3632438.8341428465 5478327.11745355 -120204.70719324502 14469854.6589848
15181241.881608311 -272525.5204497655 3632564.75541347 5478491.878036613 -120283.0919881728 14472170.940737264
15181489.475227138 -258480.44332182538 3632983.153537244 5477605.980205413 -84656.01085682263 14445000.617374444
15180603.777961368 -258555.752018161 3633040.372497146 5477682.901282632 -84757.69202196282 14446165.911793081
15181686.005336968 -259030.12462435578 3632995.1247900105 5477621.777283479 -85215.29173838622 14444856.668516941
15180800.697063783 -259108.17738799035 3633051.298938665 5477697.718603874 -85314.26357370093 14446024.964779975
15178629.167558964 -261780.72382763532 3633069.8619703776 5477695.349471707 -88037.04789899592 14447740.751625674
15178834.518763805 -262743.72276948224 3634124.5843715994 5480037.180428567 -93130.38056261666 14471168.122996327
15178987.56668948 -261856.36921680698 3633080.7279064525 5477712.801965415 -88113.14294140748 14447492.357186297
15178856.732399495 -261989.33969863533 3633088.42349106 5477722.881111307 -88238.7581080277 14447655.467929728
15192706.405214379 -256744.8104680598 3640424.140771214 5488889.995248527 -84386.54233994747 14495762.289265566
15196756.498720529 -250844.93878674402 3648343.595821223 5501139.064891281 -61181.352319289625 14562465.573982378
15193064.620317344 -256387.29461699343 3640431.2055670787 5488903.496033597 -84028.31126905452 14495518.667659558
15197114.004624553 -250486.32500171335 3648351.297117494 5501153.532296254 -60823.17712372443 14562227.991517449
15199958.123793632 -249555.901671693 3652644.3945232746 5510270.634369438 -49701.49356126839 14647277.76897467
15188017.193220533 -241853.57760848055 3638590.150927304 5491156.906645241 -53013.03031944691 14586137.500883633
15216096.660359032 -260326.4905153507 3652383.3400492906 5508182.354242887 -67430.52389209373 14595116.830364374
15199697.034401719 -252043.54264604015 3648437.7967459722 5502829.204060032 -64205.26327780401 14591255.40346248
15192946.96162194 -244675.0050331074 3650196.327174888 5506959.72976184 -47945.02968460367 14641928.327102115
15161357.676247785 -218599.62190671725 3629805.6270000204 5481244.9026371315 -22008.765327296227 14607816.474940345
15192844.482170574 -243872.24435094578 3650188.707109266 5506949.497633817 -47115.92570619436 14641993.805373913
15192594.056600234 -246953.10566187408 3645967.561729795 5499486.7507621655 -62193.67965603115 14585854.492098702
15196942.922957527 -243330.34861341785 3650109.10504077 5506857.119460742 -46498.95047281121 14637799.05054146
15165391.180969017 -229859.2146970318 3644740.688125693 5499164.941754103 -42081.00241947668 14633612.409378864
15194896.480590932 -245770.91311528307 3645927.7439410603 5499451.648420395 -60953.99310096715 14583726.015354438
15196001.916949404 -245574.48165728868 3645865.68592866 5499365.99941431 -60727.90239117381 14582272.873782417
14920404.469619548 -417794.5843226358 3586965.922319615 5436062.906489996 -281516.4286953401 14887603.003813948
15103179.537184877 -355874.4489021687 3623427.7453651605 5486189.946727028 -242774.12634637736 14905208.6197488
14987034.608755818 -364984.0252383672 3599580.3792162547 5452448.429305517 -247040.18197081602 14871165.142256932
15130594.462890768 -301910.70265269803 3643211.991388538 5507059.679537352 -190739.35804734562 14859934.790135987
15154733.91378312 -308003.5223348671 3640209.1842908235 5504325.544937785 -193665.6724647923 14847174.16848549
15211900.30875464 -276445.0740852831 3657931.3232028866 5524276.28135507 -152077.20288683672 14799135.839878775
15113303.165534241 -292985.17069196526 3631909.3495042687 5489534.761386584 -165249.76996160275 14775385.794724377
15196619.260562448 -273629.62402169517 3656595.9736570665 5522027.103838334 -153331.88206377986 14798811.117020825
15204491.262921404 -277790.2453663592 3656260.7350170095 5517484.689790818 -143750.21687478598 14707466.09339729
15204249.528659986 -274444.6344503189 3660558.087924075 5523405.826399482 -134488.1147025858 14731588.891530886
15204562.935434122 -279382.82328635926 3656320.225729075 5517549.732555174 -145349.8304406831 14707386.531853378
15196555.865007315 -271613.5907248618 3646879.0691076037 5504403.778345462 -123168.85733902764 14660180.03715947
15185099.420225771 -273636.3420751899 3632329.3148172637 5478180.633685449 -121388.64399827587 14467268.200333811
15190387.96173076 -268220.1462375084 3636634.9317714884 5483573.4107726775 -116531.48209672996 14475111.617895678
15192346.09910513 -269191.5858073179 3636546.9396051764 5483455.33735963 -117522.52403205555 14472727.865665777
15210387.465013202 -273967.1216195655 3645256.5545932325 5495753.432415515 -108594.92704549173 14509036.86119712
15183850.699814629 -259916.05799827405 3632888.206344435 5477477.438086423 -86092.5561057079 14442157.371744098
15182828.402261619 -260043.77520176192 3632960.6795338006 5477571.736722275 -86232.9752720846 14443471.270288864
15198001.390961574 -251907.7408122483 3639214.515958024 5486366.64523394 -75299.5290927266 14466612.023151765
15183128.620730978 -260650.49077890348 3632980.9200516986 5477598.2112231795 -86854.15310833993 14443255.25850177
15181015.012799272 -262468.14457144093 3632995.5797040933 5477594.957149208 -88708.98789294045 14444981.258053113
15180708.620969057 -262596.09666879266 3633017.2730136216 5477623.034228065 -88843.38920071012 14445371.93104296
15181358.506342625 -262650.8546783115 3633009.541892102 5477615.499848912 -88897.79343749017 14444741.455890428
15181052.041802991 -262778.48160138674 3633031.2878820775 5477643.681089749 -89032.1934014206 14445133.125635268
15198212.55461871 -250926.23287333708 3648444.037874982 5502841.894925492 -63065.088391014826 14592856.40754759
15198464.207129383 -251033.23353844672 3648432.8754359744 5502825.034702789 -63171.45874949684 14592513.119764743
15198525.812998286 -250762.27673297693 3648454.3149728305 5502858.141700938 -62907.4487637685 14592641.99167302
15198778.33836396 -250868.35685630975 3648443.3476718753 5502841.370049921 -63014.52290132602 14592295.309825856
15199522.992026823 -252078.91746825736 3648459.5092077577 5502859.627655104 -64236.681835037234 14591560.246755108
15200148.139084268 -252124.44390242727 3648423.678947509 5502810.211455772 -64291.044765810395 14590735.040608307
15217165.512348032 -260014.52385480533 3652355.837629121 5508142.498542782 -67118.25585462934 14593855.92056165
15200308.529468182 -251733.99814096573 3648426.005301992 5502815.144355454 -63895.39818800138 14590622.12923362
15192702.654468797 -243892.53235426886 3650189.783120259 5506950.760447358 -47138.93812969917 14642137.21549417
15193402.54258787 -243851.3498783018 3650154.9188166973 5506900.674730565 -47081.73778643442 14641202.626725314
15201800.332866818 -251714.48555214895 3648432.140350914 5502829.042915001 -63871.543443786104 14589273.325942382
15191752.157878686 -246539.18596976378 3645989.7046506507 5499518.468402129 -61784.13144059133 14586843.594593901
15193457.056729155 -245902.58381825298 3645985.05707042 5499526.734281591 -61133.309888933974 14585406.260414762
15193900.725459693 -245747.74507287264 3645959.272997663 5499490.958226615 -60967.794004474774 14584814.343422024
15203793.455571972 -250739.02310357054 3648374.720059961 5502761.22956079 -62858.17088749483 14587187.179205673
15193486.301505107 -245447.09636306806 3645942.8633413953 5499466.726502595 -60665.292281119095 14585105.144090928
15017007.281867983 -338108.76661329163 3623232.0385288442 5481695.905544014 -207102.84595748378 14905805.640713286
15131065.739138475 -303809.9082608517 3643260.9378882255 5509729.5931128375 -192693.00505875188 14911785.130209643
15040528.814338118 -323812.9412641091 3634567.0668321922 5496757.384088077 -203588.8083495362 14934143.204121307
15130830.336580018 -306432.20481570216 3643478.9829361546 5511558.823578962 -197249.28974065336 14943808.291122572
15116022.3877989 -291750.8452721956 3635457.337481147 5494647.305967764 -157760.46234887117 14796861.882803287
15169562.686675241 -261776.36707292276 3650293.2444198937 5513459.917557419 -149699.38134845905 14793183.802010786
15174317.742846983 -266276.48335711175 3654389.4662762173 5518975.467161775 -158506.86479688287 14808623.071753908
15176426.302475227 -257584.17953005014 3654114.0634854557 5514711.660469737 -141171.13959123293 14727297.170406714
15173258.4528181 -267321.80510444933 3651011.1297584786 5509915.98428686 -142395.64186845222 14702816.18626789
15205097.67805135 -267305.3539843706 3651011.626316918 5509562.313699003 -119398.46441031655 14663892.69427493
15164184.999377338 -250400.44855560714 3643236.9298640187 5498583.465828706 -114714.07859451543 14656271.705221595
15207461.39852074 -265191.2916549816 3655757.9452138315 5516480.849597953 -108650.07776006417 14695480.696075806
15212225.41484462 -255746.47252306767 3653088.935379508 5511549.247994247 -90096.48651583333 14650802.831828117
15215532.166439489 -268753.8700670016 3653133.443355446 5507944.30507823 -86085.72135347934 14574418.074631711
15200276.37767539 -262680.5613965813 3650330.3740291297 5507822.438677356 -93543.84654284216 14648904.05014116
15198192.957543679 -261492.24082275573 3649274.518617789 5502705.688140173 -83897.2558733152 14571881.30051981
15203312.817884916 -269355.4530427068 3636717.367976076 5482670.73954465 -90464.50635049648 14442319.759248722
15214349.44142345 -263588.50547676557 3639579.0509173404 5486526.532006688 -88226.98540938333 14445441.947889421
15198187.03876178 -255819.46723369003 3635634.857293332 5481181.965272467 -85503.47873901593 14441485.296044083
15218102.402664604 -258216.22662611233 3647547.860018426 5498842.169901667 -65567.57722210324 14512687.952187834
15182892.02330934 -262814.20059245866 3632942.6822684407 5477526.287511605 -89055.25155715049 14442894.614222474
15182437.51451845 -262918.5125808743 3632969.897564099 5477563.053928299 -89169.87808022316 14443485.707459828
15200656.095833333 -271427.02679771156 3636850.065400387 5482823.058119571 -92618.07303410424 14445103.528357351
15186553.671787137 -258000.71337396084 3641983.8233491234 5492208.60528468 -71105.07725201605 14533974.213009208
15216863.781745832 -257905.461970518 3651116.871057593 5503991.995955508 -59022.0826880785 14538404.853675224
15217170.14545979 -258833.64180349975 3652176.3419110267 5506336.337067276 -64094.302091871476 14561676.977471994
15217450.641823174 -258729.00617702786 3652179.5955276215 5506344.038850923 -63997.780624349856 14561478.916124918
15217420.903680107 -258823.5604378935 3652185.554664274 5506350.299670883 -64088.80581535258 14561502.792878462
15200320.858292606 -251408.38934827046 3648431.2768131583 5502823.851494199 -63559.133618727734 14590667.97815065
15200597.189975735 -251442.12605995827 3648411.890909105 5502798.584211108 -63602.14276537338 14590312.786071574
15200437.716394307 -251234.12842836446 3648433.8740523583 5502828.390119184 -63390.11390888602 14590584.753727006
15200712.228097728 -251270.26860280562 3648414.388565929 5502802.977167034 -63432.19227239776 14590230.659140196
15201639.9458462 -251401.10961638083 3648428.5203163135 5502826.122761384 -63558.37404833069 14589454.94959978
15201912.851443164 -251368.75596566897 3648413.3171453523 5502803.905451721 -63519.49405616854 14589072.165173752
15201570.376447631 -251218.2378244378 3648423.595810564 5502819.590284397 -63378.73176191457 14589502.207904281
15201845.397023281 -251185.19622185177 3648408.0264883 5502797.052255693 -63339.56305714061 14589118.950138614
15202660.711196674 -250560.20725811005 3648411.5727645797 5502811.597781886 -62706.08756519574 14588516.54882548
15202689.971599476 -250445.20172142028 3648406.6937355506 5502805.770617037 -62590.32901210894 14588478.077967482
15202349.153403072 -250535.94089141765 3648403.1185752824 5502797.320888394 -62685.925421413485 14588728.558866968
15202341.571812352 -250180.9719526583 3648266.461051823 5501050.776934428 -60504.67838470871 14556811.721543692
15141572.666900657 -302619.0967381536 3647494.703011106 5516538.831997778 -193959.2845987848 14944320.390289614
15170224.214851877 -293466.7013728959 3652999.9128718697 5526994.124189646 -177862.24657399868 15003660.058056481
15144531.45971872 -286042.50763275207 3655401.99598608 5528886.720511687 -155097.68326378838 15014358.98035973
15216872.681354985 -264623.19936631614 3673564.6264790627 5553286.594963281 -141183.15287385878 15030437.362982497
15174818.89378903 -267522.9495720487 3654203.303522135 5518601.452030533 -159132.49902201872 14804737.315590464
15179299.098225037 -255109.16602554367 3658631.6369195017 5521206.917562077 -129423.72760998548 14754943.032719797
15174833.575526543 -262252.0362122516 3655003.6593573 5516602.275133668 -135187.29806391217 14747131.330239937
15182114.40284767 -250294.030647816 3665299.478683072 5531387.608502117 -102125.88678644298 14809049.089530103
15179581.320435716 -234329.5524093403 3649385.5278642387 5506219.0494467 -74917.85352003643 14658317.822253756
15165304.182664145 -248551.46367726254 3649093.7422434473 5507927.466164132 -108390.71878491173 14713182.676877499
15166841.993147584 -242309.8109618012 3646017.1110673887 5501899.403970149 -79038.5720564038 14658769.458326269
15162957.195556844 -245929.3489136819 3643675.582108153 5499309.7182536265 -93111.18352621885 14662374.248480184
15190571.06662296 -258135.66154215625 3647898.083489909 5504521.605275687 -92069.61798606742 14646103.099103162
15206582.135676757 -250687.53090430849 3645317.963463619 5501125.105592823 -75632.12901106881 14618924.658862442
15157981.354571521 -245934.07485997965 3642630.539073598 5496957.413094144 -88966.16278498896 14643294.954471333
15206657.413788864 -251766.45035001458 3645347.588814299 5501157.4569766 -76709.96188915287 14618844.660628503
15190686.773113945 -255878.06352289766 3640749.718788501 5489649.362806461 -64755.47105092506 14505806.56928992
15186078.143497307 -261985.12190406883 3632864.9310133904 5477445.888053076 -88168.5795763769 14439811.02312287
15190819.727278754 -256558.65416034267 3640771.575802382 5489674.453021721 -65441.71815010827 14505694.570587782
15191457.303395318 -253882.24431705245 3644344.105140003 5494853.727968565 -56474.051451078994 14530046.835216565
15184244.858954417 -263008.9189662913 3632897.6505259806 5477470.436915528 -89228.4962056058 14441415.436555846
15216751.475737471 -259498.9914146401 3647564.0058531268 5498846.899424588 -66900.38869719088 14513778.280234398
15189661.817584263 -254581.7894257633 3644364.424575747 5494866.16459942 -57208.793766569 14531644.005385151
15219011.035071751 -257943.11399349177 3652135.9725454478 5506291.740026621 -63202.28080138468 14559832.26851409
15206133.242537899 -264235.4122697276 3649357.0439673 5502537.489876568 -65984.95303274319 14558761.475740667
15205962.54025939 -264292.862567898 3649367.9459864856 5502551.714993715 -66045.84327798666 14558976.829553982
15218412.171601525 -258465.86735137622 3652146.552836144 5506302.029093432 -63731.96685697599 14560404.137222098
15218241.824121054 -258524.09069768662 3652157.564383694 5506316.338171433 -63790.48300492556 14560618.405537393
15200820.94919559 -250481.46495905108 3648274.5012674667 5501053.904942378 -60811.661366292865 14558218.022702515
15200885.93254737 -250747.07367302093 3648404.5371927656 5502792.033094882 -62902.608007690746 14590054.805578176
15200895.029929232 -250458.790961062 3648278.4323954815 5501059.128372681 -60790.74776125416 14558161.927020874
15200926.770318551 -250484.82089224044 3648276.235228353 5501056.087421788 -60818.81561008791 14558117.698473793
15201461.628736408 -250690.68388491237 3648413.699399154 5502810.745682938 -62853.2551636602 14589651.784826528
15201427.561794266 -250673.1893330525 3648418.1129615027 5502815.038704024 -62827.09151228453 14589674.63503511
15201410.207541795 -250677.4776109192 3648413.9465572448 5502809.997229119 -62844.936300896945 14589682.799942918
15201378.791256621 -250661.35852535773 3648418.385031882 5502814.407962664 -62818.32219739528 14589704.805584371
15219076.723740786 -258255.77381841524 3652182.344984551 5506360.952413593 -63523.384872102106 14560130.63503835
15218842.594860675 -258199.16020400645 3652193.3208147 5506377.343800174 -63462.05598094629 14560451.116900953
15218893.212556113 -258403.84229390635 3652181.2719503595 5506356.664694123 -63676.56875173899 14560251.998843255
15218659.292457007 -258346.95446416916 3652192.4593566344 5506373.328912497 -63615.59760850151 14560573.073849905
15147619.131532434 -279416.36443201994 3661697.399573267 5535492.456483828 -123940.51355405366 15004887.16994436
15179110.44438889 -264507.04907883436 3665136.513476143 5540150.886790471 -128633.7975787188 14990903.94307333
15189434.89131953 -256918.12754758203 3673630.0512077846 5550080.900933019 -109159.24396352046 14992321.976905802
15186322.733410029 -257479.341702113 3674864.8126252405 5552675.31337574 -113963.65875824471 15020157.616357004
15176318.538780492 -260355.04168254015 3659309.900736923 5525726.22498461 -123119.01551471831 14833388.080837216
15182209.709658885 -251271.50641754852 3665299.9198359596 5531381.640641552 -103119.7818191565 14808824.74994713
15179909.213533234 -246544.69733595295 3656974.4044297705 5522169.822493826 -90350.43092680287 14810050.296332927
15189029.304175602 -240497.6270007919 3659707.5925209406 5525891.347003512 -87430.87704810117 14815230.507075826
15165409.913176503 -245738.2850815361 3642489.724946572 5496782.333988693 -88762.4830936503 14635462.660589524
15164772.292687755 -243013.77860428518 3646128.2683994477 5502054.614960345 -79718.6260541926 14661498.001046779
15166936.991084198 -244045.5758844355 3646683.7111731116 5504191.570552823 -75053.42998469248 14689852.638230966
15178751.935834415 -236310.49422976762 3654177.401460253 5515575.998390202 -68668.36424790158 14740865.107972842
15160266.599971896 -243551.81667357183 3646124.7056805603 5502025.841099858 -80287.17093409183 14665506.55446973
15201536.987932071 -253742.30566927438 3650796.9573498424 5508421.644653412 -91221.51970852514 14649362.741979584
15167256.129672185 -231982.35665191288 3641071.7753568836 5495270.40387277 -62794.37842863795 14634572.753728578
15186236.802118743 -251372.54935028095 3644106.7893653465 5499133.934855217 -69670.73553147737 14626092.430058748
15180654.884616744 -251458.2563197948 3638338.0677935337 5486379.113527147 -63451.530231060126 14503489.76549326
15204098.802514983 -248031.44523324427 3647110.129369445 5498584.0292958245 -54120.04559607726 14531158.836037066
15192816.334417913 -246281.95974978094 3641144.0191865163 5490159.249459921 -61786.68102367551 14505200.10786607
15204139.91511476 -248722.07556854564 3647126.207839424 5498601.459990323 -54822.889720288156 14531112.61368786
15186695.411434209 -260373.79284020676 3636383.7961929683 5482537.232641665 -80280.34137547998 14463605.600621898
15199912.473726586 -251235.9256713892 3643656.318659823 5493552.4623031 -63681.02161529377 14510697.661916772
15190241.829151975 -254715.99266022324 3644343.7771984558 5494839.511821329 -57331.38347266162 14530985.186368292
15199966.477295782 -251612.0941931576 3643666.3955161124 5493563.868543609 -64067.73028620582 14510650.093473075
15201002.561660333 -248814.80154781972 3647172.9554823856 5498654.1998481965 -54965.5628431026 14534276.303536603
15206102.519123672 -263027.05205278326 3648300.7292205403 5500198.583356493 -60625.93981416636 14535252.988204667
15201051.89550941 -248971.42821143375 3647178.8006127994 5498661.255298104 -55125.35360762971 14534239.485735793
15218274.632686662 -257317.15161035137 3651089.4666508907 5503960.675474552 -58428.19699901339 14536970.493164428
15218590.861239271 -258157.5124324774 3652152.435498914 5506314.041162355 -63418.48211084181 14560336.284017468
15218509.1280269 -258166.58228274953 3652158.0121611776 5506321.350377773 -63432.99005372589 14560441.508436428
15218617.6334658 -258204.48679006367 3652155.988613286 5506318.092327008 -63468.77235043507 14560312.367408516
15218535.00866605 -258214.69627887744 3652161.1331723733 5506324.954499678 -63484.62169309471 14560419.048710125
15218807.764678495 -258132.37438822293 3652165.2106194934 5506336.527351686 -63408.41756957945 14560288.036280192
15218647.168007841 -258130.53654551273 3652177.0945578497 5506351.5611258065 -63400.20045465885 14560487.881869681
15218796.745294698 -258205.78398580448 3652167.5276962705 5506338.676985225 -63484.53406399412 14560291.074076202
15218635.970897695 -258203.56756048213 3652179.762075324 5506354.043356064 -63476.56188750552 14560490.039340653
15201070.979882853 -249596.54754613977 3648291.589583846 5501087.588724744 -59910.73454782795 14558265.724000992
15200716.80487846 -249582.6987707457 3648311.483269888 5501115.546154063 -59898.81386350739 14558741.37964254
15218490.587331247 -258151.31964007628 3652188.9765004357 5506368.004936554 -63415.01852875363 14560711.929181177
15200654.023364274 -249805.8232177173 3648314.640300351 5501117.756781307 -60127.814764072486 14558778.919457542
eps 640
0.0007071175028248246 0.0004634795934048339 0.0004634795934048339 -0.008412342470426474
0.002636565811111812 0.0006371783930864372 0.0006371783930864372 -0.008412488408023297
0.0007069982254224117 0.0015551575525125005 0.0015551575525125005 -0.008018259968673483
0.0026361217577856003 0.0017278171762084174 0.0017278171762084174 -0.00801880434427711
0.003957390961718515 0.0007453088713231855 0.0007453088713231855 -0.011507408721837538
0.005636973174384543 0.0010032546612838142 0.0010032546612838142 -0.011507601612818526
0.0039567902205939675 0.0016978194354488145 0.0016978194354488145 -0.010921128428218158
0.005635960371009602 0.0019549272839317657 0.0019549272839317657 -0.010921847784573733
0.006673561411155068 0.0010925504811796377 0.0010925504811796377 -0.013868060016309643
0.007826439501976586 0.0013742372432480818 0.0013742372432480818 -0.013868211792949114
0.006672817361859718 0.0017466414689075078 0.0017466414689075078 -0.013227312544612357
0.007825405157159498 0.002027882237802983 0.002027882237802983 -0.013227878532969504
0.008500928417443262 0.0014788934149085 0.0014788934149085 -0.01568070167008918
0.009190713407140273 0.0017440699844142882 0.0017440699844142882 -0.0156807917608652
0.008500371563644877 0.0018697791109230824 0.0018697791109230824 -0.015077439592672747
0.009190009630135172 0.002134754567704912 0.002134754567704912 -0.015077775567241313
0.009541378291152135 0.0018259501474727359 0.0018259501474727359 -0.016939024848981514
0.009809146489951417 0.0020235427147653616 0.0020235427147653616 -0.016939057161520683
0.009541363341053568 0.001976583167075817 0.001976583167075817 -0.016490470053864326
0.00980911622528065 0.0021741210382899864 0.0021741210382899864 -0.016490590583068707
0.009863345135158897 0.0020427473058773327 0.0020427473058773327 -0.017740832786143742
0.009743013567105697 0.0021179309310285234 0.0021179309310285234 -0.01774084304617654
0.009863999740728189 0.0019729332050220177 0.0019729332050220177 -0.01757275372615173
0.00974372525555802 0.0020481124835242453 0.0020481124835242453 -0.01757279200322206
0.009457742905669218 0.0020087760547328488 0.0020087760547328488 -0.017951595162450946
0.008797378677837822 0.001943179224736066 0.001943179224736066 -0.017951643069782978
0.00945953459725969 0.0016321353150061486 0.0016321353150061486 -0.01810433212395149
0.008799206918760764 0.001566418639927149 0.001566418639927149 -0.01810451092196127
0.008037527210756533 0.0016530638183911866 0.0016530638183911866 -0.017234054265274044
0.006619523163821696 0.0013575155315494517 0.0013575155315494517 -0.017234261684542725
0.00804063731526382 0.0008471643633287691 0.0008471643633287691 -0.01790817968530667
0.006622291444946472 0.000550977934966168 0.000550977934966168 -0.017908954418085595
0.0052253933150625265 0.0007845257638988876 0.0007845257638988876 -0.015061267494747545
0.0028300884296779644 6.99124746176227e-05 6.99124746176227e-05 -0.015061907636908243
0.005229345741878163 -0.0005745968044044876 -0.0005745968044044876 -0.01668232002546524
0.0028320654734034197 -0.0012913332213381255 -0.0012913332213381255 -0.016684714196228436
0.0015396094388176976 7.113073147259554e-06 7.113073147259554e-06 -0.012933088071614116
0.0004127581973449529 -0.00016940918210680251 -0.00016940918210680251 -0.012933101343652238
0.0015401572754693183 -0.0006320648058277571 -0.0006320648058277571 -0.013331301577810827
0.0004129051758742187 -0.0008089621651346912 -0.0008089621651346912 -0.013331351119889215
0.0005460643183416337 0.0023339701909573635 0.0023339701909573635 -0.007570385038131725
0.0020364863822683985 0.002699297087788191 0.002699297087788191 -0.0075721585873333155
0.0005458883865016673 0.00317642481506987 0.00317642481506987 -0.0067403674891497595
0.002035831088889848 0.003541007863046837 0.003541007863046837 -0.0067428393758566345
0.003037227676369267 0.0027988379987911975 0.0027988379987911975 -0.010132274170035647
0.004280092090478893 0.0034912724187067443 0.0034912724187067443 -0.010135349734599262
0.003036266870103374 0.0035021138636752635 0.0035021138636752635 -0.008559311049249065
0.004278375505168257 0.004193616363944619 0.004193616363944619 -0.00856348947984112
0.005113297859491509 0.003518037663864154 0.003518037663864154 -0.012243854484770882
0.006141064591893819 0.0044221176285916975 0.0044221176285916975 -0.012246872723139587
0.0051114506908179385 0.004099062315070261 0.004099062315070261 -0.010188976833114457
0.00613835976427905 0.005001976023090532 0.005001976023090532 -0.010193147952294961
0.00683155039295949 0.004615547555135251 0.004615547555135251 -0.014060259878325751
0.007682533464677728 0.005577208455684916 0.005577208455684916 -0.014062401381314212
0.006828852275566547 0.005095569217899242 0.005095569217899242 -0.011873786469065072
0.007679004652713329 0.006056034636863445 0.006056034636863445 -0.01187687020657016
0.008274475696896485 0.005810050473308563 0.005810050473308563 -0.015616064090067841
0.009031368659287902 0.006667378361389946 0.006667378361389946 -0.0156171371665701
0.008270492161220803 0.00623711882997572 0.00623711882997572 -0.01366759464303058
0.009026575598691444 0.007093498494578309 0.007093498494578309 -0.013669265342234746
0.009485608303619544 0.0067879454557928905 0.0067879454557928905 -0.016952821570289836
0.009958634574472191 0.007459357327676207 0.007459357327676207 -0.016953082272051095
0.00948300585303176 0.00705371053722258 0.00705371053722258 -0.015428385629462187
0.009955641974180397 0.007724583343942793 0.007724583343942793 -0.015428941241106048
0.01020006936092077 0.007214574020437916 0.007214574020437916 -0.01792138253381908
0.010368935024023734 0.007495313438469343 0.007495313438469343 -0.017921474369529254
0.010199455132929226 0.007310248511215519 0.007310248511215519 -0.017289449223571916
0.01036825925560402 0.007590912058974632 0.007590912058974632 -0.017289567614153383
0.01041492061822579 0.006674431771269791 0.006674431771269791 -0.01844161831180137
0.010348935342937333 0.006311360689823478 0.006311360689823478 -0.018443565976508924
0.010415681865452282 0.006642098663195189 0.006642098663195189 -0.019278619207948093
0.010349714572327539 0.00627890547814201 0.00627890547814201 -0.019280626400674645
0.010118625742384008 0.004607436061829656 0.004607436061829656 -0.018392056766905716
0.009510343134078366 0.0032368771127557565 0.0032368771127557565 -0.01839928031620133
0.010125085147141112 0.004269644929710985 0.004269644929710985 -0.0215242575140087
0.009515595814905471 0.002896965433804478 0.002896965433804478 -0.021532131096906472
0.007332012141849464 0.001891240970462072 0.001891240970462072 -0.015965020363531018
0.0019696747978790426 -0.0011198636833292717 -0.0011198636833292717 -0.015975899043286453
0.0073585844588240044 -0.0011527486546352537 -0.0011527486546352537 -0.022811441767983432
0.0019768425738815507 -0.004181663616859379 -0.004181663616859379 -0.022838401767845105
0.00029183685543367167 0.00366133772052151 0.00366133772052151 -0.0061072154761041214
0.0010887337310686344 0.004058465911955122 0.004058465911955122 -0.006110061381725473
0.00029174022049414293 0.004111077569510312 0.004111077569510312 -0.005207550362054921
0.0010883734666648716 0.004507864009734551 0.004507864009734551 -0.005210819052752163
0.001540588152587945 0.0039135737847725465 0.0039135737847725465 -0.00739373182518221
0.0019761521670806762 0.004625450198473178 0.004625450198473178 -0.00739830144930567
0.0015402703356017255 0.00415878831488434 0.00415878831488434 -0.005782688742762077
0.0019756048214856366 0.00487006890487565 0.00487006890487565 -0.005787697241643132
0.002289217056980236 0.004554101417986246 0.004554101417986246 -0.008539845295524229
0.0027003516595190346 0.005636088510226411 0.005636088510226411 -0.008545601275308214
0.002288223629667613 0.004783903297936002 0.004783903297936002 -0.006090059460106589
0.0026988970255118236 0.005864586722738566 0.005864586722738566 -0.006096300805012529
0.0030306810316522194 0.0059842114513347045 0.0059842114513347045 -0.009797261872709198
0.003510400761678352 0.0075239067667748445 0.0075239067667748445 -0.009803594492448112
0.0030283089504266167 0.006248615079881539 0.006248615079881539 -0.006309654410438004
0.003507184839081747 0.007785701617958946 0.007785701617958946 -0.006316708459052445
0.00391953282573437 0.00838577378972411 0.00838577378972411 -0.01120722027126222
0.004546506045475853 0.010493116524730247 0.010493116524730247 -0.0112132969005842
0.0039139060121061615 0.008725031197962333 0.008725031197962333 -0.006432002548788246
0.004539203676032513 0.01082749829599335 0.01082749829599335 -0.006439204351628041
0.005058795335888617 0.011636789233082569 0.011636789233082569 -0.012586182904920896
0.0058019409589813815 0.014386457890243365 0.014386457890243365 -0.012590211898690817
0.0050489890628941 0.012026963399191709 0.012026963399191709 -0.006354328933896257
0.005789562027086143 0.014768358984280226 0.014768358984280226 -0.006360138516365686
0.006407151092604569 0.015878773094327114 0.015878773094327114 -0.014121790833613384
0.007272658882648807 0.019389355193313692 0.019389355193313692 -0.01412008366768024
0.00639203268763255 0.016313134258918786 0.016313134258918786 -0.006164283060890107
0.007253953177990932 0.019810268543381585 0.019810268543381585 -0.006165532727922918
0.007942775292242805 0.02132979883113031 0.02132979883113031 -0.01585403101754406
0.008851391776979176 0.025727109164005748 0.025727109164005748 -0.01584103413971453
0.007925279070268468 0.021749910106495626 0.021749910106495626 -0.005885764388051568
0.008829846958359224 0.0261262142922549 0.0261262142922549 -0.0058774346231695584
0.0096062834547899 0.0279469486341683 0.0279469486341683 -0.017747319183720703
0.01053652480779958 0.03364615667970456 0.03364615667970456 -0.01771734747831057
0.009575849654368924 0.028314906059277938 0.028314906059277938 -0.004833702423793411
0.010499493783230602 0.033978937665953744 0.033978937665953744 -0.004808948963833754
0.01071171857334635 0.03457105570730537 0.03457105570730537 -0.018708546835538447
0.009607842873537994 0.04191599008329119 0.04191599008329119 -0.018624620485694042
0.010663096357154858 0.0336994179228354 0.0336994179228354 -0.00214305213295037
0.00955186842134736 0.04098553381866811 0.04098553381866811 -0.0020360614477287963
7.971008853889062e-05 0.0042880711839381035 0.0042880711839381035 -0.004623269557919952
0.00029745208656056343 0.00459624254733953 0.00459624254733953 -0.004625329803324089
7.969700673626884e-05 0.0044106999553650125 0.0044106999553650125 -0.003927845776159529
0.00029740327681426494 0.00471875610443973 0.00471875610443973 -0.003930014505950141
0.0003375206161407142 0.003969168924234203 0.003969168924234203 -0.004834696469761473
0.00022602445195375748 0.004400263481634945 0.004400263481634945 -0.0048369927560770075
0.0003377166900861468 0.003905793064204416 0.003905793064204416 -0.003863062526655838
0.0002263459956728766 0.004336683700792009 0.004336683700792009 -0.003865378001835889
0.0001259048950199902 0.003984195540861282 0.003984195540861282 -0.004768304495196302
-4.293829244272554e-05 0.004491987206661379 0.004491987206661379 -0.004770382840397181
0.00012630896010757778 0.0038881122657616015 0.0038881122657616015 -0.0036236036621485547
-4.23852552913326e-05 0.004395617476625587 0.004395617476625587 -0.0036256428459075897
-0.00017070302924836412 0.004316171483302041 0.004316171483302041 -0.004564285182495637
-0.0003587934735505429 0.00487238996281056 0.00487238996281056 -0.004565966572894463
-0.0001701397089333467 0.004208797444903925 0.004208797444903925 -0.003310491839508793
-0.00035808210314844727 0.004764672317904156 0.004764672317904156 -0.0033120931487226144
-0.0005405366180683238 0.004901563132067731 0.004901563132067731 -0.004184563254689166
-0.0008549539834418863 0.005491993275557785 0.005491993275557785 -0.004185809078592734
-0.0005390979517190271 0.004722485567136019 0.004722485567136019 -0.0028542981362662096
-0.0008532367308393839 0.005312514309155329 0.005312514309155329 -0.002855419324950011
-0.0010945048831614396 0.005368554649209473 0.005368554649209473 -0.0035647481080696274
-0.0014488440794479173 0.005971811028242334 0.005971811028242334 -0.0035654723273355407
-0.0010926719269792932 0.005166611020362397 0.005166611020362397 -0.0022059947053489825
-0.0014467181735087157 0.005769444708916866 0.005769444708916866 -0.002206549454969771
-0.001715900844341943 0.005686478062805882 0.005686478062805882 -0.0027592985789161
-0.0021137377430579408 0.006290053543897286 0.006290053543897286 -0.002759418905713171
-0.0017135781849412738 0.005459797411837738 0.005459797411837738 -0.001400371849878975
-0.00211110663053001 0.006062944756377214 0.006062944756377214 -0.0014002845188719412
-0.0024158817287090284 0.0057802219096456135 0.0057802219096456135 -0.0017859585067423547
-0.0028779146876227006 0.006390828658468446 0.006390828658468446 -0.0017853069882829728
-0.002412610058137036 0.0055170418990655775 0.0055170418990655775 -0.00041183336271804474
-0.0028742840335194983 0.00612720029845983 0.00612720029845983 -0.00041093992534338154
-0.003333755328301408 0.005174933695756084 0.005174933695756084 2.6372307499545884e-05
-0.004190517407605455 0.00552529764960899 0.00552529764960899 2.678167496325876e-05
-0.0033294342845642867 0.004692297586853235 0.004692297586853235 0.0008154855103348673
-0.0041857948798944755 0.0050423650001374136 0.0050423650001374136 0.0008161004198409203
-0.0034772266346845375 0.0005900354733275692 0.0005900354733275692 0.0024924367069032393
-0.0008707684377727237 -0.00023015427418947673 -0.00023015427418947673 0.002482416268797082
-0.0035014039600782527 0.0020618469973754353 0.0020618469973754353 0.0006267073755153741
-0.0008921252780157845 0.0012391062589167424 0.0012391062589167424 0.0006185783324948736
-5.177051922692634e-05 0.004412459076684645 0.004412459076684645 -0.003450752854267003
-0.00019322246217713923 0.0046825906818618096 0.0046825906818618096 -0.0034525180421234782
-5.174150215723057e-05 0.00433264539045892 0.00433264539045892 -0.0028431018041910052
-0.00019311415570207356 0.004602693030259225 0.004602693030259225 -0.0028448619756046706
-0.00034498802379520177 0.0037185782705475767 0.0037185782705475767 -0.003244137756884774
-0.0006220114748854938 0.004037424793637524 0.004037424793637524 -0.0032456324925334104
-0.00034472201635646544 0.0035622570487274605 0.0035622570487274605 -0.0025269728460930595
-0.000621595562671565 0.003880973280848455 0.003880973280848455 -0.00252842435912348
-0.0008115834104449147 0.00347909664033204 0.00347909664033204 -0.002926796550641435
-0.00105807550006626 0.003814299567611168 0.003814299567611168 -0.002927938111470232
-0.0008111892363202554 0.003339864583013204 0.003339864583013204 -0.0021724335374703396
-0.001057557752832318 0.003674929962369856 0.003674929962369856 -0.002173518359021263
-0.0012342623195257141 0.0034841220486987443 0.0034841220486987443 -0.002565533892084265
-0.0014750762261613755 0.003828473496980711 0.003828473496980711 -0.0025663857831170135
-0.0012337442705752423 0.003347950222937111 0.003347950222937111 -0.0017905557410191602
-0.0014744459684321422 0.003692158351556599 0.003692158351556599 -0.001791339645586174
-0.0016652493286220666 0.0035835876579061654 0.0035835876579061654 -0.0020819673368270026
-0.0019503772745528812 0.003927248618229451 0.003927248618229451 -0.0020825187877430273
-0.0016644089779629138 0.0034223706671611402 0.0034223706671611402 -0.001308751830053652
-0.0019494015604818562 0.003765882878648781 0.003765882878648781 -0.0013092260357266353
-0.0021607369432852844 0.0035759661064954235 0.0035759661064954235 -0.001445574197626074
-0.0024604061681959303 0.003893662213455254 0.003893662213455254 -0.001445781848353588
-0.0021596963630406375 0.003406579220420872 0.003406579220420872 -0.0007308773448784184
-0.0024592359455003977 0.0037241434986204393 0.0037241434986204393 -0.0007310089174185957
-0.002661629704920503 0.0033554380871230424 0.0033554380871230424 -0.0006840842837858531
-0.0029269134977816286 0.0036225302585152167 0.0036225302585152167 -0.0006839900203271064
-0.0026606337127945577 0.0032055190826242854 0.0032055190826242854 -8.325928333647955e-05
-0.002925825175919114 0.003472517539815712 0.003472517539815712 -8.310610679530518e-05
-0.003093229706662379 0.002788218424054242 0.002788218424054242 0.000217779169922152
-0.003304964799074222 0.002949459264787646 0.002949459264787646 0.00021796449197687608
-0.003092552039097715 0.002668815538424293 0.002668815538424293 0.0005806357527467665
-0.0033042448871638598 0.0028300197517508304 0.0028300197517508304 0.0005808476180859496
-0.003162104826216729 0.0012746906908800977 0.0012746906908800977 0.0010223628530961933
-0.002600454420349578 0.0011993169786962466 0.0011993169786962466 0.0010217656924925319
-0.0031653890052408128 0.001590632860995874 0.001590632860995874 0.000850985439755182
-0.0026036956869449138 0.0015151688281894303 0.0015151688281894303 0.0008504397110907295
-0.0016695357885471134 -0.0005985530482701903 -0.0005985530482701903 -1.4098020992023874e-05
0.0002729077994986017 -0.0004995309883073951 -0.0004995309883073951 -1.3453520156080719e-05
-0.001678894251922955 0.00049412966618695 0.00049412966618695 0.0001985846736701714
0.0002633153019195582 0.0005921284807280995 0.0005921284807280995 0.0001990895251749686
-0.0001383858334858256 0.004203181491398202 0.004203181491398202 -0.00244882607328986
-0.0005165562055756518 0.004412347771654092 0.004412347771654092 -0.002450043019337731
-0.0001383408188098569 0.003990173232852327 0.003990173232852327 -0.0019797214131031583
-0.0005163881362041749 0.004199253912861475 0.004199253912861475 -0.0019808894455232828
-0.0007729442684959913 0.003299468796981313 0.003299468796981313 -0.0020757338041850395
-0.0010985111300577883 0.0035280762871181142 0.0035280762871181142 -0.0020766689127468463
-0.0007727233538421032 0.003116090465343747 0.003116090465343747 -0.00156221410098829
-0.001098174546166387 0.003344613121494374 0.003344613121494374 -0.0015631027794770372
-0.0013072579664471806 0.0029367621880726164 0.0029367621880726164 -0.0017079382505049117
-0.0015558678581691597 0.003164218654637961 0.003164218654637961 -0.001708598078046614
-0.0013069694322744418 0.002796673591936777 0.002796673591936777 -0.0011965606289058369
-0.0015554974034430848 0.003024057717427007 0.003024057717427007 -0.0011971793392143012
-0.0017309775606114772 0.002757684403951685 0.002757684403951685 -0.0013220953134462608
-0.001964986641937219 0.0029805887175969035 0.0029805887175969035 -0.0013225449858812377
-0.0017305982279150454 0.002625780895805713 0.002625780895805713 -0.0008208901282920078
-0.0019645347026955727 0.002848617094658383 0.002848617094658383 -0.0008212992047245916
-0.0021321395303845114 0.00260708651147917 0.00260708651147917 -0.000858048681725702
-0.002359779132707265 0.0028094560536380112 0.0028094560536380112 -0.0008582735268021051
-0.002131670464301493 0.0024787820949005203 0.0024787820949005203 -0.0004030108552191868
-0.002359245634161262 0.002681093925280463 0.002681093925280463 -0.0004032004927043681
-0.0025080178956330365 0.0023496505214717594 0.0023496505214717594 -0.0003313320270710072
-0.002692290236616189 0.002516744369637684 0.002516744369637684 -0.0003313693068869313
-0.0025075930013547724 0.002245780694064965 0.002245780694064965 4.443953833393605e-05
-0.002691823498841562 0.0024128359117202604 0.0024128359117202604 4.442649576794342e-05
-0.002794477197685838 0.0019103220991679984 0.0019103220991679984 0.00022781568737890157
-0.002898855798126478 0.002022395726459286 0.002022395726459286 0.00022788278836781013
-0.002794240431143894 0.001851471604571212 0.001851471604571212 0.000479919044020411
-0.002898603734591714 0.001963529460109768 0.001963529460109768 0.0004799954049416104
-0.0028802107979668213 0.0011750662042466315 0.0011750662042466315 0.0007311912361466568
-0.0027377878993918078 0.0012013837061025118 0.0012013837061025118 0.0007311662403786368
-0.002880732083493288 0.0012550695832539206 0.0012550695832539206 0.0007902199338636186
-0.0027383197620645745 0.0012813812769674666 0.0012813812769674666 0.0007901973416823925
-0.002445530173611526 0.00019591840169232353 0.00019591840169232353 0.000764665675279191
-0.0018038339347124335 0.00017729081216603338 0.00017729081216603338 0.0007644706109681978
-0.0024475678378399167 0.0005566735392015287 0.0005566735392015287 0.0007211097607762669
-0.0018058723966538396 0.0005379346515837209 0.0005379346515837209 0.0007209438916035162
-0.001137074693585917 -0.0004711422384441587 -0.0004711422384441587 0.00025202632176936146
3.442323235538727e-05 -0.0004869542963204557 -0.0004869542963204557 0.00025197460037024275
-0.0011405063484454796 0.0001880454052982171 0.0001880454052982171 0.00021257439464016526
3.102943154917364e-05 0.0001718639346198808 0.0001718639346198808 0.00021253262879720937
-0.00018549929660878245 0.0037874959893789426 0.0037874959893789426 -0.0016821053019911525
-0.0006924610563109825 0.0039411578441736345 0.0039411578441736345 -0.0016828662228160955
-0.00018545616523134596 0.003502130003113927 0.003502130003113927 -0.0013384113684443567
-0.0006922999925647882 0.0036556971584757706 0.0036556971584757706 -0.001339121632862076
-0.0009982961723468888 0.0028588534299812175 0.0028588534299812175 -0.001244487160081832
-0.0013291368732993069 0.0030161829464595722 0.0030161829464595722 -0.0012450359350928734
-0.000998137502575163 0.00267267822579963 0.00267267822579963 -0.0008914376111136429
-0.001328899913522046 0.002829951626455096 0.002829951626455096 -0.0008919516085004084
-0.001537808447817514 0.0024486003258581907 0.0024486003258581907 -0.0008842135151455803
-0.0017794960694281446 0.0025998553894399914 0.0025998553894399914 -0.0008845762687973646
-0.0015376095149225062 0.0023125888805672445 0.0023125888805672445 -0.0005443959582651278
-0.0017792440571262635 0.002463803670402115 0.002463803670402115 -0.000544732492656624
-0.0019392606957213425 0.002154640126864956 0.002154640126864956 -0.0005235083356236466
-0.0021369099670746072 0.0022921309892634683 0.0022921309892634683 -0.0005237136954737367
-0.0019390361748531039 0.0020434064501427323 0.0020434064501427323 -0.00021448910693576295
-0.0021366462152500897 0.0021808666284074403 0.0021808666284074403 -0.00021467488792317868
-0.002265930029137941 0.0018689117508186802 0.0018689117508186802 -0.00014068149337341187
-0.002424150289452759 0.0019845529515456445 0.0019845529515456445 -0.00014076137832958662
-0.002265707105487221 0.0017798683778156995 0.0017798683778156995 0.00011929938737689587
-0.0024239006627326193 0.001895488687828597 0.001895488687828597 0.000119232261076281
-0.002518360408047215 0.0015081225687828951 0.0015081225687828951 0.0002525559430652469
-0.0026218406517228747 0.0015937732447226871 0.0015937732447226871 0.0002525605113599805
-0.0025181874358672254 0.0014498872616189645 0.0014498872616189645 0.0004451751309245281
-0.0026216539993199604 0.0015355274147852837 0.0015355274147852837 0.0004451850590261693
-0.0026501972302752437 0.0010209660881362497 0.0010209660881362497 0.0006099447005303708
-0.002629683331663275 0.001067861249130993 0.001067861249130993 0.0006099724597987326
-0.0026502441602090387 0.001032444537975715 0.001032444537975715 0.0007154231403867934
-0.0026297322132091483 0.001079337389500275 0.001079337389500275 0.0007154507266167956
-0.0025285963303385782 0.00042458977281358375 0.00042458977281358375 0.0008107730876950035
-0.0022790424575275105 0.00042598780160240946 0.00042598780160240946 0.0008107307497787193
-0.00252910276016901 0.0005648289190213954 0.0005648289190213954 0.0008136457327129137
-0.0022795548470649673 0.0005662102323481615 0.0005662102323481615 0.0008136088683778905
-0.0019867808279308745 -0.00014547156039214067 -0.00014547156039214067 0.0006836453656739855
-0.0014429492939860668 -0.00016717803335492186 -0.00016717803335492186 0.000683538389437386
-0.0019878247213236445 0.00016030444024227086 0.00016030444024227086 0.000633797200578174
-0.0014439849989773428 0.00013851784967301974 0.00013851784967301974 0.0006337087068861655
-0.0009704759546302229 -0.00035566411370713014 -0.00035566411370713014 0.00020695600808039283
-0.00022498087920851324 -0.00033979304592939887 -0.00033979304592939887 0.00020701539203779823
-0.0009718294853853814 6.372454051300564e-05 6.372454051300564e-05 0.00024110939560247925
-0.00022634485629822044 7.944592960198138e-05 7.944592960198138e-05 0.00024115586638015832
-0.0002037738442467377 0.0032668992233361735 0.0032668992233361735 -0.00112307696886819
-0.0007606974833500909 0.0033764446543702946 0.0033764446543702946 -0.0011235461626918578
-0.0002037406086702706 0.0029535278579291752 0.0029535278579291752 -0.000878635803738658
-0.0007605733661331947 0.0030629767383848973 0.0030629767383848973 -0.0008790642464094346
-0.001079365552673339 0.0024425993371436166 0.0024425993371436166 -0.0006798465659092886
-0.0013943192680346463 0.0025425601300135495 0.0025425601300135495 -0.0006801091542293795
-0.0010792644711771103 0.002265450247632637 0.002265450247632637 -0.00045572349312934405
-0.001394169898916968 0.002365373590151602 0.002365373590151602 -0.0004559661901552143
-0.0015923948575851346 0.0020188050730245276 0.0020188050730245276 -0.0003442720956101375
-0.0018200217508621626 0.0021103295952303756 0.0021103295952303756 -0.0003444269711922339
-0.001592265526713765 0.0018908001803325948 0.0018908001803325948 -0.0001387806243392941
-0.0018198597707322945 0.00198230184569531 0.00198230184569531 -0.00013892304941289448
-0.001963992418610688 0.00166894547620153 0.00166894547620153 -3.425877619451567e-05
-0.0021314619658259664 0.0017499078424894979 0.0017499078424894979 -3.434128939936312e-05
-0.0019638612369441747 0.0015747755239948797 0.0015747755239948797 0.00014766053895776842
-0.0021313096186163743 0.001655723417368223 0.001655723417368223 0.00014758616517441162
-0.002235520556760597 0.0013285569162109565 0.0013285569162109565 0.00026971359918891906
-0.0023544383939417806 0.0013952939235330692 0.0013952939235330692 0.0002696868214449443
-0.0022354004677512802 0.0012616962642432099 0.0012616962642432099 0.0004197379251630256
-0.002354305375166767 0.0013284248034213363 0.0013284248034213363 0.000419715376566825
-0.002411599719371401 0.0009446905742711357 0.0009446905742711357 0.0005529266687068085
-0.0024514191834976353 0.0009899688542353354 0.0009899688542353354 0.0005529346646579645
-0.0024115498515865147 0.0009222925109574256 0.0009222925109574256 0.0006547627205798023
-0.0024513660285392634 0.0009675682566038989 0.0009675682566038989 0.0006547713410192358
-0.002432616364776866 0.0005121155747497395 0.0005121155747497395 0.0007651233499552127
-0.0023443017233117838 0.0005262360415190524 0.0005262360415190524 0.0007651242828945584
-0.0024327220466274463 0.0005617347269494361 0.0005617347269494361 0.0007968752251509473
-0.0023444104777551092 0.0005758529444186677 0.0005758529444186677 0.0007968765864922809
-0.002218807135536097 7.628912115316519e-05 7.628912115316519e-05 0.0008049421852580308
-0.001966917454931597 6.58555066735352e-05 6.58555066735352e-05 0.0008048999897048062
-0.00221911361173771 0.00021786858675599651 0.00021786858675599651 0.0007812666445313546
-0.001967224680072016 0.00020741780220033605 0.00020741780220033605 0.000781231096886785
-0.001723884846989249 -0.00024588794123779693 -0.00024588794123779693 0.0006077758225619499
-0.001313569258231583 -0.00025329492481386215 -0.00025329492481386215 0.0006077447796732556
-0.0017243663219229989 -1.5186542410643198e-05 -1.5186542410643198e-05 0.0005905739862518725
-0.0013140495506839892 -2.2638846364009153e-05 -2.2638846364009153e-05 0.0005905488173459952
-0.0009826128209760308 -0.00026424796674492164 -0.00026424796674492164 0.0002644098081317801
-0.0004888131579683774 -0.0002490593014417515 -0.0002490593014417515 0.0002644485691796966
-0.0009831740825706188 1.3509742036763732e-05 1.3509742036763732e-05 0.00029792489952538823
-0.0004893811818745432 2.8632686329948277e-05 2.8632686329948277e-05 0.00029795485736916136
-0.00019625947395893458 0.002712676531182202 0.002712676531182202 -0.0007349742562067607
-0.0007326388687274736 0.0027791209879393865 0.0027791209879393865 -0.0007351559965702065
-0.0001962379682222818 0.002410930355218182 0.002410930355218182 -0.0005871249827394492
-0.0007325585586958631 0.0024772924778568113 0.0024772924778568113 -0.0005872887346415758
-0.0010411013318238915 0.0020485012227124022 0.0020485012227124022 -0.0003241934378925618
-0.0013480481886586544 0.002108501487973534 0.002108501487973534 -0.0003243028080260608
-0.0010410353594377047 0.0018758996531691911 0.0018758996531691911 -0.00018985137979848644
-0.0013479520830762077 0.0019358706812281047 0.0019358706812281047 -0.00018995109883683853
-0.0015383158721174292 0.0016428026229601655 0.0016428026229601655 -1.89893100577376e-05
-0.001751981394776575 0.0016966185376043454 0.0016966185376043454 -1.9049376192688166e-05
-0.0015382353624100568 0.0015226869885971732 0.0015226869885971732 0.00010175425259972292
-0.0017518814458894788 0.0015764875535581294 0.0015764875535581294 0.00010169961608597013
-0.0018864931926919598 0.0012881339557006587 0.0012881339557006587 0.000254758606484244
-0.002041333265522284 0.001337013748354694 0.001337013748354694 0.0002547229920690623
-0.0018864099043129597 0.0012011065596416906 0.0012011065596416906 0.00036454448913037554
-0.0020412372020611634 0.001249977388258452 0.001249977388258452 0.0003645124940770472
-0.002128897357657491 0.0009442403585675785 0.0009442403585675785 0.000504274413518419
-0.002214505977699089 0.0009800256768263502 0.0009800256768263502 0.0005042678526590921
-0.002128838580407723 0.0008961310765757714 0.0008961310765757714 0.0005847216853994676
-0.0022144416166500424 0.0009319131081220971 0.0009319131081220971 0.0005847161952219137
-0.0022456587666473196 0.0005859111538456547 0.0005859111538456547 0.0007058065992664592
-0.002246545868421523 0.0006026695271256602 0.0006026695271256602 0.0007058117815251315
-0.0022456529858478408 0.0005854155484941836 0.0005854155484941836 0.0007435248024758225
-0.0022465398160745266 0.0006021736744141084 0.0006021736744141084 0.0007435297870011902
-0.0022079340469073963 0.0002288235322038373 0.0002288235322038373 0.0008068046338092795
-0.0021029251404428785 0.00022713235735807792 0.00022713235735807792 0.0008067959767888957
-0.0022080082904150588 0.00028783954855903226 0.00028783954855903226 0.0008030035178829215
-0.0021030006813919735 0.0002861454423164903 0.0002861454423164903 0.0008029966022391575
-0.0019875360827854164 -8.094793445850782e-05 -8.094793445850782e-05 0.0007646870625317988
-0.0017784185721625852 -8.984419632116534e-05 -8.984419632116534e-05 0.0007646641871221735
-0.0019876857153516745 3.659980604117611e-05 3.659980604117611e-05 0.0007445543067015022
-0.0017785682182481395 2.769172775926442e-05 2.769172775926442e-05 0.0007445355999283267
-0.0015913154294823427 -0.0002581860594600645 -0.0002581860594600645 0.0005820404011892365
-0.0012898822710184325 -0.0002599842209391757 -0.0002599842209391757 0.000582032289854189
-0.0015915287317659834 -8.870536599364591e-05 -8.870536599364591e-05 0.0005777246147517329
-0.0012900958738556486 -9.052792551952027e-05 -9.052792551952027e-05 0.0005777181650917867
-0.0010576861216458479 -0.0001976344875731061 -0.0001976344875731061 0.0003228028630173008
-0.000724581689052915 -0.00018146332878272173 -0.00018146332878272173 0.00032282819370818675
-0.001057919040274526 -1.0289668108548963e-05 -1.0289668108548963e-05 0.0003589054765607586
-0.0007248198599827967 5.851467159520962e-06 5.851467159520962e-06 0.000358924628635529
-0.0001773705898268359 0.002191616811915983 0.002191616811915983 -0.0004992336687431476
-0.0006621100994560669 0.002233135669518225 0.002233135669518225 -0.0004993102408923796
-0.0001773578503101595 0.0019189522530072966 0.0019189522530072966 -0.000407028220963879
-0.0006620625288835886 0.001960405863541514 0.001960405863541514 -0.00040709634149436243
-0.0009460792752765587 0.0016997600766624319 0.0016997600766624319 -0.0001141345962901454
-0.0012373928915286206 0.0017320648611347275 0.0017320648611347275 -0.0001141587211309829
-0.0009460382013814125 0.0015359661982925564 0.0015359661982925564 -4.195704659437325e-05
-0.0012373339797527095 0.0015682469986164492 0.0015682469986164492 -4.197872832401079e-05
-0.0014214428143345557 0.0013356455291716985 0.0013356455291716985 0.00017064207322427103
-0.0016333744517484615 0.001365545101854564 0.001365545101854564 0.00017062464276734244
-0.001421390292368208 0.0012165247931721994 0.0012165247931721994 0.00023763138649503506
-0.001633309989531314 0.0012464113300976762 0.0012464113300976762 0.00023761573498918423
-0.001760896187071231 0.0009992919154673372 0.0009992919154673372 0.00042321239120827575
-0.0018979094122900794 0.0010216055453426771 0.0010216055453426771 0.0004232122231958219
-0.0017608490488213154 0.0009222993863234865 0.0009222993863234865 0.00047330341454741956
-0.0018978558151205446 0.00094460747021288 0.00094460747021288 0.00047330342194403934
-0.0019720489608965695 0.0006783958470600001 0.0006783958470600001 0.000624542612872114
-0.0020382217550849275 0.0006908920975176194 0.0006908920975176194 0.000624549498016036
-0.0019720195490624337 0.0006412204033167453 0.0006412204033167453 0.0006526485234368003
-0.002038190023704711 0.000653715350792099 0.000653715350792099 0.0006526549202359067
-0.002057020735774142 0.000363984786960783 0.000363984786960783 0.0007578777015004518
-0.002042884250323475 0.00036465794414081225 0.00036465794414081225 0.0007578813374442541
-0.0020570229731229728 0.0003719372684870506 0.0003719372684870506 0.0007594337268027164
-0.0020428865773820483 0.00037261041055431315 0.00037261041055431315 0.0007594374668278255
-0.002005251861471903 7.958642385790082e-05 7.958642385790082e-05 0.0007958381486044378
-0.0019171898942189566 7.275109380188172e-05 7.275109380188172e-05 0.0007958304998789301
-0.0020052859810781925 0.00012908780126997664 0.00012908780126997664 0.0007804778843069316
-0.0019172243804198576 0.0001222503701450586 0.0001222503701450586 0.0007804719562310045
-0.0018259525158511166 -0.0001415527823972607 -0.0001415527823972607 0.0007312195758394074
-0.0016652226706293225 -0.00014846810024781316 -0.00014846810024781316 0.0007312077600892819
-0.0018260183328607158 -5.119744239158308e-05 -5.119744239158308e-05 0.0007156039451938308
-0.0016652884246570825 -5.811972339081177e-05 -5.811972339081177e-05 0.0007155945409028689
-0.0015280596694777695 -0.00023312340187071602 -0.00023312340187071602 0.0005767516965143489
-0.0013142594410672699 -0.00023199003939776061 -0.00023199003939776061 0.0005767505566473362
-0.0015281476509664711 -0.00011291452513339124 -0.00011291452513339124 0.0005791758878702553
-0.0013143481447623587 -0.00011179340867584485 -0.00011179340867584485 0.0005791750280599916
-0.0011563361697737593 -0.000143378447429642 -0.000143378447429642 0.0003849654052472875
-0.0009385392653129314 -0.00012744360048583654 -0.00012744360048583654 0.0003849809739390109
-0.0011564266647115632 -2.0895494959757278e-05 -2.0895494959757278e-05 0.00042070055057732037
-0.0009386329081964421 -4.973581307134964e-06 -4.973581307134964e-06 0.0004207118391056585
-0.00015345310769453353 0.0017261468697426382 0.0017261468697426382 -0.0003544714924724293
-0.0005728101473003703 0.001749327966959388 0.001749327966959388 -0.00035448546208853235
-0.00015344600413374468 0.0014902722452496127 0.0014902722452496127 -0.00030313600003680505
-0.0005727836241110907 0.001513405297564002 0.001513405297564002 -0.0003031485154119592
-0.000828651743501679 0.0013812099614303808 0.0013812099614303808 -1.8704412954022664e-06
-0.0011083459501664812 0.0013978933625622225 0.0013978933625622225 -1.8689788013220808e-06
-0.0008286260888659395 0.001223955276123502 0.001223955276123502 3.5265367687109114e-05
-0.0011083100445462939 0.0012406172839191565 0.0012406172839191565 3.526662116811365e-05
-0.0012837859652663798 0.001066461255541095 0.001066461255541095 0.0002713240372099
-0.00148360147971622 0.0010775835253960843 0.0010775835253960843 0.00027133809928043135
-0.001283755205167469 0.0009541547977166954 0.0009541547977166954 0.000296147993247506
-0.0014835643796162219 0.0009652661953368419 0.0009652661953368419 0.00029616054107204596
-0.0016023544595860507 0.0007714616971020741 0.0007714616971020741 0.0004964900092043214
-0.001727241695232011 0.0007772762331330159 0.0007772762331330159 0.0004965046128636028
-0.001602328258742353 0.0007012843586269124 0.0007012843586269124 0.0005095125513326555
-0.0017272124123992238 0.000707094686186411 0.000707094686186411 0.0005095256619500662
-0.001794510089481646 0.0004910484807453177 0.0004910484807453177 0.0006621628309328095
-0.0018537065106078213 0.0004900422670344768 0.0004900422670344768 0.0006621743416241914
-0.0017944941683111452 0.0004577957972484436 0.0004577957972484436 0.0006599170083547769
-0.0018536896773832185 0.00045678867233430104 0.00045678867233430104 0.0006599275197102623
-0.001873668836814031 0.00023076509629931302 0.00023076509629931302 0.000755645019674095
-0.0018693155886849392 0.0002254659738640426 0.0002254659738640426 0.0007556474808454379
-0.0018736671555080382 0.00023322572310545587 0.00023322572310545587 0.0007437613174969
-0.0018693139645960771 0.00022792659513197033 0.00022792659513197033 0.0007437639284381332
-0.001844085240004453 7.14186616592852e-06 7.14186616592852e-06 0.000768759879812286
-0.0017797784320643653 -1.8819427194769797e-07 -1.8819427194769797e-07 0.0007687551640317863
-0.0018440988065999064 4.329771425704483e-05 4.329771425704483e-05 0.0007522872560317663
-0.0017797921099576915 3.596651652132735e-05 3.596651652132735e-05 0.0007522837141913439
-0.0017138560084874735 -0.00014779088015287164 -0.00014779088015287164 0.0007052222503657738
-0.0015982474838632077 -0.00015332532255424606 -0.00015332532255424606 0.000705216026747006
-0.0017138824406627623 -8.27956967103265e-05 -8.27956967103265e-05 0.0006927501846341797
-0.0015982738994731725 -8.833372545548375e-05 -8.833372545548375e-05 0.0006927453701886793
-0.0015034618796048995 -0.0001905008819575021 -0.0001905008819575021 0.0005819601127666838
-0.00136017558873178 -0.00018804564995192056 -0.00018804564995192056 0.0005819607240615365
-0.0015034951134899523 -0.00010993582611642128 -0.00010993582611642128 0.0005874309557021782
-0.0013602094100943164 -0.00010748607093969458 -0.00010748607093969458 0.0005874314274811212
-0.0012575331584374887 -9.765494169090303e-05 -9.765494169090303e-05 0.0004454814670843412
-0.0011203109597979878 -8.332960398468438e-05 -8.332960398468438e-05 0.00044548931371771655
-0.0012575664626369933 -2.0489325908503184e-05 -2.0489325908503184e-05 0.00047766270569569807
-0.0011203459773968115 -6.169209852830528e-06 -6.169209852830528e-06 0.0004776680574264945
-0.00013133602385988693 0.0013261572194693241 0.0013261572194693241 -0.0002742715321978541
-0.0004902372365933037 0.0013386214990233644 0.0013386214990233644 -0.0002742658494492993
-0.00013133213851149658 0.0011242913530363342 0.0011242913530363342 -0.0002467646859731114
-0.0004902227307692766 0.0011367206853860265 0.0011367206853860265 -0.000246760038663314
-0.0007179197667662714 0.0010895283416409714 0.0010895283416409714 5.279882786944532e-05
-0.0009810788019985253 0.0010944059014972509 0.0010944059014972509 5.2820272589924726e-05
-0.0007179042869945757 0.0009415706098759971 0.0009415706098759971 6.347709627528764e-05
-0.0009810576056484756 0.00094642946545608 0.00094642946545608 6.349557320979189e-05
-0.0011449805132311875 0.000832989771374246 0.000832989771374246 0.0003069674788779363
-0.001329693317203796 0.0008350975959713487 0.0008350975959713487 0.00030698544665143916
-0.0011449628904786635 0.0007291669951586803 0.0007291669951586803 0.00031157356804898615
-0.00132967253107074 0.0007312656280970575 0.0007312656280970575 0.0003115892055655853
-0.0014422087615382929 0.0005931518833507999 0.0005931518833507999 0.000512617474186451
-0.0015650137199566558 0.0005911075242736775 0.0005911075242736775 0.0005126326793685666
-0.001442193394164566 0.0005241444433643303 0.0005241444433643303 0.0005079774865210525
-0.0015649969789602322 0.0005220960351686729 0.0005220960351686729 0.000507990803911307
-0.0016324948076430242 0.00036356671433642764 0.00036356671433642764 0.0006549372061640411
-0.0016941880218574337 0.0003584911791208724 0.0003584911791208724 0.0006549454750196611
-0.0016324855529950104 0.0003289102692271045 0.0003289102692271045 0.0006435315629938172
-0.0016941785235831904 0.00032383370259928023 0.00032383370259928023 0.0006435389468818554
-0.0017199436470882957 0.00015625373150225446 0.00015625373150225446 0.0007324409417701216
-0.0017287503361052522 0.0001477804486424618 0.0001477804486424618 0.0007324432042391611
-0.001719941563760552 0.00015132132130311112 0.00015132132130311112 0.0007134138779573699
-0.0017287484296829247 0.00014284796901508913 0.00014284796901508913 0.0007134161988182658
-0.001717556823187871 -1.6128947896087094e-05 -1.6128947896087094e-05 0.0007394023668733296
-0.0016782810305948494 -2.4435700934994937e-05 -2.4435700934994937e-05 0.0007393994643577445
-0.001717561890074579 5.961859183869661e-06 5.961859183869661e-06 0.0007207390776354566
-0.001678286221250193 -2.3453472423789264e-06 -2.3453472423789264e-06 0.0007207370406190777
-0.0016359052727577669 -0.00012495154956330742 -0.00012495154956330742 0.0006844909057378001
-0.0015594795743826386 -0.00012939550392926778 -0.00012939550392926778 0.0006844877598076383
-0.0016359155097975043 -8.19796650956728e-05 -8.19796650956728e-05 0.0006744915653738347
-0.0015594898524532246 -8.642516885810027e-05 -8.642516885810027e-05 0.0006744892153573343
-0.0014987523310634825 -0.0001421115085661718 -0.0001421115085661718 0.0005916437298838348
-0.001409288698497804 -0.00013937925915591425 -0.00013937925915591425 0.000591644366295331
-0.0014987649450104734 -9.180535624054267e-05 -9.180535624054267e-05 0.0005977708967368549
-0.0014093016664720802 -8.907521150525574e-05 -8.907521150525574e-05 0.0005977713702936819
-0.0013487530984083425 -5.7213884164084255e-05 -5.7213884164084255e-05 0.0004991441181352771
-0.0012727848608572105 -4.539797896806235e-05 -4.539797896806235e-05 0.0004991472685545428
-0.0013487646990062562 -1.4491709961402934e-05 -1.4491709961402934e-05 0.0005257067619202123
-0.001272797157136124 -2.677464195945952e-06 -2.677464195945952e-06 0.0005257086825343763
-0.00011360818424195813 0.0009843117387892068 0.0009843117387892068 -0.00023150964733012925
-0.00042405477284335256 0.0009907599205091456 0.0009907599205091456 -0.00023149792077770882
-0.00011360582861949323 0.000809701097738739 0.000809701097738739 -0.00021734684957037728
-0.00042404597873129995 0.0008161232090321024 0.0008161232090321024 -0.0002173372769290377
-0.0006254980707254183 0.000826287297051247 0.000826287297051247 6.806376564565273e-05
-0.0008654056019200212 0.0008271855275436786 0.0008271855275436786 6.8081152946e-05
-0.0006254882502692728 0.0006913985923825632 0.0006913985923825632 6.988436114142869e-05
-0.0008653924521184858 0.0006922812975380913 0.0006922812975380913 6.989885555314854e-05
-0.0010183385920119348 0.0006359182909179465 0.0006359182909179465 0.00031156763417948324
-0.0011962869386052113 0.0006338953695081892 0.0006338953695081892 0.00031158280611223564
-0.0010183272500237793 0.000535894719626236 0.000535894719626236 0.0003069186276043542
-0.0011962739302106861 0.0005338632642462866 0.0005338632642462866 0.0003069313498044033
-0.0013056886035427448 0.000448609221567318 0.000448609221567318 0.0005019959274800119
-0.001426686244192012 0.0004434117646841616 0.0004434117646841616 0.0005020080886586895
-0.001305679140344176 0.0003806146971829889 0.0003806146971829889 0.0004902760929459725
-0.0014266762298629915 0.00037541328027799895 0.00037541328027799895 0.0004902863671762761
-0.0014960848756003693 0.00027161190457284767 0.00027161190457284767 0.000633325484365194
-0.0015647505409665 0.0002642800030549134 0.0002642800030549134 0.0006333322882069337
-0.0014960790498201643 0.00023303689985715764 0.00023303689985715764 0.0006168436774824018
-0.0015647448008919655 0.00022570369166335233 0.00022570369166335233 0.0006168495143700707
-0.0015975939424953305 0.0001117586490600096 0.0001117586490600096 0.0006997975104571789
-0.0016187193660400295 0.00010367342628430372 0.00010367342628430372 0.0006997991730473431
-0.0015975924924488145 9.990312696906946e-05 9.990312696906946e-05 0.0006816344207834779
-0.0016187181747371604 9.181774109597515e-05 9.181774109597515e-05 0.000681636006658336
-0.0016200136815414888 -1.482711615720143e-05 -1.482711615720143e-05 0.0007079450282617195
-0.0016024726391342852 -2.2069125631368506e-05 -2.2069125631368506e-05 0.0007079436592279208
-0.0016200160607867406 -4.950976549451375e-06 -4.950976549451375e-06 0.000691674416970392
-0.0016024751905030258 -1.219308983600652e-05 -1.219308983600652e-05 0.0006916735215195868
-0.0015802136427483199 -8.806265463294423e-05 -8.806265463294423e-05 0.0006678811297991727
-0.0015369707405372265 -9.163944944647126e-05 -9.163944944647126e-05 0.000667879557927262
-0.0015802183883918853 -6.374081768554621e-05 -6.374081768554621e-05 0.000659840927121802
-0.0015369755745306866 -6.73180916388225e-05 -6.73180916388225e-05 0.0006598397975256993
-0.001503353937114357 -9.294889578645522e-05 -9.294889578645522e-05 0.0006021794913849392
-0.0014547606872431721 -9.030838346036127e-05 -9.030838346036127e-05 0.000602179839050507
-0.0015033597590034253 -6.561819079115082e-05 -6.561819079115082e-05 0.0006081127661109664
-0.0014547666545119923 -6.297826625255615e-05 -6.297826625255615e-05 0.0006081129966728051
-0.0014250346292287786 -2.258617404005454e-05 -2.258617404005454e-05 0.0005434121145179201
-0.001392390284444936 -1.288229431579079e-05 -1.288229431579079e-05 0.0005434130419755768
-0.0014250393009031016 -4.222264646349629e-06 -4.222264646349629e-06 0.000565230422946035
-0.0013923950929447017 5.481263117348622e-06 5.481263117348622e-06 0.0005652308054645348
-9.916931208652065e-05 0.0006894070515102932 0.0006894070515102932 -0.00020830411170268896
-0.0003701531169246803 0.0006941859039908955 0.0006941859039908955 -0.00020829611752714715
-9.916763297759945e-05 0.0005369934801274283 0.0005369934801274283 -0.00019776148393831238
-0.0003701468486977533 0.0005417524890831007 0.0005417524890831007 -0.00019775529929750898
-0.0005521035374593311 0.0005924142961279587 0.0005924142961279587 7.061921150036175e-05
-0.0007782156106345096 0.0005925579855422447 0.0005925579855422447 7.063053593365433e-05
-0.0005520960492665034 0.0004652803215265084 0.0004652803215265084 7.080868462956077e-05
-0.0007782056244877452 0.0004654102237040415 0.0004654102237040415 7.081754702092062e-05
-0.0009239693446331231 0.0004598194900927753 0.0004598194900927753 0.0003035347290885407
-0.001096079043707487 0.00045780915020468614 0.00045780915020468614 0.0003035445384145142
-0.0009239604683519817 0.0003630752682903538 0.0003630752682903538 0.00029894638610922816
-0.0010960688038135426 0.00036105694729716617 0.00036105694729716617 0.0002989540799844578
-0.001202799857688485 0.0003275247004294751 0.0003275247004294751 0.000482547868932613
-0.001322285723523455 0.0003233632197786633 0.0003233632197786633 0.00048255464139486875
-0.0012027922405785868 0.00026037719867270465 0.00026037719867270465 0.00047316635411002333
-0.0013222777335057838 0.0002562118645351074 0.0002562118645351074 0.00047317169991163244
-0.001393195420868297 0.00020178438663883696 0.00020178438663883696 0.0006055162979238744
-0.0014674737408100283 0.00019535754251109687 0.00019535754251109687 0.0006055204959372521
-0.0013931906541056961 0.0001600542927061758 0.0001600542927061758 0.0005910672145458831
-0.0014674691254260895 0.000153625939464324 0.000153625939464324 0.0005910705664107915
-0.0015063736110725156 8.886430001764543e-05 8.886430001764543e-05 0.0006694467699322038
-0.0015384058707128753 8.213383861126308e-05 8.213383861126308e-05 0.0006694479146248888
-0.0015063721868653229 7.087926576234e-05 7.087926576234e-05 0.0006543246634268819
-0.0015384047176592737 6.414850659158897e-05 6.414850659158897e-05 0.0006543256406289684
-0.0015499881458498452 1.0297196603690423e-06 1.0297196603690423e-06 0.0006809888014948218
-0.0015496255179663155 -4.7201675645390355e-06 -4.7201675645390355e-06 0.0006809882847004321
-0.0015499894691818636 1.2511700720816436e-06 1.2511700720816436e-06 0.0006680708032283398
-0.001549627025938033 -4.4987197411823875e-06 -4.4987197411823875e-06 0.0006680704964487428
-0.0015427506680483884 -4.634774839540738e-05 -4.634774839540738e-05 0.0006547960608726972
-0.0015243460538984935 -4.890432148153717e-05 -4.890432148153717e-05 0.0006547954378188519
-0.0015427536459682231 -3.598591907767017e-05 -3.598591907767017e-05 0.0006490518771182348
-0.0015243491200550331 -3.854255337412118e-05 -3.854255337412118e-05 0.0006490514541401947
-0.0015105201396892174 -4.5865365265838445e-05 -4.5865365265838445e-05 0.0006117089158854672
-0.0014911535350275314 -4.413653608823454e-05 -4.413653608823454e-05 0.0006117089982050256
-0.0015105236043289787 -3.496366207771426e-05 -3.496366207771426e-05 0.0006155970954676926
-0.0014911570326869561 -3.3234897112748645e-05 -3.3234897112748645e-05 0.0006155971492316117
-0.0014835082235180798 6.44013407924706e-06 6.44013407924706e-06 0.0005791876610500226
-0.0014819720165549707 1.3696948093871788e-05 1.3696948093871788e-05 0.0005791876768060469
-0.0014835105838945878 7.316575847228045e-06 7.316575847228045e-06 0.0005955031299042542
-0.001481974257243785 1.4573379525994996e-05 1.4573379525994996e-05 0.0005955030037335885
-9.006039708603312e-05 0.0004308633461915081 0.0004308633461915081 -0.00018932103672984093
-0.00033614973680544456 0.00043647925571457504 0.00043647925571457504 -0.0001893170516231103
-9.005884214093065e-05 0.00029245388629866947 0.00029245388629866947 -0.00017680285243205037
-0.0003361439322404862 0.0002980534404241229 0.0002980534404241229 -0.0001768001811136448
-0.0005058545907332114 0.0003768960201620213 0.0003768960201620213 7.412561907176163e-05
-0.0007234060815093188 0.00038087727083301975 0.00038087727083301975 7.413086776108513e-05
-0.0005058468577005694 0.0002545756368925314 0.0002545756368925314 8.300512816467506e-05
-0.000723394792115661 0.0002585441426858011 0.0002585441426858011 8.30086291433088e-05
-0.0008639863953874442 0.0003024175261235706 0.0003024175261235706 0.0002974171848836158
-0.001030516246364777 0.00030262341202803877 0.00030262341202803877 0.0002974215661857943
-0.0008639760059022312 0.00020880997574782356 0.00020880997574782356 0.0002978415704137379
-0.0010305043351932653 0.00020900840004613465 0.00020900840004613465 0.0002978445126452051
-0.0011354475145721294 0.00022377727681954348 0.00022377727681954348 0.00046770850064028433
-0.0012556150836603983 0.00022133234081332773 0.00022133234081332773 0.0004677114910492006
-0.0011354383549379847 0.00015624667388625994 0.00015624667388625994 0.0004621958819889519
-0.0012556055558833816 0.00015379785362889186 0.00015379785362889186 0.0004621978964640425
-0.001327492349327995 0.0001451569745214119 0.0001451569745214119 0.0005827309793653162
-0.001403721438233928 0.00014146124049836017 0.00014146124049836017 0.0005827325318363237
-0.0013274863574300245 0.00010232937169734599 0.00010232937169734599 0.0005744205650308735
-0.0014037155327819018 9.863207636491235e-05 9.863207636491235e-05 0.0005744216180448946
-0.0014461489105327865 7.679145947052482e-05 7.679145947052482e-05 0.0006451994202410374
-0.0014858574569428936 7.243075444829006e-05 7.243075444829006e-05 0.0006451999497625128
-0.001446146315768863 5.449246859657991e-05 5.449246859657991e-05 0.0006354008390753761
-0.0014858550592933251 5.0131346357101553e-05 5.0131346357101553e-05 0.0006354012124728275
-0.0015046128164857469 2.3647497450333288e-05 2.3647497450333288e-05 0.0006603851171222729
-0.0015161633322599139 2.0051880325617245e-05 2.0051880325617245e-05 0.000660384967429003
-0.0015046129345260733 1.7173568602573875e-05 1.7173568602573875e-05 0.0006523067793951157
-0.0015161635943478776 1.3577932924844086e-05 1.3577932924844086e-05 0.0006523066973258493
-0.001519730854644696 -3.891759728307231e-06 -3.891759728307231e-06 0.0006455182907873217
-0.0015179371562076417 -5.634480816640562e-06 -5.634480816640562e-06 0.0006455180767110363
-0.0015197325108839775 -2.8658598708976367e-06 -2.8658598708976367e-06 0.00064160368815016
-0.0015179388828774158 -4.608550031280864e-06 -4.608550031280864e-06 0.0006416035592190392
-0.0015170945874118272 -2.050837322256714e-06 -2.050837322256714e-06 0.0006179379223772371
-0.0015165866179033267 -9.384037485038514e-07 -9.384037485038514e-07 0.0006179379619316775
-0.0015170964307015102 -1.7494131621157477e-06 -1.7494131621157477e-06 0.000620440533585137
-0.0015165884480238202 -6.369438429399366e-07 -6.369438429399366e-07 0.0006204405581724523
-0.0015227690371705832 3.0855577151462224e-05 3.0855577151462224e-05 0.000604792930052271
-0.0015401565510443382 3.4889009066300076e-05 3.4889009066300076e-05 0.000604792858764385
-0.0015227694472723108 2.1094704503218138e-05 2.1094704503218138e-05 0.0006138613216996065
-0.0015401568092687477 2.5128070591802275e-05 2.5128070591802275e-05 0.0006138612535683744
-9.00755246527243e-05 0.00019604702905719486 0.00019604702905719486 -0.00015656148320799173
-0.00033620609973522103 0.00021508407806301925 0.00021508407806301925 -0.00015656060139945295
-9.007176997690309e-05 5.762361005794895e-05 5.762361005794895e-05 -0.00011377828484243254
-0.000336192083496659 7.664429890115595e-05 7.664429890115595e-05 -0.00011377804858435225
-0.0005009913062851315 0.00019157419920813568 0.00019157419920813568 9.057333479365611e-05
-0.000705057864577885 0.00019683398602199397 0.00019683398602199397 9.057439122036642e-05
-0.0005009745104430122 7.684034337866405e-05 7.684034337866405e-05 0.00010237627104403334
-0.0007050379432648976 8.208889890820042e-05 8.208889890820042e-05 0.0001023765541040437
-0.0008391581990888109 0.0001665427433898453 0.0001665427433898453 0.0002978089688457105
-0.0010014660442148647 0.00016632568398190713 0.00016632568398190713 0.0002978100796314339
-0.0008391410209243116 7.531008670345179e-05 7.531008670345179e-05 0.0002973055372361083
-0.0010014481084411337 7.508592699705827e-05 7.508592699705827e-05 0.0002973058348685399
-0.0011043630192669423 0.00013252727691023767 0.00013252727691023767 0.00045953164741650637
-0.0012231849683104455 0.00013175019831856516 0.00013175019831856516 0.00045953207318258566
-0.0011043496035596694 6.575299116774723e-05 6.575299116774723e-05 0.00045777649224052413
-0.0012231714287353104 6.497211574751907e-05 6.497211574751907e-05 0.00045777660632404844
-0.0012950692373052432 9.918830247667627e-05 9.918830247667627e-05 0.0005700467960431368
-0.0013726510744184292 9.757472769652387e-05 9.757472769652387e-05 0.0005700470832447624
-0.001295060399331093 5.560024999281063e-05 5.560024999281063e-05 0.0005664178041104947
-0.0013726422870037017 5.3985069493260924e-05 5.3985069493260924e-05 0.0005664178810661455
-0.0014167828205241245 6.986198455248433e-05 6.986198455248433e-05 0.0006305486106525297
-0.0014597835151152034 6.832592761880557e-05 6.832592761880557e-05 0.000630548682852726
-0.0014167781299358779 4.571222274792303e-05 4.571222274792303e-05 0.0006270962712125405
-0.0014597789029145202 4.4175694481386654e-05 4.4175694481386654e-05 0.0006270962905586258
-0.0014821403860394702 4.819364823732547e-05 4.819364823732547e-05 0.0006483565010419423
-0.0015002299147106764 4.698594097444698e-05 4.698594097444698e-05 0.0006483564834506469
-0.001482138805095882 3.804501388686593e-05 3.804501388686593e-05 0.000645642993692798
-0.0015002283915630896 3.683725030443081e-05 3.683725030443081e-05 0.0006456429889792438
-0.0015090536335941212 3.7022062798642736e-05 3.7022062798642736e-05 0.0006395902610452913
-0.0015150765467153889 3.6314503419857746e-05 3.6314503419857746e-05 0.0006395902311960286
-0.0015090536920033238 3.3654398477552624e-05 3.3654398477552624e-05 0.0006380012026388973
-0.001515076631617682 3.294686258825819e-05 3.294686258825819e-05 0.0006380011946408366
-0.0015205461839912747 3.832415194896845e-05 3.832415194896845e-05 0.000621449693922329
-0.0015294664837020415 3.843570275192756e-05 3.843570275192756e-05 0.0006214496901196909
-0.0015205462370437913 3.33262497352712e-05 3.33262497352712e-05 0.0006217019672143959
-0.001529466526051284 3.343781433870187e-05 3.343781433870187e-05 0.0006217019661954881
-0.0015420737381944638 5.167939725672447e-05 5.167939725672447e-05 0.0006181998998856217
-0.0015675913791674244 5.2919438759916135e-05 5.2919438759916135e-05 0.0006181998817752513
-0.0015420721176319712 3.7348714258478645e-05 3.7348714258478645e-05 0.0006209879078288238
-0.0015675896977263646 3.8588607611784e-05 3.8588607611784e-05 0.0006209879029761715
eps_abs 640
0.0007071175028248246 0.0004634795934048339 0.0004634795934048339 0.008412342470426474
0.002636565811111812 0.0006371783930864372 0.0006371783930864372 0.008412488408023297
0.0007069982254224117 0.0015551575525125005 0.0015551575525125005 0.008018259968673483
0.0026361217577856003 0.0017278171762084174 0.0017278171762084174 0.00801880434427711
0.003957390961718515 0.0007453088713231855 0.0007453088713231855 0.011507408721837538
0.005636973174384543 0.0010032546612838142 0.0010032546612838142 0.011507601612818526
0.0039567902205939675 0.0016978194354488145 0.0016978194354488145 0.010921128428218158
0.005635960371009602 0.0019549272839317657 0.0019549272839317657 0.010921847784573733
0.006673561411155068 0.0010925504811796377 0.0010925504811796377 0.013868060016309643
0.007826439501976586 0.0013742372432480818 0.0013742372432480818 0.013868211792949114
0.006672817361859718 0.0017466414689075078 0.0017466414689075078 0.013227312544612357
0.007825405157159498 0.002027882237802983 0.002027882237802983 0.013227878532969504
0.008500928417443262 0.0014788934149085 0.0014788934149085 0.01568070167008918
0.009190713407140273 0.0017440699844142882 0.0017440699844142882 0.0156807917608652
0.008500371563644877 0.0018697791109230824 0.0018697791109230824 0.015077439592672747
0.009190009630135172 0.002134754567704912 0.002134754567704912 0.015077775567241313
0.009541378291152135 0.0018259501474727359 0.0018259501474727359 0.016939024848981514
0.009809146489951417 0.0020235427147653616 0.0020235427147653616 0.016939057161520683
0.009541363341053568 0.001976583167075817 0.001976583167075817 0.016490470053864326
0.00980911622528065 0.0021741210382899864 0.0021741210382899864 0.016490590583068707
0.009863345135158897 0.0020427473058773327 0.0020427473058773327 0.017740832786143742
0.009743013567105697 0.0021179309310285234 0.0021179309310285234 0.01774084304617654
0.009863999740728189 0.0019729332050220177 0.0019729332050220177 0.01757275372615173
0.00974372525555802 0.0020481124835242453 0.0020481124835242453 0.01757279200322206
0.009457742905669218 0.0020087760547328488 0.0020087760547328488 0.017951595162450946
0.008797378677837822 0.001943179224736066 0.001943179224736066 0.017951643069782978
0.00945953459725969 0.0016321353150061486 0.0016321353150061486 0.01810433212395149
0.008799206918760764 0.001566418639927149 0.001566418639927149 0.01810451092196127
0.008037527210756533 0.0016530638183911866 0.0016530638183911866 0.017234054265274044
0.006619523163821696 0.0013575155315494517 0.0013575155315494517 0.017234261684542725
0.00804063731526382 0.0008513953691478167 0.0008513953691478167 0.01790817968530667
0.006622291444946472 0.000601281526229506 0.000601281526229506 0.017908954418085595
0.0052253933150625265 0.0008105768322521189 0.0008105768322521189 0.015061267494747545
0.0028300884296779644 0.0003391424108497986 0.0003391424108497986 0.015061907636908243
0.005229345741878163 0.0006494888228975743 0.0006494888228975743 0.01668232002546524
0.0028320654734034197 0.0012976907242279602 0.0012976907242279602 0.016684714196228436
0.0015396094388176976 0.00031081036178072854 0.00031081036178072854 0.012933088071614116
0.0004127581973449529 0.00018363053040799734 0.00018363053040799734 0.012933101343652238
0.0015401572754693183 0.0006851395415337471 0.0006851395415337471 0.013331301577810827
0.0004129051758742187 0.0008089621651346912 0.0008089621651346912 0.013331351119889215
0.0005460643183416337 0.0023339701909573635 0.0023339701909573635 0.007570385038131725
0.0020364863822683985 0.002699297087788191 0.002699297087788191 0.0075721585873333155
0.0005458883865016673 0.00317642481506987 0.00317642481506987 0.0067403674891497595
0.002035831088889848 0.003541007863046837 0.003541007863046837 0.0067428393758566345
0.003037227676369267 0.0027988379987911975 0.0027988379987911975 0.010132274170035647
0.004280092090478893 0.0034912724187067443 0.0034912724187067443 0.010135349734599262
0.003036266870103374 0.0035021138636752635 0.0035021138636752635 0.008559311049249065
0.004278375505168257 0.004193616363944619 0.004193616363944619 0.00856348947984112
0.005113297859491509 0.003518037663864154 0.003518037663864154 0.012243854484770882
0.006141064591893819 0.0044221176285916975 0.0044221176285916975 0.012246872723139587
0.0051114506908179385 0.004099062315070261 0.004099062315070261 0.010188976833114457
0.00613835976427905 0.005001976023090532 0.005001976023090532 0.010193147952294961
0.00683155039295949 0.004615547555135251 0.004615547555135251 0.014060259878325751
0.007682533464677728 0.005577208455684916 0.005577208455684916 0.014062401381314212
0.006828852275566547 0.005095569217899242 0.005095569217899242 0.011873786469065072
0.007679004652713329 0.006056034636863445 0.006056034636863445 0.01187687020657016
0.008274475696896485 0.005810050473308563 0.005810050473308563 0.015616064090067841
0.009031368659287902 0.006667378361389946 0.006667378361389946 0.0156171371665701
0.008270492161220803 0.00623711882997572 0.00623711882997572 0.01366759464303058
0.009026575598691444 0.007093498494578309 0.007093498494578309 0.013669265342234746
0.009485608303619544 0.0067879454557928905 0.0067879454557928905 0.016952821570289836
0.009958634574472191 0.007459357327676207 0.007459357327676207 0.016953082272051095
0.00948300585303176 0.00705371053722258 0.00705371053722258 0.015428385629462187
0.009955641974180397 0.007724583343942793 0.007724583343942793 0.015428941241106048
0.01020006936092077 0.007214574020437916 0.007214574020437916 0.01792138253381908
0.010368935024023734 0.007495313438469343 0.007495313438469343 0.017921474369529254
0.010199455132929226 0.007310248511215519 0.007310248511215519 0.017289449223571916
0.01036825925560402 0.007590912058974632 0.007590912058974632 0.017289567614153383
0.01041492061822579 0.006674431771269791 0.006674431771269791 0.01844161831180137
0.010348935342937333 0.006311360689823478 0.006311360689823478 0.018443565976508924
0.010415681865452282 0.006642098663195189 0.006642098663195189 0.019278619207948093
0.010349714572327539 0.00627890547814201 0.00627890547814201 0.019280626400674645
0.010118625742384008 0.004607436061829656 0.004607436061829656 0.018392056766905716
0.009510343134078366 0.0032368771127557565 0.0032368771127557565 0.01839928031620133
0.010125085147141112 0.004269644929710985 0.004269644929710985 0.0215242575140087
0.009515595814905471 0.002896965433804478 0.002896965433804478 0.021532131096906472
0.007332012141849464 0.002067627469602698 0.002067627469602698 0.015965020363531018
0.0019696747978790426 0.0011428146434119169 0.0011428146434119169 0.015975899043286453
0.0073585844588240044 0.001725640203945768 0.001725640203945768 0.022811441767983432
0.0019768425738815507 0.004181663616859379 0.004181663616859379 0.022838401767845105
0.00029183685543367167 0.00366133772052151 0.00366133772052151 0.0061072154761041214
0.0010887337310686344 0.004058465911955122 0.004058465911955122 0.006110061381725473
0.00029174022049414293 0.004111077569510312 0.004111077569510312 0.005207550362054921
0.0010883734666648716 0.004507864009734551 0.004507864009734551 0.005210819052752163
0.001540588152587945 0.0039135737847725465 0.0039135737847725465 0.00739373182518221
0.0019761521670806762 0.004625450198473178 0.004625450198473178 0.00739830144930567
0.0015402703356017255 0.00415878831488434 0.00415878831488434 0.005782688742762077
0.0019756048214856366 0.00487006890487565 0.00487006890487565 0.005787697241643132
0.002289217056980236 0.004554101417986246 0.004554101417986246 0.008539845295524229
0.0027003516595190346 0.005636088510226411 0.005636088510226411 0.008545601275308214
0.002288223629667613 0.004783903297936002 0.004783903297936002 0.006090059460106589
0.0026988970255118236 0.005864586722738566 0.005864586722738566 0.006096300805012529
0.0030306810316522194 0.0059842114513347045 0.0059842114513347045 0.009797261872709198
0.003510400761678352 0.0075239067667748445 0.0075239067667748445 0.009803594492448112
0.0030283089504266167 0.006248615079881539 0.006248615079881539 0.006309654410438004
0.003507184839081747 0.007785701617958946 0.007785701617958946 0.006316708459052445
0.00391953282573437 0.00838577378972411 0.00838577378972411 0.01120722027126222
0.004546506045475853 0.010493116524730247 0.010493116524730247 0.0112132969005842
0.0039139060121061615 0.008725031197962333 0.008725031197962333 0.006432002548788246
0.004539203676032513 0.01082749829599335 0.01082749829599335 0.006439204351628041
0.005058795335888617 0.011636789233082569 0.011636789233082569 0.012586182904920896
0.0058019409589813815 0.014386457890243365 0.014386457890243365 0.012590211898690817
0.0050489890628941 0.012026963399191709 0.012026963399191709 0.006354328933896257
0.005789562027086143 0.014768358984280226 0.014768358984280226 0.006360138516365686
0.006407151092604569 0.015878773094327114 0.015878773094327114 0.014121790833613384
0.007272658882648807 0.019389355193313692 0.019389355193313692 0.01412008366768024
0.00639203268763255 0.016313134258918786 0.016313134258918786 0.006164283060890107
0.007253953177990932 0.019810268543381585 0.019810268543381585 0.006165532727922918
0.007942775292242805 0.02132979883113031 0.02132979883113031 0.01585403101754406
0.008851391776979176 0.025727109164005748 0.025727109164005748 0.01584103413971453
0.007925279070268468 0.021749910106495626 0.021749910106495626 0.005885764388051568
0.008829846958359224 0.0261262142922549 0.0261262142922549 0.0058774346231695584
0.0096062834547899 0.0279469486341683 0.0279469486341683 0.017747319183720703
0.01053652480779958 0.03364615667970456 0.03364615667970456 0.01771734747831057
0.009575849654368924 0.028314906059277938 0.028314906059277938 0.004946858057527171
0.010499493783230602 0.033978937665953744 0.033978937665953744 0.004930151187158153
0.010751622733197371 0.03457105570730537 0.03457105570730537 0.018708546835538447
0.011979402938494185 0.04191599008329119 0.04191599008329119 0.018624620485694042
0.010701896193563376 0.0336994179228354 0.0336994179228354 0.0022010928064169766
0.011910353079499416 0.04098553381866811 0.04098553381866811 0.0021072656352293566
9.620817538366154e-05 0.0042880711839381035 0.0042880711839381035 0.004623269557919952
0.00035900958864746744 0.00459624254733953 0.00459624254733953 0.004625329803324089
9.618466811905631e-05 0.0044106999553650125 0.0044106999553650125 0.003927845776159529
0.0003589218884562203 0.00471875610443973 0.00471875610443973 0.003930014505950141
0.0004856941004433657 0.003969168924234203 0.003969168924234203 0.004834696469761473
0.0006576496271003566 0.004400263481634945 0.004400263481634945 0.0048369927560770075
0.0004856195845784401 0.003905793064204416 0.003905793064204416 0.003863062526655838
0.0006573684974283914 0.004336683700792009 0.004336683700792009 0.003865378001835889
0.0007513412023414765 0.003984195540861282 0.003984195540861282 0.004768304495196302
0.0008681280680919378 0.004491987206661379 0.004491987206661379 0.004770382840397181
0.00075114566798011 0.0038881122657616015 0.0038881122657616015 0.0036236036621485547
0.0008677211297523457 0.004395617476625587 0.004395617476625587 0.0036256428459075897
0.0009573905077441627 0.004316171483302041 0.004316171483302041 0.004564285182495637
0.0010663503265696452 0.00487238996281056 0.00487238996281056 0.004565966572894463
0.0009570169152835158 0.004208797444903925 0.004208797444903925 0.003310491839508793
0.001065812878721048 0.004764672317904156 0.004764672317904156 0.0033120931487226144
0.0011720144489234757 0.004901563132067731 0.004901563132067731 0.004202935779777588
0.0013717041157723627 0.005491993275557785 0.005491993275557785 0.004204007387690354
0.0011707553266244433 0.004722485567136019 0.004722485567136019 0.002942092696211989
0.0013701362974858542 0.005312514309155329 0.005312514309155329 0.0029430580666418
0.0015228416973746743 0.005368554649209473 0.005368554649209473 0.003722126912029833
0.0017461011018253996 0.005971811028242334 0.005971811028242334 0.0037227372065904473
0.0015211854529080064 0.005166611020362397 0.005166611020362397 0.002430498249038365
0.00174409903123366 0.005769444708916866 0.005769444708916866 0.002430962976089929
0.0019121775374593341 0.005686478062805882 0.005686478062805882 0.0031389754454218773
0.0021988989206764053 0.006290053543897286 0.006290053543897286 0.00313908331967537
0.0019099991381349814 0.005459797411837738 0.005459797411837738 0.001896445547723744
0.002196293798425294 0.006062944756377214 0.006062944756377214 0.0018963451641101651
0.0024587639521507164 0.0057802219096456135 0.0057802219096456135 0.002577657281427749
0.0028779146876227006 0.006390828658468446 0.006390828658468446 0.002577080706937893
0.0024554922815787244 0.0055170418990655775 0.0055170418990655775 0.0015270862611731952
0.0028742840335194983 0.00612720029845983 0.00612720029845983 0.001527235851681685
0.003333755328301408 0.005295333042002992 0.005295333042002992 0.001999988347270853
0.004190517407605455 0.005732575277398785 0.005732575277398785 0.0019981636341016066
0.0033294342845642867 0.004710904066539369 0.004710904066539369 0.0012570866935530632
0.0041857948798944755 0.0051388566977652725 0.0051388566977652725 0.0012570197026550232
0.0034772266346845375 0.0009108104504256317 0.0009108104504256317 0.0024924367069032393
0.0009943089508955827 0.0005441321503465132 0.0005441321503465132 0.002482416268797082
0.0035014039600782527 0.00208441786081899 0.00208441786081899 0.0006522714351694078
0.0010074954157041072 0.0013840951159713503 0.0013840951159713503 0.0006441423921489071
7.052431117217528e-05 0.004412459076684645 0.004412459076684645 0.003450752854267003
0.000263211792967151 0.0046825906818618096 0.0046825906818618096 0.0034525180421234782
7.049368814789195e-05 0.00433264539045892 0.00433264539045892 0.0028431018041910052
0.00026309749319509593 0.004602693030259225 0.004602693030259225 0.0028448619756046706
0.0004252723109844488 0.0037185782705475767 0.0037185782705475767 0.003244137756884774
0.0007118026674450002 0.004037424793637524 0.004037424793637524 0.0032456324925334104
0.00042501805997969633 0.0035622570487274605 0.0035622570487274605 0.0025269728460930595
0.0007113875732438273 0.003880973280848455 0.003880973280848455 0.00252842435912348
0.0009014514816700861 0.00347909664033204 0.00347909664033204 0.002926796550641435
0.001142737523124137 0.003814299567611168 0.003814299567611168 0.002927938111470232
0.0009010647438134182 0.003339864583013204 0.003339864583013204 0.0021985916790271927
0.0011422234378689238 0.003674929962369856 0.003674929962369856 0.0021995220652462582
0.0013048070809624796 0.0034841220486987443 0.0034841220486987443 0.002609262665140535
0.0015235498838012723 0.003828473496980711 0.003828473496980711 0.002609974602910753
0.0013043032243050896 0.003347950222937111 0.003347950222937111 0.001882515271934196
0.0015229273887664135 0.003692158351556599 0.003692158351556599 0.0018831700768502815
0.0016991605175483051 0.0035835876579061654 0.0035835876579061654 0.00221821302218648
0.0019674427523224515 0.003927248618229451 0.003927248618229451 0.002218641045291553
0.0016983252305789115 0.0034223706671611402 0.0034223706671611402 0.0015227342146668659
0.0019664670382514267 0.003765882878648781 0.003765882878648781 0.0015229651165045736
0.002166154232420735 0.0035759661064954235 0.0035759661064954235 0.0017615542685224868
0.0024604061681959303 0.003893662213455254 0.003893662213455254 0.001761634055411894
0.002165113652176088 0.003406579220420872 0.003406579220420872 0.0012416383523098412
0.0024592359455003977 0.0037241434986204393 0.0037241434986204393 0.0012416271836932953
0.002661629704920503 0.0033554380871230424 0.0033554380871230424 0.0014106134903416224
0.0029269134977816286 0.0036225302585152167 0.0036225302585152167 0.00141055885842746
0.0026606337127945577 0.0032055190826242854 0.0032055190826242854 0.0010843771490345972
0.002925825175919114 0.003472517539815712 0.003472517539815712 0.0010843810900469804
0.003093229706662379 0.002791461757393509 0.002791461757393509 0.0012207336889565584
0.003304964799074222 0.002984503189044857 0.002984503189044857 0.0012207107566220238
0.003092552039097715 0.002668815538424293 0.002668815538424293 0.0010112985116926864
0.0033042448871638598 0.0028300197517508304 0.0028300197517508304 0.001011333443931
0.003162104826216729 0.0013918369730744036 0.0013918369730744036 0.0010882412299605651
0.002600454420349578 0.0013388809604638384 0.0013388809604638384 0.0010876431674513734
0.0031653890052408128 0.001628357827777176 0.001628357827777176 0.0009008137611554909
0.0026036956869449138 0.001558380175138256 0.001558380175138256 0.0009002672006864525
0.0016731383372889806 0.0006929723584942633 0.0006929723584942633 0.000492173970624049
0.0008242659709194629 0.0005907239003589866 0.0005907239003589866 0.0004919907808475487
0.0016824968006648219 0.0005072203187063805 0.0005072203187063805 0.0003589004458881125
0.0008242721802881148 0.0006064744900775592 0.0006064744900775592 0.0003588592761127248
0.0001383858334858256 0.004203181491398202 0.004203181491398202 0.00244882607328986
0.0005165562055756518 0.004412347771654092 0.004412347771654092 0.002450043019337731
0.0001383408188098569 0.003990173232852327 0.003990173232852327 0.0019797214131031583
0.0005163881362041749 0.004199253912861475 0.004199253912861475 0.0019808894455232828
0.0007729442684959913 0.003299468796981313 0.003299468796981313 0.0020757338041850395
0.0010985111300577883 0.0035280762871181142 0.0035280762871181142 0.0020766689127468463
0.0007727233538421032 0.003116090465343747 0.003116090465343747 0.0015899503802172714
0.001098174546166387 0.003344613121494374 0.003344613121494374 0.0015906783424245675
0.0013072579664471806 0.0029367621880726164 0.0029367621880726164 0.0017632367538138597
0.0015558678581691597 0.003164218654637961 0.003164218654637961 0.0017637734978285231
0.0013069694322744418 0.002796673591936777 0.002796673591936777 0.0012941109817845992
0.0015554974034430848 0.003024057717427007 0.003024057717427007 0.0012945493914786011
0.0017309775606114772 0.002757684403951685 0.002757684403951685 0.0014517414955880887
0.001964986641937219 0.0029805887175969035 0.0029805887175969035 0.0014520498720599739
0.0017305982279150454 0.002625780895805713 0.002625780895805713 0.0010689721202670093
0.0019645347026955727 0.002848617094658383 0.002848617094658383 0.0010690176255380617
0.0021321395303845114 0.00260708651147917 0.00260708651147917 0.0011871809069786874
0.002359779132707265 0.0028094560536380112 0.0028094560536380112 0.001187216727421389
0.002131670464301493 0.0024787820949005203 0.0024787820949005203 0.0009099542836790062
0.002359245634161262 0.002681093925280463 0.002681093925280463 0.0009098999143312583
0.0025080178956330365 0.0023496505214717594 0.0023496505214717594 0.0010124302696744008
0.002692290236616189 0.002516744369637684 0.002516744369637684 0.001012400765393293
0.0025075930013547724 0.002245780694064965 0.002245780694064965 0.0008617784732081809
0.002691823498841562 0.0024128359117202604 0.0024128359117202604 0.0008617477197851105
0.002794477197685838 0.0019103220991679984 0.0019103220991679984 0.0009498143299349025
0.002898855798126478 0.002022395726459286 0.002022395726459286 0.0009498195667133429
0.002794240431143894 0.001851471604571212 0.001851471604571212 0.0008489105091675918
0.002898603734591714 0.001963529460109768 0.001963529460109768 0.0008489279513074757
0.0028802107979668213 0.00120267023580964 0.00120267023580964 0.0009394468569433136
0.0027377878993918078 0.0012329358175245833 0.0012329358175245833 0.0009393853862073617
0.002880732083493288 0.0012644103646662535 0.0012644103646662535 0.000871682947441596
0.0027383197620645745 0.0012934856435295522 0.0012934856435295522 0.0008716372254452037
0.002445530173611526 0.0003459565877799053 0.0003459565877799053 0.0008021156556682831
0.0018038339347124335 0.0003675704494927966 0.0003675704494927966 0.0008019186740025227
0.0024475678378399167 0.0005828629429145174 0.0005828629429145174 0.0007405036389408752
0.0018058723966538396 0.0005641659360492012 0.0005641659360492012 0.0007403361467463526
0.0012173172457459213 0.0005378131509665612 0.0005378131509665612 0.00035329110506533717
0.0009120549924792487 0.0005524666462277529 0.0005524666462277529 0.00035327136678719133
0.0012206295167221332 0.0002110159736034638 0.0002110159736034638 0.0003591552673135902
0.0009134768511468605 0.00018787868791653628 0.00018787868791653628 0.0003591625085763081
0.00018549929660878245 0.0037874959893789426 0.0037874959893789426 0.0016821053019911525
0.0006924610563109825 0.0039411578441736345 0.0039411578441736345 0.0016828662228160955
0.00018545616523134596 0.003502130003113927 0.003502130003113927 0.0013384113684443567
0.0006922999925647882 0.0036556971584757706 0.0036556971584757706 0.001339121632862076
0.0009982961723468888 0.0028588534299812175 0.0028588534299812175 0.001294571370017365
0.0013291368732993069 0.0030161829464595722 0.0030161829464595722 0.0012950225443227588
0.000998137502575163 0.00267267822579963 0.00267267822579963 0.0009729729224224749
0.001328899913522046 0.002829951626455096 0.002829951626455096 0.000973344531071357
0.001537808447817514 0.0024486003258581907 0.0024486003258581907 0.0010349321935648743
0.0017794960694281446 0.0025998553894399914 0.0025998553894399914 0.001035079273943307
0.0015376095149225062 0.0023125888805672445 0.0023125888805672445 0.0008045393549641757
0.0017792440571262635 0.002463803670402115 0.002463803670402115 0.0008045381041223387
0.0019392606957213425 0.002154640126864956 0.002154640126864956 0.000884974080459765
0.0021369099670746072 0.0022921309892634683 0.0022921309892634683 0.0008849868170251149
0.0019390361748531039 0.0020434064501427323 0.0020434064501427323 0.0007143613548559544
0.0021366462152500897 0.0021808666284074403 0.0021808666284074403 0.0007142958831318332
0.002265930029137941 0.0018689117508186802 0.0018689117508186802 0.0008029320269252227
0.002424150289452759 0.0019845529515456445 0.0019845529515456445 0.0008028963599670542
0.002265707105487221 0.0017798683778156995 0.0017798683778156995 0.0007005128556093768
0.0024239006627326193 0.001895488687828597 0.001895488687828597 0.0007004756981752044
0.002518360408047215 0.0015081225687828951 0.0015081225687828951 0.0007881262924846262
0.0026218406517228747 0.0015937732447226871 0.0015937732447226871 0.0007881171949540804
0.0025181874358672254 0.0014498872616189645 0.0014498872616189645 0.0007272515944032868
0.0026216539993199604 0.0015355274147852837 0.0015355274147852837 0.0007272468977614713
0.0026501972302752437 0.0010209660881362497 0.0010209660881362497 0.0008156070642068629
0.002629683331663275 0.001067861249130993 0.001067861249130993 0.0008156111291948104
0.0026502441602090387 0.001032444537975715 0.001032444537975715 0.00079779018803256
0.0026297322132091483 0.001079337389500275 0.001079337389500275 0.0007978071172049424
0.0025285963303385782 0.00045425576721188574 0.00045425576721188574 0.0008523700740169012
0.0022790424575275105 0.00046452359903412064 0.00046452359903412064 0.0008523260288059301
0.00252910276016901 0.0005761552800307976 0.0005761552800307976 0.0008277255884137991
0.0022795548470649673 0.0005812443649867991 0.0005812443649867991 0.0008276887240787757
0.0019867808279308745 0.00023422677054835654 0.00023422677054835654 0.0006962928861938571
0.0014660252560848295 0.00025671247582454554 0.00025671247582454554 0.0006961859099572575
0.0019878247213236445 0.00020222118043781778 0.00020222118043781778 0.0006427632320860145
0.0014670609610761055 0.00019881976403040503 0.00019881976403040503 0.0006426748681733948
0.0011304665913038654 0.0004194085344448101 0.0004194085344448101 0.0003655624351766346
0.0009636729758459093 0.0004068457490235838 0.0004068457490235838 0.00036560530463688155
0.001131568505696508 0.0001280690380762265 0.0001280690380762265 0.00037427897828182043
0.0009641839774536769 0.0001271903019430587 0.0001271903019430587 0.00037431760485290527
0.0002037738442467377 0.0032668992233361735 0.0032668992233361735 0.001124945776475199
0.0007606974833500909 0.0033764446543702946 0.0033764446543702946 0.0011253326326810921
0.0002037406086702706 0.0029535278579291752 0.0029535278579291752 0.000898887419108463
0.0007605733661331947 0.0030629767383848973 0.0030629767383848973 0.000899206915583933
0.001079365552673339 0.0024425993371436166 0.0024425993371436166 0.0007888811911335766
0.0013943192680346463 0.0025425601300135495 0.0025425601300135495 0.0007890134027003793
0.0010792644711771103 0.002265450247632637 0.002265450247632637 0.0006176456271455136
0.001394169898916968 0.002365373590151602 0.002365373590151602 0.0006177073056183492
0.0015923948575851346 0.0020188050730245276 0.0020188050730245276 0.0006773282237243589
0.0018200217508621626 0.0021103295952303756 0.0021103295952303756 0.0006773548601196863
0.001592265526713765 0.0018908001803325948 0.0018908001803325948 0.0005518854032317445
0.0018198597707322945 0.00198230184569531 0.00198230184569531 0.0005518594357254032
0.001963992418610688 0.00166894547620153 0.00166894547620153 0.0006408515533105998
0.0021314619658259664 0.0017499078424894979 0.0017499078424894979 0.0006408338623210444
0.0019638612369441747 0.0015747755239948797 0.0015747755239948797 0.0005533967114979418
0.0021313096186163743 0.001655723417368223 0.001655723417368223 0.0005533723843634197
0.002235520556760597 0.0013285569162109565 0.0013285569162109565 0.0006480644573030672
0.0023544383939417806 0.0013952939235330692 0.0013952939235330692 0.0006480472423662089
0.0022354004677512802 0.0012616962642432099 0.0012616962642432099 0.0006065220769357355
0.002354305375166767 0.0013284248034213363 0.0013284248034213363 0.000606505015155322
0.002411599719371401 0.0009446905742711357 0.0009446905742711357 0.0007065485047353633
0.0024514191834976353 0.0009899688542353354 0.0009899688542353354 0.0007065492890543639
0.0024115498515865147 0.0009222925109574256 0.0009222925109574256 0.0007086433624643278
0.0024513660285392634 0.0009675682566038989 0.0009675682566038989 0.0007086487330748839
0.002432616364776866 0.0005124171999286946 0.0005124171999286946 0.0008016828521327036
0.0023443017233117838 0.00052942432622823 0.00052942432622823 0.000801682952004922
0.0024327220466274463 0.0005617347269494361 0.0005617347269494361 0.0008032871979358533
0.0023444104777551092 0.0005758529444186677 0.0005758529444186677 0.0008032885592771869
0.002218807135536097 0.00012577723031824227 0.00012577723031824227 0.0008103333752802055
0.001966917454931597 0.00013520616019133586 0.00013520616019133586 0.0008102911797269808
0.00221911361173771 0.0002320192706177864 0.0002320192706177864 0.0007812666445313546
0.001967224680072016 0.00022668483455631506 0.00022668483455631506 0.000781231096886785
0.001723884846989249 0.000299019143810933 0.000299019143810933 0.0006138725352048939
0.0013377077578436733 0.00030850359786347564 0.00030850359786347564 0.0006138414460248652
0.0017243663219229989 0.00013502496438249468 0.00013502496438249468 0.0005916811704797923
0.0013381880502960795 0.0001447893107510269 0.0001447893107510269 0.0005916560015739151
0.0011420882091466964 0.00033167774701124404 0.00033167774701124404 0.0003820088298254547
0.0009986157723878698 0.00031932033427344 0.00031932033427344 0.0003820434374737039
0.0011425307343683503 0.00011826672161693475 0.00011826672161693475 0.0003967221497729085
0.0009989683754607279 0.00011216352801035585 0.00011216352801035585 0.0003967489308278211
0.00019625947395893458 0.002712676531182202 0.002712676531182202 0.0007617379332507709
0.0007326388687274736 0.0027791209879393865 0.0027791209879393865 0.0007619427494650387
0.0001962379682222818 0.002410930355218182 0.002410930355218182 0.0006088088856895357
0.0007325585586958631 0.0024772924778568113 0.0024772924778568113 0.0006089931499408332
0.0010411013318238915 0.0020485012227124022 0.0020485012227124022 0.0005189517206879336
0.0013480481886586544 0.002108501487973534 0.002108501487973534 0.0005189968317906656
0.0010410353594377047 0.0018758996531691911 0.0018758996531691911 0.0004153713236629966
0.0013479520830762077 0.0019358706812281047 0.0019358706812281047 0.00041540181947366376
0.0015383158721174292 0.0016428026229601655 0.0016428026229601655 0.0004826592491071066
0.001751981394776575 0.0016966185376043454 0.0016966185376043454 0.00048267386481013255
0.0015382353624100568 0.0015226869885971732 0.0015226869885971732 0.00040502959320088967
0.0017518814458894788 0.0015764875535581294 0.0015764875535581294 0.0004050270233310672
0.0018864931926919598 0.0012881339557006587 0.0012881339557006587 0.0005122077271658207
0.002041333265522284 0.001337013748354694 0.001337013748354694 0.0005121925881392318
0.0018864099043129597 0.0012011065596416906 0.0012011065596416906 0.00047891648222711086
0.0020412372020611634 0.001249977388258452 0.001249977388258452 0.00047889546181986134
0.002128897357657491 0.0009442403585675785 0.0009442403585675785 0.0005971404582813171
0.002214505977699089 0.0009800256768263502 0.0009800256768263502 0.0005971351923929889
0.002128838580407723 0.0008961310765757714 0.0008961310765757714 0.0006080091982450768
0.0022144416166500424 0.0009319131081220971 0.0009319131081220971 0.0006080039568117204
0.0022456587666473196 0.0005859111538456547 0.0005859111538456547 0.0007243088337227357
0.002246545868421523 0.0006026695271256602 0.0006026695271256602 0.0007243137733894567
0.0022456529858478408 0.0005854155484941836 0.0005854155484941836 0.0007435248024758225
0.0022465398160745266 0.0006021736744141084 0.0006021736744141084 0.0007435297870011902
0.0022079340469073963 0.0002341294179562048 0.0002341294179562048 0.0008068046338092795
0.0021029251404428785 0.00023449200161437583 0.00023449200161437583 0.0008067959767888957
0.0022080082904150588 0.00028999446829829464 0.00028999446829829464 0.0008030035178829215
0.0021030006813919735 0.0002903544458123476 0.0002903544458123476 0.0008029966022391575
0.0019875360827854164 0.00012876044859133344 0.00012876044859133344 0.0007646870625317988
0.0017784185721625852 0.00014091690451262107 0.00014091690451262107 0.0007646641871221735
0.0019876857153516745 7.586274721392825e-05 7.586274721392825e-05 0.0007445543067015022
0.0017785682182481395 8.383125329653454e-05 8.383125329653454e-05 0.0007445355999283267
0.0015913154294823427 0.00030681741161101586 0.00030681741161101586 0.0005820404011892365
0.0013006647867607262 0.0003107612701672047 0.0003107612701672047 0.000582032289854189
0.0015915287317659834 0.00018543371183132496 0.00018543371183132496 0.0005777246147517329
0.0013008783895979426 0.000190031813064973 0.000190031813064973 0.0005777181650917867
0.0011672527816117043 0.00027082116343290363 0.00027082116343290363 0.00040609518739934434
0.0010547909873983084 0.0002575925568236287 0.0002575925568236287 0.00040611688039157283
0.0011674463740128055 0.00012046799524524884 0.00012046799524524884 0.0004183437788739039
0.0010549488688773997 0.00011223171632013975 0.00011223171632013975 0.0004183602568331109
0.0001773705898268359 0.002191616811915983 0.002191616811915983 0.000518732515344876
0.0006621100994560669 0.002233135669518225 0.002233135669518225 0.0005188118447078554
0.0001773578503101595 0.0019189522530072966 0.0019189522530072966 0.00042565290487255
0.0006620625288835886 0.001960405863541514 0.001960405863541514 0.00042572344805984555
0.0009460792752765587 0.0016997600766624319 0.0016997600766624319 0.00035305160624810153
0.0012373928915286206 0.0017320648611347275 0.0017320648611347275 0.00035309517582713
0.0009460382013814125 0.0015359661982925564 0.0015359661982925564 0.0002754435018814111
0.0012373339797527095 0.0015682469986164492 0.0015682469986164492 0.00027548268916587396
0.0014214428143345557 0.0013356455291716985 0.0013356455291716985 0.00036240826888061183
0.0016333744517484615 0.001365545101854564 0.001365545101854564 0.0003624176836746873
0.001421390292368208 0.0012165247931721994 0.0012165247931721994 0.0003216457194121088
0.001633309989531314 0.0012464113300976762 0.0012464113300976762 0.00032164580794195625
0.001760896187071231 0.0009992919154673372 0.0009992919154673372 0.0004706081725216407
0.0018979094122900794 0.0010216055453426771 0.0010216055453426771 0.0004706109082192007
0.0017608490488213154 0.0009222993863234865 0.0009222993863234865 0.00047695213179990985
0.0018978558151205446 0.00094460747021288 0.00094460747021288 0.0004769526793162925
0.0019720489608965695 0.0006783958470600001 0.0006783958470600001 0.0006248789097792948
0.0020382217550849275 0.0006908920975176194 0.0006908920975176194 0.0006248857949232168
0.0019720195490624337 0.0006412204033167453 0.0006412204033167453 0.0006526485234368003
0.002038190023704711 0.000653715350792099 0.000653715350792099 0.0006526549202359067
0.002057020735774142 0.000363984786960783 0.000363984786960783 0.0007578777015004518
0.002042884250323475 0.00036465794414081225 0.00036465794414081225 0.0007578813374442541
0.0020570229731229728 0.0003719372684870506 0.0003719372684870506 0.0007594337268027164
0.0020428865773820483 0.00037261041055431315 0.00037261041055431315 0.0007594374668278255
0.002005251861471903 9.023467565276509e-05 9.023467565276509e-05 0.0007958381486044378
0.0019171898942189566 8.485852660327534e-05 8.485852660327534e-05 0.0007958304998789301
0.0020052859810781925 0.00012923570306252644 0.00012923570306252644 0.0007804778843069316
0.0019172243804198576 0.00012601062092245654 0.00012601062092245654 0.0007804719562310045
0.0018259525158511166 0.0001788102610532055 0.0001788102610532055 0.0007312195758394074
0.0016652226706293225 0.00018758678310788968 0.00018758678310788968 0.0007312077600892819
0.0018260183328607158 0.00010543851618018509 0.00010543851618018509 0.0007156039451938308
0.0016652884246570825 0.00011421311445656204 0.00011421311445656204 0.0007155945409028689
0.0015280596694777695 0.00028298383183493443 0.00028298383183493443 0.0005767516965143489
0.0013168487320413184 0.00028392725695865976 0.00028392725695865976 0.0005767505566473362
0.0015281476509664711 0.00019417214306377144 0.00019417214306377144 0.0005791758878702553
0.001316934118952342 0.00019649456613997493 0.00019649456613997493 0.0005791750280599916
0.0012034352770094539 0.00021906182639300087 0.00021906182639300087 0.00042812424210070835
0.0011277806065717261 0.00020650307395455258 0.00020650307395455258 0.0004281381813999113
0.001203515005270878 0.00012739983103193106 0.00012739983103193106 0.0004434969822291634
0.0011278449097024865 0.00011738504393727346 0.00011738504393727346 0.0004435074369476651
0.00015345310769453353 0.0017261468697426382 0.0017261468697426382 0.00036903585522637337
0.0005728101473003703 0.001749327966959388 0.001749327966959388 0.0003690789579958862
0.00015344600413374468 0.0014902722452496127 0.0014902722452496127 0.00030935969066248547
0.0005727836241110907 0.001513405297564002 0.001513405297564002 0.0003093889167940235
0.000828651743501679 0.0013812099614303808 0.0013812099614303808 0.00022793766200704906
0.0011083459501664812 0.0013978933625622225 0.0013978933625622225 0.00022796461167801392
0.0008286260888659395 0.001223955276123502 0.001223955276123502 0.00017752312139117718
0.0011083100445462939 0.0012406172839191565 0.0012406172839191565 0.00017754692669823133
0.0012837859652663798 0.001066461255541095 0.001066461255541095 0.0003025999664378219
0.00148360147971622 0.0010775835253960843 0.0010775835253960843 0.0003026189149297776
0.001283755205167469 0.0009541547977166954 0.0009541547977166954 0.0003006136724307232
0.0014835643796162219 0.0009652661953368419 0.0009652661953368419 0.0003006267470702796
0.0016023544595860507 0.0007714616971020741 0.0007714616971020741 0.0004964900092043214
0.001727241695232011 0.0007772762331330159 0.0007772762331330159 0.0004965046128636028
0.001602328258742353 0.0007012843586269124 0.0007012843586269124 0.0005095125513326555
0.0017272124123992238 0.000707094686186411 0.000707094686186411 0.0005095256619500662
0.001794510089481646 0.0004910484807453177 0.0004910484807453177 0.0006621628309328095
0.0018537065106078213 0.0004900422670344768 0.0004900422670344768 0.0006621743416241914
0.0017944941683111452 0.0004577957972484436 0.0004577957972484436 0.0006599170083547769
0.0018536896773832185 0.00045678867233430104 0.00045678867233430104 0.0006599275197102623
0.001873668836814031 0.00023076509629931302 0.00023076509629931302 0.000755645019674095
0.0018693155886849392 0.0002254659738640426 0.0002254659738640426 0.0007556474808454379
0.0018736671555080382 0.00023322572310545587 0.00023322572310545587 0.0007437613174969
0.0018693139645960771 0.00022792659513197033 0.00022792659513197033 0.0007437639284381332
0.001844085240004453 6.492575819999795e-05 6.492575819999795e-05 0.000768759879812286
0.0017797784320643653 6.176553486162326e-05 6.176553486162326e-05 0.0007687551640317863
0.0018440988065999064 6.553741918848683e-05 6.553741918848683e-05 0.0007522872560317663
0.0017797921099576915 5.87306486831122e-05 5.87306486831122e-05 0.0007522837141913439
0.0017138560084874735 0.00018466395997831521 0.00018466395997831521 0.0007052222503657738
0.0015982474838632077 0.00019165563486949654 0.00019165563486949654 0.000705216026747006
0.0017138824406627623 0.00012801993467106642 0.00012801993467106642 0.0006927501846341797
0.0015982738994731725 0.0001345212688102897 0.0001345212688102897 0.0006927453701886793
0.0015034618796048995 0.00024909986086084455 0.00024909986086084455 0.0005819601127666838
0.0013639598559571627 0.0002498006644305839 0.0002498006644305839 0.0005819607240615365
0.0015034951134899523 0.00019137441371312616 0.00019137441371312616 0.0005874309557021782
0.0013639916474959056 0.00019208042663745447 0.00019208042663745447 0.0005874314274811212
0.0012781217062413472 0.0001849270755235034 0.0001849270755235034 0.0004607889454048455
0.0011875175597230309 0.00017632209176464127 0.00017632209176464127 0.00046079637204034354
0.0012781533476444195 0.0001367756107726417 0.0001367756107726417 0.00048600453218920346
0.00118754391889491 0.00013165626427664572 0.00013165626427664572 0.0004860099102412374
0.00013133602385988693 0.0013261572194693241 0.0013261572194693241 0.0002769257601291145
0.0004902372365933037 0.0013386214990233644 0.0013386214990233644 0.0002769272317993068
0.00013133213851149658 0.0011242913530363342 0.0011242913530363342 0.0002467646859731114
0.0004902227307692766 0.0011367206853860265 0.0011367206853860265 0.000246760038663314
0.0007179197667662714 0.0010895283416409714 0.0010895283416409714 0.00014100772692432153
0.0009810788019985253 0.0010944059014972509 0.0010944059014972509 0.0001410440203639181
0.0007179042869945757 0.0009415706098759971 0.0009415706098759971 0.00010649917350111611
0.0009810576056484756 0.00094642946545608 0.00094642946545608 0.00010652783494313826
0.0011449805132311875 0.000832989771374246 0.000832989771374246 0.0003069674788779363
0.001329693317203796 0.0008350975959713487 0.0008350975959713487 0.00030698544665143916
0.0011449628904786635 0.0007291669951586803 0.0007291669951586803 0.00031157356804898615
0.00132967253107074 0.0007312656280970575 0.0007312656280970575 0.0003115892055655853
0.0014422087615382929 0.0005931518833507999 0.0005931518833507999 0.000512617474186451
0.0015650137199566558 0.0005911075242736775 0.0005911075242736775 0.0005126326793685666
0.001442193394164566 0.0005241444433643303 0.0005241444433643303 0.0005079774865210525
0.0015649969789602322 0.0005220960351686729 0.0005220960351686729 0.000507990803911307
0.0016324948076430242 0.00036356671433642764 0.00036356671433642764 0.0006549372061640411
0.0016941880218574337 0.0003584911791208724 0.0003584911791208724 0.0006549454750196611
0.0016324855529950104 0.0003289102692271045 0.0003289102692271045 0.0006435315629938172
0.0016941785235831904 0.00032383370259928023 0.00032383370259928023 0.0006435389468818554
0.0017199436470882957 0.00015660055196652038 0.00015660055196652038 0.0007324409417701216
0.0017287503361052522 0.0001477804486424618 0.0001477804486424618 0.0007324432042391611
0.001719941563760552 0.00015132132130311112 0.00015132132130311112 0.0007134138779573699
0.0017287484296829247 0.00014284796901508913 0.00014284796901508913 0.0007134161988182658
0.001717556823187871 6.76285197242886e-05 6.76285197242886e-05 0.0007394023668733296
0.0016782810305948494 7.067201581415294e-05 7.067201581415294e-05 0.0007393994643577445
0.001717561890074579 5.410623505808583e-05 5.410623505808583e-05 0.0007207390776354566
0.001678286221250193 5.597522924237976e-05 5.597522924237976e-05 0.0007207370406190777
0.0016359052727577669 0.00016564410929592396 0.00016564410929592396 0.0006844909057378001
0.0015594795743826386 0.0001715693828669176 0.0001715693828669176 0.0006844877598076383
0.0016359155097975043 0.00012743736856298842 0.00012743736856298842 0.0006744915653738347
0.0015594898524532246 0.00013336419153044918 0.00013336419153044918 0.0006744892153573343
0.0014987523310634825 0.00021240860016405797 0.00021240860016405797 0.0005916437298838348
0.0014101861522640056 0.00021237416546933 0.00021237416546933 0.000591644366295331
0.0014987649450104734 0.0001725120136155622 0.0001725120136155622 0.0005977708967368549
0.0014101973521037784 0.00017247958213089472 0.00017247958213089472 0.0005977713702936819
0.0013642830289424097 0.00016017559966731212 0.00016017559966731212 0.0005061441454734164
0.0013035368261728195 0.0001527198989169846 0.0001527198989169846 0.0005061473447966427
0.001364293598082487 0.00013640977263452346 0.00013640977263452346 0.0005305370391307097
0.0013035461310867624 0.00013211489357545637 0.00013211489357545637 0.0005305390183828032
0.00011360818424195813 0.0009843117387892068 0.0009843117387892068 0.0002357184981976229
0.00042405477284335256 0.0009907599205091456 0.0009907599205091456 0.00023570677164520254
0.00011360582861949323 0.000809701097738739 0.000809701097738739 0.00023711662789860548
0.00042404597873129995 0.0008161232090321024 0.0008161232090321024 0.0002371070552572659
0.0006254980707254183 0.000826287297051247 0.000826287297051247 9.694706345713314e-05
0.0008654056019200212 0.0008271855275436786 0.0008271855275436786 9.696614211536117e-05
0.0006254882502692728 0.0006913985923825632 0.0006913985923825632 9.146742411659087e-05
0.0008653924521184858 0.0006922812975380913 0.0006922812975380913 9.148131606045843e-05
0.0010183385920119348 0.0006359182909179465 0.0006359182909179465 0.00031156763417948324
0.0011962869386052113 0.0006338953695081892 0.0006338953695081892 0.00031158280611223564
0.0010183272500237793 0.000535894719626236 0.000535894719626236 0.0003069186276043542
0.0011962739302106861 0.0005338632642462866 0.0005338632642462866 0.0003069313498044033
0.0013056886035427448 0.000448609221567318 0.000448609221567318 0.0005019959274800119
0.001426686244192012 0.0004434117646841616 0.0004434117646841616 0.0005020080886586895
0.001305679140344176 0.0003806146971829889 0.0003806146971829889 0.0004902760929459725
0.0014266762298629915 0.00037541328027799895 0.00037541328027799895 0.0004902863671762761
0.0014960848756003693 0.00027161190457284767 0.00027161190457284767 0.000633325484365194
0.0015647505409665 0.0002642800030549134 0.0002642800030549134 0.0006333322882069337
0.0014960790498201643 0.00023303689985715764 0.00023303689985715764 0.0006168436774824018
0.0015647448008919655 0.00022570369166335233 0.00022570369166335233 0.0006168495143700707
0.0015975939424953305 0.00012124178866988897 0.00012124178866988897 0.0006997975104571789
0.0016187193660400295 0.00011230175952341318 0.00011230175952341318 0.0006997991730473431
0.0015975924924488145 0.00010188034778722994 0.00010188034778722994 0.0006816344207834779
0.0016187181747371604 9.385269519269834e-05 9.385269519269834e-05 0.000681636006658336
0.0016200136815414888 7.162966144347547e-05 7.162966144347547e-05 0.0007079450282617195
0.0016024726391342852 7.435162517999617e-05 7.435162517999617e-05 0.0007079436592279208
0.0016200160607867406 5.6903261119542256e-05 5.6903261119542256e-05 0.000691674416970392
0.0016024751905030258 6.288293947866264e-05 6.288293947866264e-05 0.0006916735215195868
0.0015802136427483199 0.00013729326393712175 0.00013729326393712175 0.0006678811297991727
0.0015369707405372265 0.00014210013313454618 0.00014210013313454618 0.000667879557927262
0.0015802183883918853 0.00011875445965856847 0.00011875445965856847 0.000659840927121802
0.0015369755745306866 0.0001226524073583036 0.0001226524073583036 0.0006598397975256993
0.001503353937114357 0.00016972733873866656 0.00016972733873866656 0.0006021794913849392
0.0014547606872431721 0.00016828918823033043 0.00016828918823033043 0.000602179839050507
0.0015033597590034253 0.00014587116503056652 0.00014587116503056652 0.0006081127661109664
0.0014547666545119923 0.0001444335687171637 0.0001444335687171637 0.0006081129966728051
0.0014266176375826694 0.00013460740018015236 0.00013460740018015236 0.0005466451139190903
0.0014083344532306414 0.0001293953348667953 0.0001293953348667953 0.0005466461040351437
0.001426621312144117 0.00012243185837181722 0.00012243185837181722 0.0005662709582734958
0.0014083382356584373 0.00011798984907808589 0.00011798984907808589 0.0005662714029173357
9.916931208652065e-05 0.0006894070515102932 0.0006894070515102932 0.000241319435433429
0.0003701531169246803 0.0006941859039908955 0.0006941859039908955 0.00024131144125788718
9.916763297759945e-05 0.0005369934801274283 0.0005369934801274283 0.0002546020848599705
0.0003701468486977533 0.0005417524890831007 0.0005417524890831007 0.0002545950315859987
0.0005521035374593311 0.0005924142961279587 0.0005924142961279587 9.08315216036022e-05
0.0007782156106345096 0.0005925579855422447 0.0005925579855422447 9.084187067302368e-05
0.0005520960492665034 0.0004652803215265084 0.0004652803215265084 9.142639974773487e-05
0.0007782056244877452 0.0004654102237040415 0.0004654102237040415 9.14344985124606e-05
0.0009239693446331231 0.0004598194900927753 0.0004598194900927753 0.0003035347290885407
0.001096079043707487 0.00045780915020468614 0.00045780915020468614 0.0003035445384145142
0.0009239604683519817 0.0003630752682903538 0.0003630752682903538 0.00029894638610922816
0.0010960688038135426 0.00036105694729716617 0.00036105694729716617 0.0002989540799844578
0.001202799857688485 0.0003275247004294751 0.0003275247004294751 0.000482547868932613
0.001322285723523455 0.0003233632197786633 0.0003233632197786633 0.00048255464139486875
0.0012027922405785868 0.00026037719867270465 0.00026037719867270465 0.00047316635411002333
0.0013222777335057838 0.0002562118645351074 0.0002562118645351074 0.00047317169991163244
0.001393195420868297 0.00020178438663883696 0.00020178438663883696 0.0006055162979238744
0.0014674737408100283 0.00019535754251109687 0.00019535754251109687 0.0006055204959372521
0.0013931906541056961 0.0001600542927061758 0.0001600542927061758 0.0005910672145458831
0.0014674691254260895 0.000153625939464324 0.000153625939464324 0.0005910705664107915
0.0015063736110725156 9.895976484001792e-05 9.895976484001792e-05 0.0006694467699322038
0.0015384058707128753 9.172385718908142e-05 9.172385718908142e-05 0.0006694479146248888
0.0015063721868653229 7.597262537166905e-05 7.597262537166905e-05 0.0006543246634268819
0.0015384047176592737 6.901706012095324e-05 6.901706012095324e-05 0.0006543256406289684
0.0015499881458498452 6.75720202975111e-05 6.75720202975111e-05 0.0006809888014948218
0.0015496255179663155 6.984355279074505e-05 6.984355279074505e-05 0.0006809882847004321
0.0015499894691818636 6.17130174129993e-05 6.17130174129993e-05 0.0006680708032283398
0.001549627025938033 6.756881952241654e-05 6.756881952241654e-05 0.0006680704964487428
0.0015427506680483884 0.00011066349049602824 0.00011066349049602824 0.0006547960608726972
0.0015243460538984935 0.00011465499854107536 0.00011465499854107536 0.0006547954378188519
0.0015427536459682231 0.0001051985959956216 0.0001051985959956216 0.0006490518771182348
0.0015243491200550331 0.00010921231146139103 0.00010921231146139103 0.0006490514541401947
0.0015105201396892174 0.00013280018819137693 0.00013280018819137693 0.0006117089158854672
0.0014911535350275314 0.00013185620588018363 0.00013185620588018363 0.0006117089982050256
0.0015105236043289787 0.00012373549555041774 0.00012373549555041774 0.0006155970954676926
0.0014911570326869561 0.0001227353898401592 0.0001227353898401592 0.0006155971492316117
0.0014835082235180798 0.00011155444317657727 0.00011155444317657727 0.0005791876610500226
0.0014819720165549707 0.00010808867870954371 0.00010808867870954371 0.0005791876768060469
0.0014835105838945878 0.00010551355894356287 0.00010551355894356287 0.0005955031299042542
0.001481974257243785 0.00010055771058273926 0.00010055771058273926 0.0005955030037335885
9.006039708603312e-05 0.0004308633461915081 0.0004308633461915081 0.0002700878701430811
0.00033614973680544456 0.00043647925571457504 0.00043647925571457504 0.0002700832555341169
9.005884214093065e-05 0.00029245388629866947 0.00029245388629866947 0.000293243182373888
0.0003361439322404862 0.0002980534404241229 0.0002980534404241229 0.0002932400325315354
0.0005058545907332114 0.0003768960201620213 0.0003768960201620213 9.132619990913048e-05
0.0007234060815093188 0.00038087727083301975 0.00038087727083301975 9.132919986612646e-05
0.0005058468577005694 0.0002545756368925314 0.0002545756368925314 0.00010462932681377688
0.000723394792115661 0.0002585441426858011 0.0002585441426858011 0.00010462906253434339
0.0008639863953874442 0.0003024175261235706 0.0003024175261235706 0.0002974171848836158
0.001030516246364777 0.00030262341202803877 0.00030262341202803877 0.0002974215661857943
0.0008639760059022312 0.00020880997574782356 0.00020880997574782356 0.0002978415704137379
0.0010305043351932653 0.00020900840004613465 0.00020900840004613465 0.0002978445126452051
0.0011354475145721294 0.00022377727681954348 0.00022377727681954348 0.00046770850064028433
0.0012556150836603983 0.00022133234081332773 0.00022133234081332773 0.0004677114910492006
0.0011354383549379847 0.00015624667388625994 0.00015624667388625994 0.0004621958819889519
0.0012556055558833816 0.00015379785362889186 0.00015379785362889186 0.0004621978964640425
0.001327492349327995 0.0001451569745214119 0.0001451569745214119 0.0005827309793653162
0.001403721438233928 0.00014146124049836017 0.00014146124049836017 0.0005827325318363237
0.0013274863574300245 0.00010232937169734599 0.00010232937169734599 0.0005744205650308735
0.0014037155327819018 9.863207636491235e-05 9.863207636491235e-05 0.0005744216180448946
0.0014461489105327865 8.298501633090801e-05 8.298501633090801e-05 0.0006451994202410374
0.0014858574569428936 7.92374295441021e-05 7.92374295441021e-05 0.0006451999497625128
0.001446146315768863 5.9796258907250194e-05 5.9796258907250194e-05 0.0006354008390753761
0.0014858550592933251 5.899624327484419e-05 5.899624327484419e-05 0.0006354012124728275
0.0015046128164857469 6.705313614521012e-05 6.705313614521012e-05 0.0006603851171222729
0.0015161633322599139 6.875776533769226e-05 6.875776533769226e-05 0.000660384967429003
0.0015046129345260733 6.902301043956811e-05 6.902301043956811e-05 0.0006523067793951157
0.0015161635943478776 7.374917228367798e-05 7.374917228367798e-05 0.0006523066973258493
0.001519730854644696 9.42511075201658e-05 9.42511075201658e-05 0.0006455182907873217
0.0015179371562076417 9.647311598977126e-05 9.647311598977126e-05 0.0006455180767110363
0.0015197325108839775 9.322983158030335e-05 9.322983158030335e-05 0.00064160368815016
0.0015179388828774158 9.580824699367233e-05 9.580824699367233e-05 0.0006416035592190392
0.0015170945874118272 0.00010635433967296963 0.00010635433967296963 0.0006179379223772371
0.0015165866179033267 0.00010682406506755423 0.00010682406506755423 0.0006179379619316775
0.0015170964307015102 0.00010389523149757844 0.00010389523149757844 0.000620440533585137
0.0015165884480238202 0.00010469651816270005 0.00010469651816270005 0.0006204405581724523
0.0015227690371705832 9.438342374424037e-05 9.438342374424037e-05 0.000604792930052271
0.0015401565510443382 9.429543905472489e-05 9.429543905472489e-05 0.000604792858764385
0.0015227694472723108 9.647954321187336e-05 9.647954321187336e-05 0.0006138613216996065
0.0015401568092687477 9.45619934758679e-05 9.45619934758679e-05 0.0006138612535683744
9.00755246527243e-05 0.00019604702905719486 0.00019604702905719486 0.0003167597403856054
0.00033620609973522103 0.00021508407806301925 0.00021508407806301925 0.00031675877675773717
9.007176997690309e-05 5.762361005794895e-05 5.762361005794895e-05 0.0003578516358682197
0.000336192083496659 7.664429890115595e-05 7.664429890115595e-05 0.00035785137768871165
0.0005009913062851315 0.00019157419920813568 0.00019157419920813568 0.00011898842515836939
0.000705057864577885 0.00019683398602199397 0.00019683398602199397 0.00011898866560228846
0.0005009745104430122 7.684034337866405e-05 7.684034337866405e-05 0.0001422244127209351
0.0007050379432648976 8.208889890820042e-05 8.208889890820042e-05 0.00014222415766544357
0.0008391581990888109 0.0001665427433898453 0.0001665427433898453 0.0002978089688457105
0.0010014660442148647 0.00016632568398190713 0.00016632568398190713 0.0002978100796314339
0.0008391410209243116 7.531008670345179e-05 7.531008670345179e-05 0.0002973055372361083
0.0010014481084411337 7.527891787583089e-05 7.527891787583089e-05 0.0002973058348685399
0.0011043630192669423 0.00013252727691023767 0.00013252727691023767 0.00045953164741650637
0.0012231849683104455 0.00013175019831856516 0.00013175019831856516 0.00045953207318258566
0.0011043496035596694 6.812427938186133e-05 6.812427938186133e-05 0.00045777649224052413
0.0012231714287353104 7.04016038316605e-05 7.04016038316605e-05 0.00045777660632404844
0.0012950692373052432 9.985405710997412e-05 9.985405710997412e-05 0.0005700467960431368
0.0013726510744184292 9.844929008233258e-05 9.844929008233258e-05 0.0005700470832447624
0.001295060399331093 7.124236275774379e-05 7.124236275774379e-05 0.0005664178041104947
0.0013726422870037017 7.496395072587175e-05 7.496395072587175e-05 0.0005664178810661455
0.0014167828205241245 7.980711179816623e-05 7.980711179816623e-05 0.0006305486106525297
0.0014597835151152034 8.140968810698245e-05 8.140968810698245e-05 0.000630548682852726
0.0014167781299358779 7.758267849453823e-05 7.758267849453823e-05 0.0006270962712125405
0.0014597789029145202 8.138474152943331e-05 8.138474152943331e-05 0.0006270962905586258
0.0014821403860394702 8.109253556564468e-05 8.109253556564468e-05 0.0006483565010419423
0.0015002299147106764 8.374074516137543e-05 8.374074516137543e-05 0.0006483564834506469
0.001482138805095882 8.591436529858975e-05 8.591436529858975e-05 0.000645642993692798
0.0015002283915630896 8.921118615836147e-05 8.921118615836147e-05 0.0006456429889792438
0.0015090536335941212 8.925962134787482e-05 8.925962134787482e-05 0.0006395902610452913
0.0015150765467153889 8.922544078468357e-05 8.922544078468357e-05 0.0006395902311960286
0.0015090536920033238 9.244428993463547e-05 9.244428993463547e-05 0.0006380012026388973
0.001515076631617682 9.304287786470455e-05 9.304287786470455e-05 0.0006380011946408366
0.0015205461839912747 9.462909583015397e-05 9.462909583015397e-05 0.000621449693922329
0.0015294664837020415 9.298275760295314e-05 9.298275760295314e-05 0.0006214496901196909
0.0015205462370437913 9.46551696147217e-05 9.46551696147217e-05 0.0006217019672143959
0.001529466526051284 9.448558142841437e-05 9.448558142841437e-05 0.0006217019661954881
0.0015420737381944638 9.07197148612685e-05 9.07197148612685e-05 0.0006181998998856217
0.0015675913791674244 9.04692734645726e-05 9.04692734645726e-05 0.0006181998817752513
0.0015420721176319712 9.404405893712701e-05 9.404405893712701e-05 0.0006209879078288238
0.0015675896977263646 9.326249248346495e-05 9.326249248346495e-05 0.0006209879029761715
H_3F 640
0.00844200929888982 0.0045597299866256494
0.008815976434374699 0.005524527109567554
0.008049368883085314 0.004362629097047948
0.008440992893828787 0.005327463051031355
0.012168870067319891 0.007732399841778027
0.012814068887284574 0.008572287393601535
0.011615818309332445 0.007438959324406063
0.012290272915317578 0.008278904077791667
0.015390240755895413 0.010270810713732356
0.01592420966993943 0.01084732564746285
0.014815137147444701 0.009950064953236037
0.015369246447262595 0.0105266418450645
0.01783676508857007 0.012090815043766221
0.01817571025241671 0.012435752584002736
0.017308538395564142 0.011788905578158811
0.017657734652499348 0.012133892598688242
0.019441411022075597 0.013240201570066824
0.019574243596690813 0.01337410182573605
0.019051855998915092 0.013015916697458947
0.019187452642272722 0.01314985340417468
0.020298342917617077 0.01380208896065132
0.020240153787900828 0.01374192830664112
0.020151927064304923 0.013718376733439959
0.02009336210404581 0.01365825862939004
0.020290605455389167 0.013704669034060082
0.019991382155973177 0.0133745108738104
0.020426689316947445 0.01378193336060559
0.02012956428049505 0.013451858920361017
0.019016163390181053 0.012635790738015289
0.018461794677865677 0.011926892424182212
0.019630454606983594 0.012974408500285244
0.019094119312785252 0.012265622931516033
0.015941973335990723 0.010143330404905036
0.015325484076614087 0.008945998033293103
0.017482730287919503 0.010955832883671702
0.016923364992089206 0.009758389834815927
0.013024406485219351 0.007236348755215907
0.012939686228601324 0.006672929770498595
0.013419973405030374 0.0074357294266400725
0.013337743938389098 0.006872128147881717
0.007590053745879181 0.0040582246782366795
0.007841228376784488 0.004804322484800857
0.0067624365445676776 0.0036431279378257133
0.007043471521280761 0.004389335232373242
0.010577699741194917 0.0065847509232024575
0.011002022657021812 0.007207720912539077
0.009081889789261069 0.0057977889596762195
0.009572766007511793 0.006420932492504689
0.013268676936459207 0.008678576172131195
0.013700312617549735 0.009193968657516703
0.011399218265758678 0.007650213761966198
0.011898727905666845 0.008165753858287005
0.015632050045262837 0.01044590513564262
0.016024120975737827 0.01087246742299597
0.013697446058096495 0.00935131937231581
0.014143095784166452 0.009777937429641744
0.017672815444168394 0.011945269893482163
0.018040526409709694 0.012324252912929
0.015975111389752904 0.010969043402125692
0.016380716774161985 0.011347920470463095
0.019426140226091758 0.013219214936954691
0.019661673405659195 0.013455858423261642
0.01810973448563037 0.012455695741246973
0.01836210867355832 0.012692291607643222
0.020620799375656373 0.014060725947369925
0.0207049283290264 0.014145204696776494
0.020073712647716863 0.013744452178250571
0.020160107843853414 0.0138289134348787
0.021179326180077406 0.01442826946501358
0.021148654535504973 0.01439625065972313
0.02191236151781402 0.014847150536700188
0.021882850502871903 0.014815170486501092
0.020991768363611454 0.014255341254644862
0.020711835811488687 0.013954811725139848
0.023786782270122573 0.015824671330574906
0.023541011730318924 0.015523863455905972
0.017568160895671123 0.011648516252690241
0.01609686208708644 0.008972786920582747
0.02396895159934504 0.015085013113403718
0.022923797719213566 0.012407622170863327
0.006114184297333136 0.0031995261657688967
0.00620630254061302 0.0035993975563970537
0.005215715974781631 0.002749645291274532
0.005323268920829105 0.0031495962597085174
0.007552528196478752 0.004467159988885077
0.007657678611841583 0.004687226808193173
0.0059843062924955556 0.003661479539181901
0.006115591040251205 0.0038816510315643846
0.00884135014607252 0.005414531176252233
0.008962097982147739 0.005622976467413624
0.00650575065668851 0.004189141544887101
0.006667002974314094 0.004397598915262176
0.010255309245364467 0.006413971452180709
0.010413134901649499 0.0066569976270632325
0.006998742306900127 0.00466898168043231
0.007225036418742094 0.004911946649067096
0.011872848174747291 0.007563376548498295
0.012099948123946637 0.007879901473030027
0.007529230841143021 0.005172954280447204
0.007878307095723838 0.005489204013830277
0.013564785673446206 0.008822489120404757
0.013862754219326028 0.0091960764288361
0.008116020376845747 0.005701658998395178
0.008600604072554214 0.006074850271725914
0.015507306712378875 0.010264470963108976
0.015882957218530207 0.010696371275164523
0.008880116414470009 0.006278157874261328
0.009520169669053875 0.006709742952956925
0.017732399128383952 0.011898403154893433
0.018146225475430856 0.012346212958346852
0.009871791669868823 0.006905521729160018
0.010607093619728164 0.007353640790764391
0.020180387013698006 0.013676801319255302
0.02061365461757264 0.014126936143055074
0.010778139971460704 0.007261353855948048
0.01159938620929293 0.007714822485194377
0.02157793122833007 0.014730084784367908
0.022144583604099162 0.015302011712094114
0.010925904616106935 0.006451494499990176
0.012095332940260876 0.007008809357364386
0.004624270474161303 0.0023597388666518064
0.004639241713282342 0.002492169695985778
0.003929023279604669 0.002012015222139293
0.003946370349953424 0.0021444681972031805
0.0048590316642238025 0.0026601952851024193
0.0048814958726159634 0.002747321191588682
0.003893466124904482 0.002174341055617139
0.003920877508732971 0.00226137324963214
0.004827135937721786 0.002759822848768889
0.004848731667824578 0.002819255454244559
0.003700638230746381 0.0021873746650643323
0.0037280324576242055 0.0022466819878299675
0.004663614028998096 0.0027608378451198998
0.004688832878634596 0.002816158449732054
0.003446046661842101 0.002133754377396154
0.0034793559918845514 0.0021889530137218314
0.0043632885576615306 0.0026874751143505316
0.004422131872409722 0.0027878557517313583
0.003166477138386355 0.002056424011418216
0.0032463616953928 0.0021565971820638272
0.004021601122005975 0.0026224843047022535
0.0041118902425926595 0.0027344191542079234
0.0028672856364020476 0.001975841850973186
0.0029918994672064425 0.0020875310036617945
0.00367553938650173 0.002525576491440606
0.00383262319452565 0.0026689911201758874
0.0026915799120883596 0.0019032223429293628
0.00290169457911156 0.0020463194812677297
0.0035622797802661857 0.0025182106167892324
0.0038631254081774222 0.0027274976972802966
0.002891614565248387 0.0019912892713759597
0.0032548361021727343 0.002200759942600592
0.0038876571322838164 0.0026668718377861307
0.00464253099635215 0.0030943405208535306
0.0035588480735120284 0.0022932604890586747
0.0043704664864764415 0.0027214072912747495
0.004278240971109296 0.0029848316707938886
0.0026741430069125885 0.0017383626098463325
0.0035616411549719085 0.0020768376976238304
0.0011958120395898799 0.0008258189039265071
0.0034514734447331588 0.0017606385827195893
0.0034625368271175277 0.0018578649175453146
0.0028439756027545037 0.0014567977461694486
0.0028570019165493838 0.0015539797343998832
0.0032718933852030423 0.0018347050339346113
0.003322768922746578 0.001978717579989205
0.002562466022448017 0.0014759954530363779
0.0026265951380398775 0.0016199059661836537
0.003062474950534583 0.0019141240161557604
0.003143035257733479 0.0020353378172971847
0.0023760730299448186 0.0015498282114203054
0.0024784212106747044 0.001670872751557591
0.0029173229465086843 0.0019570348730515072
0.003022113776195399 0.0020667622433560126
0.002290211922508075 0.001593409248119643
0.002421907795478429 0.0017030487328083474
0.002794211065075919 0.0019586867698673928
0.0029653328770171045 0.0020930418988070023
0.00228101470344626 0.0016105297226228887
0.0024872505620904236 0.0017447160773780002
0.002792006017111005 0.001963854250471611
0.0030260457791784208 0.0021110201118039124
0.002495873178822589 0.0017033760022429646
0.002754900996211548 0.0018504315645968465
0.0030123251991192746 0.002036121597631063
0.0032490766252251525 0.0021687361781045442
0.002873124702307116 0.0018725054309145775
0.0031203101301783436 0.002005103132983047
0.003325396330895329 0.0021569816978094687
0.003523198415424886 0.002262837777848123
0.0032537060091961715 0.0020519252753952006
0.0034555505508040026 0.0021577891655474297
0.0033441255817581394 0.002125173028088647
0.00281874632629815 0.0018440487939004758
0.0032910717079374804 0.002033101383198152
0.0027549432413114007 0.001751981443815683
0.0017440261216696202 0.0010826561539565148
0.0009599319346989064 0.0006581283758835058
0.0017203502591931817 0.0010206986232764671
0.000899002006254197 0.0005915657282004197
0.0024527331237078776 0.0012936059533878428
0.002503905171951258 0.0014832996124566913
0.0019845490811890108 0.0010590311159565076
0.002047090545774163 0.001248638790863729
0.0022149748684888726 0.0014243390363405154
0.0023493148950342966 0.0015875900214023173
0.0017677792829213816 0.0011813368670296873
0.001932936864697427 0.0013444264442954773
0.0021949777312855944 0.00153524736013052
0.0023519399957750093 0.0016598206779988413
0.001839264072958333 0.0013005402070295205
0.002023716951328865 0.001425023397460843
0.002259167254842545 0.001591359528099783
0.002443280854494852 0.0017085182569985965
0.002034126746387953 0.0013997851740910274
0.0022365588035654724 0.0015167761641168172
0.002440372406605808 0.0016596602186815994
0.0026415982118842005 0.001773497930064327
0.0023177652527296886 0.0015208123739902497
0.002528627654758408 0.0016345727742462601
0.0027046568757919266 0.0017602240826537186
0.0028763487319773623 0.0018523455010047408
0.002651543851669902 0.0016846857372814768
0.0028263975094580144 0.0017767856093133362
0.002951482690062027 0.0018721457638103702
0.0030504953938078685 0.0019243376824199104
0.0029203473491374947 0.0018215754701557429
0.003020361282479323 0.0018737658429495948
0.003029550236874336 0.0019098288274550675
0.002894464974028216 0.0018385866427995847
0.0030097256515715922 0.001876207515467442
0.0028736991095268134 0.001804978493754889
0.0025737146996340876 0.0016238229146399046
0.0019740543112422475 0.0013028763043574781
0.0025571339347232173 0.0015940357383903959
0.001951735823100944 0.0012731042717000962
0.0012675471911170499 0.0007853041754056293
0.0009780822909643198 0.00063266317963322
0.0012723713778344766 0.0007898923920178617
0.0009815486055962843 0.0006363196798615843
0.0016923026431549114 0.0009338022992999675
0.0018197640062388952 0.001187663639563539
0.0013511990898470187 0.0007619337668378514
0.0015074899758553615 0.001015710812713432
0.0016347814165175376 0.001146433771182127
0.001855717709746838 0.0013120797088110327
0.0013938991289954646 0.0009855552124988188
0.0016472323929322848 0.0011511222222967015
0.0018536287296694325 0.0012863703206911943
0.0020586392021083293 0.0014072876716857258
0.0017353750586159744 0.001171074434943341
0.0019526881409492641 0.0012918910806243012
0.0021316451789768465 0.0014121173880905537
0.0023129171783034174 0.0015109483920498611
0.0020664397965342693 0.0013266987648545292
0.0022528816342190765 0.0014254710491909614
0.0024039839302315057 0.0015344310280315818
0.002553653694356821 0.0016135233247099065
0.002371528399309037 0.0014831099805482988
0.002523085536903113 0.0015621881804539117
0.0026388031752529965 0.0016532433502659204
0.002737732111805119 0.0017049789233384775
0.002621099548609643 0.0016227195151352562
0.0027206539181700465 0.001674450448540716
0.00277286138177564 0.0017329021472410533
0.0027532627805740037 0.0017226472304290425
0.002767718065996452 0.0017240171741207994
0.0027480880097720205 0.0017137696652070452
0.0026683954251349824 0.0016904832021777398
0.0024332065638973444 0.0015656842431667202
0.002661106991687759 0.0016784141742914045
0.002425167813728472 0.0015536217855718715
0.0021052605163252034 0.001341536857062366
0.0016229309513043383 0.0010811055830210435
0.002089160524044786 0.0013152939767048296
0.0016016550345487122 0.0010548679146247502
0.0011881037867402207 0.00074801451324025
0.001030695320235004 0.0006646391402413954
0.0011918607455017182 0.0007529237419891642
0.0010342941610978998 0.000669250791153291
0.001143252719047054 0.0006643598103609684
0.0013583203581453529 0.0009430150580155915
0.0009216880317400275 0.0005513140138893668
0.0011777287133738182 0.0008298901408585639
0.0013369231578599248 0.0009341233719034578
0.0016020825106259362 0.0010916663353675129
0.0012435022796429376 0.0008484550491613119
0.0015248842652675085 0.0010059386022676585
0.0017304608938422089 0.0011348615406547467
0.0019419806333069163 0.0012486883054909244
0.0016851964294589902 0.0010720754649727548
0.0019016935667790853 0.0011858596032288489
0.0020659034182993327 0.001302421985960644
0.0022257129533837018 0.0013861479140735054
0.0020403428335131917 0.0012586289742210583
0.002201976767857175 0.0013423410014898971
0.0023275608908294386 0.0014417925070318322
0.0024419961873855577 0.0015012428181539947
0.0023162219844032827 0.0014209612723435079
0.0024311729952736167 0.0014804051951610446
0.002512971149061604 0.0015590741120533821
0.002551209107674916 0.0015789842362759995
0.002513513099598188 0.0015600966070254212
0.0025517402753346585 0.0015800073808070736
0.0025613117290919202 0.0016171496084547848
0.002477588772467684 0.001572992337658353
0.0025619146899369745 0.0016180046222816497
0.0024782116531227834 0.001573849518516148
0.0023621484466051046 0.001514570255408151
0.002127283730595882 0.001388604317329289
0.0023526246601735827 0.0015001901281345323
0.0021166707274933847 0.0013742278884794005
0.001829923073562938 0.0011688786910970714
0.0014718231436735344 0.0009757746019342692
0.0018230539815602246 0.0011580237462013956
0.0014631486876437593 0.0009649220259349973
0.0012042824517265547 0.0007620485194860756
0.0010692009394770215 0.0006903296049307868
0.0012094481977731498 0.0007696264420706294
0.001074870936105198 0.0006978586531442745
0.0007866145562292841 0.0004789987036048527
0.0010570319131571265 0.0007472908090962562
0.0006396542812070778 0.00040252342695590873
0.0009526356588924322 0.0006707758543183482
0.0011632724837846238 0.0007800265262559126
0.001444503939196646 0.00093352251022466
0.0011208425206607488 0.0007282033415503507
0.0014105082381508864 0.0008816769512749357
0.0016122579425008401 0.001010487560612268
0.00181725421100462 0.0011173276297933537
0.0015906655844448504 0.0009716324778054732
0.0017980921806404241 0.001078454234610273
0.00195479239865554 0.0011993504599288902
0.002104609880303862 0.0012767629268307578
0.0019462536638472439 0.0011826631932700352
0.002096661674765422 0.0012600663319405124
0.002211058725216829 0.0013630189079694042
0.0022936013522971274 0.0014058205850460389
0.002213962259520923 0.0013684238893263998
0.0022963929291500533 0.0014112227867308814
0.00235957762805735 0.0014849838001850277
0.0023604234326161672 0.0014854298209054898
0.0023655414739006445 0.0014945888941618316
0.0023663849410791565 0.0014950348015378583
0.0023507246696772037 0.001507369340358338
0.0022523796070976687 0.0014548605586158871
0.002349492553781343 0.0015055059041489901
0.0022510920481274717 0.0014529986418155656
0.0021295647404992197 0.0013761115726586076
0.001935841919393219 0.0012715413796423793
0.0021225587432721037 0.0013661200110265882
0.0019281177781772033 0.0012615519090882332
0.0016944190227700761 0.0010866779153357897
0.001424952797096183 0.0009413485383074576
0.0016931418825741325 0.0010846266732588582
0.0014233913245485085 0.0009392982773448646
0.001235877161132598 0.0007866739845055243
0.0011302720679711065 0.0007304539338949406
0.0012401381187263558 0.0007928950764433547
0.001134875508786392 0.0007366545628552552
0.0005482187050908986 0.0003480515525858559
0.0008411631910698963 0.0005904609720819612
0.00046112493154575914 0.00030150537759135476
0.0007871259406090595 0.000543892988471717
0.0010098076211745397 0.0006495654407623301
0.0012867856741501098 0.0007952440336778752
0.000985320963545216 0.0006107408516314118
0.0012676301075158873 0.0007564083344592917
0.0014669149354261766 0.0008919255416075838
0.0016730985258091387 0.0009978960677115745
0.0014573284914715394 0.0008715180058901584
0.001664679412880875 0.000977477898736635
0.0018226978448679194 0.0011157521797964358
0.0019553860908255883 0.00118426016025464
0.001824300608113534 0.0011189005903106126
0.001956870091062219 0.0011874042472184185
0.0020686833387592697 0.0012984639353379322
0.002131860731754845 0.0013315537750040723
0.0020772123620440546 0.001312334036249617
0.002140134812958648 0.001345422471970309
0.0021921936314651586 0.001407449218637297
0.0021789355616598665 0.0014003827938838646
0.002192734160212117 0.0014082283499628446
0.002179479486957747 0.0014011620221049369
0.002157404316930573 0.0014005450050381704
0.0020758042477634644 0.0013565101970489434
0.002151817277047694 0.001392881932692562
0.0020699965698858917 0.001348848168325431
0.0019669226365655016 0.001278586045845262
0.0018186894543029159 0.0011982152153593023
0.001961232255068329 0.0012708111390272734
0.0018125289195670383 0.0011904414827799757
0.0016332816269451786 0.0010524056829960592
0.0014376132260353757 0.0009467996443443274
0.001634221512600003 0.0010536617694183632
0.001438665766183749 0.0009480545735061669
0.0012773201762381768 0.0008157797595550811
0.0012063131429822498 0.0007779593939858187
0.0012826293077731136 0.0008235059937500206
0.001211912945293389 0.0007856761733250758
0.00039966901143792836 0.0002612444814604534
0.0006814181844400698 0.00047094455264812827
0.00034532462175669126 0.00023140284739811508
0.0006510012149641615 0.0004410862704525571
0.0008594296304931615 0.000528294702754364
0.0011315469983292554 0.0006681552809222476
0.00084742884879955 0.0005030746051285583
0.0011224411191782823 0.0006429284856222626
0.001318966695676241 0.0007931929658521008
0.0015141504411020172 0.0008931101973229988
0.0013184824636099097 0.0007921844387990962
0.0015137171828053361 0.0008920955633432507
0.0016775106984442787 0.001049422234395186
0.001797186886315051 0.0011118731540478068
0.0016813860022998326 0.001055920405037504
0.001800799577335468 0.001118369037174645
0.001912779672602252 0.0012283364602072278
0.0019684264492673474 0.0012579404261160063
0.0019119884356393548 0.001227205588332961
0.00196765590266897 0.0012568085985467403
0.00202030549813792 0.001314656928244063
0.0020162697947964645 0.0013124815347651886
0.0020158892596157923 0.001308714236502469
0.0020118447950773014 0.001306538946517105
0.001997909438691174 0.0013064225599083695
0.0019387098208517512 0.0012742667980480758
0.0019916416655841995 0.0012981930313158364
0.0019322501756514798 0.0012660379120745177
0.0018532784033273525 0.0012095391294266236
0.0017469186197576314 0.001151731755305107
0.0018485929348352591 0.001203316312648471
0.0017419459250088767 0.001145509634830926
0.0016121647546936725 0.0010427109961857917
0.0014829243989539424 0.0009729602900093496
0.0016141786406731254 0.0010454630345960653
0.0014851090520332513 0.0009757115374885133
0.0013586469549417915 0.0008694553258230964
0.0012737861873705826 0.0008241569658816872
0.0013674342343977946 0.0008820789399168115
0.001283146987744185 0.0008367769145680736
0.00030649148077297784 0.00020413089199450074
0.0005630463922756861 0.00038358223419630524
0.0002795370115913297 0.00018904841224230397
0.0005488249652156932 0.00036849138471629526
0.0007316365016632929 0.0004294637468452965
0.0009911654914348455 0.0005610614111812217
0.0007257607313995508 0.00041220173024784587
0.0009868243031149935 0.0005437927202958069
0.0011854152895790697 0.0007259739960545618
0.0013646700635216624 0.0008183393819276176
0.001186599388538538 0.0007282682292638248
0.0013656928179166283 0.0008206308683181626
0.0015306020994037325 0.0009774131178623719
0.0016468333879324786 0.0010388231996626112
0.0015290398663815661 0.0009750854403428092
0.00164537843702083 0.0010364938914357697
0.0017589718704400575 0.0011437160069035328
0.0018163773365283806 0.0011745667484385474
0.0017547484017108237 0.0011380085579944137
0.001812286744950789 0.001168858735232523
0.0018694052215452086 0.0012261922944292087
0.0018775118566922958 0.0012305967701722066
0.0018620307043690945 0.0012166777208589608
0.001870169459131306 0.0012210823142505952
0.0018699511493664998 0.0012284795950306003
0.0018339407802726426 0.001208840247476297
0.0018626550040915706 0.0012191504838550177
0.0018265011694928088 0.0011995116309346354
0.0017733341088115397 0.0011601980892477835
0.0017030854459606935 0.0011219836670951385
0.00176950796182342 0.0011552035375856696
0.0016991010274665637 0.0011169895339052795
0.0016113040845784133 0.0010451980304736585
0.0015292704274281134 0.0010009152592796683
0.0016135756583990199 0.001048267920873664
0.0015316615758787233 0.00100398436119873
0.001455146067945514 0.000935213587207913
0.0013983538149672273 0.0009048420854847312
0.0014638191731421058 0.0009474153186065983
0.0014073749201608842 0.0009170425747347828
0.00026166778540603246 0.00017466334121979052
0.0004851599041250534 0.00032988077224427754
0.00026292694712092067 0.00017536122825904935
0.0004858340742794378 0.00033057651699428296
0.0006329664837842378 0.0003612225670912757
0.000870821042781633 0.00048118587201769115
0.0006321406812565069 0.0003584778371929318
0.0008702142996824398 0.0004784368840894721
0.0010649356218330995 0.000664953113095709
0.0012361983192603861 0.0007539348723587235
0.0010635738959336738 0.0006626229388140667
0.001235021525964011 0.0007516026400075447
0.0013988647685276516 0.0009038422655113784
0.0015124304150755036 0.0009643471664253508
0.00139469303606359 0.0008979776166450743
0.0015085707761636473 0.0009584812985196338
0.0016246141462349084 0.0010647051799827817
0.0016880622153049884 0.0010990414145867168
0.0016182548148424645 0.001056461363651283
0.001681942215207475 0.0010907971576310182
0.0017441396047162736 0.0011486957264762547
0.0017635110627922867 0.0011592592695436864
0.0017369304118258864 0.0011396134566161462
0.0017563815572925853 0.0011501770906977482
0.0017679452738764555 0.001163979354901604
0.0017518854939221969 0.001155208149181103
0.0017614952558262314 0.0011558452388785662
0.00174537646270053 0.0011470743560113063
0.0017155583231909472 0.0011240473862737463
0.0016758108966004087 0.0011024251492322444
0.001712448598970727 0.0011200296577568436
0.0016726274167018459 0.001098407686028193
0.0016194731242233883 0.0010527667142496483
0.0015744679151088222 0.0010284702631468395
0.0016216940837586995 0.0010557362625571959
0.001576752179577499 0.0010314398255923986
0.0015277626662651407 0.0009866313757508798
0.0015107044367490456 0.0009774902786328925
0.0015348977706830464 0.0009964461352088064
0.0015179195920006724 0.0009873048192878865
0.0002609015568708294 0.00017024437375997483
0.00044186484545731265 0.00030573227909128374
0.00027323330881395754 0.00017688485891878498
0.0004492519557098813 0.000312370940141876
0.0005595254072800741 0.00032146752953146667
0.0007834997014055698 0.0004345287406537666
0.0005596148981098644 0.0003217612245071191
0.000783558716052975 0.0004348200615001029
0.0009725495779571429 0.0006137520368608318
0.0011373339689185406 0.0006998117910610006
0.0009711188850212837 0.0006114534272306049
0.0011361075497648115 0.0006975114418990002
0.0012959860892258243 0.000842673863310549
0.001407586060092127 0.0009024201824591618
0.0012925152117703796 0.0008379792973443051
0.001404389498010597 0.0008977247167087081
0.0015190929753572772 0.0009993558593960857
0.001587493071155611 0.0010364971183736403
0.0015133871450486445 0.0009921289343257896
0.001582033516887675 0.0010292698459184405
0.0016484296872806893 0.0010879101905023596
0.0016777524052849551 0.001103926892668882
0.0016423452531456708 0.0010803484251461024
0.001671774841089798 0.0010963651791441212
0.0016929881866204486 0.0011154884736723335
0.001692655986853681 0.0011153069013333738
0.0016878346935351324 0.0011090301362051017
0.0016875017356266105 0.0011088487611933878
0.0016759586823958846 0.0010987733644605428
0.0016590322351974632 0.0010895707458586728
0.0016737255304675703 0.001095902761543229
0.0016567763970838235 0.0010867002870976138
0.0016296806098682363 0.0010611145277873422
0.001611746494803106 0.0010514312666162786
0.0016311472475479547 0.0010630603498983358
0.0016132294152642565 0.0010533770909592838
0.0015925623993923645 0.0010313479422840513
0.0015911314913658117 0.001030579846680509
0.0015985704958659233 0.001039506856899421
0.0015971448045149176 0.0010387386304886866
0.0002847074511173176 0.0001800741336145571
0.000431209474008024 0.0003031164961697807
0.0003067607521449418 0.00019165101225740932
0.00044607450034853205 0.00031469198238601084
0.0005140324325912784 0.0002985903953211709
0.0007291483947132121 0.00040736764068772266
0.00051655429479876 0.00030523809225717314
0.0007309222024175185 0.0004140119273250022
0.0009137447528050073 0.00058070179013553
0.0010725778862414426 0.0006639689062752857
0.0009138731530367296 0.0005809087881579846
0.0010726838017631167 0.0006641744239192352
0.0012280033794412819 0.0008015780076062068
0.001339896741236046 0.0008616632873547995
0.0012259059063369515 0.0007988171184634683
0.001337973171427963 0.000858901726173712
0.0014497625087704605 0.0009551116643466556
0.001519872060345179 0.0009932269850351258
0.0014464366611411724 0.0009509534612304491
0.0015166995392135165 0.0009890685754133982
0.0015835494824332256 0.001045674165386912
0.0016198936253737008 0.0010655287033527032
0.00157958013184186 0.0010407735774221195
0.0016160136008213266 0.0010606281358830764
0.0016431580053207816 0.00108249896680401
0.0016537410786745582 0.0010882741498444584
0.001639928113420826 0.0010784598569605944
0.001650532057308198 0.0010842351458368634
0.0016511437654850298 0.0010826245727160089
0.0016494928910293786 0.001081727616459339
0.0016496188036287675 0.0010806680995170688
0.0016479664982497902 0.0010797712210482275
0.0016381157660758162 0.0010675162548945323
0.0016376453506176869 0.0010672622899175021
0.0016390631579541624 0.0010687684821433236
0.001638592996111189 0.0010685145030981363
0.0016384749094223677 0.0010637809836114272
0.0016546469725404233 0.0010724747049043616
0.0016418442410365262 0.0010683153844859585
0.0016579833038270998 0.001077009031418561
0.0003293179820031389 0.00020341763251916487
0.00046192062538084113 0.0003264824382464791
0.00036901316648641825 0.0002239617029225614
0.000491001757145057 0.0003470217305926853
0.0005149276981236795 0.00030998986572175046
0.0007150278980186302 0.00041202326509008673
0.0005207717769689815 0.0003215994615819737
0.0007192400242386695 0.00042363105046517056
0.0008904362217603918 0.0005684835839672607
0.0010448086337915908 0.0006496380619231494
0.0008902517820645724 0.00056822327908021
0.0010446478226403405 0.0006493769716548368
0.0011961550958390493 0.0007819473333417243
0.0013066564938743889 0.0008413585207465155
0.0011954695160188893 0.0007810630479000968
0.0013060274749682502 0.0008404740175296794
0.0014149762114938293 0.00093255801667419
0.00148631243324475 0.0009713490788315958
0.0014135100164940342 0.0009307391017207938
0.0014849161808203905 0.0009695300840349237
0.0015507627513350096 0.001023665715588327
0.0015901445067821372 0.0010451660989839646
0.0015493579324459778 0.0010219372005742093
0.0015887744342815654 0.001043437596736573
0.0016177472844584163 0.0010652484435407063
0.0016343365401976706 0.0010742931990806617
0.001616660234209912 0.0010638908993943399
0.0016332605720062023 0.0010729356902711667
0.0016389992590259473 0.0010743219473197062
0.0016445463223176224 0.0010773333889557088
0.0016383798643530571 0.0010735274473211106
0.0016439290507917657 0.0010765389131292592
0.0016426382498062634 0.0010709979389568018
0.0016508989799856764 0.0010754580869108661
0.0016427337565857359 0.0010711241021290935
0.0016509940003169965 0.001075584246123386
0.0016613736877197857 0.0010801368190400428
0.0016850857028255157 0.0010928956304713379
0.001662411621003526 0.0010815300127303975
0.001686108963282201 0.001094288800351268
sig_last 640
-91790.33997113214 2025.7888455355323 2025.7888455355323 -141958.67539547913
-77689.83492925575 2398.1903884815 2398.1903884815 -128779.25420200072
-90472.50896888917 7413.30235037129 7413.30235037129 -137682.1554171369
-76628.17375753097 6693.472982794816 6693.472982794816 -124643.98726032305
-86034.38999935488 2467.4558109097734 2467.4558109097734 -149255.49761215472
-76419.27211823178 2999.295208122916 2999.295208122916 -137816.76936570826
-83684.05872761345 5936.083471840452 5936.083471840452 -143189.8270143486
-74095.2396472774 6033.0918460380435 6033.0918460380435 -131569.01701283047
-82147.53719006822 3177.613494284204 3177.613494284204 -155090.1168630852
-76013.23588156949 3875.173218822779 3875.173218822779 -147513.8011453408
-79365.76462500285 5235.635117118334 5235.635117118334 -148524.68025996533
-73356.721119946 5679.229611913153 5679.229611913153 -140782.67246944658
-81688.0840222393 3971.5055234439064 3971.5055234439064 -161681.9766863062
-78465.77990897476 4460.775774727559 4460.775774727559 -156897.87124676738
-78942.92289373928 4983.390238161293 4983.390238161293 -155307.0135217891
-75717.45419735891 5386.27048063188 5386.27048063188 -150445.9147262754
-82958.42159031134 4431.1307375547585 4431.1307375547585 -168240.7176094144
-81686.59067090154 4796.260064275829 4796.260064275829 -166220.7589057063
-80976.12348281067 4810.314710090748 4810.314710090748 -163363.07629381932
-79734.61982329062 5081.0661750331965 5081.0661750331965 -161366.07777813144
-85289.12102178721 4780.9974997114705 4780.9974997114705 -174562.73244547125
-85927.9309560379 4979.191713436956 4979.191713436956 -175247.408992326
-84351.25993793158 4564.77527736774 4564.77527736774 -172672.8757555667
-84993.24393206878 4764.477786969821 4764.477786969821 -173401.14566188538
-88448.59641948804 4827.29845684891 4827.29845684891 -179898.07168746993
-91697.41411541769 4847.420136619163 4847.420136619163 -184220.9332842189
-88840.8717050365 3794.1592745688067 3794.1592745688067 -181539.08706151595
-92100.59433228128 3738.2270338975686 3738.2270338975686 -185911.79495059873
-92011.03521765031 4360.653143934904 4360.653143934904 -182315.88827525047
-99429.28703856799 3888.176370563998 3888.176370563998 -192114.86537699294
-94819.4463514247 1923.5670171805214 1923.5670171805214 -189623.6519878863
-102293.03669165669 1345.8853139505331 1345.8853139505331 -199255.14024836966
-96691.47991845559 2402.941259166243 2402.941259166243 -178841.69976220973
-111128.39543341458 380.30984917790363 380.30984917790363 -195022.38298854223
-104311.47316470867 -2496.7617304222877 -2496.7617304222877 -196124.95045480703
-119059.78938311822 -5501.78351980894 -5501.78351980894 -212246.07379137416
-109487.6009785836 -123.30630146370476 -123.30630146370476 -182049.3899376669
-118474.9076954506 -1051.0697647682618 -1051.0697647682618 -190379.01151085945
-111553.67060608782 -3285.0157641960577 -3285.0157641960577 -186213.33118541446
-120583.98489725769 -4285.758736719952 -4285.758736719952 -194480.51872643843
-90331.78559630043 11093.304040086019 11093.304040086019 -133690.69658518408
-79538.31650434904 10954.932678489382 10954.932678489382 -123609.51755485026
-87341.28172803436 14380.040738826794 14380.040738826794 -125014.33808093517
-76951.49794146097 13670.834758602721 13670.834758602721 -115401.44748776717
-86212.36286663344 10559.655664384265 10559.655664384265 -141331.8038941661
-79637.56816040249 11760.438433843228 11760.438433843228 -132420.86467663836
-79449.57098112864 12824.189211422217 12824.189211422217 -126164.33072789408
-72880.45749356307 13335.034942114056 13335.034942114056 -117735.39792221255
-85288.39488910833 11554.00609241148 11554.00609241148 -148001.2366596992
-80305.3205707977 12804.91777745256 12804.91777745256 -140856.2408053406
-76041.53311765287 12561.91256018558 12561.91256018558 -127682.50193232784
-71364.56256502407 13237.438853451444 13237.438853451444 -120740.31855853334
-85399.0991637065 12875.48133442583 12875.48133442583 -154353.76332958665
-82356.38241575242 13732.53384957798 13732.53384957798 -148119.47910907568
-75532.44108744265 13230.635723389856 13230.635723389856 -132322.94588533824
-72582.73986069881 13758.55530712117 13758.55530712117 -126199.32751925717
-87435.46711216951 14102.036313140976 14102.036313140976 -160154.78718137144
-85006.68140094711 14671.818442355228 14671.818442355228 -154896.50901564545
-78587.87351877373 14009.403110262163 14009.403110262163 -140063.54287478654
-76124.35692867066 14327.87152873351 14327.87152873351 -134877.85470517128
-89362.8217591356 14922.98201259903 14922.98201259903 -165452.895034866
-87843.18506991328 15242.8009257626 15242.8009257626 -161747.27360491356
-82380.27773729658 14571.086050640526 14571.086050640526 -149791.231260366
-80848.83522348962 14736.522830507154 14736.522830507154 -146238.36064002855
-90947.29101223857 14972.441991549375 14972.441991549375 -170302.68156804476
-90637.65979192177 15116.923960819877 15116.923960819877 -169241.3643941062
-87845.65211294768 14701.220847759228 14701.220847759228 -163589.4428190208
-87503.51319924348 14827.439322102664 14827.439322102664 -162399.539878293
-91861.90825287452 14066.429277036517 14066.429277036517 -175233.62363065506
-91622.21759728833 13425.79856400187 13425.79856400187 -176174.5080152789
-95761.59606986635 14264.024172136364 14264.024172136364 -184082.80287327486
-95571.86386926456 13495.711037278357 13495.711037278357 -185061.06850732176
-90190.58877864979 10060.50076017368 10060.50076017368 -179175.99768663582
-90927.40064587834 7738.9602510312825 7738.9602510312825 -183327.93864045892
-105185.38752370268 9941.30151547135 9941.30151547135 -211964.70214775848
-106216.3047001345 7237.580150639968 7237.580150639968 -216132.27672785995
-88916.70619911602 4889.984612551243 4889.984612551243 -172991.11776614276
-121858.92810934679 -5530.335981868252 -5530.335981868252 -210394.5581065006
-121981.60127477607 -5727.565515716993 -5727.565515716993 -245978.5544063476
-157054.1503342903 -17835.188655744198 -17835.188655744198 -282645.19447323564
-86873.15724984753 16067.634300224974 16067.634300224974 -120218.41822129104
-81369.97910823642 16120.211831088309 16120.211831088309 -115017.71870460003
-83455.55052627428 17109.555357916524 17109.555357916524 -111334.34657453194
-78007.566994656 16866.741646329683 16866.741646329683 -106480.52374140367
-84155.42361447838 15597.22372235504 15597.22372235504 -124413.43121101477
-82253.69406781724 16983.804926931436 16983.804926931436 -121185.39507243973
-76978.2289540475 15653.368418638656 15653.368418638656 -109525.68171337179
-75134.5719668275 16782.87279081503 16782.87279081503 -106790.45743247581
-85662.16370312787 16771.47892882338 16771.47892882338 -130141.49662013132
-84785.68102242597 18871.91000256349 18871.91000256349 -127153.80200047004
-74255.168318405 16263.85250783262 16263.85250783262 -107896.67913777988
-73483.05374787947 17871.81870374733 17871.81870374733 -105449.91630567836
-89371.19260098606 19664.68988860758 19664.68988860758 -136443.3933073984
-88934.83242450518 21686.06197554138 21686.06197554138 -133039.40662699184
-73034.70074667198 18060.21584512566 18060.21584512566 -105443.6885603026
-72854.36027212728 19395.42708144911 19395.42708144911 -102545.0016834031
-95249.52120827124 23237.58829068638 23237.58829068638 -143070.54581306555
-95702.61849448424 25136.428692710702 25136.428692710702 -139814.3630065981
-72755.42913191822 19764.049850244708 19764.049850244708 -101364.88975447584
-72922.42962862822 19371.731206800054 19371.731206800054 -98789.15186987128
-101874.0182785411 27483.866571621194 27483.866571621194 -150305.74382511582
-102814.58739302294 28369.15079111835 28369.15079111835 -148066.58150394005
-71680.70332863207 20046.94413687713 20046.94413687713 -96428.50255429174
-72475.3423797793 21235.47094758987 21235.47094758987 -94569.20263628314
-109765.1719221287 30700.660808459477 30700.660808459477 -159504.44392138388
-111453.73384365157 32113.745422488384 32113.745422488384 -155842.9686696203
-70929.3043314367 21223.787124856455 21223.787124856455 -90705.82078277571
-71578.81730607575 21000.701555658452 21000.701555658452 -86316.43192044992
-119243.62196897883 33002.199999781864 33002.199999781864 -167050.54509256055
-118702.31666583057 34655.95826679621 34655.95826679621 -159603.63162759208
-67949.15884245741 19300.554243091738 19300.554243091738 -81883.27949337292
-68993.04783527905 20930.91525685426 20930.91525685426 -81215.23965242416
-128241.5742178137 37789.446871182285 37789.446871182285 -173788.8280245804
-129319.88841171606 37360.22478180285 37360.22478180285 -170344.45608073226
-63681.639561172226 19937.92254872635 19937.92254872635 -73015.38552403219
-67452.12533839792 20664.668163097616 20664.668163097616 -74392.31092373357
-134150.37963639363 39645.32933036545 39645.32933036545 -178367.42455543342
-152861.41094098781 47081.67408964519 47081.67408964519 -185443.96465876538
-60091.91831363127 18848.702472827194 18848.702472827194 -59349.90115513007
-79910.05798524298 24897.357367022974 24897.357367022974 -78782.38144528515
-82840.93360162419 17673.41724203653 17673.41724203653 -106819.68392099113
-81504.62646772093 18077.436721169935 18077.436721169935 -105329.06314015693
-79844.48959722386 17603.49961632675 17603.49961632675 -99969.37875715914
-78549.0961329765 17921.144713754926 17921.144713754926 -98580.21251251163
-81156.90308538804 16578.9994770165 16578.9994770165 -107617.7999666921
-82835.76004941262 17919.635119632552 17919.635119632552 -108008.54510067629
-76478.39792889611 15928.56582783438 15928.56582783438 -98056.6717827053
-78206.3581775153 17223.21587173042 17223.21587173042 -98507.32224651221
-82587.89110376697 16975.79598456408 16975.79598456408 -108145.15083277259
-84911.36911475901 18598.203148561974 18598.203148561974 -108837.76926267099
-77149.51059770733 16103.787528267505 16103.787528267505 -96872.52164644799
-79433.32782285566 17658.45924116718 17658.45924116718 -97658.43769118677
-84766.62301312495 18258.62681155674 18258.62681155674 -107717.64164579794
-87225.1425051463 19833.039966187018 19833.039966187018 -108527.32410666176
-78776.33291658782 17191.340127375686 17191.340127375686 -95300.04949927678
-81313.77336222888 18714.481309432766 18714.481309432766 -96065.29941653591
-87116.06016618185 19879.845825806085 19879.845825806085 -105885.54622754133
-90681.47339237528 21460.545157898523 21460.545157898523 -107335.67286623402
-80704.59400347288 18531.531201213307 18531.531201213307 -92589.94932271878
-84156.22761118392 19933.566558872495 19933.566558872495 -94108.00798183715
-89868.9150032826 21154.285535794865 21154.285535794865 -102553.51848536491
-94019.97676343498 22618.465520406604 22618.465520406604 -104595.93933380609
-83171.99538908884 19422.1593543724 19422.1593543724 -89130.18098832064
-87268.11945805362 20710.369570919545 20710.369570919545 -91303.35021369846
-92437.76858192682 21740.495528017942 21740.495528017942 -98219.884694864
-96516.6520057451 23125.802151950047 23125.802151950047 -100535.79732978887
-85641.80868918182 19659.243500140758 19659.243500140758 -84918.28387394897
-89699.4815591769 20908.760506145372 20908.760506145372 -87218.7315411222
-94255.73933308848 21613.638399544914 21613.638399544914 -92430.40246758304
-99071.18360504751 23023.266179572525 23023.266179572525 -95098.15875697519
-87277.46346796796 19262.186477242707 19262.186477242707 -79063.57596514019
-92023.7273818609 20636.23318118247 20636.23318118247 -81833.39630139041
-94139.01991564425 19278.352618766927 19278.352618766927 -79578.15266884281
-103208.80421792135 20826.970701468417 20826.970701468417 -84637.67291983102
-89075.01492742225 16922.16959499569 16922.16959499569 -71493.7965610258
-98119.661482191 18632.060676541932 18632.060676541932 -76653.20193908557
-83058.10364434031 2578.122057237935 2578.122057237935 -54581.42392405261
-57697.05856201586 -1324.2374033577937 -1324.2374033577937 -41575.83185695697
-93457.50971061071 10087.672276487865 10087.672276487865 -70425.8692450397
-67085.33077103697 6603.986549290525 6603.986549290525 -57872.73583780959
-78774.35013250294 17482.557586488983 17482.557586488983 -95998.6694841258
-80357.00071664117 18271.96460046379 18271.96460046379 -96572.98999093701
-75924.08556730788 16812.727271900818 16812.727271900818 -90015.7607724091
-77503.06955260246 17660.406350588884 17660.406350588884 -90611.09179298283
-79331.62438861551 16075.188598343051 16075.188598343051 -95575.30241143925
-82233.45161951054 17313.93757858981 17313.93757858981 -96808.4954646738
-75993.85510151183 15215.715473982873 15215.715473982873 -88237.10733373143
-78909.28612620254 16393.8298844421 16393.8298844421 -89519.53938572612
-81911.00717238868 15871.046747772674 15871.046747772674 -94645.05964144645
-84671.01076013071 17147.238300017823 17147.238300017823 -95751.42246581716
-78447.54749946919 15029.498250778608 15029.498250778608 -86874.53028856138
-81164.61476992274 16206.51025968623 16206.51025968623 -87997.89397337071
-84452.58253066207 16195.821654646219 16195.821654646219 -92906.05007807755
-87110.19995889849 17416.276480225737 17416.276480225737 -93984.27632096756
-80970.81349556283 15299.826895768008 15299.826895768008 -84947.49545833125
-83584.6488692169 16406.310612473862 16406.310612473862 -86062.64050668341
-86747.34424295288 16615.607483533626 16615.607483533626 -89988.2146276008
-89700.40484494911 17721.63203449134 17721.63203449134 -91267.15465253397
-83162.9429331306 15523.682075313094 15523.682075313094 -82173.83598166787
-86024.23990014975 16585.4414978563 16585.4414978563 -83564.33589213052
-88785.16299508217 16528.908964791048 16528.908964791048 -85805.26559412625
-91931.5971306349 17509.331602691404 17509.331602691404 -87365.65278247604
-85320.27214474282 15290.46632802633 15290.46632802633 -78662.88909617357
-88391.81650173738 16353.011828990951 16353.011828990951 -80271.48282381445
-90386.8689230168 15555.179340869461 15555.179340869461 -80559.91522839492
-93075.88368246739 16383.94958287627 16383.94958287627 -81987.38585653367
-87277.80743029142 14417.384829496896 14417.384829496896 -74517.54226500499
-89900.78847672134 15203.71515896931 15203.71515896931 -76050.64276575994
-90487.60892658011 13108.623742483443 13108.623742483443 -73425.89138427451
-92734.76378586964 13701.47312847347 13701.47312847347 -74683.08418672958
-88446.65825571535 12183.016942025275 12183.016942025275 -69637.15002863489
-90691.57372641933 12795.842900718053 12795.842900718053 -70939.33246174856
-87823.37186565134 6686.561909705083 6686.561909705083 -64488.42737688482
-82665.11931457378 6339.255386634604 6339.255386634604 -61972.127269709876
-88603.57827976815 8053.73862744146 8053.73862744146 -66167.17703624243
-83494.17986873096 7701.435309924531 7701.435309924531 -63668.80569992781
-78588.98844441655 -4156.442125246286 -4156.442125246286 -67033.31718243688
-56838.64536216183 -3403.7391249114635 -3403.7391249114635 -58986.47469378669
-77940.51671939675 2854.0520025075425 2854.0520025075425 -64790.64413684658
-56220.33913042409 3077.360953967994 3077.360953967994 -56890.08537730958
-74751.23340160571 16352.028271316369 16352.028271316369 -86535.05832667887
-78260.93529875338 17348.30495445867 17348.30495445867 -88202.88676829629
-72472.13022918894 15500.490594264633 15500.490594264633 -81830.98283917997
-75964.8726616779 16460.144109753186 16460.144109753186 -83572.09678730123
-77654.80917350615 14806.842562216438 14806.842562216438 -85727.12448175377
-81017.40140179 15761.94174124447 15761.94174124447 -87142.02413457856
-75357.01309592725 14043.008379307943 14043.008379307943 -80468.55440695182
-78623.5005935782 14920.326432698255 14920.326432698255 -81885.75534415217
-81210.72608273424 14169.93646556112 14169.93646556112 -84354.68374574362
-83765.8701492752 15050.513215623438 15050.513215623438 -85426.7985353109
-79031.57524419313 13438.430431076822 13438.430431076822 -79062.32732275531
-81492.55573994787 14253.184562623706 14253.184562623706 -80152.98063950911
-83902.51071656468 13700.20059305571 13700.20059305571 -82231.98090857711
-86214.165842574 14528.611975113854 14528.611975113854 -83274.44516523821
-81712.70267957982 12904.831060122091 12904.831060122091 -76985.44050383667
-83914.7859216233 13728.579989790904 13728.579989790904 -78116.20101613816
-85978.84413434373 13100.664986119924 13100.664986119924 -79246.44727399688
-88122.77486543622 13833.405628187516 13833.405628187516 -80372.65276560451
-83792.01786571376 12260.626335680023 12260.626335680023 -74503.32154119153
-85902.78532774305 12950.081828358314 12950.081828358314 -75641.58736150431
-87369.35187852343 11924.033213667699 11924.033213667699 -75436.36605297844
-89151.3622940198 12544.570794218918 12544.570794218918 -76450.6090696905
-85510.81426404469 11135.091467720405 11135.091467720405 -71474.01929667687
-87297.51896538146 11768.564819327323 11768.564819327323 -72487.15308320544
-88001.94051988794 9811.066009562 9811.066009562 -70708.42606404639
-89007.51037345616 10264.418800237057 10264.418800237057 -71321.80154737509
-86637.16180227765 9311.923941510535 9311.923941510535 -68148.9722510898
-87638.71018683238 9761.129642643857 9761.129642643857 -68779.25349761317
-86683.59483806616 6350.53898288402 6350.53898288402 -65739.0404333321
-85351.75575149336 6465.538876277725 6465.538876277725 -65145.16176217105
-86272.44773846098 6644.780633690171 6644.780633690171 -65221.87386818058
-84946.4235207475 6753.062099927183 6753.062099927183 -64622.59778977082
-82733.14180346635 986.4933681728264 986.4933681728264 -62793.84884452717
-76303.77303477778 897.2728856449717 897.2728856449717 -59838.959303835996
-82847.01720170862 3083.3484396791837 3083.3484396791837 -63351.729668735585
-76437.44110996534 3006.050040320037 3006.050040320037 -60398.44028768548
-71345.33696846475 -3316.4334799346607 -3316.4334799346607 -61870.98890259261
-58351.05687864438 -3301.1388147537305 -3301.1388147537305 -57194.1564368749
-71701.12210019577 875.3156842623317 875.3156842623317 -62291.16876089137
-58472.2459052499 662.7204856777016 662.7204856777016 -57587.732495130076
-71326.38955701249 14803.854221421014 14803.854221421014 -79059.4110348905
-75952.45294712219 15855.731714266567 15855.731714266567 -81429.60643932493
-69448.11007706422 13979.692682240302 13979.692682240302 -75619.05732434099
-74077.89234614832 14886.110609576957 14886.110609576957 -77917.84498793999
-76165.48593073183 13385.257642006196 13385.257642006196 -78228.96682214111
-79412.72228071392 14079.602643325046 14079.602643325046 -79611.92832171351
-74624.59761540753 12553.204835527416 12553.204835527416 -74582.77902376975
-77899.93022557868 13289.643561164037 13289.643561164037 -75959.01126105398
-80033.07789427086 12236.176949289144 12236.176949289144 -76697.88785592503
-82518.04542104114 12886.519201972897 12886.519201972897 -77758.05302406364
-78530.94317676418 11507.7720046404 11507.7720046404 -73138.00713620648
-80953.9072985378 12163.427100249672 12163.427100249672 -74240.69765341251
-82653.69360665725 11152.836192548475 11152.836192548475 -74644.38532432521
-84599.95916136654 11754.269972254559 11754.269972254559 -75553.99243332937
-81279.48367504693 10452.7034340413 10452.7034340413 -71349.80416260996
-83183.6315975522 11057.653939600288 11057.653939600288 -72293.4136850374
-84453.05662845135 9809.498619715729 9809.498619715729 -71896.00282785104
-85956.54156572536 10315.825064351979 10315.825064351979 -72714.78435228391
-83201.38663963474 9209.475658987114 9209.475658987114 -69164.8161581192
-84722.67174094023 9711.002346696703 9711.002346696703 -69958.12355863006
-85339.22974839626 8042.983794579213 8042.983794579213 -68813.9534628181
-86374.9183046071 8423.484915542565 8423.484915542565 -69364.63566808568
-84359.45170305629 7642.039976764094 7642.039976764094 -66852.43957798222
-85364.52072429206 8008.962342816122 8008.962342816122 -67407.04017186607
-85155.595501388 5604.275834587114 5604.275834587114 -65713.78723402551
-84941.25240015575 5842.002677318133 5842.002677318133 -65653.40498613362
-84516.75380197247 5586.573438557913 5586.573438557913 -64694.00424217737
-84307.05822770798 5824.1999472326115 5824.1999472326115 -64637.1493789908
-83162.89070601683 2280.581160995037 2280.581160995037 -62941.30667280425
-80693.03409945121 2324.106604670291 2324.106604670291 -61798.90650357113
-83056.33969743703 3073.050149401347 3073.050149401347 -62932.706240127576
-80597.61358290026 3115.410924063013 3115.410924063013 -61799.15454080157
-78514.36922457376 -1109.8706998942748 -1109.8706998942748 -61384.386545302244
-72768.97805725153 -1299.4142407771644 -1299.4142407771644 -58918.53758947034
-78775.43482299856 733.0085813510866 733.0085813510866 -61857.05995635046
-73060.17779195518 596.6478911532372 596.6478911532372 -59395.90082490797
-69660.25600961657 -2650.8468866663975 -2650.8468866663975 -61687.07010498503
-61301.16814631797 -2530.3619934589815 -2530.3619934589815 -58681.06663512456
-69597.12375338233 66.12403347357125 66.12403347357125 -61312.875798861955
-61199.5165023734 107.16355120409035 107.16355120409035 -58283.54493391206
-68426.78609742367 13349.784431960667 13349.784431960667 -73540.55806211414
-73505.73958465757 14141.346230459916 14141.346230459916 -75955.04823461389
-67096.6819058675 12468.086249932687 12468.086249932687 -71134.69627179691
-72308.53664802748 13325.634437823737 13325.634437823737 -73488.66713602847
-74513.82816848073 11738.251622547607 11738.251622547607 -72641.76767670845
-77703.48229228688 12288.382663758774 12288.382663758774 -73953.43755149719
-73520.54950796206 11061.870178890094 11061.870178890094 -70217.49738075143
-76697.85744641846 11545.692331716724 11545.692331716724 -71538.04830484273
-78394.90870179626 10401.35079100776 10401.35079100776 -71149.00942389497
-80634.65278029382 10753.477187602348 10753.477187602348 -72155.35487463059
-77522.58182496537 9765.527461065765 9765.527461065765 -68859.05086846341
-79764.43254455939 10114.716544171006 10114.716544171006 -69906.99838498865
-81032.20374126351 8857.602100274004 8857.602100274004 -69259.4372231114
-82678.01428752304 9206.4040092293 9206.4040092293 -70075.16147154853
-80166.18540876168 8305.688727369761 8305.688727369761 -67319.02105934937
-81829.39016131572 8659.944894760953 8659.944894760953 -68128.38294716619
-82538.54559601509 7203.190967504757 7203.190967504757 -67232.03597487489
-83673.20946804907 7498.83407567643 7498.83407567643 -67797.790366013
-81787.93419673132 6779.224408166765 6779.224408166765 -65695.74579746393
-82933.80998812048 7100.1365037679425 7100.1365037679425 -66247.26360921563
-83150.77845659813 5213.184180844084 5213.184180844084 -65072.599620369896
-83520.09022660085 5444.135481436098 5444.135481436098 -65292.0066187491
-82578.13769787877 5044.571976581477 5044.571976581477 -64043.36793588711
-82942.4536792685 5271.173734517135 5271.173734517135 -64268.73523974226
-82386.46770921956 2751.9760609178747 2751.9760609178747 -62945.98916508036
-81527.49297942217 2859.9437638595055 2859.9437638595055 -62545.81562919143
-82162.53997413136 3016.3525728574205 3016.3525728574205 -62633.530039072786
-81308.65537708373 3122.741514988241 3122.741514988241 -62231.41135653279
-80205.16930551446 207.5848176253715 207.5848176253715 -61393.33877668752
-77684.36628800984 156.8188120346066 156.8188120346066 -60225.63390758669
-80282.2952991392 1032.4996243244232 1032.4996243244232 -61607.12697834048
-77782.84741679252 998.394922887234 998.394922887234 -60438.30292535227
-76042.78250710889 -1807.1084727819803 -1807.1084727819803 -60898.110940445265
-71660.8651607967 -1890.1241309258507 -1890.1241309258507 -59113.857678380096
-76181.88011952119 -378.8464288249198 -378.8464288249198 -61015.351128658695
-71789.03643437919 -449.338774892263 -449.338774892263 -59227.227891016824
-69542.4995583104 -2084.353377780664 -2084.353377780664 -61119.785016770074
-63961.98551734735 -2004.645579902762 -2004.645579902762 -59109.274135439045
-69436.99716647326 -272.4819806501732 -272.4819806501732 -60767.95040394428
-63852.513680067364 -211.85818812130148 -211.85818812130148 -58731.71645411487
-66222.2648344475 11777.117698615442 11777.117698615442 -69598.36057405279
-71312.18070945109 12474.752445392383 12474.752445392383 -71790.21142438782
-65370.3506356892 10866.929892606417 10866.929892606417 -68002.12929473723
-70609.79385658084 11499.334504770959 11499.334504770959 -70149.25136066618
-72613.33799709335 10279.170847785186 10279.170847785186 -68568.7390287915
-75748.69059345296 10626.730122742993 10626.730122742993 -69860.07203714762
-72050.57160417494 9581.3515207366 9581.3515207366 -67037.84812664658
-75217.37000406765 9935.975329047378 9935.975329047378 -68315.2723858736
-76579.3341410753 8631.29797419552 8631.29797419552 -67228.85906887491
-78784.14205475505 8931.393010380169 8931.393010380169 -68150.20639350817
-76061.32873761922 8027.950951482829 8027.950951482829 -65843.88938016407
-78234.22280550048 8313.944750725499 8313.944750725499 -66792.00039534913
-79069.60660204243 6991.002590868975 6991.002590868975 -65763.93405017068
-80636.87417581242 7234.76724321069 7234.76724321069 -66462.37392439423
-78554.36242264158 6529.268434928108 6529.268434928108 -64602.01287385855
-80123.81362154402 6771.042251904228 6771.042251904228 -65310.107328263904
-80526.59905498031 5183.111241037053 5183.111241037053 -64213.22369711306
-81396.43586220434 5394.313598230791 5394.313598230791 -64607.35464890639
-80110.58010820064 4878.978493270804 4878.978493270804 -63390.528838038525
-80986.51159496384 5103.064126670739 5103.064126670739 -63787.49731012933
-80793.23184694885 3158.7253198404524 3158.7253198404524 -62643.72505060267
-80796.95720311994 3262.9289599370877 3262.9289599370877 -62651.16082366469
-80569.1117908681 3144.143163202545 3144.143163202545 -62266.35984980481
-80573.56704702355 3247.3732563479916 3247.3732563479916 -62272.47875368232
-80034.04880486232 1073.568436159969 1073.568436159969 -61363.59939280401
-79003.945476322 1077.423747557683 1077.423747557683 -60863.46356371485
-80013.43495201177 1416.5869327222204 1416.5869327222204 -61391.96633276013
-78986.49356362042 1424.8558270343185 1424.8558270343185 -60890.57482849178
-78053.38034279908 -754.7212596772847 -754.7212596772847 -60638.44872525465
-75876.29294690814 -814.4149927026288 -814.4149927026288 -59693.773175905975
-78163.96111650718 -57.52358975870117 -57.52358975870117 -60798.891029522
-75978.05095767978 -121.46861663209259 -121.46861663209259 -59849.77074014021
-74732.94394024402 -1924.3495156432678 -1924.3495156432678 -60548.548065428935
-71490.99965212736 -1964.1966313305359 -1964.1966313305359 -59245.40681800921
-74804.54065137162 -867.9354777392426 -867.9354777392426 -60549.29251110228
-71555.4377795428 -902.4852911514239 -902.4852911514239 -59238.63576270306
-70113.26925528346 -1647.6968594317289 -1647.6968594317289 -60811.48034644366
-66373.26759562983 -1573.0746613969854 -1573.0746613969854 -59456.70285578732
-69968.23965500463 -425.5856933538909 -425.5856933538909 -60426.6831842578
-66249.44388225068 -355.5642787291092 -355.5642787291092 -59062.39400988016
-64701.762623058974 10144.78469446428 10144.78469446428 -66928.64035392061
-69482.69980601428 10695.372643684648 10695.372643684648 -68843.79116703861
-64211.76333922031 9320.661970330642 9320.661970330642 -65849.64406646715
-69016.14388629625 9780.667655632573 9780.667655632573 -67752.95559775105
-70790.21977958732 8766.39348459064 8766.39348459064 -65771.68079587765
-73800.72494052435 8989.107272627438 8989.107272627438 -66942.82664097966
-70487.17585198142 8074.233250161227 8074.233250161227 -64872.616506781225
-73545.35811116039 8285.830588143624 8285.830588143624 -66025.61964067505
-74671.88135969471 7168.841103942646 7168.841103942646 -64540.885474313625
-76856.54223971338 7350.014843550313 7350.014843550313 -65424.97418088574
-74395.09688964923 6606.793494099049 6606.793494099049 -63753.40917787663
-76586.39106933112 6789.122642822427 6789.122642822427 -64638.39061171308
-77158.08058401669 5498.4951007951095 5498.4951007951095 -63321.50721936124
-78527.99633317481 5620.673025319005 5620.673025319005 -63946.14617364666
-76937.1367705379 5069.950559298759 5069.950559298759 -62747.87550799087
-78301.4901767624 5191.384136095248 5191.384136095248 -63373.29588347731
-78453.61938538401 3688.588438450757 3688.588438450757 -62139.5978623578
-79093.28589456333 3749.899113299164 3749.899113299164 -62459.39815440578
-78307.70862277591 3472.215298973563 3472.215298973563 -61818.63654352575
-78942.85121442174 3534.6721087374117 3534.6721087374117 -62139.870026737175
-78746.84710043519 1852.63316269472 1852.63316269472 -61134.834486619395
-78622.81764557782 1871.3435316776286 1871.3435316776286 -61058.93177085652
-78715.43324262898 1896.8065500378398 1896.8065500378398 -61100.925894866945
-78590.86265485709 1915.4873269177615 1915.4873269177615 -61024.61223338189
-78100.14532307631 178.48686629267345 178.48686629267345 -60457.42209002933
-77197.29826888071 145.3377217035954 145.3377217035954 -60061.17281659559
-78155.37293445607 470.04003111953193 470.04003111953193 -60566.62320121083
-77254.56211447231 437.45061735392267 437.45061735392267 -60170.41406445122
-76527.11634385563 -1158.2772535668637 -1158.2772535668637 -60205.30715596697
-74825.77087099293 -1208.5444091818067 -1208.5444091818067 -59469.253609695705
-76620.19680985143 -609.0955703175483 -609.0955703175483 -60317.80745462835
-74923.20361206839 -653.0811491414768 -653.0811491414768 -59578.840263913145
-74085.91299306373 -1793.0240877584883 -1793.0240877584883 -60305.98233119241
-71770.32733540663 -1803.2169444888655 -1803.2169444888655 -59382.185155088555
-74114.11483610196 -1040.7874942497372 -1040.7874942497372 -60248.63744921948
-71787.95015904043 -1047.5415256992974 -1047.5415256992974 -59321.04672566354
-70917.39973132256 -1288.7859035498045 -1288.7859035498045 -60575.82365771741
-68470.33267018409 -1204.3897099530668 -1204.3897099530668 -59659.16332041329
-70779.01745013482 -485.8579287959564 -485.8579287959564 -60218.054994307924
-68336.63395706662 -403.23234205506196 -403.23234205506196 -59303.76970317522
-63664.45502278588 8601.011825709524 8601.011825709524 -65124.39767279568
-67898.05979549013 8971.282233123235 8971.282233123235 -66758.90251011515
-63314.44283264519 7665.415641420641 7665.415641420641 -64434.51291327806
-67606.55832427916 7994.661686387119 7994.661686387119 -66059.84114310345
-69101.56013790485 7348.0463532445465 7348.0463532445465 -63893.82658761945
-72091.61850958479 7506.862266585214 7506.862266585214 -64982.55177230863
-68932.8429814008 6595.167356427104 6595.167356427104 -63395.81201111776
-71939.48072685537 6741.103495098785 6741.103495098785 -64500.62383815398
-72892.32177766965 5855.354598609732 5855.354598609732 -62755.96573659158
-74962.47556433179 5955.257242721956 5955.257242721956 -63570.02110901828
-72800.30104922446 5304.40121889778 5304.40121889778 -62393.8678039687
-74879.6183321278 5390.958587769851 5390.958587769851 -63224.37730986808
-75287.79237289134 4250.707495566914 4250.707495566914 -61712.60096929697
-76558.95986428257 4286.9716936800405 4286.9716936800405 -62265.09109527991
-75233.31758049343 3863.353154007833 3863.353154007833 -61515.1099371928
-76515.23063310038 3904.8044103051625 3904.8044103051625 -62065.14652597545
-76574.16262028151 2619.5463606678086 2619.5463606678086 -60862.065127713846
-77172.97284155065 2627.6862780366705 2627.6862780366705 -61109.04396173778
-76572.46976761038 2429.2043302972024 2429.2043302972024 -60824.50840225562
-77173.91834524795 2437.6839182870135 2437.6839182870135 -61070.740970943196
-76963.42122843118 1063.5624534870162 1063.5624534870162 -60249.62787331195
-76917.02340408484 1042.1781600589961 1042.1781600589961 -60223.77478483743
-77005.64825119734 1081.8758457449635 1081.8758457449635 -60324.254483742945
-76959.94823653511 1060.5342348646466 1060.5342348646466 -60298.32096754222
-76569.29247263368 -269.20046612337535 -269.20046612337535 -59925.703492773384
-75892.08777321935 -313.1987880211303 -313.1987880211303 -59622.00865673657
-76656.71476910374 -55.38866667561496 -55.38866667561496 -60068.37214539972
-75976.14235208563 -98.69946718932296 -98.69946718932296 -59766.60782782636
-75476.81406347305 -1212.1439203241848 -1212.1439203241848 -59918.25029767842
-74241.44550911589 -1260.4260797823608 -1260.4260797823608 -59383.210887668
-75559.15216581908 -810.9712424448535 -810.9712424448535 -60016.49508307334
-74325.55103331042 -858.5762021243285 -858.5762021243285 -59483.6633249043
-73799.07882749494 -1546.427384496489 -1546.427384496489 -60131.409410806154
-72233.4573141737 -1538.6658289109346 -1538.6658289109346 -59506.80692568723
-73800.1052599387 -1031.1123424410446 -1031.1123424410446 -60066.439772217214
-72225.77089312502 -1022.7102226797475 -1022.7102226797475 -59433.233180207004
-71761.46905506849 -981.5788765883697 -981.5788765883697 -60409.726111924814
-70235.4967216596 -904.628768965061 -904.628768965061 -59810.77983946952
-71625.77655062657 -479.9857212324217 -479.9857212324217 -60076.21727919496
-70101.55099941649 -396.3943674374999 -396.3943674374999 -59483.20559014512
-62911.91692048562 6956.486720637229 6956.486720637229 -63957.537010184424
-66618.05645415306 7180.765381880678 7180.765381880678 -65338.02082743351
-62717.74588160311 6061.867784709539 6061.867784709539 -63544.609260341145
-66481.22645253665 6287.803126950421 6287.803126950421 -64914.177844233986
-67738.72770067485 5989.640824270547 5989.640824270547 -62671.59258007465
-70548.3339631005 6064.53038803267 6064.53038803267 -63687.85660256604
-67668.90478275243 5237.883073835148 5237.883073835148 -62444.11233720158
-70533.52054065882 5340.420725341261 5340.420725341261 -63485.21273553411
-71306.78451158521 4667.271310182123 4667.271310182123 -61611.52509391519
-73293.85744460532 4687.74107628307 4687.74107628307 -62382.46521313398
-71298.45828367786 4095.83734189726 4095.83734189726 -61462.33051083251
-73291.24355279544 4110.482250610976 4110.482250610976 -62227.91546099138
-73614.58023800928 3252.520783565723 3252.520783565723 -60728.67904846835
-74888.73356455441 3241.2327648987102 3241.2327648987102 -61267.196668723045
-73639.7422075962 2859.7404795035345 2859.7404795035345 -60707.388032649695
-74917.0583463473 2847.996690487729 2847.996690487729 -61246.38874811423
-74973.44960074531 1857.3146513180272 1857.3146513180272 -60105.59422741314
-75613.80595977834 1835.635680052087 1835.635680052087 -60366.82659150993
-75026.07894304633 1655.3516312754045 1655.3516312754045 -60179.426092770685
-75668.15115711273 1633.2295212397426 1633.2295212397426 -60441.791681859
-75495.91486430207 596.0268251082468 596.0268251082468 -59724.23874159073
-75582.56102254949 555.3606854544851 555.3606854544851 -59750.456873811534
-75578.08400484968 574.7054320106156 574.7054320106156 -59872.7611372095
-75665.12183425282 534.3243580729795 534.3243580729795 -59899.34842030058
-75413.8826487364 -425.7587040195392 -425.7587040195392 -59617.5561177589
-74970.33265478988 -473.35675702222653 -473.35675702222653 -59429.37651713827
-75502.81349997138 -287.62308287120146 -287.62308287120146 -59773.601026066295
-75058.89365859398 -336.14251770341065 -336.14251770341065 -59585.3118034027
-74760.65187176253 -1092.3389556636337 -1092.3389556636337 -59750.44592140457
-73930.88972667129 -1138.5719236025234 -1138.5719236025234 -59392.18749966225
-74821.51710122003 -821.9865651760962 -821.9865651760962 -59831.98023679108
-73988.62397646766 -865.7123094720548 -865.7123094720548 -59478.73182360357
-73714.9459118195 -1245.3356995263875 -1245.3356995263875 -60012.26384772836
-72736.1966968535 -1238.9224709136947 -1238.9224709136947 -59607.48208736721
-73700.52598986858 -917.560546159802 -917.560546159802 -59947.45707034547
-72717.7017063137 -910.499128070841 -910.499128070841 -59540.458892806964
-72517.42441131362 -720.961681190174 -720.961681190174 -60260.85116142837
-71661.96253083948 -648.7175537112817 -648.7175537112817 -59911.747593905886
-72396.7361459582 -433.70293376406596 -433.70293376406596 -59986.39917536085
-71544.29902151492 -364.6094651411918 -364.6094651411918 -59638.11230331085
-62429.89404204566 5382.745140060666 5382.745140060666 -63204.354207940676
-65698.7415851853 5544.3299281186455 5544.3299281186455 -64399.370481398
-62287.8778077871 4529.105731356078 4529.105731356078 -62962.56006368216
-65614.06312272641 4644.365476975749 4644.365476975749 -64154.280395943846
-66679.36948587823 4621.095648554374 4621.095648554374 -61965.48181679904
-69281.67431456556 4658.52327872008 4658.52327872008 -62908.712018392296
-66611.47713682758 3856.1179982502526 3856.1179982502526 -61832.160915083936
-69273.76007824036 3893.4727052119397 3893.4727052119397 -62787.68680087051
-69975.23573258331 3552.2192540929477 3552.2192540929477 -60926.84726051542
-71901.57352707865 3540.486635503639 3540.486635503639 -61645.66883775094
-69997.87281211838 2974.6520608491546 2974.6520608491546 -60903.7117335195
-71928.85120472666 2963.358714632909 2963.358714632909 -61629.63098454717
-72280.27216519328 2415.1104291282604 2415.1104291282604 -60128.286184466684
-73536.70806237216 2384.9414801138864 2384.9414801138864 -60654.06547320212
-72329.7189426635 2009.9272761431534 2009.9272761431534 -60200.1283988289
-73590.26912525616 1979.3731631235444 1979.3731631235444 -60720.848990350125
-73679.31210432097 1309.9832819285232 1309.9832819285232 -59636.033658465385
-74373.48209155409 1263.0915170800931 1263.0915170800931 -59957.471517372345
-73750.3511667885 1082.4126714088904 1082.4126714088904 -59763.52835730381
-74443.65512183032 1037.5124247782203 1037.5124247782203 -60082.5263815477
-74395.4916918492 332.59687860341194 332.59687860341194 -59424.288621329135
-74593.8605908714 290.7471574406472 290.7471574406472 -59502.263459013695
-74477.56086448692 273.2950152997907 273.2950152997907 -59579.871149592575
-74676.16564245819 231.5275973281574 231.5275973281574 -59657.907547657785
-74553.89283923207 -426.8200039221204 -426.8200039221204 -59439.97569786242
-74335.79712716273 -469.79020393475656 -469.79020393475656 -59345.268516998
-74627.72335215245 -356.7989773124546 -356.7989773124546 -59577.525782803874
-74409.66751816162 -398.84833529141974 -398.84833529141974 -59483.538719499695
-74273.41278949166 -884.9043883675176 -884.9043883675176 -59630.907273980105
-73789.60616449104 -911.7443653920543 -911.7443653920543 -59425.138402785284
-74316.07795383198 -724.9080676404183 -724.9080676404183 -59703.76166522813
-73831.37578560995 -751.2042055060747 -751.2042055060747 -59499.0439000453
-73731.22397354383 -934.3798917870256 -934.3798917870256 -59914.32273504996
-73185.51244237268 -926.0849680058897 -926.0849680058897 -59689.96911873851
-73712.34822813829 -750.1746711332014 -750.1746711332014 -59860.00533927265
-73165.2636163068 -741.9326301282135 -741.9326301282135 -59635.302968719734
-73141.8549561376 -497.8752281229513 -497.8752281229513 -60131.36219460388
-72757.53437583562 -441.0584324417388 -441.0584324417388 -59990.91446883593
-73046.32883433036 -368.2719579567747 -368.2719579567747 -59926.077634253925
-72659.7657760381 -313.87097235859204 -313.87097235859204 -59783.96392949828
-62031.906454653756 3858.028765041253 3858.028765041253 -62762.15034592679
-64969.52320545971 3951.863419656134 3951.863419656134 -63787.8350826415
-61954.73221831961 2976.9477183909735 2976.9477183909735 -62578.11911025851
-64907.22210892205 3058.602439119241 3058.602439119241 -63603.72418231431
-65842.54007257133 3279.415456030615 3279.415456030615 -61491.81658659809
-68356.05915070753 3321.321398118305 3321.321398118305 -62370.839492391664
-65839.09637082495 2523.202850918364 2523.202850918364 -61415.95129913049
-68349.80872448598 2562.810495611885 2562.810495611885 -62307.11307219432
-68966.7848756699 2487.9292072553794 2487.9292072553794 -60527.13858803598
-70880.01968209952 2517.6342552094166 2517.6342552094166 -61184.94645249862
-68985.55899663016 1903.7431921594075 1903.7431921594075 -60521.71114640597
-70898.56755277679 1928.3591777013828 1928.3591777013828 -61175.456842277206
-71264.75925149124 1665.249566251951 1665.249566251951 -59838.344001821875
-72545.44731052626 1653.1648811851096 1653.1648811851096 -60315.774369861756
-71302.44561468392 1255.8758827081697 1255.8758827081697 -59896.48290857834
-72586.29372283457 1243.2775033978128 1243.2775033978128 -60375.21744468228
-72731.80178691905 881.4371916605394 881.4371916605394 -59420.78259261519
-73501.19310731496 853.8722660529236 853.8722660529236 -59722.49077755052
-72789.11595102273 635.8281375240598 635.8281375240598 -59534.86556433778
-73559.34093519373 609.3263786958712 609.3263786958712 -59835.22381698387
-73579.23442180347 188.70781857709238 188.70781857709238 -59293.56706506038
-73894.40082378397 154.34313109352115 154.34313109352115 -59419.36263529656
-73646.93740563339 88.77750169452554 88.77750169452554 -59425.55402758514
-73961.975476163 53.32192084520622 53.32192084520622 -59551.90548704973
-73956.65932495313 -336.4647553656727 -336.4647553656727 -59370.368016179025
-73915.03228312517 -370.12373830000365 -370.12373830000365 -59353.246364074774
-74013.16360239599 -322.11123185290353 -322.11123185290353 -59480.866918960935
-73972.1167288971 -355.85407732563436 -355.85407732563436 -59463.412947724624
-73958.74506274171 -633.2343233338502 -633.2343233338502 -59591.06106050725
-73732.14638561152 -649.1621659564274 -649.1621659564274 -59490.15310092263
-73987.20862039592 -556.7095427453762 -556.7095427453762 -59643.24987669718
-73760.16274518883 -571.4878442242543 -571.4878442242543 -59544.65344271721
-73780.28539498824 -636.400205994204 -636.400205994204 -59856.46491095305
-73538.54547337916 -629.3981120461253 -629.3981120461253 -59760.207003091986
-73762.95485326249 -553.9631590197524 -553.9631590197524 -59819.51459437927
-73522.4626712681 -546.6184100921771 -546.6184100921771 -59723.503686676566
-73604.32725741033 -308.7182606833817 -308.7182606833817 -60041.27830655468
-73552.96612473273 -265.74954535296195 -265.74954535296195 -60017.73123768363
-73533.2427305203 -288.949900842853 -288.949900842853 -59896.1421113562
-73480.77454434993 -246.10715783721378 -246.10715783721378 -59872.14906290932
-61810.93357653963 2332.3266899503496 2332.3266899503496 -62404.83465328055
-64514.29435491888 2407.10094820431 2407.10094820431 -63346.2452247408
-61724.38417859309 1464.5472318400653 1464.5472318400653 -62225.36989743116
-64452.40723468939 1533.2567246206168 1533.2567246206168 -63159.255226624795
-65348.02831334509 1981.0305719535622 1981.0305719535622 -61170.85036946717
-67728.23274532158 2030.9294449175095 2030.9294449175095 -62026.32031183222
-65306.302515106174 1221.1701082562945 1221.1701082562945 -61024.11946323852
-67684.85494725274 1263.6311627320047 1263.6311627320047 -61888.99642981312
-68365.29471187922 1526.908903877509 1526.908903877509 -60279.939714991415
-70210.6585104698 1554.4194752181825 1554.4194752181825 -60919.670589537294
-68357.60991219657 938.0230445239522 938.0230445239522 -60243.95229110637
-70204.38387645151 962.1583527212881 962.1583527212881 -60881.84899496633
-70622.49929188608 1043.484866596415 1043.484866596415 -59633.52678113476
-71900.22015580306 1017.3168228314057 1017.3168228314057 -60155.92402993513
-70640.95674391843 629.6717231905861 629.6717231905861 -59670.028991190025
-71920.48343127285 607.0306386192954 607.0306386192954 -60191.84840019589
-72133.26164358358 543.968059990206 543.968059990206 -59324.298908326906
-72921.16136146901 522.051613978189 522.051613978189 -59642.739289841316
-72161.79166550099 290.3670925287047 290.3670925287047 -59391.15445206208
-72954.41384478204 269.16209231783307 269.16209231783307 -59709.03332355401
-73075.46786904032 120.67278699455885 120.67278699455885 -59232.66823901293
-73463.01390543698 98.42857629723775 98.42857629723775 -59385.88663405603
-73116.25474894178 -4.196747888946176 -4.196747888946176 -59321.15036451751
-73506.03074218107 -27.778092419729553 -27.778092419729553 -59475.153674031346
-73573.04054081798 -199.1154605119652 -199.1154605119652 -59346.008365146954
-73665.37542570378 -222.30105689114183 -222.30105689114183 -59385.302853658584
-73610.04229163013 -229.16427579906795 -229.16427579906795 -59420.32148574787
-73702.44208004893 -252.0244472673213 -252.0244472673213 -59460.048599757334
-73777.84376462508 -370.27191464124274 -370.27191464124274 -59574.18604843865
-73716.62718050757 -379.54277055757507 -379.54277055757507 -59547.426461506584
-73793.77451268886 -350.38556959583764 -350.38556959583764 -59608.09701740288
-73731.86239027197 -359.77576798182713 -359.77576798182713 -59581.6579689056
-73830.59252193056 -356.9683875960593 -356.9683875960593 -59818.58696248606
-73785.15296075182 -354.8393619469376 -354.8393619469376 -59810.60341799493
-73816.37619415409 -342.2886998094875 -342.2886998094875 -59792.45713925882
-73771.67851628675 -339.8547374753439 -339.8547374753439 -59784.123362314735
-73910.3730884741 -151.72876784163304 -151.72876784163304 -59977.68779892996
-74054.00019323919 -124.43115060214214 -124.43115060214214 -60038.54591761418
-73864.42110105802 -199.7361217567825 -199.7361217567825 -59886.84740411572
-74008.96120168762 -172.42112164945553 -172.42112164945553 -59946.92855311923
-61624.266303161574 848.277876300011 848.277876300011 -61991.20462246961
-64383.13045191596 996.0471621079389 996.0471621079389 -62922.08439757497
-61429.99612670392 -64.26673513124521 -64.26673513124521 -61504.171442128565
-64195.516725641144 82.01781813076468 82.01781813076468 -62431.5369223385
-65243.27290188886 827.4838738053592 827.4838738053592 -60915.509106211255
-67463.2740299863 868.0402406042522 868.0402406042522 -61712.17605366315
-65186.560186696566 89.19771287714772 89.19771287714772 -60772.971124264135
-67410.04853875916 131.82092429521268 131.82092429521268 -61570.8423500915
-68112.99813056905 672.9692577861605 672.9692577861605 -60121.17221196652
-69892.41398554225 686.2416058024953 686.2416058024953 -60758.590405423194
-68113.05287442707 98.28092682765804 98.28092682765804 -60097.46295733988
-69889.01915620668 111.0620543623133 111.0620543623133 -60739.000573595906
-70331.73703944769 481.3274996717556 481.3274996717556 -59555.42839976159
-71584.67827045111 459.69631982727975 459.69631982727975 -60084.04937173268
-70326.47628192809 72.03576171201385 72.03576171201385 -59565.66557028758
-71582.02588264614 49.69882978711416 49.69882978711416 -60095.5647763478
-71843.02214247377 264.00978835019373 264.00978835019373 -59296.40719913558
-72651.13234991327 256.5326316879823 256.5326316879823 -59615.61649133451
-71851.17610397871 2.0540035812166684 2.0540035812166684 -59326.54252344319
-72660.96836801154 -3.609383137639723 -3.609383137639723 -59646.55123157576
-72827.47620969334 78.85767899356138 78.85767899356138 -59249.26124828481
-73255.9435915181 76.22075765708934 76.22075765708934 -59412.55035971542
-72843.08297582257 -58.05459599145877 -58.05459599145877 -59283.339423915306
-73272.70465080265 -59.38048315363051 -59.38048315363051 -59445.40415148704
-73403.43395248694 -43.88358388159573 -43.88358388159573 -59351.45555255632
-73557.88757003531 -54.895259004211994 -54.895259004211994 -59426.8885381531
-73416.21055917545 -96.36475722105217 -96.36475722105217 -59382.77709821458
-73571.41024588079 -106.21050247659915 -106.21050247659915 -59458.23560460794
-73689.57319845205 -116.56617018728141 -116.56617018728141 -59577.45265454043
-73718.9987210371 -118.26174859655163 -118.26174859655163 -59586.223579011865
-73695.64038711676 -125.20072165371525 -125.20072165371525 -59589.83001007809
-73723.77286290341 -127.74973774905342 -127.74973774905342 -59599.12714547076
-73856.05328206046 -103.89921758624723 -103.89921758624723 -59793.19783673927
-73906.45533418133 -107.57757813351822 -107.57757813351822 -59825.26190639664
-73850.4679085022 -121.0081701387165 -121.0081701387165 -59784.11732189628
-73901.27255398584 -124.93918401067543 -124.93918401067543 -59816.110715447896
-74046.86410494724 -20.27844917748576 -20.27844917748576 -59930.81786731625
-74284.25118120544 -9.040699658945538 -9.040699658945538 -60026.989978523154
-74031.67595956293 -98.2195748092912 -98.2195748092912 -59901.25506759717
-74269.4434252071 -87.14744418058035 -87.14744418058035 -59997.52815987959
